1 0.006794905290007591 0.07545518378416698 0.029772846028208733 0.08639706174532573 0.042903099209070206 0.10499825080235799 0.04126181825995445 0.13672968745231628 0.03469669073820114 0.1651785671710968 0.018283875659108162 0.19691002368927002 0.010077468119561672 0.2176995873451233 0.001871060929261148 0.21113445361455283 0.0009765625 0.16736694176991782 0.00269170175306499 0.12141106526056926 0.001871060929261148 0.09952730933825175
1 0.04700630158185959 0.08092612028121948 0.059315912425518036 0.07326680918534596 0.07326680421829224 0.05794817705949148 0.08065257221460342 0.04372373720010122 0.0954241082072258 0.04591211676597595 0.10855435580015182 0.05904236932595571 0.11758140474557877 0.07436099648475647 0.13153229653835297 0.09952730933825175 0.13481485843658447 0.11922269066174825 0.1405593454837799 0.1356355051199595 0.1405593454837799 0.1608018179734548 0.12907037138938904 0.18377975622812906 0.11676076799631119 0.1870623230934143 0.09624474495649338 0.1826855738957723 0.08229385316371918 0.16408438483874002 0.06998424232006073 0.14876575271288553 0.05521271005272865 0.1356355051199595 0.05193014815449715 0.109375
1 0.017463235184550285 0.2220763365427653 0.027310924604535103 0.19909838835398355 0.038799893110990524 0.17064950863520303 0.047826942056417465 0.15533088644345602 0.0535714291036129 0.15204831957817078 0.06341911852359772 0.1586134433746338 0.07408744841814041 0.16736694176991782 0.0814732164144516 0.17502625783284506 0.08967962116003036 0.18925070762634277 0.09378282725811005 0.19909838835398355 0.09460346400737762 0.21222863594690958 0.08393513411283493 0.22535890340805054 0.07326680421829224 0.23848915100097656 0.06013655290007591 0.2472426493962606 0.04946822300553322 0.24943101406097412 0.038799893110990524 0.24943101406097412 0.02813156507909298 0.23958333333333334
1 0.1405593454837799 0.006521358465154965 0.17010241746902466 0.0076155463854471845 0.1758469045162201 0.02731092522541682 0.17420561611652374 0.06123074392477671 0.1684611290693283 0.07764355838298798 0.15286895632743835 0.08639706174532573 0.1372767835855484 0.08639706174532573 0.12824973464012146 0.06560749312241872 0.13891807198524475 0.04372373720010122 0.14220063388347626 0.02512254814306895
1 0.1824120283126831 0.002144607870529095 0.1856945902109146 0.024028360843658447 0.1865152269601822 0.04591211676597595 0.19225971400737762 0.052477240562438965 0.20867253839969635 0.04481792946656545 0.21523766219615936 0.02512254814306895 0.2209821492433548 0.0076155463854471845 0.2144170105457306 0.0013020833333333333 0.20210739970207214 0.002144607870529095
1 0.26037290692329407 0.0013020833333333333 0.26447609066963196 0.019651610404253006 0.26119354367256165 0.039346988002459206 0.2587316036224365 0.05904236932595571 0.2652967572212219 0.08311449488004048 0.28581276535987854 0.08420868714650472 0.2907366156578064 0.08420868714650472 0.28909531235694885 0.05904236932595571 0.2866334021091461 0.0360644261042277 0.28581276535987854 0.014180672665437063 0.2874490022659302 0.0013020833333333333 0.2759650647640228 0.0013020833333333333 0.2636554539203644 0.0013020833333333333
1 0.35556721687316895 0.005427171165744464 0.3465401828289032 0.02074579770366351 0.3424369692802429 0.0360644261042277 0.35474658012390137 0.04591211676597595 0.37198004126548767 0.04810049136479696 0.38264837861061096 0.04700630406538645 0.3883928656578064 0.015274859964847565 0.3875722289085388 0.004332983245452245 0.37280067801475525 0.002144607870529095
1 0.1479451209306717 0.10280987620353699 0.16764049232006073 0.09077381094296773 0.1865152269601822 0.09515056014060974 0.200466126203537 0.11812849839528401 0.20128676295280457 0.13891807198524475 0.19390100240707397 0.16408438483874002 0.1865152269601822 0.17830882469813028 0.16435793042182922 0.16627275943756104 0.15533088147640228 0.16189601023991904 0.14712446928024292 0.1356355051199595 0.1438419073820114 0.11265756686528523
1 0.11101628094911575 0.20019257068634033 0.12824973464012146 0.19581582148869833 0.14137998223304749 0.18049718936284384 0.15040703117847443 0.17174369096755981 0.1684611290693283 0.18159139156341553 0.18077073991298676 0.1870623230934143 0.18815651535987854 0.19909838835398355 0.1897977888584137 0.21222863594690958 0.18077073991298676 0.21879376967748007 0.1651785671710968 0.21551120281219482 0.14712446928024292 0.21004027128219604 0.1307116597890854 0.21004027128219604 0.11758140474557877 0.21113445361455283 0.11019564419984818 0.21113445361455283
1 0.09624474495649338 0.2220763365427653 0.11758140474557877 0.22317051887512207 0.14712446928024292 0.22535890340805054 0.16764049232006073 0.23411240180333456 0.17995010316371918 0.2516193985939026 0.1897977888584137 0.2669380307197571 0.20621061325073242 0.27897409598032635 0.2176995724439621 0.2866334120432536 0.21852022409439087 0.3085171580314636 0.20949317514896393 0.32821253935496014 0.19554227590560913 0.34571953614552814 0.17830882966518402 0.3577556212743123 0.16435793042182922 0.3719800313313802 0.14466255903244019 0.381827712059021 0.14137998223304749 0.3971463441848755 0.1339942216873169 0.41355915864308673 0.1200433298945427 0.4234068791071574 0.09706538915634155 0.4201242923736572 0.08639705926179886 0.4058998425801595 0.07654936611652374 0.37963934739430744 0.0642397552728653 0.3413428068161011 0.05849527195096016 0.32164740562438965 0.04946822300553322 0.2866334120432536 0.05193014815449715 0.26256128152211505 0.06834296137094498 0.25380776325861615 0.08393513411283493 0.2406775156656901 0.0921415463089943 0.23301819960276285
1 0.33176863193511963 0.29319852590560913 0.3572085201740265 0.2986694773038228 0.38264837861061096 0.3096113403638204 0.3949579894542694 0.3227415879567464 0.40398502349853516 0.3446253538131714 0.4031643867492676 0.3719800313313802 0.4064469635486603 0.39495797952016193 0.408908873796463 0.41355915864308673 0.4031643867492676 0.42997197310129803 0.3875722289085388 0.4266894261042277 0.36951813101768494 0.4069940646489461 0.3539259433746338 0.38073352972666424 0.3457195460796356 0.3676033020019531 0.32684481143951416 0.3566613992055257 0.317817747592926 0.35556721687316895 0.3038668632507324 0.33040090401967365 0.30961135029792786 0.31836483875910443 0.3227415978908539 0.3052345911661784
1 0.3358718454837799 0.26912639538447064 0.3670561909675598 0.2581845323244731 0.3769038915634155 0.25709033012390137 0.38264837861061096 0.2735031445821126 0.40070247650146484 0.2866334120432536 0.4171152710914612 0.2953869104385376 0.43599003553390503 0.29648109277089435 0.45322346687316895 0.2942927082379659 0.45568540692329407 0.30632877349853516 0.4548647701740265 0.32492997248967487 0.4474789798259735 0.34024858474731445 0.43516936898231506 0.3500963052113851 0.4236803948879242 0.3544730345408122 0.4130120873451233 0.33149510622024536 0.4015231132507324 0.3150822917620341 0.3883928656578064 0.3041404088338216 0.3711594045162201 0.2921043435732524 0.3506433963775635 0.28772759437561035 0.3284860849380493 0.28772759437561035 0.32684481143951416 0.27897409598032635
1 0.3186383843421936 0.08202030758062999 0.33423057198524475 0.06451330582300822 0.3465401828289032 0.05904236932595571 0.36623555421829224 0.05794817705949148 0.3851102888584137 0.05794817705949148 0.3883928656578064 0.06889005502065022 0.3842896521091461 0.08420868714650472 0.3703387677669525 0.0896796186765035 0.35146403312683105 0.09296218554178874 0.3358718454837799 0.09733893473943074 0.3211003243923187 0.10062150160471599 0.3186383843421936 0.09515056014060974
1 0.29566046595573425 0.003238795635600885 0.2948397994041443 0.021839986244837444 0.2948397994041443 0.038252800703048706 0.29894301295280457 0.05904236932595571 0.3014049232006073 0.08202030758062999 0.31289389729499817 0.07107842961947124 0.32356223464012146 0.05904236932595571 0.3293067216873169 0.051383053263028465 0.33094799518585205 0.02512254814306895 0.32356223464012146 0.008709733684857687 0.317817747592926 0.002144607870529095 0.3038668632507324 0.002144607870529095
1 0.2283679097890854 0.13235293825467428 0.24231880903244019 0.10828080773353577 0.25462841987609863 0.09952730933825175 0.2693999409675598 0.09077381094296773 0.2940191626548767 0.09515056014060974 0.3079700767993927 0.09515056014060974 0.31371453404426575 0.10828080773353577 0.311252623796463 0.1312587559223175 0.30961135029792786 0.14548319578170776 0.30304622650146484 0.15642506877581278 0.29976364970207214 0.17393207550048828 0.29237788915634155 0.18159139156341553 0.27514442801475525 0.1914390722910563 0.2562696933746338 0.20019257068634033 0.2382155954837799 0.20894606908162436 0.22344405949115753 0.2133228381474813 0.21277573704719543 0.2176995873451233 0.20210739970207214 0.21113445361455283 0.19390100240707397 0.1980042060216268 0.19554227590560913 0.17830882469813028 0.20292805135250092 0.1586134433746338 0.20949317514896393 0.13782387971878052 0.21605829894542694 0.1312587559223175
1 0.39741989970207214 0.006521358465154965 0.4130120873451233 0.004332983245452245 0.4450170695781708 0.0076155463854471845 0.4655330777168274 0.0076155463854471845 0.48440781235694885 0.0076155463854471845 0.4786633551120758 0.02840511252482732 0.4712775647640228 0.04810049136479696 0.44912028312683105 0.05028886596361796 0.4400932192802429 0.06013655662536621 0.4310661852359772 0.06341911852359772 0.408908873796463 0.06013655662536621 0.39741989970207214 0.05904236932595571 0.3924960494041443 0.04591211676597595 0.39331671595573425 0.024028360843658447
1 0.5008206367492676 0.008709733684857687 0.5229779481887817 0.006521358465154965 0.5426732897758484 0.010898109525442123 0.5582655072212219 0.016369047264258068 0.5681132078170776 0.024028360843658447 0.584526002407074 0.03278186172246933 0.5960149765014648 0.04481792946656545 0.5935530662536621 0.06341911852359772 0.5812434554100037 0.08202030758062999 0.5607274174690247 0.09952730933825175 0.5475971698760986 0.111563374598821 0.5196954011917114 0.10390405853589375 0.5049238204956055 0.10062150160471599 0.4926142394542694 0.0853028694788615 0.4827665388584137 0.06670168042182922 0.48112526535987854 0.05685398976008097 0.4827665388584137 0.0360644261042277 0.4893316626548767 0.02074579770366351
1 0.3916754126548767 0.09296218554178874 0.39988183975219727 0.07545518378416698 0.408908873796463 0.06779586772123973 0.4195772111415863 0.06779586772123973 0.4335280954837799 0.07326680918534596 0.4400932192802429 0.0896796186765035 0.44255515933036804 0.10062150160471599 0.4277836084365845 0.11265756686528523 0.4171152710914612 0.11812849839528401 0.40726760029792786 0.12359943985939026 0.4031643867492676 0.12031687299410503 0.39741989970207214 0.10280987620353699
1 0.4121914505958557 0.13235293825467428 0.4121914505958557 0.14657737811406454 0.4195772111415863 0.153142511844635 0.43845194578170776 0.17064950863520303 0.44583770632743835 0.17830882469813028 0.4581473171710968 0.17940300703048706 0.4745601415634155 0.17174369096755981 0.48112526535987854 0.16627275943756104 0.47291886806488037 0.13891807198524475 0.46717438101768494 0.12578781445821127 0.4573266804218292 0.11594012379646301 0.4515821933746338 0.11265756686528523 0.43845194578170776 0.11375174919764201 0.43188682198524475 0.12250524759292603 0.42121848464012146 0.12797618905703226
1 0.4515821933746338 0.19472163915634155 0.4688156545162201 0.18159139156341553 0.486869752407074 0.1761204401652018 0.5 0.17393207550048828 0.5123096108436584 0.18487395842870077 0.5377494692802429 0.1980042060216268 0.5443146228790283 0.2133228381474813 0.5426732897758484 0.23520658413569132 0.5385701060295105 0.25927871465682983 0.5328256487846375 0.27897409598032635 0.5279017686843872 0.2953869104385376 0.5270811319351196 0.3096113403638204 0.5254398584365845 0.31617647409439087 0.507385790348053 0.3052345911661784 0.49753808975219727 0.29319852590560913 0.4794839918613434 0.2833508451779683 0.46635371446609497 0.27897409598032635 0.4548647701740265 0.25709033012390137 0.4515821933746338 0.23520658413569132 0.44912028312683105 0.21113445361455283
1 0.5566242337226868 0.21551120281219482 0.5697544813156128 0.20785188674926758 0.5787814855575562 0.2133228381474813 0.5894498229026794 0.23301819960276285 0.6017594337463379 0.25271358092625934 0.6116071343421936 0.2702205975850423 0.6173516511917114 0.2899159590403239 0.623916745185852 0.3052345911661784 0.6165310144424438 0.3238357901573181 0.5960149765014648 0.33149510622024536 0.5828847289085388 0.3358718554178874 0.577140212059021 0.3446253538131714 0.5664718747138977 0.3566613992055257 0.550879716873169 0.3500963052113851 0.5393907427787781 0.34024858474731445 0.5328256487846375 0.3293067216873169 0.5328256487846375 0.31289390722910565 0.5352875590324402 0.2942927082379659 0.5410320162773132 0.27787989377975464 0.5451352596282959 0.2614670793215434 0.550879716873169 0.24286590019861856 0.550879716873169 0.22645308574040732
1 0.5656512379646301 0.111563374598821 0.5878085494041443 0.11594012379646301 0.6001181602478027 0.11812849839528401 0.6083245873451233 0.12578781445821127 0.6025800704956055 0.13672968745231628 0.5951943397521973 0.14767157038052878 0.5812434554100037 0.14657737811406454 0.5656512379646301 0.14001225431760153 0.5549829602241516 0.13672968745231628 0.5541622638702393 0.12797618905703226
1 0.674796462059021 0.05028886596361796 0.7002363204956055 0.051383053263028465 0.7092633843421936 0.05466561516125997 0.721572995185852 0.06123074392477671 0.7355238795280457 0.07217261691888173 0.7396271228790283 0.10609243313471477 0.7371651530265808 0.13235293825467428 0.7355238795280457 0.1651785671710968 0.7347032427787781 0.18377975622812906 0.7264968752861023 0.19691002368927002 0.715828537940979 0.20347513755162558 0.7059808373451233 0.20456931988398233 0.689568042755127 0.17940300703048706 0.6780790686607361 0.1684611439704895 0.661666214466095 0.15533088644345602 0.6575630307197571 0.1312587559223175 0.6542804837226868 0.11812849839528401 0.6534598469734192 0.09624475240707397 0.6608455777168274 0.07107842961947124 0.6665900945663452 0.05685398976008097
1 0.4146439731121063 0.43634700775146484 0.42209863662719727 0.4194497267405192 0.43775346875190735 0.41447997093200684 0.4571356177330017 0.41547393798828125 0.4735358953475952 0.42143766085306805 0.4735358953475952 0.43734097480773926 0.46384483575820923 0.45324428876241046 0.44744452834129333 0.4681536356608073 0.43253517150878906 0.47411735852559406 0.42135316133499146 0.46417780717213947 0.41613489389419556 0.4492684602737427
1 0.3818433880805969 0.4452926317850749 0.4012255370616913 0.4452926317850749 0.40644383430480957 0.45423821608225506 0.41538941860198975 0.4651717742284139 0.42731690406799316 0.4780931870142619 0.43178972601890564 0.49200860659281415 0.43104425072669983 0.5039360523223877 0.42209863662719727 0.5158635377883911 0.4086802303791046 0.5158635377883911 0.4034619629383087 0.5118877092997233 0.40048009157180786 0.5009541908899943 0.38333433866500854 0.49598439534505206 0.37215232849121094 0.4949904680252075 0.3803524672985077 0.4790871540705363 0.3796069920063019 0.46318384011586505 0.3751341700553894 0.4562261501948039
1 0.255859375 0.4790871540705363 0.2782233953475952 0.46318384011586505 0.2946237027645111 0.4393288691838582 0.30133289098739624 0.4274013837178548 0.309533029794693 0.4134860038757324 0.31326037645339966 0.41050414244333905 0.32369691133499146 0.41547393798828125 0.33413347601890564 0.4293893178304036 0.3356243968009949 0.4442986647288005 0.33487892150878906 0.4651717742284139 0.3356243968009949 0.4830629825592041 0.3371153473854065 0.5009541908899943 0.32966065406799316 0.5168575048446655 0.3154967725276947 0.5297789573669434 0.30878758430480957 0.5427003701527914 0.299841970205307 0.5317668517430624 0.28567808866500854 0.5108937819798788 0.27524152398109436 0.4939965009689331 0.2655504643917084 0.48505087693532306
1 0.35500654578208923 0.6132713158925375 0.3632067143917084 0.5824586550394694 0.36618858575820923 0.5665553410847982 0.3818433880805969 0.5446883042653402 0.3960072696208954 0.5258031288782755 0.4012255370616913 0.5228212277094523 0.41538941860198975 0.5248091618220011 0.428062379360199 0.5228212277094523 0.4355170428752899 0.5128816763559977 0.4407353401184082 0.5357426802317301 0.44968095421791077 0.561585545539856 0.45266279578208923 0.5834526220957438 0.4459536075592041 0.6053196589152018 0.44222626090049744 0.6222169399261475 0.43178972601890564 0.641102115313212 0.4228441119194031 0.6500476996103922 0.4079347550868988 0.6490537722905477 0.3907890021800995 0.6291746298472086 0.3758796453475952 0.6232108672459921
1 0.4630993604660034 0.5884223779042562 0.4735358953475952 0.5874284505844116 0.48173603415489197 0.5933921734491984 0.4936635196208954 0.6182411114374796 0.507081925868988 0.6381202141443888 0.5123001933097839 0.6550174951553345 0.5115547180175781 0.6709207693735758 0.5093183517456055 0.6888120174407959 0.4929180443286896 0.7007395426432291 0.48099058866500854 0.7166427771250407 0.4683176279067993 0.7245944341023763 0.45415374636650085 0.7236005465189616 0.4362625181674957 0.7126669883728027 0.4235895872116089 0.684836228688558 0.4228441119194031 0.6659510135650635 0.4332806468009949 0.6550174951553345 0.4414807856082916 0.6420960426330566 0.44968095421791077 0.6232108672459921 0.45266279578208923 0.6063136259714762 0.4556446671485901 0.5953801075617472
1 0.43849891424179077 0.48505087693532306 0.45266279578208923 0.47511132558186847 0.4675721526145935 0.4602019786834717 0.48695433139801025 0.45125635464986164 0.4988817870616913 0.45920801162719727 0.5197548866271973 0.47411735852559406 0.5339187979698181 0.4810750484466553 0.5383915901184082 0.4860448439915975 0.5413734316825867 0.50890584786733 0.5413734316825867 0.5327608187993368 0.5413734316825867 0.5446883042653402 0.539137065410614 0.561585545539856 0.525718629360199 0.5715251366297404 0.507081925868988 0.5715251366297404 0.49664539098739624 0.570531169573466 0.4832269847393036 0.5764948924382528 0.472044974565506 0.5764948924382528 0.46011748909950256 0.5745069980621338 0.4563901424407959 0.5526399612426758 0.44819000363349915 0.5327608187993368 0.44297173619270325 0.5128816763559977 0.4399898648262024 0.5009541908899943
1 0.8030325770378113 0.024848918120066326 0.8380695581436157 0.03280057261387507 0.855215311050415 0.0487038791179657 0.864906370639801 0.06957697371641795 0.8813066482543945 0.07255884011586507 0.8984524011611938 0.06758905947208405 0.9215618968009949 0.07156488796075185 0.9387076497077942 0.08448632558186848 0.9551079273223877 0.07951653997103374 0.9670354127883911 0.06261927386124928 0.9700173139572144 0.04274014135201772 0.9692718386650085 0.01391539474328359 0.9595807194709778 0.0013020833333333333 0.9237983226776123 0.0019879134682317576 0.8440333008766174 0.0013020833333333333 0.8239056468009949 0.0029818701247374215 0.8171964287757874 0.0019879134682317576 0.808996319770813 0.009939567496379217
1 0.7605409026145935 0.09243797262509663 0.7739593386650085 0.07454675436019897 0.7881231904029846 0.05566157897313436 0.7970688343048096 0.04174618422985077 0.7993052005767822 0.034788486858208977 0.8171964287757874 0.03777035574118296 0.8350876569747925 0.04373409847418467 0.8485060930252075 0.05267970760663351 0.8559607863426208 0.06361323098341624 0.864906370639801 0.07554071148236592 0.864906370639801 0.08349236845970154 0.8559607863426208 0.10038962960243225 0.8432878255844116 0.11331107219060262 0.8343421816825867 0.12026876211166382 0.8224146962165833 0.1272264619668325 0.8022871017456055 0.12623250484466553 0.7843958735466003 0.12325063347816467 0.7776866555213928 0.12026876211166382 0.776941180229187 0.1033715009689331 0.7702319622039795 0.0974077582359314
1 0.8760883808135986 0.07951653997103374 0.8909977078437805 0.08150445421536763 0.9006888270378113 0.07852258284886678 0.9178345799446106 0.07752862572669983 0.9282711148262024 0.08349236845970154 0.9305075407028198 0.09144401550292969 0.9252892136573792 0.10635337233543396 0.9223073720932007 0.11828084786732991 0.9170891046524048 0.13120229045550028 0.9059070944786072 0.13120229045550028 0.8969614505767822 0.12225667635599773 0.8872703909873962 0.11231711506843567 0.874597430229187 0.1033715009689331 0.8596881031990051 0.10436545809110005 0.8693791627883911 0.0934319297472636
1 0.9752355813980103 0.0029818701247374215 0.9938722848892212 0.003975826936463515 0.9990234375 0.004957004139820735 0.9990234375 0.05566157897313436 0.990890383720398 0.061625316739082336 0.981199324131012 0.05665553609530131 0.9767265319824219 0.04174618422985077 0.9767265319824219 0.02783078948656718 0.9752355813980103 0.012921437621116638
1 0.9513806104660034 0.09442588686943054 0.9633080959320068 0.08150445421536763 0.9700173139572144 0.07255884011586507 0.9804538488388062 0.0665951023499171 0.9938722848892212 0.06957697371641795 0.9990234375 0.07327525814374287 0.9990234375 0.0993956724802653 0.9990234375 0.12523854772249857 0.9990234375 0.15704516569773355 0.9990234375 0.16201495130856833 0.9923813343048096 0.1461116373538971 0.9737446308135986 0.1441237231095632 0.9633080959320068 0.13617207606633505 0.9588353037834167 0.12325063347816467 0.9588353037834167 0.11032920082410176
1 0.7255039215087891 0.21071883042653403 0.7359404563903809 0.20475508769353232 0.7530862092971802 0.20773696899414062 0.7612863779067993 0.21270674467086792 0.7806685566902161 0.2087309161822001 0.7896141409873962 0.20773696899414062 0.7933414578437805 0.2146946589152018 0.808996319770813 0.22364026308059692 0.8224146962165833 0.22562817732493082 0.8350876569747925 0.22463423013687134 0.841796875 0.23457378149032593 0.841796875 0.24948314825693765 0.8306148648262024 0.26737435658772785 0.8127236366271973 0.2832776705423991 0.8022871017456055 0.2981870174407959 0.790359616279602 0.3130963643391927 0.776941180229187 0.32204198837280273 0.7597954273223877 0.32303593556086224 0.7433951497077942 0.32303593556086224 0.7322131395339966 0.3250238498051961 0.7217766046524048 0.3250238498051961 0.7135764360427856 0.3200540741284688 0.7098491191864014 0.2922232747077942 0.7098491191864014 0.2763199806213379 0.7165583372116089 0.2643924951553345 0.7217766046524048 0.2643924951553345 0.7277403473854065 0.24153149127960205 0.7255039215087891 0.22761609156926474
1 0.6300840973854065 0.32999364535013836 0.6457388997077942 0.32800573110580444 0.6643756031990051 0.32303593556086224 0.6807758808135986 0.32204198837280273 0.6949397921562195 0.3150842785835266 0.7031399011611938 0.3091205557187398 0.7053763270378113 0.3309875925381978 0.7128309607505798 0.34887882073720294 0.7128309607505798 0.35881837209065753 0.7076126933097839 0.3757156531016032 0.6971761584281921 0.38167937596638996 0.6748121380805969 0.3975826899210612 0.6591573357582092 0.3936068614323934 0.6487208008766174 0.3876431385676066 0.6375387907028198 0.379691481590271 0.6241203546524048 0.3747216860453288 0.6203930377960205 0.37074585755666095 0.6263567805290222 0.35484254360198975
1 0.4832269847393036 0.4194497267405192 0.49664539098739624 0.4184557994206746 0.5115547180175781 0.42044369379679364 0.5234822034835815 0.42044369379679364 0.5376461148262024 0.41447997093200684 0.5495736002922058 0.41149810949961346 0.5600101351737976 0.4244195222854614 0.5697011947631836 0.43038328488667804 0.5808832049369812 0.4393288691838582 0.5749194622039795 0.4492684602737427 0.5644829273223877 0.45821404457092285 0.5562828183174133 0.4671596686045329 0.5436098575592041 0.4711354970932007 0.5309368968009949 0.47014153003692627 0.5190094113349915 0.46417780717213947 0.5055910348892212 0.4572201172510783 0.4929180443286896 0.4502623875935872 0.4832269847393036 0.44628655910491943 0.48024511337280273 0.43237117926279706
1 0.1962219774723053 0.45125635464986164 0.1902582347393036 0.46914756298065186 0.19696743786334991 0.4890267054239909 0.20516757667064667 0.5079118808110555 0.21336773037910461 0.5267970561981201 0.22156786918640137 0.528784990310669 0.23051348328590393 0.5317668517430624 0.23200441896915436 0.5108937819798788 0.23796814680099487 0.4930025339126587 0.22156786918640137 0.4721294641494751
1 0.23051348328590393 0.5417064428329468 0.24169549345970154 0.539718508720398 0.2498956322669983 0.5546278556187948 0.2610776424407959 0.5715251366297404 0.2707687318325043 0.5725191036860148 0.2834416627883911 0.5695372025171915 0.29611462354660034 0.5755009651184082 0.30133289098739624 0.5894163449605306 0.30058741569519043 0.603331724802653 0.29611462354660034 0.6202290058135986 0.2886599600315094 0.6371262868245443 0.2819507420063019 0.6490537722905477 0.2722596526145935 0.6599872907002767 0.25958672165870667 0.6659510135650635 0.245422825217247 0.6649570465087891 0.22976800799369812 0.6560114622116089 0.21933145821094513 0.6510416666666666 0.20889492332935333 0.6420960426330566 0.2021857053041458 0.6222169399261475 0.20069476962089539 0.6053196589152018 0.2074039876461029 0.5854405164718628 0.22082239389419556 0.568543275197347 0.22976800799369812 0.5526399612426758
1 0.1790762096643448 0.6073075532913208 0.18802182376384735 0.6142652829488119 0.1962219774723053 0.6311625242233276 0.19920383393764496 0.643090009689331 0.19473104178905487 0.652035633722941 0.18727636337280273 0.6540235280990601 0.17833074927330017 0.6351383527119955 0.17758528888225555 0.6172471443812052
1 0.0009765625 0.3309875925381978 0.012091483920812607 0.3468908866246541 0.0225280299782753 0.35981233914693195 0.031473640352487564 0.379691481590271 0.03445551171898842 0.40951017538706463 0.04041925072669983 0.4274013837178548 0.04638298973441124 0.44330469767252606 0.0441465899348259 0.4572201172510783 0.03296457603573799 0.46914756298065186 0.021037094295024872 0.4661657015482585 0.0038913406897336245 0.4651717742284139 0.0009765625 0.43922948837280273 0.0009765625 0.41149810949961346 0.0016549379797652364 0.3747216860453288 0.0009765625 0.3468908866246541
1 0.004636808298528194 0.4770992199579875 0.029237236827611923 0.48008112112681073 0.04638298973441124 0.4880327781041463 0.05681953579187393 0.4939965009689331 0.06352874636650085 0.5059239864349365 0.053837668150663376 0.5277910232543945 0.04116471856832504 0.5407124757766724 0.027746303007006645 0.5536338885625204 0.015818821266293526 0.5695372025171915 0.005382275674492121 0.5804707209269205 0.0024004054721444845 0.568543275197347 0.0009765625 0.5357426802317301 0.0009765625 0.5098998149236044 0.0016549379797652364 0.49101463953653973
1 0.08962011337280273 0.43336514631907147 0.0821654349565506 0.4572201172510783 0.07321982085704803 0.4711354970932007 0.061292342841625214 0.4860448439915975 0.06874702125787735 0.4989662965138753 0.08291090279817581 0.5069179534912109 0.09632931649684906 0.519839366277059 0.10825680196285248 0.5347487131754557 0.11794787645339966 0.5486641327540079 0.12838442623615265 0.5417064428329468 0.14403924345970154 0.5297789573669434 0.15074844658374786 0.5208333333333334 0.1529848575592041 0.5118877092997233 0.147766575217247 0.4979723294576009 0.14925751090049744 0.4790871540705363 0.158203125 0.4611959457397461 0.16118499636650085 0.4552321831385295 0.16267593204975128 0.44728052616119385 0.1522393822669983 0.4343591133753459 0.1470211148262024 0.4174618323644002 0.1373300403356552 0.42044369379679364 0.1261480152606964 0.4283953507741292 0.11198413372039795 0.43038328488667804 0.10080212354660034 0.43038328488667804
1 0.5786468386650085 0.4602019786834717 0.5987744331359863 0.47411735852559406 0.6114473938941956 0.4890267054239909 0.6241203546524048 0.5029421250025431 0.6211384534835815 0.5258031288782755 0.6218839287757874 0.5496580600738525 0.6241203546524048 0.5774888594945272 0.6203930377960205 0.6043256918589274 0.6054836511611938 0.5993558963139852 0.5883378982543945 0.5824586550394694 0.5704466700553894 0.5725191036860148 0.5525554418563843 0.5655613740285238 0.5458462834358215 0.5586036841074625 0.5465916991233826 0.539718508720398 0.5473371744155884 0.5079118808110555 0.5436098575592041 0.48505087693532306 0.5503190755844116 0.4770992199579875 0.5615010857582092 0.4711354970932007
1 0.5205003619194031 0.32800573110580444 0.5115547180175781 0.33198155959447223 0.5093183517456055 0.34291505813598633 0.5190094113349915 0.3518606821695964 0.5436098575592041 0.3677639961242676 0.5555373430252075 0.37770354747772217 0.5659738779067993 0.3846612771352132 0.5704466700553894 0.379691481590271 0.5682103037834167 0.368757963180542 0.5577737092971802 0.3627942005793254 0.5480826497077942 0.3528546492258708 0.5324278473854065 0.34092716375986737 0.5279550552368164 0.3309875925381978
1 0.7225220799446106 0.33794530232747394 0.7463770508766174 0.3369513352711995 0.7747048139572144 0.3309875925381978 0.7933414578437805 0.32899967829386395 0.8075053691864014 0.35086671511332196 0.8104872107505798 0.38267334302266437 0.8112326860427856 0.4085162083307902 0.8119781613349915 0.4244195222854614 0.818687379360199 0.4502623875935872 0.8209238052368164 0.47312339146931964 0.8276329636573792 0.5039360523223877 0.8313603401184082 0.5267970561981201 0.8142145872116089 0.5128816763559977 0.795577883720398 0.49598439534505206 0.7791776061058044 0.47312339146931964 0.7605409026145935 0.45324428876241046 0.753831684589386 0.4283953507741292 0.7411587834358215 0.4134860038757324 0.7277403473854065 0.3955947955449422 0.7217766046524048 0.3757156531016032 0.7195401787757874 0.36080630620320636 0.7195401787757874 0.34887882073720294
1 0.6733211874961853 0.4562261501948039 0.6904669404029846 0.44628655910491943 0.7150673866271973 0.44628655910491943 0.7337040901184082 0.4492684602737427 0.7448861002922058 0.45324428876241046 0.7545771598815918 0.45920801162719727 0.7709774374961853 0.47411735852559406 0.7821594476699829 0.4880327781041463 0.7948324084281921 0.50890584786733 0.7963233590126038 0.5158635377883911 0.7866322994232178 0.5277910232543945 0.7747048139572144 0.5277910232543945 0.7612863779067993 0.5267970561981201 0.7478679418563843 0.5248091618220011 0.7165583372116089 0.519839366277059 0.7076126933097839 0.5138756434122721 0.6949397921562195 0.5098998149236044 0.6837577819824219 0.5029421250025431 0.6763030886650085 0.4939965009689331 0.6718302965164185 0.4790871540705363
1 0.6315750479698181 0.5118877092997233 0.6472298502922058 0.5079118808110555 0.6621391773223877 0.5009541908899943 0.6740666627883911 0.5118877092997233 0.6718302965164185 0.5267970561981201 0.6688483953475952 0.5546278556187948 0.6673574447631836 0.5844465494155884 0.6666119694709778 0.5983619689941406 0.6643756031990051 0.6162531773249308 0.6397751569747925 0.610289454460144 0.6285931468009949 0.6083015203475952 0.6285931468009949 0.5824586550394694 0.6293386220932007 0.5605916182200114 0.6300840973854065 0.5357426802317301
1 0.7993052005767822 0.31806615988413495 0.8127236366271973 0.3001749316851298 0.8231601715087891 0.2842716375986735 0.8388150334358215 0.26936227083206177 0.8499970436096191 0.26141061385472614 0.8589426279067993 0.26936227083206177 0.8611790537834167 0.2892414132754008 0.8596881031990051 0.3091205557187398 0.8477606177330017 0.3190601070721944 0.8335967063903809 0.32999364535013836 0.8112326860427856 0.34490299224853516 0.8015416264533997 0.33496344089508057
1 0.8179419040679932 0.35583651065826416 0.8358331322669983 0.33993319670359295 0.8581971526145935 0.32800573110580444 0.8798156976699829 0.32303593556086224 0.8902522921562195 0.32899967829386395 0.906652569770813 0.34390902519226074 0.9118708372116089 0.34887882073720294 0.9178345799446106 0.36577606201171875 0.8999433517456055 0.3757156531016032 0.8939796090126038 0.3846612771352132 0.8917431831359863 0.4194497267405192 0.8939796090126038 0.46417780717213947 0.8991978764533997 0.4979723294576009 0.9051616191864014 0.5277910232543945 0.9103798866271973 0.5516459941864014 0.8909977078437805 0.5536338885625204 0.874597430229187 0.5466761986414591 0.8507424592971802 0.539718508720398 0.8403059244155884 0.5347487131754557 0.8365786075592041 0.5168575048446655 0.8306148648262024 0.48008112112681073 0.8268875479698181 0.4552321831385295 0.8209238052368164 0.43336514631907147 0.8164509534835815 0.4085162083307902 0.8164509534835815 0.3936068614323934 0.8157055377960205 0.3767096201578776
1 0.9215618968009949 0.35484254360198975 0.9364712834358215 0.36577606201171875 0.9454168677330017 0.3747216860453288 0.9588353037834167 0.3955947955449422 0.9789628982543945 0.4184557994206746 0.981199324131012 0.43833494186401367 0.9879085421562195 0.4562261501948039 0.995363175868988 0.47014153003692627 0.9901449084281921 0.47411735852559406 0.9692718386650085 0.4840569496154785 0.9647990465164185 0.49101463953653973 0.9506351351737976 0.5228212277094523 0.9454168677330017 0.5337547858556112 0.9319984316825867 0.5496580600738525 0.9178345799446106 0.5476701656977335 0.9103798866271973 0.5168575048446655 0.906652569770813 0.4900206724802653 0.9044161438941956 0.4661657015482585 0.8962160348892212 0.43833494186401367 0.897706925868988 0.4134860038757324 0.8999433517456055 0.3955947955449422 0.9021797180175781 0.3866491715113322 0.9059070944786072 0.38167937596638996 0.9148526787757874 0.379691481590271 0.9237983226776123 0.3757156531016032 0.9267801642417908 0.368757963180542
1 0.6740666627883911 0.6053196589152018 0.6852486729621887 0.5943861405054728 0.7143219113349915 0.5953801075617472 0.7225220799446106 0.592398206392924 0.7411587834358215 0.5894163449605306 0.7508498430252075 0.5824586550394694 0.7605409026145935 0.5764948924382528 0.7747048139572144 0.5874284505844116 0.785886824131012 0.5993558963139852 0.7963233590126038 0.6083015203475952 0.7896141409873962 0.6202290058135986 0.7888686656951904 0.641102115313212 0.7918505668640137 0.6560114622116089 0.7918505668640137 0.6659510135650635 0.7814140319824219 0.6838422616322836 0.7732138633728027 0.6927878856658936 0.7568135857582092 0.7017334302266439 0.7433951497077942 0.684836228688558 0.7277403473854065 0.6699268817901611 0.7143219113349915 0.66296915213267 0.6964306831359863 0.6579993565877279 0.6815213561058044 0.6560114622116089 0.6733211874961853 0.6460718711217245 0.6703393459320068 0.6331504583358765 0.6710848212242126 0.621222972869873
1 0.6770485639572144 0.6649570465087891 0.6651210784912109 0.6788724263509115 0.6636301279067993 0.6868240833282471 0.6628846526145935 0.706703265508016 0.6673574447631836 0.7116730213165283 0.6755576133728027 0.7216126124064127 0.6755576133728027 0.7315521240234375 0.6755576133728027 0.7494433720906576 0.6755576133728027 0.77230437596639 0.6822668313980103 0.7633587519327799 0.6822668313980103 0.7404977480570475 0.6815213561058044 0.7166427771250407 0.6815213561058044 0.6888120174407959
1 0.5272095799446106 0.6599872907002767 0.5547918677330017 0.6540235280990601 0.5726830959320068 0.6659510135650635 0.5808832049369812 0.6798663934071859 0.5890833735466003 0.6927878856658936 0.6099564433097839 0.7106790542602539 0.6308295726776123 0.7196246782938639 0.646484375 0.7255884011586508 0.6487208008766174 0.7434796492258707 0.6479753255844116 0.7623647848765055 0.6405206322669983 0.7693225542704264 0.6285931468009949 0.7802560329437256 0.6144292950630188 0.794171412785848 0.6107019186019897 0.8080867926279703 0.6032472848892212 0.8150445620218912 0.5898288488388062 0.812062660853068 0.5734285712242126 0.8070929050445557 0.5659738779067993 0.7951653798421224 0.5600101351737976 0.7752862771352133 0.5540463924407959 0.7573950290679932 0.5465916991233826 0.7424856821695963 0.5346642136573792 0.7166427771250407 0.5301914215087891 0.7057092984517416 0.5227367877960205 0.6878180503845215 0.5190094113349915 0.6719147364298502 0.5205003619194031 0.6669449806213379
1 0.47129949927330017 0.7315521240234375 0.48099058866500854 0.7226065794626871 0.4899362027645111 0.7166427771250407 0.5003727078437805 0.706703265508016 0.5041000843048096 0.7007395426432291 0.516027569770813 0.6997455755869547 0.5242276787757874 0.706703265508016 0.5301914215087891 0.7236005465189616 0.5376461148262024 0.7434796492258707 0.5451008081436157 0.759382963180542 0.5495736002922058 0.7772742112477621 0.5540463924407959 0.7911895910898844 0.5443553328514099 0.8070929050445557 0.5376461148262024 0.816038449605306 0.5272095799446106 0.8190203507741293 0.5063364505767822 0.816038449605306 0.4876997768878937 0.8140505949656168 0.474281370639801 0.8170324166615804 0.46459028124809265 0.8220022519429525 0.4675721526145935 0.8060989379882812 0.46459028124809265 0.7772742112477621 0.4675721526145935 0.7613708972930908 0.472044974565506 0.7534192403157552 0.47129949927330017 0.7414917151133219
1 0.9059070944786072 0.6788724263509115 0.9267801642417908 0.6768845717112223 0.939453125 0.6788724263509115 0.9536170363426208 0.684836228688558 0.9610716700553894 0.6987516085306803 0.9618171453475952 0.7275763352711996 0.962562620639801 0.7414917151133219 0.9506351351737976 0.7643527189890543 0.9424349665641785 0.78125 0.9267801642417908 0.7882076899210612 0.9051616191864014 0.7862197558085123 0.8857794404029846 0.7832379341125488 0.8783248066902161 0.7792620658874512 0.8760883808135986 0.7633587519327799 0.874597430229187 0.7514313062032064 0.8753429055213928 0.7315521240234375 0.883543074131012 0.7196246782938639 0.8924886584281921 0.7027273972829183
1 0.8537243604660034 0.7047153313954672 0.8634154200553894 0.7106790542602539 0.8701246380805969 0.7196246782938639 0.8686336874961853 0.7355279922485352 0.8678882122039795 0.7524252732594808 0.8559607863426208 0.7474554379781088 0.8470151424407959 0.746461550394694 0.8499970436096191 0.7305582364400228 0.8499970436096191 0.715648889541626
1 0.87628173828125 0.789306640625 0.89642333984375 0.7925618489583334 0.90679931640625 0.794189453125 0.92449951171875 0.7958170572916666 0.93853759765625 0.7958170572916666 0.93975830078125 0.8047688802083334 0.94219970703125 0.8340657552083334 0.94281005859375 0.8519694010416666 0.94525146484375 0.869873046875 0.94219970703125 0.8804524739583334 0.93243408203125 0.8763834635416666 0.92205810546875 0.869873046875 0.90679931640625 0.8584798177083334 0.89459228515625 0.8487141927083334 0.88238525390625 0.840576171875 0.87078857421875 0.8365071614583334 0.85797119140625 0.828369140625 0.85797119140625 0.8218587239583334 0.86590576171875 0.813720703125 0.87322998046875 0.8006998697916666
1 0.84210205078125 0.7583821614583334 0.85186767578125 0.755126953125 0.86285400390625 0.7591959635416666 0.86712646484375 0.7640787760416666 0.87139892578125 0.777099609375 0.86956787109375 0.7860514322916666 0.86590576171875 0.7974446614583334 0.86163330078125 0.811279296875 0.85430908203125 0.8169759114583334 0.84454345703125 0.8226725260416666 0.83843994140625 0.825927734375 0.84027099609375 0.808837890625 0.84210205078125 0.8006998697916666 0.84271240234375 0.7876790364583334 0.84393310546875 0.774658203125
1 0.75665283203125 0.7193196614583334 0.75848388671875 0.7461751302083334 0.76458740234375 0.7657063802083334 0.77252197265625 0.7827962239583334 0.77801513671875 0.7950032552083334 0.78228759765625 0.8104654947916666 0.78839111328125 0.8202311197916666 0.79388427734375 0.8299967447916666 0.79388427734375 0.843017578125 0.78778076171875 0.852783203125 0.77923583984375 0.862548828125 0.77374267578125 0.869873046875 0.76641845703125 0.869873046875 0.75665283203125 0.862548828125 0.74505615234375 0.8568522135416666 0.73223876953125 0.8511555989583334 0.72857666015625 0.8389485677083334 0.73284912109375 0.8218587239583334 0.73651123046875 0.811279296875 0.73651123046875 0.796630859375 0.73529052734375 0.7836100260416666 0.73773193359375 0.7640787760416666 0.73956298828125 0.747802734375 0.74322509765625 0.733154296875 0.74688720703125 0.713623046875 0.75054931640625 0.7095540364583334 0.75482177734375 0.7095540364583334
1 0.76275634765625 0.7071126302083334 0.77496337890625 0.698974609375 0.78472900390625 0.6932779947916666 0.79937744140625 0.7079264322916666 0.80792236328125 0.718505859375 0.82135009765625 0.7315266927083334 0.83233642578125 0.7421061197916666 0.83538818359375 0.7510579427083334 0.83660888671875 0.7657063802083334 0.83599853515625 0.7827962239583334 0.83477783203125 0.7998860677083334 0.83477783203125 0.8129069010416666 0.83294677734375 0.8243001302083334 0.82257080078125 0.828369140625 0.80914306640625 0.8316243489583334 0.80242919921875 0.8324381510416666 0.79693603515625 0.8194173177083334 0.78839111328125 0.8080240885416666 0.78411865234375 0.7974446614583334 0.77862548828125 0.7836100260416666 0.77191162109375 0.7714029947916666 0.76885986328125 0.760009765625 0.76580810546875 0.750244140625 0.76214599609375 0.7372233072916666 0.76214599609375 0.7274576822916666 0.76092529296875 0.7193196614583334
2 0.90191650390625 0.8096516927083334 0.90802001953125 0.8072102864583334 0.90802001953125 0.8145345052083334 0.9048858880996704 0.8167989253997803
1 0.9477290511131287 0.2870321273803711 0.9783501029014587 0.28261828422546387 0.9924192428588867 0.28151482343673706 0.9990234375 0.2947232524553935 0.9957296252250671 0.31241172552108765 0.9857984781265259 0.333377480506897 0.9766949415206909 0.3510328531265259 0.9675913453102112 0.3686882257461548 0.9568326473236084 0.37310202916463214 0.9469015002250671 0.3554466962814331 0.9411082863807678 0.34992937246958417 0.9411082863807678 0.3223428726196289 0.9452462792396545 0.3079978823661804
1 0.8409692645072937 0.5529661178588867 0.8641419410705566 0.5540695587793986 0.8889698386192322 0.5617938041687012 0.9063493013381958 0.5640007257461548 0.9005561470985413 0.5860699017842611 0.8947629928588867 0.6081391175587972 0.890625 0.6213806470235189 0.8798662424087524 0.6191737254460653 0.8641419410705566 0.6092425982157389 0.850900411605835 0.5982079903284708 0.8351761102676392 0.5849664608637491 0.8318657279014587 0.5728283723195394
1 0.9171080589294434 0.5640007257461548 0.925383985042572 0.557379961013794 0.9336599707603455 0.5606903235117594 0.9444186687469482 0.5562764803568522 0.948556661605835 0.5507591962814331 0.9609705805778503 0.5474487940470377 0.9675913453102112 0.5584834019343058 0.9783501029014587 0.5761387745539347 0.9783501029014587 0.6004149119059244 0.9775224924087524 0.6191737254460653 0.9766949415206909 0.6291048924128214 0.9626258015632629 0.6291048924128214 0.953522264957428 0.6235875686009725 0.9435911178588867 0.6125529607137045 0.9286943674087524 0.6015183528264364 0.9187632203102112 0.5971045096715292 0.9129700660705566 0.5849664608637491 0.9129700660705566 0.5761387745539347
1 0.9617981910705566 0.7681408723195394 0.9816604852676392 0.7714512348175049 0.9932467937469482 0.7769685586293539 0.9949020147323608 0.793520450592041 0.9990234375 0.8173331419626871 0.9990234375 0.8795904318491617 0.9990234375 0.9082803726196289 0.9982123970985413 0.9193149407704672 0.9808328747749329 0.9182115395863851 0.9609705805778503 0.9160045782725016 0.9568326473236084 0.9126942157745361 0.9510394334793091 0.8939353624979655 0.9518670439720154 0.884004275004069 0.9518670439720154 0.8619350592295328 0.9502118825912476 0.8376588821411133 0.9493842720985413 0.8177966276804606 0.9477290511131287 0.793520450592041 0.9493842720985413 0.7813824017842611
1 0.9229012131690979 0.9325564702351888 0.9353151321411133 0.9270392258961996 0.9419358968734741 0.930349588394165 0.9518670439720154 0.9314530690511068 0.9576601982116699 0.9259357452392578 0.9659361839294434 0.930349588394165 0.9667637944221497 0.9513153235117594 0.979177713394165 0.9733845392862955 0.9907640218734741 0.987729549407959 0.9973450899124146 0.9986979166666666 0.9551774263381958 0.9986979166666666 0.9328323602676392 0.9976606369018555 0.9129700660705566 0.9976606369018555 0.8955905437469482 0.9965572357177734 0.9030389189720154 0.9844191074371338 0.9171080589294434 0.9700741767883301 0.9212460517883301 0.9513153235117594
1 0.2864803969860077 0.7824858824412028 0.3013771176338196 0.7615201473236084 0.3195842206478119 0.7548993428548177 0.336136132478714 0.7537959416707357 0.34523966908454895 0.7582097848256429 0.3551708161830902 0.7659339904785156 0.37503311038017273 0.7769685586293539 0.38165387511253357 0.7891066074371338 0.3841366469860077 0.8078654607137045 0.37668830156326294 0.8200035095214844 0.3733779191970825 0.8376588821411133 0.3725503087043762 0.8608315785725912 0.36344677209854126 0.8740731080373129 0.34358447790145874 0.8674523035685221 0.3228946030139923 0.856417735417684 0.3079978823661804 0.8486935297648112 0.29889434576034546 0.838762362798055 0.2897907793521881 0.8222104708353678 0.2889631986618042 0.7979342937469482
1 0.054753705859184265 0.700829823811849 0.07544358819723129 0.7074505488077799 0.09613347798585892 0.7240024407704672 0.1102025955915451 0.7361405690511068 0.109375 0.7560028235117594 0.10109904408454895 0.78689972559611 0.10109904408454895 0.8056585788726807 0.07792637497186661 0.8067619800567627 0.06385725736618042 0.8023481369018555 0.058064088225364685 0.7835893630981445 0.056408897042274475 0.7615201473236084 0.05392611399292946 0.7438647747039795 0.058064088225364685 0.7262094020843506 0.058064088225364685 0.7140713532765707
1 0.24923861026763916 0.2914459705352783 0.26579052209854126 0.29365289211273193 0.27737686038017273 0.29475635290145874 0.2881355881690979 0.31461864709854126 0.28234243392944336 0.3344809214274089 0.26744571328163147 0.34551552931467694 0.2550317943096161 0.3521362940470378 0.24758341908454895 0.3532397747039795 0.24592822790145874 0.32675671577453613 0.24675582349300385 0.3168255686759949
1 0.36096397042274475 0.7582097848256429 0.3725503087043762 0.7394509315490723 0.3833090662956238 0.7306232452392578 0.39158502221107483 0.7317267258961996 0.40896451473236084 0.7251059214274088 0.4188956618309021 0.7151747544606527 0.42799919843673706 0.7140713532765707 0.4354475736618042 0.729519764582316 0.4354475736618042 0.7449682553609213 0.42551642656326294 0.7615201473236084 0.4188956618309021 0.7747616767883301 0.41061970591545105 0.7880032062530518 0.39655059576034546 0.8034516175587972 0.3899298310279846 0.8023481369018555 0.3874470293521881 0.7824858824412028 0.37834349274635315 0.7637270291646322
1 0.37917107343673706 0.8542107741038004 0.3833090662956238 0.8244173526763916 0.39158502221107483 0.8166931470235189 0.40896451473236084 0.8067619800567627 0.4213784337043762 0.8023481369018555 0.4379303455352783 0.8023481369018555 0.4478614926338196 0.8078654607137045 0.4503442943096161 0.8222104708353678 0.44372352957725525 0.8343485196431478 0.44124072790145874 0.8497969309488932 0.4346199631690979 0.8630384604136149 0.4222060441970825 0.8652454217274984 0.40979209542274475 0.8718661467234293 0.39324021339416504 0.8740731080373129 0.3857918381690979 0.8751765886942545 0.37999868392944336 0.8663489023844401
1 0.23268669843673706 0.7780720392862955 0.24179024994373322 0.7857962449391683 0.25999733805656433 0.7880032062530518 0.2707560956478119 0.7824858824412028 0.2699284851551056 0.7626235485076904 0.2724112868309021 0.7438647747039795 0.28068724274635315 0.7328301270802816 0.2906183898448944 0.7251059214274088 0.3046875 0.7228990395863851 0.3055150806903839 0.7063470681508383 0.2906183898448944 0.6964159806569418 0.287308007478714 0.6853813330332438 0.27654924988746643 0.6809674898783366 0.2715836763381958 0.6942090193430582 0.26661810278892517 0.7074505488077799 0.26082494854927063 0.7173817157745361 0.24427303671836853 0.7317267258961996 0.2409626543521881 0.7416578133900961 0.2393074631690979 0.7604166666666666
1 0.12261652201414108 0.833245038986206 0.1399960219860077 0.8299346764882406 0.1565479338169098 0.8255208333333334 0.173927441239357 0.8177966276804606 0.18799655139446259 0.8034516175587972 0.19378972053527832 0.7891066074371338 0.20123808085918427 0.7846927642822266 0.21447961032390594 0.78689972559611 0.22937633097171783 0.7979342937469482 0.23682467639446259 0.8144862651824951 0.2393074631690979 0.838762362798055 0.2393074631690979 0.8553142547607422 0.2384798675775528 0.8718661467234293 0.23103152215480804 0.8762799898783366 0.21365201473236084 0.8795904318491617 0.20041048526763916 0.8817973136901855 0.1896517425775528 0.8873146375020345 0.18054820597171783 0.8917284806569418 0.16813427209854126 0.897245724995931 0.15572033822536469 0.897245724995931 0.1408236175775528 0.8939353624979655 0.1275821030139923 0.8917284806569418 0.12096133828163147 0.8895215193430582 0.11847855150699615 0.8619350592295328 0.12178892642259598 0.850900411605835
1 0.11268538236618042 0.99435027440389 0.11847855150699615 0.9811087449391683 0.1267545074224472 0.9667637348175049 0.1259269118309021 0.9579360485076904 0.1408236175775528 0.9557291666666666 0.16234110295772552 0.9557291666666666 0.17972061038017273 0.9535222848256429 0.18468616902828217 0.9557291666666666 0.1896517425775528 0.9733845392862955 0.18716895580291748 0.9899364312489828 0.191306933760643 0.9954537550608317 0.15158236026763916 0.9954537550608317 0.13006488978862762 0.9976606369018555
1 0.43958553671836853 0.9160045782725016 0.45944783091545105 0.9126942157745361 0.47517213225364685 0.9215219020843506 0.49255165457725525 0.924832264582316 0.5049655437469482 0.9292461077372233 0.5099311470985413 0.9446945985158285 0.5148966908454895 0.9645568529764811 0.5198622941970825 0.9789018630981445 0.5099311470985413 0.9921433925628662 0.49089646339416504 0.9932467937469482 0.46110302209854126 0.9932467937469482 0.44703391194343567 0.9921433925628662 0.433792382478714 0.9811087449391683 0.42717161774635315 0.9733845392862955 0.4313095808029175 0.9469014803568522 0.4346199631690979 0.9347634315490723
2 0.4809653162956238 0.9711775779724121 0.48841366171836853 0.9601430098215739 0.4966896176338196 0.9623498916625977 0.4975172281265259 0.9755914211273193
1 0.6001390218734741 0.9513153235117594 0.6042770147323608 0.9292461077372233 0.6142081618309021 0.9226253827412924 0.6216565370559692 0.9204184214274088 0.637380838394165 0.9204184214274088 0.6506223678588867 0.9149010976155599 0.6588982939720154 0.9325564702351888 0.6597259044647217 0.9535222848256429 0.6696570515632629 0.9656603336334229 0.6713122129440308 0.9777983824412028 0.6663466691970825 0.9866260687510172 0.6588982939720154 0.99435027440389 0.6357256174087524 0.9932467937469482 0.6216565370559692 0.9932467937469482 0.6150357723236084 0.9789018630981445 0.6084150075912476 0.9678672154744467 0.6059321761131287 0.9623498916625977
1 0.7052436470985413 0.8829007943471273 0.7209679484367371 0.8685557842254639 0.7317267060279846 0.8630384604136149 0.7482786178588867 0.8663489023844401 0.7640029191970825 0.8806938330332438 0.7714512944221497 0.8950388431549072 0.7681409120559692 0.9193149407704672 0.7540717720985413 0.9446945985158285 0.7474510073661804 0.9568326473236084 0.7308990955352783 0.9524188041687012 0.7160024046897888 0.9347634315490723 0.709381639957428 0.9149010976155599 0.7060712575912476 0.8983492056528727
1 0.1085474044084549 0.5540695587793986 0.09613347798585892 0.5849664608637491 0.08289194852113724 0.6257944901784261 0.09116790443658829 0.6489671468734741 0.10358183085918427 0.6776571273803711 0.11765095591545105 0.701933224995931 0.1259269118309021 0.7173817157745361 0.13585804402828217 0.6908986568450928 0.1433064043521881 0.6743467648824056 0.13503044843673706 0.6544844706853231 0.13006488978862762 0.6246910492579142 0.12427171319723129 0.5971045096715292 0.11682336032390594 0.5717249313990275 0.11847855150699615 0.5640007257461548
1 0.5297934412956238 0.9733845392862955 0.5504832863807678 0.9678672154744467 0.5678628087043762 0.9601430098215739 0.5877251029014587 0.9535222848256429 0.5935182571411133 0.954625686009725 0.6026217937469482 0.9744880199432373 0.6142081618309021 0.9954537550608317 0.6017942428588867 0.9976606369018555 0.5800119042396545 0.9986979166666666 0.5554488897323608 0.9986979166666666 0.5306210517883301 0.9986979166666666 0.5173795223236084 0.9986979166666666 0.5215174555778503 0.9932467937469482 0.5273106694221497 0.9855225880940756
1 0.8053826689720154 0.845383087793986 0.8252449631690979 0.8409692446390787 0.8393141031265259 0.8376588821411133 0.8492452502250671 0.833245038986206 0.8484176397323608 0.8586246172587076 0.8525556325912476 0.8862111568450928 0.8566935658454895 0.9049700101216634 0.8492452502250671 0.9204184214274088 0.8260725736618042 0.924832264582316 0.8028998970985413 0.9259357452392578 0.7921411395072937 0.9270392258961996 0.7880032062530518 0.9038665294647217 0.7822099924087524 0.885107676188151 0.7871755957603455 0.8707627455393473 0.7962791323661804 0.8542107741038004
1 0.6729674339294434 0.9965572357177734 0.6837261915206909 0.9800052642822266 0.6969676613807678 0.9711775779724121 0.7193127870559692 0.9689706961313883 0.7292439341545105 0.9645568529764811 0.7400026321411133 0.9667637348175049 0.753244161605835 0.9733845392862955 0.7673133015632629 0.988832950592041 0.7726941704750061 0.9986979166666666 0.7400026321411133 0.9986979166666666 0.7168299555778503 0.9986979166666666 0.7011056542396545 0.9986979166666666 0.686208963394165 0.9986979166666666
1 0.0009765625 0.5948975880940756 0.0009765625 0.6114495197931925 0.0009765625 0.6235875686009725 0.017511917278170586 0.6246910492579142 0.029925847426056862 0.632415254910787 0.04730534926056862 0.6390360196431478 0.059719279408454895 0.6357256174087524 0.07130561769008636 0.6169668038686117 0.08785752207040787 0.5827595392862955 0.0936506912112236 0.5662076075871786 0.10027144849300385 0.5507591962814331 0.10358183085918427 0.5408280293146769 0.08620233088731766 0.5308969020843506 0.07213321328163147 0.5165518919626871 0.06220206618309021 0.5275864998499552 0.05227092280983925 0.5474487940470377 0.04151218384504318 0.5562764803568522 0.029098251834511757 0.5662076075871786 0.020822299644351006 0.5794491370519003 0.012546345591545105 0.5893803040186564
1 0.6497947573661804 0.7747616767883301 0.6638638973236084 0.7813824017842611 0.6704846620559692 0.8001412550608317 0.6762778162956238 0.8222104708353678 0.681243360042572 0.8486935297648112 0.6820709705352783 0.8663489023844401 0.6655190587043762 0.8718661467234293 0.6497947573661804 0.8817973136901855 0.637380838394165 0.8751765886942545 0.6348980665206909 0.8619350592295328 0.6365532279014587 0.8365554014841715 0.6332428455352783 0.8222104708353678 0.6216565370559692 0.8244173526763916 0.6092425584793091 0.8255208333333334 0.6150357723236084 0.8122793038686117 0.6224840879440308 0.7968308925628662 0.6266220808029175 0.7913135687510172 0.6340704560279846 0.7846927642822266 0.6415188312530518 0.7791755199432373
1 0.8831766247749329 0.20537606875101724 0.8931077718734741 0.19434146086374918 0.9022113084793091 0.2164106567700704 0.9104872941970825 0.2307556470235189 0.9278668165206909 0.23516949017842612 0.9493842720985413 0.22082449992497763 0.9766949415206909 0.1987553040186564 0.9891088604927063 0.18661723534266153 0.9957296252250671 0.18441031376520792 0.9982123970985413 0.22413488229115805 0.9990234375 0.23927436272303262 0.9990234375 0.275997519493103 0.9642809629440308 0.275997519493103 0.9526946544647217 0.27710098028182983 0.9435911178588867 0.2682733138402303 0.9320047497749329 0.26054908831914264 0.9154528379440308 0.258342166741689 0.9022113084793091 0.258342166741689 0.8989009261131287 0.247307558854421 0.890625 0.22854872544606528
1 0.002615201286971569 0.7515889803568522 0.010063559748232365 0.7758650779724121 0.02164989337325096 0.7846927642822266 0.03323622792959213 0.7703478336334229 0.03985699266195297 0.7537959416707357 0.048132944852113724 0.7372439702351888 0.049788136035203934 0.78689972559611 0.05392611399292946 0.8001412550608317 0.03820180147886276 0.8144862651824951 0.022477488964796066 0.8211069901784261 0.005925582721829414 0.8244173526763916 0.0009765625 0.8244173526763916 0.0009765625 0.7902100880940756 0.0009765625 0.7659339904785156
1 0.158203125 0.5308969020843506 0.17723782360553741 0.5419315099716187 0.1904793381690979 0.5386211077372233 0.20289327204227448 0.5320003430048624 0.21365201473236084 0.5364141861597697 0.2219279706478119 0.5430349508921305 0.21613480150699615 0.5640007257461548 0.20123808085918427 0.5816560586293539 0.19544491171836853 0.5948975880940756 0.18634136021137238 0.6015183528264364 0.1764102280139923 0.5871733824412028 0.16565148532390594 0.5728283723195394 0.1573755294084549 0.5651041666666666 0.14661678671836853 0.5485522747039795 0.14661678671836853 0.539724588394165
1 0.11682336032390594 0.7438647747039795 0.13089248538017273 0.7493820985158285 0.14661678671836853 0.7648305098215739 0.1598583161830902 0.7703478336334229 0.17972061038017273 0.7703478336334229 0.18799655139446259 0.7736581961313883 0.18385857343673706 0.7913135687510172 0.16730667650699615 0.8100724220275879 0.14992716908454895 0.8189001083374023 0.13420285284519196 0.8200035095214844 0.11434057354927063 0.8211069901784261 0.11103019118309021 0.8122793038686117 0.11185778677463531 0.7902100880940756 0.11434057354927063 0.7714512348175049 0.11599576473236084 0.7548993428548177
1 0.19792769849300385 0.7648305098215739 0.20454846322536469 0.7604166666666666 0.21199682354927063 0.7548993428548177 0.21944518387317657 0.7394509315490723 0.2219279706478119 0.7317267258961996 0.22854873538017273 0.740554412206014 0.22606594860553741 0.7626235485076904 0.2219279706478119 0.7747616767883301 0.21365201473236084 0.7769685586293539 0.20454846322536469 0.7769685586293539 0.20041048526763916 0.7769685586293539
0 0.005097987130284309 0.027718926469484966 0.01833951286971569 0.03654661029577255 0.028270656242966652 0.050891598065694175 0.03737420588731766 0.07075388232866923 0.03654661029577255 0.07737464706103007 0.02164989337325096 0.07185734311739604 0.0034427966456860304 0.06192620098590851 0.0017876059282571077 0.038753531873226166
1 0.24261784553527832 0.79903777440389 0.26661810278892517 0.7979342937469482 0.27737686038017273 0.7968308925628662 0.2864803969860077 0.8233139514923096 0.29723915457725525 0.8475900491078695 0.31213584542274475 0.8652454217274984 0.33282575011253357 0.8729696273803711 0.35765358805656433 0.8862111568450928 0.37668830156326294 0.890625 0.38165387511253357 0.9093838532765707 0.37751588225364685 0.9513153235117594 0.37503311038017273 0.9789018630981445 0.37503311038017273 0.9899364312489828 0.36096397042274475 0.99435027440389 0.3212394118309021 0.9899364312489828 0.3013771176338196 0.9910399119059244 0.27820444107055664 0.9910399119059244 0.2699284851551056 0.988832950592041 0.26413533091545105 0.9744880199432373 0.255859375 0.9557291666666666 0.25172141194343567 0.9446945985158285 0.23516948521137238 0.942487637201945 0.23020392656326294 0.9259357452392578 0.23020392656326294 0.9049700101216634 0.23516948521137238 0.8939353624979655 0.24344544112682343 0.8773834705352783 0.24592822790145874 0.8597280979156494 0.24427303671836853 0.833245038986206 0.24427303671836853 0.8189001083374023
1 0.0034427966456860304 0.8354520003000895 0.025787871330976486 0.8343485196431478 0.03902939707040787 0.8277277151743571 0.054753705859184265 0.8233139514923096 0.061374470591545105 0.8166931470235189 0.08123675733804703 0.8144862651824951 0.09944385290145874 0.8177966276804606 0.10689221322536469 0.826624313990275 0.1085474044084549 0.8486935297648112 0.10771980881690979 0.8829007943471273 0.1102025955915451 0.9115907351175944 0.11516816914081573 0.9369703133900961 0.11765095591545105 0.9590395291646322 0.11185778677463531 0.9766949017842611 0.10358183085918427 0.9833157062530518 0.08785752207040787 0.9766949017842611 0.06716763973236084 0.9678672154744467 0.051443327218294144 0.9634533723195394 0.03406382352113724 0.9513153235117594 0.022477488964796066 0.942487637201945 0.004270392004400492 0.9281426270802816 0.0009765625 0.9203782876332601 0.002615201286971569 0.8696592648824056 0.0009765625 0.8464865684509277
0 0.005097987130284309 0.006753177692492803 0.03158103674650192 0.005649717524647713 0.04730534926056862 0.014477400730053583 0.06302966177463531 0.02661546568075816 0.07296080142259598 0.04206391175587972 0.06302966177463531 0.059719279408454895 0.051443327218294144 0.06634004414081573 0.04151218384504318 0.050891598065694175 0.03323622792959213 0.03765007108449936 0.01833951286971569 0.025512004892031353 0.010891154408454895 0.018891242643197376
0 0.22689354419708252 0.0034427965680758157 0.222755566239357 0.02992584804693858 0.21861758828163147 0.047581215699513756 0.2078588455915451 0.05861581861972809 0.1921345293521881 0.06192620098590851 0.18716895580291748 0.06634004414081573 0.18551376461982727 0.07958156863848369 0.1921345293521881 0.08730579415957133 0.20041048526763916 0.09834039211273193 0.2062036544084549 0.11820268630981445 0.22027277946472168 0.12261652946472168 0.23185910284519196 0.1104784607887268 0.24510063230991364 0.09282309810320537 0.2542041838169098 0.0806850294272105 0.25089380145072937 0.06634004414081573 0.24923861026763916 0.04537429412206014 0.2566869556903839 0.019994703431924183 0.2525489926338196 0.0089600986490647 0.24841101467609406 0.0023393360897898674 0.2393074631690979 0.0023393360897898674
0 0.3237221837043762 0.109375 0.34523966908454895 0.10606461763381958 0.3675847351551056 0.10606461763381958 0.3824814558029175 0.10385769605636597 0.3891022205352783 0.1104784607887268 0.39655059576034546 0.12371999025344849 0.4006885588169098 0.14027189215024313 0.3866194486618042 0.14689265688260397 0.3733779191970825 0.15792726476987204 0.36179158091545105 0.166754941145579 0.353515625 0.17778954903284708 0.34689486026763916 0.1998587648073832 0.34358447790145874 0.2164106567700704 0.3402740955352783 0.2329625686009725 0.3386189043521881 0.2484110196431478 0.32951536774635315 0.2561352451642354 0.31627383828163147 0.2329625686009725 0.31213584542274475 0.2329625686009725 0.2906183898448944 0.2550317843755086 0.2856528162956238 0.2660663922627767 0.27903205156326294 0.2837217450141907 0.255859375 0.2837217450141907 0.24179024994373322 0.2870321273803711 0.23268669843673706 0.2914459705352783 0.2252383530139923 0.2881355881690979 0.21944518387317657 0.2737905979156494 0.21116922795772552 0.2671698530515035 0.20123808085918427 0.25944562753041583 0.191306933760643 0.2484110196431478 0.18137580156326294 0.2340660293896993 0.18551376461982727 0.22744526465733847 0.19378972053527832 0.22413488229115805 0.19875529408454895 0.21861757834752402 0.21199682354927063 0.22634180386861166 0.22772113978862762 0.22744526465733847 0.23268669843673706 0.22744526465733847 0.24592822790145874 0.21972103913625082 0.26579052209854126 0.21310027440388998 0.28151482343673706 0.20537606875101724 0.29310116171836853 0.1976518432299296 0.3038599193096161 0.1799964706103007 0.31544622778892517 0.16234109799067178 0.322066992521286 0.1535134216149648 0.322066992521286 0.1358580489953359 0.3195842206478119 0.11930614709854126
0 0.29641154408454895 0.31241172552108765 0.3063426911830902 0.3046875 0.31213584542274475 0.2881355881690979 0.31296345591545105 0.2704802354176839 0.3195842206478119 0.2561352451642354 0.31379103660583496 0.24620409806569418 0.3071702718734741 0.24620409806569418 0.29889434576034546 0.2572387059529622 0.29392877221107483 0.2693767746289571 0.2914459705352783 0.28261828422546387 0.2906183898448944 0.29696327447891235
0 0.4710341691970825 0.29585981369018555 0.4867584705352783 0.3002736568450928 0.5024827718734741 0.31130826473236084 0.5066207647323608 0.3256532549858093 0.49255165457725525 0.34992937246958417 0.4859308898448944 0.3686882257461548 0.4834480881690979 0.3863435586293538 0.4817928969860077 0.4073093334833781 0.4635857939720154 0.4017920096715291 0.4495166838169098 0.3995850880940755 0.42551642656326294 0.40399893124898273 0.4205508530139923 0.40068856875101727 0.4180680513381958 0.37310202916463214 0.42386123538017273 0.36648130416870117 0.4387579560279846 0.3576536178588867 0.4528270661830902 0.34551552931467694 0.4635857939720154 0.33227401971817017 0.4652409851551056 0.3201359510421753 0.4644134044647217 0.3035840392112732
0 0.49255165457725525 0.3719985882441203 0.5049655437469482 0.3587570587793986 0.5215174555778503 0.36537782351175946 0.5430349707603455 0.37530895074208576 0.5513108968734741 0.3918608824412028 0.5471729636192322 0.40068856875101727 0.5231726765632629 0.4073093334833781 0.5041379928588867 0.41061969598134357 0.49255165457725525 0.4095162550608317 0.48924127221107483 0.3995850880940755 0.49006885290145874 0.3841366370519002
0 0.5777939558029175 0.3576536178588867 0.5860699415206909 0.3521362940470378 0.5918630957603455 0.34772245089213055 0.6059321761131287 0.3422051668167114 0.6183461546897888 0.3377913236618042 0.6158633232116699 0.3543432156244914 0.6100701689720154 0.36537782351175946 0.6017942428588867 0.37530895074208576 0.5943458676338196 0.3841366370519002 0.5868974924087524 0.3951712449391683 0.5777939558029175 0.4073093334833781 0.5662076473236084 0.4172404607137044 0.5554488897323608 0.40841277440388996 0.5595868825912476 0.39627472559611004 0.5670351982116699 0.39406780401865643 0.5761387944221497 0.385240117708842 0.5786215662956238 0.37089510758717853
1 0.5794491767883301 0.424964706103007 0.5852423310279846 0.4304819901784261 0.6026217937469482 0.42937854925791424 0.6100701689720154 0.424964706103007 0.6175185441970825 0.4150335391362508 0.6133805513381958 0.38855048020680744 0.6075873970985413 0.385240117708842 0.6001390218734741 0.3973781665166219 0.5926907062530518 0.4073093334833781
0 0.5852423310279846 0.45475812753041583 0.5984838604927063 0.4459304412206014 0.606759786605835 0.44041311740875244 0.6183461546897888 0.42937854925791424 0.6233116984367371 0.4172404607137044 0.6241393089294434 0.39296432336171466 0.6307600736618042 0.38855048020680744 0.646484375 0.3995850880940755 0.6588982939720154 0.4017920096715291 0.6779329776763916 0.4073093334833781 0.6961401104927063 0.3918608824412028 0.7110368013381958 0.3841366370519002 0.7151747941970825 0.3841366370519002 0.7242783308029175 0.40399893124898273 0.7358646988868713 0.4172404607137044 0.7449682354927063 0.43379239241282147 0.7491061687469482 0.44482696056365967 0.7375198602676392 0.44262003898620605 0.7201403379440308 0.4348958333333333 0.704416036605835 0.4359992742538452 0.686208963394165 0.44041311740875244 0.6746225953102112 0.44482696056365967 0.6638638973236084 0.4536546468734741 0.6613810658454895 0.47572386264801025 0.6564155220985413 0.4944827159245809 0.6448292136192322 0.4988965590794881 0.637380838394165 0.4988965590794881 0.6191737055778503 0.4834481080373128 0.6108977794647217 0.47351694107055664 0.6017942428588867 0.4646892547607422
0 0.686208963394165 0.5209657351175944 0.6977952718734741 0.5209657351175944 0.709381639957428 0.5253795782725016 0.7242783308029175 0.5297934214274088 0.7400026321411133 0.5375176668167114 0.7507613897323608 0.551862637201945 0.7515890002250671 0.5662076075871786 0.7457957863807678 0.5772422154744467 0.7292439341545105 0.5838629802068075 0.7118644118309021 0.5849664608637491 0.6936573386192322 0.5860699017842611 0.6820709705352783 0.5871733824412028 0.6746225953102112 0.5904837449391683 0.6754502058029175 0.5717249313990275 0.6779329776763916 0.5551730394363403 0.6787605881690979 0.5419315099716187 0.6804158091545105 0.5297934214274088
0 0.49006885290145874 0.5871733824412028 0.5008276104927063 0.5794491370519003 0.5173795223236084 0.5816560586293539 0.5388969779014587 0.5805526177088419 0.5521385073661804 0.5794491370519003 0.5612420439720154 0.5827595392862955 0.5794491767883301 0.5937941471735636 0.5852423310279846 0.5982079903284708 0.5935182571411133 0.6103460391362509 0.6001390218734741 0.6268979708353678 0.606759786605835 0.6368290980656942 0.6191737055778503 0.655587911605835 0.6340704560279846 0.6699329217274984 0.6440016031265259 0.6754502455393473 0.6539327502250671 0.6875882943471273 0.6531051397323608 0.700829823811849 0.6497947573661804 0.7096575101216634 0.6315876841545105 0.7118643919626871 0.6200013160705566 0.7052436669667562 0.6042770147323608 0.6975193818410238 0.5902078747749329 0.6798640886942545 0.5777939558029175 0.661105235417684 0.562897264957428 0.643449862798055 0.5471729636192322 0.643449862798055 0.5273106694221497 0.6478637059529623 0.5173795223236084 0.6401394605636597 0.5107587575912476 0.6280014117558798 0.5016551613807678 0.6114495197931925
0 0.34606727957725525 0.2506179412206014 0.36427435278892517 0.2484110196431478 0.37751588225364685 0.24510063727696738 0.37420549988746643 0.22192796071370444 0.3675847351551056 0.1965483824412028 0.36013638973236084 0.1822033921877543 0.353515625 0.20537606875101724 0.3518604338169098 0.22192796071370444 0.34689486026763916 0.23737641175587973
0 0.3684123456478119 0.17116878430048624 0.3824814558029175 0.16123763720194498 0.39572298526763916 0.1535134216149648 0.4048265218734741 0.1513065000375112 0.4147576689720154 0.17116878430048624 0.42882680892944336 0.1810999313990275 0.43958553671836853 0.19103107849756876 0.44124072790145874 0.20427260796229044 0.44372352957725525 0.24068679412206015 0.44703391194343567 0.2704802354176839 0.4495166838169098 0.2859286665916443 0.4346199631690979 0.2870321273803711 0.4155852794647217 0.28261828422546387 0.40234375 0.275997519493103 0.3891022205352783 0.2693767746289571 0.384964257478714 0.252824862798055 0.384964257478714 0.23627295096715292 0.37834349274635315 0.2142037351926168 0.3725503087043762 0.19434146086374918
0 0.04151218384504318 0.4691030979156494 0.051443327218294144 0.4613788922627767 0.06634004414081573 0.45917197068532306 0.059719279408454895 0.47241350015004474 0.053098518401384354 0.4812411864598592
0 0.002615201286971569 0.22744526465733847 0.013373940251767635 0.2340660293896993 0.025787871330976486 0.252824862798055 0.04233977571129799 0.2693767746289571 0.043167371302843094 0.28151482343673706 0.046477753669023514 0.3190324902534485 0.05558130145072937 0.34441208839416504 0.06302966177463531 0.36427438259124756 0.06965042650699615 0.3896539608637492 0.07461599260568619 0.4150335391362508 0.07958156615495682 0.4326889117558797 0.07875397056341171 0.4459304412206014 0.06716763973236084 0.4503442843755086 0.05558130145072937 0.4503442843755086 0.049788136035203934 0.4326889117558797 0.043167371302843094 0.41393009821573895 0.03985699266195297 0.3896539608637492 0.03406382352113724 0.36648130416870117 0.02661546692252159 0.3510328531265259 0.019167108461260796 0.3344809214274089 0.010891154408454895 0.3234463334083557 0.0017876059282571077 0.3168255686759949 0.0009765625 0.27930790185928345 0.0017876059282571077 0.24620409806569418
0 0.15158236026763916 0.4051024119059245 0.15489274263381958 0.3896539608637492 0.16813427209854126 0.38082627455393475 0.17972061038017273 0.37861935297648114 0.18551376461982727 0.3841366370519002 0.1921345293521881 0.40399893124898273 0.19627250730991364 0.41393009821573895 0.19627250730991364 0.43158547083536786 0.1896517425775528 0.4470338821411133 0.18551376461982727 0.4657927354176839 0.17723782360553741 0.4613788922627767 0.17144465446472168 0.4514477252960205 0.16565148532390594 0.4348958333333333 0.1573755294084549 0.42386122544606525
0 0.16565148532390594 0.4635858138402303 0.1764102280139923 0.47241350015004474 0.18551376461982727 0.4834481080373128 0.1904793381690979 0.48896539211273193 0.19461731612682343 0.5022069215774536 0.19544491171836853 0.5165518919626871 0.19875529408454895 0.5242761373519897 0.1896517425775528 0.5308969020843506 0.17806541919708252 0.5308969020843506 0.16896186769008636 0.5275864998499552 0.16151350736618042 0.523172656695048 0.158203125 0.5099311272303263 0.15489274263381958 0.49337923526763916 0.1565479338169098 0.47793078422546387
0 0.18799655139446259 0.37310202916463214 0.19544491171836853 0.36206746101379395 0.2053760588169098 0.34992937246958417 0.21447961032390594 0.3399982452392578 0.21944518387317657 0.32675671577453613 0.23020392656326294 0.3035840392112732 0.2393074631690979 0.3024805784225464 0.23682467639446259 0.3212394118309021 0.23516948521137238 0.3433086077372233 0.2376522719860077 0.35986053943634033 0.24344544112682343 0.36537782351175946 0.2219279706478119 0.39296432336171466 0.21696239709854126 0.3973781665166219 0.2086864411830902 0.39627472559611004 0.19544491171836853 0.39075740178426105
0 0.2062036544084549 0.41393009821573895 0.21613480150699615 0.4073093334833781 0.22606594860553741 0.3973781665166219 0.2384798675775528 0.3841366370519002 0.24510063230991364 0.3764124313990275 0.2550317943096161 0.36317090193430585 0.2724112868309021 0.3576536178588867 0.2922735810279846 0.3422051668167114 0.30054953694343567 0.34772245089213055 0.3038599193096161 0.36427438259124756 0.3079978823661804 0.3764124313990275 0.31213584542274475 0.38855048020680744 0.3046875 0.40620585282643634 0.2889631986618042 0.42165430386861164 0.27820444107055664 0.4348958333333333 0.26330772042274475 0.45586156845092773 0.2542041838169098 0.4646892547607422 0.24675582349300385 0.471310019493103 0.23599708080291748 0.4691030979156494 0.22606594860553741 0.45806849002838135 0.20951403677463531 0.4459304412206014 0.20372086763381958 0.43820619583129883 0.20206567645072937 0.424964706103007
0 0.3212394118309021 0.3764124313990275 0.33199813961982727 0.37530895074208576 0.34275689721107483 0.3863435586293538 0.3526880443096161 0.4017920096715291 0.36427435278892517 0.4172404607137044 0.3725503087043762 0.43379239241282147 0.37586069107055664 0.44372351964314777 0.3667571544647217 0.4514477252960205 0.34772247076034546 0.43710275491078693 0.3369637131690979 0.42606814702351886 0.32620498538017273 0.4095162550608317 0.3195842206478119 0.4017920096715291 0.3171014189720154 0.39296432336171466
0 0.34523966908454895 0.4702065785725911 0.35930877923965454 0.4668961763381958 0.3725503087043762 0.4702065785725911 0.3675847351551056 0.49117231369018555 0.3659295439720154 0.5022069215774536 0.37503311038017273 0.5121380488077799 0.3882746398448944 0.5110346078872681 0.39158502221107483 0.5187588135401408 0.37999868392944336 0.5331038236618042 0.36179158091545105 0.5507591962814331 0.35765358805656433 0.5640007257461548 0.34855005145072937 0.5474487940470377 0.34358447790145874 0.5320003430048624 0.34275689721107483 0.5187588135401408 0.34275689721107483 0.5033103624979655 0.34358447790145874 0.4867584705352783
0 0.24510063230991364 0.49227579434712726 0.255859375 0.49337923526763916 0.26661810278892517 0.5011034409205118 0.2757216691970825 0.5099311272303263 0.2881355881690979 0.5242761373519897 0.30054953694343567 0.5386211077372233 0.29889434576034546 0.5551730394363403 0.2897907793521881 0.557379961013794 0.27985963225364685 0.5562764803568522 0.2699284851551056 0.5551730394363403 0.2591697573661804 0.5441384315490723 0.2542041838169098 0.5353107452392578 0.24841101467609406 0.528689980506897 0.24344544112682343 0.5220692157745361 0.240135058760643 0.5055172840754191
0 0.3055150806903839 0.5684145291646322 0.3171014189720154 0.551862637201945 0.32786017656326294 0.5353107452392578 0.3344809412956238 0.5264830589294434 0.3369637131690979 0.5430349508921305 0.3411017060279846 0.5595868825912476 0.3502052426338196 0.5717249313990275 0.3526880443096161 0.5816560586293539 0.34855005145072937 0.6015183528264364 0.3386189043521881 0.6147598822911581 0.32868775725364685 0.6213806470235189 0.322066992521286 0.6224841276804606 0.31627383828163147 0.620277206103007 0.31627383828163147 0.602621833483378 0.31379103660583496 0.5960010687510172
0 0.44041314721107483 0.07296080390612285 0.451171875 0.0608227401971817 0.46193060278892517 0.056408897042274475 0.468551367521286 0.0608227401971817 0.47765493392944336 0.08509887258211772 0.48924127221107483 0.10165077447891235 0.5041379928588867 0.1104784607887268 0.5215174555778503 0.11599576473236084 0.5364142060279846 0.11820268630981445 0.5463453531265259 0.12703036268552145 0.5364142060279846 0.14578919609387717 0.5231726765632629 0.16234109799067178 0.5198622941970825 0.17006532351175943 0.5057931542396545 0.1645480195681254 0.49006885290145874 0.1634445587793986 0.4851032793521881 0.14247881372769675 0.4801377058029175 0.12592690189679465 0.47434455156326294 0.11489230394363403 0.46275821328163147 0.10496115684509277 0.4503442943096161 0.09282309810320537 0.44537872076034546 0.08399541179339091
0 0.5637248158454895 0.0023393360897898674 0.5604144334793091 0.00785663848121961 0.5802767276763916 0.016684322307507198 0.5943458676338196 0.023305085798104603 0.6051046252250671 0.027718926469484966 0.6183461546897888 0.027718926469484966 0.6257944703102112 0.017787783096234005 0.6274496912956238 0.006753177692492803 0.6125529408454895 0.0034427965680758157 0.5951734781265259 0.0034427965680758157 0.5811043381690979 0.0034427965680758157
0 0.6365532279014587 0.0034427965680758157 0.6506223678588867 0.016684322307507198 0.6680018305778503 0.02109816422065099 0.6779329776763916 0.02661546568075816 0.6903469562530518 0.035443149507045746 0.7160024046897888 0.044270833333333336 0.7333818674087524 0.05420197546482086 0.7474510073661804 0.07075388232866923 0.7482786178588867 0.09061617652575175 0.7557269334793091 0.08509887258211772 0.7747616767883301 0.056408897042274475 0.7904859781265259 0.035443149507045746 0.7937963604927063 0.019994703431924183 0.7913135886192322 0.005649717524647713 0.7764168381690979 0.0034427965680758157 0.7565545439720154 0.0034427965680758157 0.730071485042572 0.0013020833333333333 0.704416036605835 0.0013020833333333333 0.6771054267883301 0.0013020833333333333 0.660553514957428 0.0034427965680758157
0 0.606759786605835 0.040960450967152916 0.6142081618309021 0.038753531873226166 0.6257944703102112 0.032132767140865326 0.6340704560279846 0.022201625009377796 0.6398636102676392 0.02109816422065099 0.6506223678588867 0.028822387258211773 0.6638638973236084 0.031029308835665386 0.6630362868309021 0.04978813727696737 0.6547603011131287 0.06523658335208893 0.6456567645072937 0.09061617652575175 0.6431739926338196 0.11268538236618042 0.6340704560279846 0.12703036268552145 0.6200013160705566 0.12813382347424826 0.6142081618309021 0.11930614709854126 0.6009666323661804 0.109375 0.5827595591545105 0.1082715392112732 0.5720008015632629 0.10606461763381958 0.5926907062530518 0.09171963731447856 0.6017942428588867 0.07296080390612285 0.6042770147323608 0.05751235783100128
0 0.5281382203102112 0.17447916666666666 0.539724588394165 0.15903071562449136 0.548828125 0.14468573530515036 0.5620696544647217 0.14799611767133078 0.5753111839294434 0.1535134216149648 0.588552713394165 0.1634445587793986 0.5926907062530518 0.17668608824412027 0.5918630957603455 0.18882415692011514 0.5868974924087524 0.20316914717356363 0.5753111839294434 0.20206568638483682 0.5645524263381958 0.20206568638483682 0.5521385073661804 0.20537606875101724 0.5446901321411133 0.1965483824412028 0.534758985042572 0.18441031376520792
0 0.6009666323661804 0.15792726476987204 0.611725389957428 0.14799611767133078 0.6175185441970825 0.14358227451642355 0.6299324631690979 0.13916843136151633 0.6415188312530518 0.1325476666291555 0.6489671468734741 0.13034074505170187 0.6564155220985413 0.15461688240369162 0.6688294410705566 0.17116878430048624 0.6795881986618042 0.18551377455393472 0.6944848895072937 0.20096222559611002 0.7126920223236084 0.2153071959813436 0.7160024046897888 0.22744526465733847 0.7118644118309021 0.24510063727696738 0.7052436470985413 0.25944562753041583 0.7002780437469482 0.2704802354176839 0.6994504928588867 0.28151482343673706 0.6969676613807678 0.29696327447891235 0.6895193457603455 0.3035840392112732 0.6729674339294434 0.3091013431549072 0.6506223678588867 0.3168255686759949 0.637380838394165 0.3190324902534485 0.6332428455352783 0.29917019605636597 0.6282773017883301 0.28041136264801025 0.6200013160705566 0.26165254910786945 0.6084150075912476 0.24179025491078696 0.5984838604927063 0.22744526465733847 0.5902078747749329 0.2175141175587972 0.5968286395072937 0.20206568638483682 0.6009666323661804 0.1833068529764811
0 0.7515890002250671 0.10165077447891235 0.7590373158454895 0.10496115684509277 0.7681409120559692 0.11709922552108765 0.7755892276763916 0.13034074505170187 0.7863479852676392 0.1347545882066091 0.8004171252250671 0.15682380398114523 0.802072286605835 0.17337570587793985 0.7904859781265259 0.18661723534266153 0.7706236839294434 0.20206568638483682 0.7557269334793091 0.1976518432299296 0.7474510073661804 0.19434146086374918 0.744140625 0.16896186272303262 0.7491061687469482 0.14578919609387717 0.7499337792396545 0.12482345104217529
0 0.0009765625 0.6335186958312988 0.015029131434857845 0.6335186958312988 0.03323622792959213 0.643449862798055 0.04233977571129799 0.6500706275304159 0.04565015807747841 0.6677259604136149 0.04233977571129799 0.6964159806569418 0.048132944852113724 0.7184851964314779 0.04233977571129799 0.7328301270802816 0.028270656242966652 0.7571063041687012 0.024132680147886276 0.7725547154744467 0.01420153584331274 0.7714512348175049 0.008408368565142155 0.7515889803568522 0.0009765625 0.735037088394165 0.0009765625 0.6908986568450928 0.0017876059282571077 0.6622086763381958
0 0.04896054044365883 0.6500706275304159 0.05889168381690979 0.6456567843755087 0.06965042650699615 0.6445533037185669 0.08206435292959213 0.6500706275304159 0.08785752207040787 0.661105235417684 0.09613347798585892 0.6787606080373129 0.10523702204227448 0.6964159806569418 0.11351297795772552 0.7118643919626871 0.11930614709854126 0.7206920782725016 0.12013374269008636 0.729519764582316 0.10440942645072937 0.7195885976155599 0.09530588239431381 0.7085540294647217 0.08206435292959213 0.6986228624979655 0.06882283091545105 0.6920021375020345 0.05558130145072937 0.689795176188151 0.05558130145072937 0.6743467648824056 0.05723649263381958 0.6633121569951376
0 0.12344411760568619 0.5595868825912476 0.13006488978862762 0.5540695587793986 0.13668563961982727 0.5496557156244913 0.14413399994373322 0.5640007257461548 0.15158236026763916 0.5794491370519003 0.16234110295772552 0.592690666516622 0.17061705887317657 0.60372527440389 0.17061705887317657 0.6313117742538452 0.1747550368309021 0.6467602252960205 0.1755826324224472 0.661105235417684 0.1747550368309021 0.6776571273803711 0.173927441239357 0.700829823811849 0.17806541919708252 0.7262094020843506 0.18220339715480804 0.7427612940470377 0.18385857343673706 0.7604166666666666 0.16234110295772552 0.7626235485076904 0.14661678671836853 0.752692461013794 0.13420285284519196 0.7438647747039795 0.12840969860553741 0.7361405690511068 0.12923729419708252 0.7251059214274088 0.13751323521137238 0.7096575101216634 0.1408236175775528 0.6931056181589762 0.14909957349300385 0.6743467648824056 0.14578919112682343 0.6588983138402303 0.142478808760643 0.6412429412206014 0.13668563961982727 0.6224841276804606 0.13337527215480804 0.602621833483378 0.13089248538017273 0.5849664608637491
0 0.3063426911830902 0.6092425982157389 0.31048065423965454 0.6191737254460653 0.31544622778892517 0.637932538986206 0.3187566101551056 0.6500706275304159 0.3079978823661804 0.6644155979156494 0.29972192645072937 0.6633121569951376 0.29723915457725525 0.6478637059529623 0.3013771176338196 0.6346221764882406
0 0.18551376461982727 0.6633121569951376 0.19627250730991364 0.6633121569951376 0.20454846322536469 0.6787606080373129 0.21199682354927063 0.6997263431549072 0.21613480150699615 0.7085540294647217 0.21613480150699615 0.7251059214274088 0.2086864411830902 0.7427612940470377 0.19958288967609406 0.7537959416707357 0.19378972053527832 0.7560028235117594 0.18799655139446259 0.7383474508921305 0.18385857343673706 0.7096575101216634 0.18385857343673706 0.6920021375020345 0.18385857343673706 0.6776571273803711
0 0.21613480150699615 0.666622519493103 0.23103152215480804 0.6710364023844401 0.25172141194343567 0.6765536467234293 0.25999733805656433 0.6776571273803711 0.26165252923965454 0.6942090193430582 0.2575145661830902 0.7074505488077799 0.24510063230991364 0.7195885976155599 0.2393074631690979 0.7251059214274088 0.22937633097171783 0.6997263431549072 0.222755566239357 0.6842779318491617
0 0.29475635290145874 0.6798640886942545 0.3055150806903839 0.6732432842254639 0.3171014189720154 0.666622519493103 0.3237221837043762 0.6544844706853231 0.32786017656326294 0.6390360196431478 0.336136132478714 0.6335186958312988 0.34937766194343567 0.6257944901784261 0.36013638973236084 0.6357256174087524 0.37917107343673706 0.6357256174087524 0.3899298310279846 0.6423463821411133 0.39406779408454895 0.6644155979156494 0.40234375 0.6754502455393473 0.41310247778892517 0.6809674898783366 0.4188956618309021 0.6920021375020345 0.419723242521286 0.7030367056528727 0.40730932354927063 0.7162782351175944 0.3857918381690979 0.7184851964314779 0.3733779191970825 0.7273128827412924 0.36096397042274475 0.740554412206014 0.34937766194343567 0.7460716565450033 0.33117055892944336 0.7427612940470377 0.31130826473236084 0.747175137201945 0.29806673526763916 0.7537959416707357 0.2897907793521881 0.7670373916625977 0.28151482343673706 0.7758650779724121 0.27903205156326294 0.7626235485076904 0.28399762511253357 0.7427612940470377 0.29475635290145874 0.735037088394165 0.30882546305656433 0.7262094020843506 0.31627383828163147 0.7140713532765707 0.31048065423965454 0.700829823811849 0.3013771176338196 0.6920021375020345
0 0.11930614709854126 0.9049700101216634 0.13420285284519196 0.9027630488077799 0.14992716908454895 0.9104872544606527 0.16151350736618042 0.9115907351175944 0.1747550368309021 0.9093838532765707 0.18220339715480804 0.9027630488077799 0.19461731612682343 0.8950388431549072 0.20041048526763916 0.8939353624979655 0.21447961032390594 0.8928318818410238 0.22854873538017273 0.8895215193430582 0.21944518387317657 0.9027630488077799 0.21199682354927063 0.9204184214274088 0.20123808085918427 0.935866912206014 0.18716895580291748 0.9446945985158285 0.16234110295772552 0.9402807553609213 0.14578919112682343 0.9413841565450033 0.13337527215480804 0.942487637201945 0.1259269118309021 0.9446945985158285 0.12261652201414108 0.9281426270802816
0 0.0009765625 0.9435911178588867 0.008408368565142155 0.9446945985158285 0.01833951286971569 0.9491084416707357 0.03323622792959213 0.9612464904785156 0.029098251834511757 0.9766949017842611 0.0199947040528059 0.987729549407959 0.010063559748232365 0.9965572357177734 0.005246954504400492 0.9986979166666666 0.0009765625 0.9867757161458334 0.0009765625 0.9612464904785156
0 0.03406382352113724 0.9833157062530518 0.04233977571129799 0.9722810586293539 0.05061573162674904 0.9700741767883301 0.06799523532390594 0.9777983824412028 0.08123675733804703 0.9866260687510172 0.0936506912112236 0.9932467937469482 0.0762711837887764 0.9976606369018555 0.05558130145072937 0.9976606369018555 0.0439949668943882 0.9976606369018555
0 0.19296212494373322 0.9557291666666666 0.2062036544084549 0.9402807553609213 0.21778999269008636 0.9292461077372233 0.22606594860553741 0.9391772747039795 0.23185910284519196 0.9469014803568522 0.24179024994373322 0.9524188041687012 0.25006622076034546 0.9557291666666666 0.2533766031265259 0.9733845392862955 0.26082494854927063 0.9921433925628662 0.2615272104740143 0.9986979166666666 0.23434188961982727 0.99435027440389 0.21613480150699615 0.9965572357177734 0.20454846322536469 0.9965572357177734 0.19792769849300385 0.99435027440389 0.19627250730991364 0.9833157062530518
0 0.44455111026763916 0.7273128827412924 0.45862022042274475 0.7328301270802816 0.4635857939720154 0.7394509315490723 0.45944783091545105 0.7515889803568522 0.4495166838169098 0.7537959416707357 0.44537872076034546 0.7515889803568522
0 0.4188956618309021 0.792417049407959 0.4362751543521881 0.792417049407959 0.44537872076034546 0.7957274119059244 0.4544822573661804 0.8056585788726807 0.46027541160583496 0.8012447357177734 0.45862022042274475 0.78689972559611 0.4536546468734741 0.7670373916625977 0.44455111026763916 0.7626235485076904 0.4379303455352783 0.7604166666666666 0.42965438961982727 0.7703478336334229 0.42634400725364685 0.7802789211273193
0 0.45613744854927063 0.8343485196431478 0.4677237868309021 0.8310381571451823 0.47765493392944336 0.8288311958312988 0.49006885290145874 0.8310381571451823 0.47682732343673706 0.8575212160746256 0.47268936038017273 0.8762799898783366 0.4652409851551056 0.8784869511922201 0.4528270661830902 0.8751765886942545 0.4528270661830902 0.8575212160746256
0 0.48841366171836853 0.8486935297648112 0.5016551613807678 0.8409692446390787 0.5165519118309021 0.8398658434549967 0.5215174555778503 0.8442796866099039 0.5240002870559692 0.8641419410705566 0.5256554484367371 0.8795904318491617 0.5173795223236084 0.8939353624979655 0.5082759261131287 0.9027630488077799 0.4991724193096161 0.9126942157745361 0.4859308898448944 0.9126942157745361 0.47931012511253357 0.9060734113057455 0.47848251461982727 0.8939353624979655 0.47765493392944336 0.8829007943471273 0.4834480881690979 0.8674523035685221
0 0.38834407925605774 0.8932473659515381 0.3992706537246704 0.8850524425506592 0.42112380266189575 0.8777680397033691 0.43546491861343384 0.8768575191497803 0.4463914930820465 0.881410280863444 0.4655129909515381 0.8850524425506592 0.47165921330451965 0.8886946042378744 0.4702933728694916 0.901442289352417 0.4545864164829254 0.9023528893788656 0.43887948989868164 0.9069055716196696 0.42795291543006897 0.9160110950469971 0.42248961329460144 0.9369537035624186 0.418392151594162 0.9597173531850179 0.4136117696762085 0.974286158879598 0.40473392605781555 0.9897654056549072 0.39517319202423096 0.9952287673950195 0.386295348405838 0.9961392879486084 0.3808320462703705 0.9906760056813558 0.3828807771205902 0.9660912354787191 0.38697826862335205 0.9360431035359701 0.386295348405838 0.9141899744669596
0 0.40814849734306335 0.9952287673950195 0.4231725335121155 0.9961392879486084 0.43546491861343384 0.9961392879486084 0.42453834414482117 0.9843021233876547 0.418392151594162 0.9806599617004395
0 0.5119509100914001 0.9141899744669596 0.5215116739273071 0.9032634099324545 0.529706597328186 0.8905157248179117 0.5338040590286255 0.8823208014170328 0.5447306632995605 0.8968896071116129 0.5638521909713745 0.9069055716196696 0.5720471143722534 0.908726692199707 0.5891198515892029 0.9123688538869222 0.5993635058403015 0.9132794539133707 0.5966318845748901 0.9333114624023438 0.591851532459259 0.944238026936849 0.5740958452224731 0.9487907886505127 0.5618034601211548 0.9542540709177653 0.5433648228645325 0.9588068326314291 0.5324382781982422 0.9633595943450928 0.526292085647583 0.9606279532114664 0.5194629430770874 0.9451486269632975 0.515365481376648 0.9324009418487549
0 0.6014122366905212 0.6118881305058798 0.6246312260627747 0.6173514127731323 0.6396552920341492 0.6228146950403849 0.6587767601013184 0.6264568567276001 0.6642400622367859 0.6291885375976562 0.6669716835021973 0.6473994652430216 0.669020414352417 0.661057710647583 0.6628742218017578 0.6719842751820883 0.6546792984008789 0.6747159163157145 0.6430698037147522 0.6665209929148356 0.6294115781784058 0.653773307800293 0.6150704622268677 0.6364729007085165 0.6068755388259888 0.6246357758839926
0 0.7475551962852478 0.5363126595815023 0.7598475813865662 0.5317598978678385 0.776237428188324 0.5344915390014648 0.7939931154251099 0.529938817024231 0.800139307975769 0.5208333333333334 0.8069684505462646 0.5171911319096884 0.8254070281982422 0.5290282567342123 0.8363335728645325 0.5408653815587362 0.8308703303337097 0.557255228360494 0.8260899186134338 0.5700029134750366 0.8274557590484619 0.5854822397232056 0.8213095664978027 0.5945877234141032 0.808334231376648 0.599140445391337 0.7967247366905212 0.6000510056813558 0.7844323515892029 0.5873033205668131 0.7714570760726929 0.576376756032308 0.7639450430870056 0.5700029134750366 0.7577988505363464 0.5563447078069051 0.7557501196861267 0.5472392241160074
0 0.7933102250099182 0.13293997446695963 0.8042367696762085 0.13385052482287088 0.819260835647583 0.13567161560058594 0.8240411877632141 0.1393138070901235 0.8267728090286255 0.15752476453781128 0.8233582973480225 0.17391463120778403 0.8165291547775269 0.1766462723414103 0.8076513409614563 0.1775568127632141 0.808334231376648 0.1602564056714376 0.8015051484107971 0.14841929078102112
0 0.7933102250099182 0.19849942127863565 0.8062855005264282 0.18757283687591553 0.8185778856277466 0.18484119574228922 0.8260899186134338 0.18757283687591553 0.8342848420143127 0.20214160283406576 0.8376994132995605 0.2157998283704122 0.8206266164779663 0.2176209290822347 0.8042367696762085 0.2130681872367859 0.7974076867103577 0.20669434467951456
0 0.8315532207489014 0.13293997446695963 0.8431627154350281 0.12474505106608073 0.8540892601013184 0.12019230922063191 0.860918402671814 0.11199737588564555 0.8704791069030762 0.1110868255297343 0.8841373324394226 0.1183712085088094 0.8930152058601379 0.1311188836892446 0.9025759100914001 0.141134907801946 0.8957468271255493 0.16571969787279764 0.8950639367103577 0.18028845389684042 0.8868690133094788 0.19303613901138306 0.875259518623352 0.20305216312408447 0.8616012930870056 0.20396270354588827 0.8472601771354675 0.20305216312408447 0.8404310345649719 0.20123106241226196 0.8329190611839294 0.18484119574228922 0.8288215398788452 0.1775568127632141 0.8308703303337097 0.15843531489372253
0 0.9312582015991211 0.10016026099522908 0.9387702345848083 0.09560751914978027 0.9462822079658508 0.09833916028340657 0.9510626196861267 0.1156395673751831 0.9524284601211548 0.13476107517878214 0.9558429718017578 0.1465981900691986 0.9688183069229126 0.14932984113693237 0.9838423132896423 0.1538825730482737 0.9899885058403015 0.15752476453781128 0.9886227250099182 0.17391463120778403 0.9831594228744507 0.18575175603230795 0.971549928188324 0.19576778014500937 0.9613062739372253 0.20214160283406576 0.9483309388160706 0.2139787276585897 0.9374043941497803 0.2221736510594686 0.9264777898788452 0.22763695319493613 0.9182828664779663 0.22763695319493613 0.9100879430770874 0.2176209290822347 0.9039417505264282 0.20396270354588827 0.9018930196762085 0.19212557872136435 0.9012101292610168 0.170272429784139 0.9039417505264282 0.14841929078102112 0.9094050526618958 0.1438665489355723 0.9175999760627747 0.1393138070901235 0.9251120090484619 0.13020833333333334 0.9285265803337097 0.11928175886472066
0 0.841796875 0.21033654610315958 0.8561379909515381 0.20851544539133707 0.8725278377532959 0.21033654610315958 0.8793569803237915 0.21215762694676718 0.883454442024231 0.2285474936167399 0.8882347941398621 0.24129515886306763 0.8930152058601379 0.2540428241093953 0.897795557975769 0.2622377673784892 0.9080392122268677 0.2649694085121155 0.9223803281784058 0.26770104964574176 0.9339898228645325 0.2731643319129944 0.939453125 0.278627614180247 0.9408189654350281 0.2931963801383972 0.9360385537147522 0.3141389886538188 0.9353556632995605 0.3323499361673991 0.9333069324493408 0.34236598014831543 0.9278436303138733 0.3460081418355306 0.9128196239471436 0.3378132184346517 0.896429717540741 0.328707754611969 0.8855031728744507 0.3205128113428752 0.8711620569229126 0.31322842836380005 0.8677474856376648 0.30503350496292114 0.8677474856376648 0.282269815603892 0.8656987547874451 0.2604166666666667 0.8527234196662903 0.24949010213216147 0.8465772271156311 0.23492133617401123
0 0.9688183069229126 0.38334063688913983 0.9756473898887634 0.36512966950734455 0.982476532459259 0.3487397829691569 0.9899885058403015 0.3369026978810628 0.9975005388259888 0.3259761134783427 0.9990234375 0.33206766843795776 0.9990234375 0.3951777219772339 0.9990234375 0.42977853616078693 0.9990234375 0.45527390638987225 0.9990234375 0.4616477092107137 0.9893056154251099 0.4434367815653483 0.9858910441398621 0.42067309220631915 0.9790619611740112 0.40610432624816895 0.9708670377731323 0.3960882822672526
0 0.9531113505363464 0.5308493773142496 0.9592575430870056 0.5171911319096884 0.9647208452224731 0.5035329262415568 0.9722328186035156 0.49351688226064044 0.9831594228744507 0.4862325191497803 0.9934030771255493 0.483500878016154 0.9990234375 0.4849996169408162 0.9990234375 0.510817289352417 0.9990234375 0.5426864624023438 0.9990234375 0.5627185503641764 0.9975005388259888 0.572734554608663 0.9899885058403015 0.5754661957422892 0.9797448515892029 0.5681818326314291 0.9695011973381042 0.5481497844060262
0 0.9879397749900818 0.5900349617004395 0.9975005388259888 0.5827505985895792 0.9990234375 0.5873192548751831 0.9990234375 0.6310096184412638 0.9988663792610168 0.6592365900675455 0.9990234375 0.6601790189743042 0.9927201867103577 0.668342113494873 0.9886227250099182 0.6565049489339193 0.9858910441398621 0.641936182975769 0.9852081537246704 0.6191724936167399 0.9845252633094788 0.5982298851013184
0 0.8015051484107971 0.6127986510594686 0.8117488026618958 0.6027826468149821 0.8260899186134338 0.5973193645477295 0.8349677920341492 0.5964088042577108 0.8445284962654114 0.6055142879486084 0.8554551005363464 0.614619771639506 0.8697962164878845 0.6264568567276001 0.873893678188324 0.6310096184412638 0.8786740899085999 0.6392045418421427 0.8820886015892029 0.653773307800293 0.8923322558403015 0.6692526340484619 0.8984784483909607 0.6774475574493408 0.8855031728744507 0.696569045384725 0.8786740899085999 0.7065850893656412 0.875259518623352 0.7120483716328939 0.8622841835021973 0.7002112865447998 0.8581867218017578 0.696569045384725 0.8493089079856873 0.6993006865183512 0.8458943367004395 0.7093167304992676 0.8445284962654114 0.7202432950337728 0.8445284962654114 0.738454262415568 0.8349677920341492 0.7302593390146891 0.8233582973480225 0.7184221744537354 0.809700071811676 0.7065850893656412 0.7905785441398621 0.6883741219838461 0.7905785441398621 0.6820003191630045 0.798773467540741 0.6738053957621256 0.7980905771255493 0.6601471503575643 0.7953589558601379 0.6446678241093954 0.7953589558601379 0.6328306992848715 0.7994564175605774 0.6219041347503662
0 0.8861860632896423 0.6346518198649088 0.8950639367103577 0.6264568567276001 0.9039417505264282 0.614619771639506 0.9094050526618958 0.6036931673685709 0.916917085647583 0.607335368792216 0.9292094707489014 0.6118881305058798 0.939453125 0.6209935744603475 0.949013888835907 0.6337412595748901 0.9599404335021973 0.6364729007085165 0.972915768623352 0.6392045418421427 0.9783790707588196 0.6410256226857504 0.9852081537246704 0.6656104326248169 0.9975005388259888 0.6847319602966309 0.9988663792610168 0.6993006865183512 0.9988663792610168 0.7320803801218668 0.9975005388259888 0.7685023148854574 0.9906714558601379 0.765770673751831 0.9722328186035156 0.7603073914845785 0.9667695760726929 0.7603073914845785 0.9667695760726929 0.7448280652364095 0.9708670377731323 0.7284382184346517 0.9667695760726929 0.7093167304992676 0.9640378952026367 0.6874636014302572 0.9531113505363464 0.6774475574493408 0.9435505867004395 0.6692526340484619 0.9319410920143127 0.6719842751820883 0.9175999760627747 0.6719842751820883 0.9066734313964844 0.6701631546020508 0.8991613984107971 0.6674315134684244 0.8902835249900818 0.6546838680903116
0 0.8520405292510986 0.8422567049662272 0.8595525622367859 0.8386145432790121 0.8691133260726929 0.8413461844126383 0.8814057111740112 0.8486305077870687 0.8923322558403015 0.8559149106343588 0.9053075909614563 0.8668414751688639 0.9210145473480225 0.8795891602834066 0.9305753111839294 0.8841419219970703 0.9442334771156311 0.8886946042378744 0.9510626196861267 0.9059950510660807 0.9503796696662903 0.9223848978678385 0.9251120090484619 0.9187427361806234 0.9128196239471436 0.9360431035359701 0.9114537835121155 0.9597173531850179 0.9080392122268677 0.9688228766123453 0.8991613984107971 0.9779283205668131 0.8916493654251099 0.9806599617004395 0.884820282459259 0.9715545177459717 0.8773082494735718 0.9588068326314291 0.8704791069030762 0.9460591475168864 0.8602354526519775 0.9378642241160074 0.8575038313865662 0.9287587801615397 0.860918402671814 0.9105478127797445 0.860918402671814 0.8896052042643229 0.8581867218017578 0.8713942368825277 0.8547722101211548 0.8559149106343588
0 0.972915768623352 0.9405958652496338 0.972915768623352 0.9269376595815023 0.9865739941596985 0.9287587801615397 0.9990234375 0.9313797156016032 0.9975005388259888 0.9615384737650553 0.9961346983909607 0.9824810822804769 0.9838423132896423 0.9651806354522705 0.9770132303237915 0.9551645914713541
0 0.6854103207588196 0.6701631546020508 0.6908735632896423 0.668342113494873 0.7018001675605774 0.668342113494873 0.7113609313964844 0.6701631546020508 0.7202387452125549 0.676537036895752 0.7352628111839294 0.6892846425374349 0.7420918941497803 0.7002112865447998 0.7393602728843689 0.7129588921864828 0.7352628111839294 0.7366331418355306 0.7311652898788452 0.7621285120646158 0.7311652898788452 0.7821605205535889 0.7311652898788452 0.804013729095459 0.7270678281784058 0.8140296936035156 0.7243362069129944 0.8267773787180582 0.725019097328186 0.8458988666534424 0.7257020473480225 0.8568254311879476 0.7175071239471436 0.8631993134816488 0.7099950909614563 0.8668414751688639 0.7018001675605774 0.8732153574625651 0.6983855962753296 0.8777680397033691 0.6901906728744507 0.8750363985697428 0.6860932111740112 0.8686625957489014 0.6874590516090393 0.8449883460998535 0.6833615899085999 0.8285984992980957 0.6806299090385437 0.8158508141835531 0.6765324473381042 0.796729326248169 0.678581178188324 0.78853440284729 0.6826786398887634 0.7776078383127848 0.6874590516090393 0.7639495531717936 0.6901906728744507 0.7512019475301107 0.6888248324394226 0.7247960567474365 0.688141942024231 0.7011218070983887 0.6860932111740112 0.6838213602701823
0 0.5563401579856873 0.816761334737142 0.5631692409515381 0.8085664113362631 0.5740958452224731 0.816761334737142 0.591851532459259 0.8222246170043945 0.6137046813964844 0.831330140431722 0.623948335647583 0.831330140431722 0.6307774186134338 0.8386145432790121 0.6287286877632141 0.8595570723215739 0.6314603090286255 0.8795891602834066 0.6410210728645325 0.8905157248179117 0.6478502154350281 0.8968896071116129 0.6396552920341492 0.9096372127532959 0.6198508739471436 0.9114583333333334 0.6020951867103577 0.9105478127797445 0.6027780771255493 0.894157886505127 0.6020951867103577 0.8750363985697428 0.5952660441398621 0.8650204340616862 0.5788761973381042 0.8559149106343588 0.5652179718017578 0.8486305077870687 0.5618034601211548 0.8322406609853109
0 0.5385844707489014 0.8340617815653483 0.5474622845649719 0.8185824553171793 0.5549743175506592 0.8322406609853109 0.5597546696662903 0.8495411078135172 0.5686325430870056 0.8613781929016113 0.5829736590385437 0.8677520751953125 0.5945831537246704 0.8768575191497803 0.5986806154251099 0.8886946042378744 0.5966318845748901 0.9041739304860433 0.5836565494537354 0.9023528893788656 0.5665838122367859 0.8959790070851644 0.5529255867004395 0.8905157248179117 0.5440477728843689 0.8804996808369955 0.5399503111839294 0.8686625957489014 0.5385844707489014 0.8540937900543213
0 0.6567280292510986 0.8959790070851644 0.6594597101211548 0.8868735631306967 0.6683375239372253 0.881410280863444 0.6813127994537354 0.8795891602834066 0.688141942024231 0.8850524425506592 0.6942881345748901 0.8923368453979492 0.6963368654251099 0.9069055716196696 0.6997514367103577 0.9214743773142496 0.7079463601112366 0.9405958652496338 0.7181900143623352 0.9588068326314291 0.7052146792411804 0.9633595943450928 0.6936052441596985 0.9651806354522705 0.6826786398887634 0.9697333971659342 0.6765324473381042 0.9679122765858968 0.6703862547874451 0.9542540709177653 0.6669716835021973 0.9405958652496338 0.665605902671814 0.9223848978678385 0.6594597101211548 0.9069055716196696
0 0.7564330101013184 0.9606279532114664 0.7653108835220337 0.9424169858296713 0.7714570760726929 0.9278481801350912 0.7769203186035156 0.9232954184214274 0.7851153016090393 0.9269376595815023 0.7960418462753296 0.9369537035624186 0.7974076867103577 0.9497013092041016 0.8035538792610168 0.9688228766123453 0.8117488026618958 0.9797494411468506 0.7939931154251099 0.9852127234141032 0.7803348898887634 0.9915865262349447 0.7728228569030762 0.9852127234141032 0.766676664352417 0.9751966794331869
0 0.8015051484107971 0.9378642241160074 0.8158462643623352 0.9369537035624186 0.8254070281982422 0.9378642241160074 0.8370165228843689 0.9360431035359701 0.8493089079856873 0.9351325829823812 0.8540892601013184 0.9378642241160074 0.8588696718215942 0.9542540709177653 0.8670645952224731 0.9679122765858968 0.8663816452026367 0.9797494411468506 0.8616012930870056 0.9888548851013184 0.8540892601013184 0.9943181673685709 0.8397481441497803 0.9934076468149821 0.8301873803138733 0.9888548851013184 0.8233582973480225 0.9797494411468506 0.8165291547775269 0.9715545177459717 0.8069684505462646 0.9551645914713541
