0 0.0009765625 0.14314272006352743 0.0009765625 0.13990102211634317 0.0009765625 0.13990102211634317 0.0009765625 0.14530385533968607 0.0009765625 0.1555692454179128 0.0009765625 0.16421377658843994 0.0009765625 0.16691519816716513 0.0009765625 0.16313321391741434 0.0009765625 0.1609720786412557 0.0009765625 0.1598915159702301 0.0009765625 0.15252924958864847
0 0.0009765625 0.11396740873654683 0.0009765625 0.10910486181577046 0.0009765625 0.11018542448679607 0.0009765625 0.11666883031527202 0.0009765625 0.11991052826245625 0.0009765625 0.12369251251220703 0.0009765625 0.12909534573554993 0.0009765625 0.13179676731427512 0.0009765625 0.14098158478736877 0.0009765625 0.14530385533968607 0.0009765625 0.1469247043132782 0.0009765625 0.14638441801071167 0.0009765625 0.13936073581377664 0.0009765625 0.1361190378665924 0.0009765625 0.13179676731427512 0.0009765625 0.13017591834068298 0.0009765625 0.12639393409093222 0.0009765625 0.12369251251220703 0.0009765625 0.12045081456502278
0 0.0009765625 0.15502895911534628 0.0009765625 0.15070668856302896 0.0009765625 0.14746499061584473 0.0009765625 0.1469247043132782 0.0009765625 0.14530385533968607 0.0009765625 0.14800527691841125 0.0009765625 0.1512469748655955 0.0009765625 0.15827065706253052 0.0009765625 0.16691519816716513 0.0009765625 0.1717777450879415 0.0009765625 0.1739388902982076 0.0009765625 0.17447916666666666 0.0009765625 0.17123746871948242 0.0009765625 0.17015689611434937 0.0009765625 0.1696166197458903 0.0009765625 0.16313321391741434
0 0.0009765625 0.12369251251220703 0.0009765625 0.1312564810117086 0.0009765625 0.14314272006352743 0.0009765625 0.1496261258920034 0.0009765625 0.15394839644432068 0.0009765625 0.16313321391741434 0.0009765625 0.1739388902982076 0.0009765625 0.17880143721898398 0.0009765625 0.18042228619257608 0.0009765625 0.1825834115346273 0.0009765625 0.19176824887593588 0.0009765625 0.20149334271748862 0.0009765625 0.20527533690134683 0.0009765625 0.20689618587493896 0.0009765625 0.20689618587493896 0.0009765625 0.20473504066467285 0.0009765625 0.19879192113876343 0.0009765625 0.19068767627080283 0.0009765625 0.192848801612854 0.0009765625 0.18744597832361856 0.0009765625 0.18096256256103516 0.0009765625 0.1679957707722982 0.0009765625 0.15502895911534628 0.0009765625 0.14098158478736877 0.0009765625 0.1307162046432495 0.0009765625 0.12801478306452432 0.0009765625 0.12261194984118144
0 0.0009765625 0.16367350021998087 0.0025739073753356934 0.15394839644432068 0.009057313203811646 0.1496261258920034 0.01716156303882599 0.15178726116816202 0.02242933213710785 0.15394839644432068 0.0293179452419281 0.15719009439150491 0.033370062708854675 0.16043179233868918 0.0293179452419281 0.16421377658843994 0.019592836499214172 0.1625929276148478 0.011488586664199829 0.16691519816716513 0.009462520480155945 0.1761000156402588 0.00541040301322937 0.17718058824539185 0.0013582706451416016 0.17447916666666666 0.0009765625 0.17123746871948242
0 0.013514652848243713 0.09127550323804219 0.021618902683258057 0.07884897788365682 0.026886671781539917 0.07560727993647258 0.033370062708854675 0.0772281289100647 0.03904305398464203 0.08749351898829143 0.042689964175224304 0.09613805015881856 0.04552644491195679 0.10586315393447876 0.03377528488636017 0.10262145598729451 0.023239746689796448 0.09775889913241069 0.01797199249267578 0.09451720118522644
0 0.030128374695777893 0.06588217616081238 0.03418049216270447 0.05129452049732208 0.037016987800598145 0.039408281445503235 0.03782740235328674 0.0350860133767128 0.043095171451568604 0.039408281445503235 0.04593166708946228 0.0399485652645429 0.05119942128658295 0.043730551997820534 0.05889846384525299 0.04913338522116343 0.06862355768680573 0.06101962427298228 0.07591740787029266 0.06696274379889171 0.0844268649816513 0.07128500938415527 0.09091027081012726 0.07452671229839325 0.09698845446109772 0.07776841521263123 0.10590313374996185 0.07992954552173615 0.11076568067073822 0.08209068079789479 0.1123865395784378 0.08911436796188354 0.10792918503284454 0.09829918543497722 0.10104058682918549 0.10370201865832011 0.09374676644802094 0.11018542448679607 0.08077995479106903 0.10154089331626892 0.07227049767971039 0.09883947173754375 0.06335581839084625 0.09829918543497722 0.05444113910198212 0.10046032071113586 0.049173370003700256 0.10262145598729451 0.04633687436580658 0.09451720118522644 0.04187953472137451 0.0858726700146993 0.03620655834674835 0.07830869654814403 0.03255964815616608 0.07290586332480113
0 0.012704223394393921 0.1782611608505249 0.01675635576248169 0.17015689611434937 0.02364496886730194 0.16745547453562418 0.026481449604034424 0.1739388902982076 0.026886671781539917 0.18528483311335245 0.026886671781539917 0.19392937421798706 0.026076242327690125 0.20527533690134683 0.02405017614364624 0.2101378838221232 0.01797199249267578 0.2101378838221232 0.011488586664199829 0.21337958176930746 0.006220817565917969 0.21337958176930746 0.010678157210350037 0.1977113684018453 0.012704223394393921 0.1890668272972107
0 0.024860605597496033 0.14638441801071167 0.03093878924846649 0.13828017314275107 0.037422195076942444 0.13828017314275107 0.043905600905418396 0.137199600537618 0.05119942128658295 0.13557875156402588 0.05484633147716522 0.1361190378665924 0.05808804929256439 0.1415218710899353 0.05444113910198212 0.14638441801071167 0.049983784556388855 0.1512469748655955 0.04228474199771881 0.15827065706253052 0.03782740235328674 0.15881094336509705 0.030128374695777893 0.15448867281277975
0 0.10144580900669098 0.14206215739250183 0.10347186028957367 0.12477308511734009 0.10671354830265045 0.11288684606552124 0.11117090284824371 0.10640344023704529 0.11522303521633148 0.10100060701370239 0.1253533512353897 0.09667833646138509 0.1277846246957779 0.09829918543497722 0.13062112033367157 0.1107257107893626 0.13102631270885468 0.1231522262096405 0.13062112033367157 0.137199600537618 0.13183675706386566 0.14638441801071167 0.1407514363527298 0.16367350021998087 0.14682962000370026 0.17718058824539185 0.14804525673389435 0.1847445567448934 0.14480353891849518 0.19338909784952799 0.13629408180713654 0.19987249374389648 0.12900026142597198 0.20527533690134683 0.12332727015018463 0.21067816019058228 0.11805950105190277 0.21608100334803262 0.11198131740093231 0.2295880913734436 0.10752399265766144 0.22634639342625937 0.10833440721035004 0.21337958176930746 0.10914482176303864 0.20041277011235556 0.1127917617559433 0.19230852524439493 0.1123865395784378 0.17988200982411703 0.10873962938785553 0.165294349193573 0.10671354830265045 0.15935122966766357 0.10306663811206818 0.15340811014175415 0.10266144573688507 0.1496261258920034
0 0.08637695014476776 0.2865745822588603 0.08812080323696136 0.2679734031359355 0.09073661267757416 0.2540224989255269 0.09553222358226776 0.2423967719078064 0.10425151884555817 0.2423967719078064 0.10817523300647736 0.2586728135744731 0.10948310792446136 0.2639043927192688 0.10425151884555817 0.2726236979166667 0.10207171738147736 0.2801804343859355 0.09640415012836456 0.2848307291666667
0 0.0009765625 0.2528599301973979 0.0009765625 0.24007161458333334 0.0026715993881225586 0.2348400354385376 0.013570725917816162 0.23716517289479574 0.02534179389476776 0.2458844780921936 0.03100934624671936 0.2575102249781291 0.032753199338912964 0.2697172562281291 0.032753199338912964 0.2801804343859355 0.032753199338912964 0.2871558864911397 0.02534179389476776 0.2894810239473979 0.01880231499671936 0.2888997395833333 0.014878630638122559 0.2825055718421936 0.01269879937171936 0.2697172562281291 0.00964704155921936 0.2662295301755269 0.004415452480316162 0.2633231083552043 0.0009765625 0.2586728135744731
0 0.0009765625 0.2470470666885376 0.0009765625 0.24355934063593546 0.0009765625 0.2487909197807312 0.0009765625 0.2511160771052043 0.0009765625 0.2487909197807312 0.0009765625 0.2487909197807312 0.0009765625 0.2592540979385376 0.0009765625 0.2656482458114624 0.0009765625 0.2702985405921936 0.0009765625 0.2778552770614624 0.0009765625 0.2836681604385376 0.0009765625 0.2859932978947957 0.0009765625 0.2871558864911397 0.0009765625 0.2761114239692688 0.0009765625 0.2679734031359355 0.0009765625 0.2604166666666667
0 0.0009765625 0.3202892541885376 0.0009765625 0.3028506239255269 0.0009765625 0.2918061812718709 0.0009765625 0.2854120135307312 0.0009765625 0.2877371708552043 0.0009765625 0.3092447916666667 0.0009765625 0.3226143916447957 0.0009765625 0.3313336968421936 0.0009765625 0.3359839916229248 0.0009765625 0.3354027271270752 0.0009765625 0.3313336968421936
0 0.0031075626611709595 0.3214518229166667 0.010083004832267761 0.3104073603947957 0.014006689190864563 0.3022693395614624 0.020110204815864563 0.2958751916885376 0.02708566188812256 0.2958751916885376 0.03362514078617096 0.2941313187281291 0.038856714963912964 0.2947126030921936 0.04016461968421936 0.30517578125 0.03754882514476776 0.3162202437718709 0.035804957151412964 0.3226143916447957 0.03100934624671936 0.3272646864255269 0.01923827826976776 0.3336588541666667 0.01226283609867096 0.3388904333114624 0.0061593204736709595 0.3435407479604085 0.0026715993881225586 0.3388904333114624 0.0013636946678161621 0.32958984375
0 0.01575055718421936 0.4016694625218709 0.02534179389476776 0.3824869791666667 0.03144530951976776 0.3755115270614624 0.03972865641117096 0.3737676541010539 0.050191834568977356 0.3731863896052043 0.06109096109867096 0.3673735062281291 0.06981025636196136 0.3621419270833333 0.07416991889476776 0.3650483687718709 0.07329799234867096 0.3743489583333333 0.06632255017757416 0.3801618417104085 0.05673129856586456 0.3888811270395915 0.051499709486961365 0.3917875687281291 0.04321637749671936 0.3952753146489461 0.03493303060531616 0.3981817166010539 0.02534179389476776 0.4005068937937419 0.02185407280921936 0.4016694625218709
0 0.03013741970062256 0.3609793583552043 0.03318917751312256 0.3423781792322795 0.035804957151412964 0.3348214228947957 0.044960230588912964 0.3290085593859355 0.04931989312171936 0.3319150010744731 0.06021903455257416 0.3423781792322795 0.06545062363147736 0.3447033166885376 0.07199008762836456 0.3487723271052043 0.07155413925647736 0.35400390625 0.06457866728305817 0.3603980541229248 0.054551467299461365 0.3650483687718709 0.04583217203617096 0.3679548104604085 0.03972865641117096 0.3691173791885376 0.03231723606586456 0.3696986436843872 0.03013741970062256 0.3673735062281291
0 0.09509624540805817 0.3691173791885376 0.09858398139476776 0.3603980541229248 0.10468749701976776 0.3528413375218709 0.10991908609867096 0.3516787687937419 0.11558662354946136 0.3586542208989461 0.11776645481586456 0.3662109375 0.11776645481586456 0.3760928312937419 0.11471469700336456 0.3894624312718709 0.11209891736507416 0.4051571687062581 0.10991908609867096 0.4150390625 0.10948310792446136 0.4284086624781291 0.10904715955257416 0.4417782624562581 0.10730327665805817 0.4586356083552043 0.10686732828617096 0.4696800708770752 0.10512347519397736 0.4725865125656128 0.10468749701976776 0.4818871021270752 0.09117256104946136 0.4650297562281291 0.08637695014476776 0.4580543041229248 0.09248046576976776 0.4435221354166667 0.09858398139476776 0.4278273979822795 0.10119976103305817 0.4103887478510539 0.10207171738147736 0.3952753146489461 0.10076381266117096 0.3830682833989461
0 0.13215331733226776 0.4737490812937419 0.13869281113147736 0.4644484917322795 0.14697612822055817 0.4574730396270752 0.15438754856586456 0.4493350187937419 0.16223491728305817 0.4429408311843872 0.17008231580257416 0.4406156937281291 0.17400600016117096 0.45166015625 0.17095424234867096 0.4627046187718709 0.16441474854946136 0.4720052083333333 0.15961913764476776 0.4778180917104085 0.15700335800647736 0.4871186812718709 0.15438754856586456 0.4935128291447957 0.14697612822055817 0.4987444082895915 0.14174456894397736 0.4935128291447957 0.13912875950336456 0.4865373770395915 0.13738490641117096 0.4795619249343872
0 0.11035503447055817 0.5498977104822794 0.11558662354946136 0.5417596896489462 0.11776645481586456 0.5295526583989462 0.11733050644397736 0.5156017541885376 0.11907435953617096 0.5045572916666666 0.12256206572055817 0.4964192708333333 0.12735770642757416 0.4929315646489461 0.13389717042446136 0.4958379666010539 0.13694892823696136 0.511532743771871 0.14174456894397736 0.523739775021871 0.14784808456897736 0.538271943728129 0.14872001111507416 0.5469912687937418 0.14261649549007416 0.5568731228510538 0.13651297986507416 0.5644298791885376 0.12910155951976776 0.5655924479166666 0.12212611734867096 0.5638485749562582 0.11689452826976776 0.560360868771871 0.11122699081897736 0.5557105541229248
0 0.14523227512836456 0.5208333333333334 0.14697612822055817 0.5057198603947958 0.15089984238147736 0.5010695854822794 0.15787528455257416 0.4940941333770752 0.16528667509555817 0.4876999457677205 0.17095424234867096 0.4824683666229248 0.17880161106586456 0.4923502604166667 0.18185336887836456 0.4987444082895915 0.17923758924007416 0.5063011646270752 0.17226214706897736 0.5126953125 0.16572265326976776 0.5202520291010538 0.16223491728305817 0.5278087854385376 0.16179896891117096 0.5353655020395914 0.16179896891117096 0.5446660916010538 0.15787528455257416 0.5440848271052042 0.15220771729946136 0.538271943728129 0.14828403294086456 0.5301339228947958
0 0.05891112983226776 0.5830310583114624 0.07111816108226776 0.5807059208552042 0.07504184544086456 0.5783807833989462 0.08419711887836456 0.572567900021871 0.09509624540805817 0.5655924479166666 0.10119976103305817 0.5644298791885376 0.10773925483226776 0.5690801541010538 0.11122699081897736 0.57373046875 0.11166293919086456 0.5801246166229248 0.10817523300647736 0.5888439416885376 0.10163573920726776 0.5958193937937418 0.09422431886196136 0.6022135416666666 0.08899272978305817 0.6086076895395914 0.08463309705257416 0.6155831416447958 0.08201728761196136 0.6155831416447958 0.07765765488147736 0.6126766999562582 0.06937430799007416 0.6033761103947958 0.06196288764476776 0.5940755208333334
0 0.10643135011196136 0.5644298791885376 0.11035503447055817 0.5609421332677206 0.11820243299007416 0.5655924479166666 0.12692172825336456 0.5684988896052042 0.13128139078617096 0.5702427625656128 0.13084541261196136 0.5801246166229248 0.12256206572055817 0.5795433521270752 0.11776645481586456 0.5789620478947958 0.11384277045726776 0.572567900021871 0.11079101264476776 0.5667550166447958
0 0.13607700169086456 0.5731491645177206 0.13869281113147736 0.5690801541010538 0.14784808456897736 0.560360868771871 0.15133579075336456 0.5510602792104086 0.15787528455257416 0.550478974978129 0.15874721109867096 0.5597795645395914 0.15700335800647736 0.5760556062062582 0.15525947511196136 0.5894252061843872 0.15482352674007416 0.6016322374343872 0.15395160019397736 0.6120954354604086 0.15089984238147736 0.6167457103729248 0.14436034858226776 0.6231398979822794 0.14043666422367096 0.6260462999343872 0.13520507514476776 0.6266276041666666 0.13128139078617096 0.6243024667104086 0.13346122205257416 0.6010509729385376 0.13433314859867096 0.5929129521052042 0.13476909697055817 0.5859375 0.13476909697055817 0.5807059208552042
0 0.0009765625 0.687081495920817 0.00921107828617096 0.6789434750874838 0.017058447003364563 0.6777808666229248 0.02403390407562256 0.6841750144958496 0.02708566188812256 0.6882440249125162 0.017494410276412964 0.6952195167541504 0.013570725917816162 0.699288527170817 0.008775115013122559 0.7016136646270752 0.0035435259342193604 0.6975446542104086 0.0009765625 0.6934756437937418
0 0.01226283609867096 0.7074265480041504 0.020110204815864563 0.6998697916666666 0.02534179389476776 0.69580078125 0.032753199338912964 0.6911505063374838 0.03624093532562256 0.7039388020833334 0.03798478841781616 0.7109142144521078 0.03188127279281616 0.7149832248687744 0.025777757167816162 0.7149832248687744 0.02534179389476776 0.7231212457021078 0.02185407280921936 0.7254464626312256 0.01836635172367096 0.7207961082458496 0.01531459391117096 0.7144019603729248
0 0.03667689859867096 0.828915516535441 0.03536899387836456 0.819033702214559 0.03493303060531616 0.8108956813812256 0.03798478841781616 0.8079891999562582 0.04408830404281616 0.8079891999562582 0.04757602512836456 0.8103143374125162 0.05193568766117096 0.8103143374125162 0.053243592381477356 0.8161272207895914 0.04975585639476776 0.8254278500874838 0.051499709486961365 0.8318219979604086 0.053243592381477356 0.8399600187937418 0.04888392984867096 0.8428664207458496 0.04321637749671936 0.8382161458333334 0.04016461968421936 0.833565870920817
0 0.07199008762836456 0.8364722728729248 0.07722167670726776 0.8370535373687744 0.08114536106586456 0.8393787542978922 0.08594097197055817 0.8428664207458496 0.08506904542446136 0.8469354311625162 0.07896552979946136 0.8446102937062582 0.07547782361507416 0.8428664207458496
0 0.19624023139476776 0.7748558521270752 0.19493232667446136 0.7638113498687744 0.19536830484867096 0.7550920645395914 0.19842006266117096 0.7469540437062582 0.20408760011196136 0.748116652170817 0.21411480009555817 0.7585798104604086 0.21934638917446136 0.767880360285441 0.21803851425647736 0.7771809895833334 0.21498675644397736 0.7905506292978922 0.21237094700336456 0.7992699146270752 0.20583148300647736 0.7957821687062582 0.20147182047367096 0.7911318937937418 0.19972796738147736 0.7870628833770752 0.19754813611507416 0.78125
0 0.30392372608184814 0.6312779188156128 0.31743860244750977 0.621396025021871 0.32485002279281616 0.6155831416447958 0.33051759004592896 0.6080264250437418 0.33269739151000977 0.6033761103947958 0.33313339948654175 0.5923316478729248 0.33662110567092896 0.5807059208552042 0.34228867292404175 0.5766369104385376 0.34577637910842896 0.5795433521270752 0.35362374782562256 0.5894252061843872 0.36059921979904175 0.599307099978129 0.36495888233184814 0.6057012478510538 0.36626672744750977 0.6144205729166666 0.35972726345062256 0.6254650354385376 0.35449570417404175 0.635928193728129 0.35187989473342896 0.6411597728729248 0.34708428382873535 0.6487165292104086 0.34054481983184814 0.6504603624343872 0.33095353841781616 0.6510416666666666 0.32397812604904175 0.6504603624343872 0.31831055879592896 0.648135224978129 0.31177109479904175 0.6446475187937418 0.30828332901000977 0.6434849500656128 0.30523157119750977 0.6376720666885376
0 0.259891152381897 0.6306966145833334 0.26468682289123535 0.6243024667104086 0.26817452907562256 0.6231398979822794 0.27166223526000977 0.6254650354385376 0.28212541341781616 0.6266276041666666 0.28866487741470337 0.6266276041666666 0.29607629776000977 0.6306966145833334 0.29869210720062256 0.6324404875437418 0.30305176973342896 0.6429036458333334 0.30305176973342896 0.6498790979385376 0.29520440101623535 0.6527855396270752 0.28910088539123535 0.6492977937062582 0.28386926651000977 0.6440662145614624 0.278201699256897 0.6394159396489462 0.27340608835220337 0.6370907624562582 0.26555871963500977 0.6341843207677206
0 0.293460488319397 0.7120768229166666 0.29389649629592896 0.6981259187062582 0.29912805557250977 0.694638172785441 0.30653947591781616 0.6987071832021078 0.31613075733184814 0.7016136646270752 0.32092636823654175 0.7027761936187744 0.33400529623031616 0.7033575375874838 0.33662110567092896 0.7039388020833334 0.33574914932250977 0.7120768229166666 0.33138954639434814 0.7149832248687744 0.32441407442092896 0.7149832248687744 0.31177109479904175 0.7178897062937418 0.30392372608184814 0.719052235285441 0.29782015085220337 0.7231212457021078 0.29215264320373535 0.728934129079183 0.287356972694397 0.7318406105041504 0.28474122285842896 0.7330031394958496 0.28953683376312256 0.7225399812062582
0 0.21891044080257416 0.6876627604166666 0.21934638917446136 0.6737118562062582 0.22283412516117096 0.6649925708770752 0.21978236734867096 0.6533668041229248 0.21934638917446136 0.64697265625 0.22501395642757416 0.648135224978129 0.23329730331897736 0.6545293728510538 0.23809291422367096 0.6632486979166666 0.24245257675647736 0.6742931207021078 0.24463237822055817 0.68359375 0.24506835639476776 0.6934756437937418 0.24463237822055817 0.699288527170817 0.23765693604946136 0.6981259187062582 0.23329730331897736 0.694638172785441 0.22588588297367096 0.6917317708333334 0.22327007353305817 0.6905691623687744
0 0.15700335800647736 0.7004510561625162 0.16310687363147736 0.6876627604166666 0.16790248453617096 0.68359375 0.17880161106586456 0.6783621311187744 0.18708495795726776 0.6690615812937418 0.19318847358226776 0.6585983832677206 0.18970073759555817 0.6498790979385376 0.19318847358226776 0.6446475187937418 0.19711215794086456 0.6440662145614624 0.20365165174007416 0.6516229708989462 0.20626743137836456 0.660342256228129 0.21019111573696136 0.6661551396052042 0.21324287354946136 0.672549327214559 0.21324287354946136 0.6806873480478922 0.21237094700336456 0.6882440249125162 0.20931918919086456 0.7004510561625162 0.20801128447055817 0.709170420964559 0.20801128447055817 0.72021484375 0.20452357828617096 0.728934129079183 0.19885601103305817 0.7295154730478922 0.18970073759555817 0.7242838541666666 0.18490512669086456 0.7207961082458496 0.17662177979946136 0.7196335792541504 0.16790248453617096 0.7196335792541504 0.16267089545726776 0.7231212457021078 0.15874721109867096 0.7149832248687744 0.15700335800647736 0.7074265480041504
0 0.21106304228305817 0.7242838541666666 0.21934638917446136 0.731259266535441 0.22239814698696136 0.7376534938812256 0.22762973606586456 0.7463727792104086 0.22719378769397736 0.7504417896270752 0.22414202988147736 0.7504417896270752 0.21629463136196136 0.74462890625 0.21193499863147736 0.7399786313374838 0.20713935792446136 0.7353282769521078 0.20757533609867096 0.7283528645833334
0 0.22675780951976776 0.7306780020395914 0.23111747205257416 0.7271902561187744 0.23678500950336456 0.7207961082458496 0.24637626111507416 0.7126580874125162 0.25160783529281616 0.7120768229166666 0.25422364473342896 0.7231212457021078 0.25335168838500977 0.7306780020395914 0.24986396729946136 0.7388160228729248 0.24201659858226776 0.7452101707458496 0.23765693604946136 0.7469540437062582 0.23198939859867096 0.745791514714559 0.22893764078617096 0.7423037687937418 0.22719378769397736 0.7370721499125162
0 0.256839394569397 0.7452101707458496 0.25814729928970337 0.7364908854166666 0.26250696182250977 0.7295154730478922 0.265994668006897 0.7271902561187744 0.27340608835220337 0.7353282769521078 0.27994561195373535 0.743466297785441 0.28256136178970337 0.7498605251312256 0.28038156032562256 0.760323683420817 0.28386926651000977 0.7707868417104086 0.28822892904281616 0.7789248625437418 0.28779298067092896 0.7888067563374838 0.27994561195373535 0.796944777170817 0.27471399307250977 0.802176316579183 0.27079033851623535 0.8103143374125162 0.26730257272720337 0.8132208188374838 0.26119905710220337 0.814383347829183 0.25814729928970337 0.8132208188374838 0.256839394569397 0.8010137875874838 0.25727540254592896 0.792294422785441 0.26119905710220337 0.7795061270395914 0.26425081491470337 0.767880360285441 0.26730257272720337 0.7597423394521078 0.265994668006897 0.7545108000437418 0.26207101345062256 0.7498605251312256
0 0.34359657764434814 0.7021949291229248 0.34708428382873535 0.6899878978729248 0.35536760091781616 0.6894066333770752 0.36234307289123535 0.6917317708333334 0.36147111654281616 0.6812686125437418 0.35667550563812256 0.6771996021270752 0.35057199001312256 0.6719679832458496 0.34621232748031616 0.6644112666447958 0.34577637910842896 0.6597609917322794 0.35187989473342896 0.6527855396270752 0.35711145401000977 0.6429036458333334 0.36321496963500977 0.6376720666885376 0.37062638998031616 0.6318591833114624 0.37890976667404175 0.6243024667104086 0.38544923067092896 0.62255859375 0.39155274629592896 0.6324404875437418 0.39634835720062256 0.6411597728729248 0.39809221029281616 0.6475539604822794 0.40245187282562256 0.6516229708989462 0.41029924154281616 0.6556919813156128 0.41553086042404175 0.6574358145395914 0.41945451498031616 0.6661551396052042 0.41814661026000977 0.674874464670817 0.41640275716781616 0.680106004079183 0.40681153535842896 0.6830124855041504 0.38893693685531616 0.68359375 0.37890976667404175 0.6882440249125162 0.37193429470062256 0.6975446542104086 0.36539483070373535 0.711495558420817 0.36365097761154175 0.716727097829183 0.36147111654281616 0.7271902561187744 0.35972726345062256 0.7393972873687744 0.35536760091781616 0.7417225042978922 0.34926408529281616 0.7417225042978922 0.34534043073654175 0.7376534938812256 0.34228867292404175 0.7271902561187744 0.33923691511154175 0.7178897062937418 0.33923691511154175 0.7103329499562582
0 0.18033234775066376 0.3422619104385376 0.18405257165431976 0.3286210298538208 0.19056297838687897 0.3228339950243632 0.20544393360614777 0.32655423879623413 0.21722470223903656 0.3348214228947957 0.22931547462940216 0.340195099512736 0.23458580672740936 0.3443287213643392 0.23210565745830536 0.3517691691716512 0.22404514253139496 0.3513558308283488 0.21536459028720856 0.35052911440531415 0.21009422838687897 0.3546626965204875 0.20172370970249176 0.35424935817718506 0.19583334028720856 0.3534226020177205 0.18994294106960297 0.3480489253997803 0.18343253433704376 0.3472222089767456
0 0.19614334404468536 0.3711971044540405 0.19738341867923737 0.3633432388305664 0.20141367614269257 0.3621031840642293 0.20327381789684296 0.3699570099512736 0.19862352311611176 0.37367725372314453
0 0.12824900448322296 0.3240740696589152 0.13413937389850616 0.31911375125249225 0.14343996345996857 0.3215939203898112 0.14809028804302216 0.32076720396677655 0.15088044106960297 0.3158068855603536 0.14964036643505096 0.30588624874750775 0.15088044106960297 0.2996858557065328 0.15925098955631256 0.30051257212956745 0.16824157536029816 0.3013392885526021 0.17258183658123016 0.3062996069590251 0.17475198209285736 0.31456679105758667 0.17196179926395416 0.32076720396677655 0.16545139253139496 0.32572752237319946 0.15677084028720856 0.32903438806533813 0.15212054550647736 0.3311011989911397 0.14747022092342377 0.3298611044883728 0.14281992614269257 0.32696759700775146 0.13754959404468536 0.32696759700775146 0.13289929926395416 0.3286210298538208
0 0.12824900448322296 0.3608630895614624 0.12917907536029816 0.3443287213643392 0.13258929550647736 0.3356481393178304 0.13909970223903656 0.33068782091140747 0.14747022092342377 0.3335813681284587 0.15119047462940216 0.33936838308970135 0.15522073209285736 0.34308862686157227 0.16483135521411896 0.34391534328460693 0.17103172838687897 0.3468088706334432 0.17413194477558136 0.35259588559468585 0.17289187014102936 0.36044975121816 0.17165179550647736 0.36871691544850665 0.16700147092342377 0.3765707810719808 0.16080109775066376 0.3811177412668864 0.15243054926395416 0.37863755226135254 0.14406003057956696 0.3757440646489461 0.13940970599651337 0.3732638756434123 0.13134919106960297 0.3699570099512736 0.12793897092342377 0.3649967114130656
0 0.2533247470855713 0.22922585407892862 0.26331233978271484 0.21664891640345255 0.2771839499473572 0.20481179157892862 0.2843971848487854 0.21516927083333334 0.2893909811973572 0.2247869372367859 0.2782936692237854 0.24106297890345255 0.2671963572502136 0.2403231461842855 0.2588734030723572 0.23588422934214273
0 0.2771839499473572 0.2484611670176188 0.28717154264450073 0.2381036877632141 0.2960493564605713 0.22700639565785727 0.2954944968223572 0.2159090836842855 0.3027077317237854 0.20851089557011923 0.31214046478271484 0.21516927083333334 0.3165794014930725 0.2240471045176188 0.3154696226119995 0.23514441649119058 0.3110307455062866 0.2455018957455953 0.3038175106048584 0.2529001037279765 0.29493963718414307 0.2529001037279765 0.28606176376342773 0.2529001037279765 0.28217774629592896 0.2521602710088094
0 0.27385473251342773 0.2884114583333333 0.27440959215164185 0.2706557710965474 0.27662909030914307 0.2625177502632141 0.2838423252105713 0.2676964998245239 0.29493963718414307 0.26325758298238117 0.3027077317237854 0.2654770414034526 0.3110307455062866 0.27953362464904785 0.3171342611312866 0.29359020789464313 0.3149147629737854 0.30246804157892865 0.30714666843414307 0.3098662495613098 0.3021528720855713 0.3113458752632141 0.2960493564605713 0.2995087504386902 0.28828126192092896 0.2906309167544047 0.28273260593414307 0.2884114583333333
0 0.3459872007369995 0.23736387491226196 0.3587491512298584 0.2418027917544047 0.36762696504592896 0.2455018957455953 0.3659623861312866 0.25659918785095215 0.36207830905914307 0.2684363126754761 0.3576393723487854 0.27435487508773804 0.35541993379592896 0.26325758298238117 0.3509809970855713 0.2521602710088094
0 0.36322617530822754 0.27877938747406006 0.3676081895828247 0.2712673544883728 0.37136417627334595 0.2654246886571248 0.3719902038574219 0.25624332825342816 0.3776242136955261 0.24789663155873617 0.3920222520828247 0.25791265567143756 0.41080230474472046 0.27293670177459717 0.42332231998443604 0.2821180621782939 0.4264523386955261 0.2938034137090047 0.4133062958717346 0.2988114356994629 0.39953428506851196 0.3046541213989258 0.38951826095581055 0.3196781476338704 0.38325822353363037 0.32301682233810425 0.37512022256851196 0.3021501104036967 0.3657301664352417 0.2896300752957662
0 0.19357971847057343 0.16609909137090048 0.21048177778720856 0.16442975401878357 0.21736778318881989 0.15190971891085306 0.21736778318881989 0.14022435744603476 0.21048177778720856 0.13187767068545023 0.2060997635126114 0.12520032127698263 0.20046575367450714 0.14523236950238547
0 0.10906951129436493 0.2829527258872986 0.1328575760126114 0.2837873895963033 0.14412559568881989 0.2871260643005371 0.14537759125232697 0.2704326907793681 0.15789763629436493 0.26876336336135864 0.1672876626253128 0.26208601395289105 0.17292167246341705 0.24706196784973145 0.17792968451976776 0.2362112800280253 0.17730368673801422 0.21784855922063193 0.17166967689990997 0.220352570215861 0.15852363407611847 0.24121928215026855 0.14975960552692413 0.25373931725819904 0.13723959028720856 0.2670940160751343 0.12597154080867767 0.26959802707036334 0.11908553540706635 0.26959802707036334 0.11219953000545502 0.26959802707036334
0 0.19107572734355927 0.2821180621782939 0.19733573496341705 0.27293670177459717 0.20234374701976776 0.26292067766189575 0.2092297524213791 0.25373931725819904 0.2111077755689621 0.24121928215026855 0.2060997635126114 0.2362112800280253 0.1967097371816635 0.24205394585927328 0.19044972956180573 0.2612513303756714
0 0.40078628063201904 0.5533854166666666 0.4095503091812134 0.5400307178497314 0.4114282727241516 0.5266760190327963 0.42520034313201904 0.5191640059153239 0.4395983815193176 0.5124866565068563 0.4452323913574219 0.5024706125259399 0.4583784341812134 0.5116519927978516 0.4621344208717346 0.5300146738688151 0.46088242530822754 0.5433693726857504 0.44147634506225586 0.5467080672581991 0.43146032094955444 0.5600627660751343 0.4176883101463318 0.5659054517745972 0.4064202904701233 0.5650707880655924
0 0.42207032442092896 0.5901108582814535 0.42707836627960205 0.5876068274180094 0.43834638595581055 0.5959535439809164 0.4489883780479431 0.596788207689921 0.46088242530822754 0.5926148494084676 0.46776843070983887 0.5876068274180094 0.47715848684310913 0.5884414911270142 0.4878004789352417 0.5809294780095419 0.49656450748443604 0.5834335088729858 0.5084585547447205 0.6009615262349447 0.5034505128860474 0.6101429065068563 0.48529648780822754 0.6159855922063192 0.4746544361114502 0.6218282779057821 0.45650041103363037 0.6184895833333334 0.43834638595581055 0.6143162250518799 0.43208634853363037 0.6126468976338705 0.4264523386955261 0.6001268625259399
0 0.4928085207939148 0.5567241112391154 0.5059545636177063 0.5517160892486572 0.5153445601463318 0.5391960541407267 0.5222305655479431 0.5316840410232544 0.522856593132019 0.513321320215861 0.5172225832939148 0.5066439708073934 0.5140925645828247 0.49746259053548175 0.5059545636177063 0.5008012851079305 0.5040765404701233 0.5116519927978516 0.49719053506851196 0.521667997042338 0.494686484336853 0.5408653815587362
0 0.5341246128082275 0.465745210647583 0.546018660068512 0.4540598392486572 0.5541566610336304 0.4398704767227173 0.5673027038574219 0.438201109568278 0.5660507082939148 0.4532251755396525 0.5566606521606445 0.4624065160751343 0.545392632484436 0.47492655118306476 0.5378805994987488 0.48577725887298584 0.5322465896606445 0.48828125 0.5322465896606445 0.48076923688252765
0 0.5741887092590332 0.4348624547322591 0.5842047333717346 0.438201109568278 0.5967247486114502 0.4515558083852132 0.617382824420929 0.4573984940846761 0.6267728209495544 0.463241179784139 0.620512843132019 0.44237446784973145 0.6111227869987488 0.42651577790578205 0.6011067628860474 0.41483040650685626 0.5917167663574219 0.39396369457244873 0.5854567289352417 0.4064836899439494 0.5804487466812134 0.4215077559153239
0 0.5097105503082275 0.41149171193440753 0.5097105503082275 0.39897167682647705 0.519726574420929 0.39897167682647705 0.5297425985336304 0.413161039352417 0.5378805994987488 0.4323584238688151 0.5334985852241516 0.43653178215026855 0.519100546836853 0.4281851053237915 0.5122145414352417 0.4223424196243286
0 0.567928671836853 0.5884414911270142 0.567928671836853 0.5800948143005371 0.5779446959495544 0.5692441066106161 0.5817007422447205 0.5575587749481201 0.5817007422447205 0.5467080672581991 0.5860827565193176 0.5475427309672037 0.592968761920929 0.560897429784139 0.6079928278923035 0.5709134737650553 0.6198868155479431 0.577590823173523 0.639918863773346 0.5784254868825277 0.6480569243431091 0.5901108582814535 0.6424229145050049 0.6093082427978516 0.6311548352241516 0.6293402910232544 0.6142528057098389 0.6393562952677408 0.5842047333717346 0.6468683083852133 0.5729367136955261 0.6418603261311849 0.566676676273346 0.6209935744603475 0.5817007422447205 0.6159855922063192 0.5973507761955261 0.6176549196243286 0.6061148047447205 0.608473539352417 0.6073668003082275 0.594284176826477 0.6004807949066162 0.5784254868825277 0.5898387432098389 0.5800948143005371 0.5848307609558105 0.5876068274180094
0 0.0009765625 0.6076388756434122 0.0009765625 0.6009615262349447 0.0009765625 0.6068042119344076 0.0009765625 0.6201589107513428 0.0009765625 0.6418603261311849 0.0009765625 0.6493723392486572 0.0009765625 0.650207002957662 0.0009765625 0.6451989809672037 0.0009765625 0.6318442821502686
0 0.0009765625 0.6593883434931437 0.0009765625 0.6543803612391154 0.0009765625 0.6527109940846761 0.0009765625 0.6468683083852133 0.0009765625 0.6568843523661295 0.0009765625 0.6719083786010742 0.0009765625 0.6794203917185465 0.0009765625 0.6852630774180094 0.0009765625 0.6819244225819906 0.0009765625 0.6769163608551025 0.0009765625 0.6727430820465088
0 0.0009765625 0.6794203917185465 0.0009765625 0.6735777060190836 0.0009765625 0.6677350203196207 0.0009765625 0.6518763303756714 0.0009765625 0.6468683083852133 0.0009765625 0.6618923743565878 0.0009765625 0.6652310291926066 0.0009765625 0.6643963654836019 0.0009765625 0.6827590465545654 0.0009765625 0.6961137453715006 0.0009765625 0.7044604619344076 0.0009765625 0.6886017322540283 0.0009765625 0.686097780863444
0 0.0009765625 0.7411859035491943 0.0009765625 0.7303352355957031 0.0009765625 0.7219885190327963 0.0009765625 0.7186498641967773 0.0009765625 0.7161458333333334 0.0009765625 0.7269965012868246 0.0009765625 0.7395165761311849 0.0009765625 0.7395165761311849
0 0.0009765625 0.711137851079305 0.0009765625 0.7153111298878988 0.0009765625 0.7144765059153239 0.0009765625 0.7161458333333334 0.0009765625 0.7303352355957031 0.006405249238014221 0.7353432178497314 0.014543265104293823 0.7345085144042969 0.01078726351261139 0.7186498641967773 0.0032752305269241333 0.706129789352417 0.0009765625 0.6936097939809164 0.0009765625 0.6794203917185465 0.0009765625 0.6652310291926066 0.0009765625 0.6643963654836019 0.0009765625 0.686097780863444 0.0009765625 0.7011218070983887
0 0.0009765625 0.6168202559153239 0.0009765625 0.6393562952677408 0.003901243209838867 0.6543803612391154 0.01078726351261139 0.6493723392486572 0.0026492327451705933 0.6276709238688151 0.0026492327451705933 0.608473539352417 0.0009765625 0.6059695482254028
0 0.008283257484436035 0.552550752957662 0.0020232349634170532 0.5617320934931437 0.0009765625 0.5784254868825277 0.007657244801521301 0.5917801856994629 0.017673268914222717 0.6059695482254028 0.028315305709838867 0.6059695482254028 0.033323317766189575 0.5892761945724487 0.02518528699874878 0.5692441066106161 0.016421273350715637 0.5575587749481201
0 0.05398137867450714 0.6493723392486572 0.06712739169597626 0.6393562952677408 0.08215142786502838 0.6351829767227173 0.08841146528720856 0.6351829767227173 0.09842748939990997 0.6485376755396525 0.10969550907611847 0.6602230072021484 0.11470352113246918 0.6652310291926066 0.10844351351261139 0.6744124094645182 0.09780149161815643 0.6802550951639811 0.08215142786502838 0.6827590465545654 0.07088340818881989 0.686097780863444 0.05898939073085785 0.6819244225819906 0.05210335552692413 0.6769163608551025 0.05085135996341705 0.6602230072021484
0 0.09967948496341705 0.7420205275217692 0.11219953000545502 0.7420205275217692 0.11532951891422272 0.7203191916147867 0.11219953000545502 0.7119724750518799 0.10468749701976776 0.7203191916147867
0 0.1750878244638443 0.3696125348409017 0.18180494010448456 0.3685791492462158 0.18723027408123016 0.36823467413584393 0.19162224233150482 0.3696125348409017 0.19317232072353363 0.3644455273946126 0.19343067705631256 0.3585896094640096 0.18800534307956696 0.35583388805389404 0.1812882274389267 0.35273369153340656 0.17870472371578217 0.3513558308283488 0.17689628899097443 0.3582451343536377
0 0.2068648785352707 0.3606564203898112 0.2107401043176651 0.3568672736485799 0.21823225915431976 0.3551449378331502 0.22520770132541656 0.3551449378331502 0.2301163524389267 0.35721174875895184 0.2270161658525467 0.3689236243565877 0.22417430579662323 0.3789131244023641 0.2169405072927475 0.3827022711435954 0.20815663039684296 0.37856868902842206 0.2076399177312851 0.3699570099512736
0 0.22675780951976776 0.3796020746231079 0.22959966957569122 0.3692680597305298 0.2332165688276291 0.36168980598449707 0.24277551472187042 0.3579006989796956 0.2479424923658371 0.35755622386932373 0.25000929832458496 0.36375661691029865 0.24820084869861603 0.379257599512736 0.23890025913715363 0.3796020746231079 0.23114974796772003 0.379257599512736
0 0.25078433752059937 0.3816688855489095 0.26137667894363403 0.38545799255371094 0.2673187255859375 0.3920028607050578 0.2730024456977844 0.3978587786356608 0.27920281887054443 0.39889220396677655 0.286953330039978 0.3926918109258016 0.2882450819015503 0.38683585325876874 0.286953330039978 0.37477954228719074 0.2781694531440735 0.3658234278361003 0.26783543825149536 0.3689236243565877 0.2595682144165039 0.36685681343078613 0.2525928020477295 0.36547895272572833 0.2510427236557007 0.37305720647176105
0 0.27481091022491455 0.4202491044998169 0.2768777012825012 0.4123263756434123 0.2750692367553711 0.40268131097157794 0.2812696099281311 0.40095897515614826 0.28772836923599243 0.3978587786356608 0.2947038412094116 0.39923667907714844 0.296512246131897 0.4119819402694702 0.2998708486557007 0.4243827263514201 0.30090421438217163 0.43023864428202313 0.29496216773986816 0.4319609800974528 0.2874700427055359 0.43299436569213867 0.27997785806655884 0.4319609800974528 0.27636098861694336 0.4261050621668498
0 0.16759569942951202 0.3789131244023641 0.1712125986814499 0.37477954228719074 0.1797381192445755 0.3720238208770752 0.18568016588687897 0.37236825625101727 0.1913638859987259 0.38029102484385174 0.19859768450260162 0.3833912213643392 0.20505641400814056 0.3830467462539673 0.21048177778720856 0.38235779603322345 0.21668215095996857 0.38649141788482666 0.21978236734867096 0.3923473358154297 0.2223658710718155 0.40371473630269367 0.22417430579662323 0.40991512934366864 0.22365762293338776 0.4185267686843872 0.2130652517080307 0.4281718333562215 0.20893166959285736 0.4357501268386841 0.20815663039684296 0.44849538803100586 0.20789827406406403 0.4574515024820964 0.21177352964878082 0.4695078134536743 0.21435700356960297 0.4743303457895915 0.2122902125120163 0.47984182834625244 0.20660652220249176 0.4829420248667399 0.2006644755601883 0.4739859104156494 0.20040611922740936 0.46468528111775714 0.1975642889738083 0.4526289701461792 0.19084717333316803 0.44263943036397296 0.18645523488521576 0.4374724229176839 0.18077154457569122 0.4340277910232544 0.17792968451976776 0.4295496940612793 0.1766379326581955 0.41645999749501544 0.1743127852678299 0.40991512934366864 0.17017920315265656 0.40061453978220624 0.16837073862552643 0.39165838559468585 0.16837073862552643 0.3830467462539673
0 0.1960141807794571 0.5029210646947225 0.20557312667369843 0.4867311318715413 0.20970670878887177 0.488453467686971 0.21513207256793976 0.48604222138722736 0.2192656546831131 0.4853532711664836 0.22443266212940216 0.4915536642074585 0.22339926660060883 0.5039544900258383 0.2208157628774643 0.5201443831125895 0.2215908020734787 0.5342675447463989 0.2146153599023819 0.534611980120341 0.20893166959285736 0.5328896443049113 0.2045397311449051 0.5311673084894816 0.2029896229505539 0.5222111940383911 0.19963108003139496 0.5118772188822428
0 0.25155937671661377 0.5067102114359537 0.26137667894363403 0.5015432039896647 0.2657686471939087 0.5032655398050944 0.26783543825149536 0.5201443831125895 0.26602697372436523 0.5291005373001099 0.2675771117210388 0.539090077082316 0.2730024456977844 0.5690586566925049 0.2742941975593567 0.5790481567382812 0.26783543825149536 0.5793926318486532 0.2595682144165039 0.5694030920664469 0.25543463230133057 0.5528687238693237 0.2533678412437439 0.5349564552307129 0.2518177628517151 0.5222111940383911 0.2518177628517151 0.5153218507766724
0 0.27532756328582764 0.5666473706563314 0.2854032516479492 0.5563133955001831 0.2928953766822815 0.545634905497233 0.2985790967941284 0.5432236591974894 0.30555450916290283 0.5449459950129191 0.3078796863555908 0.5366787910461426 0.3107215166091919 0.5308228731155396 0.3164052367210388 0.5404679377873739 0.31821370124816895 0.5566578308741251 0.30942976474761963 0.5673363208770752 0.29418712854385376 0.5725032885869344 0.28643661737442017 0.5721588532129923 0.2815279960632324 0.5759479602177938 0.2761026620864868 0.5769813855489095 0.2761026620864868 0.5718143781026205
0 0.27145230770111084 0.48569774627685547 0.27455252408981323 0.494653860727946 0.2804945707321167 0.4974096218744914 0.28953683376312256 0.48948689301808673 0.29883742332458496 0.48707560698191327 0.3032293915748596 0.4822530746459961 0.3024543523788452 0.4726080099741618 0.30193763971328735 0.4639963706334432 0.306329607963562 0.4512511094411214 0.3037461042404175 0.4374724229176839 0.29418712854385376 0.43678351243336994 0.29160362482070923 0.43816137313842773 0.289278507232666 0.44987324873606366 0.2859199047088623 0.45676255226135254 0.28023624420166016 0.46571870644887287 0.2742941975593567 0.47984182834625244
0 0.3086547255516052 0.45538469155629474 0.31821370124816895 0.45710702737172443 0.32260560989379883 0.4574515024820964 0.3326812982559204 0.45538469155629474 0.3362981677055359 0.4522844950358073 0.33758991956710815 0.45814041296641034 0.3373315930366516 0.4667520920435588 0.3311311602592468 0.4736414353052775 0.31898874044418335 0.4829420248667399 0.31873035430908203 0.4960317611694336 0.3202804923057556 0.5025765895843506 0.31666356325149536 0.5063657363255819 0.3133050203323364 0.4943094253540039 0.3099464774131775 0.4846643606821696 0.3060712218284607 0.48156416416168213 0.304004430770874 0.46847442785898846 0.30555450916290283 0.45951831340789795
0 0.32131385803222656 0.4925870895385742 0.32131385803222656 0.48604222138722736 0.3254474997520447 0.48156416416168213 0.3326812982559204 0.47811949253082275 0.33758991956710815 0.4791528781255086 0.34146517515182495 0.48604222138722736 0.3463737964630127 0.49637619654337567 0.34224021434783936 0.5032655398050944 0.33655649423599243 0.5067102114359537 0.32906436920166016 0.505332350730896 0.3238973617553711 0.5025765895843506 0.3218305706977844 0.49844300746917725
0 0.3644583225250244 0.5073991219202677 0.3766007423400879 0.5015432039896647 0.384609580039978 0.49052027861277264 0.38925987482070923 0.4774305423100789 0.39003491401672363 0.4584848880767822 0.39029330015182495 0.44849538803100586 0.4068276882171631 0.4491842985153198 0.41819506883621216 0.44815091292063397 0.42052024602890015 0.4543513059616089 0.41871178150177 0.46124064922332764 0.4107029438018799 0.46847442785898846 0.4029524326324463 0.4760526816050212 0.39881885051727295 0.49052027861277264 0.39881885051727295 0.5080880721410116 0.39856046438217163 0.5218667189280192 0.3977854251861572 0.5270337263743082 0.38951826095581055 0.5318562587102255 0.3729838728904724 0.5322007338205973 0.36290818452835083 0.5335785945256551 0.36084139347076416 0.5218667189280192
0 0.37014198303222656 0.5700920422871908 0.3781508207321167 0.5752590497334799 0.3851262927055359 0.5742256244023641 0.40036892890930176 0.5676807562510172 0.3977854251861572 0.5601025025049845 0.39261841773986816 0.5501130024592081 0.3843512535095215 0.5497685273488363 0.38409286737442017 0.5576912562052408 0.37608402967453003 0.5607914527257284 0.37220877408981323 0.5676807562510172
0 0.09809957444667816 0.7437031269073486 0.1084335595369339 0.7440476417541504 0.11437560617923737 0.7450810273488363 0.11153377592563629 0.7547260920206705 0.11360056698322296 0.7688492139180502 0.10869191586971283 0.7740162213643392 0.0975828617811203 0.7722938855489095 0.09034909307956696 0.7612709204355875 0.09551607072353363 0.7547260920206705
0 0.08079014718532562 0.7671268781026205 0.0875072330236435 0.7605820496877035 0.0921575278043747 0.7702270348866781 0.10119976103305817 0.7778053283691406 0.1107587069272995 0.7767719427744547 0.11644242703914642 0.769882599512736 0.11876757442951202 0.7643711566925049 0.12729312479496002 0.7657489776611328 0.13452689349651337 0.7705715497334799 0.13917721807956696 0.775049606959025 0.14150236546993256 0.7967510223388672 0.14589430391788483 0.8119075298309326 0.14847780764102936 0.820519208908081 0.14770273864269257 0.8274084726969401 0.14847780764102936 0.8315420945485433 0.1378854662179947 0.8277529875437418 0.12806816399097443 0.8191413084665934 0.1169591099023819 0.8112185796101888 0.1061084121465683 0.8001956939697266 0.09654946625232697 0.7915840148925781 0.08621548116207123 0.78125 0.08440704643726349 0.7764275074005127
0 0.14046894013881683 0.8404982089996338 0.14770273864269257 0.8398093382517496 0.15286974608898163 0.8408427238464355 0.1557116061449051 0.8449762662251791 0.14770273864269257 0.849454402923584 0.1417606920003891 0.8528989950815836 0.14072729647159576 0.849454402923584
0 0.14124400913715363 0.7736717065175375 0.1487361639738083 0.7681602636973063 0.1549365371465683 0.7678158283233643 0.16010354459285736 0.7757385571797689 0.1642371267080307 0.7857280572255453 0.16682063043117523 0.7960620721181234 0.1580367535352707 0.8022624651590983 0.1471860557794571 0.8081184228261312 0.14589430391788483 0.7995067437489828 0.14227740466594696 0.7888282934824625 0.14124400913715363 0.7822833855946859
0 0.14925284683704376 0.8115630149841309 0.15752004086971283 0.8067405223846436 0.1642371267080307 0.8115630149841309 0.17302103340625763 0.8143188158671061 0.18180494010448456 0.8139743010203043 0.19188056886196136 0.8115630149841309 0.20247291028499603 0.8132853507995605 0.20815663039684296 0.8177634874979655 0.21823225915431976 0.8325754801432291 0.22520770132541656 0.8432539304097494 0.22804956138134003 0.8463541666666666 0.2208157628774643 0.8477320671081543 0.20867331326007843 0.8446318308512369 0.20014776289463043 0.8425650596618652 0.18955542147159576 0.8449762662251791 0.17947979271411896 0.8435984452565511 0.17302103340625763 0.8401537736256918 0.16320373117923737 0.8367091019948324 0.15080295503139496 0.8353312015533447 0.1518363505601883 0.8287863731384277
0 0.24432559311389923 0.8491098880767822 0.2510427236557007 0.8346423308054606 0.2587931752204895 0.8194857438405355 0.26396018266677856 0.8170745372772217 0.27171069383621216 0.8167300224304199 0.27842777967453003 0.8277529875437418 0.28643661737442017 0.8415316740671793 0.2905701994895935 0.8518656094868978 0.28023624420166016 0.8535879453023275 0.2735191583633423 0.8570326169331869 0.27222740650177 0.8659887313842773 0.2683521509170532 0.8752893606821696 0.2590515613555908 0.8873457113901774 0.25207608938217163 0.8914792537689209 0.24897588789463043 0.8780450820922852 0.24587570130825043 0.8666776816050211
0 0.2629268169403076 0.8928571542104086 0.27946120500564575 0.8959573109944662 0.289278507232666 0.8942349751790365 0.28953683376312256 0.8852788607279459 0.29702895879745483 0.8711557388305664 0.2998708486557007 0.8632330099741617 0.29160362482070923 0.8584105173746744 0.28798675537109375 0.8573771317799886 0.2815279960632324 0.8566881815592448 0.2776527404785156 0.8590993881225586 0.27481091022491455 0.862544059753418 0.27326077222824097 0.8715002536773682 0.2704189419746399 0.8777006467183431 0.2673187255859375 0.8832120895385742 0.26137667894363403 0.8880345821380615
0 0.2947038412094116 0.9262704054514567 0.3014209270477295 0.9128362337748209 0.30736297369003296 0.9104249477386475 0.312529981136322 0.908358097076416 0.3195054531097412 0.9052579402923584 0.32286399602890015 0.9031911691029867 0.32803094387054443 0.9038800398508707 0.3347480893135071 0.9166253407796224 0.33836495876312256 0.9290261268615723 0.344307005405426 0.9393601417541504 0.3520575165748596 0.948660691579183 0.35774123668670654 0.958650271097819 0.35851627588272095 0.9645061492919922 0.35464102029800415 0.9682953357696533 0.34379029273986816 0.9624393781026205 0.3347480893135071 0.9552055994669596 0.32673925161361694 0.9517609278361002 0.31666356325149536 0.9517609278361002 0.3047794699668884 0.9438381989796957 0.2990957498550415 0.9345375696818033
2 0.36626672744750977 0.9796627362569174 0.3691086173057556 0.9779404004414877 0.37091702222824097 0.9800071716308594 0.3683335781097412 0.9820739428202311
0 0.289278507232666 0.9517609278361002 0.2975456714630127 0.9583057562510172 0.30271267890930176 0.9693287213643392 0.30942976474761963 0.9837962786356608 0.32338064908981323 0.9889632860819498 0.335781455039978 0.9875854651133219 0.34534043073654175 0.988274335861206 0.34508824348449707 0.9986979166666666 0.3254474997520447 0.9986979166666666 0.3014209270477295 0.9982639153798422 0.2812696099281311 0.9972304503122965 0.2644768953323364 0.9975749651590983 0.26473522186279297 0.9941302935282389 0.27636098861694336 0.9927523930867513 0.289278507232666 0.9906856218973795 0.2939288020133972 0.9886188507080078 0.29341208934783936 0.9810405572255453 0.28850340843200684 0.9738067785898844 0.2900535464286804 0.964850664138794 0.28953683376312256 0.9583057562510172
0 0.33681488037109375 0.8274084726969401 0.33991503715515137 0.8236193656921387 0.34766554832458496 0.826719601949056 0.35541605949401855 0.8239638805389404 0.36316657066345215 0.8046737511952718 0.37143373489379883 0.8167300224304199 0.38486796617507935 0.8336089452107748 0.37711745500564575 0.8446318308512369 0.37866753339767456 0.8546213308970133 0.38796812295913696 0.8694334030151367 0.3936518430709839 0.8756337960561117 0.38409286737442017 0.8890680472056071 0.378409206867218 0.8928571542104086 0.36936694383621216 0.8880345821380615 0.3649749755859375 0.8728780746459961 0.36368328332901 0.8628885746002197 0.34999072551727295 0.8615106741587321 0.3419818878173828 0.8470431168874105 0.3370732069015503 0.8353312015533447
0 0.13504360616207123 0.9620949427286783 0.1417606920003891 0.9410824775695801 0.14692769944667816 0.91972549756368 0.15002788603305817 0.9152474403381348 0.1588117927312851 0.9159363905588785 0.16449548304080963 0.91972549756368 0.17379607260227203 0.9293705622355143 0.18257997930049896 0.9276482264200846 0.19394738972187042 0.9214478333791097 0.19937272369861603 0.9269593556722006 0.20273126661777496 0.9369488557179769 0.20634816586971283 0.9548610846201578 0.2091900259256363 0.9617504278818766 0.20505641400814056 0.9710510571797689 0.2022145837545395 0.9727733929951986 0.19343067705631256 0.9693287213643392 0.1867135912179947 0.963817278544108 0.18257997930049896 0.9655395348866781 0.18413008749485016 0.9734622637430826 0.1836133748292923 0.9806961218516032 0.18102987110614777 0.988274335861206 0.16527055203914642 0.9796627362569174 0.15622828900814056 0.9817295074462891 0.1464109867811203 0.982762893040975 0.13917721807956696 0.9765625
0 0.20479805767536163 0.9755291144053141 0.2091900259256363 0.9672618707021078 0.2146153599023819 0.9734622637430826 0.2215908020734787 0.9844852288564047 0.22675780951976776 0.9910300572713217 0.2223658710718155 0.9958526293436686 0.2177155762910843 0.9965415795644125 0.21203185617923737 0.9889632860819498 0.2076399177312851 0.9834518432617188
0 0.2231409102678299 0.9982639153798422 0.2285662442445755 0.9934413433074951 0.2347666472196579 0.9906856218973795 0.24070869386196136 0.989307721455892 0.24376051127910614 0.9986979166666666 0.23605839908123016 0.9986979166666666 0.2270161658525467 0.9982639153798422
0 0.0851820856332779 0.9982639153798422 0.08802391588687897 0.9899966716766357 0.09551607072353363 0.9775958855946859 0.10119976103305817 0.9782848358154297 0.10920862853527069 0.994474728902181 0.11205045878887177 0.9982639153798422 0.10042472183704376 0.9975749651590983 0.09344927966594696 0.9975749651590983
0 0.0009765625 0.908013661702474 0.0009765625 0.9093915621439616 0.0009765625 0.9169697761535645 0.0009765625 0.9335041840871176 0.0009765625 0.9403935273488363 0.0009765625 0.9407379627227783 0.0009765625 0.9431492487589518 0.0009765625 0.9262704054514567 0.0009765625 0.9183476765950521
0 0.0009765625 0.9445271492004395 0.0009765625 0.937293291091919 0.0009765625 0.9248925050099691 0.0009765625 0.9207589626312256 0.0009765625 0.9231701691945394 0.0009765625 0.924548069636027 0.0009765625 0.9279927412668864 0.0009765625 0.9386711915334066 0.0009765625 0.953827699025472 0.0009765625 0.9627838134765625 0.0009765625 0.9665729999542236 0.0009765625 0.9627838134765625 0.0009765625 0.9569279352823893 0.0009765625 0.9496940771738688
0 0.0009765625 0.9986083507537842 0.0009765625 0.9910300572713217 0.0009765625 0.9872409502665201 0.0009765625 0.9817295074462891 0.0009765625 0.9748401641845703 0.0009765625 0.9645061492919922 0.0009765625 0.9607170422871908 0.0009765625 0.9686397711435953 0.0009765625 0.9758735497792562 0.0009765625 0.9841407934824625 0.0009765625 0.9903411865234375 0.0009765625 0.9961970647176107 0.0009765625 0.9986979166666666 0.0009765625 0.9982639153798422 0.0009765625 0.9975749651590983 0.0009765625 0.9979194005330404
0 0.0009765625 0.9738067785898844 0.0009765625 0.964850664138794 0.0009765625 0.9603726069132487 0.0009765625 0.9503830273946127 0.0009765625 0.9428048133850098 0.0009765625 0.9410824775695801 0.0009765625 0.9493496417999268 0.0009765625 0.9589947064717611 0.0009765625 0.964850664138794 0.0009765625 0.9641617139180502 0.0009765625 0.9641617139180502 0.0009765625 0.9689842065175375 0.0009765625 0.9755291144053141 0.0009765625 0.9765625 0.0009765625 0.9772514502207438 0.0009765625 0.9817295074462891 0.0009765625 0.982762893040975 0.0009765625 0.9858631292978922 0.0009765625 0.9817295074462891 0.0009765625 0.976906935373942
0 0.0009765625 0.8487654527028402 0.0009765625 0.8370535373687744 0.0009765625 0.8449762662251791 0.0009765625 0.8542768955230713 0.0009765625 0.867711067199707 0.0009765625 0.8735670248667399 0.0009765625 0.8814897537231445 0.0009765625 0.8749448458353678 0.0009765625 0.8601328531901041
0 0.0009765625 0.849798838297526 0.0009765625 0.8473875522613525 0.0009765625 0.8460097312927246 0.0009765625 0.8425650596618652 0.0009765625 0.8411871592203776 0.0009765625 0.8425650596618652 0.0009765625 0.8487654527028402 0.0009765625 0.8649553457895914 0.0009765625 0.8763227462768555 0.0009765625 0.8818341890970866 0.0009765625 0.8825231393178304 0.0009765625 0.8742559750874838 0.0009765625 0.8718446890513102 0.0009765625 0.8725336392720541 0.0009765625 0.8752893606821696 0.0009765625 0.8756337960561117 0.0009765625 0.8766671816507975 0.0009765625 0.8690889676411947 0.0009765625 0.867711067199707 0.0009765625 0.8566881815592448
0 0.0009765625 0.7943397363026937 0.0009765625 0.7826279004414877 0.0009765625 0.7802166144053141 0.0009765625 0.7843502362569174 0.0009765625 0.7964065074920654 0.0009765625 0.7974398930867513
0 0.0009765625 0.8012290795644125 0.0009765625 0.7912395000457764 0.0009765625 0.7853836218516032 0.0009765625 0.7822833855946859 0.0009765625 0.7791832288106283 0.0009765625 0.7733272711435953 0.0009765625 0.7778053283691406 0.0009765625 0.7850391070048014 0.0009765625 0.792617400487264 0.0009765625 0.8032958507537842 0.0009765625 0.8174189726511637 0.0009765625 0.8263750871022543 0.0009765625 0.8377424875895182 0.0009765625 0.8353312015533447 0.0009765625 0.8367091019948324 0.0009765625 0.8291308085123698 0.0009765625 0.8177634874979655 0.0009765625 0.809151808420817
0 0.0009765625 0.8046737511952718 0.0009765625 0.7981288433074951 0.0009765625 0.7950286865234375 0.0009765625 0.7977844079335531 0.0009765625 0.8115630149841309 0.0009765625 0.8277529875437418 0.0009765625 0.8384314378102621 0.0009765625 0.8522101243336996 0.0009765625 0.8635775248209635 0.0009765625 0.8732225894927979 0.0009765625 0.8835565249125162 0.0009765625 0.8921682039896647 0.0009765625 0.8935461044311523 0.0009765625 0.8887235323588053 0.0009765625 0.8752893606821696 0.0009765625 0.8470431168874105 0.0009765625 0.8301642735799154 0.0009765625 0.8181079228719076
0 0.0009765625 0.7450810273488363 0.0009765625 0.7416363557179769 0.0009765625 0.7430142561594645 0.0009765625 0.7530037562052408 0.0009765625 0.7612709204355875 0.0009765625 0.7740162213643392 0.0009765625 0.7798720995585123 0.0009765625 0.774705171585083 0.0009765625 0.7602375348409017 0.0009765625 0.7530037562052408
0 0.0009765625 0.2993413805961609 0.0009765625 0.30140817165374756 0.0009765625 0.3117421666781108 0.0009765625 0.32310956716537476 0.0009765625 0.3299988905588786 0.0009765625 0.35617836316426593 0.0009765625 0.3720238208770752 0.0009765625 0.38235779603322345 0.0009765625 0.39716986815134686 0.0009765625 0.3689236243565877 0.0009765625 0.3317212263743083 0.0009765625 0.31553131341934204
0 0.0009765625 0.2914186517397563 0.0009765625 0.2790178656578064 0.0009765625 0.27660659948984784 0.0009765625 0.2793623208999634 0.0009765625 0.28280699253082275 0.0009765625 0.29072972138722736 0.0009765625 0.2979635198911031 0.0009765625 0.2996858557065328 0.0009765625 0.2962411840756734 0.0009765625 0.2945188482602437
0 0.0009765625 0.2790178656578064 0.0009765625 0.26248345772425336 0.0009765625 0.2676504651705424 0.0009765625 0.2790178656578064 0.0009765625 0.2941743731498718 0.0009765625 0.3010637164115906 0.0009765625 0.3086419701576233 0.0009765625 0.3131200472513835 0.0009765625 0.31346450249354046 0.0009765625 0.30416391293207806 0.0009765625 0.2972745895385742 0.0009765625 0.2958967089653015 0.0009765625 0.28590718905131024
0 0.0009765625 0.19841269652048746 0.0009765625 0.18084490299224854 0.0009765625 0.1860119104385376 0.0009765625 0.20220182339350382 0.0009765625 0.22355874379475912 0.0009765625 0.23423721392949423 0.0009765625 0.24388227860132852 0.0009765625 0.2559386094411214 0.0009765625 0.25214946269989014 0.0009765625 0.24904926617940268 0.0009765625 0.23595954974492392 0.0009765625 0.21804728110631308 0.0009765625 0.20771328608194986
0 0.0009765625 0.0013778659825523694 0.0009765625 0.0013020833333333333 0.0009765625 0.006544863184293111 0.0009765625 0.014467592040697733 0.0009765625 0.0134341927866141 0.0009765625 0.008267195895314217
0 0.0009765625 0.0013020833333333333 0.0009765625 0.00930059514939785 0.0009765625 0.016534391790628433 0.0009765625 0.027557318409283955 0.0009765625 0.02927965174118678 0.0009765625 0.025490519901116688 0.0009765625 0.010678461442391077 0.0009765625 0.0013020833333333333 0.0009765625 0.0013020833333333333 0.0009765625 0.0013020833333333333
0 0.0681309849023819 0.0055114639302094775 0.08466537296772003 0.0013778659825523694 0.09784121811389923 0.0013020833333333333 0.1053333729505539 0.0013778659825523694 0.11024202406406403 0.008267195895314217 0.1146339625120163 0.008956128731369972 0.11747582256793976 0.002411265391856432 0.12806816399097443 0.0013020833333333333 0.13581864535808563 0.0013778659825523694 0.13891886174678802 0.002066798973828554 0.14279411733150482 0.011022927860418955 0.14770273864269257 0.014467592040697733 0.15131963789463043 0.022390320897102356 0.14821945130825043 0.03995811194181442 0.14305244386196136 0.055459106961886086 0.13297681510448456 0.06441523134708405 0.12806816399097443 0.07061562935511272 0.12290115654468536 0.0620039701461792 0.11980096995830536 0.049947639306386314 0.10481666028499603 0.0434027761220932 0.09809957444667816 0.0320353830854098 0.0875072330236435 0.026523920396963756 0.07691489160060883 0.026179452737172444 0.0658058375120163 0.022390320897102356 0.06503079831600189 0.015156526118516922 0.06606419384479523 0.008267195895314217
0 0.1409856528043747 0.002066798973828554 0.1464109867811203 0.0072337960203488665 0.15080295503139496 0.008267195895314217 0.14925284683704376 0.0017223324005802472 0.14356915652751923 0.0013020833333333333
0 0.15235303342342377 0.0013020833333333333 0.1564866453409195 0.010678461442391077 0.16372044384479523 0.017567791044712067 0.16759569942951202 0.025834987560908 0.16759569942951202 0.0434027761220932 0.16940413415431976 0.04788084328174591 0.17482949793338776 0.04891424377759298 0.1774129718542099 0.053392305970191956 0.18102987110614777 0.04581404229005178 0.18387173116207123 0.035480047265688576 0.1890387386083603 0.0268683855732282 0.19084717333316803 0.018256723880767822 0.1812882274389267 0.0186011902987957 0.1735377460718155 0.014467592040697733 0.17379607260227203 0.002066798973828554 0.1642371267080307 0.0013020833333333333 0.1557116061449051 0.0013020833333333333
0 0.15519489347934723 0.05855930348237356 0.1727626770734787 0.06441523134708405 0.1774129718542099 0.06510416666666667 0.17534618079662323 0.0568369726339976 0.1719876378774643 0.05029210944970449 0.16242869198322296 0.05304784079392751 0.15829508006572723 0.055803572138150535
0 0.19343067705631256 0.019290123134851456 0.19937272369861603 0.021012455224990845 0.19937272369861603 0.03685791542132696 0.2014395147562027 0.0485697736342748 0.1905888170003891 0.05270337065060934 0.1843884438276291 0.06131503482659658 0.1812882274389267 0.05304784079392751 0.1867135912179947 0.03961364676554998 0.18955542147159576 0.03134645024935404
0 0.17534618079662323 0.0013020833333333333 0.1766379326581955 0.0134341927866141 0.18774698674678802 0.014467592040697733 0.19472242891788483 0.0155009925365448 0.1983393281698227 0.015156526118516922 0.20092283189296722 0.007578263059258461 0.20040611922740936 0.0027557319651047387 0.1898137778043747 0.002411265391856432 0.1820632964372635 0.0017223324005802472
0 0.0009765625 0.3799465497334798 0.0009765625 0.3771907885869344 0.0009765625 0.3720238208770752 0.0009765625 0.36685681343078613 0.0009765625 0.36651233832041424 0.0009765625 0.37753526369730633 0.0009765625 0.3909694751103719 0.0009765625 0.3954475323359172 0.0009765625 0.3954475323359172 0.0009765625 0.3985477288564046 0.0009765625 0.40543707211812335 0.0009765625 0.4123263756434123 0.0009765625 0.40819279352823895 0.0009765625 0.3978587786356608 0.0009765625 0.3892471392949422
0 0.0009765625 0.4013034502665202 0.0009765625 0.38373565673828125 0.0009765625 0.37305720647176105 0.0009765625 0.367890199025472 0.0009765625 0.3692680597305298 0.0009765625 0.38029102484385174 0.0009765625 0.4016479253768921 0.0009765625 0.42679397265116376 0.0009765625 0.43816137313842773 0.0009765625 0.4357501268386841 0.0009765625 0.4298941691716512 0.0009765625 0.4126708507537842
0 0.0009765625 0.42679397265116376 0.0009765625 0.4323054552078247 0.0009765625 0.4402281840642293 0.0009765625 0.44436176617940265 0.0053519755601882935 0.4522844950358073 0.012844115495681763 0.4584848880767822 0.008193820714950562 0.4708856741587321 0.00561031699180603 0.4729524850845337 0.0009765625 0.46261850992838544 0.0009765625 0.4584848880767822 0.0009765625 0.44987324873606366 0.0009765625 0.44849538803100586 0.0009765625 0.44883982340494794 0.0009765625 0.44573962688446045 0.0009765625 0.44057265917460126 0.0009765625 0.4336833159128825
0 0.0009765625 0.4943094253540039 0.0009765625 0.5039544900258383 0.0009765625 0.5142884651819865 0.0009765625 0.5246224800745646 0.0009765625 0.5315117835998535 0.0009765625 0.5439125696818033 0.0009765625 0.5477017164230347 0.0009765625 0.5211778084437052 0.0009765625 0.5091214577356974
0 0.0009765625 0.511188268661499 0.0009765625 0.5025765895843506 0.0009765625 0.5011987288792928 0.0009765625 0.494653860727946 0.0009765625 0.48121968905131024 0.0009765625 0.47811949253082275 0.0009765625 0.47949735323588055 0.0009765625 0.48121968905131024 0.0009765625 0.49809853235880536 0.0009765625 0.5104993581771851 0.0009765625 0.517044186592102 0.0009765625 0.5242780049641927 0.0009765625 0.5287560621897379 0.0009765625 0.5291005373001099 0.0009765625 0.523244579633077
0 0.0009765625 0.51669975121816 0.0009765625 0.4974096218744914 0.0009765625 0.48121968905131024 0.0009765625 0.47674163182576496 0.0009765625 0.46778547763824463 0.0009765625 0.465374231338501 0.0009765625 0.46640761693318683 0.0009765625 0.4788084030151367 0.0009765625 0.4898313681284587 0.0009765625 0.49637619654337567 0.0009765625 0.5056768258412679 0.0009765625 0.5125661293665568 0.0009765625 0.5249669154485067 0.0009765625 0.5308228731155396 0.0009765625 0.5308228731155396 0.0009765625 0.5349564552307129 0.0009765625 0.5418457984924316 0.0009765625 0.5490795771280924 0.0009765625 0.5490795771280924 0.0009765625 0.5442570447921753 0.0009765625 0.533923069636027 0.0009765625 0.5249669154485067
0 0.0009765625 0.4994763930638631 0.0009765625 0.4960317611694336 0.0009765625 0.4994763930638631 0.0009765625 0.4974096218744914 0.0009765625 0.49878748257954914 0.0009765625 0.5001653432846069 0.0009765625 0.5070546865463257 0.0009765625 0.5073991219202677 0.0009765625 0.5080880721410116 0.0009765625 0.5118772188822428 0.0009765625 0.5156663258870443 0.0009765625 0.5163552761077881 0.0009765625 0.5084325472513834
0 0.0009765625 0.6045386791229248 0.0009765625 0.6100501616795858 0.0009765625 0.6103946367899576 0.0009765625 0.6169394652048746 0.0009765625 0.6283068656921387 0.0009765625 0.6376074552536011 0.0009765625 0.6503527164459229 0.0009765625 0.654486338297526 0.0009765625 0.6575865348180135 0.0009765625 0.654486338297526 0.0009765625 0.6400187412897745 0.0009765625 0.6234843333562216 0.0009765625 0.6128058830897013 0.0009765625 0.608672300974528
0 0.0009765625 0.5766369104385376 0.0009765625 0.5714699029922485 0.0009765625 0.5769813855489095 0.0009765625 0.5811149676640829 0.0009765625 0.5807704925537109 0.0009765625 0.5790481567382812 0.0009765625 0.5680252313613892 0.0009765625 0.5783592462539673 0.0009765625 0.5824928283691406 0.0009765625 0.580426017443339 0.0009765625 0.5897266467412313 0.0009765625 0.5966159502665201 0.0009765625 0.5993717114130656 0.0009765625 0.6066054900487264 0.0009765625 0.6176284154256185 0.0009765625 0.620039701461792 0.0009765625 0.620384136835734 0.0009765625 0.6245177586873373 0.0009765625 0.6334738731384277 0.0009765625 0.6420855522155762 0.0009765625 0.6451857487360636 0.0009765625 0.6475969950358073 0.0009765625 0.6365740696589152 0.0009765625 0.6165950298309326 0.0009765625 0.6024719079335531 0.0009765625 0.5945491790771484 0.0009765625 0.5873153607050577
0 0.0009765625 0.8012290795644125 0.0009765625 0.792961835861206 0.0009765625 0.7798720995585123 0.0009765625 0.7798720995585123 0.0009765625 0.7888282934824625 0.0009765625 0.7943397363026937 0.0009765625 0.8077739079793295 0.0009765625 0.8256862163543701 0.0009765625 0.8387758731842041 0.0009765625 0.8243083159128824 0.0009765625 0.8139743010203043 0.0009765625 0.8077739079793295
0 0.0009765625 0.8684000174204508 0.0009765625 0.8553102811177572 0.0009765625 0.8501432736714681 0.0009765625 0.8429094950358073 0.0009765625 0.8356757164001465 0.0009765625 0.8177634874979655 0.0009765625 0.8129409154256185 0.0009765625 0.8174189726511637 0.0009765625 0.8222415447235107 0.0009765625 0.8305087089538574 0.0009765625 0.8404982089996338 0.0009765625 0.8549658457438151 0.0009765625 0.867711067199707 0.0009765625 0.8711557388305664 0.0009765625 0.8715002536773682 0.0009765625 0.8742559750874838 0.0009765625 0.8821787039438883 0.0009765625 0.8766671816507975
0 0.0009765625 0.8976796468098959 0.0009765625 0.9066358407338461 0.0009765625 0.9087026119232178 0.0009765625 0.9111138979593912 0.0009765625 0.9128362337748209 0.0009765625 0.9028466542561849 0.0009765625 0.8942349751790365 0.0009765625 0.8845899105072021 0.0009765625 0.8756337960561117 0.0009765625 0.8766671816507975 0.0009765625 0.8814897537231445 0.0009765625 0.8856233755747477 0.0009765625 0.8928571542104086 0.0009765625 0.89664626121521
0 0.0009765625 0.9152474403381348 0.0009765625 0.9035356044769287 0.0009765625 0.9004353682200114 0.0009765625 0.9087026119232178 0.0009765625 0.9224812984466553 0.0009765625 0.9279927412668864 0.0009765625 0.9400490125020345 0.0009765625 0.9483162562052408 0.0009765625 0.9500385920206705 0.0009765625 0.9448715845743815 0.0009765625 0.9348820845286051 0.0009765625 0.924548069636027
0 0.0009765625 0.9514164129892985 0.0009765625 0.9335041840871176 0.007677122950553894 0.9269593556722006 0.014394223690032959 0.931092898050944 0.023953169584274292 0.9390156269073486 0.018269464373588562 0.948660691579183 0.008193820714950562 0.9617504278818766 0.0012183785438537598 0.9734622637430826 0.0009765625 0.9748401641845703 0.0009765625 0.9672618707021078 0.0009765625 0.958650271097819
0 0.010002270340919495 0.9228257338205973 0.015169262886047363 0.9135251045227051 0.01981957256793976 0.9104249477386475 0.02886180579662323 0.9135251045227051 0.0371289998292923 0.9207589626312256 0.04152095317840576 0.9269593556722006 0.04281270503997803 0.9335041840871176 0.03945416212081909 0.9438381989796957 0.030670255422592163 0.9379822413126627 0.02653665840625763 0.9338486194610596 0.016202673316001892 0.9283371766408285
0 0.01904451847076416 0.9038800398508707 0.02679501473903656 0.8873457113901774 0.032995402812957764 0.9007798830668131 0.041262611746788025 0.9076692263285319 0.04952980577945709 0.9107693831125895 0.052113309502601624 0.9180031617482504 0.043587759137153625 0.9173142910003662 0.028086766600608826 0.9097359975179037 0.022403061389923096 0.9076692263285319
0 0.0009765625 0.8783895174662272 0.0009765625 0.8777006467183431 0.0009765625 0.8818341890970866 0.0009765625 0.8938905398050944 0.0009765625 0.9035356044769287 0.0009765625 0.9007798830668131 0.0009765625 0.8945794900258383 0.0009765625 0.8870011965433756
0 0.0009765625 0.41802672545115155 0.0009765625 0.42224399248758954 0.0009765625 0.4348958333333333 0.0009765625 0.4449118773142497 0.0009765625 0.45176494121551514 0.0009765625 0.43436868985493976
0 0.2511165142059326 0.07484606901804607 0.2491396814584732 0.06799300014972687 0.2586285471916199 0.06272140642007192 0.27128034830093384 0.0548140158255895 0.2776062488555908 0.03952640046676 0.28432756662368774 0.03425480673710505 0.2930256724357605 0.04216219484806061 0.2938164472579956 0.05639549593130747 0.2886766195297241 0.06377572317918141 0.28630441427230835 0.08169913788636525 0.281955361366272 0.10489415129025777 0.26693129539489746 0.11860028902689616 0.25704705715179443 0.10805710156758626 0.255465567111969 0.10120402773221333 0.25467485189437866 0.08802505334218343
0 0.25269800424575806 0.1486483613650004 0.27602481842041016 0.1454854110876719 0.30646824836730957 0.14337676763534546 0.31595712900161743 0.14179529746373495 0.32781821489334106 0.12176323930422465 0.3388885259628296 0.1154373288154602 0.35272645950317383 0.11596449216206868 0.35114502906799316 0.10911141832669576 0.3377024531364441 0.10278550783793132 0.32821357250213623 0.10594846804936726 0.31081730127334595 0.11596449216206868 0.301723837852478 0.12281755606333415 0.2736525535583496 0.12439903616905212 0.2602100372314453 0.12861631313959757 0.25467485189437866 0.13494222362836203
0 0.3495635390281677 0.09856823086738586 0.35312187671661377 0.07326459387938182 0.3550987243652344 0.05903129279613495 0.3649829030036926 0.06799300014972687 0.3701227307319641 0.07642754912376404 0.3827745318412781 0.07906334102153778 0.39819395542144775 0.08222630123297374 0.39621710777282715 0.0917151669661204 0.3843560218811035 0.10542130470275879 0.37565791606903076 0.10858426491419475 0.3610292673110962 0.10858426491419475 0.3550987243652344 0.10911141832669576 0.35272645950317383 0.10436698794364929
0 0.2594192624092102 0.0020980937406420708 0.28037387132644653 0.025820260246594746 0.2851182818412781 0.017385711272557575 0.28037387132644653 0.005788208295901616 0.2752434015274048 0.0013020833333333333 0.2645590901374817 0.0015709345849851768
0 0.32109689712524414 0.03267332911491394 0.3254460096359253 0.026347418626149494 0.3373070955276489 0.02160298575957616 0.3456098437309265 0.014749915649493536 0.35668015480041504 0.020548667758703232 0.36379683017730713 0.025820260246594746 0.36379683017730713 0.03636344522237778 0.35272645950317383 0.046379471818606056 0.3519357442855835 0.0548140158255895 0.3487727642059326 0.061667089660962425 0.34442371129989624 0.06377572317918141 0.32900428771972656 0.047433788577715554 0.3246552348136902 0.03952640046676
0 0.3495635390281677 0.0020980937406420708 0.3495635390281677 0.008951164161165556 0.36063385009765625 0.015277075270811716 0.36379683017730713 0.013168438027302424 0.3578662872314453 0.0015709345849851768
0 0.3618199825286865 0.0013020833333333333 0.3661690354347229 0.008424004539847374 0.3705180883407593 0.012114120026429495 0.38000696897506714 0.008951164161165556 0.39305418729782104 0.0015709345849851768 0.37684398889541626 0.0015709345849851768 0.36656439304351807 0.0020980937406420708
0 0.031291112303733826 0.9852500756581625 0.04631514847278595 0.9752340316772461 0.0569901317358017 0.963636557261149 0.061339184641838074 0.9620550473531088 0.06173457205295563 0.9731254577636719 0.07003732025623322 0.9752340316772461 0.08229376375675201 0.9646908442179362 0.08822430670261383 0.9557291666666666 0.08782894909381866 0.9341156482696533 0.07240952551364899 0.929371198018392 0.060548439621925354 0.9235724608103434 0.052245691418647766 0.9240996042887369 0.04671052098274231 0.9320069948832194 0.044338300824165344 0.9457131226857504 0.037617027759552 0.9552020231882731 0.03524480760097504 0.967853864034017
0 0.3835653066635132 0.9699624379475912 0.38910049200057983 0.9599464734395345 0.4080781936645508 0.9667994976043701 0.4242883324623108 0.9752340316772461 0.4325910806655884 0.9810328483581543 0.42982351779937744 0.9968475500742594 0.40649670362472534 0.9973747730255127 0.3977985978126526 0.985777219136556 0.38989120721817017 0.9783970514933268
0 0.41519486904144287 0.8318467140197754 0.4314050078392029 0.8265751202901205 0.4495919942855835 0.8223578929901123 0.454731822013855 0.8234121799468994 0.4559178948402405 0.8344825108846029 0.44405680894851685 0.8418627580006918 0.43180036544799805 0.8529330889383951 0.42468369007110596 0.865584929784139 0.41321802139282227 0.8666392167409261 0.4088689684867859 0.8661120732625326 0.40847355127334595 0.856096108754476 0.41242724657058716 0.8450256983439127
0 0.4128226041793823 0.8845626513163248 0.41875314712524414 0.8756009737650553 0.42745131254196167 0.8729651769002279 0.4361494183540344 0.8571503957112631 0.44405680894851685 0.8508245150248209 0.44880127906799316 0.8566232522328695 0.44603365659713745 0.8766552607218424 0.4432660937309265 0.8951058387756348 0.42270684242248535 0.8893071015675863
0 0.44405680894851685 0.9899945259094238 0.4452429413795471 0.9831414222717285 0.454731822013855 0.9820871353149414 0.4567086696624756 0.9894673824310303 0.45433640480041504 0.9947389761606852
0 0.46224379539489746 0.915665070215861 0.46856969594955444 0.9151379267374674 0.480826199054718 0.920936663945516 0.4962455630302429 0.9061761697133383 0.49585020542144775 0.9362243016560873 0.49466413259506226 0.957310676574707 0.5037575960159302 0.9694352944691976 0.5116649866104126 0.97734268506368 0.5065252184867859 0.9905216693878174 0.49541062116622925 0.9986979166666666 0.47647708654403687 0.9963204065958658 0.46856969594955444 0.9979019165039062 0.4697558283805847 0.985777219136556 0.4812215566635132 0.9588921070098877 0.4843844771385193 0.9494032859802246 0.4780585765838623 0.9446588357289633 0.4721280336380005 0.9409686724344889 0.47133731842041016 0.9320069948832194 0.4681743383407593 0.9256811141967773
0 0.4994085431098938 0.9351699352264404 0.5136418342590332 0.9325341383616129 0.519572377204895 0.925153891245524 0.5247122049331665 0.9088119665781657 0.5342010259628296 0.9193551540374756 0.5413177013397217 0.9335885047912598 0.5385501384735107 0.9436044692993164 0.5440852642059326 0.9652180671691895 0.5472482442855835 0.9704896608988444 0.5326195955276489 0.97734268506368 0.5203630924224854 0.9789241949717203 0.5156186819076538 0.9783970514933268 0.509688138961792 0.967853864034017 0.5017807483673096 0.9594192504882812 0.4982224106788635 0.9525662263234457 0.4982224106788635 0.9430773258209229
0 0.5005946755409241 0.8255208333333334 0.5124557018280029 0.8307924270629883 0.5219445824623108 0.8334282239278158 0.5338056683540344 0.8297381401062012 0.5369686484336853 0.8286837736765543 0.5393408536911011 0.8075973987579346 0.5432945489883423 0.8017986615498861 0.5535741448402405 0.8060159683227539 0.5610861778259277 0.8075973987579346 0.5630630254745483 0.8218307495117188 0.5689935684204102 0.8276294867197672 0.5713657736778259 0.8339553674062093 0.5721564888954163 0.8408084710439047 0.5571324825286865 0.8423899014790853 0.5413177013397217 0.8508245150248209 0.5262936353683472 0.8608404795328776 0.5085020065307617 0.8613676230112711 0.4950594902038574 0.8634762763977051 0.49901318550109863 0.8513516585032145 0.4994085431098938 0.8413356145222982
0 0.5765056014060974 0.8355368773142496 0.5765056014060974 0.8218307495117188 0.5840175747871399 0.817613442738851 0.5978555083274841 0.8260479768117269 0.6053675413131714 0.8323739369710287 0.6112980842590332 0.8429171244303385 0.6176239848136902 0.851878801981608 0.6239498853683472 0.8608404795328776 0.6124842166900635 0.8629491329193115 0.6057628989219666 0.8613676230112711 0.5927157402038574 0.851878801981608 0.584808349609375 0.845552921295166
0 0.5658305883407593 0.9747068881988525 0.5859944224357605 0.9747068881988525 0.6065536737442017 0.9757612546284994 0.6227638125419617 0.97734268506368 0.6203916072845459 0.9915759563446045 0.6169577836990356 0.9986979166666666 0.5954833030700684 0.9986979166666666 0.5757148265838623 0.9963204065958658 0.5662259459495544 0.9979019165039062 0.5642490983009338 0.9863044420878092
0 0.5788778066635132 0.9146107832590739 0.5859944224357605 0.8835083643595377 0.5887620449066162 0.8782367706298828 0.5923203825950623 0.8840355078379313 0.5994369983673096 0.91250212987264 0.604576826095581 0.9335885047912598 0.6002277731895447 0.9446588357289633 0.5927157402038574 0.9457131226857504 0.5871805548667908 0.9341156482696533 0.5820407271385193 0.920936663945516
0 0.649648904800415 0.9404415289560953 0.656370222568512 0.9314798514048258 0.665859043598175 0.9309527079264323 0.6749525666236877 0.9283169110616049 0.6733710765838623 0.9494032859802246 0.6796969771385193 0.9631094137827555 0.682464599609375 0.982614278793335 0.6793016195297241 0.9894673824310303 0.6654636859893799 0.9973747730255127 0.6619053483009338 0.985777219136556 0.656370222568512 0.9652180671691895 0.6543933749198914 0.9520390828450521
0 0.6599285006523132 0.9262082576751709 0.6698127388954163 0.9256811141967773 0.6777201294898987 0.9204095204671224 0.6856275200843811 0.9088119665781657 0.6876043677330017 0.9014317989349365 0.6816738247871399 0.8877255916595459 0.6785109043121338 0.8835083643595377 0.6706035137176514 0.8850897947947184 0.6666498184204102 0.9014317989349365 0.6607192754745483 0.9177737236022949
0 0.665859043598175 0.7833480834960938 0.6713942289352417 0.7749135494232178 0.6800923943519592 0.7865110238393148 0.6840460896492004 0.8017986615498861 0.6879997849464417 0.813396135965983 0.705000638961792 0.8202492396036783 0.7089543342590332 0.8297381401062012 0.7038145065307617 0.8502972920735677 0.692348837852478 0.8613676230112711 0.6883951425552368 0.874019463857015 0.6840460896492004 0.8734923203786215 0.6816738247871399 0.8640034198760986 0.672580361366272 0.8597861925760905 0.6638821959495544 0.853987455368042 0.662696123123169 0.8318467140197754 0.6619053483009338 0.8228850364685059 0.6654636859893799 0.8128689924875895 0.6674405336380005 0.7996900081634521
0 0.6690220236778259 0.7659518718719482 0.6745572090148926 0.7501370906829834 0.6741618514060974 0.7359037399291992 0.6832553148269653 0.7359037399291992 0.6872090101242065 0.748555580774943 0.6891858577728271 0.7606802781422933 0.6911627054214478 0.7817666530609131 0.6982793807983398 0.7907283306121826 0.7227922677993774 0.7886196772257487 0.7208154201507568 0.8086517651875814 0.7160710096359253 0.8213035265604655 0.7030237913131714 0.8160319328308105 0.6891858577728271 0.809178908665975 0.6852321624755859 0.7896740436553955 0.6800923943519592 0.7780764897664388
0 0.5899481177330017 0.7427568435668945 0.604576826095581 0.7221976121266683 0.617228627204895 0.731686512629191 0.6077397465705872 0.7406481901804606 0.5958786606788635 0.7469740708669027
0 0.30675679445266724 0.32175032297770184 0.3263634443283081 0.3282858729362488 0.3403143286705017 0.3348214228947957 0.3403143286705017 0.3438706398010254 0.33164215087890625 0.3453788757324219 0.3120355010032654 0.34185969829559326 0.3071337938308716 0.33431867758433026
0 0.2856419086456299 0.33230775594711304 0.30185508728027344 0.3257722059885661 0.3071337938308716 0.3453788757324219 0.3139207363128662 0.35593628883361816 0.3229699730873108 0.35392534732818604 0.33013391494750977 0.3529198964436849 0.33126509189605713 0.36046091715494794 0.3173142075538635 0.37604570388793945 0.3071337938308716 0.3876086076100667 0.2969534397125244 0.3735320170720418 0.2871500849723816 0.3529198964436849 0.2871500849723816 0.3438706398010254
0 0.3403143286705017 0.3488980134328206 0.34860944747924805 0.3393460512161255 0.36406856775283813 0.3393460512161255 0.3701013922691345 0.3408542474110921 0.3787735104560852 0.35442809263865155 0.3915932774543762 0.3594554265340169 0.39875727891921997 0.3609636227289836 0.403658926486969 0.3639800548553467 0.40252774953842163 0.3715210755666097 0.39536380767822266 0.37604570388793945 0.388576865196228 0.37906209627787274 0.37839651107788086 0.3765484094619751 0.37311774492263794 0.3850949207941691 0.3712325096130371 0.39414413770039874 0.36105215549468994 0.39464688301086426 0.35011762380599976 0.3901222546895345 0.3482323884963989 0.36951013406117755 0.345970094203949 0.3584499756495158
0 0.3776423931121826 0.34789252281188965 0.3742489218711853 0.3363296190897624 0.37500303983688354 0.331302285194397 0.3821669816970825 0.3328104813893636 0.38744568824768066 0.34487613042195636 0.3900851011276245 0.35442809263865155 0.3821669816970825 0.3514116605122884
0 0.4051671028137207 0.3715210755666097 0.4078064560890198 0.36146636803944904 0.4179868698120117 0.3574444850285848 0.4251508116722107 0.3599581718444824 0.43231481313705444 0.3629745642344157 0.43872469663619995 0.3629745642344157 0.4330689311027527 0.37554295857747394 0.4342000484466553 0.38710586229960126 0.42326557636260986 0.38811131318410236 0.4111999273300171 0.38057029247283936
0 0.4470198154449463 0.39313868681589764 0.4549378752708435 0.3845921754837036 0.46021658182144165 0.3735320170720418 0.47379040718078613 0.3840894301732381 0.4843478798866272 0.40017696221669513 0.4922659397125244 0.4147562583287557 0.4949052929878235 0.42430822054545086 0.48321670293807983 0.44240669409434 0.4752986431121826 0.45748873551686603 0.47303634881973267 0.4615106185277303 0.46172481775283813 0.4429094394048055 0.46361005306243896 0.4278273979822795 0.46361005306243896 0.41928088665008545 0.45569199323654175 0.4238055149714152 0.4515444040298462 0.4152590036392212 0.45079028606414795 0.4026906490325928
0 0.4534296989440918 0.3499034643173218 0.4564460515975952 0.3333132266998291 0.46361005306243896 0.3207448522249858 0.47303634881973267 0.3328104813893636 0.481331467628479 0.3443733851114909 0.48057734966278076 0.36951013406117755 0.4779379963874817 0.3800675868988037 0.4643641710281372 0.3664937416712443 0.45606905221939087 0.35543354352315265
0 0.49716758728027344 0.3529198964436849 0.5032004117965698 0.34487613042195636 0.5231841206550598 0.3378378550211589 0.5378891229629517 0.3302968144416809 0.5499547719955444 0.3348214228947957 0.5476924777030945 0.3504062096277873 0.5397743582725525 0.36800193786621094 0.5314792394638062 0.3800675868988037 0.5280858278274536 0.3936413923899333 0.5216759443283081 0.39414413770039874 0.5148890018463135 0.3936413923899333 0.5099873542785645 0.3921331961949666 0.4982987642288208 0.3780566453933716 0.49754464626312256 0.3659909963607788
0 0.42138034105300903 0.6515444119771322 0.4221343994140625 0.6379705667495728 0.42967545986175537 0.6440033912658691 0.4443804621696472 0.6585826873779297 0.4489050507545471 0.6721564928690592 0.4375935196876526 0.6731619834899902 0.4315606951713562 0.6731619834899902 0.4240196943283081 0.6615990797678629
0 0.4243967533111572 0.7475667794545492 0.4330689311027527 0.7254464626312256 0.4458886384963989 0.7344956398010254 0.45870840549468994 0.7465612888336182 0.46662646532058716 0.7495776812235514 0.4673805832862854 0.7606378396352133 0.4715281128883362 0.7792390982309977 0.46813464164733887 0.7857746283213297 0.46172481775283813 0.7882882754007975 0.4534296989440918 0.7706925868988037 0.4409869909286499 0.756615956624349 0.43269187211990356 0.7525940736134847
0 0.44475752115249634 0.7274573644002279 0.4575772285461426 0.7209218343098959 0.4639871120452881 0.7138835589090983 0.461347758769989 0.700309673945109 0.4624788761138916 0.6867358684539795 0.48020029067993164 0.7138835589090983 0.4873642921447754 0.7209218343098959 0.48057734966278076 0.7289656003316244 0.46926581859588623 0.7420366605122884 0.4658723473548889 0.7455557982126871 0.4534296989440918 0.7380147775014242 0.44928210973739624 0.7314792474110922
0 0.47416746616363525 0.7842663923899332 0.48208558559417725 0.7867801189422607 0.4907577633857727 0.7792390982309977 0.4918888807296753 0.7561132907867432 0.49716758728027344 0.7475667794545492 0.5065938830375671 0.7455557982126871 0.511118471622467 0.7430421511332194 0.5043315887451172 0.7355011304219564 0.49603646993637085 0.7239382266998291 0.4918888807296753 0.7219272454579672 0.4858560562133789 0.7279601097106934 0.4764297604560852 0.7395230134328207 0.47303634881973267 0.7480695247650146 0.47077399492263794 0.7571187019348145 0.47416746616363525 0.7732062339782715
0 0.46172481775283813 0.6791948477427164 0.4703969955444336 0.6721564928690592 0.486233115196228 0.6791948477427164 0.49151182174682617 0.6907577514648438 0.4982987642288208 0.6942768891652426 0.503577470779419 0.6907577514648438 0.5107414722442627 0.691763162612915 0.51639723777771 0.6972932815551758 0.5171512961387634 0.7053370475769043 0.5273317098617554 0.7053370475769043 0.5258234739303589 0.7184081077575684 0.5160201787948608 0.7329874833424886 0.5118725895881653 0.7385175228118896 0.5020692944526672 0.7254464626312256 0.4933971166610718 0.716397205988566 0.4854789972305298 0.7153917153676351 0.47605276107788086 0.7008124192555746 0.46624940633773804 0.6882440249125162
0 0.44777387380599976 0.6595881779988607 0.45380669832229614 0.6490307251612345 0.45569199323654175 0.641992449760437 0.4658723473548889 0.6414897044499716 0.47303634881973267 0.657074491182963 0.46813464164733887 0.669140100479126 0.4579542875289917 0.6756757100423177 0.4515444040298462 0.6671291987101237
0 0.7324475049972534 0.8913489182790121 0.7335786819458008 0.876266876856486 0.7418738007545471 0.8682231108347574 0.7490378022193909 0.8777751127878824 0.7611033916473389 0.878277858098348 0.7746772766113281 0.8732504844665527 0.7818412184715271 0.867720365524292 0.7923986315727234 0.875261386235555 0.7890052199363708 0.88481338818868 0.7837265133857727 0.885818878809611 0.7844805717468262 0.909447431564331 0.7867428660392761 0.9184966087341309 0.7776936888694763 0.9381032784779867 0.7656280398368835 0.9471525351206461 0.756578803062439 0.9345841407775879 0.7494148015975952 0.9129665692647299 0.7448902130126953 0.9034145673116049 0.7384803295135498 0.8983871936798096
0 0.7626116275787354 0.957207202911377 0.7671362161636353 0.9521798292795817 0.7784477472305298 0.9516770839691162 0.7837265133857727 0.9426279067993164 0.784103512763977 0.9350868860880533 0.78938227891922 0.9210103352864584 0.796546220779419 0.9179938634236654 0.7976773977279663 0.9255348841349283 0.7988085150718689 0.9446388085683187 0.7973003387451172 0.9567044576009115 0.7916445732116699 0.9657537142435709 0.7837265133857727 0.9748028914133707 0.7784477472305298 0.9763111273447672 0.7701526284217834 0.9652509689331055
0 0.7980544567108154 0.9823439121246338 0.7939068675041199 0.9763111273447672 0.794283926486969 0.9687701066335043 0.7988085150718689 0.9602235953013102
0 0.5620204210281372 0.2930944363276164 0.5688073039054871 0.2930944363276164 0.5816270709037781 0.27700692415237427 0.5857746005058289 0.26393580436706543 0.5801188349723816 0.2543838421503703 0.5744630694389343 0.2649412751197815 0.5680532455444336 0.2790178656578064
0 0.5902992486953735 0.2850506703058879 0.588791012763977 0.2760014533996582 0.5985943675041199 0.2619248628616333 0.6042501330375671 0.27047135432561237 0.6144304871559143 0.27197957038879395 0.6234797239303589 0.27147682507832843 0.6351683139801025 0.2775096495946248 0.6295125484466553 0.30013273159662884 0.623856782913208 0.3162202437718709 0.6174468994140625 0.3167229692141215 0.6110370755195618 0.3066682815551758 0.6072665452957153 0.2981217900911967 0.5985943675041199 0.2930944363276164
0 0.5970861315727234 0.20360761880874634 0.5936927199363708 0.19053651889165243 0.5978402495384216 0.1860119104385376 0.6065124273300171 0.19556387265523276 0.6083977222442627 0.21466779708862305 0.6182010173797607 0.23427444696426392 0.6351683139801025 0.24432915449142456 0.6543979644775391 0.2377936045328776 0.661561906337738 0.2372908592224121 0.6649553775787354 0.2563947836558024 0.6585454940795898 0.26594674587249756 0.6464798450469971 0.27298504114151 0.6344141960144043 0.27147682507832843 0.6155616641044617 0.2669522166252136 0.6106600165367126 0.26393580436706543 0.6004796028137207 0.2508647044499715 0.5936927199363708 0.22874436775843301 0.5944467782974243 0.21667873859405518
0 0.4021506905555725 0.1855091651280721 0.4191179871559143 0.16439430912335715 0.42590492963790894 0.1457931101322174 0.4319377541542053 0.1327220102151235 0.4489050507545471 0.1281973918279012 0.4534296989440918 0.14830678701400757 0.44023287296295166 0.15785874923070273 0.4342000484466553 0.16188063224156699 0.43382298946380615 0.17947636047999063 0.43872469663619995 0.18752010663350424 0.44664275646209717 0.19003379344940186 0.4455115795135498 0.19757481416066489 0.4394787549972534 0.19707206885019937 0.4319377541542053 0.19707206885019937 0.423642635345459 0.20310489336649576 0.4127081632614136 0.2046130895614624 0.4081835150718689 0.20360761880874634 0.403658926486969 0.19506112734476724
0 0.383675217628479 0.24533462524414062 0.3848063349723816 0.23125803470611572 0.390839159488678 0.22522523005803427 0.3946096897125244 0.2156732678413391 0.4055441617965698 0.2101431886355082 0.41044580936431885 0.21416505177815756 0.4179868698120117 0.2272361715634664 0.42929840087890625 0.24734556674957275 0.43570828437805176 0.25488658746083576 0.4255278706550598 0.27147682507832843 0.4194950461387634 0.27499598264694214 0.4051671028137207 0.26393580436706543 0.39536380767822266 0.2543838421503703 0.3848063349723816 0.2508647044499715
0 0.4458886384963989 0.20913771788279215 0.4579542875289917 0.2046130895614624 0.4688887596130371 0.20913771788279215 0.47718387842178345 0.22120334704717 0.4768068194389343 0.23829632997512817 0.46172481775283813 0.24181546767552695 0.45267558097839355 0.2403072714805603 0.4489050507545471 0.2242197593053182
0 0.46323299407958984 0.20059120655059814 0.4677576422691345 0.1799790859222412 0.4734134078025818 0.17645994822184244 0.49113476276397705 0.1804818113644918 0.5058397650718689 0.1855091651280721 0.5156431198120117 0.1749517321586609 0.5239382386207581 0.18701738119125366 0.5228070616722107 0.1990830103556315 0.519036591053009 0.21165138483047485 0.5065938830375671 0.21919240554173788 0.49113476276397705 0.22773889700571695 0.4847249388694763 0.23578266302744547 0.4824625849723816 0.2403072714805603 0.4783150553703308 0.23980454603830972 0.4794461727142334 0.22522523005803427 0.4768068194389343 0.21366232633590698 0.46926581859588623 0.20411036411921182
0 0.45229852199554443 0.12618645032246908 0.45983952283859253 0.12166184186935425 0.4745445251464844 0.1161317527294159 0.4854789972305298 0.11713722348213196 0.4922659397125244 0.12166184186935425 0.49302005767822266 0.1342302163441976 0.486233115196228 0.13774935404459634 0.4764297604560852 0.1457931101322174 0.46662646532058716 0.1533341407775879 0.45983952283859253 0.15132319927215576 0.4549378752708435 0.1387548247973124
0 0.47115105390548706 0.15433961153030396 0.4798232316970825 0.1457931101322174 0.48962658643722534 0.14126850167910257 0.4949052929878235 0.14126850167910257 0.4994298815727234 0.154842346906662 0.5077250599861145 0.16389157374699911 0.5118725895881653 0.1699243982632955 0.5088561773300171 0.17897361516952515 0.5020692944526672 0.1799790859222412 0.48661017417907715 0.17545447746912637 0.4715281128883362 0.17344353596369425 0.46964287757873535 0.16791345675786337
0 0.4768068194389343 0.0728965550661087 0.4824625849723816 0.055803572138150535 0.48661017417907715 0.046754345297813416 0.49905288219451904 0.047759811083475746 0.5039545297622681 0.0568090428908666 0.5032004117965698 0.0708856185277303 0.4952823519706726 0.08395672837893169 0.48811835050582886 0.09099501371383667 0.48208558559417725 0.08647039532661438
0 0.5280858278274536 0.0020109394875665507 0.5533482432365417 0.0013020833333333333 0.559004008769989 0.0013020833333333333 0.5522170662879944 0.010557432969411215 0.546184241771698 0.02312580496072769 0.5337415933609009 0.026142214735349018 0.5224300026893616 0.02765041838089625 0.5231841206550598 0.015082046389579773
0 0.49565941095352173 0.04222973187764486 0.4952823519706726 0.0387105867266655 0.5039545297622681 0.0346887061993281 0.5179054141044617 0.02915862202644348 0.5197906494140625 0.03569417695204417 0.5175283551216125 0.044240668416023254 0.5152660608291626 0.06183639168739319 0.5077250599861145 0.06284185747305553 0.5069709420204163 0.05077622334162394 0.501315176486969 0.04524613916873932
0 0.519036591053009 0.061333656311035156 0.5205447673797607 0.04474340379238129 0.5288398861885071 0.03368323793013891 0.5367579460144043 0.030666828155517578 0.5431678295135498 0.0372023805975914 0.546184241771698 0.04222973187764486 0.5363809466362 0.05982545018196106 0.5273317098617554 0.06636100510756175
0 0.5299710631370544 0.0708856185277303 0.5363809466362 0.06435006360212962 0.5431678295135498 0.05278715988000234 0.5465613007545471 0.05278715988000234 0.5514629483222961 0.0708856185277303 0.5616433620452881 0.08244852224985759 0.5763483643531799 0.08848133683204651 0.5820041298866272 0.10758526126543681 0.5880369544029236 0.12065637111663818 0.6004796028137207 0.1372466186682383 0.6132993698120117 0.1447876493136088 0.6325289607048035 0.1488095223903656 0.636676549911499 0.15383687615394592 0.6321519017219543 0.16590250531832376 0.6155616641044617 0.17696267366409302 0.5933156609535217 0.17947636047999063 0.5865287184715271 0.17545447746912637 0.588791012763977 0.16389157374699911 0.5853976011276245 0.15132319927215576 0.5744630694389343 0.14780405163764954 0.5586269497871399 0.14076576630274454 0.5533482432365417 0.12769465645154318 0.5522170662879944 0.11412082115809123 0.5465613007545471 0.09903876980145772 0.5382661819458008 0.08898407220840454 0.5341185927391052 0.07993484536806743
0 0.641578197479248 0.3207448522249858 0.6472339630126953 0.3056628108024597 0.6570373177528381 0.29409990708033246 0.6660864949226379 0.2991272608439128 0.6804144382476807 0.29862451553344727 0.683807909488678 0.2930944363276164 0.6958735585212708 0.2895752986272176 0.716611385345459 0.2885698278745015 0.7245294451713562 0.28253700335820514 0.7271687984466553 0.2840451995531718 0.7249065041542053 0.29409990708033246 0.7177425026893616 0.29962998628616333 0.7120867371559143 0.309684693813324 0.7068080306053162 0.3222530484199524 0.6985129117965698 0.3378378550211589 0.6894636750221252 0.33733510971069336 0.6800374388694763 0.3333132266998291 0.663824200630188 0.3378378550211589 0.6510044932365417 0.3328104813893636
0 0.6381847262382507 0.3971605698267619 0.6423323154449463 0.4041988452275594 0.6630701422691345 0.3921331961949666 0.6796603798866272 0.3850949207941691 0.683807909488678 0.3825812339782715 0.6860702633857727 0.37302927176157635 0.6856932044029236 0.36347730954488117 0.6751357316970825 0.3644828001658122 0.6581684350967407 0.3720238208770752 0.6483651399612427 0.3815757830937703
0 0.7403656244277954 0.30164092779159546 0.7418738007545471 0.2900780240694682 0.7497918605804443 0.2835424741109212 0.7603493332862854 0.2775096495946248 0.7678903341293335 0.2820342580477397 0.7735460996627808 0.2925916910171509 0.7776936888694763 0.3056628108024597 0.7754313349723816 0.31571749846140545 0.7709067463874817 0.31873391071955365 0.7644968628883362 0.31270108620325726 0.7535623908042908 0.3142093022664388 0.7479066252708435 0.30918194850285846 0.743759036064148 0.30415459473927814
0 0.6879554986953735 0.3845921754837036 0.6905948519706726 0.3710183302561442 0.6992670297622681 0.3664937416712443 0.7019063830375671 0.34839526812235516 0.7207589149475098 0.3524171511332194 0.7411196827888489 0.36146636803944904 0.7494148015975952 0.3664937416712443 0.7494148015975952 0.3770511547724406 0.7479066252708435 0.3815757830937703 0.7320704460144043 0.38358672459920246 0.723775327205658 0.3901222546895345 0.7211359739303589 0.4031933546066284 0.7034145593643188 0.39464688301086426
0 0.6184613704681396 0.512466549873352 0.6274818181991577 0.5171728531519572 0.6357178688049316 0.5354752540588379 0.6408163905143738 0.5417503515879313 0.6412085890769958 0.5276313622792562 0.6404241919517517 0.507760206858317 0.6427773833274841 0.49939342339833576 0.6435617804527283 0.48841198285420734 0.6396397948265076 0.47010962168375653 0.6294428110122681 0.4674949645996094 0.6274818181991577 0.4763847192128499 0.6266974210739136 0.4894578456878662 0.6208145022392273 0.5035767952601115
0 0.6416007876396179 0.545933723449707 0.646307110786438 0.5407044887542725 0.6529744267463684 0.5386128028233846 0.6623870730400085 0.5323376655578613 0.6725841164588928 0.5318147738774618 0.6717997193336487 0.5605756441752116 0.6616026759147644 0.5663278102874756 0.6482681035995483 0.5731258392333984 0.6439539790153503 0.5694653590520223 0.6439539790153503 0.5569151639938354
0 0.6474837064743042 0.5778321425120035 0.6663089990615845 0.5699882904688517 0.6741528511047363 0.5689424276351929 0.690625011920929 0.5825384855270386 0.6976845264434814 0.5882906516393026 0.6918016076087952 0.6029325723648071 0.6921938061714172 0.6238495508829752 0.6921938061714172 0.6374456087748209 0.6882718205451965 0.6369226773579916 0.686310887336731 0.6248954137166342 0.678074836730957 0.6180973847707113 0.6772904396057129 0.6034555037816366 0.6674855947494507 0.594565749168396 0.6576807498931885 0.5919511318206787 0.6510134339332581 0.5924740632375082 0.6486603021621704 0.5846301714579264
0 0.6423851847648621 0.615482767422994 0.6494446396827698 0.6201890707015991 0.6725841164588928 0.6149598360061646 0.6717997193336487 0.6071159442265829 0.6663089990615845 0.599272092183431 0.6572885513305664 0.5982262293497721 0.6517978310585022 0.599272092183431 0.6486603021621704 0.6039783954620361
0 0.6349334716796875 0.6327393054962158 0.6392476558685303 0.6217578649520874 0.6443461179733276 0.6196661790211996 0.6478759050369263 0.6254183451334635 0.654935359954834 0.6473811864852905 0.6616026759147644 0.6578396956125895 0.6659168004989624 0.6667294502258301 0.6686621308326721 0.6845088799794515 0.659641683101654 0.6886922518412272 0.6478759050369263 0.6756191253662109 0.6435617804527283 0.6588855584462484 0.6416007876396179 0.64790411790212
0 0.7106269001960754 0.6860776742299398 0.7141566276550293 0.6651606559753418 0.7137644290924072 0.6557480096817017 0.7294521927833557 0.6489499807357788 0.7412180304527283 0.642151951789856 0.7408258318901062 0.6578396956125895 0.7447477579116821 0.6730045477549235 0.7549448013305664 0.679279645284017 0.7580823302268982 0.6860776742299398 0.7584745287895203 0.7012424468994141 0.7623964548110962 0.710655132929484 0.7459243535995483 0.7184990247090658 0.7333741188049316 0.7221594651540121 0.7251380681991577 0.7101322015126547 0.7157254219055176 0.6970590750376383
0 0.7608277201652527 0.6939214865366617 0.7639652490615845 0.6829400857289633 0.7714169025421143 0.6771879196166992 0.7776920199394226 0.6829400857289633 0.788673460483551 0.6897381146748861 0.7906344532966614 0.7017653783162435 0.7835749387741089 0.7179760932922363 0.7714169025421143 0.7101322015126547 0.7643574476242065 0.7096092700958252 0.7627886533737183 0.7043800354003906
0 0.708273708820343 0.4512842893600464 0.7180785536766052 0.4544218381245931 0.7286677956581116 0.4627886613210042 0.7349429130554199 0.4674949645996094 0.7471008896827698 0.4654032786687215 0.7565135955810547 0.4674949645996094 0.7612199187278748 0.4732471704483032 0.7686715722084045 0.46906375885009766 0.7714169025421143 0.4638345241546631 0.7612199187278748 0.4502384662628174 0.756905734539032 0.4345507224400838 0.7400414347648621 0.4293214480082194 0.731020987033844 0.42827558517456055 0.7196473479270935 0.4340277910232544 0.7121956944465637 0.4460550546646118
0 0.7729856967926025 0.540181557337443 0.7714169025421143 0.5250167449315389 0.7729856967926025 0.5156040986378988 0.779653012752533 0.5161269903182983 0.7918109893798828 0.5150811672210693 0.7980861067771912 0.5093290011088053 0.7953407764434814 0.5203104019165039 0.779653012752533 0.5344293912251791
0 0.771024763584137 0.5600527127583822 0.7737700939178467 0.5501171350479126 0.775338888168335 0.5454107920328776 0.788673460483551 0.5339064598083496 0.799023449420929 0.5245421727498373 0.799023449420929 0.5851531028747559 0.7957329154014587 0.5851531028747559 0.7914187908172607 0.5710341533025106 0.780045211315155 0.5637131929397583
0 0.7906344532966614 0.615482767422994 0.7863202691078186 0.6092076698939005 0.7890656590461731 0.5961345434188843 0.7910265922546387 0.5909052689870199 0.7980861067771912 0.5903823773066202 0.7984783053398132 0.6144369045893351 0.7976939082145691 0.6180973847707113
0 0.7835749387741089 0.8602116902669271 0.7898500561714172 0.8419093290964762 0.799023449420929 0.8373226324717203 0.799023449420929 0.8753765424092611 0.7910265922546387 0.8680555820465088
1 0.0009765625 0.0013020833333333333 0.0009765625 0.0013020833333333333 0.0009765625 0.0047063253199060755 0.0009765625 0.015164826065301895 0.0009765625 0.020917000869909923 0.0009765625 0.03242135296265284 0.0009765625 0.04758617778619131 0.0009765625 0.056475902597109474 0.0009765625 0.056475902597109474 0.0009765625 0.054384201765060425 0.0009765625 0.061182230710983276 0.0009765625 0.07373243073622386 0.0009765625 0.09464943408966064 0.0009765625 0.10144745310147603 0.0009765625 0.10615378618240356 0.0009765625 0.10824548204739888 0.0009765625 0.112428883711497 0.0009765625 0.11922690272331238 0.0009765625 0.12236446142196655 0.0009765625 0.11713520685831706 0.0009765625 0.05595297614733378 0.0009765625 0.026501841843128204
1 0.0009765625 0.06275100509325664 0.0009765625 0.05856760342915853 0.0009765625 0.06065930426120758 0.0009765625 0.06327392657597859 0.0009765625 0.07111780345439911 0.0009765625 0.07896168033281963 0.0009765625 0.11190595229466756 0.0009765625 0.10719962914784749 0.0009765625 0.09674112995465596 0.0009765625 0.08105338116486867 0.0009765625 0.06954902907212575
1 0.0009765625 0.05699882904688517 0.0009765625 0.038173526525497437 0.0009765625 0.0339901273449262 0.0009765625 0.03085257609685262 0.0009765625 0.03346720337867737 0.0009765625 0.04706325133641561 0.0009765625 0.062228078643480934 0.0009765625 0.07530120511849721 0.0009765625 0.09308065970738728 0.0009765625 0.11347473661104839 0.0009765625 0.11765812834103902 0.0009765625 0.11452057957649231 0.0009765625 0.10615378618240356 0.0009765625 0.08262215554714203 0.0009765625 0.07530120511849721 0.0009765625 0.0716407299041748
2 0.0009765625 0.07373243073622386 0.0009765625 0.06379685302575429 0.0009765625 0.06327392657597859 0.0009765625 0.07320950428644817 0.0009765625 0.07686997950077057
1 0.0009765625 0.12707078456878662 0.0009765625 0.12497907876968384 0.0009765625 0.12863955895105997 0.0009765625 0.1370063622792562 0.0009765625 0.14118976394335428 0.0009765625 0.1359605093797048 0.0009765625 0.13648343086242676 0.0009765625 0.13962097962697348
1 0.0009765625 0.14955655733744302 0.0009765625 0.1401439110438029 0.0009765625 0.14746486147244772 0.0009765625 0.15373995900154114 0.0009765625 0.17151941855748495 0.0009765625 0.17988620201746622 0.0009765625 0.18668423096338907 0.0009765625 0.18563838799794516 0.0009765625 0.18354668219884238 0.0009765625 0.17465696732203165 0.0009765625 0.165767232577006
1 0.0009765625 0.1673360069592794 0.0009765625 0.16838186979293823 0.0009765625 0.1730881929397583 0.0009765625 0.18668423096338907 0.0009765625 0.19975735743840536 0.0009765625 0.20184906323750815 0.0009765625 0.19923444588979086 0.0009765625 0.1809320648511251
1 0.0009765625 0.20550954341888428 0.0009765625 0.18877593676249185 0.0009765625 0.1898217797279358 0.0009765625 0.19034471114476523 0.0009765625 0.19034471114476523 0.0009765625 0.21126170953114828 0.0009765625 0.21649096409479776 0.0009765625 0.21910558144251505 0.0009765625 0.22015144427617392 0.0009765625 0.21335341533025107
1 0.0009765625 0.20446368058522543 0.0009765625 0.208647092183431 0.0009765625 0.2227660616238912 0.0009765625 0.23165579636891684 0.0009765625 0.2447289228439331 0.0009765625 0.24420599142710367 0.0009765625 0.2363621195157369 0.0009765625 0.22119728724161783
1 0.0009765625 0.24629769722620645 0.0009765625 0.24995815753936768 0.0009765625 0.26250837246576947 0.0009765625 0.2740127245585124 0.0009765625 0.2776731848716736 0.0009765625 0.2646000583966573
1 0.0009765625 0.28237952788670856 0.0009765625 0.2808107336362203 0.0009765625 0.2740127245585124 0.0009765625 0.26878346999486286 0.0009765625 0.2755814989407857
1 0.0009765625 0.28185659646987915 0.0009765625 0.2734897931416829 0.0009765625 0.27139808734258014 0.0009765625 0.2740127245585124 0.0009765625 0.28290243943532306 0.0009765625 0.2923150857289632 0.0009765625 0.2870858510335286
1 0.0009765625 0.18616131941477457 0.0009765625 0.1736111044883728 0.0009765625 0.17517987887064615 0.0009765625 0.1814549962679545 0.0009765625 0.19871151447296143 0.0009765625 0.20812416076660156 0.0009765625 0.22015144427617392 0.0009765625 0.22694947322209677 0.0009765625 0.21335341533025107 0.0009765625 0.20184906323750815
1 0.0009765625 0.0033319685608148575 0.0009765625 0.023801401257514954 0.0009765625 0.03517330686251322 0.0009765625 0.041427855690320335 0.0009765625 0.03801628450552622 0.0009765625 0.008449326579769453 0.0009765625 0.0013020833333333333 0.0009765625 0.0013020833333333333
1 0.0009765625 0.04995678861935934 0.0009765625 0.04540802538394928 0.0009765625 0.045976618925730385 0.0009765625 0.05734852453072866 0.0009765625 0.07042622069517772 0.0009765625 0.07213200628757477 0.0009765625 0.07042622069517772 0.0009765625 0.06303447981675465
1 0.0009765625 0.136951873699824 0.0009765625 0.11989401777585347 0.0009765625 0.11136507987976074 0.0009765625 0.10226755340894063 0.0009765625 0.11363946398099263 0.0009765625 0.12159980336825053 0.0009765625 0.1301287313302358 0.0009765625 0.14434361457824707 0.0009765625 0.13808906078338623 0.0009765625 0.13865765929222107
1 0.0009765625 0.09601300954818726 0.0009765625 0.07895514865716298 0.0009765625 0.07611217101414998 0.0009765625 0.07724936306476593 0.0009765625 0.08407251040140788 0.0009765625 0.0920328398545583 0.0009765625 0.11022789279619853 0.0009765625 0.11761963367462158 0.0009765625 0.11079649130503337 0.0009765625 0.10567913452784221
1 0.0009765625 0.005037754774093628 0.0009765625 0.002194778062403202 0.0009765625 0.003900563965241114 0.0009765625 0.006174945582946141 0.0009765625 0.010155112793048223 0.0009765625 0.0391534740726153 0.0009765625 0.0465452124675115 0.0009765625 0.05052538216114044 0.0009765625 0.05393695334593455 0.0009765625 0.05734852453072866 0.0009765625 0.0385848805308342 0.0009765625 0.0220956156651179
1 0.0009765625 0.07270059982935588 0.0009765625 0.0641716718673706 0.0009765625 0.05905431012312571 0.0009765625 0.054505551854769387 0.0009765625 0.05621133744716644 0.0009765625 0.07383779187997182 0.0009765625 0.09317003687222798 0.0009765625 0.10113036632537842 0.0009765625 0.11079649130503337 0.0009765625 0.11648244659105937 0.0009765625 0.11989401777585347 0.0009765625 0.1153452495733897 0.0009765625 0.10169896483421326 0.0009765625 0.08179812630017598
1 0.0009765625 0.12842294573783875 0.0009765625 0.1221683919429779 0.0009765625 0.12046260635058086 0.0009765625 0.12728574872016907 0.0009765625 0.12956013282140097 0.0009765625 0.131265918413798 0.0009765625 0.14093204339345297 0.0009765625 0.14718658725420633 0.0009765625 0.15969568490982056 0.0009765625 0.16822461287180582 0.0009765625 0.17447916666666666 0.0009765625 0.17959652344385782 0.0009765625 0.18300809462865195 0.0009765625 0.16651882727940878 0.0009765625 0.14604940017064413
1 0.0009765625 0.11705103516578674 0.0009765625 0.10795350869496663 0.0009765625 0.10397334893544515 0.0009765625 0.10624772310256958 0.0009765625 0.10965929428736369 0.0009765625 0.12387417753537495 0.0009765625 0.1244427760442098
1 0.0009765625 0.1301287313302358 0.0009765625 0.11363946398099263 0.0021271109580993652 0.10567913452784221 0.011935383081436157 0.09942458073298137 0.025155216455459595 0.10226755340894063 0.04093374311923981 0.10795350869496663 0.043065980076789856 0.12046260635058086 0.04008084535598755 0.13240311543146768 0.029419690370559692 0.13638327519098917 0.02430233359336853 0.14206923047701517 0.01747918128967285 0.14434361457824707 0.006818026304244995 0.14263782898585 0.0009765625 0.13808906078338623
1 0.0009765625 0.26303831736246747 0.0009765625 0.25604726870854694 0.0009765625 0.23944352070490518 0.0009765625 0.228956937789917 0.0009765625 0.22458751996358237 0.0009765625 0.22458751996358237 0.0009765625 0.22458751996358237 0.0009765625 0.23245245218276978 0.0009765625 0.2508039673169454 0.0009765625 0.2647860646247864 0.0009765625 0.2639122009277344
1 0.0009765625 0.2577950159708659 0.0009765625 0.23245245218276978 0.0009765625 0.22283977270126343 0.0009765625 0.21497484048207602 0.0009765625 0.21672258774439493 0.0009765625 0.22371365626653036 0.0009765625 0.23157858848571777 0.0009765625 0.24206515153249106 0.0009765625 0.2577950159708659 0.0009765625 0.2778942982355754 0.0009765625 0.28226369619369507 0.0009765625 0.2927502791086833 0.0009765625 0.29886744419733685 0.0009765625 0.297119677066803 0.0009765625 0.28488534688949585 0.0009765625 0.27090324958165485 0.0009765625 0.26303831736246747
1 0.0009765625 0.38363393147786456 0.0009765625 0.39499441782633465 0.0009765625 0.3923727671305339 0.0009765625 0.38101232051849365 0.0009765625 0.3722734848658244 0.0009765625 0.3696518341700236 0.0009765625 0.3582913875579834 0.0009765625 0.34955259164174396 0.0009765625 0.3381921052932739 0.0009765625 0.33557045459747314 0.0009765625 0.3408137559890747 0.0009765625 0.3547958532969157 0.0009765625 0.36877795060475665
1 0.0009765625 0.34780482451121014 0.0009765625 0.323336124420166 0.0009765625 0.3189667264620463 0.0009765625 0.31372342507044476 0.0009765625 0.31984061002731323 0.0009765625 0.3303271730740865 0.0009765625 0.3425615231196086 0.0009765625 0.3582913875579834 0.0009765625 0.36353468894958496 0.0009765625 0.36703018347422284 0.0009765625 0.3696518341700236 0.0009765625 0.36877795060475665 0.0009765625 0.3582913875579834
1 0.0009765625 0.36266080538431805 0.0009765625 0.3408137559890747 0.0009765625 0.33120105663935345 0.0009765625 0.3294533093770345 0.0009765625 0.34780482451121014 0.0009765625 0.3565436204274495 0.0009765625 0.36003915468851727 0.0009765625 0.36003915468851727
1 0.0009765625 0.42121084531148273 0.0009765625 0.41247204939524335 0.0009765625 0.38450781504313153 0.0009765625 0.36877795060475665 0.0009765625 0.36528245608011883 0.0009765625 0.3731473684310913 0.0009765625 0.3941205342610677 0.010308295488357544 0.4107242822647095 0.008997485041618347 0.42121084531148273 0.0017879605293273926 0.42732803026835126 0.0009765625 0.4290757973988851
1 0.0009765625 0.4378145933151245 0.0076866596937179565 0.43169740835825604 0.016206994652748108 0.43344517548878986 0.022105708718299866 0.45354445775349933 0.015551596879959106 0.4526705741882324 0.00440959632396698 0.44480566183725995
1 0.016862407326698303 0.4220847288767497 0.01882864534854889 0.40985039869944256 0.048977553844451904 0.404607097307841 0.060774967074394226 0.4081026315689087 0.07781563699245453 0.41684142748514813 0.09223468601703644 0.4255802631378174 0.08305893838405609 0.44567954540252686 0.07191695272922516 0.45092280705769855 0.04570050537586212 0.45092280705769855 0.03128145635128021 0.4517966906229655 0.024727344512939453 0.4413101275761922
1 0.050943776965141296 0.39936379591623944 0.06798447668552399 0.40373321374257404 0.08961303532123566 0.41684142748514813 0.09485633671283722 0.41684142748514813 0.09551174938678741 0.404607097307841 0.09551174938678741 0.3914988835652669 0.09223468601703644 0.3757690191268921 0.08895762264728546 0.36703018347422284 0.07912646234035492 0.37139960130055744 0.06339658796787262 0.3897511164347331
1 0.04176802933216095 0.323336124420166 0.04307885468006134 0.3049846291542053 0.04701131582260132 0.2866331140200297 0.058153316378593445 0.28051594893137616 0.07781563699245453 0.28401146332422894 0.08961303532123566 0.30323686202367145 0.09616716206073761 0.32071449359258014 0.1000996083021164 0.33557045459747314 0.10075502097606659 0.34955259164174396 0.09289009869098663 0.3565436204274495 0.08043728768825531 0.3565436204274495 0.07519398629665375 0.34605705738067627 0.06143037974834442 0.33294882376988727 0.0502883642911911 0.3259577751159668
1 0.0009765625 0.2107271353403727 0.0009765625 0.19912081956863403 0.0009765625 0.19585655132929483 0.0009765625 0.19912081956863403 0.0009765625 0.2125406265258789 0.0009765625 0.22596041361490884 0.0009765625 0.2328516642252604 0.0009765625 0.23430246114730835 0.0009765625 0.22269614537556967
1 0.0009765625 0.19875812530517578 0.0009765625 0.18860260645548502 0.0009765625 0.18352484703063965 0.0009765625 0.1773589849472046 0.0009765625 0.17518279949824014 0.0023850947618484497 0.18026055892308554 0.008369594812393188 0.18497562408447266 0.004561275243759155 0.2060120701789856 0.001024976372718811 0.2158048947652181 0.0009765625 0.2255977193514506 0.0009765625 0.23502784967422485 0.0009765625 0.22414694229761759 0.0009765625 0.2125406265258789
1 0.0009765625 0.2404683232307434 0.0009765625 0.22632312774658203 0.0009765625 0.24083101749420166 0.0009765625 0.24445797999699911 0.0009765625 0.24482067426045737
1 0.0009765625 0.24663416544596353 0.0009765625 0.23684134085973105 0.0032011568546295166 0.22269614537556967 0.0080975741147995 0.22015726566314697 0.02115468680858612 0.21870646874109903 0.028499305248260498 0.22305883963902792 0.034755825996398926 0.23430246114730835 0.03393976390361786 0.24010560909907022 0.03829212486743927 0.24989845355351767 0.042644500732421875 0.2553389072418213 0.04074034094810486 0.26077936093012494 0.035027846693992615 0.2582404812177022 0.02822728455066681 0.24083101749420166 0.012177914381027222 0.230675478776296 0.0029291361570358276 0.2328516642252604 0.0009765625 0.2353905439376831 0.0009765625 0.24228179454803467 0.0009765625 0.2517119248708089 0.0009765625 0.25243733326594037 0.0009765625 0.24953573942184448
1 0.0263231098651886 0.21290332078933716 0.03285166621208191 0.19549385706583658 0.030403465032577515 0.17373200257619223 0.035027846693992615 0.16538997491200766 0.046996861696243286 0.15813603003819784 0.060870036482810974 0.14725510279337564 0.07501523196697235 0.1468924085299174 0.08018366992473602 0.15197016795476279 0.08154378831386566 0.1820740501085917 0.07963962852954865 0.19803273677825928 0.07311107218265533 0.2067374587059021 0.052981361746788025 0.20746286710103354 0.03802010416984558 0.21145252386728922
1 0.08344794809818268 0.1541463534037272 0.09541694819927216 0.15450905760129294 0.1033056229352951 0.15813603003819784 0.10874606668949127 0.17083042860031128 0.10847406089305878 0.18243674437204996 0.105481818318367 0.18969068924585977 0.09922526776790619 0.19549385706583658 0.08943246304988861 0.19585655132929483 0.08508007228374481 0.19331767161687216 0.08562411367893219 0.1806232531865438 0.08480806648731232 0.16937965154647827
1 0.0009765625 0.01233170802394549 0.0009765625 0.009067432954907417 0.011633872985839844 0.01269440601269404 0.02741120755672455 0.022124536335468292 0.03393976390361786 0.028290390968322754 0.035571902990341187 0.03409354637066523 0.029315367341041565 0.05077762405077616 0.025507047772407532 0.0652855137983958 0.023874908685684204 0.07217676440874736 0.014898151159286499 0.08305768171946208 0.007009491324424744 0.09248781204223633 0.001024976372718811 0.09937906265258789 0.0009765625 0.1030060350894928 0.0009765625 0.09901636838912964 0.0009765625 0.09829096992810567 0.0009765625 0.07471564412117004 0.0009765625 0.0591196616490682 0.0009765625 0.047513345877329506 0.0009765625 0.027927691737810772
1 0.0009765625 0.0013020833333333333 0.0009765625 0.005440459897120793 0.020882651209831238 0.011969011276960373 0.02822728455066681 0.020311048875252407 0.035843923687934875 0.025026115278402965 0.04509270191192627 0.011243616541226705 0.04781293869018555 0.002538881109406551 0.03203560411930084 0.0018134865288933117 0.019794568419456482 0.0013020833333333333 0.0021130740642547607 0.0013020833333333333
1 0.051621243357658386 0.0014507891610264778 0.04536472260951996 0.01595868170261383 0.03910820186138153 0.028290390968322754 0.041828423738479614 0.03481894234816233 0.05134923756122589 0.03082927068074544 0.06059800088405609 0.022124536335468292 0.06195811927318573 0.017046773185332615 0.06359027326107025 0.009067432954907417 0.06603847444057465 0.002538881109406551 0.05896587669849396 0.002538881109406551
1 0.05107720196247101 0.03554433584213257 0.060325995087623596 0.027202298243840534 0.0671265572309494 0.027202298243840534 0.07963962852954865 0.030466573933760326 0.08834435045719147 0.03191736340522766 0.09650503098964691 0.036632428566614784 0.10004134476184845 0.04243558645248413 0.10929013788700104 0.05041492482026418 0.1169067770242691 0.052591110269228615 0.12071509659290314 0.06093314786752065 0.12316329777240753 0.07145137091477712 0.12125913798809052 0.07834261655807495 0.11663474142551422 0.08632195989290874 0.1103782206773758 0.07616643607616425 0.0946008712053299 0.07217676440874736 0.08099974691867828 0.06419742107391357 0.06739859282970428 0.05367920299371084 0.06114207208156586 0.047513345877329506 0.055973634123802185 0.04352367917696635 0.05134923756122589 0.03808321803808212
1 0.11908294260501862 0.09176242351531982 0.12805970013141632 0.07689182957013448 0.1305079311132431 0.07072597245375316 0.14601321518421173 0.057668869694074 0.1511816531419754 0.060207754373550415 0.16532684862613678 0.0652855137983958 0.18355239927768707 0.06854979197184245 0.18600060045719147 0.07290215790271759 0.19062499701976776 0.08342037598292033 0.19307319819927216 0.09720287720362346 0.1968815177679062 0.10772110025087993 0.19987379014492035 0.11497504512468974 0.19987379014492035 0.12513057390848795 0.1968815177679062 0.13855037093162537 0.1922571212053299 0.15015668670336405 0.1898089200258255 0.1559598445892334 0.18382443487644196 0.16393917798995972 0.17430360615253448 0.17083042860031128 0.16505484282970428 0.17518279949824014 0.1533578485250473 0.18026055892308554 0.1419328898191452 0.16285109519958496 0.13486029207706451 0.14000115791956583 0.13649241626262665 0.12150360147158305 0.13567636907100677 0.10409412781397502 0.1307799369096756 0.0939385990301768 0.12669958174228668 0.09248781204223633
1 0.14791737496852875 0.05404189725716909 0.15390188992023468 0.05404189725716909 0.16124652326107025 0.04860143860181173 0.1647828072309494 0.0438863734404246 0.1626066416501999 0.026476902266343433 0.1582542508840561 0.01886025940378507 0.15498997271060944 0.01595868170261383 0.15226976573467255 0.02683960149685542 0.15009357035160065 0.04171018799146017 0.14954952895641327 0.05114031831423441
1 0.20721839368343353 0.0065285513798395796 0.2009618729352951 0.017772167921066284 0.20177794992923737 0.03808321803808212 0.2055862694978714 0.052591110269228615 0.21809931099414825 0.06854979197184245 0.22734810411930084 0.07979340851306915 0.2349647432565689 0.07507834335168202 0.24366946518421173 0.07253946363925934 0.2466617375612259 0.0703632781902949 0.25047004222869873 0.06238393485546112 0.2640712261199951 0.05404189725716909 0.26842355728149414 0.05114031831423441 0.27440810203552246 0.03481894234816233 0.27767235040664673 0.027564994990825653 0.26325511932373047 0.010880919794241587 0.25427836179733276 0.0013020833333333333 0.2420373409986496 0.0021761838967601457 0.21782730519771576 0.0029015783220529556
1 0.18899287283420563 0.07000057895978291 0.18899287283420563 0.06238393485546112 0.1944333165884018 0.055129989981651306 0.20232199132442474 0.05440459648768107 0.20939458906650543 0.06310933331648509 0.21755526959896088 0.07253946363925934 0.22299574315547943 0.0779799222946167 0.22489990293979645 0.08269498745600383 0.2238117903470993 0.09974175691604614 0.22435583174228668 0.115337739388148 0.2219076305627823 0.13637418548266092 0.21565110981464386 0.13347261150678 0.20885054767131805 0.12440517544746399 0.20286603271961212 0.11606313784917195 0.19769759476184845 0.09466399749120076 0.19497735798358917 0.08269498745600383
1 0.2284361869096756 0.08559656143188477 0.2395891398191452 0.07761722306410472 0.24829386174678802 0.07761722306410472 0.2512861490249634 0.08450846870740254 0.25210219621658325 0.10445682207743327 0.25618255138397217 0.1164258321126302 0.2583587169647217 0.12150360147158305 0.2550944685935974 0.12875754634539285 0.2510141134262085 0.13129642605781555 0.2371409386396408 0.11715123057365417 0.23006834089756012 0.10554491480191548 0.2284361869096756 0.09829096992810567
1 0.21837134659290314 0.16285109519958496 0.22952426970005035 0.16502727071444193 0.2352367788553238 0.16103760401407877 0.24258138239383698 0.1523328721523285 0.24774982035160065 0.14652971426645914 0.24910993874073029 0.1378249724706014 0.23904509842395782 0.12513057390848795 0.23115642368793488 0.11316156387329102 0.2281641811132431 0.11025997996330261 0.2262600213289261 0.12404248118400574 0.22544394433498383 0.13492339849472046 0.22054751217365265 0.1534209648768107
1 0.15444593131542206 0.19331767161687216 0.1626066416501999 0.1976700226465861 0.1715833991765976 0.18932799498240152 0.1854565590620041 0.16756616036097208 0.1718554049730301 0.1762708822886149 0.16070248186588287 0.18171135584513345 0.1577102094888687 0.18425023555755615
1 0.027955248951911926 0.2165302832921346 0.0535254031419754 0.2143541177113851 0.0695747584104538 0.20963905254999796 0.08127175271511078 0.20710015296936035 0.08371995389461517 0.22378424803415933 0.08127175271511078 0.23031278451283774 0.06794263422489166 0.230675478776296 0.05406947433948517 0.22958739598592123 0.04019628465175629 0.230675478776296 0.03203560411930084 0.22632312774658203
1 0.03774808347225189 0.2357532580693563 0.04998911917209625 0.2339397668838501 0.059509918093681335 0.2346651554107666 0.06522239744663239 0.23684134085973105 0.06467835605144501 0.2502611478169759 0.06195811927318573 0.25932858387629193 0.05189327895641327 0.26005397240320843 0.046996861696243286 0.26005397240320843 0.040468305349349976 0.24735955397288004
1 0.08344794809818268 0.20020892222722372 0.09242470562458038 0.19912081956863403 0.10520978271961212 0.19549385706583658 0.10058538615703583 0.20891364415486655 0.09868122637271881 0.21943187713623047 0.09759314358234406 0.2274112105369568 0.09079255163669586 0.2274112105369568 0.08698423206806183 0.2143541177113851
1 0.04536472260951996 0.12585596243540445 0.04563674330711365 0.11098537842432658 0.05706171691417694 0.10373143355051677 0.07147891819477081 0.1030060350894928 0.08562411367893219 0.10953459143638611 0.09106458723545074 0.11461235086123149 0.08616818487644196 0.13347261150678 0.08453603088855743 0.14326543609301248 0.07283903658390045 0.14326543609301248 0.06386227905750275 0.14108925064404806 0.0581497997045517 0.13310990730921426 0.049717098474502563 0.12766945362091064
1 0.08508007228374481 0.14725510279337564 0.09732110798358917 0.14870589971542358 0.09922526776790619 0.1305710275967916 0.10384966433048248 0.11171076695124309 0.10847406089305878 0.10228063662846883 0.09976930916309357 0.11207347114880879 0.0946008712053299 0.11715123057365417 0.08943246304988861 0.13310990730921426 0.0875282734632492 0.14326543609301248
1 0.0009765625 0.3217125137646993 0.0009765625 0.29233402013778687 0.0009765625 0.28653087218602497 0.0009765625 0.28000231583913165 0.0009765625 0.27020949125289917 0.0009765625 0.25642699003219604 0.0032011568546295166 0.265494426091512 0.00891365110874176 0.2734737793604533 0.010273754596710205 0.2832666039466858 0.011633872985839844 0.28943244616190594 0.009729713201522827 0.29741179943084717 0.005105331540107727 0.30575382709503174 0.0023850947618484497 0.31155699491500854 0.0009765625 0.32207520802815753 0.0009765625 0.3275156617164612 0.0009765625 0.33295613527297974 0.0009765625 0.3434743483861287 0.0009765625 0.3496402104695638 0.0009765625 0.3354949951171875 0.0009765625 0.3267902731895447
1 0.0009765625 0.3619718949000041 0.0009765625 0.3492774963378906 0.0009765625 0.333318829536438 0.0037452131509780884 0.34673861662546795 0.014898151159286499 0.34456245104471844 0.025507047772407532 0.3325934211413066 0.035843923687934875 0.3296918471654256 0.028499305248260498 0.3485521078109741 0.02577906847000122 0.3612465063730876 0.02822728455066681 0.36958857377370197 0.022514790296554565 0.38373374938964844 0.01462613046169281 0.3935265938440959 0.00918567180633545 0.40331939856211346 0.0034731924533843994 0.39026228586832684 0.0009765625 0.3721274534861247 0.0009765625 0.36813775698343915
1 0.0009765625 0.41238685448964435 0.0009765625 0.39896702766418457 0.0009765625 0.392075777053833 0.0009765625 0.3942519823710124 0.0009765625 0.40005513032277423 0.0009765625 0.40513288974761963 0.0009765625 0.4258066415786743 0.0009765625 0.43596216042836505 0.0009765625 0.43741293748219806 0.0009765625 0.43523677190144855 0.0009765625 0.42326776186625165 0.0009765625 0.41673922538757324
1 0.0009765625 0.2948729197184245 0.0009765625 0.2890697518984477 0.0009765625 0.28798166910807294 0.0009765625 0.29596100250879925 0.0009765625 0.3093808094660441 0.0009765625 0.3264275789260864 0.0009765625 0.33114264408747357 0.0009765625 0.3264275789260864 0.0009765625 0.30793001254399616 0.0009765625 0.2992252707481384
1 0.0009765625 0.26730791727701825 0.0009765625 0.27274837096532184 0.0009765625 0.2734737793604533 0.0009765625 0.2658571203549703 0.0009765625 0.2604166666666667 0.0009765625 0.25497621297836304 0.0009765625 0.2575150926907857 0.0009765625 0.265494426091512
1 0.0009765625 0.30321494738260907 0.0009765625 0.30321494738260907 0.0009765625 0.3017641504605611 0.0009765625 0.30321494738260907 0.0009765625 0.3169974486033122 0.0009765625 0.33368150393168133 0.0009765625 0.32715296745300293 0.0009765625 0.32280059655507404 0.0009765625 0.31663475433985394
1 0.0009765625 0.40114323298136395 0.0009765625 0.3873607317606608 0.0009765625 0.3735782305399577 0.0009765625 0.36958857377370197 0.0009765625 0.3775678873062134 0.0009765625 0.3855472405751546 0.0009765625 0.40005513032277423 0.0009765625 0.4120241403579712 0.0009765625 0.41673922538757324 0.0009765625 0.4276201327641805 0.0009765625 0.4348740577697754 0.0009765625 0.446480393409729 0.0009765625 0.447931170463562 0.0009765625 0.4435787995656331 0.0009765625 0.4334232807159424 0.0009765625 0.4214542706807454
1 0.0009765625 0.4649779399236043 0.0009765625 0.45264625549316406 0.0009765625 0.44684306780497235 0.0009765625 0.4435787995656331 0.0009765625 0.4428534110387166 0.0009765625 0.44611767927805585 0.0009765625 0.4519208272298177 0.0009765625 0.46606604258219403 0.0009765625 0.47477078437805176 0.0009765625 0.48528897762298584 0.0009765625 0.4943564335505168 0.0009765625 0.5005222956339518 0.0009765625 0.5048746665318807 0.0009765625 0.49834609031677246 0.0009765625 0.4874651829401652 0.0009765625 0.47549617290496826
1 0.0009765625 0.4722319046656291 0.0009765625 0.4642525513966878 0.0009765625 0.45663591225941974 0.0009765625 0.4522835413614909 0.0009765625 0.4548224210739136 0.0009765625 0.4620763858159383 0.0009765625 0.46969302495320636 0.0009765625 0.4758588870366414 0.0009765625 0.4751334587732951
1 0.0009765625 0.4649779399236043 0.0009765625 0.45264625549316406 0.0009765625 0.4399518171946208 0.0009765625 0.43886375427246094 0.0009765625 0.44829388459523517 0.0009765625 0.45409703254699707 0.0009765625 0.46171367168426514 0.0009765625 0.46316444873809814
1 0.0009765625 0.4323351780573527 0.0009765625 0.41819000244140625 0.0009765625 0.4094852606455485 0.0009765625 0.40259401003519696 0.0009765625 0.40005513032277423 0.0009765625 0.39932974179585773 0.0009765625 0.3996924161911011 0.0009765625 0.40186862150828045 0.0009765625 0.41456302007039386 0.0009765625 0.4214542706807454 0.0009765625 0.4265320301055908 0.0009765625 0.43124711513519287 0.0009765625 0.43958914279937744 0.0009765625 0.4472057819366455 0.0009765625 0.43958914279937744
1 0.0009765625 0.4595375061035156 0.0009765625 0.46896763642628986 0.0009765625 0.4722319046656291 0.0009765625 0.4744080702463786 0.0009765625 0.47839776674906415 0.0009765625 0.46824220816294354 0.0009765625 0.4544597069422404 0.0009765625 0.4457550048828125 0.0009765625 0.44321612517038983 0.0009765625 0.44103991985321045 0.0009765625 0.43378599484761554 0.0009765625 0.42798280715942383 0.0009765625 0.4341486692428589 0.0009765625 0.44031453132629395 0.0009765625 0.447931170463562 0.0009765625 0.45337164402008057
1 0.03883618116378784 0.26803330580393475 0.04618079960346222 0.276012659072876 0.04400460422039032 0.2868935664494832 0.03774808347225189 0.29015785455703735 0.03665998578071594 0.28217850128809613 0.037204042077064514 0.27202298243840534
1 0.047540903091430664 0.26368093490600586 0.06250216066837311 0.26368093490600586 0.06386227905750275 0.27274837096532184 0.0557015985250473 0.27528725067774457 0.048356980085372925 0.2698467969894409
1 0.07093487679958344 0.23611595233281454 0.08344794809818268 0.23176358143488565 0.09160862863063812 0.2314008871714274 0.09296874701976776 0.2353905439376831 0.08644019067287445 0.25134923060735065 0.08480806648731232 0.2691214084625244 0.0829039067029953 0.27927692731221515 0.07093487679958344 0.27710074186325073 0.06658251583576202 0.2676706115404765 0.06821466982364655 0.25207461913426715
1 0.10711394250392914 0.23829213778177896 0.1215311735868454 0.22160806258519491 0.1307799369096756 0.20963905254999796 0.14030073583126068 0.20492398738861084 0.14982156455516815 0.19839543104171753 0.15961436927318573 0.20165969928105673 0.16967923939228058 0.2085509498914083 0.16804708540439606 0.21725569168726602 0.1558060497045517 0.2357532580693563 0.1462852507829666 0.24735955397288004 0.1378525346517563 0.25316272179285687 0.13431625068187714 0.26005397240320843 0.12316329777240753 0.25715239842732746 0.11173833906650543 0.2535254160563151
1 0.0009765625 0.9477280775705973 0.0009765625 0.944101095199585 0.0009765625 0.9509923458099365 0.0009765625 0.9640494187672933 0.0009765625 0.9705779552459717 0.0009765625 0.9745676517486572 0.0009765625 0.9872620900472006 0.0009765625 0.9956041177113851 0.0009765625 0.9970548947652181 0.0009765625 0.9981429576873779 0.0009765625 0.9977803230285645 0.0009765625 0.980370839436849 0.0009765625 0.9662256240844727
1 0.0009765625 0.9034790198008219 0.0009765625 0.8864322503407797 0.0009765625 0.8799036343892416 0.0009765625 0.87301238377889 0.0009765625 0.8788155714670817 0.0009765625 0.8896965185801188 0.0009765625 0.9005773862202963 0.0009765625 0.9078313509623209 0.0009765625 0.9154480298360189 0.0009765625 0.920163075129191 0.0009765625 0.9194376468658447 0.0009765625 0.9136345386505127 0.0009765625 0.9107329050699869
1 0.0009765625 0.8254990577697754 0.0009765625 0.8225975036621094 0.0009765625 0.8316649595896403 0.0009765625 0.8414577643076578 0.0009765625 0.8468982378641764 0.0009765625 0.8476235866546631 0.0009765625 0.8356545766194662
1 0.0009765625 0.8508878548940023 0.0009765625 0.8508878548940023 0.0009765625 0.8650330702463785 0.0009765625 0.8726497491200765 0.0009765625 0.8838933308919271 0.0009765625 0.8875203132629395 0.0009765625 0.8984012603759766 0.0009765625 0.9052925109863281 0.0009765625 0.9034790198008219 0.0009765625 0.8849813938140869 0.0009765625 0.868660052617391
1 0.0009765625 0.7533222834269205 0.0009765625 0.7623897393544515 0.0009765625 0.7689182758331299 0.0009765625 0.7761722405751547 0.0009765625 0.782700777053833 0.0009765625 0.7903174559275309 0.0009765625 0.7972087065378824 0.0009765625 0.8033745288848877 0.0009765625 0.808452288309733 0.0009765625 0.816068967183431 0.0009765625 0.8193332354227701 0.0009765625 0.8200585842132568 0.0009765625 0.7939444382985433 0.0009765625 0.776897668838501
1 0.0009765625 0.8215094407399496 0.0009765625 0.8088150024414062 0.0009765625 0.7993848323822021 0.0009765625 0.7964832782745361 0.0009765625 0.8008356889088949 0.0009765625 0.8124419848124186 0.0009765625 0.8240482807159424 0.0009765625 0.8334784507751465 0.0009765625 0.8378307819366455 0.0009765625 0.8432712554931641 0.0009765625 0.8447220325469971 0.0009765625 0.8439966042836508 0.0009765625 0.8385562101999918 0.0009765625 0.83384108543396 0.0009765625 0.830939531326294
1 0.0009765625 0.841820478439331 0.0009765625 0.864307721455892 0.0009765625 0.8795409997304281 0.0009765625 0.8802663485209147 0.0009765625 0.8791782855987549 0.0009765625 0.8799036343892416 0.0009765625 0.8693854808807373 0.0009765625 0.8541521231333414 0.0009765625 0.8450847466786703 0.0009765625 0.8367427190144857 0.0009765625 0.8265872001647949 0.0009765625 0.8178824583689371 0.0009765625 0.808452288309733 0.0009765625 0.8022864659627279 0.0009765625 0.7950325012207031 0.0009765625 0.7866904735565186 0.0009765625 0.7852396965026855 0.0009765625 0.7863277594248453 0.0009765625 0.7917682329813639 0.0009765625 0.7972087065378824 0.0009765625 0.808452288309733 0.0009765625 0.8142554759979248 0.0009765625 0.8186078071594238 0.0009765625 0.8291260401407877 0.0009765625 0.835291862487793
1 0.0009765625 0.808452288309733 0.0009765625 0.8004729747772217 0.0009765625 0.7986594835917155 0.0009765625 0.7993848323822021 0.0009765625 0.808452288309733 0.0009765625 0.809903065363566 0.0009765625 0.8178824583689371 0.0009765625 0.8316649595896403 0.0009765625 0.8421831130981445 0.0009765625 0.8490743637084961 0.0009765625 0.8570537567138672 0.0009765625 0.8617688020070394 0.0009765625 0.853789488474528 0.0009765625 0.841820478439331 0.0009765625 0.8269498348236084 0.0009765625 0.8186078071594238
1 0.0009765625 0.784151554107666 0.0009765625 0.7892293135325114 0.0009765625 0.7892293135325114 0.0009765625 0.7939444382985433 0.0009765625 0.7957579294840494 0.0009765625 0.7957579294840494 0.0009765625 0.7964832782745361 0.0009765625 0.7877785364786783 0.0009765625 0.7758095264434814 0.0009765625 0.7515087922414144 0.0009765625 0.744980255762736 0.0009765625 0.731560468673706 0.0009765625 0.7370009422302246 0.0009765625 0.743529478708903 0.0009765625 0.756949265797933 0.0009765625 0.7652912934621176 0.0009765625 0.7732706864674886 0.0009765625 0.7790737946828207
1 0.0009765625 0.7377262910207113 0.0009765625 0.7246692180633545 0.0009765625 0.7174152533213297 0.0009765625 0.7170525391896566 0.0009765625 0.7253946463267008 0.0009765625 0.7351874510447184 0.0009765625 0.7395397822062174 0.0032011568546295166 0.7402652104695638 0.00891365110874176 0.7409905592600504 0.007281512022018433 0.7529596487681071 0.0023850947618484497 0.758400042851766 0.0009765625 0.7580374081929525 0.0009765625 0.7631151676177979 0.0009765625 0.7710944811503092 0.0009765625 0.7732706864674886 0.0009765625 0.7718199094136556 0.0009765625 0.7580374081929525 0.0009765625 0.7442549069722494
1 0.0009765625 0.6815082232157389 0.0009765625 0.6858606338500977 0.0009765625 0.6945653756459554 0.0009765625 0.7079851627349854 0.0009765625 0.7203168869018555 0.0009765625 0.7239437898000082 0.0009765625 0.7007311979929606
1 0.0009765625 0.72865891456604 0.0009765625 0.7156017621358236 0.0009765625 0.7018192609151205 0.0009765625 0.692389170328776 0.0009765625 0.6836844285329183 0.0009765625 0.6818709373474121 0.0009765625 0.6887621879577637 0.0009765625 0.696741501490275 0.0009765625 0.7108867168426514 0.0009765625 0.7224930127461752 0.0009765625 0.7333739598592123 0.0009765625 0.7460683981577555 0.0009765625 0.7605762481689453 0.0009765625 0.7750841776529948 0.0009765625 0.7754468123118082 0.0009765625 0.7681929270426432 0.0009765625 0.7587627569834391 0.0009765625 0.752596934636434 0.0009765625 0.7493326663970947
1 0.0009765625 0.7747214635213217 0.0009765625 0.7776230176289877 0.0009765625 0.7790737946828207 0.0009765625 0.7765349547068278 0.0009765625 0.7671047846476237 0.0009765625 0.7721825440724691 0.0009765625 0.7772603034973145 0.0009765625 0.7805245717366537 0.0009765625 0.7761722405751547 0.0009765625 0.7671047846476237 0.0009765625 0.7504207293192545 0.0009765625 0.7409905592600504 0.0009765625 0.7333739598592123 0.0009765625 0.7243065039316813 0.0009765625 0.7232184410095215 0.0009765625 0.7235811551411947 0.0009765625 0.7282962004343668 0.0009765625 0.7355501651763916 0.0009765625 0.7486072381337484 0.0009765625 0.7547730604807535 0.0009765625 0.7627524534861246 0.0009765625 0.7707317670186361
1 0.0009765625 0.7170525391896566 0.0009765625 0.7097986539204916 0.0009765625 0.7036327521006266 0.0009765625 0.6985549926757812 0.0009765625 0.6847724914550781 0.0009765625 0.6706273555755615 0.0009765625 0.6622852881749471 0.0009765625 0.6543059349060059 0.0009765625 0.6452385187149048 0.0009765625 0.6426996390024821 0.0009765625 0.6474146842956543 0.0009765625 0.6553940375645956 0.0009765625 0.668088436126709 0.0009765625 0.6836844285329183 0.0009765625 0.696741501490275 0.0009765625 0.7068970203399658 0.0009765625 0.7145136992136637 0.0009765625 0.7181406815846761 0.0009765625 0.72865891456604 0.0009765625 0.7340993881225586 0.0009765625 0.7199541727701823 0.0009765625 0.7119747797648112 0.0009765625 0.7119747797648112 0.0009765625 0.7127002080281576 0.0009765625 0.7181406815846761 0.0009765625 0.7185033957163492 0.0009765625 0.7199541727701823 0.0009765625 0.7199541727701823
1 0.0009765625 0.5515518585840861 0.0009765625 0.5430484612782797 0.0009765625 0.5350765387217203 0.0009765625 0.5345450639724731 0.0009765625 0.5329506794611613 0.0009765625 0.5425170262654623 0.0009765625 0.555272102355957 0.0009765625 0.5579294363657633 0.0009765625 0.5648384491602579 0.0009765625 0.5738732814788818 0.0009765625 0.5887542565663656 0.0009765625 0.5977891286214193 0.0009765625 0.6036351919174194 0.0009765625 0.597257653872172 0.0009765625 0.5967261791229248 0.0009765625 0.5993835131327311 0.0009765625 0.5754677057266235 0.0009765625 0.5549178123474121
1 0.0009765625 0.5680272181828817 0.0009765625 0.5558035771052042 0.0009765625 0.5536777178446451 0.0009765625 0.5515518585840861 0.0009765625 0.5584608713785807 0.0009765625 0.5659013589223226 0.0009765625 0.574404756228129 0.0009765625 0.574404756228129 0.0009765625 0.5712159872055054
1 0.0009765625 0.5186011791229248 0.0009765625 0.5074404875437418 0.0009765625 0.5047831535339355 0.0009765625 0.5159438848495483 0.0009765625 0.5233843723932902 0.0009765625 0.5265731414159139 0.0009765625 0.522852897644043
1 0.0009765625 0.5356079737345377 0.0009765625 0.5558035771052042 0.0009765625 0.5643069744110107 0.0009765625 0.5669642686843872 0.0009765625 0.5749362309773763 0.0009765625 0.5765306154886881 0.0009765625 0.5685586929321289 0.0009765625 0.5605867306391398 0.0009765625 0.5526148080825806 0.0009765625 0.5435799360275269 0.0009765625 0.5313562949498495 0.0009765625 0.5180697441101074 0.0009765625 0.5154124101003011 0.0009765625 0.5154124101003011 0.0009765625 0.5154124101003011 0.0009765625 0.5180697441101074 0.0009765625 0.5265731414159139
1 0.0009765625 0.4909651279449463 0.0009765625 0.47289542357126874 0.0009765625 0.4665178457895915 0.0009765625 0.4734268585840861 0.0009765625 0.4813988208770752 0.0009765625 0.48405611515045166 0.0009765625 0.4904336929321289 0.0009765625 0.4936224619547526 0.0009765625 0.4936224619547526 0.0009765625 0.49415389696757
1 0.0009765625 0.49309098720550537 0.0009765625 0.48086734612782794 0.0009765625 0.46970661481221515 0.0009765625 0.4569515387217204 0.0009765625 0.4548256794611613 0.0009765625 0.45269982020060223 0.0009765625 0.4569515387217204 0.0009765625 0.463860551516215 0.0009765625 0.47448980808258057 0.0016501843929290771 0.48033587137858075 0.0032445788383483887 0.4877763589223226 0.007629141211509705 0.5005314747492472 0.008824929594993591 0.5100977818171183 0.004041776061058044 0.5196641286214193 0.002048790454864502 0.5313562949498495 0.0009765625 0.5318877696990967 0.0009765625 0.5366709232330322 0.0009765625 0.5260416666666666 0.0009765625 0.5170067946116129 0.0009765625 0.5053146282831827 0.0009765625 0.49574828147888184 0.0009765625 0.4936224619547526
1 0.0009765625 0.5797193845113119 0.0009765625 0.5919430255889893 0.0009765625 0.603103756904602 0.0009765625 0.6078869104385376 0.0009765625 0.6116071542104086 0.0009765625 0.6057610511779785 0.0009765625 0.6020408074061075 0.005237564444541931 0.6025722821553549 0.006831943988800049 0.5993835131327311 0.0009765625 0.5882227818171183 0.0009765625 0.5706845124562582 0.0032445788383483887 0.5478316148122152 0.006831943988800049 0.5398596922556559 0.0009765625 0.5387967824935913 0.0009765625 0.5366709232330322 0.0009765625 0.5366709232330322 0.0009765625 0.5377338329950968 0.0009765625 0.5430484612782797 0.0009765625 0.5488945643107096 0.0009765625 0.5573979616165161 0.0009765625 0.5637754996617635 0.0009765625 0.5685586929321289 0.0009765625 0.5701530774434408 0.0009765625 0.57227889696757
1 0.0009765625 0.6392432053883871 0.0009765625 0.6546556154886881 0.0009765625 0.6615646282831827 0.0009765625 0.6589072942733765 0.0009765625 0.6557185252507528 0.0009765625 0.637117346127828 0.0009765625 0.6280824740727743 0.0009765625 0.6254251797993978 0.0009765625 0.6286139488220215
1 0.0009765625 0.6232993205388387 0.0009765625 0.6094812949498495 0.0009765625 0.6036351919174194 0.0009765625 0.5999149481455485 0.0009765625 0.6025722821553549 0.0009765625 0.6089498202006022 0.0009765625 0.6179846922556559 0.0009765625 0.6339285771052042 0.0009765625 0.6419004996617635 0.0009765625 0.6365858713785807 0.0009765625 0.6450892686843872 0.0009765625 0.6488095124562582 0.0009765625 0.637117346127828
1 0.0009765625 0.6488095124562582 0.0009765625 0.652529756228129 0.0009765625 0.6610331535339355 0.0009765625 0.6753826141357422 0.0009765625 0.6918579737345377 0.0009765625 0.7014242808024088 0.0009765625 0.7083333333333334 0.0009765625 0.6844174861907959 0.0009765625 0.66794220606486
1 0.0009765625 0.6424319744110107 0.0009765625 0.620110551516215 0.0009765625 0.6179846922556559 0.0009765625 0.6339285771052042 0.0009765625 0.652529756228129 0.002048790454864502 0.659970243771871 0.012412309646606445 0.6546556154886881 0.014803886413574219 0.6594387690226237 0.013608098030090332 0.6711309750874838 0.0032445788383483887 0.6764455636342367 0.0009765625 0.6796343326568604 0.0009765625 0.6615646282831827 0.0009765625 0.65625 0.0009765625 0.6482780774434408
0 0.006831943988800049 0.6232993205388387 0.006433352828025818 0.6094812949498495 0.01201370358467102 0.6046981414159139 0.019188448786735535 0.6137329737345377 0.017992660403251648 0.6270195643107096
1 0.009622126817703247 0.6381802558898926 0.018391266465187073 0.633397102355957 0.023573026061058044 0.6169217824935913 0.031943559646606445 0.6062925259272257 0.03752391040325165 0.5988520383834839 0.03951689600944519 0.5850340127944946 0.049880415201187134 0.5845025380452474 0.058250948786735535 0.6025722821553549 0.07020886242389679 0.6323341925938925 0.06104113161563873 0.6392432053883871 0.04908321797847748 0.6498724619547526 0.046691641211509705 0.6700680255889893 0.046293050050735474 0.684949000676473 0.03393654525279999 0.6876062552134196 0.02317441999912262 0.679102897644043 0.01679687201976776 0.6711309750874838 0.018789857625961304 0.6610331535339355 0.01679687201976776 0.6498724619547526
1 0.006831943988800049 0.4782100518544515 0.013209506869316101 0.4649234612782796 0.018391266465187073 0.46014030774434406 0.031943559646606445 0.46014030774434406 0.038719698786735535 0.47076956431070965 0.04230707883834839 0.5005314747492472 0.043104276061058044 0.5095663070678711 0.029551967978477478 0.5095663070678711 0.01639828085899353 0.5026572942733765 0.009622126817703247 0.49521684646606445
1 0.010817915201187134 0.5414540767669678 0.006433352828025818 0.5271045764287313 0.014006689190864563 0.5127551158269247 0.03114636242389679 0.5132865508397421 0.046293050050735474 0.5175382693608602 0.051873400807380676 0.5324192047119141 0.0550621896982193 0.5494260390599569 0.05346779525279999 0.5680272181828817 0.05267058312892914 0.5754677057266235 0.03951689600944519 0.578125 0.025167405605316162 0.5616496404012045 0.015999674797058105 0.5510204235712687
1 0.041908472776412964 0.4590773979822795 0.05346779525279999 0.4558885892232259 0.07060746848583221 0.4585459232330322 0.07937659323215485 0.4590773979822795 0.09213168919086456 0.47183247407277423 0.09930644929409027 0.4819302558898926 0.08974011242389679 0.4883078336715698 0.05705516040325165 0.49734270572662354 0.04788742959499359 0.5015943845113119 0.04469865560531616 0.4813988208770752 0.04071268439292908 0.46545493602752686
1 0.046691641211509705 0.5090348720550537 0.07937659323215485 0.5 0.09093590080738068 0.4925595124562581 0.10289381444454193 0.48990221818288165 0.11325733363628387 0.5 0.11325733363628387 0.5143495003382365 0.1108657568693161 0.5324192047119141 0.10727839171886444 0.544111410776774 0.09811066091060638 0.5542091925938925 0.08655132353305817 0.5637754996617635 0.07499201595783234 0.5717474619547526 0.06702007353305817 0.5765306154886881 0.05745376646518707 0.5754677057266235 0.06024394929409027 0.5584608713785807 0.058250948786735535 0.544111410776774 0.05426497757434845 0.5308248202006022 0.05147479474544525 0.5212585131327311
1 0.10608257353305817 0.4851190646489461 0.11006854474544525 0.4734268585840861 0.11206154525279999 0.4665178457895915 0.12362085282802582 0.47076956431070965 0.1319914013147354 0.48033587137858075 0.13398437201976776 0.486713449160258 0.12641103565692902 0.4883078336715698 0.12083066999912262 0.49149660269419354 0.11684469878673553 0.49521684646606445 0.10887275636196136 0.49309098720550537
1 0.0885443240404129 0.6248937050501505 0.11485172808170319 0.6376488208770752 0.12720821797847748 0.6376488208770752 0.12999840080738068 0.6296768585840861 0.12999840080738068 0.6057610511779785 0.13119418919086456 0.5892857313156128 0.12521524727344513 0.5871598720550537 0.11445312201976776 0.5892857313156128 0.10687978565692902 0.5977891286214193 0.09691484272480011 0.6089498202006022 0.0913345068693161 0.6174532175064087
1 0.28080546855926514 0.0013020833333333333 0.28720366954803467 0.010326867923140526 0.289897620677948 0.01885775849223137 0.2946120500564575 0.01840876415371895 0.2976427674293518 0.005387930820385615 0.29797953367233276 0.0013020833333333333 0.289897620677948 0.0013020833333333333
1 0.30202049016952515 0.004040948425730069 0.29898977279663086 0.016163793702920277 0.299663245677948 0.02065373584628105 0.311112642288208 0.026041666666666668 0.3171740174293518 0.03142959872881571 0.32155174016952515 0.024245689312616985 0.33131736516952515 0.01975574716925621 0.3397359848022461 0.015265805025895437 0.3437769412994385 0.011224855979283651 0.34579741954803467 0.0031429597487052283 0.3319908380508423 0.0017959770436088245 0.31380659341812134 0.0013469827050964038
1 0.2858566641807556 0.029184627036253612 0.29797953367233276 0.022898706297079723 0.309428870677948 0.029184627036253612 0.32054150104522705 0.03726652264595032 0.32929688692092896 0.052532325188318886 0.3397359848022461 0.06465517481168111 0.3505118489265442 0.06824712455272675 0.3491649031639099 0.09383979439735413 0.3427667021751404 0.09922772645950317 0.3269396424293518 0.10147270560264587 0.3084186315536499 0.11000359058380127 0.2946120500564575 0.11943246920903523 0.28855061531066895 0.11494253079096477 0.28653019666671753 0.10551365216573079 0.28922414779663086 0.0826149433851242 0.2936018109321594 0.06690014402071635 0.29831624031066895 0.05163434147834778 0.2936018109321594 0.03861350566148758
1 0.1686691790819168 0.2007004221280416 0.1814655214548111 0.1791487137476603 0.18853716552257538 0.17106680075327554 0.19931302964687347 0.16971983512242636 0.21379311382770538 0.17016881704330444 0.22221173346042633 0.18498563766479492 0.21985451877117157 0.19755746920903525 0.21379311382770538 0.21327227354049683 0.2107623964548111 0.22808907429377237 0.20032326877117157 0.23392599821090698 0.19257812201976776 0.24066092570622763 0.18752692639827728 0.24470186233520508 0.18180225789546967 0.24245689312616983 0.18314923346042633 0.2276400923728943 0.1814655214548111 0.21955819924672446 0.17540408670902252 0.2159662445386251 0.17203663289546967 0.2128232717514038
1 0.16631196439266205 0.2783764402071635 0.18281249701976776 0.2846623659133911 0.18685345351696014 0.2837643623352051 0.18516971170902252 0.27433548370997113 0.18617995083332062 0.25502874453862506 0.1892106682062149 0.24874281883239746 0.18213899433612823 0.24874281883239746 0.1767510622739792 0.25727371374766034 0.170689657330513 0.26580458879470825
1 0.15519936382770538 0.2949892282485962 0.17102639377117157 0.2967851956685384 0.17641432583332062 0.30262211958567303 0.17809806764125824 0.3169899384180705 0.16462822258472443 0.331806759039561 0.15149514377117157 0.3349497318267822 0.1589035540819168 0.3394396702448527 0.17203663289546967 0.3403376340866089 0.17506735026836395 0.3394396702448527 0.1834859997034073 0.32237788041432697 0.18584321439266205 0.3142959674199422 0.18415947258472443 0.2954382101694743 0.18449623882770538 0.2891523043314616 0.17405711114406586 0.2851113478342692 0.16530172526836395 0.2819683949152629 0.15924029052257538 0.28556034962336224
1 0.0935748964548111 0.2945402264595032 0.10266701877117157 0.28825430075327557 0.11613686382770538 0.2887033025423686 0.1346578747034073 0.2904992898305257 0.14172951877117157 0.293193240960439 0.14711745083332062 0.3008261521657308 0.14577047526836395 0.3142959674199422 0.13028018176555634 0.3183369239171346 0.12522898614406586 0.3241738478342692 0.12724946439266205 0.33270474274953205 0.12724946439266205 0.33764366308848065 0.12388201057910919 0.35470545291900635 0.12421874701976776 0.36413435141245526 0.12152479588985443 0.36413435141245526 0.11377961933612823 0.3493175109227498 0.10839168727397919 0.34437859058380127 0.10266701877117157 0.32013291120529175 0.09660561382770538 0.3080100615819295
1 0.11950431764125824 0.370869239171346 0.12590248882770538 0.3690732717514038 0.14071927964687347 0.3776041666666667 0.1572198122739792 0.38344109058380127 0.16462822258472443 0.3883800109227498 0.17035292088985443 0.4130747318267822 0.1737203747034073 0.42609556516011554 0.17405711114406586 0.43327943483988446 0.160924032330513 0.4400143623352051 0.151158407330513 0.44585128625233966 0.1393723040819168 0.4593211015065511 0.13196389377117157 0.46560704708099365 0.11815731227397919 0.4629130760828654 0.11344288289546967 0.4620150725046794 0.11142240464687347 0.4476472536722819 0.11377961933612823 0.4202586015065511 0.11815731227397919 0.4027478297551473 0.11916755139827728 0.38748204708099365
1 0.2127828747034073 0.43956538041432697 0.2205280214548111 0.4278915325800578 0.22962014377117157 0.4256465435028076 0.24915139377117157 0.42474857966105145 0.2683458924293518 0.42429955800374347 0.2733970880508423 0.42834051450093585 0.28147900104522705 0.4404633442560832 0.2838361859321594 0.44809627532958984 0.2740705609321594 0.46381107966105145 0.2673356533050537 0.4781788984934489 0.2626212239265442 0.48760775725046795 0.25521284341812134 0.4970366557439168 0.24847792088985443 0.49973058700561523 0.23635505139827728 0.4943426847457886 0.2272629290819168 0.488056739171346 0.2174973040819168 0.4804238478342692 0.2117726355791092 0.4593211015065511
1 0.22221173346042633 0.3865840435028076 0.22692619264125824 0.3838900725046794 0.2410695105791092 0.38568607966105145 0.2548760771751404 0.38703306516011554 0.2646417021751404 0.39197198549906415 0.27103984355926514 0.4040948152542114 0.27171337604522705 0.41127872467041016 0.26969289779663086 0.41980961958567303 0.25723332166671753 0.42160558700561523 0.24308998882770538 0.42070762316385907 0.2272629290819168 0.42070762316385907 0.2282731682062149 0.4072377681732178 0.2255791872739792 0.39421693483988446
1 0.1727101355791092 0.47368892033894855 0.17506735026836395 0.45887211958567303 0.17607758939266205 0.448994239171346 0.17473061382770538 0.4413613478342692 0.1834859997034073 0.43956538041432697 0.18988417088985443 0.44585128625233966 0.19493533670902252 0.4566271702448527 0.1969558149576187 0.4669540325800578 0.1979660540819168 0.47683191299438477 0.199986532330513 0.4804238478342692 0.20133350789546967 0.4867097536722819 0.1962823122739792 0.4956896702448527 0.19156788289546967 0.5028735796610514 0.18382273614406586 0.5019755760828654 0.18415947258472443 0.49524064858754474 0.17910830676555634 0.4840158224105835
1 0.17102639377117157 0.5441810290018717 0.180455282330513 0.5486709674199423 0.18853716552257538 0.547773003578186 0.19830279052257538 0.5338541666666666 0.19964979588985443 0.5271192391713461 0.19493533670902252 0.5100574890772501 0.18685345351696014 0.5078125 0.18281249701976776 0.508710503578186 0.1774245649576187 0.5140984058380127 0.17237336933612823 0.5203843514124552 0.16833244264125824 0.5284662246704102 0.1676589399576187 0.5320581992467245
1 0.16361798346042633 0.5711206992467245 0.1784348040819168 0.5715696811676025 0.18449623882770538 0.5625898043314616 0.18079201877117157 0.5527119239171346 0.16934268176555634 0.5482219854990641 0.16429148614406586 0.5486709674199423 0.16227100789546967 0.5576508442560831
1 0.0009765625 0.7866379419962565 0.0009765625 0.772719144821167 0.0009765625 0.7664331595102946 0.0009765625 0.7650861740112305 0.007031247019767761 0.7623922030131022 0.013092666864395142 0.7484734058380127 0.018817350268363953 0.7372485796610514 0.029256463050842285 0.7251257101694742 0.037001609802246094 0.7174928188323975 0.04710398614406586 0.7058189709981283 0.04407326877117157 0.7219827969868978 0.04171605408191681 0.7363505363464355 0.04441002011299133 0.7498203913370768 0.045756995677948 0.7619432608286539 0.04070581495761871 0.772270123163859 0.03363415598869324 0.7825969854990641 0.027572736144065857 0.7915768623352051 0.025552257895469666 0.8001077969868978 0.025552257895469666 0.8077406883239746 0.028582975268363953 0.8158225218454996 0.025552257895469666 0.8212104638417562 0.018817350268363953 0.8239044348398844 0.010061964392662048 0.8230064709981283 0.007031247019767761 0.8216594854990641 0.0009765625 0.8104346593221029 0.0009765625 0.7996587753295898 0.0009765625 0.7893319129943848
1 0.0009765625 0.8656609058380127 0.002316802740097046 0.8656609058380127 0.017470359802246094 0.8625179926554362 0.021511316299438477 0.8575789928436279 0.015449896454811096 0.8355782826741537 0.014439657330513 0.8270474274953207 0.005684271454811096 0.8265984058380127 0.0009765625 0.8333333333333334 0.0009765625 0.8454562028249105 0.0009765625 0.8535380363464355 0.0009765625 0.8611710071563721
1 0.01982758939266205 0.8306393623352051 0.02959321439266205 0.8234554926554362 0.03060343861579895 0.8333333333333334 0.02588900923728943 0.8391702969868978
1 0.026225745677947998 0.8571300506591797 0.036664873361587524 0.859375 0.043063029646873474 0.8539870580037435 0.03969557583332062 0.8414152463277181 0.03430764377117157 0.8373742898305258 0.026225745677947998 0.8463541666666666
1 0.033297404646873474 0.8059446811676025 0.04339978098869324 0.8036997318267822 0.04777747392654419 0.8045976956685384 0.05080817639827728 0.7929238478342692 0.05922682583332062 0.7834949493408203 0.06293104588985443 0.7803520361582438 0.05148167908191681 0.772719144821167 0.042726293206214905 0.7799030145009359 0.03632812201976776 0.7888828913370768 0.033970907330513 0.7965157826741537 0.032960668206214905 0.8014547030131022
1 0.054849132895469666 0.7008800506591797 0.07909481227397919 0.6977370580037435 0.08987067639827728 0.6936961015065511 0.10098330676555634 0.6887571811676025 0.11175917088985443 0.6932471593221029 0.11714707314968109 0.6995330651601156 0.11411638557910919 0.7049210071563721 0.10468749701976776 0.7152478694915771 0.09963630139827728 0.7219827969868978 0.09525860846042633 0.7309626738230387 0.09290139377117157 0.7435344854990641 0.09054417908191681 0.7498203913370768 0.07976831495761871 0.7619432608286539 0.07842133939266205 0.7713721593221029 0.08145205676555634 0.7799030145009359 0.07067619264125824 0.7803520361582438 0.06461475789546967 0.7772090435028076 0.052155181765556335 0.7673312028249105 0.048787713050842285 0.7556573549906412 0.04609374701976776 0.733656644821167 0.05114494264125824 0.7179418404897054
0 0.08717672526836395 0.6303879419962565 0.10435076057910919 0.6478987137476603 0.1131061464548111 0.6582255760828654 0.11883081495761871 0.6470007101694742 0.1208512932062149 0.6420617898305258 0.10839168727397919 0.6384698152542114 0.09828932583332062 0.6344288984934489 0.09121768176555634 0.6303879419962565
1 0.10738144814968109 0.6865122318267822 0.11580009758472443 0.6932471593221029 0.1269126981496811 0.6927981376647949 0.13600485026836395 0.6860632101694742 0.13869880139827728 0.6752873261769613 0.14105604588985443 0.6690014203389486 0.14004580676555634 0.6627155145009359 0.1326373964548111 0.655082623163859 0.13095365464687347 0.6429597536722819 0.12623922526836395 0.6434087753295898 0.12253500521183014 0.6546336015065511 0.11984105408191681 0.6658584674199423 0.11445312201976776 0.6770833333333334 0.10940192639827728 0.6824712753295898
1 0.11984105408191681 0.7022270361582438 0.13701508939266205 0.6950430870056152 0.1464439481496811 0.6950430870056152 0.15082167088985443 0.7008800506591797 0.15385235846042633 0.7139008839925131 0.15823005139827728 0.7242277463277181 0.16126076877117157 0.7300646305084229 0.15957705676555634 0.741738478342692 0.14947466552257538 0.7444324493408203 0.13432110846042633 0.7453304926554362 0.12455548346042633 0.7444324493408203 0.11916755139827728 0.7444324493408203 0.11681033670902252 0.7291666666666666 0.11950431764125824 0.7143498261769613
1 0.11580009758472443 0.7623922030131022 0.11580009758472443 0.751167376836141 0.12421874701976776 0.7484734058380127 0.14105604588985443 0.7480244636535645 0.1578933149576187 0.7471264203389486 0.15587283670902252 0.7592492898305258 0.14779095351696014 0.7637391885121664 0.13970904052257538 0.7677801450093588 0.13095365464687347 0.7632902463277181 0.12354524433612823 0.7614942391713461
1 0.16732220351696014 0.7367995580037435 0.18112875521183014 0.7345546086629232 0.18853716552257538 0.7314116160074869 0.18415947258472443 0.7242277463277181 0.1767510622739792 0.7233297030131022 0.1686691790819168 0.7242277463277181 0.16799567639827728 0.7314116160074869
1 0.24477370083332062 0.7534123261769613 0.25218212604522705 0.7628412246704102 0.2595905065536499 0.7637391885121664 0.26329469680786133 0.7614942391713461 0.25891703367233276 0.7534123261769613 0.25352907180786133 0.7439835071563721 0.2467941790819168 0.7462284564971924
1 0.22086475789546967 0.1674748659133911 0.23096711933612823 0.1679238478342692 0.2323141247034073 0.18184266487757364 0.23164062201976776 0.1885775923728943 0.22894667088985443 0.18723060687383017 0.22490571439266205 0.1786997119585673 0.22086475789546967 0.17196480433146158
1 0.2353448122739792 0.16837284962336221 0.2457839399576187 0.15625 0.24713091552257538 0.15625 0.250835120677948 0.15669899185498556 0.2585802674293518 0.16567887862523398 0.26329469680786133 0.17510775725046793 0.2582435607910156 0.1845366358757019 0.25218212604522705 0.19127154350280762 0.24073274433612823 0.19037355979283652 0.23669181764125824 0.18588362137476602 0.2360183149576187 0.17331178983052573
1 0.25622308254241943 0.15490301450093588 0.27002960443496704 0.14996408422787985 0.28922414779663086 0.14951508243878683 0.3063981533050537 0.14682112137476602 0.3057246804237366 0.15669899185498556 0.3016837239265442 0.1638829012711843 0.2838361859321594 0.1679238478342692 0.2663254141807556 0.1728627880414327 0.26127421855926514 0.1620869239171346
1 0.31481683254241943 0.1571479837099711 0.3181842565536499 0.14592312773068747 0.32458245754241943 0.14143318931261697 0.3373787999153137 0.1504130760828654 0.3363685607910156 0.1670258641242981 0.32458245754241943 0.16971983512242636 0.31481683254241943 0.1652298867702484
1 0.32458245754241943 0.13514727354049683 0.3316541314125061 0.12437140941619873 0.3407462239265442 0.12077945470809937 0.3552262783050537 0.11943246920903523 0.36061424016952515 0.11853448549906413 0.3532058596611023 0.1346982717514038 0.34108299016952515 0.1486170987288157 0.32929688692092896 0.14098419745763144
1 0.34310346841812134 0.17151580254236856 0.34411370754241943 0.15220905343691507 0.3589305281639099 0.1346982717514038 0.3686961531639099 0.12167743841807048 0.3983297348022461 0.09428879618644714 0.4033809304237366 0.09114583333333333 0.42223870754241943 0.10237068931261699 0.4272899031639099 0.1221264402071635 0.4245958924293518 0.13739224274953207 0.4165140390396118 0.16029094656308493 0.4033809304237366 0.17600574096043906 0.39462554454803467 0.18184266487757364 0.3740840554237366 0.18902657429377237 0.3521956205368042 0.18812859058380127 0.3454606533050537 0.18498563766479492 0.3424299955368042 0.17600574096043906
1 0.2518453598022461 0.20159842570622763 0.25790679454803467 0.18723060687383017 0.2680091857910156 0.1778017282485962 0.280131995677948 0.17555675903956094 0.2791217565536499 0.18767958879470825 0.28147900104522705 0.19755746920903525 0.26969289779663086 0.20474137862523398 0.2643049359321594 0.2119252880414327 0.25723332166671753 0.2119252880414327 0.25352907180786133 0.20563936233520508
1 0.21547682583332062 0.22988506158192953 0.21985451877117157 0.2128232717514038 0.22658942639827728 0.1962104837099711 0.23938576877117157 0.19306753079096475 0.24915139377117157 0.20384339491526285 0.25049835443496704 0.2177622119585673 0.2498248964548111 0.23033404350280762 0.2451104372739792 0.23841595649719238 0.23568157851696014 0.2402119239171346 0.22591595351696014 0.23482400178909302
0 0.20537446439266205 0.27658045291900635 0.21345634758472443 0.2568247119585673 0.22086475789546967 0.24874281883239746 0.22187499701976776 0.23841595649719238 0.23265086114406586 0.24335487683614096 0.23635505139827728 0.24874281883239746 0.22995688021183014 0.2711925307909648 0.22692619264125824 0.28151939312616986 0.21615032851696014 0.2819683949152629
1 0.23265086114406586 0.2783764402071635 0.24275322258472443 0.24829381704330444 0.2528555989265442 0.23706897099812826 0.2646417021751404 0.24829381704330444 0.270366370677948 0.2617636521657308 0.2683458924293518 0.27702945470809937 0.2680091857910156 0.2887033025423686 0.2653151750564575 0.30486708879470825 0.2548760771751404 0.3084590435028076 0.24174298346042633 0.30531609058380127 0.23500807583332062 0.2904992898305257 0.23332436382770538 0.2846623659133911
1 0.2683458924293518 0.3102550307909648 0.27306032180786133 0.2945402264595032 0.2841729521751404 0.29768319924672443 0.29629582166671753 0.30531609058380127 0.299663245677948 0.31788792212804157 0.2976427674293518 0.3255208333333333 0.2875404357910156 0.3255208333333333 0.2760910391807556 0.3210308949152629
1 0.2380387932062149 0.34617455800374347 0.24443696439266205 0.33315374453862506 0.24814115464687347 0.3210308949152629 0.2656519412994385 0.3232758641242981 0.27306032180786133 0.32462284962336224 0.27945852279663086 0.3282148043314616 0.28248924016952515 0.3403376340866089 0.2841729521751404 0.35246050357818604 0.2733970880508423 0.36144038041432697 0.260600745677948 0.36054237683614093 0.2478044182062149 0.35246050357818604
1 0.18954740464687347 0.3174389402071635 0.18853716552257538 0.29768319924672443 0.19055764377117157 0.28780531883239746 0.2020070105791092 0.2797234257062276 0.209752157330513 0.2842133641242981 0.2185075432062149 0.2864583333333333 0.22658942639827728 0.2860093315442403 0.23096711933612823 0.292744259039561 0.23871229588985443 0.30262211958567303 0.2410695105791092 0.31519397099812824 0.23736529052257538 0.3336027463277181 0.23063038289546967 0.3362966775894165 0.2117726355791092 0.3255208333333333 0.19729255139827728 0.32192887862523395
1 0.04946120083332062 0.8521911303202311 0.07774783670902252 0.859824021657308 0.09391163289546967 0.8607219854990641 0.10300375521183014 0.858925978342692 0.10098330676555634 0.8301903406778971 0.09795258939266205 0.8086386521657308 0.09189115464687347 0.7888828913370768 0.07539062201976776 0.7866379419962565 0.0642780214548111 0.789780855178833 0.05383889377117157 0.7992097536722819 0.05754311382770538 0.8104346593221029 0.05619610846042633 0.8261494636535645 0.05653287470340729 0.8355782826741537 0.052491918206214905 0.8481501738230387
1 0.0009765625 0.8885596593221029 0.0009765625 0.8750898043314616 0.0009765625 0.8705998261769613 0.010398700833320618 0.8723958333333334 0.02083781361579895 0.8723958333333334 0.023868530988693237 0.8809266885121664 0.015786632895469666 0.9020294348398844 0.0060210078954696655 0.9168462753295898 0.0009765625 0.9262751738230387 0.0009765625 0.9154992898305258 0.0009765625 0.9029274781545004
1 0.0009765625 0.9823994636535645 0.0009765625 0.9797054926554362 0.0009765625 0.9877873261769613 0.0009765625 0.9958692391713461 0.0009765625 0.9986979166666666 0.0009765625 0.9986979166666666 0.0009765625 0.9972162246704102 0.0009765625 0.9900323549906412
1 0.0009765625 0.9797054926554362 0.0009765625 0.9577047030131022 0.0009765625 0.9577047030131022 0.0009765625 0.9743175506591797 0.0009765625 0.9783585071563721 0.009388461709022522 0.9671336015065511 0.029256463050842285 0.9446838696797689 0.033297404646873474 0.9514187971750895 0.03127694129943848 0.9765625 0.027909472584724426 0.9918282826741537 0.031613677740097046 0.9954202969868978 0.029256463050842285 0.9981141885121664 0.011745691299438477 0.9967672030131022 0.0009765625 0.9981141885121664 0.0009765625 0.9985632101694742 0.0009765625 0.9868893623352051
1 0.037675097584724426 0.9976652463277181 0.03733836114406586 0.9904812971750895 0.04609374701976776 0.9819504419962565 0.05417563021183014 0.9779094854990641 0.06461475789546967 0.9810524781545004 0.07640086114406586 0.9774604638417562 0.09593211114406586 0.9595007101694742 0.09929956495761871 0.9657866160074869 0.09222792088985443 0.9756645361582438 0.08313576877117157 0.9837463696797689 0.08044181764125824 0.9918282826741537 0.07976831495761871 0.9981141885121664 0.07159660756587982 0.9986979166666666 0.047440722584724426 0.9986979166666666
1 0.029929950833320618 0.8809266885121664 0.03565463423728943 0.8638649781545004 0.04777747392654419 0.858925978342692 0.06697197258472443 0.8647629419962565 0.08414600789546967 0.8728448549906412 0.08616648614406586 0.8930495580037435 0.08549298346042633 0.9249281883239746 0.08077855408191681 0.9276221593221029 0.06057380139827728 0.9190912246704102 0.05316542088985443 0.9123562971750895 0.04205280542373657 0.9006824493408203 0.035317882895469666 0.8934985796610514
1 0.09323813021183014 0.9240301450093588 0.09020744264125824 0.8943965435028076 0.0915544182062149 0.8746407826741537 0.10468749701976776 0.8705998261769613 0.12051455676555634 0.8840696811676025 0.12522898614406586 0.8872126738230387 0.10805495083332062 0.9101113478342692 0.09828932583332062 0.9280711015065511 0.09424836933612823 0.9312140941619873
1 0.10738144814968109 0.8634159564971924 0.102330282330513 0.8149245580037435 0.102330282330513 0.8041486740112305 0.12421874701976776 0.8248024781545004 0.13634158670902252 0.8337823549906412 0.1366783231496811 0.8526400725046793 0.1376885622739792 0.8692528406778971 0.13600485026836395 0.8791307608286539 0.12893317639827728 0.8818247318267822 0.11714707314968109 0.8791307608286539 0.112095907330513 0.8701508839925131
1 0.13701508939266205 0.8863146305084229 0.14711745083332062 0.8831717173258463 0.1619342714548111 0.8822736740112305 0.16833244264125824 0.8908046086629232 0.1686691790819168 0.9015804926554362 0.16126076877117157 0.9078663984934489 0.14947466552257538 0.9110093116760254 0.141392782330513 0.9011314709981283
1 0.1403825432062149 0.8566810290018717 0.15587283670902252 0.8499461015065511 0.160924032330513 0.8423132101694742 0.1757408231496811 0.8450071811676025 0.1855064481496811 0.8499461015065511 0.1716998964548111 0.8652119636535645 0.16025052964687347 0.8764367898305258 0.14846442639827728 0.8782327969868978 0.14071927964687347 0.868354876836141
1 0.18853716552257538 0.8674569129943848 0.18786369264125824 0.8517421086629232 0.19762931764125824 0.8468031883239746 0.2050376981496811 0.850844144821167 0.21008889377117157 0.8625179926554362 0.2087419182062149 0.8710488478342692 0.19560883939266205 0.8719468116760254
1 0.21547682583332062 0.8917025725046793 0.21547682583332062 0.867905855178833 0.22322197258472443 0.858925978342692 0.23635505139827728 0.8625179926554362 0.2410695105791092 0.8822736740112305 0.23871229588985443 0.8939475218454996
1 0.17439384758472443 0.9006824493408203 0.18685345351696014 0.9087643623352051 0.19291485846042633 0.906968355178833 0.19426186382770538 0.8966414928436279 0.19089438021183014 0.8827226956685384 0.17641432583332062 0.8845187028249105
1 0.1572198122739792 0.7623922030131022 0.160924032330513 0.7489224274953207 0.16563846170902252 0.742636521657308 0.1716998964548111 0.7403914928436279 0.18011854588985443 0.7390445073445638 0.19594557583332062 0.7359015941619873 0.2050376981496811 0.741738478342692 0.219517782330513 0.7525143623352051 0.22187499701976776 0.7605962753295898 0.22423221170902252 0.772719144821167 0.21615032851696014 0.8005567391713461 0.20537446439266205 0.8063937028249105 0.19055764377117157 0.8086386521657308 0.1727101355791092 0.8077406883239746 0.16462822258472443 0.8050467173258463 0.16934268176555634 0.7987608114878336 0.16833244264125824 0.7861889203389486 0.16227100789546967 0.7718211015065511
1 0.2117726355791092 0.8149245580037435 0.22187499701976776 0.8248024781545004 0.23265086114406586 0.8391702969868978 0.2380387932062149 0.8445581595102946 0.24376346170902252 0.8423132101694742 0.24915139377117157 0.8301903406778971 0.25420260429382324 0.8194145361582438 0.25352907180786133 0.8041486740112305 0.24915139377117157 0.7987608114878336 0.23063038289546967 0.8032507101694742 0.21817080676555634 0.8036997318267822 0.21311961114406586 0.8072916666666666
1 0.22120149433612823 0.7987608114878336 0.2370285540819168 0.7956178188323975 0.24544720351696014 0.7920258839925131 0.25049835443496704 0.7875359058380127 0.2545393109321594 0.7745150725046793 0.2545393109321594 0.7695761521657308 0.2451104372739792 0.7623922030131022 0.23837552964687347 0.7538613478342692 0.2313038855791092 0.751167376836141 0.22658942639827728 0.7543103694915771 0.2282731682062149 0.7677801450093588 0.22759966552257538 0.7794539928436279 0.22288523614406586 0.7924748261769613
0 0.21244610846042633 0.7219827969868978 0.22019125521183014 0.7242277463277181 0.2255791872739792 0.7237787246704102 0.2323141247034073 0.7156968116760254 0.2360183149576187 0.7094109058380127 0.23635505139827728 0.7040229638417562 0.22658942639827728 0.6986350218454996 0.21817080676555634 0.694594144821167 0.21446658670902252 0.7013289928436279 0.21345634758472443 0.711655855178833
1 0.25117188692092896 0.7022270361582438 0.25790679454803467 0.6954921086629232 0.27373385429382324 0.6865122318267822 0.2851831912994385 0.6878592173258463 0.29158133268356323 0.6972880363464355 0.28956085443496704 0.7139008839925131 0.2838361859321594 0.7260236740112305 0.28080546855926514 0.7359015941619873 0.27103984355926514 0.7273706595102946 0.260600745677948 0.7192888259887695 0.25352907180786133 0.7094109058380127
1 0.1386025995016098 0.6504002412160238 0.13331086933612823 0.631799062093099 0.1482238918542862 0.6273091236750284 0.16458012163639069 0.6093493302663168 0.16313691437244415 0.5849753618240356 0.16987185180187225 0.5798439979553223 0.18430380523204803 0.5798439979553223 0.19488723576068878 0.597803791364034 0.19873575866222382 0.6170463959376017 0.19296295940876007 0.6324404875437418 0.17516355216503143 0.647834579149882 0.16265587508678436 0.6587386926015218 0.1573641449213028 0.6664357582728068 0.14726178348064423 0.6638700564702352 0.14245112240314484 0.6574558814366659
1 0.18863339722156525 0.5747126340866089 0.18959550559520721 0.5561114549636841 0.199216827750206 0.5413587888081869 0.20691387355327606 0.5381517012914022 0.21942155063152313 0.540075937906901 0.2314481884241104 0.540075937906901 0.24251268804073334 0.5561114549636841 0.2458801418542862 0.5759954849878947 0.23241032660007477 0.5862582127253214 0.2155730277299881 0.5926724274953207 0.20114107429981232 0.5939552386601766 0.19248192012310028 0.5836925109227499
1 0.19811196625232697 0.637586792310079 0.20332030951976776 0.629774292310079 0.21861977875232697 0.6354166666666666 0.21634115278720856 0.65234375 0.21764321625232697 0.6653645833333334 0.20722655951976776 0.653211792310079 0.20429687201976776 0.6480034589767456
1 0.20755209028720856 0.6223958333333334 0.20722655951976776 0.5993923743565878 0.23196615278720856 0.5980902910232544 0.24921874701976776 0.5824652910232544 0.26289063692092896 0.5980902910232544 0.27233070135116577 0.608506957689921 0.26354163885116577 0.6223958333333334 0.25410157442092896 0.62890625 0.24173177778720856 0.6354166666666666 0.22643227875232697 0.635850707689921 0.21634115278720856 0.628038207689921
1 0.22382812201976776 0.530381957689921 0.22513021528720856 0.5095486243565878 0.23261718451976776 0.5 0.24010415375232697 0.4986979166666667 0.24628905951976776 0.503038207689921 0.24791665375232697 0.522569457689921 0.25052082538604736 0.5481770833333334 0.25345051288604736 0.5620659589767456 0.24856771528720856 0.5646701256434122 0.24335937201976776 0.5529513756434122 0.23619790375232697 0.536024292310079 0.22610677778720856 0.534288207689921
1 0.25052082538604736 0.5707465410232544 0.25507813692092896 0.5690104166666666 0.26484376192092896 0.577256957689921 0.27167969942092896 0.5837673743565878 0.27460938692092896 0.5855034589767456 0.27265626192092896 0.5959201256434122 0.26809895038604736 0.5963541666666666 0.25475257635116577 0.5859375
1 0.27070313692092896 0.5060763756434122 0.27428382635116577 0.5021701256434122 0.28242188692092896 0.5017361243565878 0.29121094942092896 0.4952257076899211 0.30130207538604736 0.4891492923100789 0.30911457538604736 0.4917534589767456 0.30878907442092896 0.506944457689921 0.30618488788604736 0.5238715410232544 0.30423176288604736 0.534288207689921 0.30195313692092896 0.5377604166666666 0.28893226385116577 0.5407986243565878 0.28372395038604736 0.5520833333333334 0.27591145038604736 0.5581597089767456 0.27298176288604736 0.5503472089767456 0.27135413885116577 0.5308159589767456 0.27265626192092896 0.5177951256434122
1 0.31627607345581055 0.565538207689921 0.32636719942092896 0.5763888756434122 0.33417969942092896 0.5763888756434122 0.34199219942092896 0.5707465410232544 0.34134113788604736 0.5620659589767456 0.33352863788604736 0.5559895833333334 0.32311201095581055 0.555555542310079 0.32018232345581055 0.5620659589767456
1 0.27037757635116577 0.62109375 0.28144532442092896 0.6245659589767456 0.28697913885116577 0.6223958333333334 0.27819007635116577 0.6050347089767456 0.27721351385116577 0.602430542310079 0.27688801288604736 0.6119791666666666
1 0.23033852875232697 0.6462673743565878 0.25703126192092896 0.637586792310079 0.25019532442092896 0.6536458333333334 0.24433593451976776 0.6597222089767456 0.23684896528720856 0.6536458333333334
1 0.16035155951976776 0.6688368320465088 0.16686196625232697 0.6584201256434122 0.17565102875232697 0.651475707689921 0.18509115278720856 0.6484375 0.18704427778720856 0.655381957689921 0.18802084028720856 0.6614583333333334 0.17792968451976776 0.6749131679534912 0.16946615278720856 0.6792534987131754 0.16588540375232697 0.6805555820465088
1 0.14114584028720856 0.6875 0.14147134125232697 0.6801215012868246 0.14537759125232697 0.6714409987131754 0.15286459028720856 0.6710069179534912 0.15970052778720856 0.6783854166666666 0.16002602875232697 0.6870659987131754 0.15514321625232697 0.6948784987131754 0.14635415375232697 0.6905381679534912
1 0.28256136178970337 0.3627232313156128 0.2873173952102661 0.36145496368408203 0.29778051376342773 0.3796333869298299 0.30412185192108154 0.3923160235087077 0.30158531665802 0.3982345660527547 0.2911221385002136 0.39358429114023846 0.2908051013946533 0.3830154339472453 0.2889026999473572 0.3737148443857829
1 0.30095118284225464 0.4075351556142171 0.3091949224472046 0.39104775587717694 0.31743860244750977 0.3796333869298299 0.33265775442123413 0.3635687033335368 0.3370966911315918 0.35849567254384357 0.34185266494750977 0.3606094519297282 0.34502333402633667 0.36779626210530597 0.34597456455230713 0.3838609457015991 0.3481940031051636 0.39358429114023846 0.35516947507858276 0.3952753146489461 0.36246198415756226 0.39696629842122394 0.37070566415786743 0.3999255895614624 0.3757787346839905 0.40668968359629315 0.3776811361312866 0.4138764937718709 0.37482750415802 0.4244453509648641 0.363730251789093 0.4202177921930949 0.3573889136314392 0.41894952456156415 0.3545353412628174 0.42571361859639484 0.34977930784225464 0.4337459405263265 0.3431209325790405 0.4388190110524495 0.3370966911315918 0.4455830653508504 0.33075541257858276 0.4519243637720744 0.31395089626312256 0.4519243637720744 0.3091949224472046 0.44811960061391193 0.30665838718414307 0.43459145228068036 0.3019024133682251 0.42148605982462567
1 0.3745104670524597 0.39696629842122394 0.3760957717895508 0.3863974412282308 0.38402241468429565 0.3813244104385376 0.38782721757888794 0.3851292133331299 0.39131492376327515 0.3944298028945923 0.3792664408683777 0.40584417184193927 0.37672990560531616 0.402039368947347
1 0.2882685661315918 0.20714962482452393 0.28351259231567383 0.2020765741666158 0.28319549560546875 0.1910849610964457 0.28382962942123413 0.17840232451756796 0.2885856032371521 0.17417478561401367 0.2996829152107239 0.17079275846481323 0.30634135007858276 0.17079275846481323 0.31046319007873535 0.1775568127632141 0.3123655915260315 0.1813616156578064 0.3088778257369995 0.20123106241226196 0.30665838718414307 0.20545860131581625 0.2987317442893982 0.20630411307017008
1 0.31712156534194946 0.18347537517547607 0.32473111152648926 0.17671130100886026 0.3298041820526123 0.17206100622812906 0.33487725257873535 0.17375202973683676 0.33868205547332764 0.1813616156578064 0.3402673602104187 0.18728015820185342 0.33487725257873535 0.20165381828943887 0.3345601558685303 0.21433643500010172 0.3339260220527649 0.22025499741236368 0.32821887731552124 0.22575080394744873 0.3231458067893982 0.2274418274561564 0.3190239667892456 0.21602745850880942 0.3129997253417969 0.20545860131581625 0.3120484948158264 0.19362147649129233
1 0.33899909257888794 0.20080830653508505 0.3437550663948059 0.1906622052192688 0.3564377427101135 0.19150771697362265 0.37641286849975586 0.1948897441228231 0.3833882808685303 0.20376757780710855 0.39099788665771484 0.21391369899113974 0.3818029761314392 0.22786458333333334 0.37324219942092896 0.23420590162277222 0.3656325936317444 0.2367424170176188 0.3542182445526123 0.2358969251314799 0.3437550663948059 0.2320921222368876 0.3374137878417969 0.22575080394744873 0.3374137878417969 0.21137716372807822
1 0.37958353757858276 0.19362147649129233 0.3859248161315918 0.1885484258333842 0.39385145902633667 0.18770291407903036 0.3989245295524597 0.19404423236846924 0.4062170386314392 0.20588135719299316 0.39765626192092896 0.21053165197372437 0.3925831913948059 0.20968614021937051 0.3859248161315918 0.2020765741666158
1 0.4141436815261841 0.2130681872367859 0.41826552152633667 0.20757238070170084 0.42936283349990845 0.20672686894734701 0.4385577440261841 0.20672686894734701 0.4445819854736328 0.21560470263163248 0.44616734981536865 0.2316693663597107 0.4477526545524597 0.24181546767552695 0.4452161192893982 0.2498478094736735 0.4379236102104187 0.2502705653508504 0.42841166257858276 0.2384334405263265 0.41889965534210205 0.22067775328954062
1 0.30031704902648926 0.25999391078948975 0.31141436100006104 0.25534361600875854 0.31775569915771484 0.2680262525876363 0.32124340534210205 0.28705018758773804 0.31109732389450073 0.27098552385965985 0.30634135007858276 0.26464420557022095
1 0.272098183631897 0.24900229771931967 0.28256136178970337 0.2549208601315816 0.29714637994766235 0.25745739539464313 0.2876344323158264 0.26253044605255127 0.2809760570526123 0.25999391078948975 0.27336645126342773 0.2557663718859355
1 0.3126826286315918 0.25069332122802734 0.3199751377105713 0.2363196611404419 0.3256823420524597 0.23124661048253378 0.33804792165756226 0.23462865749994913 0.3431209325790405 0.24096997578938803 0.3507305383682251 0.26210769017537433 0.3542182445526123 0.2769040862719218 0.35992544889450073 0.28535916407903034 0.36594969034194946 0.2959280212720235 0.3716568946838379 0.3039603630701701 0.3745104670524597 0.31283819675445557 0.3713397979736328 0.32763461271921795 0.36626672744750977 0.3365124464035034 0.3500964045524597 0.33355315526326496 0.3361455202102661 0.32848010460535687 0.32758474349975586 0.3107244372367859 0.3231458067893982 0.29804180065790814 0.32441407442092896 0.2862046758333842 0.32156050205230713 0.26844900846481323 0.3168044686317444 0.2591483990351359
1 0.3076096177101135 0.31579748789469403 0.32029223442077637 0.3031148513158162 0.3256823420524597 0.3162202437718709 0.33107244968414307 0.3246753215789795 0.32060927152633667 0.3208705385526021
1 0.2781224846839905 0.5948153336842855 0.28002482652664185 0.5825554529825846 0.28953683376312256 0.5770596663157145 0.30095118284225464 0.5762141545613607 0.3076096177101135 0.5736776192982992 0.31363385915756226 0.5711410840352377 0.319658100605011 0.5770596663157145 0.3272676467895508 0.5838237206141154 0.33138954639434814 0.5901650587717692 0.3291700482368469 0.6015794277191162 0.32504820823669434 0.6074979702631632 0.31046319007873535 0.6172213157018026 0.30158531665802 0.6239853700002035 0.295244038105011 0.6235626538594564 0.2892197370529175 0.6159530480702718 0.28382962942123413 0.6053841908772787
1 0.3126826286315918 0.5229471127192179 0.31458503007888794 0.5102644761403402 0.3228287696838379 0.5077279408772787 0.3298041820526123 0.5089962085088094 0.33836495876312256 0.5098417202631632 0.34470629692077637 0.5085734526316324 0.3481940031051636 0.5022321542104086 0.3589742183685303 0.5094189643859863 0.35960835218429565 0.5157602628072103 0.35612064599990845 0.5377434889475504 0.35041344165802 0.5495806137720743 0.3469257354736328 0.556767463684082 0.3361455202102661 0.5533854166666666 0.3256823420524597 0.5529626607894897 0.3199751377105713 0.5512716372807821 0.31712156534194946 0.5343614816665649
1 0.3510475754737854 0.5601494709650675 0.363730251789093 0.5411255359649658 0.3681691288948059 0.5368980169296265 0.3821200132369995 0.5347842375437418 0.39480268955230713 0.5330932140350342 0.4001927971839905 0.5364752610524496 0.40177810192108154 0.5415482918421427 0.39733922481536865 0.5470441182454427 0.39099788665771484 0.5466213623682658 0.3833882808685303 0.5474668741226196 0.38053470849990845 0.5504261255264282 0.38053470849990845 0.5550764401753744 0.37387633323669434 0.5576129754384359 0.3719739317893982 0.5635315179824829 0.3681691288948059 0.568604588508606 0.3649985194206238 0.5698728164037069 0.35612064599990845 0.5664908091227213
1 0.3367796540260315 0.4747531016667684 0.339316189289093 0.46925731499989826 0.34153562784194946 0.4641842444737752 0.3405844569206238 0.4519243637720744 0.3405844569206238 0.4464285771052043 0.34787696599960327 0.43966448307037354 0.3535841107368469 0.4341686964035034 0.36309611797332764 0.43501420815785724 0.37324219942092896 0.4354369640350342 0.3776811361312866 0.43755074342091876 0.3827541470527649 0.4493878682454427 0.38370537757873535 0.46291597684224445 0.3827541470527649 0.47390758991241455 0.3786323070526123 0.4891267617543538 0.37482750415802 0.4984273513158162 0.3656325936317444 0.5018093983332316 0.35612064599990845 0.5009638865788778 0.3481940031051636 0.4925088087717692 0.3428038954734802 0.4798261721928914
1 0.38148587942123413 0.4324776728947957 0.378315269947052 0.4261363744735718 0.38116884231567383 0.4151447614034017 0.3833882808685303 0.4075351556142171 0.39385145902633667 0.39950283368428546 0.4078023433685303 0.40288488070170086 0.4198508858680725 0.41176271438598633 0.42587512731552124 0.43036389350891113 0.42587512731552124 0.4379734992980957 0.4208020567893982 0.4447375535964966 0.40114396810531616 0.44600582122802734 0.3884613513946533 0.4451603094736735 0.38307124376296997 0.44050999482472736
1 0.40399760007858276 0.5204105774561564 0.4020951986312866 0.5009638865788778 0.40399760007858276 0.4840536912282308 0.4109730124473572 0.47602136929829914 0.4166802167892456 0.47221656640370685 0.42365562915802 0.47940341631571454 0.4322164058685303 0.48870400587717694 0.4410942792892456 0.499695618947347 0.43665534257888794 0.5089962085088094 0.41889965534210205 0.5166057745615641 0.4106559753417969 0.5216788450876871
1 0.42238736152648926 0.46841180324554443 0.42365562915802 0.4548836549123128 0.4265092611312866 0.44389204184214276 0.4315822720527649 0.4388190110524495 0.4414113163948059 0.4354369640350342 0.44997209310531616 0.43205491701761883 0.45472806692123413 0.4379734992980957 0.46043527126312256 0.44811960061391193 0.4658253788948059 0.4557291666666667 0.4737520217895508 0.46841180324554443 0.4785080552101135 0.4781351486841838 0.4804103970527649 0.4891267617543538 0.4769226908683777 0.4954680601755778 0.46455711126327515 0.5068824291229248 0.4540939927101135 0.5035004218419393 0.4458502531051636 0.4967363278071086 0.43316763639450073 0.4861674706141154 0.42524099349975586 0.4781351486841838
1 0.39068078994750977 0.3441220124562581 0.3862419128417969 0.3314393957455953 0.3989245295524597 0.3153747320175171 0.40748530626296997 0.30565138657887775 0.42238736152648926 0.30184658368428546 0.42936283349990845 0.29888731241226196 0.43602120876312256 0.2959280212720235 0.4448990821838379 0.2993100682894389 0.45631343126296997 0.3111471931139628 0.4598011374473572 0.31452922026316327 0.45472806692123413 0.3263663450876872 0.451557457447052 0.338626225789388 0.4512403607368469 0.34834957122802734 0.451557457447052 0.3572274049123128 0.45060622692108154 0.36145496368408203 0.4414113163948059 0.36145496368408203 0.4265092611312866 0.3568046490351359 0.41858261823654175 0.3534226020177205 0.4109730124473572 0.3551136255264282 0.3989245295524597 0.35765016078948975
1 0.4372894763946533 0.3838609457015991 0.44014304876327515 0.3737148443857829 0.4445819854736328 0.36948728561401367 0.45314276218414307 0.372869332631429 0.4525086283683777 0.38005614280700684 0.4483867883682251 0.3851292133331299 0.44331371784210205 0.38935673236846924
1 0.39036375284194946 0.38259267807006836 0.4033634662628174 0.37625133991241455 0.4109730124473572 0.3851292133331299 0.42270445823669434 0.39104775587717694 0.4312652349472046 0.3914705117543538 0.43950891494750977 0.3927387793858846 0.4442649483680725 0.3961207866668701 0.4483867883682251 0.40584417184193927 0.4483867883682251 0.4155675172805786 0.4490209221839905 0.4223315715789795 0.4490209221839905 0.4265591303507487 0.4388747811317444 0.43078664938608807 0.43031400442123413 0.4337459405263265 0.4268262982368469 0.4223315715789795 0.4233385920524597 0.41049444675445557 0.4169972538948059 0.4041531483332316 0.4103388786315918 0.3999255895614624 0.39829039573669434 0.39654354254404706 0.39448559284210205 0.39400704701741535 0.3919490575790405 0.3889339764912923
1 0.16908864676952362 0.9173598289489746 0.16723205149173737 0.9094383716583252 0.17280180752277374 0.9064678351084391 0.180228129029274 0.9094383716583252 0.18616919219493866 0.911913792292277 0.1846839338541031 0.9198352495829264 0.18171338737010956 0.9233008225758871 0.17428706586360931 0.9237959384918213
1 0.09334005415439606 0.9520160357157389 0.09334005415439606 0.9396387736002604 0.10633613169193268 0.9267664750417074 0.11487643420696259 0.9099334875742594 0.1234167069196701 0.8970611890157064 0.1278725117444992 0.8950808048248291 0.13567014038562775 0.8985464572906494 0.1427251547574997 0.908943255742391 0.14383910596370697 0.918845017751058 0.14049725234508514 0.9381535053253174 0.13492752611637115 0.9539963404337565 0.13047172129154205 0.9643932183583578 0.12304539978504181 0.9673637549082438 0.11079193651676178 0.9658784866333008 0.10447956621646881 0.964888334274292 0.09890981018543243 0.9579570293426514
1 0.10410822927951813 0.976275364557902 0.11561904847621918 0.9965740044911703 0.11747749149799347 0.9986979166666666 0.13826937973499298 0.9980592727661133 0.14309649169445038 0.9891476631164551 0.14309649169445038 0.984691858291626 0.1378980427980423 0.9792459011077881 0.13381357491016388 0.9713244438171387 0.12490196526050568 0.9698391755421957 0.11376248300075531 0.9698391755421957 0.10893537104129791 0.9703342914581299
1 0.14569570124149323 0.9970690409342448 0.14903755486011505 0.9866722424825033 0.15980572998523712 0.986177126566569 0.1705739051103592 0.9871672789255778 0.17762891948223114 0.9916230837504069 0.17762891948223114 0.9970690409342448 0.16277624666690826 0.9985543092091879 0.1520080715417862 0.9985543092091879
1 0.18319867551326752 0.9970690409342448 0.1883970946073532 0.9812262058258057 0.18988235294818878 0.974790096282959 0.19953660666942596 0.9767704010009766 0.2021358162164688 0.9802360534667969 0.20547766983509064 0.9896427790323893 0.20919083058834076 0.9955837726593018 0.1935955435037613 0.9950887362162272
1 0.19433815777301788 0.9153794447580973 0.20510633289813995 0.9054776827494303 0.22367216646671295 0.9044874509175619 0.24149535596370697 0.9044874509175619 0.2489217072725296 0.9034972985585531 0.2593185305595398 0.9292418956756592 0.2630317211151123 0.9381535053253174 0.25709062814712524 0.9500356515248617 0.25189220905303955 0.9658784866333008 0.25040698051452637 0.9767704010009766 0.23703955113887787 0.9841967423756918 0.22924192249774933 0.9866722424825033 0.21550320088863373 0.9688490231831869 0.20956213772296906 0.9480552673339844 0.20622028410434723 0.9336977005004883 0.20139317214488983 0.9223106702168783
1 0.25114959478378296 0.8995366096496582 0.2582045793533325 0.8950808048248291 0.26971542835235596 0.899041493733724 0.280483603477478 0.8995366096496582 0.28865253925323486 0.9015169143676758 0.29273706674575806 0.908943255742391 0.29385101795196533 0.9148843288421631 0.28308284282684326 0.9297370115915934 0.2778843641281128 0.9356780846913656 0.27082937955856323 0.9381535053253174 0.2678588628768921 0.9361732006072998 0.2622891068458557 0.9252812067667643 0.25634801387786865 0.9143892923990885
1 0.24855037033557892 0.9965740044911703 0.24595116078853607 0.9876623948415121 0.2537488341331482 0.9817213217417399 0.2589472532272339 0.986177126566569 0.26191776990890503 0.9906329313913981 0.26080381870269775 0.9970690409342448 0.2544914484024048 0.9965740044911703
1 0.2552340626716614 0.9708294073740641 0.26191776990890503 0.9505307674407959 0.26971542835235596 0.9406289259592692 0.2812262177467346 0.9455798467000326 0.2856820225715637 0.9515209197998047 0.28382545709609985 0.9693441390991211 0.286795973777771 0.9772655169169108 0.28939521312713623 0.9837017059326172 0.2734285593032837 0.9881575107574463 0.26525962352752686 0.9876623948415121 0.2582045793533325 0.9772655169169108
1 0.2444659024477005 0.6663498083750407 0.25114959478378296 0.6579333146413168 0.2578333020210266 0.6440708239873251 0.2626603841781616 0.6371395587921143 0.27899831533432007 0.6455560922622681 0.2912517786026001 0.6574381987253824 0.28790992498397827 0.6787269910176595 0.28011226654052734 0.6816975275675455 0.26637357473373413 0.6871435642242432 0.25189220905303955 0.692589521408081 0.24743641912937164 0.6792221069335938
1 0.2923657298088074 0.6787269910176595 0.2945936322212219 0.6584283908208212 0.31278812885284424 0.6529824336369833 0.3246702551841736 0.6559529304504395 0.3376663327217102 0.6589234670003256 0.34360742568969727 0.6678350766499838 0.34360742568969727 0.6807073752085367 0.3413795232772827 0.6935796737670898 0.33580976724624634 0.696550210316976 0.32169973850250244 0.6975403626759847 0.31093156337738037 0.6945699055989584 0.29830682277679443 0.6876386006673177
1 0.28308284282684326 0.7594265143076578 0.2871673107147217 0.7411081790924072 0.2945936322212219 0.7317015329996744 0.30796104669570923 0.7217997709910074 0.32095712423324585 0.7213046550750732 0.3335818648338318 0.7183341185251871 0.3372950553894043 0.720809539159139 0.3428648114204407 0.7470492521921793 0.33469581604003906 0.7648724714914957 0.3246702551841736 0.7737840811411539 0.3153873682022095 0.7836858431498209 0.30758970975875854 0.7817054589589437 0.29719287157058716 0.7792300383249918 0.28828126192092896 0.7698233127593994
1 0.3179866075515747 0.7871514956156412 0.336181104183197 0.7693282763163248 0.336181104183197 0.785171111424764 0.33915162086486816 0.795072873433431 0.33432453870773315 0.7995286782582601 0.3276408314704895 0.7960630257924398
1 0.33989423513412476 0.7658626238505045 0.3458353281021118 0.7450689474741617 0.35326164960861206 0.7465542157491049 0.36254459619522095 0.7460590998331705 0.3714561462402344 0.7589313983917236 0.3695995807647705 0.7747742335001627 0.36291587352752686 0.7930924892425537 0.35883140563964844 0.796558141708374 0.34397876262664795 0.7901219526926676 0.3406369090080261 0.7822005748748779
1 0.36328721046447754 0.7356622219085693 0.3688569664955139 0.712393045425415 0.37665462493896484 0.6995207468668619 0.3829669952392578 0.6930846373240153 0.39596307277679443 0.688133716583252 0.4074738621711731 0.6911042531331381 0.4197273254394531 0.6960550944010416 0.4252970814704895 0.702491283416748 0.42901021242141724 0.7133832772572836 0.42863893508911133 0.7252653439839681 0.4223265051841736 0.7416032950083414 0.4115583300590515 0.751010020573934 0.396705687046051 0.7554657459259033 0.3803677558898926 0.7599215507507324 0.37554067373275757 0.7594265143076578 0.36774301528930664 0.7480394840240479
1 0.4267823100090027 0.27869534492492676 0.43198078870773315 0.26829848686854046 0.4394071102142334 0.2574065327644348 0.4405210614204407 0.26978375514348346 0.4408923387527466 0.27919042110443115 0.4408923387527466 0.28909220298131305 0.43680787086486816 0.2910725673039754 0.43235206604003906 0.28760693470637005
1 0.4442341923713684 0.2717640995979309 0.4449768662452698 0.2539409001668294 0.45128923654556274 0.2475047508875529 0.46985507011413574 0.24601948261260986 0.48322242498397827 0.24601948261260986 0.4902774691581726 0.25443599621454877 0.4902774691581726 0.26433777809143066 0.4861930012702942 0.27919042110443115 0.48470771312713623 0.29800379276275635 0.4765387773513794 0.30196452140808105 0.46539926528930664 0.30790557463963825 0.4624287486076355 0.308895746866862 0.44757604598999023 0.29800379276275635 0.4449768662452698 0.29404308398564655 0.4438629150390625 0.2851314942042033
1 0.46502792835235596 0.31582699219385785 0.4724542498588562 0.308895746866862 0.47950929403305054 0.31582699219385785 0.48470771312713623 0.32572877407073975 0.4858216643333435 0.33563053607940674 0.4854503273963928 0.3430568774541219 0.47950929403305054 0.3326600193977356 0.4724542498588562 0.32523367802302044 0.46948373317718506 0.32028279701868695
1 0.48730695247650146 0.24354404211044312 0.49324798583984375 0.23166191577911377 0.5055014491081238 0.2237404982248942 0.5203540921211243 0.21779942512512207 0.5266664624214172 0.2039369543393453 0.5292657017707825 0.18462848663330078 0.531493604183197 0.17868741353352866 0.5381773114204407 0.17472670475641885 0.5422617793083191 0.1628445784250895 0.5504307150840759 0.14650665720303854 0.5608276128768921 0.1460115611553192 0.5693678855895996 0.14848701159159342 0.5771655440330505 0.1554182469844818 0.5823639631271362 0.1573986013730367 0.5849632024765015 0.16928072770436606 0.5831065773963928 0.18264812231063843 0.5693678855895996 0.19750078519185385 0.5604562759399414 0.20591729879379272 0.5556291937828064 0.21037310361862183 0.5545152425765991 0.21730434894561768 0.5467175841331482 0.22027486562728882 0.5404052138328552 0.2237404982248942 0.5307509899139404 0.23463245232899985 0.5233246088027954 0.24403913815816244 0.5173835754394531 0.24899001916249594 0.5047587752342224 0.24998019138971964 0.495847225189209 0.251960555712382 0.49250537157058716 0.24998019138971964
1 0.2760277986526489 0.8143813610076904 0.2808549404144287 0.8044795989990234 0.28939521312713623 0.7960630257924398 0.299049437046051 0.7886366844177246 0.30610448122024536 0.78814164797465 0.31687265634536743 0.795072873433431 0.3283834457397461 0.8029943307240804 0.33469581604003906 0.8094304402669271 0.33506715297698975 0.8168567816416422 0.3332105875015259 0.8297290802001953 0.33432453870773315 0.8440866470336914 0.33989423513412476 0.8539884090423584 0.3320966362953186 0.8619098663330078 0.3228136897087097 0.8688410917917887 0.31167417764663696 0.8688410917917887 0.30610448122024536 0.859434445699056 0.29942071437835693 0.8490375677744547 0.2912517786026001 0.8317094643910726 0.2827115058898926 0.8198273181915283
1 0.2916231155395508 0.8965660730997721 0.2949649691581726 0.8866643110911051 0.3009060025215149 0.8757723172505697 0.30239129066467285 0.870821475982666 0.3087036609649658 0.8772575855255127 0.31093156337738037 0.8836937745412191 0.3049905300140381 0.8960709571838379 0.30313390493392944 0.9030021826426188 0.29867810010910034 0.9044874509175619 0.29422229528427124 0.900526762008667
1 0.30758970975875854 0.9039924144744873 0.3105602264404297 0.8926053841908773 0.31650131940841675 0.8812183539072672 0.323927640914917 0.8767625490824381 0.3380376696586609 0.872306744257609 0.34991979598999023 0.8703263600667318 0.3573461174964905 0.8787428538004557 0.3599453568458557 0.8901298840840658 0.3592027425765991 0.8970611890157064 0.34397876262664795 0.908943255742391 0.3369237184524536 0.9124089082082113 0.33395320177078247 0.9059727191925049 0.3328392505645752 0.8935955365498861 0.3224424123764038 0.8985464572906494
1 0.33952295780181885 0.918845017751058 0.3465779423713684 0.911913792292277 0.3562321662902832 0.9044874509175619 0.36328721046447754 0.8995366096496582 0.36848562955856323 0.8965660730997721 0.37702590227127075 0.9010218779246012 0.38222432136535645 0.9069629510243734 0.38073909282684326 0.9237959384918213 0.37739723920822144 0.9485503832499186 0.3777685761451721 0.9559767246246338 0.36811429262161255 0.9579570293426514 0.36328721046447754 0.9574619928995768 0.3528903126716614 0.9426093101501465 0.34843456745147705 0.9356780846913656 0.34360742568969727 0.9312222798665365 0.34100818634033203 0.9237959384918213
1 0.28308284282684326 0.9411240418752035 0.2905091643333435 0.9332026640574137 0.30610448122024536 0.9500356515248617 0.31687265634536743 0.9559767246246338 0.32689815759658813 0.9589472611745199 0.3335818648338318 0.9614226818084717 0.34546399116516113 0.9653833707173666 0.3502911329269409 0.9713244438171387 0.3476918935775757 0.9822164376576742 0.33989423513412476 0.983206590016683 0.3246702551841736 0.9827114741007487 0.3153873682022095 0.9807311693827311 0.3094462752342224 0.9772655169169108 0.30647575855255127 0.9668686389923096 0.2997920513153076 0.9564717610677084 0.2905091643333435 0.9495405356089274
1 0.34843456745147705 0.9985543092091879 0.3514050841331482 0.9841967423756918 0.35697484016418457 0.9742949803670248 0.36848562955856323 0.9629079500834147 0.3759119510650635 0.9658784866333008 0.3803677558898926 0.9713244438171387 0.3877940773963928 0.9817213217417399 0.39559173583984375 0.9906329313913981 0.3985622525215149 0.9955837726593018 0.398190975189209 0.9985543092091879 0.37739723920822144 0.9985543092091879 0.35808879137039185 0.9985543092091879 0.3521476984024048 0.9980592727661133
1 0.384452223777771 0.9490454991658529 0.3874228000640869 0.9208254019419352 0.3892793655395508 0.9124089082082113 0.3985622525215149 0.9039924144744873 0.40858781337738037 0.9010218779246012 0.41378623247146606 0.9054776827494303 0.4204699397087097 0.9168647130330404 0.4208412766456604 0.9242910544077555 0.4160141348838806 0.9411240418752035 0.4130436182022095 0.9594422976175944 0.4071025252342224 0.9609275658925375 0.391878604888916 0.9559767246246338
1 0.384452223777771 0.8985464572906494 0.3892793655395508 0.8896348476409912 0.39633435010910034 0.8787428538004557 0.40524595975875854 0.8812183539072672 0.4082164764404297 0.8861691951751709 0.4074738621711731 0.8935955365498861 0.39967620372772217 0.8995366096496582 0.3892793655395508 0.9069629510243734
1 0.4163854718208313 0.900526762008667 0.4219552278518677 0.8970611890157064 0.42901021242141724 0.8965660730997721 0.43866443634033203 0.8995366096496582 0.44312024116516113 0.9025071461995443 0.4438629150390625 0.910428524017334 0.44126367568969727 0.9163695971171061 0.43235206604003906 0.9183499813079834 0.4267823100090027 0.9163695971171061 0.4208412766456604 0.910428524017334
1 0.3369237184524536 0.8034893671671549 0.34249347448349 0.7985385258992513 0.3528903126716614 0.8000237941741943 0.3592027425765991 0.8015090624491373 0.3566035032272339 0.8119058609008789 0.35437560081481934 0.8198273181915283 0.3462066650390625 0.8193322022755941 0.3417508602142334 0.8168567816416422 0.3380376696586609 0.8119058609008789
1 0.38259565830230713 0.8529982566833496 0.3881654143333435 0.8391358057657877 0.39113593101501465 0.8326996167500814 0.4026467800140381 0.827748696009318 0.4078451991081238 0.8282438119252523 0.4082164764404297 0.8356701532999674 0.4067312479019165 0.8470571835835775 0.40487468242645264 0.8579491774241129 0.40487468242645264 0.8673558235168457 0.40450334548950195 0.872306744257609 0.396705687046051 0.8747821648915609 0.39039331674575806 0.8643852869669596
1 0.3655151128768921 0.7985385258992513 0.3707135319709778 0.7817054589589437 0.373312771320343 0.7673478921254476 0.3837096095085144 0.7658626238505045 0.396705687046051 0.762397050857544 0.4059886336326599 0.7643773555755615 0.4115583300590515 0.7747742335001627 0.4126722812652588 0.7940827210744222 0.4082164764404297 0.8143813610076904 0.4033893942832947 0.8218077023824056 0.3974483013153076 0.8257683912913004 0.3877940773963928 0.8267585436503092 0.37182748317718506 0.8099255561828613
1 0.41452890634536743 0.8247782389322916 0.4123010039329529 0.8153715133666992 0.41415756940841675 0.7985385258992513 0.41452890634536743 0.7822005748748779 0.41452890634536743 0.768338123957316 0.416756808757782 0.7594265143076578 0.4223265051841736 0.7554657459259033 0.43346601724624634 0.7584362824757894 0.4505465626716614 0.7722988128662109 0.4583442211151123 0.7901219526926676 0.4631713628768921 0.7975482940673828 0.46168607473373413 0.8084402879079183 0.4494326114654541 0.8173518975575765 0.43680787086486816 0.8218077023824056 0.42306917905807495 0.8242831230163574
1 0.45908689498901367 0.8203224341074625 0.46539926528930664 0.8128960927327474 0.4683697819709778 0.8024992148081461 0.46874111890792847 0.7945777575174967 0.4780240058898926 0.7955679893493652 0.4817371964454651 0.8099255561828613 0.48396509885787964 0.8193322022755941 0.47950929403305054 0.8257683912913004 0.4735682010650635 0.8371554215749105 0.4628000259399414 0.8376505374908447 0.46094346046447754 0.8322045008341471
1 0.48359376192092896 0.7945777575174967 0.4902774691581726 0.7970532576243082 0.4913914203643799 0.8119058609008789 0.4910200834274292 0.816361665725708 0.48730695247650146 0.8153715133666992 0.48322242498397827 0.8044795989990234
1 0.3465779423713684 0.5707976818084717 0.3458353281021118 0.5653517246246338 0.34991979598999023 0.5653517246246338 0.36328721046447754 0.5742632945378622 0.3618019223213196 0.5821847120920817 0.35883140563964844 0.5836699803670248 0.35363298654556274 0.5802043676376343
1 0.36328721046447754 0.5881257851918539 0.36774301528930664 0.5762436787287394 0.3785111904144287 0.5806994438171387 0.38668012619018555 0.5777289470036825 0.398190975189209 0.5742632945378622 0.4059886336326599 0.5737682183583578 0.4126722812652588 0.5821847120920817 0.41824203729629517 0.594066858291626 0.4252970814704895 0.6079293489456177 0.4308668375015259 0.6203065713246664 0.42901021242141724 0.632683793703715 0.4249257445335388 0.6371395587921143 0.41861337423324585 0.6371395587921143 0.41898471117019653 0.6544676621754965 0.4063599109649658 0.6490217049916586 0.3970770239830017 0.6267427206039429 0.39113593101501465 0.6158507664998373 0.38259565830230713 0.6168409188588461 0.37219882011413574 0.6232771078745524 0.3695995807647705 0.6099096934000651 0.3636585474014282 0.594066858291626
1 0.4260396957397461 0.5777289470036825 0.43346601724624634 0.5653517246246338 0.4408923387527466 0.5524793863296509 0.4486899971961975 0.5514892339706421 0.46057212352752686 0.5495088895161947 0.4676271677017212 0.5604008436203003 0.46874111890792847 0.5683222611745199 0.46577054262161255 0.5777289470036825 0.4613147974014282 0.5846601724624634 0.4472047686576843 0.5910963217417399 0.4405210614204407 0.5910963217417399 0.43346601724624634 0.5851552486419678
1 0.4624287486076355 0.5138624906539917 0.4754248261451721 0.5029705365498861 0.4817371964454651 0.4955441951751709 0.494361937046051 0.49801965554555255 0.5029022097587585 0.5039607286453247 0.4999316930770874 0.5108919541041056 0.4951045513153076 0.5183182954788208 0.4906487464904785 0.5277249813079834 0.489534854888916 0.5465383529663086 0.4861930012702942 0.5618860721588135 0.48025190830230713 0.5663418769836426 0.47319692373275757 0.5604008436203003 0.4665132164955139 0.5460432370503744 0.46428531408309937 0.5376267433166504 0.46614187955856323 0.5282200574874878 0.463542640209198 0.5188133716583252
1 0.48025190830230713 0.30592523018519086 0.49361932277679443 0.3277091185251872 0.4988177418708801 0.3371158043543498 0.5158982872962952 0.33563053607940674 0.5370633602142334 0.3282042145729065 0.5511733889579773 0.32572877407073975 0.5556291937828064 0.3237484097480774 0.557857096195221 0.3044399619102478 0.5522873401641846 0.29404308398564655 0.5400338768959045 0.27473463614781696 0.5233246088027954 0.26087214549382526 0.5181261897087097 0.251960555712382 0.506615400314331 0.2539409001668294 0.4991890788078308 0.2569114367167155 0.4947332739830017 0.28463639815648395 0.4910200834274292 0.2950332760810852 0.48842090368270874 0.3039448658625285 0.48396509885787964 0.3049350380897522
1 0.5266664624214172 0.2539409001668294 0.5296370387077332 0.2430489460627238 0.5381773114204407 0.2331471840540568 0.543747067451477 0.227701207002004 0.5496881008148193 0.22473067045211792 0.5552578568458557 0.22968155145645142 0.5630555152893066 0.24057350556055704 0.5671399831771851 0.253445823987325 0.5667686462402344 0.26433777809143066 0.5641694664955139 0.2727542718251546 0.5589710474014282 0.28909220298131305 0.5556291937828064 0.2910725673039754 0.5511733889579773 0.2856265902519226 0.5404052138328552 0.26978375514348346 0.5329788327217102 0.26384268204371136
1 0.35846006870269775 0.050459444522857666 0.3655151128768921 0.04154784480730692 0.3670003414154053 0.03065589318672816 0.36737167835235596 0.026200095812479656 0.3759119510650635 0.026695184409618378 0.38705146312713623 0.03808222462733587 0.39484912157058716 0.04501346747080485 0.4026467800140381 0.054420153299967446 0.40376073122024536 0.06135139365990957 0.39633435010910034 0.07471878826618195 0.38705146312713623 0.07521387934684753 0.37294143438339233 0.06778754790623982 0.3655151128768921 0.06036121646563212
1 0.4022754430770874 0.08412547906239827 0.4071025252342224 0.07026299337546031 0.40970176458358765 0.057885770996411644 0.41490018367767334 0.055410330494244896 0.41787075996398926 0.06382683912913005 0.41824203729629517 0.0816500335931778 0.4111870527267456 0.08660091956456502 0.4059886336326599 0.08462056517601013
1 0.42715364694595337 0.09749287366867065 0.4442341923713684 0.09353216489156087 0.4527744650840759 0.09402725100517273 0.4583442211151123 0.09947322805722554 0.45982950925827026 0.11086026827494304 0.4583442211151123 0.11729641755421956 0.44683343172073364 0.12274239460627238 0.43272340297698975 0.12719818949699402 0.42901021242141724 0.11185044050216675
1 0.4390357732772827 0.17868741353352866 0.43792182207107544 0.1668052872021993 0.44312024116516113 0.16135932008425394 0.4505465626716614 0.15492316087086996 0.45648765563964844 0.1544280747572581 0.4631713628768921 0.1573986013730367 0.4665132164955139 0.16036913792292276 0.46577054262161255 0.17274636030197144 0.4620574116706848 0.19304500023523966 0.4594581723213196 0.20146149396896362 0.4479473829269409 0.20344185829162598 0.45203185081481934 0.19254990418752035 0.44757604598999023 0.18314321835835776
1 0.3744267225265503 0.020754118760426838 0.37628328800201416 0.015308142950137457 0.384452223777771 0.010357255736986795 0.39633435010910034 0.003921102732419968 0.40041887760162354 0.003921102732419968 0.4071025252342224 0.01233761136730512 0.41490018367767334 0.022239384551843006 0.4163854718208313 0.0271902730067571 0.40970176458358765 0.05342997610569 0.40004754066467285 0.043528199195861816 0.3937351703643799 0.036101870238780975 0.38630884885787964 0.028180450201034546 0.38185304403305054 0.024714830021063488
1 0.41378623247146606 0.047488907972971596 0.4197273254394531 0.030160804589589436 0.4256683588027954 0.029665715992450714 0.4256683588027954 0.037587136030197144 0.4208412766456604 0.04550855358441671
1 0.40413200855255127 0.002435836475342512 0.415271520614624 0.0162983201444149 0.4212125539779663 0.021744295954704285 0.4304955005645752 0.023724650343259174 0.4345799684524536 0.022239384551843006 0.44014972448349 0.002435836475342512 0.4256683588027954 0.0014456591258446376 0.41341495513916016 0.002435836475342512
1 0.4453481435775757 0.031150981783866882 0.4453481435775757 0.022239384551843006 0.4576016068458557 0.007881812130411467 0.4613147974014282 0.004911280237138271 0.4691123962402344 0.00936707854270935 0.4720829725265503 0.021249207357565563 0.4720829725265503 0.03065589318672816 0.46539926528930664 0.03907240182161331 0.45908689498901367 0.04204293588797251
1 0.47876662015914917 0.00441619132955869 0.48433637619018555 0.0013020833333333333 0.4988177418708801 0.0013020833333333333 0.5166409611701965 0.0013020833333333333 0.5229533314704895 0.0013020833333333333 0.520725429058075 0.014813054352998734 0.5184975266456604 0.02273447314898173 0.5095859169960022 0.026695184409618378 0.4995603561401367 0.03164607038100561 0.49324798583984375 0.036101870238780975 0.48470771312713623 0.029665715992450714 0.47876662015914917 0.026695184409618378
1 0.4204699397087097 0.07125317056973775 0.41935598850250244 0.052934885025024414 0.4301241636276245 0.04154784480730692 0.4397783875465393 0.03560678164164225 0.45091789960861206 0.04253802200158437 0.4568589925765991 0.04699382185935974 0.46057212352752686 0.05491523941357931 0.4613147974014282 0.06729245682557423 0.4576016068458557 0.08016476531823476 0.45574504137039185 0.08709600567817688 0.4408923387527466 0.0905616283416748 0.4264110326766968 0.09204689661661784 0.4208412766456604 0.08462056517601013
1 0.4620574116706848 0.04649873077869415 0.46948373317718506 0.03808222462733587 0.4754248261451721 0.033626424769560494 0.4813658595085144 0.03511169304450353 0.48470771312713623 0.04055766761302948 0.4817371964454651 0.04996435344219208 0.47505348920822144 0.0722433477640152 0.4713402986526489 0.07669914265473683 0.463542640209198 0.08016476531823476 0.46539926528930664 0.06927281121412913 0.4639139771461487 0.056895593802134194
1 0.4594581723213196 0.09105671445528667 0.4613147974014282 0.08610583345095317 0.46985507011413574 0.08264021078745525 0.4754248261451721 0.08214511970678966 0.47950929403305054 0.08907636006673177 0.48730695247650146 0.09501742323239644 0.489534854888916 0.10788973172505696 0.48730695247650146 0.11185044050216675 0.4728255867958069 0.11185044050216675 0.46539926528930664 0.11333570877710979 0.4631713628768921 0.10491920510927837
1 0.4913914203643799 0.09452233711878459 0.500674307346344 0.08264021078745525 0.506615400314331 0.07125317056973775 0.5092145800590515 0.06679737071196239 0.520725429058075 0.07323352495829265 0.5292657017707825 0.08363038301467896 0.5404052138328552 0.10590937733650208 0.5444896817207336 0.11482097705205281 0.544118344783783 0.13066381216049194 0.5415191650390625 0.14997227986653647 0.536320686340332 0.167795459429423 0.5270377993583679 0.16829055547714233 0.5151556730270386 0.1628445784250895 0.5010456442832947 0.14848701159159342 0.4995603561401367 0.13264416654904684 0.500674307346344 0.11630624532699585 0.49287664890289307 0.10640446345011394
1 0.5585997104644775 0.013327788561582565 0.5637981295585632 0.0063965463389952975 0.568625271320343 0.007881812130411467 0.5719671249389648 0.014813054352998734 0.5715957880020142 0.021249207357565563 0.5641694664955139 0.021744295954704285
1 0.5404052138328552 0.028675538798173267 0.5444896817207336 0.026695184409618378 0.5526586174964905 0.01926885296901067 0.5552578568458557 0.023724650343259174 0.5504307150840759 0.03263624757528305 0.5478315353393555 0.036101870238780975
1 0.5493167638778687 0.043528199195861816 0.5545152425765991 0.0365969588359197 0.5593423247337341 0.028180450201034546 0.5741950273513794 0.03263624757528305 0.5819926261901855 0.03907240182161331 0.5879337191581726 0.05144962171713511 0.5894189476966858 0.0643219252427419 0.5842205286026001 0.07471878826618195 0.5775368213653564 0.08214511970678966 0.5637981295585632 0.0757089654604594 0.5537725687026978 0.06184648474057516
1 0.5730810761451721 0.002930925227701664 0.5760515928268433 0.006891634936134021 0.5853344798088074 0.007881812130411467 0.5938747525215149 0.007386723533272743 0.6001871824264526 0.002435836475342512 0.5853344798088074 0.0013020833333333333
1 0.5756802558898926 0.026695184409618378 0.5771655440330505 0.013327788561582565 0.5890476703643799 0.011842522770166397 0.6009297966957092 0.008871989945570627 0.6072421669960022 0.0013020833333333333 0.6180103421211243 0.003426013824840387 0.6239514350891113 0.013822877158721289 0.6261793375015259 0.027685361603895824 0.6324917078018188 0.05887594819068909 0.6347196102142334 0.07125317056973775 0.629149854183197 0.0737286110719045 0.62320876121521 0.06877772510051727 0.6098414063453674 0.0628366619348526 0.5968453288078308 0.06333174804846446 0.593503475189209 0.05590541660785675 0.5901616215705872 0.0460036446650823 0.5853344798088074 0.03511169304450353 0.581250011920929 0.029665715992450714
1 0.6269219517707825 0.00441619132955869 0.6321203708648682 0.021744295954704285 0.6343482732772827 0.02520991861820221 0.6428885459899902 0.01728849858045578 0.6484583020210266 0.010357255736986795 0.6599690914154053 0.007386723533272743 0.6673954725265503 0.01233761136730512 0.6751930713653564 0.013327788561582565 0.6815055012702942 0.002435836475342512 0.6581125259399414 0.0013020833333333333 0.6365910172462463 0.0013020833333333333
0 0.6332343220710754 0.03263624757528305 0.6425172686576843 0.02570500721534093 0.6492009162902832 0.01926885296901067 0.654028058052063 0.014813054352998734 0.6625683307647705 0.014813054352998734 0.6666527986526489 0.018278675774733227 0.6666527986526489 0.031150981783866882 0.6770496964454651 0.05491523941357931 0.6852186322212219 0.06828263401985168 0.6855899691581726 0.0816500335931778 0.6763070225715637 0.08065985639890035 0.6640536189079285 0.07026299337546031 0.655513346195221 0.047983999053637184 0.6462303996086121 0.04649873077869415 0.6402893662452698 0.052934885025024414 0.636947512626648 0.05887594819068909 0.6336056590080261 0.047983999053637184 0.6332343220710754 0.041052756210168205
1 0.641403317451477 0.0737286110719045 0.6388040781021118 0.06531210243701935 0.6440024971961975 0.05491523941357931 0.6503148674964905 0.052934885025024414 0.6573699116706848 0.059866130352020264 0.6647962331771851 0.07669914265473683 0.6703659892082214 0.08363038301467896 0.6633109450340271 0.08759109179178874 0.6566272974014282 0.0816500335931778 0.6458590626716614 0.0757089654604594
0 0.6246940493583679 0.10640446345011394 0.6258080005645752 0.09155181050300598 0.6306350827217102 0.08214511970678966 0.636947512626648 0.07867949704329173 0.6484583020210266 0.08214511970678966 0.658855140209198 0.08759109179178874 0.6458590626716614 0.09650269150733948 0.6376901268959045 0.10491920510927837 0.6324917078018188 0.11135535438855489
1 0.5801360607147217 0.08858127395311992 0.5857058167457581 0.07719423373540242 0.5905328989028931 0.07075807948907216 0.5953600406646729 0.06976790229479472 0.604271650314331 0.06976790229479472 0.6131832599639893 0.07026299337546031 0.6187529563903809 0.0722433477640152 0.6235800981521606 0.07867949704329173 0.6217235326766968 0.09204689661661784 0.6217235326766968 0.10788973172505696 0.6258080005645752 0.11729641755421956 0.629149854183197 0.12521783510843912 0.6295211911201477 0.14155576626459757 0.6272932887077332 0.1460115611553192 0.6053856015205383 0.13709997137387595 0.5923895239830017 0.12224730849266052 0.5816213488578796 0.10244375467300415
1 0.6358335614204407 0.13908032576243082 0.6343482732772827 0.1187816858291626 0.6454877853393555 0.10343393683433533 0.6569985747337341 0.09600760539372762 0.6673954725265503 0.09204689661661784 0.6770496964454651 0.09105671445528667 0.6867039203643799 0.09749287366867065 0.695986807346344 0.10739464561144511 0.6930162906646729 0.11581114927927653 0.6841046810150146 0.13264416654904684 0.6755644083023071 0.14205085237820944 0.6644248962402344 0.1440312067667643 0.6503148674964905 0.14650665720303854 0.641774594783783 0.14452630281448364
1 0.604642927646637 0.1851235826810201 0.6165250539779663 0.1811628739039103 0.6306350827217102 0.1757168968518575 0.6384327411651611 0.1861137549082438 0.6458590626716614 0.1994811495145162 0.6514288187026978 0.214828888575236 0.6558846235275269 0.22671103477478027 0.6532854437828064 0.23413735628128052 0.6336056590080261 0.23611772060394287 0.6209808588027954 0.22621593872706094 0.6146684885025024 0.21037310361862183 0.6113266348838806 0.1955204407374064
1 0.4827825427055359 0.3706459601720174 0.49234145879745483 0.373401681582133 0.4951833486557007 0.37443506717681885 0.49492496252059937 0.36754576365152997 0.4938915967941284 0.3551449378331502 0.49647510051727295 0.3472222089767456 0.493116557598114 0.3427441517512004 0.49027466773986816 0.3413662910461426 0.4882078766822815 0.34825563430786133 0.4838159680366516 0.35583388805389404 0.4835575819015503 0.3658234278361003
1 0.4791656732559204 0.38408013184865314 0.4843326210975647 0.3765018781026204 0.4889829158782959 0.37753526369730633 0.4951833486557007 0.3816688855489095 0.5024171471595764 0.38786927858988446 0.505517303943634 0.39338072141011554 0.5052589774131775 0.40061453978220624 0.5062924027442932 0.4116374651590983 0.507842481136322 0.41921571890513104 0.5037088990211487 0.4226603905359904 0.4985418915748596 0.42093805472056073 0.4944083094596863 0.4092261791229248 0.48639941215515137 0.39475858211517334 0.4820075035095215 0.38959161440531415
1 0.47864896059036255 0.46744104226430255 0.48794955015182495 0.44746196269989014 0.493116557598114 0.43643903732299805 0.4969918131828308 0.42679397265116376 0.5062924027442932 0.4264494975407918 0.51016765832901 0.430583119392395 0.5220517516136169 0.44677305221557617 0.5303189158439636 0.4633074204126994 0.5243768692016602 0.47949735323588055 0.5166263580322266 0.4918981393178304 0.5088759064674377 0.494653860727946 0.5000919699668884 0.49534281094868976 0.4866577982902527 0.4898313681284587 0.482265830039978 0.4791528781255086
1 0.5127511024475098 0.4292052586873372 0.5254102945327759 0.4464285771052043 0.5316106677055359 0.45951831340789795 0.5354859232902527 0.4584848880767822 0.5447865128517151 0.447806437810262 0.5522786378860474 0.43609456221262616 0.5447865128517151 0.4323054552078247 0.5401362180709839 0.43678351243336994 0.534452497959137 0.43885032335917157 0.5238601565361023 0.43437222639719647 0.5168847441673279 0.43023864428202313
1 0.528252124786377 0.39923667907714844 0.5434947609901428 0.36754576365152997 0.553828775882721 0.3503224054972331 0.5548621416091919 0.33241015672683716 0.5579623579978943 0.3293099602063497 0.5649378299713135 0.3375771443049113 0.5726882815361023 0.34791115919748944 0.5773385763168335 0.3610008955001831 0.5796637535095215 0.373401681582133 0.5835390090942383 0.38614694277445477 0.5840556621551514 0.39441414674123126 0.5742384195327759 0.42093805472056073 0.5659711956977844 0.4309275945027669 0.5540871024131775 0.4295496940612793 0.5465949773788452 0.4295496940612793 0.5406529307365417 0.42576058705647785 0.5347108840942383 0.40819279352823895
1 0.5571873188018799 0.22355874379475912 0.5579623579978943 0.21391369899113974 0.5667462348937988 0.2053020199139913 0.5801804661750793 0.1929012338320414 0.5866391658782959 0.1867008407910665 0.591806173324585 0.1853229800860087 0.5920645594596863 0.20151289304097494 0.5923228859901428 0.20943562189737955 0.5899977087974548 0.22493662436803183 0.5848307609558105 0.2363040049870809 0.5817305445671082 0.2480158805847168 0.5757884979248047 0.25214946269989014 0.5721715688705444 0.25283841292063397 0.568554699420929 0.24526013930638632 0.5613209009170532 0.22975915670394897
1 0.5840556621551514 0.24904926617940268 0.5905144214630127 0.23354828357696533 0.5936146378517151 0.2363040049870809 0.5961981415748596 0.2459490696589152 0.5995566844940186 0.25490520397822064 0.5951647162437439 0.2604166666666667 0.5879309177398682 0.2542162736256917
1 0.5592541098594666 0.32276509205500287 0.5618376135826111 0.30588624874750775 0.573721706867218 0.292796512444814 0.5817305445671082 0.2838403781255086 0.588447630405426 0.2883184552192688 0.5995566844940186 0.2979635198911031 0.6065321564674377 0.3051973183949788 0.5961981415748596 0.32173170646031696 0.5879309177398682 0.34067734082539874 0.5853474140167236 0.350666880607605 0.5796637535095215 0.35411155223846436 0.57139652967453 0.3379216194152832 0.5654544830322266 0.33068782091140747
1 0.6349506378173828 0.17188878854115805 0.6385675072669983 0.15707671642303467 0.6416677236557007 0.1498429278532664 0.6501932740211487 0.15018739302953085 0.6569103598594666 0.1539765199025472 0.65665203332901 0.16396604975064596 0.6507099866867065 0.1743000348409017 0.6452845931053162 0.183600644270579 0.6370174288749695 0.17774470647176108
1 0.6463180184364319 0.1860119104385376 0.6532934308052063 0.17705577611923218 0.6584604382514954 0.1649994452794393 0.6597521901130676 0.15707671642303467 0.6716362833976746 0.16741071144739786 0.6788700819015503 0.17154431343078613 0.6881706714630127 0.17946704228719076 0.6928209662437439 0.1849785049756368 0.6907541751861572 0.1942790945370992 0.6817119121551514 0.20357970396677652 0.6760282516479492 0.21081348260243735 0.6685361266136169 0.21288029352823892 0.6569103598594666 0.21425815423329672 0.651485025882721 0.20185736815134683
0 0.6602689027786255 0.1505318582057953 0.6664692759513855 0.1488095223903656 0.6734447479248047 0.1505318582057953 0.680936872959137 0.15432098507881165 0.6881706714630127 0.16155478358268738 0.6974712610244751 0.16293265422185263 0.7034133076667786 0.16809964179992676 0.703154981136322 0.1749889850616455 0.7005714774131775 0.18118937810262045 0.694629430770874 0.18118937810262045 0.6840370893478394 0.16982197761535645 0.6700862050056458 0.15948798259099325
0 0.689462423324585 0.1333085298538208 0.6923043131828308 0.1229745348294576 0.7052217721939087 0.1370976666609446 0.7181392908096313 0.1443314552307129 0.7302817106246948 0.15432098507881165 0.726406455039978 0.1636215845743815 0.723564624786377 0.1736111044883728 0.7214978337287903 0.17843363682428995 0.7160724997520447 0.1746445099512736 0.7090970277786255 0.17395557959874472 0.7049634456634521 0.16155478358268738 0.7034133076667786 0.1512207885583242 0.6977296471595764 0.14295359452565512
1 0.6786117553710938 0.14743166168530783 0.6830036640167236 0.1443314552307129 0.6855871677398682 0.1370976666609446 0.6915292143821716 0.14157572388648987 0.6982463598251343 0.1488095223903656 0.7010881900787354 0.15363205472628275 0.6982463598251343 0.15845458706219992 0.6904958486557007 0.1574211815992991 0.6853288412094116 0.1539765199025472
0 0.66285240650177 0.21839175621668497 0.6734447479248047 0.21666942040125528 0.6801618337631226 0.21184688806533813 0.6858455538749695 0.2063354253768921 0.6899791359901428 0.2039241592089335 0.6951461434364319 0.21873621145884195 0.7000547647476196 0.2273478905359904 0.7016049027442932 0.23113701740900675 0.6974712610244751 0.2369929552078247 0.6915292143821716 0.24043760697046915 0.6866205930709839 0.24181546767552695 0.6819702982902527 0.246982475121816 0.6770616173744202 0.24904926617940268 0.6680194139480591 0.2376818855603536 0.6610439419746399 0.22975915670394897
1 0.6935960650444031 0.20082396268844604 0.6959211826324463 0.18911210695902506 0.700829803943634 0.1860119104385376 0.7062551975250244 0.17808918158213297 0.709355354309082 0.18876763184865317 0.712713897228241 0.19565697511037192 0.7176225781440735 0.19910162687301636 0.7183976173400879 0.2084022363026937 0.7160724997520447 0.2152915596961975 0.7106471061706543 0.21942516167958578 0.7078052759170532 0.2270034154256185 0.7028966546058655 0.2273478905359904 0.6951461434364319 0.21219136317571005
0 0.7106471061706543 0.1842895746231079 0.7106471061706543 0.17774470647176108 0.7147807478904724 0.17774470647176108 0.7181392908096313 0.18118937810262045 0.7199476957321167 0.1849785049756368 0.7181392908096313 0.1935901641845703 0.7132306098937988 0.19117889801661173
1 0.60782390832901 0.31415343284606934 0.6145409941673279 0.3193204402923584 0.6114407777786255 0.33309908707936603 0.6075655221939087 0.3389550447463989 0.5980066061019897 0.3437775770823161 0.5930979251861572 0.34653329849243164 0.5998150110244751 0.33103229602177936 0.6036902666091919 0.3206983009974162
1 0.5837973356246948 0.367201288541158 0.5912894606590271 0.3534226020177205 0.6008484363555908 0.3475666840871175 0.6104073524475098 0.3413662910461426 0.6194496154785156 0.34791115919748944 0.6279751658439636 0.3489445447921753 0.6328837871551514 0.35583388805389404 0.6383091807365417 0.36306766668955487 0.6465763449668884 0.3699570099512736 0.6450262665748596 0.3789131244023641 0.637275755405426 0.3920028607050578 0.6354672908782959 0.3985477288564046 0.6388258337974548 0.40509259700775146 0.640634298324585 0.41783785820007324 0.6427010893821716 0.42507163683573407 0.6336588859558105 0.4295496940612793 0.6256500482559204 0.4402281840642293 0.6186745762825012 0.42576058705647785 0.6106657385826111 0.41956019401550293 0.6075655221939087 0.4112929900487264 0.6000733971595764 0.39338072141011554 0.5954231023788452 0.38786927858988446 0.5899977087974548 0.38683585325876874 0.5874142646789551 0.38201332092285156 0.585605800151825 0.37581292788187665
1 0.6142826080322266 0.333443562189738 0.6178995370864868 0.32138723134994507 0.6233248710632324 0.32000937064488727 0.6292669177055359 0.32414297262827557 0.6326254606246948 0.3289655049641927 0.6315920948982239 0.34239967664082843 0.6297836303710938 0.34515543778737384 0.6204830408096313 0.34446648756663006 0.6145409941673279 0.3399884303410848
1 0.6328837871551514 0.29210758209228516 0.6390842199325562 0.28108465671539307 0.648126482963562 0.2807401816050212 0.652001678943634 0.2876295248667399 0.6496765613555908 0.2941743731498718 0.6463180184364319 0.3020971218744914 0.6419260501861572 0.310019850730896 0.6388258337974548 0.3193204402923584 0.6365007162094116 0.3237984975179036 0.6308169960975647 0.32000937064488727 0.6269417405128479 0.31690917412439984 0.6318504214286804 0.30623070398966473 0.6339172124862671 0.2965856393178304
1 0.660527229309082 0.2900407910346985 0.6654359102249146 0.28590718905131024 0.6755115389823914 0.2848737835884094 0.6806785464286804 0.2883184552192688 0.6796451210975647 0.2945188482602437 0.671377956867218 0.2972745895385742 0.6641441583633423 0.2945188482602437
1 0.6633691191673279 0.24009315172831217 0.6667276620864868 0.23974867661794028 0.6729280352592468 0.24939374128977457 0.6765449643135071 0.25834987560908 0.6762865781784058 0.27212852239608765 0.6739614605903625 0.2779844601949056 0.6654359102249146 0.2807401816050212 0.6587188243865967 0.28590718905131024 0.6530351042747498 0.2779844601949056 0.6607856154441833 0.27040618658065796 0.6664692759513855 0.25800540049870807 0.6669859886169434 0.25214946269989014
1 0.6791284680366516 0.2776399850845337 0.6879123449325562 0.286940594514211 0.6990213990211487 0.2852182586987813 0.7129722833633423 0.28315144777297974 0.7165891528129578 0.2762621243794759 0.7114222049713135 0.2562830646832784 0.70548015832901 0.2462935447692871 0.700313150882721 0.24181546767552695 0.6899791359901428 0.2462935447692871 0.6814535856246948 0.25042714675267536 0.6806785464286804 0.2542162736256917 0.6796451210975647 0.2666170597076416
1 0.6328837871551514 0.3496334950129191 0.6359840035438538 0.3289655049641927 0.6465763449668884 0.33688823382059735 0.6615606546401978 0.34067734082539874 0.671377956867218 0.3413662910461426 0.6817119121551514 0.3396439552307129 0.6889457106590271 0.34171076615651447 0.6990213990211487 0.3420552412668864 0.697987973690033 0.35617836316426593 0.6951461434364319 0.3644455273946126 0.6912708878517151 0.36513447761535645 0.6845538020133972 0.3599674701690674 0.6755115389823914 0.3613453308741252 0.6649191975593567 0.3644455273946126 0.6561353206634521 0.3703014850616455 0.6509683132171631 0.3720238208770752 0.6424427628517151 0.3627232313156128 0.6359840035438538 0.35445602734883624
1 0.5269603729248047 0.5080880721410116 0.539619505405426 0.49499833583831787 0.5463365912437439 0.488109032313029 0.5561538934707642 0.4839754104614258 0.579922080039978 0.48121968905131024 0.5876725912094116 0.4805307388305664 0.5967148542404175 0.48879794279734295 0.6049820184707642 0.5046434005101522 0.6085989475250244 0.5149774154027303 0.603173553943634 0.5256558656692505 0.5910311341285706 0.5373677412668864 0.5827639698982239 0.5408123731613159 0.56519615650177 0.5439125696818033 0.5517619848251343 0.5449459950129191 0.5391027927398682 0.5404679377873739 0.5326440930366516 0.5342675447463989 0.5295438766479492 0.5253113905588785 0.5279937982559204 0.5153218507766724
1 0.5476283431053162 0.47846396764119464 0.5571873188018799 0.46744104226430255 0.5654544830322266 0.46089617411295575 0.568554699420929 0.45951831340789795 0.57139652967453 0.4643408457438151 0.5778552889823914 0.465374231338501 0.588447630405426 0.46847442785898846 0.5894810557365417 0.47639715671539307 0.5760468244552612 0.47846396764119464 0.5613209009170532 0.4791528781255086 0.5558955669403076 0.47984182834625244 0.550470232963562 0.48121968905131024
1 0.5706214904785156 0.4546957810719808 0.5744967460632324 0.4402281840642293 0.5814722180366516 0.44263943036397296 0.5889643430709839 0.4509066343307495 0.594131350517273 0.45641811688741046 0.5881893038749695 0.4639963706334432 0.5752717852592468 0.4602072238922119
1 0.5933563113212585 0.4746748208999634 0.5920645594596863 0.46468528111775714 0.5972315073013306 0.45676255226135254 0.6067904829978943 0.4588293631871541 0.6137659549713135 0.46261850992838544 0.6204830408096313 0.46778547763824463 0.6233248710632324 0.47846396764119464 0.6209996938705444 0.4915536642074585 0.617382824420929 0.5029210646947225 0.6122158169746399 0.5063657363255819 0.6062737703323364 0.49637619654337567 0.6000733971595764 0.48707560698191327 0.5959398150444031 0.4829420248667399 0.5920645594596863 0.4788084030151367
1 0.4458385109901428 0.8460097312927246 0.4512638449668884 0.8418761094411215 0.46237289905548096 0.8415316740671793 0.4711567759513855 0.8429094950358073 0.4765821695327759 0.8442873954772949 0.4807157516479492 0.8535879453023275 0.47839057445526123 0.862199624379476 0.4752904176712036 0.8766671816507975 0.47554874420166016 0.8873457113901774 0.4711567759513855 0.9000909328460693 0.46547311544418335 0.908013661702474 0.46082282066345215 0.9128362337748209 0.452813982963562 0.9100804328918457 0.4489387273788452 0.9073247114817301 0.44609683752059937 0.8980241616566976 0.450488805770874 0.8735670248667399 0.4535890221595764 0.8584105173746744 0.452813982963562 0.8546213308970133 0.44764697551727295 0.849454402923584
1 0.4672815799713135 0.9121472835540771 0.4765821695327759 0.9142140547434489 0.4804573655128479 0.9159363905588785 0.4900163412094116 0.9056023756663004 0.5003503561019897 0.8949239253997803 0.5031921863555908 0.8911348183949789 0.5021587610244751 0.8811453183492025 0.49725013971328735 0.8708113034566244 0.4900163412094116 0.8632330099741617 0.4843326210975647 0.8597883383433024 0.48174911737442017 0.8635775248209635 0.4789072871208191 0.8742559750874838 0.47787392139434814 0.8849344253540039 0.4765821695327759 0.8914792537689209 0.4721902012825012 0.9031911691029867 0.46934837102890015 0.908013661702474
1 0.5013837218284607 0.8697779178619385 0.5106843113899231 0.867366631825765 0.5215350389480591 0.8666776816050211 0.5254102945327759 0.8666776816050211 0.5285104513168335 0.8770116964975992 0.5267020463943481 0.8994019826253256 0.5217933654785156 0.9059468905131022 0.5184348225593567 0.9155919551849365 0.5161097049713135 0.9231701691945394 0.5130094885826111 0.9266148408253988 0.5075841546058655 0.9290261268615723 0.5013837218284607 0.9300595124562582 0.5024171471595764 0.9131806691487631 0.5013837218284607 0.9035356044769287 0.5044839382171631 0.895612875620524 0.5057756900787354 0.8863122463226318 0.502675473690033 0.873911460240682
1 0.4807157516479492 0.8432539304097494 0.48097407817840576 0.8336089452107748 0.4838159680366516 0.8260306517283121 0.48769116401672363 0.820519208908081 0.4928581714630127 0.8191413084665934 0.49621671438217163 0.8243083159128824 0.4975084662437439 0.8284419377644857 0.49621671438217163 0.8480765024820963 0.4946666359901428 0.8587549527486166 0.49234145879745483 0.8590993881225586 0.48639941215515137 0.8553102811177572
1 0.41586995124816895 0.9617504278818766 0.4241371154785156 0.9283371766408285 0.43421274423599243 0.9242035547892252 0.43912142515182495 0.91972549756368 0.4479053020477295 0.9145585695902506 0.45539748668670654 0.9211033980051676 0.4621145725250244 0.9293705622355143 0.4657314419746399 0.9338486194610596 0.4696066975593567 0.9465939203898112 0.4752904176712036 0.9514164129892985 0.4649564027786255 0.9755291144053141 0.45927268266677856 0.9758735497792562 0.44738858938217163 0.9727733929951986 0.4362795948982239 0.9765625 0.4277540445327759 0.9720844427744547 0.42103689908981323 0.9676063855489095
1 0.5008670091629028 0.9972304503122965 0.5153346061706543 0.987929900487264 0.5217933654785156 0.9841407934824625 0.5323857069015503 0.9817295074462891 0.548145055770874 0.9779404004414877 0.554345428943634 0.9710510571797689 0.5582206845283508 0.9696731567382812 0.560029149055481 0.9803516070048014 0.5620959401130676 0.9975749651590983 0.5148179531097412 0.9979194005330404
1 0.4954416751861572 0.8150076866149902 0.4936332106590271 0.8026069005330404 0.4936332106590271 0.7967510223388672 0.502675473690033 0.793995221455892 0.5124927759170532 0.7898616790771484 0.519726574420929 0.7881393432617188 0.5269603729248047 0.7957175572713217 0.533419132232666 0.8022624651590983 0.5341941714286804 0.8108741442362467 0.5339358448982239 0.821897029876709 0.531093955039978 0.8260306517283121 0.5184348225593567 0.8274084726969401 0.5057756900787354 0.8212080796559652 0.499316930770874 0.8194857438405355
1 0.4905330538749695 0.7857280572255453 0.4944083094596863 0.7898616790771484 0.502675473690033 0.7891727288564047 0.5130094885826111 0.7860724925994873 0.5210183262825012 0.7829723358154297 0.5241185426712036 0.7798720995585123 0.5161097049713135 0.7626488208770752 0.5122344493865967 0.7481811841328939 0.505000650882721 0.7492146492004395 0.49647510051727295 0.7543815771738688 0.4928581714630127 0.768504778544108 0.493116557598114 0.7760829925537109 0.4928581714630127 0.781594435373942
1 0.5150762796401978 0.7440476417541504 0.5210183262825012 0.7323357264200846 0.5277354121208191 0.7189015547434489 0.5316106677055359 0.7089120546976725 0.539619505405426 0.7140790621439616 0.551503598690033 0.7254464626312256 0.5613209009170532 0.7333691914876302 0.5639044046401978 0.7364693482716879 0.55899578332901 0.7440476417541504 0.5525370240211487 0.7571373780568441 0.5502118468284607 0.7712604999542236 0.5496951341629028 0.7757385571797689 0.5360026359558105 0.7778053283691406 0.5269603729248047 0.7764275074005127 0.519726574420929 0.7629932562510172 0.5155929923057556 0.7505924701690674
1 0.5256686210632324 0.7871059576670328 0.5295438766479492 0.780905564626058 0.5391027927398682 0.7822833855946859 0.5465949773788452 0.780905564626058 0.5520203113555908 0.7857280572255453 0.554345428943634 0.7915840148925781 0.5530537366867065 0.7984733581542969 0.5450448393821716 0.7981288433074951 0.5375527143478394 0.7998511791229248 0.5292854905128479 0.792961835861206
1 0.5553788542747498 0.7998511791229248 0.5610625743865967 0.8043292363484701 0.5641627311706543 0.803984800974528 0.5639044046401978 0.7960620721181234 0.5602874755859375 0.7922729651133219 0.5577040314674377 0.7912395000457764
1 0.5639044046401978 0.8143188158671061 0.5646794438362122 0.810529629389445 0.5701047778129578 0.8094962437947592 0.5760468244552612 0.8146632512410482 0.5744967460632324 0.8184523582458496 0.5734633207321167 0.8239638805389404 0.5667462348937988 0.821552594502767
1 0.5527953505516052 0.7778053283691406 0.5608041882514954 0.7871059576670328 0.5657128691673279 0.7905506292978922 0.573721706867218 0.7771163781483968 0.5819888710975647 0.7657489776611328 0.5863808393478394 0.7543815771738688 0.5889643430709839 0.7485256989796957 0.5874142646789551 0.740947405497233 0.5781136155128479 0.7381916840871176 0.5708798766136169 0.7385361194610596 0.5664879083633423 0.7395695845286051 0.5605458617210388 0.746803363164266 0.5564122796058655 0.7574818134307861 0.5530537366867065 0.768504778544108
1 0.5706214904785156 0.7884837786356608 0.5830222964286804 0.7702270348866781 0.5920645594596863 0.7561039129892985 0.5987816452980042 0.7512814203898112 0.608857274055481 0.7492146492004395 0.6158327460289001 0.7488701343536377 0.6230665445327759 0.7616154352823893 0.6295252442359924 0.7733272711435953 0.6323671340942383 0.7819389502207438 0.6308169960975647 0.787450393040975 0.6233248710632324 0.7967510223388672 0.6191912889480591 0.7995067437489828 0.6109240651130676 0.799162228902181 0.6057570576667786 0.8032958507537842 0.6049820184707642 0.810529629389445 0.6047236919403076 0.8184523582458496 0.6018818616867065 0.8208636442820231 0.594131350517273 0.8181079228719076 0.5837973356246948 0.815352201461792 0.579922080039978 0.8146632512410482 0.5739800333976746 0.8098406791687012 0.57139652967453 0.8050181865692139 0.5701047778129578 0.7964065074920654
1 0.60782390832901 0.8225859800974528 0.6135075688362122 0.8143188158671061 0.6222914457321167 0.8026069005330404 0.6328837871551514 0.7905506292978922 0.6365007162094116 0.7857280572255453 0.6527767777442932 0.7857280572255453 0.6602689027786255 0.7902061144510905 0.6631107330322266 0.7953731218973795 0.6615606546401978 0.8050181865692139 0.6584604382514954 0.8194857438405355 0.6587188243865967 0.8298197587331136 0.6579437255859375 0.8442873954772949 0.6610439419746399 0.8532435099283854 0.6636274456977844 0.8604772885640463 0.6613023281097412 0.8649553457895914 0.6501932740211487 0.8618551890055338 0.637275755405426 0.8615106741587321 0.631075382232666 0.8601328531901041 0.6197080016136169 0.8480765024820963 0.6093739867210388 0.8315420945485433
1 0.6618189811706543 0.8687444527943929 0.666210949420929 0.8632330099741617 0.6744781732559204 0.8639219601949056 0.6788700819015503 0.8666776816050211 0.680936872959137 0.8725336392720541 0.6786117553710938 0.8777006467183431 0.6706029176712036 0.8818341890970866 0.6667276620864868 0.8780450820922852
1 0.4688316583633423 0.5780147711435953 0.47244852781295776 0.5697475671768188 0.4820075035095215 0.5718143781026205 0.48407429456710815 0.574570099512736 0.4789072871208191 0.5824928283691406 0.4742569923400879 0.580081582069397 0.4721902012825012 0.579737106959025
1 0.48717451095581055 0.5714699029922485 0.4936332106590271 0.5611359278361002 0.5057756900787354 0.5580357313156128 0.5158513188362122 0.5490795771280924 0.5256686210632324 0.5322007338205973 0.534452497959137 0.551835298538208 0.5409112572669983 0.5580357313156128 0.5491784811019897 0.5607914527257284 0.5556371808052063 0.5673363208770752 0.5595124363899231 0.5752590497334799 0.5620959401130676 0.5793926318486532 0.5615792274475098 0.5900710821151733 0.5659711956977844 0.6017829577128092 0.5615792274475098 0.6117724974950155 0.5468533039093018 0.6117724974950155 0.5243768692016602 0.6072944402694702 0.51636803150177 0.6017829577128092 0.5065507292747498 0.5897266467412313 0.49570006132125854 0.5762924353281657
1 0.5657128691673279 0.6124614079793295 0.5763052105903625 0.6128058830897013 0.5887060165405273 0.6134948333104452 0.5943896770477295 0.6128058830897013 0.600331723690033 0.608672300974528 0.6023985147476196 0.6024719079335531 0.6021401882171631 0.5938602288564047 0.5998150110244751 0.585593024889628 0.5964564681053162 0.5831817785898844 0.5925812125205994 0.5845596392949423 0.5861225128173828 0.5900710821151733 0.5752717852592468 0.5924823681513468 0.5680379867553711 0.5945491790771484 0.5688130259513855 0.6007495721181234
1 0.5365192890167236 0.5435681343078613 0.5491784811019897 0.5466683308283488 0.5602874755859375 0.5477017164230347 0.5716549158096313 0.5463238557179769 0.5778552889823914 0.545979380607605 0.5794053673744202 0.5535576343536377 0.5757884979248047 0.5635471741358439 0.5695881247520447 0.5721588532129923 0.5633876919746399 0.5756035248438517 0.5595124363899231 0.5669918457667033 0.5535703897476196 0.5604469776153564 0.542978048324585 0.5552799701690674 0.5370360016822815 0.5490795771280924
1 0.43137091398239136 0.6362295945485433 0.43447113037109375 0.61969522635142 0.4497137665748596 0.620384136835734 0.4621145725250244 0.6245177586873373 0.4672815799713135 0.625895619392395 0.46624815464019775 0.6358851591746012 0.4572058916091919 0.6393297910690308 0.4517805576324463 0.6420855522155762 0.4497137665748596 0.6500082810719808 0.4466135501861572 0.6537973880767822 0.43912142515182495 0.648630420366923 0.4349878430366516 0.6431189378102621
1 0.46934837102890015 0.6407076915105184 0.47322362661361694 0.6269290049870809 0.4866577982902527 0.620039701461792 0.5034505128860474 0.614528218905131 0.5148179531097412 0.6097056865692139 0.5401362180709839 0.614528218905131 0.5496951341629028 0.6162505547205607 0.5564122796058655 0.614528218905131 0.5633876919746399 0.6159060796101888 0.5659711956977844 0.6310626268386841 0.5690714120864868 0.6410521268844604 0.5548621416091919 0.6541418631871542 0.5442698001861572 0.672398567199707 0.5336774587631226 0.6899663607279459 0.5303189158439636 0.6978890895843506 0.5217933654785156 0.6985780398050944 0.5158513188362122 0.6896219253540039 0.5081008076667786 0.688588539759318 0.5006086826324463 0.6865216890970866 0.49725013971328735 0.688588539759318 0.4920831322669983 0.6847993532816569 0.48794955015182495 0.6727430820465088 0.4796823263168335 0.6679205099741617 0.4758070707321167 0.654830813407898 0.4721902012825012 0.6469080845514933
1 0.5336774587631226 0.70133376121521 0.5486617684364319 0.6734319527943929 0.5620959401130676 0.6510416666666666 0.5708798766136169 0.6462191343307495 0.583280622959137 0.6489748557408651 0.5972315073013306 0.6503527164459229 0.6039486527442932 0.6686094601949056 0.6101490259170532 0.6847993532816569 0.6085989475250244 0.695133368174235 0.6011067628860474 0.713045597076416 0.5990399718284607 0.7233796119689941 0.5905144214630127 0.7323357264200846 0.5866391658782959 0.7350915273030599 0.5688130259513855 0.734402577082316 0.5592541098594666 0.7275132338205973 0.5450448393821716 0.7133901119232178 0.5362609624862671 0.7040894826253256
1 0.6008484363555908 0.6500082810719808 0.6114407777786255 0.6427744626998901 0.6230665445327759 0.6386408805847168 0.6303003430366516 0.6348517338434855 0.6365007162094116 0.6472525199254354 0.6408926844596863 0.6620645920435587 0.6447679400444031 0.6761877536773682 0.6385675072669983 0.6872106393178304 0.6318504214286804 0.6954778830210367 0.6238415837287903 0.699955940246582 0.6124742031097412 0.695133368174235 0.6129908561706543 0.6813546816507975 0.6049820184707642 0.6596533457438151
1 0.5889643430709839 0.5449459950129191 0.5980066061019897 0.5363343159357706 0.60782390832901 0.5218667189280192 0.6142826080322266 0.5094659328460693 0.6248749494552612 0.5235890547434489 0.6354672908782959 0.5439125696818033 0.6398592591285706 0.5563133955001831 0.6375341415405273 0.5694030920664469 0.6305586695671082 0.5731922388076782 0.6233248710632324 0.5694030920664469 0.6176411509513855 0.5625137885411581 0.611182451248169 0.5663028955459595 0.5951647162437439 0.5563133955001831
1 0.6057570576667786 0.7171792189280192 0.6122158169746399 0.7009893258412679 0.6186745762825012 0.7089120546976725 0.6199663281440735 0.7171792189280192 0.6176411509513855 0.7268242835998535 0.6104073524475098 0.7223462263743082
1 0.6199663281440735 0.7023671468098959 0.6256500482559204 0.7016782760620117 0.632108747959137 0.6992669900258383 0.6352089643478394 0.6972001393636068 0.6427010893821716 0.7034006118774414 0.649159848690033 0.7092564900716146 0.637275755405426 0.7113233407338461 0.6269417405128479 0.7123567263285319 0.6228081583976746 0.712701161702474 0.622549831867218 0.7071897188822428
1 0.6375341415405273 0.6937555472056071 0.6447679400444031 0.6830770174662272 0.651485025882721 0.6892774105072021 0.6558769345283508 0.694788932800293 0.6525183916091919 0.7058118184407552 0.6452845931053162 0.7009893258412679
1 0.6553602814674377 0.7099454402923584 0.660527229309082 0.6944444179534912 0.6677610278129578 0.6892774105072021 0.671377956867218 0.6861772537231445 0.6706029176712036 0.6792879104614258 0.6827453374862671 0.6758432388305664 0.6866205930709839 0.6768766244252523 0.6871373057365417 0.6851438681284586 0.6943711042404175 0.6930665969848633 0.6985046863555908 0.7047784328460693 0.6961795091629028 0.7216572761535645 0.6941127181053162 0.7330246766408285 0.6842954158782959 0.7337136268615723 0.6716362833976746 0.7333691914876302 0.6587188243865967 0.7199349403381348
1 0.651485025882721 0.6248621940612793 0.6700862050056458 0.620039701461792 0.6768032908439636 0.6214175621668497 0.6814535856246948 0.6276179552078247 0.6837787628173828 0.637263019879659 0.6873956322669983 0.6410521268844604 0.6910125613212585 0.6441523234049479 0.691787600517273 0.6558641990025839 0.6873956322669983 0.6661981741587321 0.686103880405426 0.6710207462310791 0.6768032908439636 0.6734319527943929 0.6693111658096313 0.6751542886098226 0.6682777404785156 0.6644758780797323 0.6620773673057556 0.6520750522613525 0.6553602814674377 0.6417410771052042 0.6538101434707642 0.6334738731384277
1 0.6889457106590271 0.6792879104614258 0.6886873841285706 0.6730875174204508 0.6935960650444031 0.6599977811177572 0.6961795091629028 0.6527640024820963 0.7047050595283508 0.6531084775924683 0.709355354309082 0.6568975845972697 0.709355354309082 0.6689538955688477 0.7085803151130676 0.6813546816507975 0.7078052759170532 0.6906553109486898 0.700829803943634 0.694788932800293 0.697987973690033 0.6944444179534912 0.6943711042404175 0.6889329751332601 0.691787600517273 0.6851438681284586
1 0.7034133076667786 0.699955940246582 0.71168053150177 0.6968557039896647 0.7196893692016602 0.706500768661499 0.7245979905128479 0.7161458333333334 0.7284732460975647 0.7213128407796224 0.7282149195671082 0.7282021840413412 0.720206081867218 0.7299245198567709 0.7090970277786255 0.7313023408253988 0.7000547647476196 0.7309579054514567 0.700313150882721 0.7216572761535645 0.7013465166091919 0.7116677761077881
1 0.688429057598114 0.7385361194610596 0.6954044699668884 0.7364693482716879 0.7028966546058655 0.7368137836456299 0.7016049027442932 0.741980791091919 0.6954044699668884 0.747147798538208 0.6925626397132874 0.7495590845743815 0.689462423324585 0.7454254627227783
1 0.617382824420929 0.7433586915334066 0.6197080016136169 0.7337136268615723 0.623583197593689 0.7195905049641927 0.6346922516822815 0.7154568831125895 0.6460596323013306 0.713045597076416 0.6509683132171631 0.7133901119232178 0.654326856136322 0.7192460695902506 0.6620773673057556 0.7254464626312256 0.6695694923400879 0.7375027338663737 0.671377956867218 0.7530037562052408 0.6693111658096313 0.7602375348409017 0.6649191975593567 0.768504778544108 0.6636274456977844 0.7774608929951986 0.6582021117210388 0.780905564626058 0.6403759717941284 0.781594435373942 0.6346922516822815 0.780905564626058 0.6284918785095215 0.7647155920664469 0.6238415837287903 0.7561039129892985
1 0.6920459270477295 0.7547260920206705 0.6977296471595764 0.7499035199483236 0.7041884064674377 0.7433586915334066 0.7103887796401978 0.7361249128977457 0.7191726565361023 0.734402577082316 0.7258897423744202 0.7337136268615723 0.7251147031784058 0.7488701343536377 0.7230479121208191 0.7678158283233643 0.7173642516136169 0.7802166144053141 0.7121972441673279 0.7846946716308594 0.7016049027442932 0.7843502362569174 0.697987973690033 0.7805610497792562 0.6941127181053162 0.7712604999542236
1 0.6954044699668884 0.6413966019948324 0.6941127181053162 0.6190062761306763 0.6959211826324463 0.5990272363026937 0.7000547647476196 0.592137893040975 0.7080636024475098 0.5890376965204874 0.7204644083976746 0.5886932214101156 0.7289899587631226 0.5897266467412313 0.7367404699325562 0.5986827611923218 0.7411324381828308 0.608672300974528 0.7416490912437439 0.6241732835769653 0.7393239736557007 0.6345072587331136 0.7346736788749695 0.6427744626998901 0.7251147031784058 0.6482859452565511 0.7124555706977844 0.6510416666666666 0.7057384848594666 0.6479414701461792 0.6982463598251343 0.6403632164001465
1 0.6292669177055359 0.44677305221557617 0.6367590427398682 0.4354056517283122 0.6450262665748596 0.43333884080251056 0.6512266397476196 0.43816137313842773 0.6641441583633423 0.44746196269989014 0.6770616173744202 0.45641811688741046 0.686103880405426 0.46089617411295575 0.680936872959137 0.4774305423100789 0.6752532124519348 0.4912092288335164 0.663885772228241 0.4929315646489461 0.6532934308052063 0.4936204751332601 0.6483848094940186 0.4901758035024007 0.6432178020477295 0.4681299527486165 0.6354672908782959 0.4619295597076416 0.6313337087631226 0.45917383829752606 0.6297836303710938 0.4505621592203776
1 0.6450262665748596 0.4150821367899577 0.6527767777442932 0.4040592114130656 0.6579437255859375 0.40061453978220624 0.6739614605903625 0.39303624629974365 0.688429057598114 0.39165838559468585 0.6997964382171631 0.39510305722554523 0.7171058654785156 0.4075038433074951 0.7225311994552612 0.4106040398279826 0.7227895855903625 0.42369377613067627 0.7181392908096313 0.431272029876709 0.7072885632514954 0.4447062412897746 0.7026382684707642 0.4505621592203776 0.6943711042404175 0.45366235574086505 0.6868789196014404 0.45676255226135254 0.6680194139480591 0.4436728556950887 0.6535518169403076 0.43333884080251056 0.6486431360244751 0.42403825124104816
1 0.6848121285438538 0.47639715671539307 0.691787600517273 0.4636518955230713 0.7005714774131775 0.45641811688741046 0.7111638188362122 0.4574515024820964 0.7204644083976746 0.4619295597076416 0.7282149195671082 0.4681299527486165 0.7318317890167236 0.471230149269104 0.7310567498207092 0.4822530746459961 0.729764997959137 0.48742008209228516 0.7142640352249146 0.48948689301808673 0.7036716938018799 0.48604222138722736 0.694629430770874 0.48431988557179767 0.688429057598114 0.48156416416168213 0.6871373057365417 0.4788084030151367
1 0.6450262665748596 0.5291005373001099 0.6473513841629028 0.5067102114359537 0.6535518169403076 0.49878748257954914 0.6677610278129578 0.49982086817423504 0.6737030744552612 0.5015432039896647 0.6718946695327759 0.5180776119232178 0.6706029176712036 0.5284115870793661 0.6540685296058655 0.5301339228947958 0.648126482963562 0.5315117835998535
1 0.6770616173744202 0.49706514676411945 0.6845538020133972 0.4846643606821696 0.6974712610244751 0.488453467686971 0.7101304531097412 0.4901758035024007 0.7230479121208191 0.4925870895385742 0.734932005405426 0.4932760000228882 0.7419074773788452 0.5104993581771851 0.740615725517273 0.5273782014846802 0.7377738356590271 0.5421902736028036 0.7393239736557007 0.551835298538208 0.7357070446014404 0.5604469776153564 0.7313151359558105 0.574570099512736 0.7269231677055359 0.5845596392949423 0.7049634456634521 0.585593024889628 0.6904958486557007 0.5773258209228516 0.6742197871208191 0.5625137885411581 0.6768032908439636 0.5366787910461426 0.6780950427055359 0.51669975121816 0.6786117553710938 0.5091214577356974
1 0.7338986396789551 0.4853532711664836 0.7354487180709839 0.4729524850845337 0.7437158823013306 0.47054123878479004 0.7535331845283508 0.47054123878479004 0.7587001919746399 0.4753637711207072 0.7566334009170532 0.4853532711664836 0.7540498971939087 0.4915536642074585 0.7486245632171631 0.4932760000228882 0.7439742684364319 0.4956872860590617 0.737257182598114 0.4912092288335164
1 0.7426825165748596 0.5046434005101522 0.7488828897476196 0.49637619654337567 0.758183479309082 0.4994763930638631 0.763867199420929 0.5070546865463257 0.7687758207321167 0.5146329402923584 0.7677424550056458 0.5335785945256551 0.7682591676712036 0.5439125696818033 0.7649006247520447 0.5552799701690674 0.7633504867553711 0.5597580273946127 0.7530165314674377 0.557346781094869 0.7460410594940186 0.5542465845743815 0.7424241900444031 0.5477017164230347 0.7416490912437439 0.533923069636027 0.7431992292404175 0.5222111940383911 0.7437158823013306 0.5146329402923584
1 0.732090175151825 0.5859375 0.7362237572669983 0.5735367139180502 0.7403573393821716 0.5611359278361002 0.7460410594940186 0.5587246417999268 0.7532748579978943 0.5611359278361002 0.7612836956977844 0.5635471741358439 0.7664507031440735 0.5642361243565878 0.7587001919746399 0.5790481567382812 0.7550833225250244 0.5924823681513468 0.7512080669403076 0.5976493755976359 0.7450076341629028 0.5986827611923218 0.7393239736557007 0.5948936144510905 0.7344152927398682 0.5904155572255453
1 0.5814722180366516 0.8515211741129557 0.5915478467941284 0.8566881815592448 0.6005901098251343 0.8642663955688477 0.5967148542404175 0.8746004104614258 0.5892226696014404 0.8708113034566244 0.5830222964286804 0.8608217239379883
1 0.5279937982559204 0.9042245546976725 0.5316106677055359 0.8787340323130289 0.5347108840942383 0.8618551890055338 0.5440114736557007 0.8539324601491293 0.5533120632171631 0.8484209378560384 0.5618376135826111 0.8466986020406088 0.5701047778129578 0.8463541666666666 0.5806971192359924 0.867366631825765 0.5848307609558105 0.8759783109029134 0.5806971192359924 0.8935461044311523 0.5763052105903625 0.9090470472971598 0.5732049942016602 0.91972549756368 0.5654544830322266 0.9276482264200846 0.5577040314674377 0.9338486194610596 0.5455615520477295 0.9331597487131754 0.5365192890167236 0.9186921119689941 0.5316106677055359 0.9093915621439616
1 0.5442698001861572 0.9562389850616455 0.541944682598114 0.9407379627227783 0.548145055770874 0.937293291091919 0.5569289326667786 0.9403935273488363 0.5602874755859375 0.9548610846201578 0.5561538934707642 0.9658840497334799 0.5491784811019897 0.9672618707021078 0.5463365912437439 0.9617504278818766
1 0.5613209009170532 0.937293291091919 0.5739800333976746 0.9242035547892252 0.5817305445671082 0.936259905497233 0.5879309177398682 0.9441826343536377 0.5930979251861572 0.9483162562052408 0.6023985147476196 0.9455605347951254 0.6070488095283508 0.936259905497233 0.6160910725593567 0.9417713483174642 0.623583197593689 0.9493496417999268 0.6246166229248047 0.965195099512736 0.6238415837287903 0.9696731567382812 0.6124742031097412 0.9738067785898844 0.5923228859901428 0.9713954925537109 0.5783720016479492 0.9707065423329672 0.5677796602249146 0.9665729999542236 0.5644211173057556 0.9514164129892985
1 0.6204830408096313 0.9972304503122965 0.6256500482559204 0.9834518432617188 0.6269417405128479 0.9748401641845703 0.6334004998207092 0.983107328414917 0.6375341415405273 0.9972304503122965 0.6284918785095215 0.9982639153798422
1 0.6279751658439636 0.9682953357696533 0.6295252442359924 0.9503830273946127 0.6432178020477295 0.9417713483174642 0.6486431360244751 0.9431492487589518 0.6509683132171631 0.9545166492462158 0.6569103598594666 0.9820739428202311 0.6625940799713135 0.9965415795644125 0.6553602814674377 0.9982639153798422 0.6437345147132874 0.9968860149383545 0.6393425464630127 0.9917190074920654 0.6370174288749695 0.982762893040975 0.6315920948982239 0.9758735497792562
1 0.5985232591629028 0.8894124825795492 0.6008484363555908 0.873911460240682 0.6047236919403076 0.867711067199707 0.6160910725593567 0.8670221169789633 0.6274584531784058 0.8656442960103353 0.6445095539093018 0.8666776816050211 0.65665203332901 0.8690889676411947 0.6641441583633423 0.8766671816507975 0.6659526228904724 0.8842454751332601 0.6631107330322266 0.9007798830668131 0.657685399055481 0.9200700124104818 0.6483848094940186 0.9348820845286051 0.6339172124862671 0.9428048133850098 0.625908374786377 0.9455605347951254 0.617382824420929 0.9376378059387207 0.6091156005859375 0.9300595124562582 0.6039486527442932 0.9121472835540771 0.6013651490211487 0.901813268661499
1 0.6762865781784058 0.937293291091919 0.6801618337631226 0.9224812984466553 0.6873956322669983 0.9152474403381348 0.6930793523788452 0.9214478333791097 0.6935960650444031 0.9290261268615723 0.6992797255516052 0.9479718208312988 0.7142640352249146 0.9696731567382812 0.7111638188362122 0.9824184576670328 0.7010881900787354 0.9841407934824625 0.6873956322669983 0.9796627362569174 0.6840370893478394 0.9751845995585123 0.6827453374862671 0.9676063855489095 0.679903507232666 0.9572723706563314 0.6765449643135071 0.9490052064259847
1 0.6910125613212585 0.9118027687072754 0.703154981136322 0.9000909328460693 0.7233062982559204 0.8928571542104086 0.7279565930366516 0.8907903830210367 0.7351903915405273 0.8983685970306396 0.7447493076324463 0.9155919551849365 0.7499163150787354 0.924548069636027 0.7537915706634521 0.936259905497233 0.7599919438362122 0.947282870610555 0.7628337740898132 0.9527943134307861 0.7597336173057556 0.9562389850616455 0.7501746416091919 0.9600280920664469 0.7364820837974548 0.9603726069132487 0.7274398803710938 0.9610614776611328 0.7168475389480591 0.9682953357696533 0.7036716938018799 0.9483162562052408 0.6995381116867065 0.9293705622355143 0.696954607963562 0.9224812984466553
1 0.6858455538749695 0.8797674179077148 0.6933376789093018 0.8749448458353678 0.6977296471595764 0.8604772885640463 0.7080636024475098 0.8504877885182699 0.7145223617553711 0.8573771317799886 0.7191726565361023 0.867366631825765 0.7189143300056458 0.8759783109029134 0.7160724997520447 0.8814897537231445 0.7044467329978943 0.8866567611694336 0.694629430770874 0.890101432800293 0.6889457106590271 0.8811453183492025
1 0.720206081867218 0.8825231393178304 0.7204644083976746 0.8880345821380615 0.7261481285095215 0.8873457113901774 0.7284732460975647 0.8794229825337728 0.7326068878173828 0.8718446890513102 0.7393239736557007 0.8666776816050211 0.7395823001861572 0.8601328531901041 0.7336402535438538 0.862199624379476 0.7248563766479492 0.8656442960103353 0.7230479121208191 0.8715002536773682
1 0.7085803151130676 0.8439428806304932 0.7124555706977844 0.8291308085123698 0.7204644083976746 0.8181079228719076 0.7269231677055359 0.810529629389445 0.7344152927398682 0.8167300224304199 0.7388072609901428 0.8243083159128824 0.7346736788749695 0.8398093382517496 0.7315734624862671 0.8453207810719808 0.7233062982559204 0.8491098880767822 0.7168475389480591 0.8511766592661539 0.71168053150177 0.8484209378560384
1 0.7186559438705444 0.8539324601491293 0.7279565930366516 0.849454402923584 0.7341569662094116 0.8487654527028402 0.7362237572669983 0.8577215671539307 0.728731632232666 0.8604772885640463 0.7225311994552612 0.8618551890055338
1 0.7369987964630127 0.8446318308512369 0.7426825165748596 0.8225859800974528 0.7499163150787354 0.8187968730926514 0.7612836956977844 0.8122519652048746 0.7669674158096313 0.8108741442362467 0.7778180837631226 0.8236193656921387 0.786085307598114 0.8325754801432291 0.7806599140167236 0.8590993881225586 0.7708426713943481 0.8704667886098226 0.7587001919746399 0.8728780746459961 0.7524998188018799 0.8728780746459961 0.7470744848251343 0.8663332462310791 0.7437158823013306 0.8639219601949056 0.7403573393821716 0.8549658457438151 0.7377738356590271 0.8484209378560384
1 0.672411322593689 0.9986083507537842 0.6827453374862671 0.987929900487264 0.6866205930709839 0.9862075646718343 0.7036716938018799 0.9903411865234375 0.708838701248169 0.9937858581542969 0.7090970277786255 0.9982639153798422 0.6933376789093018 0.9982639153798422 0.6817119121551514 0.9986083507537842 0.6752532124519348 0.9979194005330404
1 0.7137473225593567 0.9972304503122965 0.7132306098937988 0.9862075646718343 0.7163308262825012 0.9758735497792562 0.7199476957321167 0.970362106959025 0.7258897423744202 0.965195099512736 0.7395823001861572 0.963817278544108 0.7607669830322266 0.9641617139180502 0.7677424550056458 0.9665729999542236 0.7744595408439636 0.976906935373942 0.7747178673744202 0.9910300572713217 0.7734261155128479 0.9961970647176107 0.7598279118537903 0.9986979166666666 0.7367404699325562 0.9986979166666666 0.7214978337287903 0.9986979166666666 0.7163308262825012 0.9979194005330404
1 0.7798848748207092 0.9955081939697266 0.7798848748207092 0.9848296642303467 0.7829850912094116 0.9772514502207438 0.7909939289093018 0.9731178283691406 0.7920273542404175 0.982762893040975 0.7974526882171631 0.988274335861206 0.7974526882171631 0.9979194005330404 0.7868603467941284 0.9979194005330404
1 0.7899605631828308 0.9104249477386475 0.7868603467941284 0.8918237686157227 0.7917689681053162 0.8849344253540039 0.7948691844940186 0.8804563681284586 0.7982277274131775 0.8852788607279459 0.7987444400787354 0.9045689900716146 0.7990027666091919 0.9135251045227051 0.7912523150444031 0.9155919551849365
1 0.723564624786377 0.7784942785898844 0.732090175151825 0.7598930994669596 0.7351903915405273 0.7333691914876302 0.7367404699325562 0.7275132338205973 0.746816098690033 0.7220017910003662 0.7649006247520447 0.7158013979593912 0.7687758207321167 0.7144234975179037 0.7806599140167236 0.7199349403381348 0.7891854643821716 0.7220017910003662 0.7917689681053162 0.7330246766408285 0.792285680770874 0.7485256989796957 0.7884104251861572 0.7595485846201578 0.7876353859901428 0.7712604999542236 0.7904772162437439 0.7915840148925781 0.7891854643821716 0.8074294726053873 0.7835018038749695 0.815696636835734 0.7760096192359924 0.8129409154256185 0.7680007815361023 0.803984800974528 0.7646422386169434 0.7912395000457764 0.7592169046401978 0.7860724925994873 0.7610253691673279 0.7943397363026937 0.7625754475593567 0.8043292363484701 0.7537915706634521 0.8136298656463623 0.743457555770874 0.8174189726511637 0.7357070446014404 0.8139743010203043 0.7266648411750793 0.803984800974528 0.7253730893135071 0.7915840148925781
1 0.7850518822669983 0.8198302586873373 0.7904772162437439 0.8101851940155029 0.7974526882171631 0.809151808420817 0.799023449420929 0.8184600671132406 0.7990027666091919 0.8315420945485433 0.7904772162437439 0.8370535373687744 0.7884104251861572 0.8277529875437418
1 0.7961609363555908 0.6227954228719076 0.7909939289093018 0.632784922917684 0.789443850517273 0.6441523234049479 0.7909939289093018 0.6562086741129557 0.7940941452980042 0.6644758780797323 0.7974526882171631 0.6651647885640463 0.799023449420929 0.651289701461792 0.7987444400787354 0.6355406840642294 0.7982277274131775 0.6269290049870809
1 0.7455243468284607 0.637263019879659 0.7465577721595764 0.6055721044540405 0.7571501135826111 0.5955825646718343 0.7625754475593567 0.5890376965204874 0.7739428281784058 0.5983382860819498 0.7816933393478394 0.6028163433074951 0.7853102087974548 0.6148726940155029 0.7902188897132874 0.620039701461792 0.7881520986557007 0.63209601243337 0.7866019606590271 0.6520750522613525 0.7866019606590271 0.6620645920435587 0.7835018038749695 0.6730875174204508 0.7788515090942383 0.6803212960561117 0.7744595408439636 0.6727430820465088 0.7677424550056458 0.6758432388305664 0.761542022228241 0.6803212960561117 0.751983106136322 0.672054131825765 0.7447493076324463 0.6596533457438151
1 0.7636088728904724 0.5828373034795126 0.7664507031440735 0.5697475671768188 0.7703259587287903 0.5649250348409017 0.7778180837631226 0.5680252313613892 0.7866019606590271 0.5721588532129923 0.7917689681053162 0.5790481567382812 0.7907356023788452 0.5859375 0.7855685949325562 0.5976493755976359 0.7829850912094116 0.6007495721181234 0.7760096192359924 0.5962714751561483 0.7661923766136169 0.5890376965204874
1 0.7020245790481567 0.23958333333333334 0.7077243328094482 0.23147698243459067 0.7153240442276001 0.22438391049702963 0.7240637540817261 0.22742380698521933 0.7274835705757141 0.23705009619394937 0.7339433431625366 0.25883593161900836 0.7381231784820557 0.26998215913772583 0.73128342628479 0.2780885299046834 0.7236837148666382 0.27656857172648114 0.7198838591575623 0.2745419939359029 0.7160840630531311 0.26136916875839233 0.7119041681289673 0.24819634358088175
1 0.7263436317443848 0.4189364512761434 0.7316634654998779 0.422482967376709 0.735843300819397 0.422482967376709 0.7385031580924988 0.41336333751678467 0.7430629730224609 0.40323038895924884 0.7499027252197266 0.39765727519989014 0.7556025385856628 0.3936040798823039 0.7556025385856628 0.38853760560353595 0.7518026828765869 0.3870176871617635 0.7453429102897644 0.38600436846415204 0.7362232804298401 0.3875243266423543 0.73128342628479 0.39461739857991535 0.7282435894012451 0.402723749478658 0.7259636521339417 0.4113367398579915
0 0.7426829934120178 0.42653616269429523 0.7533226013183594 0.4290693998336792 0.7590224146842957 0.42957603931427 0.7575024366378784 0.41842981179555255 0.7537025809288025 0.40120379130045575 0.7476228475570679 0.4042436679204305 0.7442029714584351 0.4093101421991984
0 0.7081043124198914 0.3404061396916707 0.706964373588562 0.3312864700953166 0.7134241461753845 0.31507376829783124 0.7195038795471191 0.3019009431203206 0.7263436317443848 0.29734110832214355 0.7305234670639038 0.29126135508219403 0.73128342628479 0.2861948808034261 0.7377431988716125 0.29075469573338825 0.7373632192611694 0.30392752091089886 0.74724280834198 0.31406046946843463 0.7552225589752197 0.3191269437472026 0.7639622092247009 0.32115354140599567 0.7711819410324097 0.3231801191965739 0.7791616320610046 0.3196335832277934 0.7833414673805237 0.325206716855367 0.7772616744041443 0.3434460163116455 0.7746017575263977 0.3581387996673584 0.7753617763519287 0.3662451505661011 0.7715619206428528 0.3708049456278483 0.7647221684455872 0.37992461522420246 0.7556025385856628 0.3819512128829956 0.7537025809288025 0.36523183186848956 0.7483828067779541 0.3571254809697469 0.7240637540817261 0.34952576955159503 0.7141841053962708 0.3464858929316203
1 0.7596578598022461 0.39953752358754474 0.7693393230438232 0.3810165325800578 0.7823882102966309 0.3720366557439168 0.7945952415466309 0.38213900725046795 0.7988045811653137 0.46015175183614093 0.7950161695480347 0.4674479166666667 0.7887021899223328 0.4674479166666667 0.7756533026695251 0.46015175183614093 0.765971839427948 0.4433144728342692 0.7647090554237366 0.4186197916666667
1 0.7600787878036499 0.49438758691151935 0.7630253434181213 0.48035649458567303 0.7731277346611023 0.47081538041432697 0.7828091382980347 0.47137661774953205 0.7870184779167175 0.47530531883239746 0.7870184779167175 0.49158136049906415 0.7823882102966309 0.5044899384180704 0.7785997986793518 0.5072961648305258 0.7706021070480347 0.5072961648305258
1 0.7912277579307556 0.4792340199152629 0.7979627251625061 0.4736216068267822 0.7988045811653137 0.5 0.7895440459251404 0.508979876836141 0.7912277579307556 0.49663253625233966
1 0.7436624765396118 0.28055405616760254 0.7474508285522461 0.27101292212804157 0.7583950757980347 0.25922683874766034 0.7714439630508423 0.24631824096043906 0.7794417142868042 0.24295079708099365 0.7878603339195251 0.2530531684557597 0.7937533855438232 0.26820671558380127 0.792069673538208 0.2839215199152629 0.7844928503036499 0.31086117029190063 0.7802835702896118 0.3091774384180705 0.7794417142868042 0.2934626340866089 0.7739695906639099 0.2788703242937724 0.7663927674293518 0.274941623210907 0.757553219795227 0.27606411774953205 0.7487136721611023 0.28055405616760254
1 0.7268251776695251 0.21993982791900635 0.7301926016807556 0.21432741483052573 0.7407159209251404 0.21152118841807047 0.755448579788208 0.2103987137476603 0.7693393230438232 0.2148886521657308 0.7739695906639099 0.23172593116760254 0.7756533026695251 0.23677712678909302 0.7642881274223328 0.24744073549906412 0.745346188545227 0.265400509039561 0.7365066409111023 0.2519306739171346 0.731034517288208 0.2334096630414327
1 0.7857556939125061 0.3192798097928365 0.792069673538208 0.29402389129002887 0.7979627251625061 0.2715741793314616 0.799023449420929 0.3206043442090352 0.7924906015396118 0.3271372119585673
1 0.779862642288208 0.363056739171346 0.7823882102966309 0.34453574816385907 0.7874394059181213 0.33387211958567303 0.7971208095550537 0.33387211958567303 0.7975417971611023 0.35632185141245526 0.7924906015396118 0.36642420291900635 0.7857556939125061 0.36642420291900635
1 0.7234576940536499 0.19412267208099365 0.727246105670929 0.17560166120529175 0.7352437973022461 0.1570806403954824 0.7436624765396118 0.16549927989641824 0.7579741477966309 0.17111170291900635 0.7727067470550537 0.17223419745763144 0.7769160866737366 0.18121407429377237 0.7701811790466309 0.2031025489171346 0.7550276517868042 0.2059087554613749 0.7407159209251404 0.2059087554613749 0.7322973012924194 0.20478628079096475
0 0.7887021899223328 0.24856321016947427 0.7979627251625061 0.2373383641242981 0.799023449420929 0.25525323549906415 0.799023449420929 0.2631555398305257 0.7937533855438232 0.255859375
1 0.7722858190536499 0.2137661576271057 0.7777579426765442 0.19075520833333334 0.781967282295227 0.17953034241994223 0.7861766219139099 0.17616289854049683 0.7933324575424194 0.18009159962336221 0.7979627251625061 0.1767241358757019 0.7988045811653137 0.226674755414327 0.7945952415466309 0.23509339491526285 0.7861766219139099 0.24014457066853842 0.7802835702896118 0.23228716850280762
0 0.739453136920929 0.1475395162900289 0.7377694249153137 0.13463092843691507 0.7407159209251404 0.12565104166666666 0.7508183121681213 0.1267735262711843 0.7672346830368042 0.13406968116760254 0.779862642288208 0.15090697010358176 0.7811254262924194 0.1621318260828654 0.7680765390396118 0.16830549637476602 0.7508183121681213 0.16437679529190063 0.743241548538208 0.15764187773068747
1 0.6973599195480347 0.11947737137476604 0.7045157551765442 0.10881375273068745 0.7217739820480347 0.10432381431261699 0.7301926016807556 0.1133037010828654 0.7344019412994385 0.11891612410545349 0.7314554452896118 0.14473329981168112 0.7314554452896118 0.14810075362523398 0.7163018584251404 0.13631465037663779 0.7040948271751404 0.12621228893597922
1 0.7297716736793518 0.09758889675140381 0.7470299005508423 0.08748652537663777 0.7541857361793518 0.08524155616760254 0.7651299834251404 0.09927262862523396 0.7743905186653137 0.10825251539548238 0.779862642288208 0.12228358785311381 0.7748114466667175 0.13070222735404968 0.7583950757980347 0.1239673097928365 0.7419787049293518 0.11835488677024841 0.7352437973022461 0.11105873187383015
1 0.6880994439125061 0.0869252880414327 0.694413423538208 0.07626167436440785 0.706620454788208 0.07064924637476604 0.7125135064125061 0.07457794745763142 0.7217739820480347 0.0908539891242981 0.720932126045227 0.09815014402071635 0.7007274031639099 0.10432381431261699 0.6914668679237366 0.09758889675140381
1 0.6716830730438232 0.03304597735404968 0.6725249290466309 0.020137391984462738 0.6868366003036499 0.01171875 0.6956762075424194 0.019014906138181686 0.7104088068008423 0.021821121374766033 0.7146181464195251 0.024627335369586945 0.7083041667938232 0.054373204708099365 0.7040948271751404 0.06840427219867706 0.692729651927948 0.07008800407250722 0.6834691762924194 0.05830190579096476 0.6767342686653137 0.043709591031074524
0 0.696518063545227 0.01227999230225881 0.6973599195480347 0.0016163792461156845 0.7108297348022461 0.0021776221692562103 0.7129344344139099 0.016769935687383015 0.7036738991737366 0.016769935687383015
1 0.7154600024223328 0.0013020833333333333 0.7373484969139099 0.002738865092396736 0.7423996329307556 0.016769935687383015 0.7226158380508423 0.02125987907250722 0.7175646424293518 0.018453663835922878
1 0.7099878787994385 0.0650368183851242 0.7175646424293518 0.03304597735404968 0.7213530540466309 0.026311062276363373 0.7386112809181213 0.02069863552848498 0.743241548538208 0.02238236367702484 0.7558695077896118 0.033607219656308494 0.7613416314125061 0.04314834872881571 0.7609207034111023 0.07177173097928365 0.7491346001625061 0.0790678858757019 0.739453136920929 0.08411907156308492 0.7314554452896118 0.08860901991526286 0.7234576940536499 0.08019037544727325 0.7184065580368042 0.07121048867702484
1 0.7457671165466309 0.014524963994820913 0.7445043325424194 0.008351293082038561 0.7495555281639099 0.0013020833333333333 0.7630253434181213 0.0013020833333333333 0.7710230350494385 0.004983836164077123 0.7811254262924194 0.02967852105696996 0.7811254262924194 0.042025864124298096 0.7777579426765442 0.04539331793785095 0.7693393230438232 0.03921964764595032 0.765971839427948 0.038658405343691506 0.757553219795227 0.029117276271184284 0.7499764561653137 0.02238236367702484
0 0.7764951586723328 0.008351293082038561 0.7840719223022461 0.00722880723575751 0.7924906015396118 0.008351293082038561 0.799023449420929 0.014499872922897339 0.799023449420929 0.026872307062149048 0.7916487455368042 0.026311062276363373 0.7849137783050537 0.026311062276363373 0.779862642288208 0.017331177989641827
1 0.7651299834251404 0.06840427219867706 0.7647090554237366 0.04763829211393992 0.7689183950424194 0.045954560240109764 0.7748114466667175 0.04876077671845754 0.7769160866737366 0.06672054529190063 0.7710230350494385 0.07177173097928365
1 0.7600787878036499 0.0829965869585673 0.7680765390396118 0.07738415896892548 0.7790207266807556 0.08748652537663777 0.7727067470550537 0.09590517481168111 0.7663927674293518 0.09029274185498555
0 0.776074230670929 0.1385596295197805 0.7874394059181213 0.12228358785311381 0.7988045811653137 0.12452855706214905 0.7983836531639099 0.17055046558380127 0.788281261920929 0.1694279909133911 0.7878603339195251 0.1542744239171346 0.7815463542938232 0.14361081520716348
1 0.7815463542938232 0.06784302989641826 0.7794417142868042 0.05325072010358175 0.7853347659111023 0.04314834872881571 0.7857556939125061 0.033607219656308494 0.799023449420929 0.03199900438388189 0.7988045811653137 0.07401670018831889 0.7899649739265442 0.07177173097928365
1 0.7836509943008423 0.0925377110640208 0.7853347659111023 0.08243534465630849 0.7975417971611023 0.08075161774953206 0.7983836531639099 0.11835488677024841 0.7924906015396118 0.11610991756121318
