0 0.0009765625 0.14314272006352743 0.0009765625 0.13990102211634317 0.0009765625 0.13990102211634317 0.0009765625 0.14530385533968607 0.0009765625 0.1555692454179128 0.0009765625 0.16421377658843994 0.0009765625 0.16691519816716513 0.0009765625 0.16313321391741434 0.0009765625 0.1609720786412557 0.0009765625 0.1598915159702301 0.0009765625 0.15252924958864847
0 0.0009765625 0.11396740873654683 0.0009765625 0.10910486181577046 0.0009765625 0.11018542448679607 0.0009765625 0.11666883031527202 0.0009765625 0.11991052826245625 0.0009765625 0.12369251251220703 0.0009765625 0.12909534573554993 0.0009765625 0.13179676731427512 0.0009765625 0.14098158478736877 0.0009765625 0.14530385533968607 0.0009765625 0.1469247043132782 0.0009765625 0.14638441801071167 0.0009765625 0.13936073581377664 0.0009765625 0.1361190378665924 0.0009765625 0.13179676731427512 0.0009765625 0.13017591834068298 0.0009765625 0.12639393409093222 0.0009765625 0.12369251251220703 0.0009765625 0.12045081456502278
0 0.0009765625 0.15502895911534628 0.0009765625 0.15070668856302896 0.0009765625 0.14746499061584473 0.0009765625 0.1469247043132782 0.007615107577294111 0.14530385533968607 0.016113119199872017 0.14800527691841125 0.022111719474196434 0.1512469748655955 0.026110786944627762 0.15827065706253052 0.025610901415348053 0.16691519816716513 0.020112184807658195 0.1717777450879415 0.010114517994225025 0.1739388902982076 0.0011166210751980543 0.17447916666666666 0.0009765625 0.17123746871948242 0.0009765625 0.17015689611434937 0.0009765625 0.1696166197458903 0.0009765625 0.16313321391741434
0 0.03860786557197571 0.12369251251220703 0.03610844537615776 0.1312564810117086 0.03460879623889923 0.14314272006352743 0.03210937976837158 0.1496261258920034 0.030609730631113052 0.15394839644432068 0.030109845101833344 0.16313321391741434 0.028110310435295105 0.1739388902982076 0.020612072199583054 0.17880143721898398 0.014113584533333778 0.18042228619257608 0.010114517994225025 0.1825834115346273 0.015613232739269733 0.19176824887593588 0.019612299278378487 0.20149334271748862 0.026610663160681725 0.20527533690134683 0.03260926529765129 0.20689618587493896 0.03610844537615776 0.20689618587493896 0.04010751098394394 0.20473504066467285 0.04360668361186981 0.19879192113876343 0.05060504749417305 0.19068767627080283 0.07110025733709335 0.192848801612854 0.07709886878728867 0.18744597832361856 0.0735996812582016 0.18096256256103516 0.06660131365060806 0.1679957707722982 0.061602476984262466 0.15502895911534628 0.05960295349359512 0.14098158478736877 0.055603887885808945 0.1307162046432495 0.054104238748550415 0.12801478306452432 0.04560622572898865 0.12261194984118144
0 0.12558753788471222 0.16367350021998087 0.13308577239513397 0.15394839644432068 0.14108391106128693 0.1496261258920034 0.15108156204223633 0.15178726116816202 0.15758004784584045 0.15394839644432068 0.16607806086540222 0.15719009439150491 0.17107687890529633 0.16043179233868918 0.16607806086540222 0.16421377658843994 0.15408086776733398 0.1625929276148478 0.1440832018852234 0.16691519816716513 0.14158378541469574 0.1761000156402588 0.13658496737480164 0.17718058824539185 0.13158611953258514 0.17447916666666666 0.12608741223812103 0.17123746871948242
0 0.14658261835575104 0.09127550323804219 0.15658028423786163 0.07884897788365682 0.16307877004146576 0.07560727993647258 0.17107687890529633 0.0772281289100647 0.17807526886463165 0.08749351898829143 0.18257421255111694 0.09613805015881856 0.18607337772846222 0.10586315393447876 0.17157678306102753 0.10262145598729451 0.15857981145381927 0.09775889913241069 0.15208134055137634 0.09451720118522644
0 0.16707783937454224 0.06588217616081238 0.17207665741443634 0.05129452049732208 0.175575852394104 0.039408281445503235 0.17657560110092163 0.0350860133767128 0.18307408690452576 0.039408281445503235 0.18657328188419342 0.0399485652645429 0.19307173788547516 0.043730551997820534 0.20256952941417694 0.04913338522116343 0.21456670761108398 0.06101962427298228 0.22356463968753815 0.06696274379889171 0.23406216502189636 0.07128500938415527 0.24206030368804932 0.07452671229839325 0.24955853819847107 0.07776841521263123 0.2605559825897217 0.07992954552173615 0.2665545642375946 0.08209068079789479 0.26855412125587463 0.08911436796188354 0.26305538415908813 0.09829918543497722 0.25455737113952637 0.10370201865832011 0.24555949866771698 0.11018542448679607 0.22956322133541107 0.10154089331626892 0.21906569600105286 0.09883947173754375 0.20806826651096344 0.09829918543497722 0.19707083702087402 0.10046032071113586 0.1905723512172699 0.10262145598729451 0.18707315623760223 0.09451720118522644 0.18157443404197693 0.0858726700146993 0.174576073884964 0.07830869654814403 0.1700771301984787 0.07290586332480113
0 0.14558285474777222 0.1782611608505249 0.15058168768882751 0.17015689611434937 0.15907970070838928 0.16745547453562418 0.16257888078689575 0.1739388902982076 0.16307877004146576 0.18528483311335245 0.16307877004146576 0.19392937421798706 0.16207899153232574 0.20527533690134683 0.1595795750617981 0.2101378838221232 0.15208134055137634 0.2101378838221232 0.1440832018852234 0.21337958176930746 0.13758471608161926 0.21337958176930746 0.14308343827724457 0.1977113684018453 0.14558285474777222 0.1890668272972107
0 0.1605793535709381 0.14638441801071167 0.16807758808135986 0.13828017314275107 0.17607572674751282 0.13828017314275107 0.18407385051250458 0.137199600537618 0.19307173788547516 0.13557875156402588 0.19757068157196045 0.1361190378665924 0.20156978070735931 0.1415218710899353 0.19707083702087402 0.14638441801071167 0.19157209992408752 0.1512469748655955 0.18207430839538574 0.15827065706253052 0.17657560110092163 0.15881094336509705 0.16707783937454224 0.15448867281277975
0 0.25505727529525757 0.14206215739250183 0.257556676864624 0.12477308511734009 0.2615557312965393 0.11288684606552124 0.2670544683933258 0.10640344023704529 0.2720533013343811 0.10100060701370239 0.28455036878585815 0.09667833646138509 0.2875496745109558 0.09829918543497722 0.2910488545894623 0.1107257107893626 0.2915487289428711 0.1231522262096405 0.2910488545894623 0.137199600537618 0.2925485074520111 0.14638441801071167 0.3035459518432617 0.16367350021998087 0.31104418635368347 0.17718058824539185 0.3125438392162323 0.1847445567448934 0.30854475498199463 0.19338909784952799 0.2980472147464752 0.19987249374389648 0.28904932737350464 0.20527533690134683 0.2820509374141693 0.21067816019058228 0.2755524516105652 0.21608100334803262 0.26805421710014343 0.2295880913734436 0.2625555098056793 0.22634639342625937 0.26355525851249695 0.21337958176930746 0.26455503702163696 0.20041277011235556 0.26905399560928345 0.19230852524439493 0.26855412125587463 0.17988200982411703 0.26405516266822815 0.165294349193573 0.2615557312965393 0.15935122966766357 0.2570567727088928 0.15340811014175415 0.2565569281578064 0.1496261258920034
0 0.2364678531885147 0.2865745822588603 0.2386191338300705 0.2679734031359355 0.24184606969356537 0.2540224989255269 0.24776208400726318 0.2423967719078064 0.2585184872150421 0.2423967719078064 0.2633589208126068 0.2586728135744731 0.2649723291397095 0.2639043927192688 0.2585184872150421 0.2726236979166667 0.25582942366600037 0.2801804343859355 0.24883772432804108 0.2848307291666667
0 0.12298768758773804 0.2528599301973979 0.1294415444135666 0.24007161458333334 0.1332062929868698 0.2348400354385376 0.14665178954601288 0.23716517289479574 0.16117295622825623 0.2458844780921936 0.16816462576389313 0.2575102249781291 0.1703159064054489 0.2697172562281291 0.1703159064054489 0.2801804343859355 0.1703159064054489 0.2871558864911397 0.16117295622825623 0.2894810239473979 0.15310564637184143 0.2888997395833333 0.1482652723789215 0.2825055718421936 0.14557616412639618 0.2697172562281291 0.14181141555309296 0.2662295301755269 0.1353575587272644 0.2633231083552043 0.12567679584026337 0.2586728135744731
0 0.06544087827205658 0.2470470666885376 0.07297036796808243 0.24355934063593546 0.08103767782449722 0.2487909197807312 0.08695369958877563 0.2511160771052043 0.0993235856294632 0.2487909197807312 0.10846652835607529 0.2487909197807312 0.11061782389879227 0.2592540979385376 0.11061782389879227 0.2656482458114624 0.10685307532548904 0.2702985405921936 0.09771011024713516 0.2778552770614624 0.08641587942838669 0.2836681604385376 0.07942420989274979 0.2859932978947957 0.07297036796808243 0.2871558864911397 0.06866779178380966 0.2761114239692688 0.06490304321050644 0.2679734031359355 0.06436523050069809 0.2604166666666667
0 0.03209598734974861 0.3202892541885376 0.04607931897044182 0.3028506239255269 0.05038190260529518 0.2918061812718709 0.05791139230132103 0.2854120135307312 0.06866779178380966 0.2877371708552043 0.06812997162342072 0.3092447916666667 0.0622139535844326 0.3226143916447957 0.05683573707938194 0.3313336968421936 0.04984406381845474 0.3359839916229248 0.04070112109184265 0.3354027271270752 0.032633814960718155 0.3313336968421936
0 0.13374410569667816 0.3214518229166667 0.1423492282629013 0.3104073603947957 0.14718961715698242 0.3022693395614624 0.15471909940242767 0.2958751916885376 0.1633242517709732 0.2958751916885376 0.171391561627388 0.2941313187281291 0.17784538865089417 0.2947126030921936 0.1794588714838028 0.30517578125 0.17623193562030792 0.3162202437718709 0.17408064007759094 0.3226143916447957 0.16816462576389313 0.3272646864255269 0.15364347398281097 0.3336588541666667 0.14503833651542664 0.3388904333114624 0.13750885426998138 0.3435407479604085 0.1332062929868698 0.3388904333114624 0.13159281015396118 0.32958984375
0 0.1493409126996994 0.4016694625218709 0.16117295622825623 0.3824869791666667 0.16870245337486267 0.3755115270614624 0.17892104387283325 0.3737676541010539 0.19182875752449036 0.3731863896052043 0.20527425408363342 0.3673735062281291 0.21603065729141235 0.3621419270833333 0.221408873796463 0.3650483687718709 0.22033323347568512 0.3743489583333333 0.21172811090946198 0.3801618417104085 0.19989603757858276 0.3888811270395915 0.1934421956539154 0.3917875687281291 0.18322360515594482 0.3952753146489461 0.17300501465797424 0.3981817166010539 0.16117295622825623 0.4005068937937419 0.15687039494514465 0.4016694625218709
0 0.16708900034427643 0.3609793583552043 0.17085373401641846 0.3423781792322795 0.17408064007759094 0.3348214228947957 0.1853748857975006 0.3290085593859355 0.19075310230255127 0.3319150010744731 0.20419862866401672 0.3423781792322795 0.21065248548984528 0.3447033166885376 0.21871976554393768 0.3487723271052043 0.21818196773529053 0.35400390625 0.2095768004655838 0.3603980541229248 0.19720692932605743 0.3650483687718709 0.1864505410194397 0.3679548104604085 0.17892104387283325 0.3691173791885376 0.16977807879447937 0.3696986436843872 0.16708900034427643 0.3673735062281291
0 0.24722425639629364 0.3691173791885376 0.2515268325805664 0.3603980541229248 0.25905632972717285 0.3528413375218709 0.2655101716518402 0.3516787687937419 0.2725018262863159 0.3586542208989461 0.27519094944000244 0.3662109375 0.27519094944000244 0.3760928312937419 0.2714262008666992 0.3894624312718709 0.26819929480552673 0.4051571687062581 0.2655101716518402 0.4150390625 0.2649723291397095 0.4284086624781291 0.2644345462322235 0.4417782624562581 0.26228323578834534 0.4586356083552043 0.261745423078537 0.4696800708770752 0.2595941722393036 0.4725865125656128 0.25905632972717285 0.4818871021270752 0.24238386750221252 0.4650297562281291 0.2364678531885147 0.4580543041229248 0.24399735033512115 0.4435221354166667 0.2515268325805664 0.4278273979822795 0.2547537386417389 0.4103887478510539 0.25582942366600037 0.3952753146489461 0.25421595573425293 0.3830682833989461
0 0.29293903708457947 0.4737490812937419 0.30100634694099426 0.4644484917322795 0.31122490763664246 0.4574730396270752 0.32036787271499634 0.4493350187937419 0.33004865050315857 0.4429408311843872 0.3397294282913208 0.4406156937281291 0.3445698320865631 0.45166015625 0.3408050835132599 0.4627046187718709 0.3327377438545227 0.4720052083333333 0.3268217444419861 0.4778180917104085 0.3235948383808136 0.4871186812718709 0.32036787271499634 0.4935128291447957 0.31122490763664246 0.4987444082895915 0.3047710955142975 0.4935128291447957 0.3015441596508026 0.4865373770395915 0.2993928790092468 0.4795619249343872
0 0.26604798436164856 0.5498977104822794 0.2725018262863159 0.5417596896489462 0.27519094944000244 0.5295526583989462 0.2746531367301941 0.5156017541885376 0.2768044173717499 0.5045572916666666 0.28110694885253906 0.4964192708333333 0.28702300786972046 0.4929315646489461 0.29509028792381287 0.4958379666010539 0.2988550364971161 0.511532743771871 0.3047710955142975 0.523739775021871 0.31230059266090393 0.538271943728129 0.31337621808052063 0.5469912687937418 0.3058467507362366 0.5568731228510538 0.2983172535896301 0.5644298791885376 0.28917428851127625 0.5655924479166666 0.2805691659450531 0.5638485749562582 0.27411529421806335 0.560360868771871 0.26712363958358765 0.5557105541229248
0 0.30907365679740906 0.5208333333333334 0.31122490763664246 0.5057198603947958 0.31606534123420715 0.5010695854822794 0.3246704638004303 0.4940941333770752 0.3338133990764618 0.4876999457677205 0.3408050835132599 0.4824683666229248 0.35048583149909973 0.4923502604166667 0.35425058007240295 0.4987444082895915 0.35102367401123047 0.5063011646270752 0.3424185514450073 0.5126953125 0.33435121178627014 0.5202520291010538 0.33004865050315857 0.5278087854385376 0.3295108377933502 0.5353655020395914 0.3295108377933502 0.5446660916010538 0.3246704638004303 0.5440848271052042 0.3176787793636322 0.538271943728129 0.3128384053707123 0.5301339228947958
0 0.2025851458311081 0.5830310583114624 0.2176441252231598 0.5807059208552042 0.2224845141172409 0.5783807833989462 0.23377874493598938 0.572567900021871 0.24722425639629364 0.5655924479166666 0.2547537386417389 0.5644298791885376 0.2628210783004761 0.5690801541010538 0.26712363958358765 0.57373046875 0.267661452293396 0.5801246166229248 0.2633589208126068 0.5888439416885376 0.25529158115386963 0.5958193937937418 0.24614861607551575 0.6022135416666666 0.2396947592496872 0.6086076895395914 0.23431658744812012 0.6155831416447958 0.23108963668346405 0.6155831416447958 0.22571146488189697 0.6126766999562582 0.2154928594827652 0.6033761103947958 0.20634989440441132 0.5940755208333334
0 0.26120761036872864 0.5644298791885376 0.26604798436164856 0.5609421332677206 0.2757287919521332 0.5655924479166666 0.2864851653575897 0.5684988896052042 0.2918633818626404 0.5702427625656128 0.29132556915283203 0.5801246166229248 0.28110694885253906 0.5795433521270752 0.27519094944000244 0.5789620478947958 0.2703505754470825 0.572567900021871 0.2665858268737793 0.5667550166447958
0 0.2977794110774994 0.5731491645177206 0.30100634694099426 0.5690801541010538 0.31230059266090393 0.560360868771871 0.3166031241416931 0.5510602792104086 0.3246704638004303 0.550478974978129 0.325746089220047 0.5597795645395914 0.3235948383808136 0.5760556062062582 0.3214435279369354 0.5894252061843872 0.3209057152271271 0.6016322374343872 0.3198300898075104 0.6120954354604086 0.31606534123420715 0.6167457103729248 0.30799800157546997 0.6231398979822794 0.30315762758255005 0.6260462999343872 0.2967037856578827 0.6266276041666666 0.2918633818626404 0.6243024667104086 0.2945525050163269 0.6010509729385376 0.2956281304359436 0.5929129521052042 0.29616594314575195 0.5859375 0.29616594314575195 0.5807059208552042
0 0.12567679584026337 0.687081495920817 0.1412736028432846 0.6789434750874838 0.15095436573028564 0.6777808666229248 0.15955950319766998 0.6841750144958496 0.1633242517709732 0.6882440249125162 0.151492178440094 0.6952195167541504 0.14665178954601288 0.699288527170817 0.14073577523231506 0.7016136646270752 0.1342819333076477 0.6975446542104086 0.13051718473434448 0.6934756437937418
0 0.14503833651542664 0.7074265480041504 0.15471909940242767 0.6998697916666666 0.16117295622825623 0.69580078125 0.1703159064054489 0.6911505063374838 0.17461848258972168 0.7039388020833334 0.17676976323127747 0.7109142144521078 0.16924026608467102 0.7149832248687744 0.16171078383922577 0.7149832248687744 0.16117295622825623 0.7231212457021078 0.15687039494514465 0.7254464626312256 0.15256783366203308 0.7207961082458496 0.14880308508872986 0.7144019603729248
0 0.17515629529953003 0.828915516535441 0.1735428273677826 0.819033702214559 0.17300501465797424 0.8108956813812256 0.17676976323127747 0.8079891999562582 0.18429924547672272 0.8079891999562582 0.1886018067598343 0.8103143374125162 0.19398002326488495 0.8103143374125162 0.19559350609779358 0.8161272207895914 0.19129091501235962 0.8254278500874838 0.1934421956539154 0.8318219979604086 0.19559350609779358 0.8399600187937418 0.19021527469158173 0.8428664207458496 0.18322360515594482 0.8382161458333334 0.1794588714838028 0.833565870920817
0 0.21871976554393768 0.8364722728729248 0.22517362236976624 0.8370535373687744 0.23001399636268616 0.8393787542978922 0.23593002557754517 0.8428664207458496 0.23485438525676727 0.8469354311625162 0.22732488811016083 0.8446102937062582 0.22302235662937164 0.8428664207458496
0 0.37199866771698 0.7748558521270752 0.37038519978523254 0.7638113498687744 0.3709230422973633 0.7550920645395914 0.3746877908706665 0.7469540437062582 0.3816794455051422 0.748116652170817 0.3940493166446686 0.7585798104604086 0.40050315856933594 0.767880360285441 0.3988897204399109 0.7771809895833334 0.39512497186660767 0.7905506292978922 0.3918980360031128 0.7992699146270752 0.3838307559490204 0.7957821687062582 0.3784525394439697 0.7911318937937418 0.37630125880241394 0.7870628833770752 0.3736121356487274 0.78125
0 0.5048404335975647 0.6312779188156128 0.5215128064155579 0.621396025021871 0.5306557416915894 0.6155831416447958 0.5376474261283875 0.6080264250437418 0.540336549282074 0.6033761103947958 0.5408744215965271 0.5923316478729248 0.5451769232749939 0.5807059208552042 0.552168607711792 0.5766369104385376 0.5564711689949036 0.5795433521270752 0.5661519169807434 0.5894252061843872 0.5747570991516113 0.599307099978129 0.5801353454589844 0.6057012478510538 0.5817487239837646 0.6144205729166666 0.5736814141273499 0.6254650354385376 0.5672276020050049 0.635928193728129 0.56400066614151 0.6411597728729248 0.5580846667289734 0.6487165292104086 0.5500173568725586 0.6504603624343872 0.5381852388381958 0.6510416666666666 0.5295801758766174 0.6504603624343872 0.5225884914398193 0.648135224978129 0.5145211815834045 0.6446475187937418 0.5102185606956482 0.6434849500656128 0.506453812122345 0.6376720666885376
0 0.45052048563957214 0.6306966145833334 0.45643654465675354 0.6243024667104086 0.4607390761375427 0.6231398979822794 0.4650416672229767 0.6254650354385376 0.4779493808746338 0.6266276041666666 0.4860166609287262 0.6266276041666666 0.4951596260070801 0.6306966145833334 0.49838653206825256 0.6324404875437418 0.5037647485733032 0.6429036458333334 0.5037647485733032 0.6498790979385376 0.494083970785141 0.6527855396270752 0.48655450344085693 0.6492977937062582 0.4801006317138672 0.6440662145614624 0.4731089472770691 0.6394159396489462 0.4671929180622101 0.6370907624562582 0.45751217007637024 0.6341843207677206
0 0.4919326603412628 0.7120768229166666 0.49247050285339355 0.6981259187062582 0.4989243745803833 0.694638172785441 0.5080673098564148 0.6987071832021078 0.5198993682861328 0.7016136646270752 0.5258154273033142 0.7027761936187744 0.541949987411499 0.7033575375874838 0.5451769232749939 0.7039388020833334 0.5441012382507324 0.7120768229166666 0.5387231111526489 0.7149832248687744 0.5301179885864258 0.7149832248687744 0.5145211815834045 0.7178897062937418 0.5048404335975647 0.719052235285441 0.4973108768463135 0.7231212457021078 0.49031925201416016 0.728934129079183 0.48440319299697876 0.7318406105041504 0.4811762869358063 0.7330031394958496 0.4870922863483429 0.7225399812062582
0 0.3999653458595276 0.6876627604166666 0.40050315856933594 0.6737118562062582 0.4048057496547699 0.6649925708770752 0.4010410010814667 0.6533668041229248 0.40050315856933594 0.64697265625 0.40749484300613403 0.648135224978129 0.417713463306427 0.6545293728510538 0.4236294627189636 0.6632486979166666 0.4290076792240143 0.6742931207021078 0.43169674277305603 0.68359375 0.43223458528518677 0.6934756437937418 0.43169674277305603 0.699288527170817 0.4230916202068329 0.6981259187062582 0.417713463306427 0.694638172785441 0.4085704982280731 0.6917317708333334 0.40534353256225586 0.6905691623687744
0 0.3235948383808136 0.7004510561625162 0.33112430572509766 0.6876627604166666 0.33704033493995667 0.68359375 0.35048583149909973 0.6783621311187744 0.3607044517993927 0.6690615812937418 0.36823391914367676 0.6585983832677206 0.3639313578605652 0.6498790979385376 0.36823391914367676 0.6446475187937418 0.37307432293891907 0.6440662145614624 0.38114163279533386 0.6516229708989462 0.38436853885650635 0.660342256228129 0.38920891284942627 0.6661551396052042 0.3929736614227295 0.672549327214559 0.3929736614227295 0.6806873480478922 0.3918980360031128 0.6882440249125162 0.38813328742980957 0.7004510561625162 0.38651981949806213 0.709170420964559 0.38651981949806213 0.72021484375 0.38221725821495056 0.728934129079183 0.37522557377815247 0.7295154730478922 0.3639313578605652 0.7242838541666666 0.3580153286457062 0.7207961082458496 0.3477967381477356 0.7196335792541504 0.33704033493995667 0.7196335792541504 0.3305864930152893 0.7231212457021078 0.325746089220047 0.7149832248687744 0.3235948383808136 0.7074265480041504
0 0.39028456807136536 0.7242838541666666 0.40050315856933594 0.731259266535441 0.40426790714263916 0.7376534938812256 0.4107217490673065 0.7463727792104086 0.41018396615982056 0.7504417896270752 0.40641921758651733 0.7504417896270752 0.3967384099960327 0.74462890625 0.39136022329330444 0.7399786313374838 0.38544419407844543 0.7353282769521078 0.3859820067882538 0.7283528645833334
0 0.4096461236476898 0.7306780020395914 0.4150243401527405 0.7271902561187744 0.4220159947872162 0.7207961082458496 0.4338480532169342 0.7126580874125162 0.44030192494392395 0.7120768229166666 0.44352883100509644 0.7231212457021078 0.44245317578315735 0.7306780020395914 0.4381506145000458 0.7388160228729248 0.42846983671188354 0.7452101707458496 0.4230916202068329 0.7469540437062582 0.4160999655723572 0.745791514714559 0.41233521699905396 0.7423037687937418 0.41018396615982056 0.7370721499125162
0 0.4467557370662689 0.7452101707458496 0.44836920499801636 0.7364908854166666 0.453747421503067 0.7295154730478922 0.4580499827861786 0.7271902561187744 0.4671929180622101 0.7353282769521078 0.47526025772094727 0.743466297785441 0.47848716378211975 0.7498605251312256 0.4757980704307556 0.760323683420817 0.4801006317138672 0.7707868417104086 0.48547884821891785 0.7789248625437418 0.4849410057067871 0.7888067563374838 0.47526025772094727 0.796944777170817 0.4688064157962799 0.802176316579183 0.4639660120010376 0.8103143374125162 0.459663450717926 0.8132208188374838 0.4521339535713196 0.814383347829183 0.44836920499801636 0.8132208188374838 0.4467557370662689 0.8010137875874838 0.44729357957839966 0.792294422785441 0.4521339535713196 0.7795061270395914 0.4558987021446228 0.767880360285441 0.459663450717926 0.7597423394521078 0.4580499827861786 0.7545108000437418 0.4532095789909363 0.7498605251312256
0 0.5537821054458618 0.7021949291229248 0.5580846667289734 0.6899878978729248 0.5683032274246216 0.6894066333770752 0.5769083499908447 0.6917317708333334 0.575832724571228 0.6812686125437418 0.5699166655540466 0.6771996021270752 0.5623871684074402 0.6719679832458496 0.5570089817047119 0.6644112666447958 0.5564711689949036 0.6597609917322794 0.56400066614151 0.6527855396270752 0.570454478263855 0.6429036458333334 0.5779839754104614 0.6376720666885376 0.5871269106864929 0.6318591833114624 0.5973455905914307 0.6243024667104086 0.6054128408432007 0.62255859375 0.6129423379898071 0.6324404875437418 0.6188583374023438 0.6411597728729248 0.6210096478462219 0.6475539604822794 0.6263878345489502 0.6516229708989462 0.6360686421394348 0.6556919813156128 0.6425225138664246 0.6574358145395914 0.6473628282546997 0.6661551396052042 0.6457493901252747 0.674874464670817 0.6435980796813965 0.680106004079183 0.6317660808563232 0.6830124855041504 0.6097154021263123 0.68359375 0.5973455905914307 0.6882440249125162 0.5887404084205627 0.6975446542104086 0.580673098564148 0.711495558420817 0.5785218477249146 0.716727097829183 0.575832724571228 0.7271902561187744 0.5736814141273499 0.7393972873687744 0.5683032274246216 0.7417225042978922 0.5607737302780151 0.7417225042978922 0.5559333562850952 0.7376534938812256 0.552168607711792 0.7271902561187744 0.5484038591384888 0.7178897062937418 0.5484038591384888 0.7103329499562582
0 0.35237419605255127 0.3422619104385376 0.3569636046886444 0.3286210298538208 0.3649950325489044 0.3228339950243632 0.3833526372909546 0.32655423879623413 0.3978857696056366 0.3348214228947957 0.4128013253211975 0.340195099512736 0.4193029999732971 0.3443287213643392 0.41624340415000916 0.3517691691716512 0.4062996804714203 0.3513558308283488 0.3955910801887512 0.35052911440531415 0.3890894055366516 0.3546626965204875 0.37876325845718384 0.35424935817718506 0.37149670720100403 0.3534226020177205 0.36423012614250183 0.3480489253997803 0.3561986982822418 0.3472222089767456
0 0.3718791604042053 0.3711971044540405 0.3734089434146881 0.3633432388305664 0.37838080525398254 0.3621031840642293 0.3806755244731903 0.3699570099512736 0.3749387860298157 0.37367725372314453
0 0.2881225347518921 0.3240740696589152 0.2953890860080719 0.31911375125249225 0.30686259269714355 0.3215939203898112 0.31259939074516296 0.32076720396677655 0.31604140996932983 0.3158068855603536 0.31451159715652466 0.30588624874750775 0.31604140996932983 0.2996858557065328 0.32636758685112 0.30051257212956745 0.33745864033699036 0.3013392885526021 0.3428129255771637 0.3062996069590251 0.34549009799957275 0.31456679105758667 0.3420480191707611 0.32076720396677655 0.3340165913105011 0.32572752237319946 0.32330799102783203 0.32903438806533813 0.317571222782135 0.3311011989911397 0.311834454536438 0.3298611044883728 0.30609768629074097 0.32696759700775146 0.29959604144096375 0.32696759700775146 0.2938593029975891 0.3286210298538208
0 0.2881225347518921 0.3608630895614624 0.28926992416381836 0.3443287213643392 0.2934768795967102 0.3356481393178304 0.3015083074569702 0.33068782091140747 0.311834454536438 0.3335813681284587 0.31642386317253113 0.33936838308970135 0.32139572501182556 0.34308862686157227 0.3332516849040985 0.34391534328460693 0.3409006595611572 0.3468088706334432 0.34472519159317017 0.35259588559468585 0.3431954085826874 0.36044975121816 0.3416655957698822 0.36871691544850665 0.3359288275241852 0.3765707810719808 0.3282798230648041 0.3811177412668864 0.3179536759853363 0.37863755226135254 0.30762752890586853 0.3757440646489461 0.3018907308578491 0.3732638756434123 0.29194703698158264 0.3699570099512736 0.2877400815486908 0.3649967114130656
0 0.44241994619369507 0.22922585407892862 0.4547409415245056 0.21664891640345255 0.4718533754348755 0.20481179157892862 0.4807519018650055 0.21516927083333334 0.4869123697280884 0.2247869372367859 0.47322240471839905 0.24106297890345255 0.45953240990638733 0.2403231461842855 0.44926491379737854 0.23588422934214273
0 0.4718533754348755 0.2484611670176188 0.4841744005680084 0.2381036877632141 0.4951263964176178 0.22700639565785727 0.4944418668746948 0.2159090836842855 0.5033403038978577 0.20851089557011923 0.5149768590927124 0.21516927083333334 0.5204528570175171 0.2240471045176188 0.5190837979316711 0.23514441649119058 0.5136078596115112 0.2455018957455953 0.5047093629837036 0.2529001037279765 0.49375736713409424 0.2529001037279765 0.48280537128448486 0.2529001037279765 0.47801390290260315 0.2521602710088094
0 0.46774640679359436 0.2884114583333333 0.46843087673187256 0.2706557710965474 0.4711689054965973 0.2625177502632141 0.4800674021244049 0.2676964998245239 0.49375736713409424 0.26325758298238117 0.5033403038978577 0.2654770414034526 0.5136078596115112 0.27953362464904785 0.5211373567581177 0.29359020789464313 0.5183992981910706 0.30246804157892865 0.5088163614273071 0.3098662495613098 0.5026558637619019 0.3113458752632141 0.4951263964176178 0.2995087504386902 0.4855433702468872 0.2906309167544047 0.47869837284088135 0.2884114583333333
0 0.5567312240600586 0.23736387491226196 0.5724747776985168 0.2418027917544047 0.5834267735481262 0.2455018957455953 0.5813732743263245 0.25659918785095215 0.5765817761421204 0.2684363126754761 0.5711057186126709 0.27435487508773804 0.5683677792549133 0.26325758298238117 0.5628917813301086 0.2521602710088094
0 0.5779978036880493 0.27877938747406006 0.5834035873413086 0.2712673544883728 0.5880370736122131 0.2654246886571248 0.5888093709945679 0.25624332825342816 0.5957596898078918 0.24789663155873617 0.6135215163230896 0.25791265567143756 0.6366891860961914 0.27293670177459717 0.6521342992782593 0.2821180621782939 0.6559956073760986 0.2938034137090047 0.639778196811676 0.2988114356994629 0.6227886080741882 0.3046541213989258 0.6104325652122498 0.3196781476338704 0.602709949016571 0.32301682233810425 0.5926706790924072 0.3021501104036967 0.5810868144035339 0.2896300752957662
0 0.3687165677547455 0.16609909137090048 0.389567494392395 0.16442975401878357 0.3980622887611389 0.15190971891085306 0.3980622887611389 0.14022435744603476 0.389567494392395 0.13187767068545023 0.38416171073913574 0.12520032127698263 0.37721142172813416 0.14523236950238547
0 0.26446211338043213 0.2829527258872986 0.29380783438682556 0.2837873895963033 0.30770841240882874 0.2871260643005371 0.30925291776657104 0.2704326907793681 0.3246980309486389 0.26876336336135864 0.3362818658351898 0.26208601395289105 0.3432321548461914 0.24706196784973145 0.34941020607948303 0.2362112800280253 0.3486379384994507 0.21784855922063193 0.3416876494884491 0.220352570215861 0.32547029852867126 0.24121928215026855 0.3146587014198303 0.25373931725819904 0.29921361804008484 0.2670940160751343 0.2853129804134369 0.26959802707036334 0.2768182158470154 0.26959802707036334 0.2683234214782715 0.26959802707036334
0 0.36562758684158325 0.2821180621782939 0.3733501136302948 0.27293670177459717 0.3795281648635864 0.26292067766189575 0.3880229592323303 0.25373931725819904 0.390339732170105 0.24121928215026855 0.38416171073913574 0.2362112800280253 0.37257787585258484 0.24205394585927328 0.3648553192615509 0.2612513303756714
0 0.6243331432342529 0.5533854166666666 0.6351447105407715 0.5400307178497314 0.6374614238739014 0.5266760190327963 0.6544510722160339 0.5191640059153239 0.6722129583358765 0.5124866565068563 0.6791632771492004 0.5024706125259399 0.6953806281089783 0.5116519927978516 0.7000141143798828 0.5300146738688151 0.6984696388244629 0.5433693726857504 0.6745296716690063 0.5467080672581991 0.6621735692024231 0.5600627660751343 0.6451839804649353 0.5659054517745972 0.6312834024429321 0.5650707880655924
0 0.6505898237228394 0.5901108582814535 0.6567679047584534 0.5876068274180094 0.6706684827804565 0.5959535439809164 0.683796763420105 0.596788207689921 0.6984696388244629 0.5926148494084676 0.7069644331932068 0.5876068274180094 0.7185482978820801 0.5884414911270142 0.7316765785217285 0.5809294780095419 0.7424881458282471 0.5834335088729858 0.757161021232605 0.6009615262349447 0.750982940196991 0.6101429065068563 0.7285875678062439 0.6159855922063192 0.7154592275619507 0.6218282779057821 0.6930638551712036 0.6184895833333334 0.6706684827804565 0.6143162250518799 0.6629458665847778 0.6126468976338705 0.6559956073760986 0.6001268625259399
0 0.7378546595573425 0.5567241112391154 0.7540720701217651 0.5517160892486572 0.7656558156013489 0.5391960541407267 0.7741506099700928 0.5316840410232544 0.7749229073524475 0.513321320215861 0.7679726481437683 0.5066439708073934 0.764111340045929 0.49746259053548175 0.7540720701217651 0.5008012851079305 0.7517552375793457 0.5116519927978516 0.7432604432106018 0.521667997042338 0.7401713728904724 0.5408653815587362
0 0.7888234853744507 0.465745210647583 0.8034963607788086 0.4540598392486572 0.8135356903076172 0.4398704767227173 0.829753041267395 0.438201109568278 0.8282085657119751 0.4532251755396525 0.8166247010231018 0.4624065160751343 0.8027241230010986 0.47492655118306476 0.79345703125 0.48577725887298584 0.786506712436676 0.48828125 0.786506712436676 0.48076923688252765
0 0.8382478356361389 0.4348624547322591 0.8506039381027222 0.438201109568278 0.8660489916801453 0.4515558083852132 0.8915334939956665 0.4573984940846761 0.9031172394752502 0.463241179784139 0.8953947424888611 0.44237446784973145 0.8838108777999878 0.42651577790578205 0.8714548349380493 0.41483040650685626 0.8598710298538208 0.39396369457244873 0.8521484136581421 0.4064836899439494 0.8459704518318176 0.4215077559153239
0 0.7587055563926697 0.41149171193440753 0.7587055563926697 0.39897167682647705 0.7710616588592529 0.39897167682647705 0.7834177017211914 0.413161039352417 0.79345703125 0.4323584238688151 0.7880512475967407 0.43653178215026855 0.7702893614768982 0.4281851053237915 0.7617945671081543 0.4223424196243286
0 0.830525279045105 0.5884414911270142 0.830525279045105 0.5800948143005371 0.8428813219070435 0.5692441066106161 0.8475149273872375 0.5575587749481201 0.8475149273872375 0.5467080672581991 0.8529207110404968 0.5475427309672037 0.8614155054092407 0.560897429784139 0.879949688911438 0.5709134737650553 0.8946224451065063 0.577590823173523 0.9193346500396729 0.5784254868825277 0.9293740391731262 0.5901108582814535 0.9224237203598022 0.6093082427978516 0.9085230827331543 0.6293402910232544 0.8876721858978271 0.6393562952677408 0.8506039381027222 0.6468683083852133 0.836703360080719 0.6418603261311849 0.8289807438850403 0.6209935744603475 0.8475149273872375 0.6159855922063192 0.8668212890625 0.6176549196243286 0.8776328563690186 0.608473539352417 0.8791773915290833 0.594284176826477 0.8706825971603394 0.5784254868825277 0.8575541973114014 0.5800948143005371 0.8513762354850769 0.5876068274180094
0 0.0009765625 0.6076388756434122 0.0009765625 0.6009615262349447 0.0009765625 0.6068042119344076 0.0009765625 0.6201589107513428 0.0009765625 0.6418603261311849 0.0009765625 0.6493723392486572 0.0009765625 0.650207002957662 0.0009765625 0.6451989809672037 0.0009765625 0.6318442821502686
0 0.0009765625 0.6593883434931437 0.0009765625 0.6543803612391154 0.0009765625 0.6527109940846761 0.0009765625 0.6468683083852133 0.0009765625 0.6568843523661295 0.0009765625 0.6719083786010742 0.0009765625 0.6794203917185465 0.0009765625 0.6852630774180094 0.0009765625 0.6819244225819906 0.0009765625 0.6769163608551025 0.0009765625 0.6727430820465088
0 0.0009765625 0.6794203917185465 0.0009765625 0.6735777060190836 0.0009765625 0.6677350203196207 0.0009765625 0.6518763303756714 0.0009765625 0.6468683083852133 0.0009765625 0.6618923743565878 0.0009765625 0.6652310291926066 0.015023631043732166 0.6643963654836019 0.009617839939892292 0.6827590465545654 0.0009765625 0.6961137453715006 0.0009765625 0.7044604619344076 0.0009765625 0.6886017322540283 0.0009765625 0.686097780863444
0 0.011162349954247475 0.7411859035491943 0.008073328994214535 0.7303352355957031 0.0073010786436498165 0.7219885190327963 0.019657162949442863 0.7186498641967773 0.03587452694773674 0.7161458333333334 0.041280318051576614 0.7269965012868246 0.041280318051576614 0.7395165761311849 0.0273797158151865 0.7395165761311849
0 0.07294277846813202 0.711137851079305 0.08066534250974655 0.7153111298878988 0.09842721372842789 0.7144765059153239 0.10769427567720413 0.7161458333333334 0.12005036324262619 0.7303352355957031 0.13781224191188812 0.7353432178497314 0.14785155653953552 0.7345085144042969 0.1432180255651474 0.7186498641967773 0.13395094871520996 0.706129789352417 0.1231393814086914 0.6936097939809164 0.113100066781044 0.6794203917185465 0.09919946640729904 0.6652310291926066 0.08684338629245758 0.6643963654836019 0.08607113361358643 0.686097780863444 0.08220984041690826 0.7011218070983887
0 0.09611044824123383 0.6168202559153239 0.11541682481765747 0.6393562952677408 0.1347232162952423 0.6543803612391154 0.1432180255651474 0.6493723392486572 0.1331786960363388 0.6276709238688151 0.1331786960363388 0.608473539352417 0.11696134507656097 0.6059695482254028
0 0.14012901484966278 0.552550752957662 0.13240644335746765 0.5617320934931437 0.13086192309856415 0.5784254868825277 0.13935673236846924 0.5917801856994629 0.1517128199338913 0.6059695482254028 0.1648411750793457 0.6059695482254028 0.17101921141147614 0.5892761945724487 0.16097988188266754 0.5692441066106161 0.15016832947731018 0.5575587749481201
0 0.1965036541223526 0.6493723392486572 0.21272099018096924 0.6393562952677408 0.23125511407852173 0.6351829767227173 0.23897770047187805 0.6351829767227173 0.2513337731361389 0.6485376755396525 0.2652343809604645 0.6602230072021484 0.2714124023914337 0.6652310291926066 0.26368987560272217 0.6744124094645182 0.25056153535842896 0.6802550951639811 0.23125511407852173 0.6827590465545654 0.21735453605651855 0.686097780863444 0.20268169045448303 0.6819244225819906 0.19418686628341675 0.6769163608551025 0.19264236092567444 0.6602230072021484
0 0.2528782784938812 0.7420205275217692 0.2683234214782715 0.7420205275217692 0.27218466997146606 0.7203191916147867 0.2683234214782715 0.7119724750518799 0.25905632972717285 0.7203191916147867
0 0.3459044098854065 0.3696125348409017 0.354190856218338 0.3685791492462158 0.3608837127685547 0.36823467413584393 0.3663017749786377 0.3696125348409017 0.3682140111923218 0.3644455273946126 0.3685327172279358 0.3585896094640096 0.3618398606777191 0.35583388805389404 0.3535534143447876 0.35273369153340656 0.3503663241863251 0.3513558308283488 0.348135381937027 0.3582451343536377
0 0.38510558009147644 0.3606564203898112 0.38988617062568665 0.3568672736485799 0.3991287350654602 0.3551449378331502 0.40773385763168335 0.3551449378331502 0.4137893319129944 0.35721174875895184 0.40996482968330383 0.3689236243565877 0.4064590334892273 0.3789131244023641 0.39753517508506775 0.3827022711435954 0.3866991102695465 0.37856868902842206 0.3860616981983185 0.3699570099512736
0 0.4096461236476898 0.3796020746231079 0.41315191984176636 0.3692680597305298 0.4176138639450073 0.36168980598449707 0.429406076669693 0.3579006989796956 0.43578022718429565 0.35755622386932373 0.43832987546920776 0.36375661691029865 0.43609893321990967 0.379257599512736 0.424625426530838 0.3796020746231079 0.41506415605545044 0.379257599512736
0 0.4392860233783722 0.3816688855489095 0.4523530602455139 0.38545799255371094 0.459683358669281 0.3920028607050578 0.4666949510574341 0.3978587786356608 0.4743439555168152 0.39889220396677655 0.48390519618988037 0.3926918109258016 0.4854987561702728 0.38683585325876874 0.48390519618988037 0.37477954228719074 0.47306913137435913 0.3658234278361003 0.4603208005428314 0.3689236243565877 0.45012208819389343 0.36685681343078613 0.4415169656276703 0.36547895272572833 0.4396047294139862 0.37305720647176105
0 0.46892592310905457 0.4202491044998169 0.47147560119628906 0.4123263756434123 0.4692445993423462 0.40268131097157794 0.4768936336040497 0.40095897515614826 0.4848613440990448 0.3978587786356608 0.49346646666526794 0.39923667907714844 0.49569740891456604 0.4119819402694702 0.499840646982193 0.4243827263514201 0.5011154413223267 0.43023864428202313 0.49378520250320435 0.4319609800974528 0.4845426380634308 0.43299436569213867 0.4753000736236572 0.4319609800974528 0.47083815932273865 0.4261050621668498
0 0.3366618752479553 0.3789131244023641 0.3411237895488739 0.37477954228719074 0.35164114832878113 0.3720238208770752 0.3589714467525482 0.37236825625101727 0.3659830689430237 0.38029102484385174 0.37490689754486084 0.3833912213643392 0.38287460803985596 0.3830467462539673 0.389567494392395 0.38235779603322345 0.39721646904945374 0.38649141788482666 0.4010410010814667 0.3923473358154297 0.4042280912399292 0.40371473630269367 0.4064590334892273 0.40991512934366864 0.40582162141799927 0.4185267686843872 0.39275455474853516 0.4281718333562215 0.38765522837638855 0.4357501268386841 0.3866991102695465 0.44849538803100586 0.3863804042339325 0.4574515024820964 0.3911610543727875 0.4695078134536743 0.3943480849266052 0.4743303457895915 0.3917984366416931 0.47984182834625244 0.38478684425354004 0.4829420248667399 0.37745654582977295 0.4739859104156494 0.37713783979415894 0.46468528111775714 0.3736320734024048 0.4526289701461792 0.36534562706947327 0.44263943036397296 0.35992759466171265 0.4374724229176839 0.35291600227355957 0.4340277910232544 0.34941020607948303 0.4295496940612793 0.3478166460990906 0.41645999749501544 0.34494829177856445 0.40991512934366864 0.33984896540641785 0.40061453978220624 0.33761799335479736 0.39165838559468585 0.33761799335479736 0.3830467462539673
0 0.3717198073863983 0.5029210646947225 0.383512020111084 0.4867311318715413 0.3886113464832306 0.488453467686971 0.39530423283576965 0.48604222138722736 0.40040355920791626 0.4853532711664836 0.4067777395248413 0.4915536642074585 0.40550291538238525 0.5039544900258383 0.40231582522392273 0.5201443831125895 0.40327194333076477 0.5342675447463989 0.3946668207645416 0.534611980120341 0.38765522837638855 0.5328896443049113 0.38223719596862793 0.5311673084894816 0.38032492995262146 0.5222111940383911 0.3761817216873169 0.5118772188822428
0 0.44024214148521423 0.5067102114359537 0.4523530602455139 0.5015432039896647 0.45777109265327454 0.5032655398050944 0.4603208005428314 0.5201443831125895 0.45808982849121094 0.5291005373001099 0.4600020945072174 0.539090077082316 0.4666949510574341 0.5690586566925049 0.46828848123550415 0.5790481567382812 0.4603208005428314 0.5793926318486532 0.45012208819389343 0.5694030920664469 0.4450227618217468 0.5528687238693237 0.4424731135368347 0.5349564552307129 0.44056084752082825 0.5222111940383911 0.44056084752082825 0.5153218507766724
0 0.4695633351802826 0.5666473706563314 0.4819929897785187 0.5563133955001831 0.49123549461364746 0.545634905497233 0.4982471168041229 0.5432236591974894 0.5068522095680237 0.5449459950129191 0.5097206234931946 0.5366787910461426 0.5132263898849487 0.5308228731155396 0.5202379822731018 0.5404679377873739 0.5224689841270447 0.5566578308741251 0.5116328597068787 0.5673363208770752 0.4928290545940399 0.5725032885869344 0.48326781392097473 0.5721588532129923 0.4772123396396637 0.5759479602177938 0.470519483089447 0.5769813855489095 0.470519483089447 0.5718143781026205
0 0.4647826850414276 0.48569774627685547 0.46860721707344055 0.494653860727946 0.47593751549720764 0.4974096218744914 0.4870922863483429 0.48948689301808673 0.49856579303741455 0.48707560698191327 0.5039838552474976 0.4822530746459961 0.5030277371406555 0.4726080099741618 0.5023903250694275 0.4639963706334432 0.5078083872795105 0.4512511094411214 0.5046213269233704 0.4374724229176839 0.4928290545940399 0.43678351243336994 0.4896419942378998 0.43816137313842773 0.48677361011505127 0.44987324873606366 0.4826303720474243 0.45676255226135254 0.47561877965927124 0.46571870644887287 0.46828848123550415 0.47984182834625244
0 0.5106767416000366 0.45538469155629474 0.5224689841270447 0.45710702737172443 0.5278869867324829 0.4574515024820964 0.540316641330719 0.45538469155629474 0.5447785258293152 0.4522844950358073 0.54637211561203 0.45814041296641034 0.546053409576416 0.4667520920435588 0.5384043455123901 0.4736414353052775 0.5234251022338867 0.4829420248667399 0.5231063365936279 0.4960317611694336 0.5250186324119568 0.5025765895843506 0.5205566883087158 0.5063657363255819 0.5164134502410889 0.4943094253540039 0.5122702717781067 0.4846643606821696 0.5074896216392517 0.48156416416168213 0.5049399733543396 0.46847442785898846 0.5068522095680237 0.45951831340789795
0 0.5262934565544128 0.4925870895385742 0.5262934565544128 0.48604222138722736 0.5313928127288818 0.48156416416168213 0.540316641330719 0.47811949253082275 0.54637211561203 0.4791528781255086 0.551152765750885 0.48604222138722736 0.5572081804275513 0.49637619654337567 0.5521088242530823 0.5032655398050944 0.5450972318649292 0.5067102114359537 0.535854697227478 0.505332350730896 0.529480516910553 0.5025765895843506 0.5269308686256409 0.49844300746917725
0 0.5795177817344666 0.5073991219202677 0.5944970846176147 0.5015432039896647 0.604377031326294 0.49052027861277264 0.610113799571991 0.4774305423100789 0.611069917678833 0.4584848880767822 0.6113886833190918 0.44849538803100586 0.6317859888076782 0.4491842985153198 0.6458091735839844 0.44815091292063397 0.6486775875091553 0.4543513059616089 0.6464465856552124 0.46124064922332764 0.6365666389465332 0.46847442785898846 0.6270053386688232 0.4760526816050212 0.621906042098999 0.49052027861277264 0.621906042098999 0.5080880721410116 0.6215872764587402 0.5218667189280192 0.6206311583518982 0.5270337263743082 0.6104325652122498 0.5318562587102255 0.5900352001190186 0.5322007338205973 0.5776054859161377 0.5335785945256551 0.5750558376312256 0.5218667189280192
0 0.5865293741226196 0.5700920422871908 0.5964093208312988 0.5752590497334799 0.605014443397522 0.5742256244023641 0.6238182783126831 0.5676807562510172 0.6206311583518982 0.5601025025049845 0.6142569780349731 0.5501130024592081 0.6040583848953247 0.5497685273488363 0.6037396192550659 0.5576912562052408 0.5938596725463867 0.5607914527257284 0.5890790224075317 0.5676807562510172
0 0.2509292662143707 0.7437031269073486 0.26367759704589844 0.7440476417541504 0.2710078954696655 0.7450810273488363 0.267502099275589 0.7547260920206705 0.2700517773628235 0.7688492139180502 0.26399630308151245 0.7740162213643392 0.2502918243408203 0.7722938855489095 0.24136801064014435 0.7612709204355875 0.247742161154747 0.7547260920206705
0 0.22957579791545868 0.7671268781026205 0.2378622144460678 0.7605820496877035 0.24359895288944244 0.7702270348866781 0.2547537386417389 0.7778053283691406 0.26654595136642456 0.7767719427744547 0.2735575735569 0.769882599512736 0.27642595767974854 0.7643711566925049 0.28694334626197815 0.7657489776611328 0.2958671450614929 0.7705715497334799 0.30160394310951233 0.775049606959025 0.30447229743003845 0.7967510223388672 0.30989035964012146 0.8119075298309326 0.313077449798584 0.820519208908081 0.31212130188941956 0.8274084726969401 0.313077449798584 0.8315420945485433 0.3000103831291199 0.8277529875437418 0.2878994643688202 0.8191413084665934 0.27419498562812805 0.8112185796101888 0.2608092129230499 0.8001956939697266 0.24901700019836426 0.7915840148925781 0.23626866936683655 0.78125 0.23403772711753845 0.7764275074005127
0 0.30319744348526 0.8404982089996338 0.31212130188941956 0.8398093382517496 0.3184954822063446 0.8408427238464355 0.32200127840042114 0.8449762662251791 0.31212130188941956 0.849454402923584 0.30479100346565247 0.8528989950815836 0.303516149520874 0.849454402923584
0 0.30415359139442444 0.7736717065175375 0.313396155834198 0.7681602636973063 0.3210451304912567 0.7678158283233643 0.32741931080818176 0.7757385571797689 0.33251863718032837 0.7857280572255453 0.3357057273387909 0.7960620721181234 0.32486966252326965 0.8022624651590983 0.31148388981819153 0.8081184228261312 0.30989035964012146 0.7995067437489828 0.3054284155368805 0.7888282934824625 0.30415359139442444 0.7822833855946859
0 0.31403353810310364 0.8115630149841309 0.32423222064971924 0.8067405223846436 0.33251863718032837 0.8115630149841309 0.343354731798172 0.8143188158671061 0.354190856218338 0.8139743010203043 0.3666204512119293 0.8115630149841309 0.37968748807907104 0.8132853507995605 0.3866991102695465 0.8177634874979655 0.3991287350654602 0.8325754801432291 0.40773385763168335 0.8432539304097494 0.4112396538257599 0.8463541666666666 0.40231582522392273 0.8477320671081543 0.38733652234077454 0.8446318308512369 0.3768191337585449 0.8425650596618652 0.3637520670890808 0.8449762662251791 0.3513224720954895 0.8435984452565511 0.343354731798172 0.8401537736256918 0.3312438130378723 0.8367091019948324 0.3159458041191101 0.8353312015533447 0.31722062826156616 0.8287863731384277
0 0.4313182830810547 0.8491098880767822 0.4396047294139862 0.8346423308054606 0.4491659700870514 0.8194857438405355 0.45554015040397644 0.8170745372772217 0.4651013910770416 0.8167300224304199 0.47338783740997314 0.8277529875437418 0.48326781392097473 0.8415316740671793 0.48836711049079895 0.8518656094868978 0.47561877965927124 0.8535879453023275 0.4673323929309845 0.8570326169331869 0.46573883295059204 0.8659887313842773 0.46095821261405945 0.8752893606821696 0.4494847059249878 0.8873457113901774 0.44087958335876465 0.8914792537689209 0.4370550513267517 0.8780450820922852 0.43323054909706116 0.8666776816050211
0 0.4542653262615204 0.8928571542104086 0.4746626913547516 0.8959573109944662 0.48677361011505127 0.8942349751790365 0.4870922863483429 0.8852788607279459 0.49633485078811646 0.8711557388305664 0.499840646982193 0.8632330099741617 0.4896419942378998 0.8584105173746744 0.4851800799369812 0.8573771317799886 0.4772123396396637 0.8566881815592448 0.4724316895008087 0.8590993881225586 0.46892592310905457 0.862544059753418 0.4670136570930481 0.8715002536773682 0.46350786089897156 0.8777006467183431 0.459683358669281 0.8832120895385742 0.4523530602455139 0.8880345821380615
0 0.49346646666526794 0.9262704054514567 0.5017529129981995 0.9128362337748209 0.5090832114219666 0.9104249477386475 0.5154573917388916 0.908358097076416 0.5240625143051147 0.9052579402923584 0.5282057523727417 0.9031911691029867 0.534579873085022 0.9038800398508707 0.5428663492202759 0.9166253407796224 0.5473282337188721 0.9290261268615723 0.5546585321426392 0.9393601417541504 0.5642197728157043 0.948660691579183 0.5712314248085022 0.958650271097819 0.5721874833106995 0.9645061492919922 0.5674068927764893 0.9682953357696533 0.5540210604667664 0.9624393781026205 0.5428663492202759 0.9552055994669596 0.5329863429069519 0.9517609278361002 0.5205566883087158 0.9517609278361002 0.5058960914611816 0.9438381989796957 0.49888449907302856 0.9345375696818033
2 0.5817487239837646 0.9796627362569174 0.5852545499801636 0.9779404004414877 0.5874854922294617 0.9800071716308594 0.5842984318733215 0.9820739428202311
0 0.48677361011505127 0.9517609278361002 0.49697229266166687 0.9583057562510172 0.5033464431762695 0.9693287213643392 0.5116328597068787 0.9837962786356608 0.528843104839325 0.9889632860819498 0.5441411137580872 0.9875854651133219 0.5559333562850952 0.988274335861206 0.5556222796440125 0.9986979166666666 0.5313928127288818 0.9986979166666666 0.5017529129981995 0.9982639153798422 0.4768936336040497 0.9972304503122965 0.45617756247520447 0.9975749651590983 0.4564962685108185 0.9941302935282389 0.47083815932273865 0.9927523930867513 0.48677361011505127 0.9906856218973795 0.4925103783607483 0.9886188507080078 0.4918729364871979 0.9810405572255453 0.48581746220588684 0.9738067785898844 0.4877297282218933 0.964850664138794 0.4870922863483429 0.9583057562510172
0 0.545415997505188 0.8274084726969401 0.5492404103279114 0.8236193656921387 0.5588017106056213 0.826719601949056 0.5683630108833313 0.8239638805389404 0.5779242515563965 0.8046737511952718 0.5881229043006897 0.8167300224304199 0.6046957969665527 0.8336089452107748 0.5951344966888428 0.8446318308512369 0.5970467329025269 0.8546213308970133 0.6085202693939209 0.8694334030151367 0.615531861782074 0.8756337960561117 0.6037396192550659 0.8890680472056071 0.5967280864715576 0.8928571542104086 0.5855732560157776 0.8880345821380615 0.5801551938056946 0.8728780746459961 0.5785617232322693 0.8628885746002197 0.5616701245307922 0.8615106741587321 0.551790177822113 0.8470431168874105 0.5457346439361572 0.8353312015533447
0 0.29650458693504333 0.9620949427286783 0.30479100346565247 0.9410824775695801 0.3111651837825775 0.91972549756368 0.3149896562099457 0.9152474403381348 0.3258257806301117 0.9159363905588785 0.3328373432159424 0.91972549756368 0.34431084990501404 0.9293705622355143 0.35514694452285767 0.9276482264200846 0.3691701591014862 0.9214478333791097 0.3758630156517029 0.9269593556722006 0.38000622391700745 0.9369488557179769 0.384468138217926 0.9548610846201578 0.38797393441200256 0.9617504278818766 0.38287460803985596 0.9710510571797689 0.3793688118457794 0.9727733929951986 0.3685327172279358 0.9693287213643392 0.36024630069732666 0.963817278544108 0.35514694452285767 0.9655395348866781 0.35705921053886414 0.9734622637430826 0.3564217984676361 0.9806961218516032 0.3532346785068512 0.988274335861206 0.3337934911251068 0.9796627362569174 0.32263869047164917 0.9817295074462891 0.3105277419090271 0.982762893040975 0.30160394310951233 0.9765625
0 0.38255587220191956 0.9755291144053141 0.38797393441200256 0.9672618707021078 0.3946668207645416 0.9734622637430826 0.40327194333076477 0.9844852288564047 0.4096461236476898 0.9910300572713217 0.4042280912399292 0.9958526293436686 0.3984913229942322 0.9965415795644125 0.3914797306060791 0.9889632860819498 0.3860616981983185 0.9834518432617188
0 0.40518420934677124 0.9982639153798422 0.4118770658969879 0.9934413433074951 0.419526070356369 0.9906856218973795 0.4268563687801361 0.989307721455892 0.4306212067604065 0.9986979166666666 0.4211196303367615 0.9986979166666666 0.40996482968330383 0.9982639153798422
0 0.2349938303232193 0.9982639153798422 0.23849961161613464 0.9899966716766357 0.247742161154747 0.9775958855946859 0.2547537386417389 0.9782848358154297 0.26463374495506287 0.994474728902181 0.268139511346817 0.9982639153798422 0.25379762053489685 0.9975749651590983 0.2451925128698349 0.9975749651590983
0 0.0009765625 0.908013661702474 0.0009765625 0.9093915621439616 0.0009765625 0.9169697761535645 0.0009765625 0.9335041840871176 0.0009765625 0.9403935273488363 0.0009765625 0.9407379627227783 0.0009765625 0.9431492487589518 0.0009765625 0.9262704054514567 0.0009765625 0.9183476765950521
0 0.0009765625 0.9445271492004395 0.0009765625 0.937293291091919 0.0009765625 0.9248925050099691 0.0009765625 0.9207589626312256 0.0009765625 0.9231701691945394 0.0009765625 0.924548069636027 0.0009765625 0.9279927412668864 0.0009765625 0.9386711915334066 0.0009765625 0.953827699025472 0.0009765625 0.9627838134765625 0.0009765625 0.9665729999542236 0.0009765625 0.9627838134765625 0.0009765625 0.9569279352823893 0.0009765625 0.9496940771738688
0 0.0009765625 0.9986083507537842 0.0009765625 0.9910300572713217 0.0009765625 0.9872409502665201 0.0009765625 0.9817295074462891 0.0009765625 0.9748401641845703 0.0009765625 0.9645061492919922 0.004248831886798143 0.9607170422871908 0.012216542847454548 0.9686397711435953 0.014766210690140724 0.9758735497792562 0.01253525074571371 0.9841407934824625 0.0009765625 0.9903411865234375 0.0009765625 0.9961970647176107 0.0009765625 0.9986979166666666 0.0009765625 0.9982639153798422 0.0009765625 0.9975749651590983 0.0009765625 0.9979194005330404
0 0.02655842900276184 0.9738067785898844 0.04217514395713806 0.964850664138794 0.04854932799935341 0.9603726069132487 0.050780288875103 0.9503830273946127 0.06066024303436279 0.9428048133850098 0.06703440845012665 0.9410824775695801 0.07181504368782043 0.9493496417999268 0.07563955336809158 0.9589947064717611 0.07914534211158752 0.964850664138794 0.10304847359657288 0.9641617139180502 0.10719169676303864 0.9641617139180502 0.10687298327684402 0.9689842065175375 0.10272978246212006 0.9755291144053141 0.08934401720762253 0.9765625 0.07691438496112823 0.9772514502207438 0.06575957685709 0.9817295074462891 0.04791189357638359 0.982762893040975 0.03548227250576019 0.9858631292978922 0.024327468127012253 0.9817295074462891 0.02400876022875309 0.976906935373942
0 0.0009765625 0.8487654527028402 0.0009765625 0.8370535373687744 0.0009765625 0.8449762662251791 0.0009765625 0.8542768955230713 0.0009765625 0.867711067199707 0.0009765625 0.8735670248667399 0.0009765625 0.8814897537231445 0.0009765625 0.8749448458353678 0.0009765625 0.8601328531901041
0 0.0009765625 0.849798838297526 0.0009765625 0.8473875522613525 0.0009765625 0.8460097312927246 0.0009765625 0.8425650596618652 0.0009765625 0.8411871592203776 0.0009765625 0.8425650596618652 0.0009765625 0.8487654527028402 0.0009765625 0.8649553457895914 0.006161085329949856 0.8763227462768555 0.005204953718930483 0.8818341890970866 0.0009765625 0.8825231393178304 0.0009765625 0.8742559750874838 0.0009765625 0.8718446890513102 0.0009765625 0.8725336392720541 0.0009765625 0.8752893606821696 0.0009765625 0.8756337960561117 0.0009765625 0.8766671816507975 0.0009765625 0.8690889676411947 0.0009765625 0.867711067199707 0.0009765625 0.8566881815592448
0 0.0009765625 0.7943397363026937 0.0009765625 0.7826279004414877 0.0009765625 0.7802166144053141 0.0009765625 0.7843502362569174 0.0009765625 0.7964065074920654 0.0009765625 0.7974398930867513
0 0.0009765625 0.8012290795644125 0.0009765625 0.7912395000457764 0.0009765625 0.7853836218516032 0.0009765625 0.7822833855946859 0.0009765625 0.7791832288106283 0.0009765625 0.7733272711435953 0.0009765625 0.7778053283691406 0.007435914594680071 0.7850391070048014 0.0009765625 0.792617400487264 0.0009765625 0.8032958507537842 0.0009765625 0.8174189726511637 0.0009765625 0.8263750871022543 0.0009765625 0.8377424875895182 0.0009765625 0.8353312015533447 0.0009765625 0.8367091019948324 0.0009765625 0.8291308085123698 0.0009765625 0.8177634874979655 0.0009765625 0.809151808420817
0 0.03133905678987503 0.8046737511952718 0.03293260186910629 0.7981288433074951 0.03866935521364212 0.7950286865234375 0.04631836712360382 0.7977844079335531 0.052692532539367676 0.8115630149841309 0.05811058357357979 0.8277529875437418 0.06129765883088112 0.8384314378102621 0.06257248669862747 0.8522101243336996 0.06448475271463394 0.8635775248209635 0.06894667446613312 0.8732225894927979 0.07054021954536438 0.8835565249125162 0.06799054145812988 0.8921682039896647 0.060341544449329376 0.8935461044311523 0.053329948335886 0.8887235323588053 0.04791189357638359 0.8752893606821696 0.051098987460136414 0.8470431168874105 0.045043520629405975 0.8301642735799154 0.03643839433789253 0.8181079228719076
0 0.01189783588051796 0.7450810273488363 0.03165776655077934 0.7416363557179769 0.04121902957558632 0.7430142561594645 0.0405815988779068 0.7530037562052408 0.03898807242512703 0.7612709204355875 0.02878938987851143 0.7740162213643392 0.026877136901021004 0.7798720995585123 0.021140385419130325 0.774705171585083 0.015403625555336475 0.7602375348409017 0.01253525074571371 0.7530037562052408
0 0.0009765625 0.2993413805961609 0.0009765625 0.30140817165374756 0.0009765625 0.3117421666781108 0.0009765625 0.32310956716537476 0.0009765625 0.3299988905588786 0.0009765625 0.35617836316426593 0.0009765625 0.3720238208770752 0.0009765625 0.38235779603322345 0.0009765625 0.39716986815134686 0.0009765625 0.3689236243565877 0.0009765625 0.3317212263743083 0.0009765625 0.31553131341934204
0 0.0009765625 0.2914186517397563 0.0009765625 0.2790178656578064 0.0009765625 0.27660659948984784 0.0009765625 0.2793623208999634 0.0009765625 0.28280699253082275 0.0009765625 0.29072972138722736 0.0009765625 0.2979635198911031 0.0009765625 0.2996858557065328 0.0009765625 0.2962411840756734 0.0009765625 0.2945188482602437
0 0.0009765625 0.2790178656578064 0.0009765625 0.26248345772425336 0.0009765625 0.2676504651705424 0.00679849972948432 0.2790178656578064 0.016041049733757973 0.2941743731498718 0.019865546375513077 0.3010637164115906 0.01094171404838562 0.3086419701576233 0.0009765625 0.3131200472513835 0.0009765625 0.31346450249354046 0.0009765625 0.30416391293207806 0.0009765625 0.2972745895385742 0.0009765625 0.2958967089653015 0.0009765625 0.28590718905131024
0 0.0009765625 0.19841269652048746 0.0009765625 0.18084490299224854 0.0009765625 0.1860119104385376 0.0009765625 0.20220182339350382 0.0009765625 0.22355874379475912 0.0009765625 0.23423721392949423 0.0009765625 0.24388227860132852 0.0009765625 0.2559386094411214 0.0009765625 0.25214946269989014 0.0009765625 0.24904926617940268 0.0009765625 0.23595954974492392 0.0009765625 0.21804728110631308 0.0009765625 0.20771328608194986
0 0.0009765625 0.0013778659825523694 0.0009765625 0.0013020833333333333 0.0009765625 0.006544863184293111 0.0009765625 0.014467592040697733 0.0009765625 0.0134341927866141 0.0009765625 0.008267195895314217
0 0.0009765625 0.0013020833333333333 0.0009765625 0.00930059514939785 0.0009765625 0.016534391790628433 0.0009765625 0.027557318409283955 0.0009765625 0.02927965174118678 0.0009765625 0.025490519901116688 0.0009765625 0.010678461442391077 0.0009765625 0.0013020833333333333 0.0009765625 0.0013020833333333333 0.0009765625 0.0013020833333333333
0 0.21395905315876007 0.0055114639302094775 0.23435640335083008 0.0013778659825523694 0.2506105303764343 0.0013020833333333333 0.2598530948162079 0.0013778659825523694 0.2659085690975189 0.008267195895314217 0.27132660150527954 0.008956128731369972 0.2748323976993561 0.002411265391856432 0.2878994643688202 0.0013020833333333333 0.2974607050418854 0.0013778659825523694 0.3012852072715759 0.002066798973828554 0.3060658574104309 0.011022927860418955 0.31212130188941956 0.014467592040697733 0.31658321619033813 0.022390320897102356 0.3127587139606476 0.03995811194181442 0.30638453364372253 0.055459106961886086 0.29395490884780884 0.06441523134708405 0.2878994643688202 0.07061562935511272 0.28152528405189514 0.0620039701461792 0.2777007818222046 0.049947639306386314 0.25921565294265747 0.0434027761220932 0.2509292662143707 0.0320353830854098 0.2378622144460678 0.026523920396963756 0.2247951626777649 0.026179452737172444 0.21109068393707275 0.022390320897102356 0.2101345658302307 0.015156526118516922 0.21140940487384796 0.008267195895314217
0 0.3038348853588104 0.002066798973828554 0.3105277419090271 0.0072337960203488665 0.3159458041191101 0.008267195895314217 0.31403353810310364 0.0017223324005802472 0.30702197551727295 0.0013020833333333333
0 0.3178580403327942 0.0013020833333333333 0.3229573965072632 0.010678461442391077 0.33188122510910034 0.017567791044712067 0.3366618752479553 0.025834987560908 0.3366618752479553 0.0434027761220932 0.3388928174972534 0.04788084328174591 0.3455857038497925 0.04891424377759298 0.3487727642059326 0.053392305970191956 0.3532346785068512 0.04581404229005178 0.3567405045032501 0.035480047265688576 0.36311468482017517 0.0268683855732282 0.36534562706947327 0.018256723880767822 0.3535534143447876 0.0186011902987957 0.3439921736717224 0.014467592040697733 0.34431084990501404 0.002066798973828554 0.33251863718032837 0.0013020833333333333 0.32200127840042114 0.0013020833333333333
0 0.3213638365268707 0.05855930348237356 0.343036025762558 0.06441523134708405 0.3487727642059326 0.06510416666666667 0.3462231159210205 0.0568369726339976 0.34207990765571594 0.05029210944970449 0.3302876949310303 0.05304784079392751 0.3251883387565613 0.055803572138150535
0 0.3685327172279358 0.019290123134851456 0.3758630156517029 0.021012455224990845 0.3758630156517029 0.03685791542132696 0.378412663936615 0.0485697736342748 0.36502692103385925 0.05270337065060934 0.35737794637680054 0.06131503482659658 0.3535534143447876 0.05304784079392751 0.36024630069732666 0.03961364676554998 0.3637520670890808 0.03134645024935404
0 0.3462231159210205 0.0013020833333333333 0.3478166460990906 0.0134341927866141 0.3615211248397827 0.014467592040697733 0.37012627720832825 0.0155009925365448 0.3745881915092468 0.015156526118516922 0.37777528166770935 0.007578263059258461 0.37713783979415894 0.0027557319651047387 0.3640708029270172 0.002411265391856432 0.354509562253952 0.0017223324005802472
0 0.0009765625 0.3799465497334798 0.0026552858762443066 0.3771907885869344 0.022415215149521828 0.3720238208770752 0.03707580640912056 0.36685681343078613 0.04281255975365639 0.36651233832041424 0.04217514395713806 0.37753526369730633 0.03866935521364212 0.3909694751103719 0.03452613949775696 0.3954475323359172 0.018590718507766724 0.3954475323359172 0.007117207162082195 0.3985477288564046 0.0009765625 0.40543707211812335 0.0009765625 0.4123263756434123 0.0009765625 0.40819279352823895 0.0009765625 0.3978587786356608 0.0009765625 0.3892471392949422
0 0.041537728160619736 0.4013034502665202 0.04854932799935341 0.38373565673828125 0.0558796226978302 0.37305720647176105 0.06257248669862747 0.367890199025472 0.07468342036008835 0.3692680597305298 0.07308987528085709 0.38029102484385174 0.06799054145812988 0.4016479253768921 0.06671570986509323 0.42679397265116376 0.0708589181303978 0.43816137313842773 0.05364866554737091 0.4357501268386841 0.04440610483288765 0.4298941691716512 0.04217514395713806 0.4126708507537842
0 0.07277117669582367 0.42679397265116376 0.08998142927885056 0.4323054552078247 0.10719169676303864 0.4402281840642293 0.12217099219560623 0.44436176617940265 0.136512890458107 0.4522844950358073 0.14575542509555817 0.4584848880767822 0.14001867175102234 0.4708856741587321 0.13683158159255981 0.4729524850845337 0.1266329139471054 0.46261850992838544 0.11675295978784561 0.4584848880767822 0.10846652835607529 0.44987324873606366 0.09826786071062088 0.44849538803100586 0.08966273069381714 0.44883982340494794 0.07818920910358429 0.44573962688446045 0.07500214129686356 0.44057265917460126 0.0734085962176323 0.4336833159128825
0 0.0009765625 0.4943094253540039 0.0009765625 0.5039544900258383 0.0009765625 0.5142884651819865 0.0009765625 0.5246224800745646 0.0009765625 0.5315117835998535 0.0009765625 0.5439125696818033 0.0009765625 0.5477017164230347 0.0009765625 0.5211778084437052 0.0009765625 0.5091214577356974
0 0.0009765625 0.511188268661499 0.0009765625 0.5025765895843506 0.0009765625 0.5011987288792928 0.0009765625 0.494653860727946 0.0009765625 0.48121968905131024 0.0009765625 0.47811949253082275 0.0009765625 0.47949735323588055 0.0009765625 0.48121968905131024 0.0009765625 0.49809853235880536 0.0009765625 0.5104993581771851 0.0009765625 0.517044186592102 0.0009765625 0.5242780049641927 0.0009765625 0.5287560621897379 0.0009765625 0.5291005373001099 0.0009765625 0.523244579633077
0 0.0009765625 0.51669975121816 0.0009765625 0.4974096218744914 0.0009765625 0.48121968905131024 0.0009765625 0.47674163182576496 0.0009765625 0.46778547763824463 0.0009765625 0.465374231338501 0.0026552858762443066 0.46640761693318683 0.002973993308842182 0.4788084030151367 0.0009765625 0.4898313681284587 0.0009765625 0.49637619654337567 0.0009765625 0.5056768258412679 0.0009765625 0.5125661293665568 0.0009765625 0.5249669154485067 0.0009765625 0.5308228731155396 0.0009765625 0.5308228731155396 0.0009765625 0.5349564552307129 0.0009765625 0.5418457984924316 0.0009765625 0.5490795771280924 0.0009765625 0.5490795771280924 0.0009765625 0.5442570447921753 0.0009765625 0.533923069636027 0.0009765625 0.5249669154485067
0 0.0009765625 0.4994763930638631 0.0010617399821057916 0.4960317611694336 0.014447503723204136 0.4994763930638631 0.03229517862200737 0.4974096218744914 0.049186743795871735 0.49878748257954914 0.0609789602458477 0.5001653432846069 0.06384733319282532 0.5070546865463257 0.053329948335886 0.5073991219202677 0.033251311630010605 0.5080880721410116 0.01763458549976349 0.5118772188822428 0.008073328994214535 0.5156663258870443 0.003930124454200268 0.5163552761077881 0.0009765625 0.5084325472513834
0 0.0009765625 0.6045386791229248 0.0009765625 0.6100501616795858 0.0009765625 0.6103946367899576 0.0009765625 0.6169394652048746 0.0009765625 0.6283068656921387 0.0009765625 0.6376074552536011 0.0009765625 0.6503527164459229 0.0009765625 0.654486338297526 0.0009765625 0.6575865348180135 0.0009765625 0.654486338297526 0.0009765625 0.6400187412897745 0.0009765625 0.6234843333562216 0.0009765625 0.6128058830897013 0.0009765625 0.608672300974528
0 0.0009765625 0.5766369104385376 0.0009765625 0.5714699029922485 0.0009765625 0.5769813855489095 0.0009765625 0.5811149676640829 0.0009765625 0.5807704925537109 0.0009765625 0.5790481567382812 0.0077546220272779465 0.5680252313613892 0.011579127982258797 0.5783592462539673 0.02273392304778099 0.5824928283691406 0.027195842936635017 0.580426017443339 0.03580097854137421 0.5897266467412313 0.03643839433789253 0.5966159502665201 0.02655842900276184 0.5993717114130656 0.01572234183549881 0.6066054900487264 0.008710753172636032 0.6176284154256185 0.0016991638112813234 0.620039701461792 0.0009765625 0.620384136835734 0.0009765625 0.6245177586873373 0.0009765625 0.6334738731384277 0.0009765625 0.6420855522155762 0.0009765625 0.6451857487360636 0.0009765625 0.6475969950358073 0.0009765625 0.6365740696589152 0.0009765625 0.6165950298309326 0.0009765625 0.6024719079335531 0.0009765625 0.5945491790771484 0.0009765625 0.5873153607050577
0 0.07946404069662094 0.8012290795644125 0.08328855037689209 0.792961835861206 0.08647564053535461 0.7798720995585123 0.0985865592956543 0.7798720995585123 0.09635559469461441 0.7888282934824625 0.10655428469181061 0.7943397363026937 0.11866520345211029 0.8077739079793295 0.10655428469181061 0.8256862163543701 0.09508076310157776 0.8387758731842041 0.09125626087188721 0.8243083159128824 0.08615692704916 0.8139743010203043 0.08137630671262741 0.8077739079793295
0 0.0708589181303978 0.8684000174204508 0.08328855037689209 0.8553102811177572 0.09093756228685379 0.8501432736714681 0.09539948403835297 0.8429094950358073 0.10177364945411682 0.8356757164001465 0.11484069377183914 0.8177634874979655 0.12121488153934479 0.8129409154256185 0.12950128316879272 0.8174189726511637 0.12727032601833344 0.8222415447235107 0.12121488153934479 0.8305087089538574 0.1138845831155777 0.8404982089996338 0.10400460660457611 0.8549658457438151 0.10336719453334808 0.867711067199707 0.10177364945411682 0.8711557388305664 0.09476206451654434 0.8715002536773682 0.08456339687108994 0.8742559750874838 0.07404600828886032 0.8821787039438883 0.07245246320962906 0.8766671816507975
0 0.0609789602458477 0.8976796468098959 0.0660782977938652 0.9066358407338461 0.07436470687389374 0.9087026119232178 0.08615692704916 0.9111138979593912 0.09476206451654434 0.9128362337748209 0.096036896109581 0.9028466542561849 0.10081751644611359 0.8942349751790365 0.10081751644611359 0.8845899105072021 0.0985865592956543 0.8756337960561117 0.09093756228685379 0.8766671816507975 0.07787051051855087 0.8814897537231445 0.07277117669582367 0.8856233755747477 0.07213374227285385 0.8928571542104086 0.06671570986509323 0.89664626121521
0 0.09731172770261765 0.9152474403381348 0.10018010437488556 0.9035356044769287 0.10209236294031143 0.9004353682200114 0.10974135994911194 0.9087026119232178 0.11739037185907364 0.9224812984466553 0.12121488153934479 0.9279927412668864 0.11515941470861435 0.9400490125020345 0.10782911628484726 0.9483162562052408 0.09986140578985214 0.9500385920206705 0.09444335103034973 0.9448715845743815 0.09221239387989044 0.9348820845286051 0.09476206451654434 0.924548069636027
0 0.12121488153934479 0.9514164129892985 0.12854517996311188 0.9335041840871176 0.1393812596797943 0.9269593556722006 0.14766769111156464 0.931092898050944 0.1594599038362503 0.9390156269073486 0.15244831144809723 0.948660691579183 0.14001867175102234 0.9617504278818766 0.1314135491847992 0.9734622637430826 0.12758904695510864 0.9748401641845703 0.12503936886787415 0.9672618707021078 0.12344583868980408 0.958650271097819
0 0.14224964380264282 0.9228257338205973 0.14862380921840668 0.9135251045227051 0.1543605774641037 0.9104249477386475 0.16551536321640015 0.9135251045227051 0.17571403086185455 0.9207589626312256 0.18113207817077637 0.9269593556722006 0.18272562325000763 0.9335041840871176 0.17858241498470306 0.9438381989796957 0.16774632036685944 0.9379822413126627 0.16264697909355164 0.9338486194610596 0.14989864826202393 0.9283371766408285
0 0.15340444445610046 0.9038800398508707 0.16296570003032684 0.8873457113901774 0.17061468958854675 0.9007798830668131 0.18081338703632355 0.9076692263285319 0.19101205468177795 0.9107693831125895 0.19419914484024048 0.9180031617482504 0.18368175625801086 0.9173142910003662 0.1645592451095581 0.9097359975179037 0.15754763782024384 0.9076692263285319
0 0.0009765625 0.8783895174662272 0.0009765625 0.8777006467183431 0.0009765625 0.8818341890970866 0.0009765625 0.8938905398050944 0.0009765625 0.9035356044769287 0.0009765625 0.9007798830668131 0.0009765625 0.8945794900258383 0.0009765625 0.8870011965433756
0 0.0009765625 0.41802672545115155 0.0009765625 0.42224399248758954 0.0009765625 0.4348958333333333 0.0009765625 0.4449118773142497 0.0009765625 0.45176494121551514 0.0009765625 0.43436868985493976
0 0.439695805311203 0.07484606901804607 0.4372571110725403 0.06799300014972687 0.44896286725997925 0.06272140642007192 0.464570552110672 0.0548140158255895 0.4723743796348572 0.03952640046676 0.48066598176956177 0.03425480673710505 0.4913962781429291 0.04216219484806061 0.4923717677593231 0.05639549593130747 0.48603111505508423 0.06377572317918141 0.4831046760082245 0.08169913788636525 0.477739542722702 0.10489415129025777 0.45920541882514954 0.11860028902689616 0.44701191782951355 0.10805710156758626 0.44506093859672546 0.10120402773221333 0.4440854489803314 0.08802505334218343
0 0.4416467547416687 0.1486483613650004 0.4704234302043915 0.1454854110876719 0.5079793930053711 0.14337676763534546 0.5196852087974548 0.14179529746373495 0.5343174338340759 0.12176323930422465 0.5479741096496582 0.1154373288154602 0.5650449991226196 0.11596449216206868 0.5630941390991211 0.10911141832669576 0.5465109348297119 0.10278550783793132 0.5348051190376282 0.10594846804936726 0.5133445262908936 0.11596449216206868 0.5021265745162964 0.12281755606333415 0.46749699115753174 0.12439903616905212 0.45091381669044495 0.12861631313959757 0.4440854489803314 0.13494222362836203
0 0.561143159866333 0.09856823086738586 0.5655328035354614 0.07326459387938182 0.5679715275764465 0.05903129279613495 0.5801649689674377 0.06799300014972687 0.5865055918693542 0.07642754912376404 0.6021132469177246 0.07906334102153778 0.6211351752281189 0.08222630123297374 0.6186964511871338 0.0917151669661204 0.6040642261505127 0.10542130470275879 0.5933339595794678 0.10858426491419475 0.5752876400947571 0.10858426491419475 0.5679715275764465 0.10911141832669576 0.5650449991226196 0.10436698794364929
0 0.4499383270740509 0.0020980937406420708 0.47578856348991394 0.025820260246594746 0.4816414713859558 0.017385711272557575 0.47578856348991394 0.005788208295901616 0.4694594740867615 0.0013020833333333333 0.4562789499759674 0.0015709345849851768
0 0.5260257720947266 0.03267332911491394 0.5313909649848938 0.026347418626149494 0.5460231900215149 0.02160298575957616 0.5562657117843628 0.014749915649493536 0.5699223875999451 0.020548667758703232 0.5787017941474915 0.025820260246594746 0.5787017941474915 0.03636344522237778 0.5650449991226196 0.046379471818606056 0.5640695691108704 0.0548140158255895 0.5601676106452942 0.061667089660962425 0.5548024773597717 0.06377572317918141 0.5357806086540222 0.047433788577715554 0.5304154753684998 0.03952640046676
0 0.561143159866333 0.0020980937406420708 0.561143159866333 0.008951164161165556 0.5747998356819153 0.015277075270811716 0.5787017941474915 0.013168438027302424 0.5713856816291809 0.0015709345849851768
0 0.5762630701065063 0.0013020833333333333 0.5816282033920288 0.008424004539847374 0.5869933366775513 0.012114120026429495 0.5986990928649902 0.008951164161165556 0.6147945523262024 0.0015709345849851768 0.5947971343994141 0.0015709345849851768 0.5821159482002258 0.0020980937406420708
0 0.168512225151062 0.9852500756581625 0.1870463490486145 0.9752340316772461 0.20021535456180573 0.963636557261149 0.205580472946167 0.9620550473531088 0.2060682326555252 0.9731254577636719 0.2163107693195343 0.9752340316772461 0.23143070936203003 0.9646908442179362 0.23874680697917938 0.9557291666666666 0.23825909197330475 0.9341156482696533 0.21923719346523285 0.929371198018392 0.20460498332977295 0.9235724608103434 0.19436246156692505 0.9240996042887369 0.18753409385681152 0.9320069948832194 0.18460765480995178 0.9457131226857504 0.1763160675764084 0.9552020231882731 0.17338962852954865 0.967853864034017
0 0.6030887961387634 0.9699624379475912 0.609917163848877 0.9599464734395345 0.6333286762237549 0.9667994976043701 0.6533259749412537 0.9752340316772461 0.6635685563087463 0.9810328483581543 0.660154402256012 0.9968475500742594 0.6313776969909668 0.9973747730255127 0.6206474304199219 0.985777219136556 0.6108925938606262 0.9783970514933268
0 0.6421080231666565 0.8318467140197754 0.6621053814888 0.8265751202901205 0.6845414042472839 0.8223578929901123 0.6908820271492004 0.8234121799468994 0.6923452019691467 0.8344825108846029 0.6777130365371704 0.8418627580006918 0.6625930666923523 0.8529330889383951 0.6538137197494507 0.865584929784139 0.6396692991256714 0.8666392167409261 0.6343041658401489 0.8661120732625326 0.6338163614273071 0.856096108754476 0.6386938095092773 0.8450256983439127
0 0.6391814947128296 0.8845626513163248 0.6464976072311401 0.8756009737650553 0.6572279334068298 0.8729651769002279 0.6679581999778748 0.8571503957112631 0.6777130365371704 0.8508245150248209 0.6835659742355347 0.8566232522328695 0.6801517009735107 0.8766552607218424 0.6767375469207764 0.8951058387756348 0.6513749957084656 0.8893071015675863
0 0.6777130365371704 0.9899945259094238 0.6791762709617615 0.9831414222717285 0.6908820271492004 0.9820871353149414 0.6933207511901855 0.9894673824310303 0.6903942823410034 0.9947389761606852
0 0.7001490592956543 0.915665070215861 0.7079529166221619 0.9151379267374674 0.72307288646698 0.920936663945516 0.7420946955680847 0.9061761697133383 0.7416070103645325 0.9362243016560873 0.7401438355445862 0.957310676574707 0.7513617873191833 0.9694352944691976 0.761116623878479 0.97734268506368 0.7547760009765625 0.9905216693878174 0.741064727306366 0.9986979166666666 0.7177076935768127 0.9963204065958658 0.7079529166221619 0.9979019165039062 0.7094161510467529 0.985777219136556 0.723560631275177 0.9588921070098877 0.7274625301361084 0.9494032859802246 0.7196586728096008 0.9446588357289633 0.7123425602912903 0.9409686724344889 0.711367130279541 0.9320069948832194 0.7074651718139648 0.9256811141967773
0 0.7459966540336609 0.9351699352264404 0.7635552883148193 0.9325341383616129 0.7708714008331299 0.925153891245524 0.7772120833396912 0.9088119665781657 0.7889177799224854 0.9193551540374756 0.797697126865387 0.9335885047912598 0.7942829728126526 0.9436044692993164 0.8011112809181213 0.9652180671691895 0.8050132393836975 0.9704896608988444 0.786966860294342 0.97734268506368 0.7718468904495239 0.9789241949717203 0.7659940123558044 0.9783970514933268 0.7586778998374939 0.967853864034017 0.748923122882843 0.9594192504882812 0.7445334196090698 0.9525662263234457 0.7445334196090698 0.9430773258209229
0 0.747459888458252 0.8255208333333334 0.7620920538902283 0.8307924270629883 0.7737978100776672 0.8334282239278158 0.7884300351142883 0.8297381401062012 0.7923319935798645 0.8286837736765543 0.7952584028244019 0.8075973987579346 0.8001358509063721 0.8017986615498861 0.8128170371055603 0.8060159683227539 0.8220841288566589 0.8075973987579346 0.824522852897644 0.8218307495117188 0.8318389654159546 0.8276294867197672 0.8347653746604919 0.8339553674062093 0.8357408046722412 0.8408084710439047 0.8172067403793335 0.8423899014790853 0.797697126865387 0.8508245150248209 0.7791629433631897 0.8608404795328776 0.7572146654129028 0.8613676230112711 0.7406315207481384 0.8634762763977051 0.7455089688301086 0.8513516585032145 0.7459966540336609 0.8413356145222982
0 0.8411060571670532 0.8355368773142496 0.8411060571670532 0.8218307495117188 0.8503730297088623 0.817613442738851 0.8674439787864685 0.8260479768117269 0.8767110109329224 0.8323739369710287 0.8840271234512329 0.8429171244303385 0.8918309807777405 0.851878801981608 0.8996347784996033 0.8608404795328776 0.8854904174804688 0.8629491329193115 0.8771987557411194 0.8613676230112711 0.861103355884552 0.851878801981608 0.8513485789299011 0.845552921295166
0 0.8279370069503784 0.9747068881988525 0.8528117537498474 0.9747068881988525 0.8781743049621582 0.9757612546284994 0.898171603679657 0.97734268506368 0.8952451944351196 0.9915759563446045 0.8910091519355774 0.9986979166666666 0.8645175099372864 0.9986979166666666 0.8401305079460144 0.9963204065958658 0.8284247517585754 0.9979019165039062 0.8259860277175903 0.9863044420878092
0 0.8440324664115906 0.9146107832590739 0.8528117537498474 0.8835083643595377 0.8562259674072266 0.8782367706298828 0.8606156706809998 0.8840355078379313 0.8693949580192566 0.91250212987264 0.8757355809211731 0.9335885047912598 0.8703704476356506 0.9446588357289633 0.861103355884552 0.9457131226857504 0.8542749881744385 0.9341156482696533 0.847934365272522 0.920936663945516
0 0.9313379526138306 0.9404415289560953 0.9396295547485352 0.9314798514048258 0.9513352513313293 0.9309527079264323 0.9625533223152161 0.9283169110616049 0.960602343082428 0.9494032859802246 0.9684062004089355 0.9631094137827555 0.9718204140663147 0.982614278793335 0.9679184556007385 0.9894673824310303 0.9508475661277771 0.9973747730255127 0.9464578628540039 0.985777219136556 0.9396295547485352 0.9652180671691895 0.93719083070755 0.9520390828450521
0 0.9440191388130188 0.9262082576751709 0.9562126994132996 0.9256811141967773 0.9659674763679504 0.9204095204671224 0.9757223129272461 0.9088119665781657 0.9781609773635864 0.9014317989349365 0.9708448648452759 0.8877255916595459 0.9669430255889893 0.8835083643595377 0.9571881890296936 0.8850897947947184 0.9523108005523682 0.9014317989349365 0.9449946880340576 0.9177737236022949
0 0.9513352513313293 0.7833480834960938 0.9581636190414429 0.7749135494232178 0.9688940048217773 0.7865110238393148 0.9737713932991028 0.8017986615498861 0.9786487817764282 0.813396135965983 0.999621570110321 0.8202492396036783 1.0 0.8297381401062012 0.99815833568573 0.8502972920735677 0.9840139150619507 0.8613676230112711 0.9791365265846252 0.874019463857015 0.9737713932991028 0.8734923203786215 0.9708448648452759 0.8640034198760986 0.9596269130706787 0.8597861925760905 0.948896586894989 0.853987455368042 0.9474334120750427 0.8318467140197754 0.9464578628540039 0.8228850364685059 0.9508475661277771 0.8128689924875895 0.9532862305641174 0.7996900081634521
0 0.9552372097969055 0.7659518718719482 0.962065577507019 0.7501370906829834 0.9615778923034668 0.7359037399291992 0.972795844078064 0.7359037399291992 0.9776732325553894 0.748555580774943 0.9801119565963745 0.7606802781422933 0.9825506806373596 0.7817666530609131 0.9913300275802612 0.7907283306121826 1.0 0.7886196772257487 1.0 0.8086517651875814 1.0 0.8213035265604655 0.9971828460693359 0.8160319328308105 0.9801119565963745 0.809178908665975 0.9752345681190491 0.7896740436553955 0.9688940048217773 0.7780764897664388
0 0.8576891422271729 0.7427568435668945 0.8757355809211731 0.7221976121266683 0.8913432359695435 0.731686512629191 0.8796374797821045 0.7406481901804606 0.8650052547454834 0.7469740708669027
0 0.5083353519439697 0.32175032297770184 0.5325227379798889 0.3282858729362488 0.54973304271698 0.3348214228947957 0.54973304271698 0.3438706398010254 0.5390347242355347 0.3453788757324219 0.5148473381996155 0.34185969829559326 0.5088004469871521 0.33431867758433026
0 0.48228737711906433 0.33230775594711304 0.5022884607315063 0.3257722059885661 0.5088004469871521 0.3453788757324219 0.5171730518341064 0.35593628883361816 0.5283364653587341 0.35392534732818604 0.5371741056442261 0.3529198964436849 0.5385695695877075 0.36046091715494794 0.5213593244552612 0.37604570388793945 0.5088004469871521 0.3876086076100667 0.49624165892601013 0.3735320170720418 0.48414796590805054 0.3529198964436849 0.48414796590805054 0.3438706398010254
0 0.54973304271698 0.3488980134328206 0.5599661469459534 0.3393460512161255 0.5790370106697083 0.3393460512161255 0.5864793062210083 0.3408542474110921 0.5971775054931641 0.35442809263865155 0.6129923462867737 0.3594554265340169 0.6218301057815552 0.3609636227289836 0.6278769373893738 0.3639800548553467 0.6264814734458923 0.3715210755666097 0.6176437735557556 0.37604570388793945 0.609271228313446 0.37906209627787274 0.5967124104499817 0.3765484094619751 0.5902003645896912 0.3850949207941691 0.5878746509552002 0.39414413770039874 0.5753158330917358 0.39464688301086426 0.5618266463279724 0.3901222546895345 0.5595009922981262 0.36951013406117755 0.5567101240158081 0.3584499756495158
0 0.5957821011543274 0.34789252281188965 0.5915958285331726 0.3363296190897624 0.5925260782241821 0.331302285194397 0.6013637781143188 0.3328104813893636 0.6078757643699646 0.34487613042195636 0.6111317873001099 0.35442809263865155 0.6013637781143188 0.3514116605122884
0 0.6297374367713928 0.3715210755666097 0.6329934597015381 0.36146636803944904 0.6455523371696472 0.3574444850285848 0.6543899774551392 0.3599581718444824 0.6632277369499207 0.3629745642344157 0.6711351275444031 0.3629745642344157 0.664158046245575 0.37554295857747394 0.6655533909797668 0.38710586229960126 0.652064323425293 0.38811131318410236 0.6371797323226929 0.38057029247283936
0 0.6813682913780212 0.39313868681589764 0.6911362409591675 0.3845921754837036 0.6976482272148132 0.3735320170720418 0.7143933176994324 0.3840894301732381 0.7274173498153687 0.40017696221669513 0.7371852993965149 0.4147562583287557 0.7404413223266602 0.42430822054545086 0.7260218858718872 0.44240669409434 0.716253936290741 0.45748873551686603 0.7134630680084229 0.4615106185277303 0.6995088458061218 0.4429094394048055 0.701834499835968 0.4278273979822795 0.701834499835968 0.41928088665008545 0.6920665502548218 0.4238055149714152 0.6869499683380127 0.4152590036392212 0.6860196590423584 0.4026906490325928
0 0.6892757415771484 0.3499034643173218 0.6929967999458313 0.3333132266998291 0.701834499835968 0.3207448522249858 0.7134630680084229 0.3328104813893636 0.723696231842041 0.3443733851114909 0.7227659225463867 0.36951013406117755 0.7195098996162415 0.3800675868988037 0.7027648091316223 0.3664937416712443 0.6925317049026489 0.35543354352315265
0 0.7432321310043335 0.3529198964436849 0.7506744265556335 0.34487613042195636 0.7753269672393799 0.3378378550211589 0.7934675216674805 0.3302968144416809 0.8083521127700806 0.3348214228947957 0.8055612444877625 0.3504062096277873 0.7957932353019714 0.36800193786621094 0.7855600714683533 0.3800675868988037 0.7813738584518433 0.3936413923899333 0.7734664082527161 0.39414413770039874 0.7650938630104065 0.3936413923899333 0.7590470314025879 0.3921331961949666 0.7446275949478149 0.3780566453933716 0.7436972856521606 0.3659909963607788
0 0.649738609790802 0.6515444119771322 0.6506688594818115 0.6379705667495728 0.6599717140197754 0.6440033912658691 0.678112268447876 0.6585826873779297 0.6836939454078674 0.6721564928690592 0.6697397232055664 0.6731619834899902 0.6622974276542664 0.6731619834899902 0.6529945731163025 0.6615990797678629
0 0.6534597277641296 0.7475667794545492 0.664158046245575 0.7254464626312256 0.6799728274345398 0.7344956398010254 0.6957876682281494 0.7465612888336182 0.7055556774139404 0.7495776812235514 0.7064859867095947 0.7606378396352133 0.711602509021759 0.7792390982309977 0.7074161767959595 0.7857746283213297 0.6995088458061218 0.7882882754007975 0.6892757415771484 0.7706925868988037 0.6739259958267212 0.756615956624349 0.6636928915977478 0.7525940736134847
0 0.6785774230957031 0.7274573644002279 0.6943922638893127 0.7209218343098959 0.7022996544837952 0.7138835589090983 0.6990436911582947 0.700309673945109 0.7004390358924866 0.6867358684539795 0.7223007678985596 0.7138835589090983 0.7311385273933411 0.7209218343098959 0.7227659225463867 0.7289656003316244 0.7088116407394409 0.7420366605122884 0.7046253681182861 0.7455557982126871 0.6892757415771484 0.7380147775014242 0.6841591000556946 0.7314792474110922
0 0.7148584723472595 0.7842663923899332 0.7246265411376953 0.7867801189422607 0.7353248000144958 0.7792390982309977 0.7367201447486877 0.7561132907867432 0.7432321310043335 0.7475667794545492 0.7548607587814331 0.7455557982126871 0.7604423761367798 0.7430421511332194 0.752069890499115 0.7355011304219564 0.7418367862701416 0.7239382266998291 0.7367201447486877 0.7219272454579672 0.7292779088020325 0.7279601097106934 0.7176493406295776 0.7395230134328207 0.7134630680084229 0.7480695247650146 0.7106721997261047 0.7571187019348145 0.7148584723472595 0.7732062339782715
0 0.6995088458061218 0.6791948477427164 0.7102071046829224 0.6721564928690592 0.7297430634498596 0.6791948477427164 0.7362550497055054 0.6907577514648438 0.7446275949478149 0.6942768891652426 0.7511395812034607 0.6907577514648438 0.7599773406982422 0.691763162612915 0.7669544816017151 0.6972932815551758 0.7678846716880798 0.7053370475769043 0.780443549156189 0.7053370475769043 0.7785829901695251 0.7184081077575684 0.7664893269538879 0.7329874833424886 0.7613726854324341 0.7385175228118896 0.7492790818214417 0.7254464626312256 0.7385807633399963 0.716397205988566 0.7288127541542053 0.7153917153676351 0.7171842455863953 0.7008124192555746 0.7050905227661133 0.6882440249125162
0 0.682298481464386 0.6595881779988607 0.689740777015686 0.6490307251612345 0.6920665502548218 0.641992449760437 0.7046253681182861 0.6414897044499716 0.7134630680084229 0.657074491182963 0.7074161767959595 0.669140100479126 0.6948573589324951 0.6756757100423177 0.6869499683380127 0.6671291987101237
0 1.0 0.8913489182790121 1.0 0.876266876856486 1.0 0.8682231108347574 1.0 0.8777751127878824 1.0 0.878277858098348 1.0 0.8732504844665527 1.0 0.867720365524292 1.0 0.875261386235555 1.0 0.88481338818868 1.0 0.885818878809611 1.0 0.909447431564331 1.0 0.9184966087341309 1.0 0.9381032784779867 1.0 0.9471525351206461 1.0 0.9345841407775879 1.0 0.9129665692647299 1.0 0.9034145673116049 1.0 0.8983871936798096
0 1.0 0.957207202911377 1.0 0.9521798292795817 1.0 0.9516770839691162 1.0 0.9426279067993164 1.0 0.9350868860880533 1.0 0.9210103352864584 1.0 0.9179938634236654 1.0 0.9255348841349283 1.0 0.9446388085683187 1.0 0.9567044576009115 1.0 0.9657537142435709 1.0 0.9748028914133707 1.0 0.9763111273447672 1.0 0.9652509689331055
0 1.0 0.9823439121246338 1.0 0.9763111273447672 1.0 0.9687701066335043 1.0 0.9602235953013102
0 0.8232366442680359 0.2930944363276164 0.8316091895103455 0.2930944363276164 0.8474240303039551 0.27700692415237427 0.8525405526161194 0.26393580436706543 0.8455634117126465 0.2543838421503703 0.8385863304138184 0.2649412751197815 0.8306789398193359 0.2790178656578064
0 0.8581222891807556 0.2850506703058879 0.8562617301940918 0.2760014533996582 0.8683554530143738 0.2619248628616333 0.8753325939178467 0.27047135432561237 0.8878913521766663 0.27197957038879395 0.8990548253059387 0.27147682507832843 0.9134742021560669 0.2775096495946248 0.906497061252594 0.30013273159662884 0.8995199203491211 0.3162202437718709 0.8916125297546387 0.3167229692141215 0.8837051391601562 0.3066682815551758 0.8790537118911743 0.2981217900911967 0.8683554530143738 0.2930944363276164
0 0.8664948344230652 0.20360761880874634 0.8623086214065552 0.19053651889165243 0.8674251437187195 0.1860119104385376 0.87812340259552 0.19556387265523276 0.8804491758346558 0.21466779708862305 0.892542839050293 0.23427444696426392 0.9134742021560669 0.24432915449142456 0.9371964931488037 0.2377936045328776 0.9460341930389404 0.2372908592224121 0.9502204656600952 0.2563947836558024 0.942313015460968 0.26594674587249756 0.9274284839630127 0.27298504114151 0.9125438928604126 0.27147682507832843 0.8892868161201477 0.2669522166252136 0.8832399845123291 0.26393580436706543 0.87068110704422 0.2508647044499715 0.8623086214065552 0.22874436775843301 0.8632388114929199 0.21667873859405518
0 0.6260163187980652 0.1855091651280721 0.6469476819038391 0.16439430912335715 0.6553202867507935 0.1457931101322174 0.6627625823020935 0.1327220102151235 0.6836939454078674 0.1281973918279012 0.6892757415771484 0.14830678701400757 0.6729956865310669 0.15785874923070273 0.6655533909797668 0.16188063224156699 0.6650882363319397 0.17947636047999063 0.6711351275444031 0.18752010663350424 0.6809031367301941 0.19003379344940186 0.6795076727867126 0.19757481416066489 0.6720653772354126 0.19707206885019937 0.6627625823020935 0.19707206885019937 0.6525294780731201 0.20310489336649576 0.6390403509140015 0.2046130895614624 0.6334586143493652 0.20360761880874634 0.6278769373893738 0.19506112734476724
0 0.6032243967056274 0.24533462524414062 0.6046197414398193 0.23125803470611572 0.6120620369911194 0.22522523005803427 0.6167134642601013 0.2156732678413391 0.63020259141922 0.2101431886355082 0.6362494230270386 0.21416505177815756 0.6455523371696472 0.2272361715634664 0.6595065593719482 0.24734556674957275 0.6674140095710754 0.25488658746083576 0.6548551321029663 0.27147682507832843 0.6474128365516663 0.27499598264694214 0.6297374367713928 0.26393580436706543 0.6176437735557556 0.2543838421503703 0.6046197414398193 0.2508647044499715
0 0.6799728274345398 0.20913771788279215 0.6948573589324951 0.2046130895614624 0.7083464860916138 0.20913771788279215 0.7185795903205872 0.22120334704717 0.7181144952774048 0.23829632997512817 0.6995088458061218 0.24181546767552695 0.6883454322814941 0.2403072714805603 0.6836939454078674 0.2242197593053182
0 0.7013693451881409 0.20059120655059814 0.7069511413574219 0.1799790859222412 0.71392822265625 0.17645994822184244 0.7357898950576782 0.1804818113644918 0.7539304494857788 0.1855091651280721 0.7660241723060608 0.1749517321586609 0.7762572765350342 0.18701738119125366 0.7748618125915527 0.1990830103556315 0.7702104449272156 0.21165138483047485 0.7548607587814331 0.21919240554173788 0.7357898950576782 0.22773889700571695 0.7278825044631958 0.23578266302744547 0.7250915765762329 0.2403072714805603 0.7199750542640686 0.23980454603830972 0.7213704586029053 0.22522523005803427 0.7181144952774048 0.21366232633590698 0.7088116407394409 0.20411036411921182
0 0.687880277633667 0.12618645032246908 0.6971830725669861 0.12166184186935425 0.7153236269950867 0.1161317527294159 0.7288127541542053 0.11713722348213196 0.7371852993965149 0.12166184186935425 0.7381156086921692 0.1342302163441976 0.7297430634498596 0.13774935404459634 0.7176493406295776 0.1457931101322174 0.7055556774139404 0.1533341407775879 0.6971830725669861 0.15132319927215576 0.6911362409591675 0.1387548247973124
0 0.7111373543739319 0.15433961153030396 0.7218356132507324 0.1457931101322174 0.7339293360710144 0.14126850167910257 0.7404413223266602 0.14126850167910257 0.7460229992866516 0.154842346906662 0.7562561631202698 0.16389157374699911 0.7613726854324341 0.1699243982632955 0.7576515674591064 0.17897361516952515 0.7492790818214417 0.1799790859222412 0.7302082180976868 0.17545447746912637 0.711602509021759 0.17344353596369425 0.7092767953872681 0.16791345675786337
0 0.7181144952774048 0.0728965550661087 0.7250915765762329 0.055803572138150535 0.7302082180976868 0.046754345297813416 0.7455579042434692 0.047759811083475746 0.7516047358512878 0.0568090428908666 0.7506744265556335 0.0708856185277303 0.7409064769744873 0.08395672837893169 0.7320687174797058 0.09099501371383667 0.7246265411376953 0.08647039532661438
0 0.7813738584518433 0.0020109394875665507 0.8125383853912354 0.0013020833333333333 0.8195155262947083 0.0013020833333333333 0.8111429214477539 0.010557432969411215 0.8037006258964539 0.02312580496072769 0.7883509993553162 0.026142214735349018 0.7743966579437256 0.02765041838089625 0.7753269672393799 0.015082046389579773
0 0.7413716316223145 0.04222973187764486 0.7409064769744873 0.0387105867266655 0.7516047358512878 0.0346887061993281 0.7688149809837341 0.02915862202644348 0.7711406946182251 0.03569417695204417 0.768349826335907 0.044240668416023254 0.7655590176582336 0.06183639168739319 0.7562561631202698 0.06284185747305553 0.7553258538246155 0.05077622334162394 0.7483487725257874 0.04524613916873932
0 0.7702104449272156 0.061333656311035156 0.7720710039138794 0.04474340379238129 0.7823041081428528 0.03368323793013891 0.792072057723999 0.030666828155517578 0.7999795079231262 0.0372023805975914 0.8037006258964539 0.04222973187764486 0.7916070222854614 0.05982545018196106 0.780443549156189 0.06636100510756175
0 0.7836995720863342 0.0708856185277303 0.7916070222854614 0.06435006360212962 0.7999795079231262 0.05278715988000234 0.804165780544281 0.05278715988000234 0.8102126121520996 0.0708856185277303 0.8227714896202087 0.08244852224985759 0.8409120440483093 0.08848133683204651 0.8478891849517822 0.10758526126543681 0.8553314805030823 0.12065637111663818 0.87068110704422 0.1372466186682383 0.8864960074424744 0.1447876493136088 0.9102182388305664 0.1488095223903656 0.9153348207473755 0.15383687615394592 0.9097530841827393 0.16590250531832376 0.8892868161201477 0.17696267366409302 0.861843466758728 0.17947636047999063 0.8534708619117737 0.17545447746912637 0.8562617301940918 0.16389157374699911 0.8520755171775818 0.15132319927215576 0.8385863304138184 0.14780405163764954 0.8190503716468811 0.14076576630274454 0.8125383853912354 0.12769465645154318 0.8111429214477539 0.11412082115809123 0.804165780544281 0.09903876980145772 0.7939326763153076 0.08898407220840454 0.7888160943984985 0.07993484536806743
0 0.9213816523551941 0.3207448522249858 0.928358793258667 0.3056628108024597 0.940452516078949 0.29409990708033246 0.9516158699989319 0.2991272608439128 0.9692912697792053 0.29862451553344727 0.9734775424003601 0.2930944363276164 0.9883621335029602 0.2895752986272176 1.0 0.2885698278745015 1.0 0.28253700335820514 1.0 0.2840451995531718 1.0 0.29409990708033246 1.0 0.29962998628616333 1.0 0.309684693813324 1.0 0.3222530484199524 0.9916180968284607 0.3378378550211589 0.980454683303833 0.33733510971069336 0.968826174736023 0.3333132266998291 0.9488250017166138 0.3378378550211589 0.9330102205276489 0.3328104813893636
0 0.9171953797340393 0.3971605698267619 0.9223119616508484 0.4041988452275594 0.947894811630249 0.3921331961949666 0.9683610200881958 0.3850949207941691 0.9734775424003601 0.3825812339782715 0.976268470287323 0.37302927176157635 0.9758033156394958 0.36347730954488117 0.9627792835235596 0.3644828001658122 0.9418478608131409 0.3720238208770752 0.9297542572021484 0.3815757830937703
0 1.0 0.30164092779159546 1.0 0.2900780240694682 1.0 0.2835424741109212 1.0 0.2775096495946248 1.0 0.2820342580477397 1.0 0.2925916910171509 1.0 0.3056628108024597 1.0 0.31571749846140545 1.0 0.31873391071955365 1.0 0.31270108620325726 1.0 0.3142093022664388 1.0 0.30918194850285846 1.0 0.30415459473927814
0 0.9785941243171692 0.3845921754837036 0.9818501472473145 0.3710183302561442 0.992548406124115 0.3664937416712443 0.9958044290542603 0.34839526812235516 1.0 0.3524171511332194 1.0 0.36146636803944904 1.0 0.3664937416712443 1.0 0.3770511547724406 1.0 0.3815757830937703 1.0 0.38358672459920246 1.0 0.3901222546895345 1.0 0.4031933546066284 0.9976649284362793 0.39464688301086426
0 0.8928639888763428 0.512466549873352 0.9039919376373291 0.5171728531519572 0.9141521453857422 0.5354752540588379 0.9204418659210205 0.5417503515879313 0.9209256768226624 0.5276313622792562 0.9199580550193787 0.507760206858317 0.9228609800338745 0.49939342339833576 0.923828661441803 0.48841198285420734 0.9189903736114502 0.47010962168375653 0.9064110517501831 0.4674949645996094 0.9039919376373291 0.4763847192128499 0.9030242562294006 0.4894578456878662 0.8957669138908386 0.5035767952601115
0 0.9214094877243042 0.545933723449707 0.9272153973579407 0.5407044887542725 0.9354404211044312 0.5386128028233846 0.9470521211624146 0.5323376655578613 0.9596315026283264 0.5318147738774618 0.9586638808250427 0.5605756441752116 0.9460844993591309 0.5663278102874756 0.9296345114707947 0.5731258392333984 0.9243124723434448 0.5694653590520223 0.9243124723434448 0.5569151639938354
0 0.928666889667511 0.5778321425120035 0.9518903493881226 0.5699882904688517 0.9615667462348938 0.5689424276351929 0.9818873405456543 0.5825384855270386 0.9905961751937866 0.5882906516393026 0.9833388328552246 0.6029325723648071 0.9838226437568665 0.6238495508829752 0.9838226437568665 0.6374456087748209 0.9789843559265137 0.6369226773579916 0.9765653014183044 0.6248954137166342 0.9664050340652466 0.6180973847707113 0.9654374122619629 0.6034555037816366 0.9533418416976929 0.594565749168396 0.9412462711334229 0.5919511318206787 0.9330212473869324 0.5924740632375082 0.9301183819770813 0.5846301714579264
0 0.9223771691322327 0.615482767422994 0.9310859441757202 0.6201890707015991 0.9596315026283264 0.6149598360061646 0.9586638808250427 0.6071159442265829 0.9518903493881226 0.599272092183431 0.940762460231781 0.5982262293497721 0.9339889287948608 0.599272092183431 0.9301183819770813 0.6039783954620361
0 0.9131845235824585 0.6327393054962158 0.9185066223144531 0.6217578649520874 0.9247962236404419 0.6196661790211996 0.9291507005691528 0.6254183451334635 0.9378594756126404 0.6473811864852905 0.9460844993591309 0.6578396956125895 0.9514065384864807 0.6667294502258301 0.9547932147979736 0.6845088799794515 0.9436653256416321 0.6886922518412272 0.9291507005691528 0.6756191253662109 0.923828661441803 0.6588855584462484 0.9214094877243042 0.64790411790212
0 1.0 0.6860776742299398 1.0 0.6651606559753418 1.0 0.6557480096817017 1.0 0.6489499807357788 1.0 0.642151951789856 1.0 0.6578396956125895 1.0 0.6730045477549235 1.0 0.679279645284017 1.0 0.6860776742299398 1.0 0.7012424468994141 1.0 0.710655132929484 1.0 0.7184990247090658 1.0 0.7221594651540121 1.0 0.7101322015126547 1.0 0.6970590750376383
0 1.0 0.6939214865366617 1.0 0.6829400857289633 1.0 0.6771879196166992 1.0 0.6829400857289633 1.0 0.6897381146748861 1.0 0.7017653783162435 1.0 0.7179760932922363 1.0 0.7101322015126547 1.0 0.7096092700958252 1.0 0.7043800354003906
0 1.0 0.4512842893600464 1.0 0.4544218381245931 1.0 0.4627886613210042 1.0 0.4674949645996094 1.0 0.4654032786687215 1.0 0.4674949645996094 1.0 0.4732471704483032 1.0 0.46906375885009766 1.0 0.4638345241546631 1.0 0.4502384662628174 1.0 0.4345507224400838 1.0 0.4293214480082194 1.0 0.42827558517456055 1.0 0.4340277910232544 1.0 0.4460550546646118
0 1.0 0.540181557337443 1.0 0.5250167449315389 1.0 0.5156040986378988 1.0 0.5161269903182983 1.0 0.5150811672210693 1.0 0.5093290011088053 1.0 0.5203104019165039 1.0 0.5344293912251791
0 1.0 0.5600527127583822 1.0 0.5501171350479126 1.0 0.5454107920328776 1.0 0.5339064598083496 1.0 0.5245421727498373 1.0 0.5851531028747559 1.0 0.5851531028747559 1.0 0.5710341533025106 1.0 0.5637131929397583
0 1.0 0.615482767422994 1.0 0.6092076698939005 1.0 0.5961345434188843 1.0 0.5909052689870199 1.0 0.5903823773066202 1.0 0.6144369045893351 1.0 0.6180973847707113
0 1.0 0.8602116902669271 1.0 0.8419093290964762 1.0 0.8373226324717203 1.0 0.8753765424092611 1.0 0.8680555820465088
1 0.0009765625 0.0013020833333333333 0.0009765625 0.0013020833333333333 0.0009765625 0.0047063253199060755 0.0009765625 0.015164826065301895 0.0009765625 0.020917000869909923 0.0009765625 0.03242135296265284 0.0009765625 0.04758617778619131 0.0009765625 0.056475902597109474 0.0009765625 0.056475902597109474 0.0009765625 0.054384201765060425 0.0009765625 0.061182230710983276 0.0009765625 0.07373243073622386 0.0009765625 0.09464943408966064 0.0009765625 0.10144745310147603 0.0009765625 0.10615378618240356 0.0009765625 0.10824548204739888 0.0009765625 0.112428883711497 0.0009765625 0.11922690272331238 0.0009765625 0.12236446142196655 0.0009765625 0.11713520685831706 0.0009765625 0.05595297614733378 0.0009765625 0.026501841843128204
1 0.0009765625 0.06275100509325664 0.0009765625 0.05856760342915853 0.0009765625 0.06065930426120758 0.0009765625 0.06327392657597859 0.0009765625 0.07111780345439911 0.0009765625 0.07896168033281963 0.0009765625 0.11190595229466756 0.0009765625 0.10719962914784749 0.0009765625 0.09674112995465596 0.0009765625 0.08105338116486867 0.0009765625 0.06954902907212575
1 0.0009765625 0.05699882904688517 0.0009765625 0.038173526525497437 0.0009765625 0.0339901273449262 0.0009765625 0.03085257609685262 0.0009765625 0.03346720337867737 0.0009765625 0.04706325133641561 0.0009765625 0.062228078643480934 0.0009765625 0.07530120511849721 0.0009765625 0.09308065970738728 0.0009765625 0.11347473661104839 0.0009765625 0.11765812834103902 0.0009765625 0.11452057957649231 0.0009765625 0.10615378618240356 0.0009765625 0.08262215554714203 0.0009765625 0.07530120511849721 0.0009765625 0.0716407299041748
2 0.0009765625 0.07373243073622386 0.0009765625 0.06379685302575429 0.0009765625 0.06327392657597859 0.0009765625 0.07320950428644817 0.0009765625 0.07686997950077057
1 0.0009765625 0.12707078456878662 0.0009765625 0.12497907876968384 0.0009765625 0.12863955895105997 0.0009765625 0.1370063622792562 0.0009765625 0.14118976394335428 0.0009765625 0.1359605093797048 0.0009765625 0.13648343086242676 0.0009765625 0.13962097962697348
1 0.0009765625 0.14955655733744302 0.0009765625 0.1401439110438029 0.0009765625 0.14746486147244772 0.0009765625 0.15373995900154114 0.0009765625 0.17151941855748495 0.0009765625 0.17988620201746622 0.0009765625 0.18668423096338907 0.0009765625 0.18563838799794516 0.0009765625 0.18354668219884238 0.0009765625 0.17465696732203165 0.0009765625 0.165767232577006
1 0.0009765625 0.1673360069592794 0.0009765625 0.16838186979293823 0.0009765625 0.1730881929397583 0.0009765625 0.18668423096338907 0.0009765625 0.19975735743840536 0.0009765625 0.20184906323750815 0.0009765625 0.19923444588979086 0.0009765625 0.1809320648511251
1 0.0009765625 0.20550954341888428 0.0009765625 0.18877593676249185 0.0009765625 0.1898217797279358 0.0009765625 0.19034471114476523 0.0009765625 0.19034471114476523 0.0009765625 0.21126170953114828 0.0009765625 0.21649096409479776 0.0009765625 0.21910558144251505 0.0009765625 0.22015144427617392 0.0009765625 0.21335341533025107
1 0.0009765625 0.20446368058522543 0.0009765625 0.208647092183431 0.0009765625 0.2227660616238912 0.0009765625 0.23165579636891684 0.0009765625 0.2447289228439331 0.0009765625 0.24420599142710367 0.0009765625 0.2363621195157369 0.0009765625 0.22119728724161783
1 0.0009765625 0.24629769722620645 0.0009765625 0.24995815753936768 0.0009765625 0.26250837246576947 0.0009765625 0.2740127245585124 0.0009765625 0.2776731848716736 0.0009765625 0.2646000583966573
1 0.0009765625 0.28237952788670856 0.0009765625 0.2808107336362203 0.0009765625 0.2740127245585124 0.0009765625 0.26878346999486286 0.0009765625 0.2755814989407857
1 0.0009765625 0.28185659646987915 0.0009765625 0.2734897931416829 0.0009765625 0.27139808734258014 0.0009765625 0.2740127245585124 0.0009765625 0.28290243943532306 0.0009765625 0.2923150857289632 0.0009765625 0.2870858510335286
1 0.0009765625 0.18616131941477457 0.0009765625 0.1736111044883728 0.0009765625 0.17517987887064615 0.00117885519284755 0.1814549962679545 0.013758250512182713 0.19871151447296143 0.01520971767604351 0.20812416076660156 0.0009765625 0.22015144427617392 0.0009765625 0.22694947322209677 0.0009765625 0.21335341533025107 0.0009765625 0.20184906323750815
1 0.0009765625 0.0033319685608148575 0.0009765625 0.023801401257514954 0.0009765625 0.03517330686251322 0.0009765625 0.041427855690320335 0.01574530266225338 0.03801628450552622 0.016271382570266724 0.008449326579769453 0.013640987686812878 0.0013020833333333333 0.0009765625 0.0013020833333333333
1 0.0009765625 0.04995678861935934 0.007328054867684841 0.04540802538394928 0.01679745502769947 0.045976618925730385 0.025214701890945435 0.05734852453072866 0.023110387846827507 0.07042622069517772 0.011010602116584778 0.07213200628757477 0.0062759025022387505 0.07042622069517772 0.004171588458120823 0.06303447981675465
1 0.0009765625 0.136951873699824 0.0009765625 0.11989401777585347 0.0009765625 0.11136507987976074 0.0009765625 0.10226755340894063 0.009432368911802769 0.11363946398099263 0.028371168300509453 0.12159980336825053 0.03152763471007347 0.1301287313302358 0.02626686356961727 0.14434361457824707 0.00890628807246685 0.13808906078338623 0.0009765625 0.13865765929222107
1 0.0009765625 0.09601300954818726 0.00259335502050817 0.07895514865716298 0.008380207233130932 0.07611217101414998 0.020480001345276833 0.07724936306476593 0.027319015935063362 0.08407251040140788 0.03363195061683655 0.0920328398545583 0.033105868846178055 0.11022789279619853 0.03257979825139046 0.11761963367462158 0.017849616706371307 0.11079649130503337 0.005223740823566914 0.10567913452784221
1 0.022058235481381416 0.005037754774093628 0.0388927198946476 0.002194778062403202 0.06361838430166245 0.003900563965241114 0.08203110843896866 0.006174945582946141 0.09307876229286194 0.010155112793048223 0.09044836461544037 0.0391534740726153 0.08623974025249481 0.0465452124675115 0.06414446979761124 0.05052538216114044 0.04625781625509262 0.05393695334593455 0.03152763471007347 0.05734852453072866 0.020480001345276833 0.0385848805308342 0.017849616706371307 0.0220956156651179
1 0.027845095843076706 0.07270059982935588 0.03047548234462738 0.0641716718673706 0.050992514938116074 0.05905431012312571 0.06993133574724197 0.054505551854769387 0.08360934257507324 0.05621133744716644 0.08939620107412338 0.07383779187997182 0.09360483288764954 0.09317003687222798 0.09255266934633255 0.10113036632537842 0.08255720138549805 0.11079649130503337 0.0667748674750328 0.11648244659105937 0.05257074907422066 0.11989401777585347 0.039944883435964584 0.1153452495733897 0.042049188166856766 0.10169896483421326 0.03731449693441391 0.08179812630017598
1 0.06098800525069237 0.12842294573783875 0.06414446979761124 0.1221683919429779 0.0778224989771843 0.12046260635058086 0.09360483288764954 0.12728574872016907 0.10623069852590561 0.12956013282140097 0.11570009589195251 0.131265918413798 0.12253911793231964 0.14093204339345297 0.1262216567993164 0.14718658725420633 0.12411735206842422 0.15969568490982056 0.12096088379621506 0.16822461287180582 0.10991323739290237 0.17447916666666666 0.09255266934633255 0.17959652344385782 0.08097896724939346 0.18300809462865195 0.07098347693681717 0.16651882727940878 0.06519661098718643 0.14604940017064413
1 0.0872918963432312 0.11705103516578674 0.09360483288764954 0.10795350869496663 0.09991776198148727 0.10397334893544515 0.11254362761974335 0.10624772310256958 0.12096088379621506 0.10965929428736369 0.12148696184158325 0.12387417753537495 0.10623069852590561 0.1244427760442098
1 0.12359126657247543 0.1301287313302358 0.1272738128900528 0.11363946398099263 0.13253459334373474 0.10567913452784221 0.14463438093662262 0.09942458073298137 0.16094279289245605 0.10226755340894063 0.18040767312049866 0.10795350869496663 0.18303807079792023 0.12046260635058086 0.17935551702976227 0.13240311543146768 0.166203573346138 0.13638327519098917 0.15989065170288086 0.14206923047701517 0.15147338807582855 0.14434361457824707 0.13832145929336548 0.14263782898585 0.13095635175704956 0.13808906078338623
1 0.0009765625 0.26303831736246747 0.0009765625 0.25604726870854694 0.0009765625 0.23944352070490518 0.0009765625 0.228956937789917 0.0009765625 0.22458751996358237 0.0009765625 0.22458751996358237 0.0009765625 0.22458751996358237 0.0009765625 0.23245245218276978 0.0009765625 0.2508039673169454 0.0009765625 0.2647860646247864 0.0009765625 0.2639122009277344
1 0.0009765625 0.2577950159708659 0.0009765625 0.23245245218276978 0.0035590084735304117 0.22283977270126343 0.019729727879166603 0.21497484048207602 0.03428336977958679 0.21672258774439493 0.05207114666700363 0.22371365626653036 0.0625821202993393 0.23157858848571777 0.0625821202993393 0.24206515153249106 0.05853945016860962 0.2577950159708659 0.05934798717498779 0.2778942982355754 0.04883701354265213 0.28226369619369507 0.04156019166111946 0.2927502791086833 0.03428336977958679 0.29886744419733685 0.02619801089167595 0.297119677066803 0.017304114997386932 0.28488534688949585 0.007601688150316477 0.27090324958165485 0.0009765625 0.26303831736246747
1 0.0009765625 0.38363393147786456 0.0009765625 0.39499441782633465 0.0009765625 0.3923727671305339 0.0009765625 0.38101232051849365 0.0009765625 0.3722734848658244 0.0009765625 0.3696518341700236 0.0009765625 0.3582913875579834 0.0009765625 0.34955259164174396 0.0009765625 0.3381921052932739 0.0009765625 0.33557045459747314 0.0009765625 0.3408137559890747 0.0009765625 0.3547958532969157 0.0009765625 0.36877795060475665
1 0.0009765625 0.34780482451121014 0.0009765625 0.323336124420166 0.0019419329473748803 0.3189667264620463 0.01649557612836361 0.31372342507044476 0.021346794441342354 0.31984061002731323 0.027006549760699272 0.3303271730740865 0.04156019166111946 0.3425615231196086 0.04479432478547096 0.3582913875579834 0.03428336977958679 0.36353468894958496 0.014069972559809685 0.36703018347422284 0.0009765625 0.3696518341700236 0.0009765625 0.36877795060475665 0.0009765625 0.3582913875579834
1 0.05449676141142845 0.36266080538431805 0.05126262828707695 0.3408137559890747 0.06743332743644714 0.33120105663935345 0.07713576406240463 0.3294533093770345 0.097349151968956 0.34780482451121014 0.10220038145780563 0.3565436204274495 0.09330648183822632 0.36003915468851727 0.07309309393167496 0.36003915468851727
1 0.0811784490942955 0.42121084531148273 0.07147601991891861 0.41247204939524335 0.07713576406240463 0.38450781504313153 0.08522112667560577 0.36877795060475665 0.10300891846418381 0.36528245608011883 0.11675402522087097 0.3731473684310913 0.1288820505142212 0.3941205342610677 0.14262716472148895 0.4107242822647095 0.1410101056098938 0.42121084531148273 0.1321161985397339 0.42732803026835126 0.11028573662042618 0.4290757973988851
1 0.1288820505142212 0.4378145933151245 0.13939303159713745 0.43169740835825604 0.14990398287773132 0.43344517548878986 0.1571808159351349 0.45354445775349933 0.14909546077251434 0.4526705741882324 0.1353503316640854 0.44480566183725995
1 0.1507125198841095 0.4220847288767497 0.15313813090324402 0.40985039869944256 0.19033077359199524 0.404607097307841 0.20488443970680237 0.4081026315689087 0.2259063571691513 0.41684142748514813 0.24369414150714874 0.4255802631378174 0.2323746532201767 0.44567954540252686 0.21862955391407013 0.45092280705769855 0.18628810346126556 0.45092280705769855 0.16850031912326813 0.4517966906229655 0.1604149490594864 0.4413101275761922
1 0.19275636970996857 0.39936379591623944 0.2137783169746399 0.40373321374257404 0.24045999348163605 0.41684142748514813 0.24692828953266144 0.41684142748514813 0.2477368265390396 0.404607097307841 0.2477368265390396 0.3914988835652669 0.24369414150714874 0.3757690191268921 0.23965145647525787 0.36703018347422284 0.22752343118190765 0.37139960130055744 0.20811855792999268 0.3897511164347331
1 0.18143688142299652 0.323336124420166 0.18305395543575287 0.3049846291542053 0.18790516257286072 0.2866331140200297 0.20165029168128967 0.28051594893137616 0.2259063571691513 0.28401146332422894 0.24045999348163605 0.30323686202367145 0.24854537844657898 0.32071449359258014 0.25339657068252563 0.33557045459747314 0.2542051076889038 0.34955259164174396 0.24450267851352692 0.3565436204274495 0.229140505194664 0.3565436204274495 0.22267219424247742 0.34605705738067627 0.20569297671318054 0.33294882376988727 0.1919478327035904 0.3259577751159668
1 0.04459632560610771 0.2107271353403727 0.05231456831097603 0.19912081956863403 0.05667705833911896 0.19585655132929483 0.07446259260177612 0.19912081956863403 0.077818363904953 0.2125406265258789 0.07983182370662689 0.22596041361490884 0.07681162655353546 0.2328516642252604 0.07144241780042648 0.23430246114730835 0.06103954836726189 0.22269614537556967
1 0.07949624955654144 0.19875812530517578 0.08520103245973587 0.18860260645548502 0.09291929006576538 0.18352484703063965 0.11137597262859344 0.1773589849472046 0.12244998663663864 0.17518279949824014 0.13285285234451294 0.18026055892308554 0.1402355134487152 0.18497562408447266 0.13553746044635773 0.2060120701789856 0.1311749666929245 0.2158048947652181 0.12110769003629684 0.2255977193514506 0.11003367602825165 0.23502784967422485 0.09795292466878891 0.22414694229761759 0.08788563311100006 0.2125406265258789
1 0.07546932995319366 0.2404683232307434 0.08922794461250305 0.22632312774658203 0.10567118972539902 0.24083101749420166 0.10197984427213669 0.24445797999699911 0.08486545830965042 0.24482067426045737
1 0.109698086977005 0.24663416544596353 0.11137597262859344 0.23684134085973105 0.1338595747947693 0.22269614537556967 0.13989993929862976 0.22015726566314697 0.15600761771202087 0.21870646874109903 0.16506816446781158 0.22305883963902792 0.1727863997220993 0.23430246114730835 0.17177969217300415 0.24010560909907022 0.17714889347553253 0.24989845355351767 0.1825181245803833 0.2553389072418213 0.18016909062862396 0.26077936093012494 0.17312197387218475 0.2582404812177022 0.16473259031772614 0.24083101749420166 0.1449335813522339 0.230675478776296 0.13352400064468384 0.2328516642252604 0.12815478444099426 0.2353905439376831 0.1214432641863823 0.24228179454803467 0.1201009526848793 0.2517119248708089 0.11708077043294907 0.25243733326594037 0.11271828413009644 0.24953573942184448
1 0.1623835414648056 0.21290332078933716 0.17043738067150116 0.19549385706583658 0.16741719841957092 0.17373200257619223 0.17312197387218475 0.16538997491200766 0.18788734078407288 0.15813603003819784 0.20500172674655914 0.14725510279337564 0.22245168685913086 0.1468924085299174 0.22882762551307678 0.15197016795476279 0.23050551116466522 0.1820740501085917 0.22815647721290588 0.19803273677825928 0.22010265290737152 0.2067374587059021 0.19527000188827515 0.20746286710103354 0.17681331932544708 0.21145252386728922
1 0.23285454511642456 0.1541463534037272 0.2476198822259903 0.15450905760129294 0.2573516070842743 0.15813603003819784 0.26406311988830566 0.17083042860031128 0.2637275457382202 0.18243674437204996 0.2600362300872803 0.18969068924585977 0.2523179352283478 0.19549385706583658 0.24023723602294922 0.19585655132929483 0.23486799001693726 0.19331767161687216 0.23553913831710815 0.1806232531865438 0.234532430768013 0.16937965154647827
1 0.10030195862054825 0.01233170802394549 0.12110769003629684 0.009067432954907417 0.144262433052063 0.01269440601269404 0.1637258529663086 0.022124536335468292 0.17177969217300415 0.028290390968322754 0.17379313707351685 0.03409354637066523 0.16607488691806793 0.05077762405077616 0.16137681901454926 0.0652855137983958 0.15936335921287537 0.07217676440874736 0.14828935265541077 0.08305768171946208 0.13855765759944916 0.09248781204223633 0.1311749666929245 0.09937906265258789 0.12547017633914948 0.1030060350894928 0.10600676387548447 0.09901636838912964 0.09728178381919861 0.09829096992810567 0.09224812686443329 0.07471564412117004 0.08922794461250305 0.0591196616490682 0.09057025611400604 0.047513345877329506 0.09694620966911316 0.027927691737810772
1 0.12345672398805618 0.0013020833333333333 0.1284903585910797 0.005440459897120793 0.15567201375961304 0.011969011276960373 0.16473259031772614 0.020311048875252407 0.1741287112236023 0.025026115278402965 0.18553830683231354 0.011243616541226705 0.18889407813549042 0.002538881109406551 0.1694306582212448 0.0018134865288933117 0.15432973206043243 0.0013020833333333333 0.1325172781944275 0.0013020833333333333
1 0.1935921162366867 0.0014507891610264778 0.185873880982399 0.01595868170261383 0.17815563082695007 0.028290390968322754 0.18151138722896576 0.03481894234816233 0.19325655698776245 0.03082927068074544 0.2046661227941513 0.022124536335468292 0.20634400844573975 0.017046773185332615 0.20835749804973602 0.009067432954907417 0.21137766540050507 0.002538881109406551 0.2026526927947998 0.002538881109406551
1 0.1929209679365158 0.03554433584213257 0.20433057844638824 0.027202298243840534 0.21271996200084686 0.027202298243840534 0.22815647721290588 0.030466573933760326 0.23889490962028503 0.03191736340522766 0.2489621788263321 0.036632428566614784 0.2533246874809265 0.04243558645248413 0.26473429799079895 0.05041492482026418 0.2741304039955139 0.052591110269228615 0.2788284718990326 0.06093314786752065 0.281848669052124 0.07145137091477712 0.2794996201992035 0.07834261655807495 0.27379482984542847 0.08632195989290874 0.26607659459114075 0.07616643607616425 0.24661314487457275 0.07217676440874736 0.22983436286449432 0.06419742107391357 0.2130555510520935 0.05367920299371084 0.2053373157978058 0.047513345877329506 0.19896136224269867 0.04352367917696635 0.19325655698776245 0.03808321803808212
1 0.2768149971961975 0.09176242351531982 0.2878890037536621 0.07689182957013448 0.2909092307090759 0.07072597245375316 0.3100370466709137 0.057668869694074 0.3164129853248596 0.060207754373550415 0.33386296033859253 0.0652855137983958 0.3563465476036072 0.06854979197184245 0.3593667447566986 0.07290215790271759 0.36507153511047363 0.08342037598292033 0.36809173226356506 0.09720287720362346 0.37278977036476135 0.10772110025087993 0.37648114562034607 0.11497504512468974 0.37648114562034607 0.12513057390848795 0.37278977036476135 0.13855037093162537 0.36708498001098633 0.15015668670336405 0.3640648126602173 0.1559598445892334 0.356682151556015 0.16393917798995972 0.34493696689605713 0.17083042860031128 0.3335273861885071 0.17518279949824014 0.3190976083278656 0.18026055892308554 0.30500343441963196 0.16285109519958496 0.2962784469127655 0.14000115791956583 0.2982918918132782 0.12150360147158305 0.29728516936302185 0.10409412781397502 0.291244775056839 0.0939385990301768 0.28621113300323486 0.09248781204223633
1 0.31238606572151184 0.05404189725716909 0.3197687566280365 0.05404189725716909 0.3288293182849884 0.04860143860181173 0.33319181203842163 0.0438863734404246 0.33050721883773804 0.026476902266343433 0.3251379728317261 0.01886025940378507 0.3211110532283783 0.01595868170261383 0.3177553117275238 0.02683960149685542 0.3150706887245178 0.04171018799146017 0.3143995404243469 0.05114031831423441
1 0.3855416774749756 0.0065285513798395796 0.37782344222068787 0.017772167921066284 0.3788301646709442 0.03808321803808212 0.3835282325744629 0.052591110269228615 0.3989647328853607 0.06854979197184245 0.41037431359291077 0.07979340851306915 0.4197704493999481 0.07507834335168202 0.43050888180732727 0.07253946363925934 0.4342002272605896 0.0703632781902949 0.4388982951641083 0.06238393485546112 0.4556771218776703 0.05404189725716909 0.46104633808135986 0.05114031831423441 0.46842899918556213 0.03481894234816233 0.4724559187889099 0.027564994990825653 0.45467036962509155 0.010880919794241587 0.44359636306762695 0.0013020833333333333 0.4284954369068146 0.0021761838967601457 0.39862915873527527 0.0029015783220529556
1 0.36305809020996094 0.07000057895978291 0.36305809020996094 0.06238393485546112 0.3697696030139923 0.055129989981651306 0.3795013129711151 0.05440459648768107 0.38822630047798157 0.06310933331648509 0.3982935845851898 0.07253946363925934 0.4050051271915436 0.0779799222946167 0.4073541462421417 0.08269498745600383 0.40601181983947754 0.09974175691604614 0.40668296813964844 0.115337739388148 0.4036628007888794 0.13637418548266092 0.3959445357322693 0.13347261150678 0.38755515217781067 0.12440517544746399 0.380172461271286 0.11606313784917195 0.3737965226173401 0.09466399749120076 0.3704407513141632 0.08269498745600383
1 0.41171661019325256 0.08559656143188477 0.42547526955604553 0.07761722306410472 0.4362136721611023 0.07761722306410472 0.439905047416687 0.08450846870740254 0.44091174006462097 0.10445682207743327 0.4459453821182251 0.1164258321126302 0.4486300051212311 0.12150360147158305 0.4446031153202057 0.12875754634539285 0.4395694434642792 0.13129642605781555 0.4224550724029541 0.11715123057365417 0.41373008489608765 0.10554491480191548 0.41171661019325256 0.09829096992810567
1 0.39930030703544617 0.16285109519958496 0.41305890679359436 0.16502727071444193 0.42010605335235596 0.16103760401407877 0.4291665852069855 0.1523328721523285 0.4355425238609314 0.14652971426645914 0.43722042441368103 0.1378249724706014 0.42480412125587463 0.12513057390848795 0.41507238149642944 0.11316156387329102 0.4113810658454895 0.11025997996330261 0.40903204679489136 0.12404248118400574 0.4080252945423126 0.13492339849472046 0.40198490023612976 0.1534209648768107
1 0.3204399049282074 0.19331767161687216 0.33050721883773804 0.1976700226465861 0.34158122539520264 0.18932799498240152 0.3586955964565277 0.16756616036097208 0.3419167697429657 0.1762708822886149 0.3281581699848175 0.18171135584513345 0.3244668245315552 0.18425023555755615
1 0.1643970012664795 0.2165302832921346 0.19594115018844604 0.2143541177113851 0.2157401442527771 0.20963905254999796 0.23016992211341858 0.20710015296936035 0.23319010436534882 0.22378424803415933 0.23016992211341858 0.23031278451283774 0.2137266993522644 0.230675478776296 0.19661232829093933 0.22958739598592123 0.17949792742729187 0.230675478776296 0.1694306582212448 0.22632312774658203
1 0.17647774517536163 0.2357532580693563 0.191578671336174 0.2339397668838501 0.2033238410949707 0.2346651554107666 0.21037092804908752 0.23684134085973105 0.20969977974891663 0.2502611478169759 0.20634400844573975 0.25932858387629193 0.19392770528793335 0.26005397240320843 0.18788734078407288 0.26005397240320843 0.17983350157737732 0.24735955397288004
1 0.23285454511642456 0.20020892222722372 0.24392855167388916 0.19912081956863403 0.25970062613487244 0.19549385706583658 0.2539958357810974 0.20891364415486655 0.2516467869281769 0.21943187713623047 0.25030452013015747 0.2274112105369568 0.24191507697105408 0.2274112105369568 0.2372170239686966 0.2143541177113851
1 0.185873880982399 0.12585596243540445 0.18620945513248444 0.11098537842432658 0.20030365884304047 0.10373143355051677 0.21808917820453644 0.1030060350894928 0.23553913831710815 0.10953459143638611 0.24225068092346191 0.11461235086123149 0.23621031641960144 0.13347261150678 0.23419684171676636 0.14326543609301248 0.21976706385612488 0.14326543609301248 0.20869304239749908 0.14108925064404806 0.20164595544338226 0.13310990730921426 0.19124311208724976 0.12766945362091064
1 0.23486799001693726 0.14725510279337564 0.24996891617774963 0.14870589971542358 0.2523179352283478 0.1305710275967916 0.2580227553844452 0.11171076695124309 0.2637275457382202 0.10228063662846883 0.2529890835285187 0.11207347114880879 0.24661314487457275 0.11715123057365417 0.24023723602294922 0.13310990730921426 0.2378881722688675 0.14326543609301248
1 0.07177798449993134 0.3217125137646993 0.07312029600143433 0.29233402013778687 0.08788563311100006 0.28653087218602497 0.10164427012205124 0.28000231583913165 0.11338943243026733 0.27020949125289917 0.11775191873311996 0.25642699003219604 0.1338595747947693 0.265494426091512 0.1409066766500473 0.2734737793604533 0.14258454740047455 0.2832666039466858 0.144262433052063 0.28943244616190594 0.14191339910030365 0.29741179943084717 0.13620862364768982 0.30575382709503174 0.13285285234451294 0.31155699491500854 0.1284903585910797 0.32207520802815753 0.12513458728790283 0.3275156617164612 0.12345672398805618 0.33295613527297974 0.11137597262859344 0.3434743483861287 0.10500002652406693 0.3496402104695638 0.09191255271434784 0.3354949951171875 0.08117411285638809 0.3267902731895447
1 0.10432887822389603 0.3619718949000041 0.11406057327985764 0.3492774963378906 0.12748363614082336 0.333318829536438 0.13453073799610138 0.34673861662546795 0.14828935265541077 0.34456245104471844 0.16137681901454926 0.3325934211413066 0.1741287112236023 0.3296918471654256 0.16506816446781158 0.3485521078109741 0.1617123931646347 0.3612465063730876 0.16473259031772614 0.36958857377370197 0.15768547356128693 0.38373374938964844 0.14795377850532532 0.3935265938440959 0.14124225080013275 0.40331939856211346 0.13419516384601593 0.39026228586832684 0.12412786483764648 0.3721274534861247 0.11640960723161697 0.36813775698343915
1 0.0009765625 0.41238685448964435 0.0009765625 0.39896702766418457 0.0009765625 0.392075777053833 0.0009765625 0.3942519823710124 0.0009765625 0.40005513032277423 0.0009765625 0.40513288974761963 0.0009765625 0.4258066415786743 0.0009765625 0.43596216042836505 0.0009765625 0.43741293748219806 0.0009765625 0.43523677190144855 0.0009765625 0.42326776186625165 0.0009765625 0.41673922538757324
1 0.0009765625 0.2948729197184245 0.0009765625 0.2890697518984477 0.0009765625 0.28798166910807294 0.0009765625 0.29596100250879925 0.0009765625 0.3093808094660441 0.0009765625 0.3264275789260864 0.0009765625 0.33114264408747357 0.0009765625 0.3264275789260864 0.0009765625 0.30793001254399616 0.0009765625 0.2992252707481384
1 0.0009765625 0.26730791727701825 0.0009765625 0.27274837096532184 0.0009765625 0.2734737793604533 0.0009765625 0.2658571203549703 0.0009765625 0.2604166666666667 0.0009765625 0.25497621297836304 0.0009765625 0.2575150926907857 0.0009765625 0.265494426091512
1 0.0009765625 0.30321494738260907 0.0009765625 0.30321494738260907 0.0009765625 0.3017641504605611 0.0009765625 0.30321494738260907 0.0009765625 0.3169974486033122 0.0009765625 0.33368150393168133 0.0009765625 0.32715296745300293 0.0009765625 0.32280059655507404 0.0009765625 0.31663475433985394
1 0.0009765625 0.40114323298136395 0.0009765625 0.3873607317606608 0.0009765625 0.3735782305399577 0.0009765625 0.36958857377370197 0.0009765625 0.3775678873062134 0.0009765625 0.3855472405751546 0.0009765625 0.40005513032277423 0.0009765625 0.4120241403579712 0.0009765625 0.41673922538757324 0.0009765625 0.4276201327641805 0.0009765625 0.4348740577697754 0.0009765625 0.446480393409729 0.0009765625 0.447931170463562 0.0009765625 0.4435787995656331 0.0009765625 0.4334232807159424 0.0009765625 0.4214542706807454
1 0.0009765625 0.4649779399236043 0.0009765625 0.45264625549316406 0.0009765625 0.44684306780497235 0.0009765625 0.4435787995656331 0.0009765625 0.4428534110387166 0.0009765625 0.44611767927805585 0.0009765625 0.4519208272298177 0.0009765625 0.46606604258219403 0.0009765625 0.47477078437805176 0.0009765625 0.48528897762298584 0.0009765625 0.4943564335505168 0.0009765625 0.5005222956339518 0.0009765625 0.5048746665318807 0.0009765625 0.49834609031677246 0.0009765625 0.4874651829401652 0.0009765625 0.47549617290496826
1 0.0009765625 0.4722319046656291 0.0009765625 0.4642525513966878 0.0009765625 0.45663591225941974 0.0009765625 0.4522835413614909 0.0009765625 0.4548224210739136 0.0009765625 0.4620763858159383 0.0009765625 0.46969302495320636 0.0009765625 0.4758588870366414 0.0009765625 0.4751334587732951
1 0.0009765625 0.4649779399236043 0.0009765625 0.45264625549316406 0.0009765625 0.4399518171946208 0.0009765625 0.43886375427246094 0.006676218938082457 0.44829388459523517 0.010703126899898052 0.45409703254699707 0.010031980462372303 0.46171367168426514 0.0009765625 0.46316444873809814
1 0.0009765625 0.4323351780573527 0.0009765625 0.41819000244140625 0.0009765625 0.4094852606455485 0.007347365841269493 0.40259401003519696 0.017414657399058342 0.40005513032277423 0.02412617951631546 0.39932974179585773 0.03452903404831886 0.3996924161911011 0.03889152407646179 0.40186862150828045 0.04056940972805023 0.41456302007039386 0.03889152407646179 0.4214542706807454 0.029495399445295334 0.4265320301055908 0.02244829386472702 0.43124711513519287 0.01607234589755535 0.43958914279937744 0.012716584838926792 0.4472057819366455 0.005333916749805212 0.43958914279937744
1 0.015065616928040981 0.4595375061035156 0.02915981598198414 0.46896763642628986 0.03452903404831886 0.4722319046656291 0.04023383557796478 0.4744080702463786 0.0479520782828331 0.47839776674906415 0.05600591376423836 0.46824220816294354 0.06707992404699326 0.4544597069422404 0.0687578096985817 0.4457550048828125 0.06271743774414062 0.44321612517038983 0.0466097854077816 0.44103991985321045 0.04023383557796478 0.43378599484761554 0.03788480535149574 0.42798280715942383 0.02915981598198414 0.4341486692428589 0.023119449615478516 0.44031453132629395 0.018756959587335587 0.447931170463562 0.016407929360866547 0.45337164402008057
1 0.17782005667686462 0.26803330580393475 0.18688061833381653 0.276012659072876 0.18419599533081055 0.2868935664494832 0.17647774517536163 0.29015785455703735 0.17513543367385864 0.28217850128809613 0.17580659687519073 0.27202298243840534
1 0.18855847418308258 0.26368093490600586 0.20701515674591064 0.26368093490600586 0.20869304239749908 0.27274837096532184 0.19862577319145203 0.27528725067774457 0.18956522643566132 0.2698467969894409
1 0.21741802990436554 0.23611595233281454 0.23285454511642456 0.23176358143488565 0.24292181432247162 0.2314008871714274 0.24459969997406006 0.2353905439376831 0.2365458756685257 0.25134923060735065 0.234532430768013 0.2691214084625244 0.23218339681625366 0.27927692731221515 0.21741802990436554 0.27710074186325073 0.21204881370067596 0.2676706115404765 0.21406228840351105 0.25207461913426715
1 0.26204967498779297 0.23829213778177896 0.27983522415161133 0.22160806258519491 0.291244775056839 0.20963905254999796 0.3029899299144745 0.20492398738861084 0.31473514437675476 0.19839543104171753 0.3268158435821533 0.20165969928105673 0.3392322063446045 0.2085509498914083 0.3372187316417694 0.21725569168726602 0.32211777567863464 0.2357532580693563 0.31037262082099915 0.24735955397288004 0.29996976256370544 0.25316272179285687 0.2956072986125946 0.26005397240320843 0.281848669052124 0.25715239842732746 0.267754465341568 0.2535254160563151
1 0.0009765625 0.9477280775705973 0.0009765625 0.944101095199585 0.0009765625 0.9509923458099365 0.0009765625 0.9640494187672933 0.0009765625 0.9705779552459717 0.0009765625 0.9745676517486572 0.0009765625 0.9872620900472006 0.0009765625 0.9956041177113851 0.0009765625 0.9970548947652181 0.0009765625 0.9981429576873779 0.0009765625 0.9977803230285645 0.0009765625 0.980370839436849 0.0009765625 0.9662256240844727
1 0.0009765625 0.9034790198008219 0.0009765625 0.8864322503407797 0.0009765625 0.8799036343892416 0.0009765625 0.87301238377889 0.0009765625 0.8788155714670817 0.0009765625 0.8896965185801188 0.0009765625 0.9005773862202963 0.0009765625 0.9078313509623209 0.0009765625 0.9154480298360189 0.0009765625 0.920163075129191 0.0009765625 0.9194376468658447 0.0009765625 0.9136345386505127 0.0009765625 0.9107329050699869
1 0.0009765625 0.8254990577697754 0.0009765625 0.8225975036621094 0.0009765625 0.8316649595896403 0.0009765625 0.8414577643076578 0.0009765625 0.8468982378641764 0.0009765625 0.8476235866546631 0.0009765625 0.8356545766194662
1 0.0009765625 0.8508878548940023 0.0009765625 0.8508878548940023 0.0009765625 0.8650330702463785 0.0009765625 0.8726497491200765 0.0009765625 0.8838933308919271 0.0009765625 0.8875203132629395 0.0009765625 0.8984012603759766 0.0009765625 0.9052925109863281 0.0009765625 0.9034790198008219 0.0009765625 0.8849813938140869 0.0009765625 0.868660052617391
1 0.0009765625 0.7533222834269205 0.0009765625 0.7623897393544515 0.0009765625 0.7689182758331299 0.0009765625 0.7761722405751547 0.0009765625 0.782700777053833 0.0009765625 0.7903174559275309 0.0009765625 0.7972087065378824 0.0009765625 0.8033745288848877 0.0009765625 0.808452288309733 0.0009765625 0.816068967183431 0.0009765625 0.8193332354227701 0.0009765625 0.8200585842132568 0.0009765625 0.7939444382985433 0.0009765625 0.776897668838501
1 0.0009765625 0.8215094407399496 0.0009765625 0.8088150024414062 0.0009765625 0.7993848323822021 0.0009765625 0.7964832782745361 0.0009765625 0.8008356889088949 0.0009765625 0.8124419848124186 0.0009765625 0.8240482807159424 0.0009765625 0.8334784507751465 0.0009765625 0.8378307819366455 0.0009765625 0.8432712554931641 0.0009765625 0.8447220325469971 0.0009765625 0.8439966042836508 0.0009765625 0.8385562101999918 0.0009765625 0.83384108543396 0.0009765625 0.830939531326294
1 0.0009765625 0.841820478439331 0.004327187314629555 0.864307721455892 0.010031980462372303 0.8795409997304281 0.023455023765563965 0.8802663485209147 0.0368780680000782 0.8791782855987549 0.04358958825469017 0.8799036343892416 0.04593862220644951 0.8693854808807373 0.0472809337079525 0.8541521231333414 0.04694535955786705 0.8450847466786703 0.04526747390627861 0.8367427190144857 0.03922709822654724 0.8265872001647949 0.03218000382184982 0.8178824583689371 0.029495399445295334 0.808452288309733 0.028153086081147194 0.8022864659627279 0.03083770163357258 0.7950325012207031 0.02278386801481247 0.7866904735565186 0.01775023154914379 0.7852396965026855 0.012716584838926792 0.7863277594248453 0.003320458345115185 0.7917682329813639 0.0009765625 0.7972087065378824 0.0009765625 0.808452288309733 0.0009765625 0.8142554759979248 0.0009765625 0.8186078071594238 0.0009765625 0.8291260401407877 0.0009765625 0.835291862487793
1 0.05600591376423836 0.808452288309733 0.05466360226273537 0.8004729747772217 0.06473089009523392 0.7986594835917155 0.07312029600143433 0.7993848323822021 0.0784895122051239 0.808452288309733 0.0784895122051239 0.809903065363566 0.08318757265806198 0.8178824583689371 0.08755006641149521 0.8316649595896403 0.0888923779129982 0.8421831130981445 0.08788563311100006 0.8490743637084961 0.07379144430160522 0.8570537567138672 0.06909338384866714 0.8617688020070394 0.0687578096985817 0.853789488474528 0.06909338384866714 0.841820478439331 0.06506646424531937 0.8269498348236084 0.06003282964229584 0.8186078071594238
1 0.02915981598198414 0.784151554107666 0.03150884807109833 0.7892293135325114 0.03721364960074425 0.7892293135325114 0.05030111223459244 0.7939444382985433 0.05801936984062195 0.7957579294840494 0.06976453214883804 0.7957579294840494 0.07681162655353546 0.7964832782745361 0.07949624955654144 0.7877785364786783 0.07983182370662689 0.7758095264434814 0.07211355865001678 0.7515087922414144 0.06573761254549026 0.744980255762736 0.06171071529388428 0.731560468673706 0.05432802811264992 0.7370009422302246 0.05030111223459244 0.743529478708903 0.04560304805636406 0.756949265797933 0.04191170260310173 0.7652912934621176 0.03520018979907036 0.7732706864674886 0.03050212748348713 0.7790737946828207
1 0.06640877574682236 0.7377262910207113 0.07379144430160522 0.7246692180633545 0.08687891811132431 0.7174152533213297 0.10130869597196579 0.7170525391896566 0.10835579037666321 0.7253946463267008 0.11573845893144608 0.7351874510447184 0.1207721009850502 0.7395397822062174 0.1338595747947693 0.7402652104695638 0.1409066766500473 0.7409905592600504 0.1388932168483734 0.7529596487681071 0.13285285234451294 0.758400042851766 0.11540288478136063 0.7580374081929525 0.10701347887516022 0.7631151676177979 0.09694620966911316 0.7710944811503092 0.08755006641149521 0.7732706864674886 0.08184527605772018 0.7718199094136556 0.0805029645562172 0.7580374081929525 0.07144241780042648 0.7442549069722494
1 0.0009765625 0.6815082232157389 0.0009765625 0.6858606338500977 0.0009765625 0.6945653756459554 0.0009765625 0.7079851627349854 0.0009765625 0.7203168869018555 0.0009765625 0.7239437898000082 0.0009765625 0.7007311979929606
1 0.0009765625 0.72865891456604 0.0009765625 0.7156017621358236 0.0009765625 0.7018192609151205 0.0009765625 0.692389170328776 0.0009765625 0.6836844285329183 0.0009765625 0.6818709373474121 0.0009765625 0.6887621879577637 0.0009765625 0.696741501490275 0.0009765625 0.7108867168426514 0.0009765625 0.7224930127461752 0.0009765625 0.7333739598592123 0.0009765625 0.7460683981577555 0.0009765625 0.7605762481689453 0.0009765625 0.7750841776529948 0.0009765625 0.7754468123118082 0.0009765625 0.7681929270426432 0.0009765625 0.7587627569834391 0.0009765625 0.752596934636434 0.0009765625 0.7493326663970947
1 0.0009765625 0.7747214635213217 0.0009765625 0.7776230176289877 0.0009765625 0.7790737946828207 0.0009765625 0.7765349547068278 0.0009765625 0.7671047846476237 0.0009765625 0.7721825440724691 0.004662760533392429 0.7772603034973145 0.01775023154914379 0.7805245717366537 0.01808580383658409 0.7761722405751547 0.013723313808441162 0.7671047846476237 0.010703126899898052 0.7504207293192545 0.006340636406093836 0.7409905592600504 0.0036560315638780594 0.7333739598592123 0.0009765625 0.7243065039316813 0.0009765625 0.7232184410095215 0.0009765625 0.7235811551411947 0.0009765625 0.7282962004343668 0.0009765625 0.7355501651763916 0.0009765625 0.7486072381337484 0.0009765625 0.7547730604807535 0.0009765625 0.7627524534861246 0.0009765625 0.7707317670186361
1 0.0009765625 0.7170525391896566 0.0009765625 0.7097986539204916 0.0009765625 0.7036327521006266 0.0009765625 0.6985549926757812 0.014394470490515232 0.6847724914550781 0.020770419389009476 0.6706273555755615 0.021441565826535225 0.6622852881749471 0.03083770163357258 0.6543059349060059 0.04996553808450699 0.6452385187149048 0.0576837956905365 0.6426996390024821 0.05969725549221039 0.6474146842956543 0.05801936984062195 0.6553940375645956 0.05869051814079285 0.668088436126709 0.061375122517347336 0.6836844285329183 0.06204628571867943 0.696741501490275 0.06171071529388428 0.7068970203399658 0.06238185986876488 0.7145136992136637 0.06171071529388428 0.7181406815846761 0.05466360226273537 0.72865891456604 0.0479520782828331 0.7340993881225586 0.04694535955786705 0.7199541727701823 0.04056940972805023 0.7119747797648112 0.03385788947343826 0.7119747797648112 0.023790596053004265 0.7127002080281576 0.0070117926225066185 0.7181406815846761 0.0013069998240098357 0.7185033957163492 0.0009765625 0.7199541727701823 0.0009765625 0.7199541727701823
1 0.0009765625 0.5515518585840861 0.0009765625 0.5430484612782797 0.0009765625 0.5350765387217203 0.0009765625 0.5345450639724731 0.0009765625 0.5329506794611613 0.0009765625 0.5425170262654623 0.0009765625 0.555272102355957 0.0009765625 0.5579294363657633 0.0009765625 0.5648384491602579 0.0009765625 0.5738732814788818 0.0009765625 0.5887542565663656 0.0009765625 0.5977891286214193 0.0009765625 0.6036351919174194 0.0009765625 0.597257653872172 0.0009765625 0.5967261791229248 0.0009765625 0.5993835131327311 0.0009765625 0.5754677057266235 0.0009765625 0.5549178123474121
1 0.0009765625 0.5680272181828817 0.0009765625 0.5558035771052042 0.0009765625 0.5536777178446451 0.0009765625 0.5515518585840861 0.0026234197430312634 0.5584608713785807 0.0009765625 0.5659013589223226 0.0009765625 0.574404756228129 0.0009765625 0.574404756228129 0.0009765625 0.5712159872055054
1 0.0009765625 0.5186011791229248 0.0009765625 0.5074404875437418 0.0009765625 0.5047831535339355 0.0009765625 0.5159438848495483 0.0031151343137025833 0.5233843723932902 0.0009765625 0.5265731414159139 0.0009765625 0.522852897644043
1 0.0026234197430312634 0.5356079737345377 0.0036068581975996494 0.5558035771052042 0.009015802294015884 0.5643069744110107 0.021800566464662552 0.5669642686843872 0.03458533063530922 0.5749362309773763 0.04245288670063019 0.5765306154886881 0.04982871562242508 0.5685586929321289 0.06458035856485367 0.5605867306391398 0.07638167589902878 0.5526148080825806 0.08080717921257019 0.5435799360275269 0.07539824396371841 0.5313562949498495 0.061138298362493515 0.5180697441101074 0.06163003295660019 0.5154124101003011 0.04097772389650345 0.5154124101003011 0.026717787608504295 0.5154124101003011 0.020325396209955215 0.5180697441101074 0.010982688516378403 0.5265731414159139
1 0.006065468303859234 0.4909651279449463 0.008032354526221752 0.47289542357126874 0.012949574738740921 0.4665178457895915 0.026226064190268517 0.4734268585840861 0.039010826498270035 0.4813988208770752 0.04737010598182678 0.48405611515045166 0.04441976174712181 0.4904336929321289 0.040485989302396774 0.4936224619547526 0.019341956824064255 0.4936224619547526 0.012457850389182568 0.49415389696757
1 0.052287306636571884 0.49309098720550537 0.053762488067150116 0.48086734612782794 0.06261347979307175 0.46970661481221515 0.07293963432312012 0.4569515387217204 0.07638167589902878 0.4548256794611613 0.08867472410202026 0.45269982020060223 0.10490154474973679 0.4569515387217204 0.11621115356683731 0.463860551516215 0.12801246345043182 0.47448980808258057 0.13194623589515686 0.48033587137858075 0.13391312956809998 0.4877763589223226 0.13932207226753235 0.5005314747492472 0.1407972276210785 0.5100977818171183 0.13489657640457153 0.5196641286214193 0.13243797421455383 0.5313562949498495 0.09359194338321686 0.5318877696990967 0.08375750482082367 0.5366709232330322 0.07638167589902878 0.5260416666666666 0.06753068417310715 0.5170067946116129 0.070972740650177 0.5053146282831827 0.06556380540132523 0.49574828147888184 0.06064658612012863 0.4936224619547526
1 0.049336984753608704 0.5797193845113119 0.05032043159008026 0.5919430255889893 0.06458035856485367 0.603103756904602 0.0783485695719719 0.6078869104385376 0.08523266762495041 0.6116071542104086 0.09605055302381516 0.6057610511779785 0.12506213784217834 0.6020408074061075 0.13637174665927887 0.6025722821553549 0.1383386254310608 0.5993835131327311 0.12948763370513916 0.5882227818171183 0.12506213784217834 0.5706845124562582 0.13391312956809998 0.5478316148122152 0.1383386254310608 0.5398596922556559 0.1211283728480339 0.5387967824935913 0.11326082795858383 0.5366709232330322 0.09900087863206863 0.5366709232330322 0.0926084965467453 0.5377338329950968 0.08670784533023834 0.5430484612782797 0.08375750482082367 0.5488945643107096 0.07933201640844345 0.5573979616165161 0.07244790345430374 0.5637754996617635 0.06605552136898041 0.5685586929321289 0.06310519576072693 0.5701530774434408 0.05867968872189522 0.57227889696757
1 0.0009765625 0.6392432053883871 0.0009765625 0.6546556154886881 0.0011482482077553868 0.6615646282831827 0.014424736611545086 0.6589072942733765 0.024259177967905998 0.6557185252507528 0.0134412981569767 0.637117346127828 0.007048916071653366 0.6280824740727743 0.0009765625 0.6254251797993978 0.0009765625 0.6286139488220215
1 0.013933013193309307 0.6232993205388387 0.02327572926878929 0.6094812949498495 0.03409360721707344 0.6036351919174194 0.041961152106523514 0.5999149481455485 0.0542542040348053 0.6025722821553549 0.06064658612012863 0.6089498202006022 0.06998929381370544 0.6179846922556559 0.06703896820545197 0.6339285771052042 0.06359691172838211 0.6419004996617635 0.05572936683893204 0.6365858713785807 0.03606049343943596 0.6450892686843872 0.026717787608504295 0.6488095124562582 0.019341956824064255 0.637117346127828
1 0.06408864259719849 0.6488095124562582 0.0734313502907753 0.652529756228129 0.08129889518022537 0.6610331535339355 0.08277405798435211 0.6753826141357422 0.08031546324491501 0.6918579737345377 0.07392308115959167 0.7014242808024088 0.06605552136898041 0.7083333333333334 0.06654725223779678 0.6844174861907959 0.06408864259719849 0.66794220606486
1 0.07146447151899338 0.6424319744110107 0.07539824396371841 0.620110551516215 0.08474095165729523 0.6179846922556559 0.10342638194561005 0.6339285771052042 0.11965321004390717 0.652529756228129 0.13243797421455383 0.659970243771871 0.1452227383852005 0.6546556154886881 0.14817306399345398 0.6594387690226237 0.14669789373874664 0.6711309750874838 0.13391312956809998 0.6764455636342367 0.11965321004390717 0.6796343326568604 0.10539326071739197 0.6615646282831827 0.08572439849376678 0.65625 0.0783485695719719 0.6482780774434408
0 0.1383386254310608 0.6232993205388387 0.137846902012825 0.6094812949498495 0.14473100006580353 0.6046981414159139 0.15358199179172516 0.6137329737345377 0.15210683643817902 0.6270195643107096
1 0.14178067445755005 0.6381802558898926 0.152598574757576 0.633397102355957 0.15899094939231873 0.6169217824935913 0.1693171113729477 0.6062925259272257 0.1762012094259262 0.5988520383834839 0.1786598116159439 0.5850340127944946 0.19144457578659058 0.5845025380452474 0.20177073776721954 0.6025722821553549 0.21652239561080933 0.6323341925938925 0.2052127867937088 0.6392432053883871 0.19046112895011902 0.6498724619547526 0.18751080334186554 0.6700680255889893 0.18701909482479095 0.684949000676473 0.1717757135629654 0.6876062552134196 0.15849921107292175 0.679102897644043 0.15063166618347168 0.6711309750874838 0.15309028327465057 0.6610331535339355 0.15063166618347168 0.6498724619547526
1 0.1383386254310608 0.4782100518544515 0.14620618522167206 0.4649234612782796 0.152598574757576 0.46014030774434406 0.1693171113729477 0.46014030774434406 0.17767636477947235 0.47076956431070965 0.18210187554359436 0.5005314747492472 0.18308532238006592 0.5095663070678711 0.16636675596237183 0.5095663070678711 0.1501399576663971 0.5026572942733765 0.14178067445755005 0.49521684646606445
1 0.14325584471225739 0.5414540767669678 0.137846902012825 0.5271045764287313 0.14718961715698242 0.5127551158269247 0.16833366453647614 0.5132865508397421 0.18701909482479095 0.5175382693608602 0.19390319287776947 0.5324192047119141 0.1978369802236557 0.5494260390599569 0.19587008655071259 0.5680272181828817 0.19488660991191864 0.5754677057266235 0.1786598116159439 0.578125 0.16095782816410065 0.5616496404012045 0.14964821934700012 0.5510204235712687
1 0.1816101372241974 0.4590773979822795 0.19587008655071259 0.4558885892232259 0.2170141190290451 0.4585459232330322 0.22783198952674866 0.4590773979822795 0.2435670793056488 0.47183247407277423 0.2524181008338928 0.4819302558898926 0.24061675369739532 0.4883078336715698 0.2002955675125122 0.49734270572662354 0.18898597359657288 0.5015943845113119 0.18505220115184784 0.4813988208770752 0.18013498187065125 0.46545493602752686
1 0.18751080334186554 0.5090348720550537 0.22783198952674866 0.5 0.24209192395210266 0.4925595124562581 0.25684359669685364 0.48990221818288165 0.2696283459663391 0.5 0.2696283459663391 0.5143495003382365 0.2666780352592468 0.5324192047119141 0.262252539396286 0.544111410776774 0.2509429454803467 0.5542091925938925 0.2366829663515091 0.5637754996617635 0.22242304682731628 0.5717474619547526 0.2125886082649231 0.5765306154886881 0.20078730583190918 0.5754677057266235 0.20422935485839844 0.5584608713785807 0.20177073776721954 0.544111410776774 0.19685351848602295 0.5308248202006022 0.1934114545583725 0.5212585131327311
1 0.2607773244380951 0.4851190646489461 0.2656945586204529 0.4734268585840861 0.26815319061279297 0.4665178457895915 0.282413125038147 0.47076956431070965 0.29273927211761475 0.48033587137858075 0.29519787430763245 0.486713449160258 0.28585517406463623 0.4883078336715698 0.2789710462093353 0.49149660269419354 0.2740538418292999 0.49521684646606445 0.26421940326690674 0.49309098720550537
1 0.23914159834384918 0.6248937050501505 0.2715952396392822 0.6376488208770752 0.2868385910987854 0.6376488208770752 0.29028066992759705 0.6296768585840861 0.29028066992759705 0.6057610511779785 0.2917558252811432 0.5892857313156128 0.2843800187110901 0.5871598720550537 0.27110350131988525 0.5892857313156128 0.26176080107688904 0.5977891286214193 0.24946773052215576 0.6089498202006022 0.24258366227149963 0.6174532175064087
1 0.4763210415840149 0.0013020833333333333 0.48421403765678406 0.010326867923140526 0.4875374138355255 0.01885775849223137 0.4933532774448395 0.01840876415371895 0.497092068195343 0.005387930820385615 0.4975074827671051 0.0013020833333333333 0.4875374138355255 0.0013020833333333333
1 0.5024925470352173 0.004040948425730069 0.49875372648239136 0.016163793702920277 0.4995845854282379 0.02065373584628105 0.5137088894844055 0.026041666666666668 0.5211864113807678 0.03142959872881571 0.5265868902206421 0.024245689312616985 0.5386340618133545 0.01975574716925621 0.5490195751190186 0.015265805025895437 0.5540046095848083 0.011224855979283651 0.5564971566200256 0.0031429597487052283 0.5394648909568787 0.0017959770436088245 0.5170322060585022 0.0013469827050964038
1 0.48255234956741333 0.029184627036253612 0.4975074827671051 0.022898706297079723 0.5116317272186279 0.029184627036253612 0.5253406167030334 0.03726652264595032 0.536141574382782 0.052532325188318886 0.5490195751190186 0.06465517481168111 0.5623130202293396 0.06824712455272675 0.5606513619422913 0.09383979439735413 0.5527583360671997 0.09922772645950317 0.5332335829734802 0.10147270560264587 0.5103854537010193 0.11000359058380127 0.4933532774448395 0.11943246920903523 0.4858756959438324 0.11494253079096477 0.4833832085132599 0.10551365216573079 0.48670655488967896 0.0826149433851242 0.49210700392723083 0.06690014402071635 0.4979228973388672 0.05163434147834778 0.49210700392723083 0.03861350566148758
1 0.33798614144325256 0.2007004221280416 0.3537721335887909 0.1791487137476603 0.36249592900276184 0.17106680075327554 0.3757893741130829 0.16971983512242636 0.39365246891975403 0.17016881704330444 0.4040379524230957 0.18498563766479492 0.40112999081611633 0.19755746920903525 0.39365246891975403 0.21327227354049683 0.3899136781692505 0.22808907429377237 0.37703564763069153 0.23392599821090698 0.367480993270874 0.24066092570622763 0.3612496554851532 0.24470186233520508 0.3541875183582306 0.24245689312616983 0.3558492064476013 0.2276400923728943 0.3537721335887909 0.21955819924672446 0.3462945520877838 0.2159662445386251 0.3421403467655182 0.2128232717514038
1 0.3350782096385956 0.2783764402071635 0.35543379187583923 0.2846623659133911 0.3604188561439514 0.2837643623352051 0.3583417236804962 0.27433548370997113 0.35958799719810486 0.25502874453862506 0.3633267879486084 0.24874281883239746 0.3546029329299927 0.24874281883239746 0.34795621037483215 0.25727371374766034 0.34047868847846985 0.26580458879470825
1 0.32136934995651245 0.2949892282485962 0.34089407324790955 0.2967851956685384 0.34754079580307007 0.30262211958567303 0.34961792826652527 0.3169899384180705 0.33300110697746277 0.331806759039561 0.31679973006248474 0.3349497318267822 0.32593896985054016 0.3394396702448527 0.3421403467655182 0.3403376340866089 0.34587913751602173 0.3394396702448527 0.3562646508216858 0.32237788041432697 0.3591725826263428 0.3142959674199422 0.35709547996520996 0.2954382101694743 0.35751092433929443 0.2891523043314616 0.3446328639984131 0.2851113478342692 0.3338319659233093 0.2819683949152629 0.32635438442230225 0.28556034962336224
1 0.24534747004508972 0.2945402264595032 0.25656381249427795 0.28825430075327557 0.27318063378334045 0.2887033025423686 0.296028733253479 0.2904992898305257 0.30475252866744995 0.293193240960439 0.3113992512226105 0.3008261521657308 0.30973759293556213 0.3142959674199422 0.2906282842159271 0.3183369239171346 0.2843969464302063 0.3241738478342692 0.2868894934654236 0.33270474274953205 0.2868894934654236 0.33764366308848065 0.28273528814315796 0.35470545291900635 0.28315070271492004 0.36413435141245526 0.279827356338501 0.36413435141245526 0.2702726423740387 0.3493175109227498 0.2636259198188782 0.34437859058380127 0.25656381249427795 0.32013291120529175 0.24908626079559326 0.3080100615819295
1 0.2773348391056061 0.370869239171346 0.28522780537605286 0.3690732717514038 0.3035062849521637 0.3776041666666667 0.32386183738708496 0.38344109058380127 0.33300110697746277 0.3883800109227498 0.34006327390670776 0.4130747318267822 0.3442174792289734 0.42609556516011554 0.3446328639984131 0.43327943483988446 0.32843148708343506 0.4400143623352051 0.31638431549072266 0.44585128625233966 0.30184459686279297 0.4593211015065511 0.29270535707473755 0.46560704708099365 0.27567312121391296 0.4629130760828654 0.269857257604599 0.4620150725046794 0.2673647105693817 0.4476472536722819 0.2702726423740387 0.4202586015065511 0.27567312121391296 0.4027478297551473 0.2769193649291992 0.38748204708099365
1 0.3924061954021454 0.43956538041432697 0.4019608497619629 0.4278915325800578 0.4131771922111511 0.4256465435028076 0.4372715651988983 0.42474857966105145 0.4609505236148834 0.42429955800374347 0.4671818017959595 0.42834051450093585 0.47715190052986145 0.4404633442560832 0.48005983233451843 0.44809627532958984 0.46801266074180603 0.46381107966105145 0.4597042500972748 0.4781788984934489 0.4538883864879608 0.48760775725046795 0.4447491466999054 0.4970366557439168 0.43644073605537415 0.49973058700561523 0.42148557305336 0.4943426847457886 0.41026926040649414 0.488056739171346 0.39822205901145935 0.4804238478342692 0.39115995168685913 0.4593211015065511
1 0.4040379524230957 0.3865840435028076 0.40985384583473206 0.3838900725046794 0.4273014962673187 0.38568607966105145 0.4443337023258209 0.38703306516011554 0.4563808739185333 0.39197198549906415 0.4642738699913025 0.4040948152542114 0.46510469913482666 0.41127872467041016 0.46261218190193176 0.41980961958567303 0.4472416639328003 0.42160558700561523 0.4297940135002136 0.42070762316385907 0.41026926040649414 0.42070762316385907 0.4115155041217804 0.4072377681732178 0.40819212794303894 0.39421693483988446
1 0.34297120571136475 0.47368892033894855 0.34587913751602173 0.45887211958567303 0.34712541103363037 0.448994239171346 0.34546372294425964 0.4413613478342692 0.3562646508216858 0.43956538041432697 0.36415764689445496 0.44585128625233966 0.370388925075531 0.4566271702448527 0.3728814423084259 0.4669540325800578 0.37412771582603455 0.47683191299438477 0.37662023305892944 0.4804238478342692 0.3782818913459778 0.4867097536722819 0.37205058336257935 0.4956896702448527 0.3662347197532654 0.5028735796610514 0.3566800653934479 0.5019755760828654 0.35709547996520996 0.49524064858754474 0.3508642017841339 0.4840158224105835
1 0.34089407324790955 0.5441810290018717 0.35252586007118225 0.5486709674199423 0.36249592900276184 0.547773003578186 0.37454310059547424 0.5338541666666666 0.37620481848716736 0.5271192391713461 0.370388925075531 0.5100574890772501 0.3604188561439514 0.5078125 0.35543379187583923 0.508710503578186 0.3487870693206787 0.5140984058380127 0.3425557613372803 0.5203843514124552 0.33757075667381287 0.5284662246704102 0.3367398977279663 0.5320581992467245
1 0.3317548334598541 0.5711206992467245 0.35003334283828735 0.5715696811676025 0.35751092433929443 0.5625898043314616 0.35294127464294434 0.5527119239171346 0.3388170003890991 0.5482219854990641 0.3325856924057007 0.5486709674199423 0.3300931751728058 0.5576508442560831
1 0.10285836458206177 0.7866379419962565 0.10368920117616653 0.772719144821167 0.11241302639245987 0.7664331595102946 0.1261218786239624 0.7650861740112305 0.13858449459075928 0.7623922030131022 0.14606204628944397 0.7484734058380127 0.15312419831752777 0.7372485796610514 0.16600221395492554 0.7251257101694742 0.17555688321590424 0.7174928188323975 0.18801948428153992 0.7058189709981283 0.18428069353103638 0.7219827969868978 0.1813727617263794 0.7363505363464355 0.18469612300395966 0.7498203913370768 0.1863577961921692 0.7619432608286539 0.18012650310993195 0.772270123163859 0.1714026778936386 0.7825969854990641 0.16392512619495392 0.7915768623352051 0.16143259406089783 0.8001077969868978 0.16143259406089783 0.8077406883239746 0.16517138481140137 0.8158225218454996 0.16143259406089783 0.8212104638417562 0.15312419831752777 0.8239044348398844 0.14232327044010162 0.8230064709981283 0.13858449459075928 0.8216594854990641 0.12778356671333313 0.8104346593221029 0.11864431947469711 0.7996587753295898 0.10784339904785156 0.7893319129943848
1 0.10908965766429901 0.8656609058380127 0.13276860117912292 0.8656609058380127 0.15146251022815704 0.8625179926554362 0.15644755959510803 0.8575789928436279 0.14897000789642334 0.8355782826741537 0.1477237343788147 0.8270474274953207 0.13692282140254974 0.8265984058380127 0.12446020543575287 0.8333333333333334 0.11822891235351562 0.8454562028249105 0.1115821897983551 0.8535380363464355 0.1115821897983551 0.8611710071563721
1 0.15437045693397522 0.8306393623352051 0.16641764342784882 0.8234554926554362 0.16766388714313507 0.8333333333333334 0.1618480235338211 0.8391702969868978
1 0.162263423204422 0.8571300506591797 0.17514146864414215 0.859375 0.18303443491458893 0.8539870580037435 0.1788802444934845 0.8414152463277181 0.17223350703716278 0.8373742898305258 0.162263423204422 0.8463541666666666
1 0.17098724842071533 0.8059446811676025 0.1834498643875122 0.8036997318267822 0.18885032832622528 0.8045976956685384 0.19258908927440643 0.7929238478342692 0.2029746025800705 0.7834949493408203 0.2075442522764206 0.7803520361582438 0.193419948220253 0.772719144821167 0.18261902034282684 0.7799030145009359 0.17472603917121887 0.7888828913370768 0.1718181073665619 0.7965157826741537 0.17057184875011444 0.8014547030131022
1 0.19757413864135742 0.7008800506591797 0.22748437523841858 0.6977370580037435 0.24077782034873962 0.6936961015065511 0.25448670983314514 0.6887571811676025 0.2677801549434662 0.6932471593221029 0.2744268476963043 0.6995330651601156 0.27068808674812317 0.7049210071563721 0.25905632972717285 0.7152478694915771 0.2528250217437744 0.7219827969868978 0.24742455780506134 0.7309626738230387 0.24451661109924316 0.7435344854990641 0.24160867929458618 0.7498203913370768 0.22831523418426514 0.7619432608286539 0.2266535609960556 0.7713721593221029 0.23039235174655914 0.7799030145009359 0.2170989066362381 0.7803520361582438 0.20962132513523102 0.7772090435028076 0.19425080716609955 0.7673312028249105 0.19009658694267273 0.7556573549906412 0.18677322566509247 0.733656644821167 0.1930045336484909 0.7179418404897054
0 0.23745448887348175 0.6303879419962565 0.25864091515541077 0.6478987137476603 0.2694418430328369 0.6582255760828654 0.2765039801597595 0.6470007101694742 0.2789964973926544 0.6420617898305258 0.2636259198188782 0.6384698152542114 0.2511633336544037 0.6344288984934489 0.24243953824043274 0.6303879419962565
1 0.2623796761035919 0.6865122318267822 0.272765189409256 0.6932471593221029 0.2864740490913391 0.6927981376647949 0.29769039154052734 0.6860632101694742 0.3010137379169464 0.6752873261769613 0.30392172932624817 0.6690014203389486 0.3026754558086395 0.6627155145009359 0.2935362160205841 0.655082623163859 0.2914590835571289 0.6429597536722819 0.28564321994781494 0.6434087753295898 0.28107357025146484 0.6546336015065511 0.2777502238750458 0.6658584674199423 0.27110350131988525 0.6770833333333334 0.2648721933364868 0.6824712753295898
1 0.2777502238750458 0.7022270361582438 0.298936665058136 0.6950430870056152 0.3105683922767639 0.6950430870056152 0.31596890091896057 0.7008800506591797 0.3197076618671417 0.7139008839925131 0.3251081109046936 0.7242277463277181 0.32884690165519714 0.7300646305084229 0.3267698287963867 0.741738478342692 0.31430718302726746 0.7444324493408203 0.29561328887939453 0.7453304926554362 0.28356608748435974 0.7444324493408203 0.2769193649291992 0.7444324493408203 0.27401143312454224 0.7291666666666666 0.2773348391056061 0.7143498261769613
1 0.272765189409256 0.7623922030131022 0.272765189409256 0.751167376836141 0.28315070271492004 0.7484734058380127 0.30392172932624817 0.7480244636535645 0.3246926963329315 0.7471264203389486 0.3222001791000366 0.7592492898305258 0.31223011016845703 0.7637391885121664 0.30226001143455505 0.7677801450093588 0.2914590835571289 0.7632902463277181 0.2823198437690735 0.7614942391713461
1 0.3363244831562042 0.7367995580037435 0.3533566892147064 0.7345546086629232 0.36249592900276184 0.7314116160074869 0.35709547996520996 0.7242277463277181 0.34795621037483215 0.7233297030131022 0.33798614144325256 0.7242277463277181 0.337155282497406 0.7314116160074869
1 0.43187108635902405 0.7534123261769613 0.44101035594940186 0.7628412246704102 0.4501495957374573 0.7637391885121664 0.4547191858291626 0.7614942391713461 0.4493187367916107 0.7534123261769613 0.4426720142364502 0.7439835071563721 0.43436363339424133 0.7462284564971924
1 0.402376264333725 0.1674748659133911 0.41483885049819946 0.1679238478342692 0.4165005683898926 0.18184266487757364 0.415669709444046 0.1885775923728943 0.41234636306762695 0.18723060687383017 0.40736132860183716 0.1786997119585673 0.402376264333725 0.17196480433146158
1 0.42023932933807373 0.16837284962336221 0.4331173598766327 0.15625 0.43477901816368103 0.15625 0.43934866786003113 0.15669899185498556 0.44890332221984863 0.16567887862523398 0.4547191858291626 0.17510775725046793 0.44848790764808655 0.1845366358757019 0.44101035594940186 0.19127154350280762 0.42688605189323425 0.19037355979283652 0.42190101742744446 0.18588362137476602 0.4210701882839203 0.17331178983052573
1 0.44599539041519165 0.15490301450093588 0.46302759647369385 0.14996408422787985 0.48670655488967896 0.14951508243878683 0.5078929662704468 0.14682112137476602 0.5070621371269226 0.15669899185498556 0.5020771026611328 0.1638829012711843 0.48005983233451843 0.1679238478342692 0.45845797657966614 0.1728627880414327 0.4522266685962677 0.1620869239171346
1 0.5182784795761108 0.1571479837099711 0.5224326848983765 0.14592312773068747 0.530325710773468 0.14143318931261697 0.5461116433143616 0.1504130760828654 0.5448653697967529 0.1670258641242981 0.530325710773468 0.16971983512242636 0.5182784795761108 0.1652298867702484
1 0.530325710773468 0.13514727354049683 0.539049506187439 0.12437140941619873 0.5502657890319824 0.12077945470809937 0.5681288838386536 0.11943246920903523 0.5747756361961365 0.11853448549906413 0.565636396408081 0.1346982717514038 0.5506812334060669 0.1486170987288157 0.536141574382782 0.14098419745763144
1 0.5531737804412842 0.17151580254236856 0.5544200539588928 0.15220905343691507 0.5726985335350037 0.1346982717514038 0.5847457051277161 0.12167743841807048 0.6213026642799377 0.09428879618644714 0.6275339722633362 0.09114583333333333 0.6507975459098816 0.10237068931261699 0.65702885389328 0.1221264402071635 0.6537054181098938 0.13739224274953207 0.643735408782959 0.16029094656308493 0.6275339722633362 0.17600574096043906 0.6167330741882324 0.18184266487757364 0.5913923978805542 0.18902657429377237 0.5643901824951172 0.18812859058380127 0.5560817122459412 0.18498563766479492 0.55234295129776 0.17600574096043906
1 0.44059494137763977 0.20159842570622763 0.4480724632740021 0.18723060687383017 0.46053510904312134 0.1778017282485962 0.4754902124404907 0.17555675903956094 0.47424396872520447 0.18767958879470825 0.47715190052986145 0.19755746920903525 0.46261218190193176 0.20474137862523398 0.45596545934677124 0.2119252880414327 0.4472416639328003 0.2119252880414327 0.4426720142364502 0.20563936233520508
1 0.39572954177856445 0.22988506158192953 0.40112999081611633 0.2128232717514038 0.4094384014606476 0.1962104837099711 0.4252243638038635 0.19306753079096475 0.4372715651988983 0.20384339491526285 0.43893322348594666 0.2177622119585673 0.4381024241447449 0.23033404350280762 0.43228650093078613 0.23841595649719238 0.4206547737121582 0.2402119239171346 0.4086075723171234 0.23482400178909302
0 0.38326695561408997 0.27658045291900635 0.39323702454566956 0.2568247119585673 0.402376264333725 0.24874281883239746 0.4036225378513336 0.23841595649719238 0.41691598296165466 0.24335487683614096 0.42148557305336 0.24874281883239746 0.4135926067829132 0.2711925307909648 0.40985384583473206 0.28151939312616986 0.396560400724411 0.2819683949152629
1 0.41691598296165466 0.2783764402071635 0.42937856912612915 0.24829381704330444 0.441841185092926 0.23706897099812826 0.4563808739185333 0.24829381704330444 0.4634430408477783 0.2617636521657308 0.4609505236148834 0.27702945470809937 0.46053510904312134 0.2887033025423686 0.4572117328643799 0.30486708879470825 0.4443337023258209 0.3084590435028076 0.4281322956085205 0.30531609058380127 0.41982391476631165 0.2904992898305257 0.4177468419075012 0.2846623659133911
1 0.4609505236148834 0.3102550307909648 0.4667663872241974 0.2945402264595032 0.4804752469062805 0.29768319924672443 0.4954303801059723 0.30531609058380127 0.4995845854282379 0.31788792212804157 0.497092068195343 0.3255208333333333 0.48462948203086853 0.3255208333333333 0.4705051779747009 0.3210308949152629
1 0.4235627055168152 0.34617455800374347 0.43145567178726196 0.33315374453862506 0.4360252916812897 0.3210308949152629 0.45762714743614197 0.3232758641242981 0.4667663872241974 0.32462284962336224 0.47465938329696655 0.3282148043314616 0.4783981442451477 0.3403376340866089 0.4804752469062805 0.35246050357818604 0.4671818017959595 0.36144038041432697 0.4513958692550659 0.36054237683614093 0.4356098771095276 0.35246050357818604
1 0.3637422025203705 0.3174389402071635 0.36249592900276184 0.29768319924672443 0.36498844623565674 0.28780531883239746 0.37911275029182434 0.2797234257062276 0.38866740465164185 0.2842133641242981 0.399468332529068 0.2864583333333333 0.4094384014606476 0.2860093315442403 0.41483885049819946 0.292744259039561 0.42439356446266174 0.30262211958567303 0.4273014962673187 0.31519397099812824 0.42273184657096863 0.3336027463277181 0.41442346572875977 0.3362966775894165 0.39115995168685913 0.3255208333333333 0.373296856880188 0.32192887862523395
1 0.1909274160861969 0.8521911303202311 0.22582270205020905 0.859824021657308 0.2457628846168518 0.8607219854990641 0.25697919726371765 0.858925978342692 0.25448670983314514 0.8301903406778971 0.2507479190826416 0.8086386521657308 0.24327035248279572 0.7888828913370768 0.22291477024555206 0.7866379419962565 0.20920592546463013 0.789780855178833 0.19632788002490997 0.7992097536722819 0.20089752972126007 0.8104346593221029 0.19923581182956696 0.8261494636535645 0.19965125620365143 0.8355782826741537 0.19466620683670044 0.8481501738230387
1 0.1045200377702713 0.8885596593221029 0.10825882852077484 0.8750898043314616 0.12196768075227737 0.8705998261769613 0.1427386850118637 0.8723958333333334 0.15561670064926147 0.8723958333333334 0.15935549139976501 0.8809266885121664 0.14938540756702423 0.9020294348398844 0.13733822107315063 0.9168462753295898 0.1311069279909134 0.9262751738230387 0.12072141468524933 0.9154992898305258 0.11241302639245987 0.9029274781545004
1 0.08707239478826523 0.9823994636535645 0.099950410425663 0.9797054926554362 0.10992049425840378 0.9877873261769613 0.11075133085250854 0.9958692391713461 0.10402154177427292 0.9986979166666666 0.09081117808818817 0.9986979166666666 0.08707239478826523 0.9972162246704102 0.08624155819416046 0.9900323549906412
1 0.10867423564195633 0.9797054926554362 0.11324385553598404 0.9577047030131022 0.11698264628648758 0.9577047030131022 0.12279851734638214 0.9743175506591797 0.1311069279909134 0.9783585071563721 0.14149242639541626 0.9671336015065511 0.16600221395492554 0.9446838696797689 0.17098724842071533 0.9514187971750895 0.16849474608898163 0.9765625 0.1643405258655548 0.9918282826741537 0.16891014575958252 0.9954202969868978 0.16600221395492554 0.9981141885121664 0.14440037310123444 0.9967672030131022 0.12695273756980896 0.9981141885121664 0.11905974894762039 0.9985632101694742 0.1140746921300888 0.9868893623352051
1 0.1763877123594284 0.9976652463277181 0.17597229778766632 0.9904812971750895 0.18677322566509247 0.9819504419962565 0.19674329459667206 0.9779094854990641 0.20962132513523102 0.9810524781545004 0.2241610437631607 0.9774604638417562 0.2482554018497467 0.9595007101694742 0.25240960717201233 0.9657866160074869 0.2436857968568802 0.9756645361582438 0.23246943950653076 0.9837463696797689 0.2291460931301117 0.9918282826741537 0.22831523418426514 0.9981141885121664 0.2182343602180481 0.9986979166666666 0.188434898853302 0.9986979166666666
1 0.1668330579996109 0.8809266885121664 0.1738952100276947 0.8638649781545004 0.18885032832622528 0.858925978342692 0.212529256939888 0.8647629419962565 0.2337156981229782 0.8728448549906412 0.2362082153558731 0.8930495580037435 0.23537737131118774 0.9249281883239746 0.22956149280071259 0.9276221593221029 0.20463627576828003 0.9190912246704102 0.195497065782547 0.9123562971750895 0.18178819119930267 0.9006824493408203 0.17347978055477142 0.8934985796610514
1 0.24493202567100525 0.9240301450093588 0.2411932796239853 0.8943965435028076 0.24285493791103363 0.8746407826741537 0.25905632972717285 0.8705998261769613 0.27858108282089233 0.8840696811676025 0.2843969464302063 0.8872126738230387 0.2632105350494385 0.9101113478342692 0.2511633336544037 0.9280711015065511 0.2461782842874527 0.9312140941619873
1 0.2623796761035919 0.8634159564971924 0.25614839792251587 0.8149245580037435 0.25614839792251587 0.8041486740112305 0.28315070271492004 0.8248024781545004 0.29810580611228943 0.8337823549906412 0.2985212206840515 0.8526400725046793 0.29976749420166016 0.8692528406778971 0.29769039154052734 0.8791307608286539 0.288966566324234 0.8818247318267822 0.2744268476963043 0.8791307608286539 0.26819556951522827 0.8701508839925131
1 0.298936665058136 0.8863146305084229 0.3113992512226105 0.8831717173258463 0.3296777606010437 0.8822736740112305 0.33757075667381287 0.8908046086629232 0.33798614144325256 0.9015804926554362 0.32884690165519714 0.9078663984934489 0.31430718302726746 0.9110093116760254 0.30433711409568787 0.9011314709981283
1 0.3030908703804016 0.8566810290018717 0.3222001791000366 0.8499461015065511 0.32843148708343506 0.8423132101694742 0.3467099666595459 0.8450071811676025 0.3587571382522583 0.8499461015065511 0.3417249321937561 0.8652119636535645 0.3276006281375885 0.8764367898305258 0.3130609393119812 0.8782327969868978 0.3035062849521637 0.868354876836141
1 0.36249592900276184 0.8674569129943848 0.36166509985923767 0.8517421086629232 0.37371230125427246 0.8468031883239746 0.3828515112400055 0.850844144821167 0.38908281922340393 0.8625179926554362 0.3874211609363556 0.8710488478342692 0.3712197542190552 0.8719468116760254
1 0.39572954177856445 0.8917025725046793 0.39572954177856445 0.867905855178833 0.40528419613838196 0.858925978342692 0.42148557305336 0.8625179926554362 0.4273014962673187 0.8822736740112305 0.42439356446266174 0.8939475218454996
1 0.34504827857017517 0.9006824493408203 0.3604188561439514 0.9087643623352051 0.3678963780403137 0.906968355178833 0.36955809593200684 0.8966414928436279 0.3654038608074188 0.8827226956685384 0.34754079580307007 0.8845187028249105
1 0.32386183738708496 0.7623922030131022 0.32843148708343506 0.7489224274953207 0.334247350692749 0.742636521657308 0.3417249321937561 0.7403914928436279 0.35211044549942017 0.7390445073445638 0.37163516879081726 0.7359015941619873 0.3828515112400055 0.741738478342692 0.40071460604667664 0.7525143623352051 0.4036225378513336 0.7605962753295898 0.4065304696559906 0.772719144821167 0.396560400724411 0.8005567391713461 0.38326695561408997 0.8063937028249105 0.36498844623565674 0.8086386521657308 0.34297120571136475 0.8077406883239746 0.33300110697746277 0.8050467173258463 0.3388170003890991 0.7987608114878336 0.33757075667381287 0.7861889203389486 0.3300931751728058 0.7718211015065511
1 0.39115995168685913 0.8149245580037435 0.4036225378513336 0.8248024781545004 0.41691598296165466 0.8391702969868978 0.4235627055168152 0.8445581595102946 0.4306248426437378 0.8423132101694742 0.4372715651988983 0.8301903406778971 0.44350287318229675 0.8194145361582438 0.4426720142364502 0.8041486740112305 0.4372715651988983 0.7987608114878336 0.41442346572875977 0.8032507101694742 0.3990529179573059 0.8036997318267822 0.39282160997390747 0.8072916666666666
1 0.40279167890548706 0.7987608114878336 0.42231643199920654 0.7956178188323975 0.4327019453048706 0.7920258839925131 0.43893322348594666 0.7875359058380127 0.44391828775405884 0.7745150725046793 0.44391828775405884 0.7695761521657308 0.43228650093078613 0.7623922030131022 0.42397812008857727 0.7538613478342692 0.41525429487228394 0.751167376836141 0.4094384014606476 0.7543103694915771 0.4115155041217804 0.7677801450093588 0.4106846749782562 0.7794539928436279 0.4048687815666199 0.7924748261769613
0 0.3919907510280609 0.7219827969868978 0.4015454053878784 0.7242277463277181 0.40819212794303894 0.7237787246704102 0.4165005683898926 0.7156968116760254 0.4210701882839203 0.7094109058380127 0.42148557305336 0.7040229638417562 0.4094384014606476 0.6986350218454996 0.3990529179573059 0.694594144821167 0.3944832682609558 0.7013289928436279 0.39323702454566956 0.711655855178833
1 0.4397640824317932 0.7022270361582438 0.4480724632740021 0.6954921086629232 0.46759724617004395 0.6865122318267822 0.4817214906215668 0.6878592173258463 0.48961448669433594 0.6972880363464355 0.48712196946144104 0.7139008839925131 0.48005983233451843 0.7260236740112305 0.4763210415840149 0.7359015941619873 0.4642738699913025 0.7273706595102946 0.4513958692550659 0.7192888259887695 0.4426720142364502 0.7094109058380127
1 0.3008950650691986 0.6504002412160238 0.2943670153617859 0.631799062093099 0.3127641975879669 0.6273091236750284 0.33294177055358887 0.6093493302663168 0.33116137981414795 0.5849753618240356 0.3394698202610016 0.5798439979553223 0.35727351903915405 0.5798439979553223 0.3703295886516571 0.597803791364034 0.3750772476196289 0.6170463959376017 0.3679557144641876 0.6324404875437418 0.34599781036376953 0.647834579149882 0.33056795597076416 0.6587386926015218 0.32403990626335144 0.6664357582728068 0.31157732009887695 0.6638700564702352 0.3056427240371704 0.6574558814366659
1 0.36261463165283203 0.5747126340866089 0.3638015389442444 0.5561114549636841 0.3756707012653351 0.5413587888081869 0.3851660192012787 0.5381517012914022 0.40059587359428406 0.540075937906901 0.415432333946228 0.540075937906901 0.42908182740211487 0.5561114549636841 0.4332360327243805 0.5759954849878947 0.4166192412376404 0.5862582127253214 0.39584821462631226 0.5926724274953207 0.3780445158481598 0.5939552386601766 0.36736229062080383 0.5836925109227499
1 0.37430769205093384 0.637586792310079 0.3807328939437866 0.629774292310079 0.3996067941188812 0.6354166666666666 0.3967958092689514 0.65234375 0.39840206503868103 0.6653645833333334 0.3855517506599426 0.653211792310079 0.38193759322166443 0.6480034589767456
1 0.3859533369541168 0.6223958333333334 0.3855517506599426 0.5993923743565878 0.4160712957382202 0.5980902910232544 0.4373546540737152 0.5824652910232544 0.454220712184906 0.5980902910232544 0.4658662974834442 0.608506957689921 0.4550238251686096 0.6223958333333334 0.4433782398700714 0.62890625 0.428118497133255 0.6354166666666666 0.4092445373535156 0.635850707689921 0.3967958092689514 0.628038207689921
1 0.4060319662094116 0.530381957689921 0.407638281583786 0.5095486243565878 0.4168744385242462 0.5 0.4261105954647064 0.4986979166666667 0.433740496635437 0.503038207689921 0.4357483386993408 0.522569457689921 0.4389609396457672 0.5481770833333334 0.4425750970840454 0.5620659589767456 0.4365515112876892 0.5646701256434122 0.4301263391971588 0.5529513756434122 0.421291708946228 0.536024292310079 0.4088429808616638 0.534288207689921
1 0.4389609396457672 0.5707465410232544 0.4445829689502716 0.5690104166666666 0.456630140542984 0.577256957689921 0.4650631546974182 0.5837673743565878 0.4686773121356964 0.5855034589767456 0.4662678837776184 0.5959201256434122 0.4606458842754364 0.5963541666666666 0.4441813826560974 0.5859375
1 0.4638584554195404 0.5060763756434122 0.4682757258415222 0.5021701256434122 0.4783150553703308 0.5017361243565878 0.4891575276851654 0.4952257076899211 0.501606285572052 0.4891492923100789 0.511243999004364 0.4917534589767456 0.5108424425125122 0.506944457689921 0.5076298713684082 0.5238715410232544 0.5052204132080078 0.534288207689921 0.5024094581604004 0.5377604166666666 0.4863465130329132 0.5407986243565878 0.4799213707447052 0.5520833333333334 0.4702836275100708 0.5581597089767456 0.4666694700717926 0.5503472089767456 0.464661568403244 0.5308159589767456 0.4662678837776184 0.5177951256434122
1 0.5200786590576172 0.565538207689921 0.5325273871421814 0.5763888756434122 0.5421651601791382 0.5763888756434122 0.5518028736114502 0.5707465410232544 0.5509997010231018 0.5620659589767456 0.5413619875907898 0.5559895833333334 0.5285117030143738 0.555555542310079 0.5248975157737732 0.5620659589767456
1 0.4634568691253662 0.62109375 0.477110356092453 0.6245659589767456 0.4839370846748352 0.6223958333333334 0.4730946123600006 0.6050347089767456 0.4718898832798004 0.602430542310079 0.471488356590271 0.6119791666666666
1 0.414063423871994 0.6462673743565878 0.4469923973083496 0.637586792310079 0.438559353351593 0.6536458333333334 0.4313310384750366 0.6597222089767456 0.4220948815345764 0.6536458333333334
1 0.32772526144981384 0.6688368320465088 0.33575671911239624 0.6584201256434122 0.34659919142723083 0.651475707689921 0.35824480652809143 0.6484375 0.3606542646884918 0.655381957689921 0.36185896396636963 0.6614583333333334 0.34941020607948303 0.6749131679534912 0.33896932005882263 0.6792534987131754 0.33455199003219604 0.6805555820465088
1 0.30403250455856323 0.6875 0.30443403124809265 0.6801215012868246 0.30925291776657104 0.6714409987131754 0.31848910450935364 0.6710069179534912 0.32692214846611023 0.6783854166666666 0.32732367515563965 0.6870659987131754 0.32130008935928345 0.6948784987131754 0.31045761704444885 0.6905381679534912
1 0.47848716378211975 0.3627232313156128 0.48435431718826294 0.36145496368408203 0.49726200103759766 0.3796333869298299 0.5050848126411438 0.3923160235087077 0.5019556879997253 0.3982345660527547 0.4890480041503906 0.39358429114023846 0.4886568784713745 0.3830154339472453 0.4863100051879883 0.3737148443857829
1 0.5011733770370483 0.4075351556142171 0.5113431215286255 0.39104775587717694 0.5215128064155579 0.3796333869298299 0.5402876138687134 0.3635687033335368 0.5457636117935181 0.35849567254384357 0.5516307353973389 0.3606094519297282 0.5555421710014343 0.36779626210530597 0.5567156672477722 0.3838609457015991 0.5594536066055298 0.39358429114023846 0.5680587887763977 0.3952753146489461 0.577055037021637 0.39696629842122394 0.5872247219085693 0.3999255895614624 0.593483030796051 0.40668968359629315 0.5958299040794373 0.4138764937718709 0.5923095345497131 0.4244453509648641 0.578619658946991 0.4202177921930949 0.5707967877388 0.41894952456156415 0.5672764778137207 0.42571361859639484 0.5614092946052551 0.4337459405263265 0.5531953573226929 0.4388190110524495 0.5457636117935181 0.4455830653508504 0.5379408597946167 0.4519243637720744 0.5172102451324463 0.4519243637720744 0.5113431215286255 0.44811960061391193 0.508213996887207 0.43459145228068036 0.5023468732833862 0.42148605982462567
1 0.5919184684753418 0.39696629842122394 0.5938741564750671 0.3863974412282308 0.6036527156829834 0.3813244104385376 0.6083464026451111 0.3851292133331299 0.6126489639282227 0.3944298028945923 0.5977855920791626 0.40584417184193927 0.5946564078330994 0.402039368947347
1 0.48552772402763367 0.20714962482452393 0.47966060042381287 0.2020765741666158 0.47926944494247437 0.1910849610964457 0.48005175590515137 0.17840232451756796 0.4859188497066498 0.17417478561401367 0.4996088445186615 0.17079275846481323 0.5078228712081909 0.17079275846481323 0.5129076838493347 0.1775568127632141 0.515254557132721 0.1813616156578064 0.5109519362449646 0.20123106241226196 0.508213996887207 0.20545860131581625 0.49843543767929077 0.20630411307017008
1 0.5211216807365417 0.18347537517547607 0.5305090546607971 0.17671130100886026 0.5367673635482788 0.17206100622812906 0.5430256724357605 0.17375202973683676 0.547719419002533 0.1813616156578064 0.5496750473976135 0.18728015820185342 0.5430256724357605 0.20165381828943887 0.5426344871520996 0.21433643500010172 0.5418521761894226 0.22025499741236368 0.5348116755485535 0.22575080394744873 0.5285533666610718 0.2274418274561564 0.523468554019928 0.21602745850880942 0.516036868095398 0.20545860131581625 0.5148633718490601 0.19362147649129233
1 0.5481104850769043 0.20080830653508505 0.5539776086807251 0.1906622052192688 0.5696233510971069 0.19150771697362265 0.594265341758728 0.1948897441228231 0.6028704047203064 0.20376757780710855 0.6122578382492065 0.21391369899113974 0.600914716720581 0.22786458333333334 0.5903539061546326 0.23420590162277222 0.5809664130210876 0.2367424170176188 0.5668853521347046 0.2358969251314799 0.5539776086807251 0.2320921222368876 0.546154797077179 0.22575080394744873 0.546154797077179 0.21137716372807822
1 0.5981767773628235 0.19362147649129233 0.6059995293617249 0.1885484258333842 0.6157780885696411 0.18770291407903036 0.6220363974571228 0.19404423236846924 0.6310327053070068 0.20588135719299316 0.6204718351364136 0.21053165197372437 0.6142135262489319 0.20968614021937051 0.6059995293617249 0.2020765741666158
1 0.6408112645149231 0.2130681872367859 0.6458960771560669 0.20757238070170084 0.6595860719680786 0.20672686894734701 0.6709291934967041 0.20672686894734701 0.6783608794212341 0.21560470263163248 0.6803166270256042 0.2316693663597107 0.6822723150253296 0.24181546767552695 0.6791431903839111 0.2498478094736735 0.6701468825340271 0.2502705653508504 0.6584126949310303 0.2384334405263265 0.6466783881187439 0.22067775328954062
1 0.5003911256790161 0.25999391078948975 0.5140811204910278 0.25534361600875854 0.5219039916992188 0.2680262525876363 0.5262064933776855 0.28705018758773804 0.5136899948120117 0.27098552385965985 0.5078228712081909 0.26464420557022095
1 0.46557945013046265 0.24900229771931967 0.47848716378211975 0.2549208601315816 0.49647971987724304 0.25745739539464313 0.48474547266960144 0.26253044605255127 0.476531445980072 0.25999391078948975 0.46714404225349426 0.2557663718859355
1 0.5156456828117371 0.25069332122802734 0.5246419310569763 0.2363196611404419 0.531682550907135 0.23124661048253378 0.546937108039856 0.23462865749994913 0.5531953573226929 0.24096997578938803 0.562582790851593 0.26210769017537433 0.5668853521347046 0.2769040862719218 0.5739259123802185 0.28535916407903034 0.5813575983047485 0.2959280212720235 0.5883982181549072 0.3039603630701701 0.5919184684753418 0.31283819675445557 0.5880070328712463 0.32763461271921795 0.5817487239837646 0.3365124464035034 0.561800479888916 0.33355315526326496 0.5445902347564697 0.32848010460535687 0.5340294241905212 0.3107244372367859 0.5285533666610718 0.29804180065790814 0.5301179885864258 0.2862046758333842 0.5265976786613464 0.26844900846481323 0.5207304954528809 0.2591483990351359
1 0.5093874335289001 0.31579748789469403 0.5250331163406372 0.3031148513158162 0.531682550907135 0.3162202437718709 0.538331925868988 0.3246753215789795 0.5254242420196533 0.3208705385526021
1 0.47301119565963745 0.5948153336842855 0.4753580093383789 0.5825554529825846 0.4870922863483429 0.5770596663157145 0.5011733770370483 0.5762141545613607 0.5093874335289001 0.5736776192982992 0.5168191194534302 0.5711410840352377 0.524250864982605 0.5770596663157145 0.5336382389068604 0.5838237206141154 0.5387231111526489 0.5901650587717692 0.5359850525856018 0.6015794277191162 0.530900239944458 0.6074979702631632 0.5129076838493347 0.6172213157018026 0.5019556879997253 0.6239853700002035 0.4941328763961792 0.6235626538594564 0.4867011606693268 0.6159530480702718 0.48005175590515137 0.6053841908772787
1 0.5156456828117371 0.5229471127192179 0.5179925560951233 0.5102644761403402 0.5281623005867004 0.5077279408772787 0.5367673635482788 0.5089962085088094 0.5473282337188721 0.5098417202631632 0.555151104927063 0.5085734526316324 0.5594536066055298 0.5022321542104086 0.5727524161338806 0.5094189643859863 0.5735347270965576 0.5157602628072103 0.569232165813446 0.5377434889475504 0.5621916055679321 0.5495806137720743 0.5578890442848206 0.556767463684082 0.5445902347564697 0.5533854166666666 0.531682550907135 0.5529626607894897 0.5246419310569763 0.5512716372807821 0.5211216807365417 0.5343614816665649
1 0.5629739165306091 0.5601494709650675 0.578619658946991 0.5411255359649658 0.5840955972671509 0.5368980169296265 0.6013058423995972 0.5347842375437418 0.616951584815979 0.5330932140350342 0.623600959777832 0.5364752610524496 0.6255566477775574 0.5415482918421427 0.6200807094573975 0.5470441182454427 0.6122578382492065 0.5466213623682658 0.6028704047203064 0.5474668741226196 0.5993501543998718 0.5504261255264282 0.5993501543998718 0.5550764401753744 0.5911361575126648 0.5576129754384359 0.5887892842292786 0.5635315179824829 0.5840955972671509 0.568604588508606 0.5801842212677002 0.5698728164037069 0.569232165813446 0.5664908091227213
1 0.5453725457191467 0.4747531016667684 0.5485016703605652 0.46925731499989826 0.5512396693229675 0.4641842444737752 0.5500662326812744 0.4519243637720744 0.5500662326812744 0.4464285771052043 0.5590625405311584 0.43966448307037354 0.5661030411720276 0.4341686964035034 0.577837347984314 0.43501420815785724 0.5903539061546326 0.4354369640350342 0.5958299040794373 0.43755074342091876 0.6020880937576294 0.4493878682454427 0.6032615900039673 0.46291597684224445 0.6020880937576294 0.47390758991241455 0.5970032811164856 0.4891267617543538 0.5923095345497131 0.4984273513158162 0.5809664130210876 0.5018093983332316 0.569232165813446 0.5009638865788778 0.5594536066055298 0.4925088087717692 0.5528042316436768 0.4798261721928914
1 0.6005235314369202 0.4324776728947957 0.5966121554374695 0.4261363744735718 0.600132405757904 0.4151447614034017 0.6028704047203064 0.4075351556142171 0.6157780885696411 0.39950283368428546 0.6329883933067322 0.40288488070170086 0.647851824760437 0.41176271438598633 0.655283510684967 0.43036389350891113 0.655283510684967 0.4379734992980957 0.6490252017974854 0.4447375535964966 0.6247743964195251 0.44600582122802734 0.6091287136077881 0.4451603094736735 0.6024792790412903 0.44050999482472736
1 0.6282947063446045 0.5204105774561564 0.6259478330612183 0.5009638865788778 0.6282947063446045 0.4840536912282308 0.6368998289108276 0.47602136929829914 0.6439403891563416 0.47221656640370685 0.6525454521179199 0.47940341631571454 0.6631063222885132 0.48870400587717694 0.6740583777427673 0.499695618947347 0.6685823202133179 0.5089962085088094 0.6466783881187439 0.5166057745615641 0.6365087032318115 0.5216788450876871
1 0.6509808897972107 0.46841180324554443 0.6525454521179199 0.4548836549123128 0.656065821647644 0.44389204184214276 0.6623240113258362 0.4388190110524495 0.6744494438171387 0.4354369640350342 0.6850103139877319 0.43205491701761883 0.6908774375915527 0.4379734992980957 0.6979179978370667 0.44811960061391193 0.7045674324035645 0.4557291666666667 0.7143459916114807 0.46841180324554443 0.7202131748199463 0.4781351486841838 0.722559928894043 0.4891267617543538 0.7182574272155762 0.4954680601755778 0.7030028104782104 0.5068824291229248 0.6900951862335205 0.5035004218419393 0.6799254417419434 0.4967363278071086 0.6642798185348511 0.4861674706141154 0.6545012593269348 0.4781351486841838
1 0.6118666529655457 0.3441220124562581 0.6063907146453857 0.3314393957455953 0.6220363974571228 0.3153747320175171 0.6325972676277161 0.30565138657887775 0.6509808897972107 0.30184658368428546 0.6595860719680786 0.29888731241226196 0.6678000688552856 0.2959280212720235 0.678752064704895 0.2993100682894389 0.6928331851959229 0.3111471931139628 0.6971357464790344 0.31452922026316327 0.6908774375915527 0.3263663450876872 0.686966061592102 0.338626225789388 0.6865748763084412 0.34834957122802734 0.686966061592102 0.3572274049123128 0.6857925653457642 0.36145496368408203 0.6744494438171387 0.36145496368408203 0.656065821647644 0.3568046490351359 0.6462872624397278 0.3534226020177205 0.6368998289108276 0.3551136255264282 0.6220363974571228 0.35765016078948975
1 0.6693646311759949 0.3838609457015991 0.6728848814964294 0.3737148443857829 0.6783608794212341 0.36948728561401367 0.6889217495918274 0.372869332631429 0.6881394386291504 0.38005614280700684 0.6830546259880066 0.3851292133331299 0.6767963171005249 0.38935673236846924
1 0.6114755868911743 0.38259267807006836 0.6275123953819275 0.37625133991241455 0.6368998289108276 0.3851292133331299 0.6513720750808716 0.39104775587717694 0.6619329452514648 0.3914705117543538 0.6721025705337524 0.3927387793858846 0.6779698133468628 0.3961207866668701 0.6830546259880066 0.40584417184193927 0.6830546259880066 0.4155675172805786 0.6838368773460388 0.4223315715789795 0.6838368773460388 0.4265591303507487 0.6713203191757202 0.43078664938608807 0.660759449005127 0.4337459405263265 0.6564568877220154 0.4223315715789795 0.6521543860435486 0.41049444675445557 0.6443315148353577 0.4041531483332316 0.6361175179481506 0.3999255895614624 0.6212541460990906 0.39654354254404706 0.6165603995323181 0.39400704701741535 0.6134312748908997 0.3889339764912923
1 0.3385036289691925 0.9173598289489746 0.33621326088905334 0.9094383716583252 0.34308430552482605 0.9064678351084391 0.35224562883377075 0.9094383716583252 0.35957473516464233 0.911913792292277 0.35774245858192444 0.9198352495829264 0.35407790541648865 0.9233008225758871 0.34491655230522156 0.9237959384918213
1 0.24505776166915894 0.9520160357157389 0.24505776166915894 0.9396387736002604 0.26109012961387634 0.9267664750417074 0.27162572741508484 0.9099334875742594 0.28216126561164856 0.8970611890157064 0.28765809535980225 0.8950808048248291 0.2972774803638458 0.8985464572906494 0.30598077178001404 0.908943255742391 0.30735498666763306 0.918845017751058 0.3032323718070984 0.9381535053253174 0.29636138677597046 0.9539963404337565 0.2908645570278168 0.9643932183583578 0.2817032039165497 0.9673637549082438 0.26658695936203003 0.9658784866333008 0.25879982113838196 0.964888334274292 0.25192877650260925 0.9579570293426514
1 0.2583417296409607 0.976275364557902 0.2725418210029602 0.9965740044911703 0.27483445405960083 0.9986979166666666 0.3004840016365051 0.9980592727661133 0.3064388632774353 0.9891476631164551 0.3064388632774353 0.984691858291626 0.30002591013908386 0.9792459011077881 0.29498717188835144 0.9713244438171387 0.28399354219436646 0.9698391755421957 0.2702515125274658 0.9698391755421957 0.26429665088653564 0.9703342914581299
1 0.3096453547477722 0.9970690409342448 0.3137679696083069 0.9866722424825033 0.32705190777778625 0.986177126566569 0.340335875749588 0.9871672789255778 0.3490391671657562 0.9916230837504069 0.3490391671657562 0.9970690409342448 0.33071643114089966 0.9985543092091879 0.3174324929714203 0.9985543092091879
1 0.35591021180152893 0.9970690409342448 0.362323135137558 0.9812262058258057 0.3641553819179535 0.974790096282959 0.376065194606781 0.9767704010009766 0.37927165627479553 0.9802360534667969 0.3833942711353302 0.9896427790323893 0.38797494769096375 0.9955837726593018 0.3687360882759094 0.9950887362162272
1 0.3696522116661072 0.9153794447580973 0.38293617963790894 0.9054776827494303 0.40583956241607666 0.9044874509175619 0.42782682180404663 0.9044874509175619 0.4369882047176361 0.9034972985585531 0.4498140811920166 0.9292418956756592 0.45439478754997253 0.9381535053253174 0.44706565141677856 0.9500356515248617 0.4406527280807495 0.9658784866333008 0.438820481300354 0.9767704010009766 0.42232999205589294 0.9841967423756918 0.41271060705184937 0.9866722424825033 0.3957620859146118 0.9688490231831869 0.3884330093860626 0.9480552673339844 0.38431039452552795 0.9336977005004883 0.3783555030822754 0.9223106702168783
1 0.43973657488822937 0.8995366096496582 0.4484398663043976 0.8950808048248291 0.4626399874687195 0.899041493733724 0.47592395544052124 0.8995366096496582 0.4860014319419861 0.9015169143676758 0.4910401999950409 0.908943255742391 0.4924144148826599 0.9148843288421631 0.47913044691085815 0.9297370115915934 0.4727174639701843 0.9356780846913656 0.4640141725540161 0.9381535053253174 0.4603496491909027 0.9361732006072998 0.4534786343574524 0.9252812067667643 0.4461495578289032 0.9143892923990885
1 0.43653011322021484 0.9965740044911703 0.4333236515522003 0.9876623948415121 0.44294309616088867 0.9817213217417399 0.4493560194969177 0.986177126566569 0.4530205726623535 0.9906329313913981 0.4516463875770569 0.9970690409342448 0.44385918974876404 0.9965740044911703
1 0.4447753429412842 0.9708294073740641 0.4530205726623535 0.9505307674407959 0.4626399874687195 0.9406289259592692 0.476840078830719 0.9455798467000326 0.4823369085788727 0.9515209197998047 0.4800465703010559 0.9693441390991211 0.4837111234664917 0.9772655169169108 0.4869175851345062 0.9837017059326172 0.467220664024353 0.9881575107574463 0.4571431577205658 0.9876623948415121 0.4484398663043976 0.9772655169169108
1 0.4314913749694824 0.6663498083750407 0.43973657488822937 0.6579333146413168 0.4479818046092987 0.6440708239873251 0.45393669605255127 0.6371395587921143 0.47409167885780334 0.6455560922622681 0.4892079532146454 0.6574381987253824 0.48508530855178833 0.6787269910176595 0.47546589374542236 0.6816975275675455 0.4585173726081848 0.6871435642242432 0.4406527280807495 0.692589521408081 0.4351558983325958 0.6792221069335938
1 0.49058210849761963 0.6787269910176595 0.4933305084705353 0.6584283908208212 0.5157757997512817 0.6529824336369833 0.5304340124130249 0.6559529304504395 0.5464663505554199 0.6589234670003256 0.5537954568862915 0.6678350766499838 0.5537954568862915 0.6807073752085367 0.5510470867156982 0.6935796737670898 0.5441760420799255 0.696550210316976 0.5267694592475891 0.6975403626759847 0.5134854912757874 0.6945699055989584 0.4979112148284912 0.6876386006673177
1 0.47913044691085815 0.7594265143076578 0.4841691851615906 0.7411081790924072 0.4933305084705353 0.7317015329996744 0.5098209977149963 0.7217997709910074 0.5258533358573914 0.7213046550750732 0.5414276123046875 0.7183341185251871 0.5460083484649658 0.720809539159139 0.5528793931007385 0.7470492521921793 0.5428018569946289 0.7648724714914957 0.5304340124130249 0.7737840811411539 0.5189823508262634 0.7836858431498209 0.5093628764152527 0.7817054589589437 0.4965370297431946 0.7792300383249918 0.4855433702468872 0.7698233127593994
1 0.5221888422966003 0.7871514956156412 0.5446341633796692 0.7693282763163248 0.5446341633796692 0.785171111424764 0.5482986569404602 0.795072873433431 0.54234379529953 0.7995286782582601 0.5340985655784607 0.7960630257924398
1 0.549214780330658 0.7658626238505045 0.5565438866615295 0.7450689474741617 0.5657052397727966 0.7465542157491049 0.5771569609642029 0.7460590998331705 0.5881505608558655 0.7589313983917236 0.5858602523803711 0.7747742335001627 0.5776150226593018 0.7930924892425537 0.5725762844085693 0.796558141708374 0.5542535781860352 0.7901219526926676 0.5501309633255005 0.7822005748748779
1 0.5780730843544006 0.7356622219085693 0.5849441289901733 0.712393045425415 0.5945635437965393 0.6995207468668619 0.6023507118225098 0.6930846373240153 0.6183830499649048 0.688133716583252 0.6325831413269043 0.6911042531331381 0.6476994156837463 0.6960550944010416 0.6545704007148743 0.702491283416748 0.6591510772705078 0.7133832772572836 0.6586930155754089 0.7252653439839681 0.6509058475494385 0.7416032950083414 0.6376218795776367 0.751010020573934 0.6192991733551025 0.7554657459259033 0.5991441607475281 0.7599215507507324 0.5931893587112427 0.7594265143076578 0.5835698843002319 0.7480394840240479
1 0.6564026474952698 0.27869534492492676 0.6628156304359436 0.26829848686854046 0.6719769835472107 0.2574065327644348 0.6733512282371521 0.26978375514348346 0.6738092303276062 0.27919042110443115 0.6738092303276062 0.28909220298131305 0.6687704920768738 0.2910725673039754 0.6632736921310425 0.28760693470637005
1 0.6779318451881409 0.2717640995979309 0.6788480281829834 0.2539409001668294 0.6866351962089539 0.2475047508875529 0.7095385789871216 0.24601948261260986 0.7260289788246155 0.24601948261260986 0.7347322702407837 0.25443599621454877 0.7347322702407837 0.26433777809143066 0.7296935319900513 0.27919042110443115 0.7278612852096558 0.29800379276275635 0.7177838087081909 0.30196452140808105 0.7040417194366455 0.30790557463963825 0.7003772258758545 0.308895746866862 0.6820544600486755 0.29800379276275635 0.6788480281829834 0.29404308398564655 0.6774738430976868 0.2851314942042033
1 0.7035836577415466 0.31582699219385785 0.7127450108528137 0.308895746866862 0.7214483022689819 0.31582699219385785 0.7278612852096558 0.32572877407073975 0.7292354702949524 0.33563053607940674 0.7287773489952087 0.3430568774541219 0.7214483022689819 0.3326600193977356 0.7127450108528137 0.32523367802302044 0.7090804576873779 0.32028279701868695
1 0.7310677766799927 0.24354404211044312 0.7383968234062195 0.23166191577911377 0.7535130977630615 0.2237404982248942 0.7718357443809509 0.21779942512512207 0.7796229124069214 0.2039369543393453 0.7828294038772583 0.18462848663330078 0.7855778336524963 0.17868741353352866 0.7938230633735657 0.17472670475641885 0.7988618016242981 0.1628445784250895 0.8089392185211182 0.14650665720303854 0.8217651844024658 0.1460115611553192 0.8323007225990295 0.14848701159159342 0.8419201374053955 0.1554182469844818 0.8483331203460693 0.1573986013730367 0.8515396118164062 0.16928072770436606 0.8492491841316223 0.18264812231063843 0.8323007225990295 0.19750078519185385 0.8213070631027222 0.20591729879379272 0.8153522610664368 0.21037310361862183 0.8139780163764954 0.21730434894561768 0.8043586015701294 0.22027486562728882 0.7965714335441589 0.2237404982248942 0.7846617102622986 0.23463245232899985 0.7755002975463867 0.24403913815816244 0.7681712508201599 0.24899001916249594 0.7525968551635742 0.24998019138971964 0.7416033148765564 0.251960555712382 0.7374807000160217 0.24998019138971964
1 0.47042715549468994 0.8143813610076904 0.4763820469379425 0.8044795989990234 0.4869175851345062 0.7960630257924398 0.49882733821868896 0.7886366844177246 0.507530689239502 0.78814164797465 0.5208146572113037 0.795072873433431 0.5350146889686584 0.8029943307240804 0.5428018569946289 0.8094304402669271 0.5432599186897278 0.8168567816416422 0.5409696102142334 0.8297290802001953 0.54234379529953 0.8440866470336914 0.549214780330658 0.8539884090423584 0.5395954251289368 0.8619098663330078 0.5281436443328857 0.8688410917917887 0.5144016146659851 0.8688410917917887 0.507530689239502 0.859434445699056 0.49928539991378784 0.8490375677744547 0.4892079532146454 0.8317094643910726 0.4786723554134369 0.8198273181915283
1 0.4896659851074219 0.8965660730997721 0.49378859996795654 0.8866643110911051 0.5011176466941833 0.8757723172505697 0.5029499530792236 0.870821475982666 0.5107371211051941 0.8772575855255127 0.5134854912757874 0.8836937745412191 0.5061564445495605 0.8960709571838379 0.5038660764694214 0.9030021826426188 0.4983692765235901 0.9044874509175619 0.4928724765777588 0.900526762008667
1 0.5093628764152527 0.9039924144744873 0.5130274295806885 0.8926053841908773 0.5203565359115601 0.8812183539072672 0.5295178890228271 0.8767625490824381 0.5469244718551636 0.872306744257609 0.561582624912262 0.8703263600667318 0.570743978023529 0.8787428538004557 0.573950469493866 0.8901298840840658 0.5730343461036682 0.8970611890157064 0.5542535781860352 0.908943255742391 0.5455502271652222 0.9124089082082113 0.5418857336044312 0.9059727191925049 0.5405115485191345 0.8935955365498861 0.5276856422424316 0.8985464572906494
1 0.5487567782402039 0.918845017751058 0.5574600100517273 0.911913792292277 0.5693697929382324 0.9044874509175619 0.5780730843544006 0.8995366096496582 0.5844860076904297 0.8965660730997721 0.5950215458869934 0.9010218779246012 0.6014345288276672 0.9069629510243734 0.5996022820472717 0.9237959384918213 0.5954796671867371 0.9485503832499186 0.5959377884864807 0.9559767246246338 0.5840279459953308 0.9579570293426514 0.5780730843544006 0.9574619928995768 0.565247118473053 0.9426093101501465 0.5597503781318665 0.9356780846913656 0.5537954568862915 0.9312222798665365 0.5505889654159546 0.9237959384918213
1 0.47913044691085815 0.9411240418752035 0.48829180002212524 0.9332026640574137 0.507530689239502 0.9500356515248617 0.5208146572113037 0.9559767246246338 0.5331823825836182 0.9589472611745199 0.5414276123046875 0.9614226818084717 0.5560858249664307 0.9653833707173666 0.5620407462120056 0.9713244438171387 0.5588341951370239 0.9822164376576742 0.549214780330658 0.983206590016683 0.5304340124130249 0.9827114741007487 0.5189823508262634 0.9807311693827311 0.5116531848907471 0.9772655169169108 0.507988691329956 0.9668686389923096 0.4997434914112091 0.9564717610677084 0.48829180002212524 0.9495405356089274
1 0.5597503781318665 0.9985543092091879 0.5634149312973022 0.9841967423756918 0.570285975933075 0.9742949803670248 0.5844860076904297 0.9629079500834147 0.5936473608016968 0.9658784866333008 0.5991441607475281 0.9713244438171387 0.6083055138587952 0.9817213217417399 0.6179249882698059 0.9906329313913981 0.6215894818305969 0.9955837726593018 0.6211314797401428 0.9985543092091879 0.5954796671867371 0.9985543092091879 0.5716601610183716 0.9985543092091879 0.5643310546875 0.9980592727661133
1 0.6041828989982605 0.9490454991658529 0.6078475117683411 0.9208254019419352 0.6101378202438354 0.9124089082082113 0.6215894818305969 0.9039924144744873 0.6339573264122009 0.9010218779246012 0.64037024974823 0.9054776827494303 0.6486155390739441 0.9168647130330404 0.649073600769043 0.9242910544077555 0.643118679523468 0.9411240418752035 0.639454185962677 0.9594422976175944 0.6321250200271606 0.9609275658925375 0.6133443117141724 0.9559767246246338
1 0.6041828989982605 0.8985464572906494 0.6101378202438354 0.8896348476409912 0.6188411116600037 0.8787428538004557 0.6298347115516663 0.8812183539072672 0.633499264717102 0.8861691951751709 0.6325831413269043 0.8935955365498861 0.6229637265205383 0.8995366096496582 0.6101378202438354 0.9069629510243734
1 0.6435768008232117 0.900526762008667 0.6504477858543396 0.8970611890157064 0.6591510772705078 0.8965660730997721 0.6710608005523682 0.8995366096496582 0.6765576601028442 0.9025071461995443 0.6774738430976868 0.910428524017334 0.6742672920227051 0.9163695971171061 0.6632736921310425 0.9183499813079834 0.6564026474952698 0.9163695971171061 0.649073600769043 0.910428524017334
1 0.5455502271652222 0.8034893671671549 0.5524212718009949 0.7985385258992513 0.565247118473053 0.8000237941741943 0.5730343461036682 0.8015090624491373 0.5698278546333313 0.8119058609008789 0.5670794248580933 0.8198273181915283 0.5570020079612732 0.8193322022755941 0.5515051484107971 0.8168567816416422 0.5469244718551636 0.8119058609008789
1 0.6018925905227661 0.8529982566833496 0.6087636351585388 0.8391358057657877 0.6124281287193298 0.8326996167500814 0.6266282796859741 0.827748696009318 0.6330412030220032 0.8282438119252523 0.633499264717102 0.8356701532999674 0.6316670179367065 0.8470571835835775 0.6293767094612122 0.8579491774241129 0.6293767094612122 0.8673558235168457 0.6289185881614685 0.872306744257609 0.6192991733551025 0.8747821648915609 0.6115120649337769 0.8643852869669596
1 0.5808215141296387 0.7985385258992513 0.5872344374656677 0.7817054589589437 0.5904409289360046 0.7673478921254476 0.6032668352127075 0.7658626238505045 0.6192991733551025 0.762397050857544 0.6307508945465088 0.7643773555755615 0.6376218795776367 0.7747742335001627 0.6389960646629333 0.7940827210744222 0.633499264717102 0.8143813610076904 0.6275444030761719 0.8218077023824056 0.6202152967453003 0.8257683912913004 0.6083055138587952 0.8267585436503092 0.5886086225509644 0.8099255561828613
1 0.6412864923477173 0.8247782389322916 0.6385380625724792 0.8153715133666992 0.6408283710479736 0.7985385258992513 0.6412864923477173 0.7822005748748779 0.6412864923477173 0.768338123957316 0.6440348625183105 0.7594265143076578 0.6509058475494385 0.7554657459259033 0.6646478772163391 0.7584362824757894 0.6857190132141113 0.7722988128662109 0.6953384280204773 0.7901219526926676 0.7012933492660522 0.7975482940673828 0.699461042881012 0.8084402879079183 0.6843447685241699 0.8173518975575765 0.6687704920768738 0.8218077023824056 0.651822030544281 0.8242831230163574
1 0.6962546110153198 0.8203224341074625 0.7040417194366455 0.8128960927327474 0.7077062726020813 0.8024992148081461 0.7081643342971802 0.7945777575174967 0.7196160554885864 0.7955679893493652 0.72419673204422 0.8099255561828613 0.726945161819458 0.8193322022755941 0.7214483022689819 0.8257683912913004 0.7141191959381104 0.8371554215749105 0.7008352279663086 0.8376505374908447 0.6985449194908142 0.8322045008341471
1 0.7264870405197144 0.7945777575174967 0.7347322702407837 0.7970532576243082 0.7361065149307251 0.8119058609008789 0.7356483936309814 0.816361665725708 0.7310677766799927 0.8153715133666992 0.7260289788246155 0.8044795989990234
1 0.5574600100517273 0.5707976818084717 0.5565438866615295 0.5653517246246338 0.561582624912262 0.5653517246246338 0.5780730843544006 0.5742632945378622 0.5762407779693604 0.5821847120920817 0.5725762844085693 0.5836699803670248 0.5661633610725403 0.5802043676376343
1 0.5780730843544006 0.5881257851918539 0.5835698843002319 0.5762436787287394 0.5968538522720337 0.5806994438171387 0.6069313287734985 0.5777289470036825 0.6211314797401428 0.5742632945378622 0.6307508945465088 0.5737682183583578 0.6389960646629333 0.5821847120920817 0.645867109298706 0.594066858291626 0.6545704007148743 0.6079293489456177 0.661441445350647 0.6203065713246664 0.6591510772705078 0.632683793703715 0.6541123390197754 0.6371395587921143 0.6463251709938049 0.6371395587921143 0.6467832922935486 0.6544676621754965 0.6312089562416077 0.6490217049916586 0.6197572946548462 0.6267427206039429 0.6124281287193298 0.6158507664998373 0.6018925905227661 0.6168409188588461 0.589066743850708 0.6232771078745524 0.5858602523803711 0.6099096934000651 0.5785312056541443 0.594066858291626
1 0.655486524105072 0.5777289470036825 0.6646478772163391 0.5653517246246338 0.6738092303276062 0.5524793863296509 0.6834286451339722 0.5514892339706421 0.6980868577957153 0.5495088895161947 0.7067901492118835 0.5604008436203003 0.7081643342971802 0.5683222611745199 0.7044997811317444 0.5777289470036825 0.6990030407905579 0.5846601724624634 0.6815964579582214 0.5910963217417399 0.6733512282371521 0.5910963217417399 0.6646478772163391 0.5851552486419678
1 0.7003772258758545 0.5138624906539917 0.7164096236228943 0.5029705365498861 0.72419673204422 0.4955441951751709 0.7397710084915161 0.49801965554555255 0.7503065466880798 0.5039607286453247 0.7466420531272888 0.5108919541041056 0.7406871318817139 0.5183182954788208 0.7351903319358826 0.5277249813079834 0.7338161468505859 0.5465383529663086 0.7296935319900513 0.5618860721588135 0.7223644256591797 0.5663418769836426 0.7136611938476562 0.5604008436203003 0.7054159641265869 0.5460432370503744 0.7026675343513489 0.5376267433166504 0.7049578428268433 0.5282200574874878 0.7017513513565063 0.5188133716583252
1 0.7223644256591797 0.30592523018519086 0.7388548851013184 0.3277091185251872 0.7452678084373474 0.3371158043543498 0.7663389444351196 0.33563053607940674 0.7924488186836243 0.3282042145729065 0.8098554015159607 0.32572877407073975 0.8153522610664368 0.3237484097480774 0.81810063123703 0.3044399619102478 0.8112296462059021 0.29404308398564655 0.7961133718490601 0.27473463614781696 0.7755002975463867 0.26087214549382526 0.7690873742103577 0.251960555712382 0.7548872828483582 0.2539409001668294 0.7457259297370911 0.2569114367167155 0.7402291297912598 0.28463639815648395 0.7356483936309814 0.2950332760810852 0.7324419617652893 0.3039448658625285 0.726945161819458 0.3049350380897522
1 0.7796229124069214 0.2539409001668294 0.7832874655723572 0.2430489460627238 0.7938230633735657 0.2331471840540568 0.8006940484046936 0.227701207002004 0.8080230951309204 0.22473067045211792 0.8148941397666931 0.22968155145645142 0.8245135545730591 0.24057350556055704 0.8295522928237915 0.253445823987325 0.8290942311286926 0.26433777809143066 0.8258877992630005 0.2727542718251546 0.8194748759269714 0.28909220298131305 0.8153522610664368 0.2910725673039754 0.8098554015159607 0.2856265902519226 0.7965714335441589 0.26978375514348346 0.7874100208282471 0.26384268204371136
1 0.5721181631088257 0.050459444522857666 0.5808215141296387 0.04154784480730692 0.5826537013053894 0.03065589318672816 0.5831118226051331 0.026200095812479656 0.5936473608016968 0.026695184409618378 0.6073894500732422 0.03808222462733587 0.6170088648796082 0.04501346747080485 0.6266282796859741 0.054420153299967446 0.6280025243759155 0.06135139365990957 0.6188411116600037 0.07471878826618195 0.6073894500732422 0.07521387934684753 0.5899828672409058 0.06778754790623982 0.5808215141296387 0.06036121646563212
1 0.6261702179908752 0.08412547906239827 0.6321250200271606 0.07026299337546031 0.6353315711021423 0.057885770996411644 0.6417444944381714 0.055410330494244896 0.645409107208252 0.06382683912913005 0.645867109298706 0.0816500335931778 0.6371638774871826 0.08660091956456502 0.6307508945465088 0.08462056517601013
1 0.6568607687950134 0.09749287366867065 0.6779318451881409 0.09353216489156087 0.6884673833847046 0.09402725100517273 0.6953384280204773 0.09947322805722554 0.6971707344055176 0.11086026827494304 0.6953384280204773 0.11729641755421956 0.6811383366584778 0.12274239460627238 0.6637317538261414 0.12719818949699402 0.6591510772705078 0.11185044050216675
1 0.6715189218521118 0.17868741353352866 0.6701446771621704 0.1668052872021993 0.6765576601028442 0.16135932008425394 0.6857190132141113 0.15492316087086996 0.6930481195449829 0.1544280747572581 0.7012933492660522 0.1573986013730367 0.7054159641265869 0.16036913792292276 0.7044997811317444 0.17274636030197144 0.6999191045761108 0.19304500023523966 0.6967126131057739 0.20146149396896362 0.6825125813484192 0.20344185829162598 0.6875512599945068 0.19254990418752035 0.6820544600486755 0.18314321835835776
1 0.5918151140213013 0.020754118760426838 0.5941054821014404 0.015308142950137457 0.6041828989982605 0.010357255736986795 0.6188411116600037 0.003921102732419968 0.6238799095153809 0.003921102732419968 0.6321250200271606 0.01233761136730512 0.6417444944381714 0.022239384551843006 0.6435768008232117 0.0271902730067571 0.6353315711021423 0.05342997610569 0.6234217882156372 0.043528199195861816 0.6156346797943115 0.036101870238780975 0.6064733266830444 0.028180450201034546 0.6009764671325684 0.024714830021063488
1 0.64037024974823 0.047488907972971596 0.6476994156837463 0.030160804589589436 0.6550284624099731 0.029665715992450714 0.6550284624099731 0.037587136030197144 0.649073600769043 0.04550855358441671
1 0.6284605264663696 0.002435836475342512 0.6422025561332703 0.0162983201444149 0.6495316028594971 0.021744295954704285 0.6609833836555481 0.023724650343259174 0.6660220623016357 0.022239384551843006 0.6728931069374084 0.002435836475342512 0.6550284624099731 0.0014456591258446376 0.6399122476577759 0.002435836475342512
1 0.6793060302734375 0.031150981783866882 0.6793060302734375 0.022239384551843006 0.6944223046302795 0.007881812130411467 0.6990030407905579 0.004911280237138271 0.708622395992279 0.00936707854270935 0.7122870087623596 0.021249207357565563 0.7122870087623596 0.03065589318672816 0.7040417194366455 0.03907240182161331 0.6962546110153198 0.04204293588797251
1 0.7205321192741394 0.00441619132955869 0.7274031639099121 0.0013020833333333333 0.7452678084373474 0.0013020833333333333 0.7672551274299622 0.0013020833333333333 0.7750422358512878 0.0013020833333333333 0.7722938656806946 0.014813054352998734 0.7695454359054565 0.02273447314898173 0.7585517764091492 0.026695184409618378 0.7461839318275452 0.03164607038100561 0.7383968234062195 0.036101870238780975 0.7278612852096558 0.029665715992450714 0.7205321192741394 0.026695184409618378
1 0.6486155390739441 0.07125317056973775 0.6472412943840027 0.052934885025024414 0.6605252623558044 0.04154784480730692 0.6724350452423096 0.03560678164164225 0.6861770749092102 0.04253802200158437 0.6935061812400818 0.04699382185935974 0.6980868577957153 0.05491523941357931 0.6990030407905579 0.06729245682557423 0.6944223046302795 0.08016476531823476 0.6921319961547852 0.08709600567817688 0.6738092303276062 0.0905616283416748 0.6559446454048157 0.09204689661661784 0.649073600769043 0.08462056517601013
1 0.6999191045761108 0.04649873077869415 0.7090804576873779 0.03808222462733587 0.7164096236228943 0.033626424769560494 0.7237386703491211 0.03511169304450353 0.7278612852096558 0.04055766761302948 0.72419673204422 0.04996435344219208 0.7159515023231506 0.0722433477640152 0.7113707661628723 0.07669914265473683 0.7017513513565063 0.08016476531823476 0.7040417194366455 0.06927281121412913 0.70220947265625 0.056895593802134194
1 0.6967126131057739 0.09105671445528667 0.6990030407905579 0.08610583345095317 0.7095385789871216 0.08264021078745525 0.7164096236228943 0.08214511970678966 0.7214483022689819 0.08907636006673177 0.7310677766799927 0.09501742323239644 0.7338161468505859 0.10788973172505696 0.7310677766799927 0.11185044050216675 0.7132030725479126 0.11185044050216675 0.7040417194366455 0.11333570877710979 0.7012933492660522 0.10491920510927837
1 0.7361065149307251 0.09452233711878459 0.7475581765174866 0.08264021078745525 0.7548872828483582 0.07125317056973775 0.7580937147140503 0.06679737071196239 0.7722938656806946 0.07323352495829265 0.7828294038772583 0.08363038301467896 0.7965714335441589 0.10590937733650208 0.8016101717948914 0.11482097705205281 0.8011521100997925 0.13066381216049194 0.7979456782341003 0.14997227986653647 0.7915326356887817 0.167795459429423 0.7800809741020203 0.16829055547714233 0.7654228210449219 0.1628445784250895 0.7480162382125854 0.14848701159159342 0.7461839318275452 0.13264416654904684 0.7475581765174866 0.11630624532699585 0.7379387021064758 0.10640446345011394
1 0.8190167546272278 0.013327788561582565 0.8254296779632568 0.0063965463389952975 0.8313845992088318 0.007881812130411467 0.8355072140693665 0.014813054352998734 0.8350491523742676 0.021249207357565563 0.8258877992630005 0.021744295954704285
1 0.7965714335441589 0.028675538798173267 0.8016101717948914 0.026695184409618378 0.8116876482963562 0.01926885296901067 0.8148941397666931 0.023724650343259174 0.8089392185211182 0.03263624757528305 0.805732786655426 0.036101870238780975
1 0.8075650334358215 0.043528199195861816 0.8139780163764954 0.0365969588359197 0.8199328780174255 0.028180450201034546 0.8382556438446045 0.03263624757528305 0.8478749990463257 0.03907240182161331 0.8552041053771973 0.05144962171713511 0.8570363521575928 0.0643219252427419 0.8506234288215637 0.07471878826618195 0.8423781991004944 0.08214511970678966 0.8254296779632568 0.0757089654604594 0.8130618333816528 0.06184648474057516
1 0.8368814587593079 0.002930925227701664 0.8405459523200989 0.006891634936134021 0.8519976139068604 0.007881812130411467 0.8625331521034241 0.007386723533272743 0.8703203797340393 0.002435836475342512 0.8519976139068604 0.0013020833333333333
1 0.840087890625 0.026695184409618378 0.8419201374053955 0.013327788561582565 0.8565783500671387 0.011842522770166397 0.8712365031242371 0.008871989945570627 0.8790236115455627 0.0013020833333333333 0.8923075795173645 0.003426013824840387 0.8996367454528809 0.013822877158721289 0.9023851156234741 0.027685361603895824 0.9101722836494446 0.05887594819068909 0.9129206538200378 0.07125317056973775 0.9060496687889099 0.0737286110719045 0.8987205028533936 0.06877772510051727 0.8822301626205444 0.0628366619348526 0.8661977648735046 0.06333174804846446 0.86207515001297 0.05590541660785675 0.8579525351524353 0.0460036446650823 0.8519976139068604 0.03511169304450353 0.8469588756561279 0.029665715992450714
1 0.9033012390136719 0.00441619132955869 0.9097141623497009 0.021744295954704285 0.912462592124939 0.02520991861820221 0.9229981303215027 0.01728849858045578 0.9298691749572754 0.010357255736986795 0.9440692067146301 0.007386723533272743 0.9532306790351868 0.01233761136730512 0.962850034236908 0.013327788561582565 0.9706372022628784 0.002435836475342512 0.9417788982391357 0.0013020833333333333 0.915229320526123 0.0013020833333333333
0 0.9110884070396423 0.03263624757528305 0.9225401282310486 0.02570500721534093 0.9307852983474731 0.01926885296901067 0.9367401599884033 0.014813054352998734 0.9472757577896118 0.014813054352998734 0.9523144960403442 0.018278675774733227 0.9523144960403442 0.031150981783866882 0.9651404023170471 0.05491523941357931 0.975217878818512 0.06828263401985168 0.9756759405136108 0.0816500335931778 0.9642242193222046 0.08065985639890035 0.9491080641746521 0.07026299337546031 0.9385724663734436 0.047983999053637184 0.9271207451820374 0.04649873077869415 0.9197916984558105 0.052934885025024414 0.9156690835952759 0.05887594819068909 0.9115464687347412 0.047983999053637184 0.9110884070396423 0.041052756210168205
1 0.9211658835411072 0.0737286110719045 0.9179593920707703 0.06531210243701935 0.9243723154067993 0.05491523941357931 0.9321594834327698 0.052934885025024414 0.9408628344535828 0.059866130352020264 0.9500241279602051 0.07669914265473683 0.9568951725959778 0.08363038301467896 0.9481918811798096 0.08759109179178874 0.939946711063385 0.0816500335931778 0.9266626834869385 0.0757089654604594
0 0.9005528092384338 0.10640446345011394 0.9019270539283752 0.09155181050300598 0.9078818559646606 0.08214511970678966 0.9156690835952759 0.07867949704329173 0.9298691749572754 0.08214511970678966 0.9426950216293335 0.08759109179178874 0.9266626834869385 0.09650269150733948 0.9165852069854736 0.10491920510927837 0.9101722836494446 0.11135535438855489
1 0.8455846905708313 0.08858127395311992 0.852455735206604 0.07719423373540242 0.8584105372428894 0.07075807948907216 0.8643654584884644 0.06976790229479472 0.8753591179847717 0.06976790229479472 0.8863527774810791 0.07026299337546031 0.8932237029075623 0.0722433477640152 0.8991786241531372 0.07867949704329173 0.8968883156776428 0.09204689661661784 0.8968883156776428 0.10788973172505696 0.9019270539283752 0.11729641755421956 0.9060496687889099 0.12521783510843912 0.9065077304840088 0.14155576626459757 0.9037593603134155 0.1460115611553192 0.8767333030700684 0.13709997137387595 0.8607009649276733 0.12224730849266052 0.8474169969558716 0.10244375467300415
1 0.9142948985099792 0.13908032576243082 0.912462592124939 0.1187816858291626 0.9262046217918396 0.10343393683433533 0.9404047131538391 0.09600760539372762 0.9532306790351868 0.09204689661661784 0.9651404023170471 0.09105671445528667 0.9770501852035522 0.09749287366867065 0.9885018467903137 0.10739464561144511 0.9848372936248779 0.11581114927927653 0.9738436341285706 0.13264416654904684 0.9633080959320068 0.14205085237820944 0.9495660662651062 0.1440312067667643 0.9321594834327698 0.14650665720303854 0.921623945236206 0.14452630281448364
1 0.8758171200752258 0.1851235826810201 0.8904752731323242 0.1811628739039103 0.9078818559646606 0.1757168968518575 0.9175013303756714 0.1861137549082438 0.9266626834869385 0.1994811495145162 0.9335336685180664 0.214828888575236 0.9390305280685425 0.22671103477478027 0.9358240962028503 0.23413735628128052 0.9115464687347412 0.23611772060394287 0.8959721326828003 0.22621593872706094 0.8881849646568298 0.21037310361862183 0.8840623497962952 0.1955204407374064
1 0.7254862785339355 0.3706459601720174 0.7372784614562988 0.373401681582133 0.7407843470573425 0.37443506717681885 0.7404655814170837 0.36754576365152997 0.7391908168792725 0.3551449378331502 0.7423778772354126 0.3472222089767456 0.7382346987724304 0.3427441517512004 0.7347288131713867 0.3413662910461426 0.7321791648864746 0.34825563430786133 0.7267611622810364 0.35583388805389404 0.7264423966407776 0.3658234278361003
1 0.7210243940353394 0.38408013184865314 0.7273985147476196 0.3765018781026204 0.7331352829933167 0.37753526369730633 0.7407843470573425 0.3816688855489095 0.7497081756591797 0.38786927858988446 0.7535326480865479 0.39338072141011554 0.7532139420509338 0.40061453978220624 0.7544888257980347 0.4116374651590983 0.7564010620117188 0.41921571890513104 0.7513017058372498 0.4226603905359904 0.7449275255203247 0.42093805472056073 0.7398282289505005 0.4092261791229248 0.7299481630325317 0.39475858211517334 0.7245302200317383 0.38959161440531415
1 0.7203869819641113 0.46744104226430255 0.7318605184555054 0.44746196269989014 0.7382346987724304 0.43643903732299805 0.7430152893066406 0.42679397265116376 0.7544888257980347 0.4264494975407918 0.7592694759368896 0.430583119392395 0.7739300727844238 0.44677305221557617 0.7841286659240723 0.4633074204126994 0.7767983675003052 0.47949735323588055 0.76723712682724 0.4918981393178304 0.7576758861541748 0.494653860727946 0.7468397617340088 0.49534281094868976 0.7302669286727905 0.4898313681284587 0.7248488664627075 0.4791528781255086
1 0.762456476688385 0.4292052586873372 0.778073251247406 0.4464285771052043 0.7857222557067871 0.45951831340789795 0.7905028462409973 0.4584848880767822 0.8019763827323914 0.447806437810262 0.8112189173698425 0.43609456221262616 0.8019763827323914 0.4323054552078247 0.7962396144866943 0.43678351243336994 0.7892280220985413 0.43885032335917157 0.7761609554290771 0.43437222639719647 0.767555832862854 0.43023864428202313
1 0.7815790176391602 0.39923667907714844 0.8003827929496765 0.36754576365152997 0.8131312131881714 0.3503224054972331 0.8144059777259827 0.33241015672683716 0.8182305097579956 0.3293099602063497 0.8268356919288635 0.3375771443049113 0.8363968729972839 0.34791115919748944 0.842133641242981 0.3610008955001831 0.8450020551681519 0.373401681582133 0.8497826457023621 0.38614694277445477 0.8504200577735901 0.39441414674123126 0.8383091688156128 0.42093805472056073 0.8281104564666748 0.4309275945027669 0.8134498596191406 0.4295496940612793 0.8042073249816895 0.4295496940612793 0.7968770265579224 0.42576058705647785 0.7895467281341553 0.40819279352823895
1 0.8172743916511536 0.22355874379475912 0.8182305097579956 0.21391369899113974 0.8290665745735168 0.2053020199139913 0.8456394672393799 0.1929012338320414 0.8536071181297302 0.1867008407910665 0.8599812984466553 0.1853229800860087 0.8603000640869141 0.20151289304097494 0.8606187105178833 0.20943562189737955 0.8577502965927124 0.22493662436803183 0.8513762354850769 0.2363040049870809 0.847551703453064 0.2480158805847168 0.8402214050292969 0.25214946269989014 0.8357594609260559 0.25283841292063397 0.8312975764274597 0.24526013930638632 0.8223736882209778 0.22975915670394897
1 0.8504200577735901 0.24904926617940268 0.8583877682685852 0.23354828357696533 0.8622123003005981 0.2363040049870809 0.8653993606567383 0.2459490696589152 0.8695425987243652 0.25490520397822064 0.8641245365142822 0.2604166666666667 0.8552006483078003 0.2542162736256917
1 0.8198240399360657 0.32276509205500287 0.8230111598968506 0.30588624874750775 0.8376717567443848 0.292796512444814 0.847551703453064 0.2838403781255086 0.8558381199836731 0.2883184552192688 0.8695425987243652 0.2979635198911031 0.8781477212905884 0.3051973183949788 0.8653993606567383 0.32173170646031696 0.8552006483078003 0.34067734082539874 0.8520135879516602 0.350666880607605 0.8450020551681519 0.35411155223846436 0.8348033428192139 0.3379216194152832 0.8274730443954468 0.33068782091140747
1 0.9132056832313538 0.17188878854115805 0.91766756772995 0.15707671642303467 0.9214920997619629 0.1498429278532664 0.9320094585418701 0.15018739302953085 0.9402958750724792 0.1539765199025472 0.93997722864151 0.16396604975064596 0.9326469302177429 0.1743000348409017 0.9259539842605591 0.183600644270579 0.9157553315162659 0.17774470647176108
1 0.9272288680076599 0.1860119104385376 0.9358339309692383 0.17705577611923218 0.9422081112861633 0.1649994452794393 0.9438016414642334 0.15707671642303467 0.9584622383117676 0.16741071144739786 0.9673860669136047 0.17154431343078613 0.9788596034049988 0.17946704228719076 0.9845963716506958 0.1849785049756368 0.9820466637611389 0.1942790945370992 0.9708918929100037 0.20357970396677652 0.9638803005218506 0.21081348260243735 0.9546378254890442 0.21288029352823892 0.9402958750724792 0.21425815423329672 0.933603048324585 0.20185736815134683
0 0.9444391131401062 0.1505318582057953 0.9520880579948425 0.1488095223903656 0.9606932401657104 0.1505318582057953 0.9699357748031616 0.15432098507881165 0.9788596034049988 0.16155478358268738 0.990333080291748 0.16293265422185263 0.9976633787155151 0.16809964179992676 0.9973447322845459 0.1749889850616455 0.994157612323761 0.18118937810262045 0.9868273138999939 0.18118937810262045 0.9737603068351746 0.16982197761535645 0.9565500020980835 0.15948798259099325
0 0.9804531335830688 0.1333085298538208 0.9839589595794678 0.1229745348294576 0.999894380569458 0.1370976666609446 1.0 0.1443314552307129 1.0 0.15432098507881165 1.0 0.1636215845743815 1.0 0.1736111044883728 1.0 0.17843363682428995 1.0 0.1746445099512736 1.0 0.17395557959874472 0.999575674533844 0.16155478358268738 0.9976633787155151 0.1512207885583242 0.9906518459320068 0.14295359452565512
1 0.9670674204826355 0.14743166168530783 0.9724854230880737 0.1443314552307129 0.9756724834442139 0.1370976666609446 0.983002781867981 0.14157572388648987 0.9912892580032349 0.1488095223903656 0.9947950839996338 0.15363205472628275 0.9912892580032349 0.15845458706219992 0.9817280173301697 0.1574211815992991 0.9753538370132446 0.1539765199025472
0 0.9476261734962463 0.21839175621668497 0.9606932401657104 0.21666942040125528 0.9689796566963196 0.21184688806533813 0.9759912490844727 0.2063354253768921 0.9810905456542969 0.2039241592089335 0.9874647855758667 0.21873621145884195 0.993520200252533 0.2273478905359904 0.9954324960708618 0.23113701740900675 0.990333080291748 0.2369929552078247 0.983002781867981 0.24043760697046915 0.9769473671913147 0.24181546767552695 0.9712105989456177 0.246982475121816 0.9651551246643066 0.24904926617940268 0.9540003538131714 0.2376818855603536 0.9453952312469482 0.22975915670394897
1 0.9855525493621826 0.20082396268844604 0.988420844078064 0.18911210695902506 0.994476318359375 0.1860119104385376 1.0 0.17808918158213297 1.0 0.18876763184865317 1.0 0.19565697511037192 1.0 0.19910162687301636 1.0 0.2084022363026937 1.0 0.2152915596961975 1.0 0.21942516167958578 1.0 0.2270034154256185 0.9970260262489319 0.2273478905359904 0.9874647855758667 0.21219136317571005
0 1.0 0.1842895746231079 1.0 0.17774470647176108 1.0 0.17774470647176108 1.0 0.18118937810262045 1.0 0.1849785049756368 1.0 0.1935901641845703 1.0 0.19117889801661173
1 0.8797413110733032 0.31415343284606934 0.8880277276039124 0.3193204402923584 0.8842031955718994 0.33309908707936603 0.8794225454330444 0.3389550447463989 0.8676303625106812 0.3437775770823161 0.8615748286247253 0.34653329849243164 0.8698612451553345 0.33103229602177936 0.8746418952941895 0.3206983009974162
1 0.8501013517379761 0.367201288541158 0.8593438863754272 0.3534226020177205 0.8711361289024353 0.3475666840871175 0.8829283118247986 0.3413662910461426 0.8940831422805786 0.34791115919748944 0.9046005010604858 0.3489445447921753 0.9106559753417969 0.35583388805389404 0.9173488616943359 0.36306766668955487 0.9275475144386292 0.3699570099512736 0.9256352782249451 0.3789131244023641 0.9160740375518799 0.3920028607050578 0.913843035697937 0.3985477288564046 0.917986273765564 0.40509259700775146 0.9202172160148621 0.41783785820007324 0.9227668642997742 0.42507163683573407 0.9116121530532837 0.4295496940612793 0.9017322063446045 0.4402281840642293 0.8931270241737366 0.42576058705647785 0.8832470774650574 0.41956019401550293 0.8794225454330444 0.4112929900487264 0.8701800107955933 0.39338072141011554 0.8644432425498962 0.38786927858988446 0.8577502965927124 0.38683585325876874 0.854563295841217 0.38201332092285156 0.852332353591919 0.37581292788187665
1 0.8877089619636536 0.333443562189738 0.8921709060668945 0.32138723134994507 0.8988637924194336 0.32000937064488727 0.9061940908432007 0.32414297262827557 0.9103372693061829 0.3289655049641927 0.9090625047683716 0.34239967664082843 0.9068315029144287 0.34515543778737384 0.8953579664230347 0.34446648756663006 0.8880277276039124 0.3399884303410848
1 0.9106559753417969 0.29210758209228516 0.918304979801178 0.28108465671539307 0.929459810256958 0.2807401816050212 0.9342404007911682 0.2876295248667399 0.9313720464706421 0.2941743731498718 0.9272288680076599 0.3020971218744914 0.9218107461929321 0.310019850730896 0.917986273765564 0.3193204402923584 0.9151179194450378 0.3237984975179036 0.90810626745224 0.32000937064488727 0.9033256769180298 0.31690917412439984 0.9093811511993408 0.30623070398966473 0.9119307994842529 0.2965856393178304
1 0.9447577595710754 0.2900407910346985 0.9508132934570312 0.28590718905131024 0.9632428884506226 0.2848737835884094 0.9696170687675476 0.2883184552192688 0.9683421850204468 0.2945188482602437 0.9581435918807983 0.2972745895385742 0.9492197036743164 0.2945188482602437
1 0.9482636451721191 0.24009315172831217 0.9524068236351013 0.23974867661794028 0.9600557684898376 0.24939374128977457 0.9645177721977234 0.25834987560908 0.9641990065574646 0.27212852239608765 0.9613306522369385 0.2779844601949056 0.9508132934570312 0.2807401816050212 0.9425268769264221 0.28590718905131024 0.9355152249336243 0.2779844601949056 0.9450765252113342 0.27040618658065796 0.9520880579948425 0.25800540049870807 0.9527255296707153 0.25214946269989014
1 0.9677048325538635 0.2776399850845337 0.9785408973693848 0.286940594514211 0.9922453761100769 0.2852182586987813 1.0 0.28315144777297974 1.0 0.2762621243794759 1.0 0.2562830646832784 1.0 0.2462935447692871 0.9938389658927917 0.24181546767552695 0.9810905456542969 0.2462935447692871 0.9705731868743896 0.25042714675267536 0.9696170687675476 0.2542162736256917 0.9683421850204468 0.2666170597076416
1 0.9106559753417969 0.3496334950129191 0.914480447769165 0.3289655049641927 0.9275475144386292 0.33688823382059735 0.9460326433181763 0.34067734082539874 0.9581435918807983 0.3413662910461426 0.9708918929100037 0.3396439552307129 0.9798157215118408 0.34171076615651447 0.9922453761100769 0.3420552412668864 0.9909705519676208 0.35617836316426593 0.9874647855758667 0.3644455273946126 0.9826841354370117 0.36513447761535645 0.9743977189064026 0.3599674701690674 0.9632428884506226 0.3613453308741252 0.9501758217811584 0.3644455273946126 0.9393397569656372 0.3703014850616455 0.9329655766487122 0.3720238208770752 0.9224482178688049 0.3627232313156128 0.914480447769165 0.35445602734883624
1 0.7799854874610901 0.5080880721410116 0.7956022024154663 0.49499833583831787 0.8038886189460754 0.488109032313029 0.8159995079040527 0.4839754104614258 0.8453207015991211 0.48121968905131024 0.854882001876831 0.4805307388305664 0.8660368323326111 0.48879794279734295 0.8762354254722595 0.5046434005101522 0.8806974291801453 0.5149774154027303 0.8740044832229614 0.5256558656692505 0.8590251803398132 0.5373677412668864 0.84882652759552 0.5408123731613159 0.8271543383598328 0.5439125696818033 0.8105815052986145 0.5449459950129191 0.7949647307395935 0.5404679377873739 0.7869970798492432 0.5342675447463989 0.7831725478172302 0.5253113905588785 0.7812603712081909 0.5153218507766724
1 0.8054821491241455 0.47846396764119464 0.8172743916511536 0.46744104226430255 0.8274730443954468 0.46089617411295575 0.8312975764274597 0.45951831340789795 0.8348033428192139 0.4643408457438151 0.842771053314209 0.465374231338501 0.8558381199836731 0.46847442785898846 0.8571129441261292 0.47639715671539307 0.8405400514602661 0.47846396764119464 0.8223736882209778 0.4791528781255086 0.8156808614730835 0.47984182834625244 0.8089879751205444 0.48121968905131024
1 0.8338472247123718 0.4546957810719808 0.8386278748512268 0.4402281840642293 0.84723299741745 0.44263943036397296 0.8564755320549011 0.4509066343307495 0.8628497123718262 0.45641811688741046 0.8555194139480591 0.4639963706334432 0.8395839333534241 0.4602072238922119
1 0.8618935942649841 0.4746748208999634 0.8603000640869141 0.46468528111775714 0.8666741847991943 0.45676255226135254 0.8784664273262024 0.4588293631871541 0.8870716094970703 0.46261850992838544 0.8953579664230347 0.46778547763824463 0.8988637924194336 0.47846396764119464 0.8959953784942627 0.4915536642074585 0.8915334939956665 0.5029210646947225 0.8851593136787415 0.5063657363255819 0.8778290152549744 0.49637619654337567 0.8701800107955933 0.48707560698191327 0.865080714225769 0.4829420248667399 0.8603000640869141 0.4788084030151367
1 0.6799109578132629 0.8460097312927246 0.686603844165802 0.8418761094411215 0.7003083229064941 0.8415316740671793 0.7111443877220154 0.8429094950358073 0.7178373336791992 0.8442873954772949 0.7229366302490234 0.8535879453023275 0.7200682163238525 0.862199624379476 0.7162438035011292 0.8766671816507975 0.7165624499320984 0.8873457113901774 0.7111443877220154 0.9000909328460693 0.7041328549385071 0.908013661702474 0.6983960866928101 0.9128362337748209 0.6885161399841309 0.9100804328918457 0.6837354898452759 0.9073247114817301 0.680229663848877 0.8980241616566976 0.68564772605896 0.8735670248667399 0.6894722580909729 0.8584105173746744 0.6885161399841309 0.8546213308970133 0.6821419596672058 0.849454402923584
1 0.70636385679245 0.9121472835540771 0.7178373336791992 0.9142140547434489 0.7226179242134094 0.9159363905588785 0.7344101667404175 0.9056023756663004 0.7471585273742676 0.8949239253997803 0.7506642937660217 0.8911348183949789 0.7493894100189209 0.8811453183492025 0.7433339953422546 0.8708113034566244 0.7344101667404175 0.8632330099741617 0.7273985147476196 0.8597883383433024 0.7242114543914795 0.8635775248209635 0.7207056879997253 0.8742559750874838 0.7194308638572693 0.8849344253540039 0.7178373336791992 0.8914792537689209 0.7124192714691162 0.9031911691029867 0.7089135050773621 0.908013661702474
1 0.7484332919120789 0.8697779178619385 0.7599068284034729 0.867366631825765 0.773292601108551 0.8666776816050211 0.778073251247406 0.8666776816050211 0.7818977236747742 0.8770116964975992 0.7796667814254761 0.8994019826253256 0.773611307144165 0.9059468905131022 0.7694680690765381 0.9155919551849365 0.7665997743606567 0.9231701691945394 0.7627752423286438 0.9266148408253988 0.7560823559761047 0.9290261268615723 0.7484332919120789 0.9300595124562582 0.7497081756591797 0.9131806691487631 0.7484332919120789 0.9035356044769287 0.7522578239440918 0.895612875620524 0.7538513541221619 0.8863122463226318 0.7500268816947937 0.873911460240682
1 0.7229366302490234 0.8432539304097494 0.7232553362846375 0.8336089452107748 0.7267611622810364 0.8260306517283121 0.7315417528152466 0.820519208908081 0.7379159331321716 0.8191413084665934 0.7420591115951538 0.8243083159128824 0.7436527013778687 0.8284419377644857 0.7420591115951538 0.8480765024820963 0.7401468753814697 0.8587549527486166 0.7372784614562988 0.8590993881225586 0.7299481630325317 0.8553102811177572
1 0.6429408192634583 0.9617504278818766 0.6531394720077515 0.9283371766408285 0.6655690670013428 0.9242035547892252 0.6716246008872986 0.91972549756368 0.6824606657028198 0.9145585695902506 0.6917032599449158 0.9211033980051676 0.6999896168708801 0.9293705622355143 0.7044515013694763 0.9338486194610596 0.7092321515083313 0.9465939203898112 0.7162438035011292 0.9514164129892985 0.703495442867279 0.9755291144053141 0.6964837908744812 0.9758735497792562 0.681823194026947 0.9727733929951986 0.6681187748908997 0.9765625 0.6576014161109924 0.9720844427744547 0.6493149399757385 0.9676063855489095
1 0.7477958798408508 0.9972304503122965 0.7656435370445251 0.987929900487264 0.773611307144165 0.9841407934824625 0.7866783142089844 0.9817295074462891 0.8061195611953735 0.9779404004414877 0.8137685656547546 0.9710510571797689 0.8185491561889648 0.9696731567382812 0.8207801580429077 0.9803516070048014 0.8233298063278198 0.9975749651590983 0.7650061845779419 0.9979194005330404
1 0.7411029934883118 0.8150076866149902 0.7388720512390137 0.8026069005330404 0.7388720512390137 0.7967510223388672 0.7500268816947937 0.793995221455892 0.762137770652771 0.7898616790771484 0.7710616588592529 0.7881393432617188 0.7799854874610901 0.7957175572713217 0.7879531979560852 0.8022624651590983 0.7889093160629272 0.8108741442362467 0.7885906100273132 0.821897029876709 0.7850847840309143 0.8260306517283121 0.7694680690765381 0.8274084726969401 0.7538513541221619 0.8212080796559652 0.7458836436271667 0.8194857438405355
1 0.7350475788116455 0.7857280572255453 0.7398282289505005 0.7898616790771484 0.7500268816947937 0.7891727288564047 0.7627752423286438 0.7860724925994873 0.772655189037323 0.7829723358154297 0.7764797210693359 0.7798720995585123 0.7665997743606567 0.7626488208770752 0.7618191242218018 0.7481811841328939 0.7528952956199646 0.7492146492004395 0.7423778772354126 0.7543815771738688 0.7379159331321716 0.768504778544108 0.7382346987724304 0.7760829925537109 0.7379159331321716 0.781594435373942
1 0.7653248906135559 0.7440476417541504 0.772655189037323 0.7323357264200846 0.7809416055679321 0.7189015547434489 0.7857222557067871 0.7089120546976725 0.7956022024154663 0.7140790621439616 0.8102627992630005 0.7254464626312256 0.8223736882209778 0.7333691914876302 0.8255608081817627 0.7364693482716879 0.8195053935050964 0.7440476417541504 0.8115376234054565 0.7571373780568441 0.8086692094802856 0.7712604999542236 0.8080317974090576 0.7757385571797689 0.7911403179168701 0.7778053283691406 0.7799854874610901 0.7764275074005127 0.7710616588592529 0.7629932562510172 0.7659623026847839 0.7505924701690674
1 0.77839195728302 0.7871059576670328 0.7831725478172302 0.780905564626058 0.7949647307395935 0.7822833855946859 0.8042073249816895 0.780905564626058 0.8109002113342285 0.7857280572255453 0.8137685656547546 0.7915840148925781 0.8121750950813293 0.7984733581542969 0.8022950291633606 0.7981288433074951 0.7930524945259094 0.7998511791229248 0.7828538417816162 0.792961835861206
1 0.8150433897972107 0.7998511791229248 0.8220550417900085 0.8043292363484701 0.8258794546127319 0.803984800974528 0.8255608081817627 0.7960620721181234 0.8210988640785217 0.7922729651133219 0.8179118037223816 0.7912395000457764
1 0.8255608081817627 0.8143188158671061 0.8265169262886047 0.810529629389445 0.833209753036499 0.8094962437947592 0.8405400514602661 0.8146632512410482 0.8386278748512268 0.8184523582458496 0.837352991104126 0.8239638805389404 0.8290665745735168 0.821552594502767
1 0.8118563294410706 0.7778053283691406 0.8217362761497498 0.7871059576670328 0.8277917504310608 0.7905506292978922 0.8376717567443848 0.7771163781483968 0.8478703498840332 0.7657489776611328 0.8532884120941162 0.7543815771738688 0.8564755320549011 0.7485256989796957 0.854563295841217 0.740947405497233 0.843089759349823 0.7381916840871176 0.8341659903526306 0.7385361194610596 0.8287478685379028 0.7395695845286051 0.8214175701141357 0.746803363164266 0.8163182735443115 0.7574818134307861 0.8121750950813293 0.768504778544108
1 0.8338472247123718 0.7884837786356608 0.849145233631134 0.7702270348866781 0.8603000640869141 0.7561039129892985 0.8685864806175232 0.7512814203898112 0.8810160756111145 0.7492146492004395 0.8896212577819824 0.7488701343536377 0.8985450863838196 0.7616154352823893 0.9065127372741699 0.7733272711435953 0.9100185632705688 0.7819389502207438 0.90810626745224 0.787450393040975 0.8988637924194336 0.7967510223388672 0.8937644362449646 0.7995067437489828 0.8835657238960266 0.799162228902181 0.8771915435791016 0.8032958507537842 0.8762354254722595 0.810529629389445 0.8759167790412903 0.8184523582458496 0.8724110126495361 0.8208636442820231 0.8628497123718262 0.8181079228719076 0.8501013517379761 0.815352201461792 0.8453207015991211 0.8146632512410482 0.837990403175354 0.8098406791687012 0.8348033428192139 0.8050181865692139 0.833209753036499 0.7964065074920654
1 0.8797413110733032 0.8225859800974528 0.8867528438568115 0.8143188158671061 0.8975889086723328 0.8026069005330404 0.9106559753417969 0.7905506292978922 0.9151179194450378 0.7857280572255453 0.935196578502655 0.7857280572255453 0.9444391131401062 0.7902061144510905 0.9479448795318604 0.7953731218973795 0.9460326433181763 0.8050181865692139 0.9422081112861633 0.8194857438405355 0.9425268769264221 0.8298197587331136 0.9415706992149353 0.8442873954772949 0.9453952312469482 0.8532435099283854 0.9485822916030884 0.8604772885640463 0.9457139372825623 0.8649553457895914 0.9320094585418701 0.8618551890055338 0.9160740375518799 0.8615106741587321 0.9084250330924988 0.8601328531901041 0.8944019079208374 0.8480765024820963 0.8816534876823425 0.8315420945485433
1 0.9463512897491455 0.8687444527943929 0.9517694115638733 0.8632330099741617 0.9619681239128113 0.8639219601949056 0.9673860669136047 0.8666776816050211 0.9699357748031616 0.8725336392720541 0.9670674204826355 0.8777006467183431 0.9571874737739563 0.8818341890970866 0.9524068236351013 0.8780450820922852
1 0.7082760334014893 0.5780147711435953 0.7127379179000854 0.5697475671768188 0.7245302200317383 0.5718143781026205 0.7270798683166504 0.574570099512736 0.7207056879997253 0.5824928283691406 0.7149689197540283 0.580081582069397 0.7124192714691162 0.579737106959025
1 0.7309044003486633 0.5714699029922485 0.7388720512390137 0.5611359278361002 0.7538513541221619 0.5580357313156128 0.766281008720398 0.5490795771280924 0.77839195728302 0.5322007338205973 0.7892280220985413 0.551835298538208 0.7971957325935364 0.5580357313156128 0.8073944449424744 0.5607914527257284 0.8153620958328247 0.5673363208770752 0.8201427459716797 0.5752590497334799 0.8233298063278198 0.5793926318486532 0.8226923942565918 0.5900710821151733 0.8281104564666748 0.6017829577128092 0.8226923942565918 0.6117724974950155 0.8045260310173035 0.6117724974950155 0.7767983675003052 0.6072944402694702 0.766918420791626 0.6017829577128092 0.7548074722290039 0.5897266467412313 0.7414217591285706 0.5762924353281657
1 0.8277917504310608 0.6124614079793295 0.8408588171005249 0.6128058830897013 0.8561568260192871 0.6134948333104452 0.8631684184074402 0.6128058830897013 0.8704987168312073 0.608672300974528 0.8730483651161194 0.6024719079335531 0.8727296590805054 0.5938602288564047 0.8698612451553345 0.585593024889628 0.8657180666923523 0.5831817785898844 0.8609374165534973 0.5845596392949423 0.852969765663147 0.5900710821151733 0.8395839333534241 0.5924823681513468 0.8306601047515869 0.5945491790771484 0.831616222858429 0.6007495721181234
1 0.7917776703834534 0.5435681343078613 0.8073944449424744 0.5466683308283488 0.8210988640785217 0.5477017164230347 0.8351220488548279 0.5463238557179769 0.842771053314209 0.545979380607605 0.8446832895278931 0.5535576343536377 0.8402214050292969 0.5635471741358439 0.8325724005699158 0.5721588532129923 0.8249233961105347 0.5756035248438517 0.8201427459716797 0.5669918457667033 0.8128124475479126 0.5604469776153564 0.7997453808784485 0.5552799701690674 0.7924150824546814 0.5490795771280924
1 0.6620633006095886 0.6362295945485433 0.6658878326416016 0.61969522635142 0.6846916079521179 0.620384136835734 0.6999896168708801 0.6245177586873373 0.70636385679245 0.625895619392395 0.7050889730453491 0.6358851591746012 0.6939341425895691 0.6393297910690308 0.68724125623703 0.6420855522155762 0.6846916079521179 0.6500082810719808 0.680867075920105 0.6537973880767822 0.6716246008872986 0.648630420366923 0.6665252447128296 0.6431189378102621
1 0.7089135050773621 0.6407076915105184 0.713694155216217 0.6269290049870809 0.7302669286727905 0.620039701461792 0.750982940196991 0.614528218905131 0.7650061845779419 0.6097056865692139 0.7962396144866943 0.614528218905131 0.8080317974090576 0.6162505547205607 0.8163182735443115 0.614528218905131 0.8249233961105347 0.6159060796101888 0.8281104564666748 0.6310626268386841 0.8319349884986877 0.6410521268844604 0.8144059777259827 0.6541418631871542 0.8013389110565186 0.672398567199707 0.7882719039916992 0.6899663607279459 0.7841286659240723 0.6978890895843506 0.773611307144165 0.6985780398050944 0.766281008720398 0.6896219253540039 0.756719708442688 0.688588539759318 0.7474771738052368 0.6865216890970866 0.7433339953422546 0.688588539759318 0.7369598150253296 0.6847993532816569 0.7318605184555054 0.6727430820465088 0.7216618061065674 0.6679205099741617 0.7168811559677124 0.654830813407898 0.7124192714691162 0.6469080845514933
1 0.7882719039916992 0.70133376121521 0.8067570328712463 0.6734319527943929 0.8233298063278198 0.6510416666666666 0.8341659903526306 0.6462191343307495 0.849463939666748 0.6489748557408651 0.8666741847991943 0.6503527164459229 0.8749606609344482 0.6686094601949056 0.8826096057891846 0.6847993532816569 0.8806974291801453 0.695133368174235 0.8714548349380493 0.713045597076416 0.8689051270484924 0.7233796119689941 0.8583877682685852 0.7323357264200846 0.8536071181297302 0.7350915273030599 0.831616222858429 0.734402577082316 0.8198240399360657 0.7275132338205973 0.8022950291633606 0.7133901119232178 0.7914589643478394 0.7040894826253256
1 0.8711361289024353 0.6500082810719808 0.8842031955718994 0.6427744626998901 0.8985450863838196 0.6386408805847168 0.9074689149856567 0.6348517338434855 0.9151179194450378 0.6472525199254354 0.9205359816551208 0.6620645920435587 0.9253166317939758 0.6761877536773682 0.91766756772995 0.6872106393178304 0.9093811511993408 0.6954778830210367 0.8995012044906616 0.699955940246582 0.8854780197143555 0.695133368174235 0.8861153721809387 0.6813546816507975 0.8762354254722595 0.6596533457438151
1 0.8564755320549011 0.5449459950129191 0.8676303625106812 0.5363343159357706 0.8797413110733032 0.5218667189280192 0.8877089619636536 0.5094659328460693 0.9007759690284729 0.5235890547434489 0.913843035697937 0.5439125696818033 0.91926109790802 0.5563133955001831 0.9163927435874939 0.5694030920664469 0.9077876210212708 0.5731922388076782 0.8988637924194336 0.5694030920664469 0.8918521404266357 0.5625137885411581 0.8838844895362854 0.5663028955459595 0.8641245365142822 0.5563133955001831
1 0.8771915435791016 0.7171792189280192 0.8851593136787415 0.7009893258412679 0.8931270241737366 0.7089120546976725 0.8947205543518066 0.7171792189280192 0.8918521404266357 0.7268242835998535 0.8829283118247986 0.7223462263743082
1 0.8947205543518066 0.7023671468098959 0.9017322063446045 0.7016782760620117 0.9096998572349548 0.6992669900258383 0.9135243892669678 0.6972001393636068 0.9227668642997742 0.7034006118774414 0.9307346343994141 0.7092564900716146 0.9160740375518799 0.7113233407338461 0.9033256769180298 0.7123567263285319 0.8982263207435608 0.712701161702474 0.8979076743125916 0.7071897188822428
1 0.9163927435874939 0.6937555472056071 0.9253166317939758 0.6830770174662272 0.933603048324585 0.6892774105072021 0.9390210509300232 0.694788932800293 0.9348778128623962 0.7058118184407552 0.9259539842605591 0.7009893258412679
1 0.9383836388587952 0.7099454402923584 0.9447577595710754 0.6944444179534912 0.9536815881729126 0.6892774105072021 0.9581435918807983 0.6861772537231445 0.9571874737739563 0.6792879104614258 0.9721667170524597 0.6758432388305664 0.9769473671913147 0.6768766244252523 0.9775847792625427 0.6851438681284586 0.9865086674690247 0.6930665969848633 0.9916079640388489 0.7047784328460693 0.988739550113678 0.7216572761535645 0.9861899018287659 0.7330246766408285 0.9740789532661438 0.7337136268615723 0.9584622383117676 0.7333691914876302 0.9425268769264221 0.7199349403381348
1 0.933603048324585 0.6248621940612793 0.9565500020980835 0.620039701461792 0.9648364186286926 0.6214175621668497 0.9705731868743896 0.6276179552078247 0.9734416007995605 0.637263019879659 0.9779034852981567 0.6410521268844604 0.9823654294013977 0.6441523234049479 0.9833215475082397 0.6558641990025839 0.9779034852981567 0.6661981741587321 0.9763099551200867 0.6710207462310791 0.9648364186286926 0.6734319527943929 0.9555938839912415 0.6751542886098226 0.9543190598487854 0.6644758780797323 0.9466700553894043 0.6520750522613525 0.9383836388587952 0.6417410771052042 0.9364713430404663 0.6334738731384277
1 0.9798157215118408 0.6792879104614258 0.9794970154762268 0.6730875174204508 0.9855525493621826 0.6599977811177572 0.988739550113678 0.6527640024820963 0.99925696849823 0.6531084775924683 1.0 0.6568975845972697 1.0 0.6689538955688477 1.0 0.6813546816507975 1.0 0.6906553109486898 0.994476318359375 0.694788932800293 0.9909705519676208 0.6944444179534912 0.9865086674690247 0.6889329751332601 0.9833215475082397 0.6851438681284586
1 0.9976633787155151 0.699955940246582 1.0 0.6968557039896647 1.0 0.706500768661499 1.0 0.7161458333333334 1.0 0.7213128407796224 1.0 0.7282021840413412 1.0 0.7299245198567709 1.0 0.7313023408253988 0.993520200252533 0.7309579054514567 0.9938389658927917 0.7216572761535645 0.995113730430603 0.7116677761077881
1 0.9791783690452576 0.7385361194610596 0.9877834320068359 0.7364693482716879 0.9970260262489319 0.7368137836456299 0.9954324960708618 0.741980791091919 0.9877834320068359 0.747147798538208 0.9842776656150818 0.7495590845743815 0.9804531335830688 0.7454254627227783
1 0.8915334939956665 0.7433586915334066 0.8944019079208374 0.7337136268615723 0.8991824388504028 0.7195905049641927 0.912886917591095 0.7154568831125895 0.9269101023674011 0.713045597076416 0.9329655766487122 0.7133901119232178 0.9371088147163391 0.7192460695902506 0.9466700553894043 0.7254464626312256 0.9559125900268555 0.7375027338663737 0.9581435918807983 0.7530037562052408 0.9555938839912415 0.7602375348409017 0.9501758217811584 0.768504778544108 0.9485822916030884 0.7774608929951986 0.9418894052505493 0.780905564626058 0.9198985695838928 0.781594435373942 0.912886917591095 0.780905564626058 0.9052379727363586 0.7647155920664469 0.8995012044906616 0.7561039129892985
1 0.9836402535438538 0.7547260920206705 0.9906518459320068 0.7499035199483236 0.998619556427002 0.7433586915334066 1.0 0.7361249128977457 1.0 0.734402577082316 1.0 0.7337136268615723 1.0 0.7488701343536377 1.0 0.7678158283233643 1.0 0.7802166144053141 1.0 0.7846946716308594 0.9954324960708618 0.7843502362569174 0.9909705519676208 0.7805610497792562 0.9861899018287659 0.7712604999542236
1 0.9877834320068359 0.6413966019948324 0.9861899018287659 0.6190062761306763 0.988420844078064 0.5990272363026937 0.993520200252533 0.592137893040975 1.0 0.5890376965204874 1.0 0.5886932214101156 1.0 0.5897266467412313 1.0 0.5986827611923218 1.0 0.608672300974528 1.0 0.6241732835769653 1.0 0.6345072587331136 1.0 0.6427744626998901 1.0 0.6482859452565511 1.0 0.6510416666666666 1.0 0.6479414701461792 0.9912892580032349 0.6403632164001465
1 0.9061940908432007 0.44677305221557617 0.9154365658760071 0.4354056517283122 0.9256352782249451 0.43333884080251056 0.9332842826843262 0.43816137313842773 0.9492197036743164 0.44746196269989014 0.9651551246643066 0.45641811688741046 0.9763099551200867 0.46089617411295575 0.9699357748031616 0.4774305423100789 0.9629241824150085 0.4912092288335164 0.9489009976387024 0.4929315646489461 0.9358339309692383 0.4936204751332601 0.929778516292572 0.4901758035024007 0.923404335975647 0.4681299527486165 0.913843035697937 0.4619295597076416 0.9087437391281128 0.45917383829752606 0.9068315029144287 0.4505621592203776
1 0.9256352782249451 0.4150821367899577 0.935196578502655 0.4040592114130656 0.9415706992149353 0.40061453978220624 0.9613306522369385 0.39303624629974365 0.9791783690452576 0.39165838559468585 0.993201494216919 0.39510305722554523 1.0 0.4075038433074951 1.0 0.4106040398279826 1.0 0.42369377613067627 1.0 0.431272029876709 1.0 0.4447062412897746 0.9967072606086731 0.4505621592203776 0.9865086674690247 0.45366235574086505 0.9772660732269287 0.45676255226135254 0.9540003538131714 0.4436728556950887 0.9361526966094971 0.43333884080251056 0.9300971627235413 0.42403825124104816
1 0.9747163653373718 0.47639715671539307 0.9833215475082397 0.4636518955230713 0.994157612323761 0.45641811688741046 1.0 0.4574515024820964 1.0 0.4619295597076416 1.0 0.4681299527486165 1.0 0.471230149269104 1.0 0.4822530746459961 1.0 0.48742008209228516 1.0 0.48948689301808673 0.9979821443557739 0.48604222138722736 0.9868273138999939 0.48431988557179767 0.9791783690452576 0.48156416416168213 0.9775847792625427 0.4788084030151367
1 0.9256352782249451 0.5291005373001099 0.9285036325454712 0.5067102114359537 0.9361526966094971 0.49878748257954914 0.9536815881729126 0.49982086817423504 0.9610118865966797 0.5015432039896647 0.9587810039520264 0.5180776119232178 0.9571874737739563 0.5284115870793661 0.9367901086807251 0.5301339228947958 0.929459810256958 0.5315117835998535
1 0.9651551246643066 0.49706514676411945 0.9743977189064026 0.4846643606821696 0.990333080291748 0.488453467686971 1.0 0.4901758035024007 1.0 0.4925870895385742 1.0 0.4932760000228882 1.0 0.5104993581771851 1.0 0.5273782014846802 1.0 0.5421902736028036 1.0 0.551835298538208 1.0 0.5604469776153564 1.0 0.574570099512736 1.0 0.5845596392949423 0.999575674533844 0.585593024889628 0.9817280173301697 0.5773258209228516 0.9616493582725525 0.5625137885411581 0.9648364186286926 0.5366787910461426 0.9664300084114075 0.51669975121816 0.9670674204826355 0.5091214577356974
1 1.0 0.4853532711664836 1.0 0.4729524850845337 1.0 0.47054123878479004 1.0 0.47054123878479004 1.0 0.4753637711207072 1.0 0.4853532711664836 1.0 0.4915536642074585 1.0 0.4932760000228882 1.0 0.4956872860590617 1.0 0.4912092288335164
1 1.0 0.5046434005101522 1.0 0.49637619654337567 1.0 0.4994763930638631 1.0 0.5070546865463257 1.0 0.5146329402923584 1.0 0.5335785945256551 1.0 0.5439125696818033 1.0 0.5552799701690674 1.0 0.5597580273946127 1.0 0.557346781094869 1.0 0.5542465845743815 1.0 0.5477017164230347 1.0 0.533923069636027 1.0 0.5222111940383911 1.0 0.5146329402923584
1 1.0 0.5859375 1.0 0.5735367139180502 1.0 0.5611359278361002 1.0 0.5587246417999268 1.0 0.5611359278361002 1.0 0.5635471741358439 1.0 0.5642361243565878 1.0 0.5790481567382812 1.0 0.5924823681513468 1.0 0.5976493755976359 1.0 0.5986827611923218 1.0 0.5948936144510905 1.0 0.5904155572255453
1 0.84723299741745 0.8515211741129557 0.859662652015686 0.8566881815592448 0.8708174228668213 0.8642663955688477 0.8660368323326111 0.8746004104614258 0.8567942380905151 0.8708113034566244 0.849145233631134 0.8608217239379883
1 0.7812603712081909 0.9042245546976725 0.7857222557067871 0.8787340323130289 0.7895467281341553 0.8618551890055338 0.8010202646255493 0.8539324601491293 0.8124937415122986 0.8484209378560384 0.8230111598968506 0.8466986020406088 0.833209753036499 0.8463541666666666 0.8462768197059631 0.867366631825765 0.8513762354850769 0.8759783109029134 0.8462768197059631 0.8935461044311523 0.8408588171005249 0.9090470472971598 0.837034285068512 0.91972549756368 0.8274730443954468 0.9276482264200846 0.8179118037223816 0.9338486194610596 0.8029325008392334 0.9331597487131754 0.7917776703834534 0.9186921119689941 0.7857222557067871 0.9093915621439616
1 0.8013389110565186 0.9562389850616455 0.7984706163406372 0.9407379627227783 0.8061195611953735 0.937293291091919 0.8169556260108948 0.9403935273488363 0.8210988640785217 0.9548610846201578 0.8159995079040527 0.9658840497334799 0.8073944449424744 0.9672618707021078 0.8038886189460754 0.9617504278818766
1 0.8223736882209778 0.937293291091919 0.837990403175354 0.9242035547892252 0.847551703453064 0.936259905497233 0.8552006483078003 0.9441826343536377 0.8615748286247253 0.9483162562052408 0.8730483651161194 0.9455605347951254 0.8787850737571716 0.936259905497233 0.8899399042129517 0.9417713483174642 0.8991824388504028 0.9493496417999268 0.9004573225975037 0.965195099512736 0.8995012044906616 0.9696731567382812 0.8854780197143555 0.9738067785898844 0.8606187105178833 0.9713954925537109 0.843408465385437 0.9707065423329672 0.8303414583206177 0.9665729999542236 0.8261982202529907 0.9514164129892985
1 0.8953579664230347 0.9972304503122965 0.9017322063446045 0.9834518432617188 0.9033256769180298 0.9748401641845703 0.9112933874130249 0.983107328414917 0.9163927435874939 0.9972304503122965 0.9052379727363586 0.9982639153798422
1 0.9046005010604858 0.9682953357696533 0.9065127372741699 0.9503830273946127 0.923404335975647 0.9417713483174642 0.9300971627235413 0.9431492487589518 0.9329655766487122 0.9545166492462158 0.9402958750724792 0.9820739428202311 0.9473075270652771 0.9965415795644125 0.9383836388587952 0.9982639153798422 0.924041748046875 0.9968860149383545 0.918623685836792 0.9917190074920654 0.9157553315162659 0.982762893040975 0.9090625047683716 0.9758735497792562
1 0.8682677149772644 0.8894124825795492 0.8711361289024353 0.873911460240682 0.8759167790412903 0.867711067199707 0.8899399042129517 0.8670221169789633 0.9039630889892578 0.8656442960103353 0.924997866153717 0.8666776816050211 0.93997722864151 0.8690889676411947 0.9492197036743164 0.8766671816507975 0.9514507055282593 0.8842454751332601 0.9479448795318604 0.9007798830668131 0.9412519931793213 0.9200700124104818 0.929778516292572 0.9348820845286051 0.9119307994842529 0.9428048133850098 0.9020508527755737 0.9455605347951254 0.8915334939956665 0.9376378059387207 0.8813347816467285 0.9300595124562582 0.8749606609344482 0.9121472835540771 0.8717735409736633 0.901813268661499
1 0.9641990065574646 0.937293291091919 0.9689796566963196 0.9224812984466553 0.9779034852981567 0.9152474403381348 0.9849150776863098 0.9214478333791097 0.9855525493621826 0.9290261268615723 0.9925640821456909 0.9479718208312988 1.0 0.9696731567382812 1.0 0.9824184576670328 0.9947950839996338 0.9841407934824625 0.9779034852981567 0.9796627362569174 0.9737603068351746 0.9751845995585123 0.9721667170524597 0.9676063855489095 0.9686609506607056 0.9572723706563314 0.9645177721977234 0.9490052064259847
1 0.9823654294013977 0.9118027687072754 0.9973447322845459 0.9000909328460693 1.0 0.8928571542104086 1.0 0.8907903830210367 1.0 0.8983685970306396 1.0 0.9155919551849365 1.0 0.924548069636027 1.0 0.936259905497233 1.0 0.947282870610555 1.0 0.9527943134307861 1.0 0.9562389850616455 1.0 0.9600280920664469 1.0 0.9603726069132487 1.0 0.9610614776611328 1.0 0.9682953357696533 0.9979821443557739 0.9483162562052408 0.9928828477859497 0.9293705622355143 0.9896957278251648 0.9224812984466553
1 0.9759912490844727 0.8797674179077148 0.9852337837219238 0.8749448458353678 0.9906518459320068 0.8604772885640463 1.0 0.8504877885182699 1.0 0.8573771317799886 1.0 0.867366631825765 1.0 0.8759783109029134 1.0 0.8814897537231445 0.998938262462616 0.8866567611694336 0.9868273138999939 0.890101432800293 0.9798157215118408 0.8811453183492025
1 1.0 0.8825231393178304 1.0 0.8880345821380615 1.0 0.8873457113901774 1.0 0.8794229825337728 1.0 0.8718446890513102 1.0 0.8666776816050211 1.0 0.8601328531901041 1.0 0.862199624379476 1.0 0.8656442960103353 1.0 0.8715002536773682
1 1.0 0.8439428806304932 1.0 0.8291308085123698 1.0 0.8181079228719076 1.0 0.810529629389445 1.0 0.8167300224304199 1.0 0.8243083159128824 1.0 0.8398093382517496 1.0 0.8453207810719808 1.0 0.8491098880767822 1.0 0.8511766592661539 1.0 0.8484209378560384
1 1.0 0.8539324601491293 1.0 0.849454402923584 1.0 0.8487654527028402 1.0 0.8577215671539307 1.0 0.8604772885640463 1.0 0.8618551890055338
1 1.0 0.8446318308512369 1.0 0.8225859800974528 1.0 0.8187968730926514 1.0 0.8122519652048746 1.0 0.8108741442362467 1.0 0.8236193656921387 1.0 0.8325754801432291 1.0 0.8590993881225586 1.0 0.8704667886098226 1.0 0.8728780746459961 1.0 0.8728780746459961 1.0 0.8663332462310791 1.0 0.8639219601949056 1.0 0.8549658457438151 1.0 0.8484209378560384
1 0.9594183564186096 0.9986083507537842 0.9721667170524597 0.987929900487264 0.9769473671913147 0.9862075646718343 0.9979821443557739 0.9903411865234375 1.0 0.9937858581542969 1.0 0.9982639153798422 0.9852337837219238 0.9982639153798422 0.9708918929100037 0.9986083507537842 0.9629241824150085 0.9979194005330404
1 1.0 0.9972304503122965 1.0 0.9862075646718343 1.0 0.9758735497792562 1.0 0.970362106959025 1.0 0.965195099512736 1.0 0.963817278544108 1.0 0.9641617139180502 1.0 0.9665729999542236 1.0 0.976906935373942 1.0 0.9910300572713217 1.0 0.9961970647176107 1.0 0.9986979166666666 1.0 0.9986979166666666 1.0 0.9986979166666666 1.0 0.9979194005330404
1 1.0 0.9955081939697266 1.0 0.9848296642303467 1.0 0.9772514502207438 1.0 0.9731178283691406 1.0 0.982762893040975 1.0 0.988274335861206 1.0 0.9979194005330404 1.0 0.9979194005330404
1 1.0 0.9104249477386475 1.0 0.8918237686157227 1.0 0.8849344253540039 1.0 0.8804563681284586 1.0 0.8852788607279459 1.0 0.9045689900716146 1.0 0.9135251045227051 1.0 0.9155919551849365
1 1.0 0.7784942785898844 1.0 0.7598930994669596 1.0 0.7333691914876302 1.0 0.7275132338205973 1.0 0.7220017910003662 1.0 0.7158013979593912 1.0 0.7144234975179037 1.0 0.7199349403381348 1.0 0.7220017910003662 1.0 0.7330246766408285 1.0 0.7485256989796957 1.0 0.7595485846201578 1.0 0.7712604999542236 1.0 0.7915840148925781 1.0 0.8074294726053873 1.0 0.815696636835734 1.0 0.8129409154256185 1.0 0.803984800974528 1.0 0.7912395000457764 1.0 0.7860724925994873 1.0 0.7943397363026937 1.0 0.8043292363484701 1.0 0.8136298656463623 1.0 0.8174189726511637 1.0 0.8139743010203043 1.0 0.803984800974528 1.0 0.7915840148925781
1 1.0 0.8198302586873373 1.0 0.8101851940155029 1.0 0.809151808420817 1.0 0.8184600671132406 1.0 0.8315420945485433 1.0 0.8370535373687744 1.0 0.8277529875437418
1 1.0 0.6227954228719076 1.0 0.632784922917684 1.0 0.6441523234049479 1.0 0.6562086741129557 1.0 0.6644758780797323 1.0 0.6651647885640463 1.0 0.651289701461792 1.0 0.6355406840642294 1.0 0.6269290049870809
1 1.0 0.637263019879659 1.0 0.6055721044540405 1.0 0.5955825646718343 1.0 0.5890376965204874 1.0 0.5983382860819498 1.0 0.6028163433074951 1.0 0.6148726940155029 1.0 0.620039701461792 1.0 0.63209601243337 1.0 0.6520750522613525 1.0 0.6620645920435587 1.0 0.6730875174204508 1.0 0.6803212960561117 1.0 0.6727430820465088 1.0 0.6758432388305664 1.0 0.6803212960561117 1.0 0.672054131825765 1.0 0.6596533457438151
1 1.0 0.5828373034795126 1.0 0.5697475671768188 1.0 0.5649250348409017 1.0 0.5680252313613892 1.0 0.5721588532129923 1.0 0.5790481567382812 1.0 0.5859375 1.0 0.5976493755976359 1.0 0.6007495721181234 1.0 0.5962714751561483 1.0 0.5890376965204874
1 0.9959502220153809 0.23958333333333334 1.0 0.23147698243459067 1.0 0.22438391049702963 1.0 0.22742380698521933 1.0 0.23705009619394937 1.0 0.25883593161900836 1.0 0.26998215913772583 1.0 0.2780885299046834 1.0 0.27656857172648114 1.0 0.2745419939359029 1.0 0.26136916875839233 1.0 0.24819634358088175
1 1.0 0.4189364512761434 1.0 0.422482967376709 1.0 0.422482967376709 1.0 0.41336333751678467 1.0 0.40323038895924884 1.0 0.39765727519989014 1.0 0.3936040798823039 1.0 0.38853760560353595 1.0 0.3870176871617635 1.0 0.38600436846415204 1.0 0.3875243266423543 1.0 0.39461739857991535 1.0 0.402723749478658 1.0 0.4113367398579915
0 1.0 0.42653616269429523 1.0 0.4290693998336792 1.0 0.42957603931427 1.0 0.41842981179555255 1.0 0.40120379130045575 1.0 0.4042436679204305 1.0 0.4093101421991984
0 1.0 0.3404061396916707 1.0 0.3312864700953166 1.0 0.31507376829783124 1.0 0.3019009431203206 1.0 0.29734110832214355 1.0 0.29126135508219403 1.0 0.2861948808034261 1.0 0.29075469573338825 1.0 0.30392752091089886 1.0 0.31406046946843463 1.0 0.3191269437472026 1.0 0.32115354140599567 1.0 0.3231801191965739 1.0 0.3196335832277934 1.0 0.325206716855367 1.0 0.3434460163116455 1.0 0.3581387996673584 1.0 0.3662451505661011 1.0 0.3708049456278483 1.0 0.37992461522420246 1.0 0.3819512128829956 1.0 0.36523183186848956 1.0 0.3571254809697469 1.0 0.34952576955159503 1.0 0.3464858929316203
1 1.0 0.39953752358754474 1.0 0.3810165325800578 1.0 0.3720366557439168 1.0 0.38213900725046795 1.0 0.46015175183614093 1.0 0.4674479166666667 1.0 0.4674479166666667 1.0 0.46015175183614093 1.0 0.4433144728342692 1.0 0.4186197916666667
1 1.0 0.49438758691151935 1.0 0.48035649458567303 1.0 0.47081538041432697 1.0 0.47137661774953205 1.0 0.47530531883239746 1.0 0.49158136049906415 1.0 0.5044899384180704 1.0 0.5072961648305258 1.0 0.5072961648305258
1 1.0 0.4792340199152629 1.0 0.4736216068267822 1.0 0.5 1.0 0.508979876836141 1.0 0.49663253625233966
1 1.0 0.28055405616760254 1.0 0.27101292212804157 1.0 0.25922683874766034 1.0 0.24631824096043906 1.0 0.24295079708099365 1.0 0.2530531684557597 1.0 0.26820671558380127 1.0 0.2839215199152629 1.0 0.31086117029190063 1.0 0.3091774384180705 1.0 0.2934626340866089 1.0 0.2788703242937724 1.0 0.274941623210907 1.0 0.27606411774953205 1.0 0.28055405616760254
1 1.0 0.21993982791900635 1.0 0.21432741483052573 1.0 0.21152118841807047 1.0 0.2103987137476603 1.0 0.2148886521657308 1.0 0.23172593116760254 1.0 0.23677712678909302 1.0 0.24744073549906412 1.0 0.265400509039561 1.0 0.2519306739171346 1.0 0.2334096630414327
1 1.0 0.3192798097928365 1.0 0.29402389129002887 1.0 0.2715741793314616 1.0 0.3206043442090352 1.0 0.3271372119585673
1 1.0 0.363056739171346 1.0 0.34453574816385907 1.0 0.33387211958567303 1.0 0.33387211958567303 1.0 0.35632185141245526 1.0 0.36642420291900635 1.0 0.36642420291900635
1 1.0 0.19412267208099365 1.0 0.17560166120529175 1.0 0.1570806403954824 1.0 0.16549927989641824 1.0 0.17111170291900635 1.0 0.17223419745763144 1.0 0.18121407429377237 1.0 0.2031025489171346 1.0 0.2059087554613749 1.0 0.2059087554613749 1.0 0.20478628079096475
0 1.0 0.24856321016947427 1.0 0.2373383641242981 1.0 0.25525323549906415 1.0 0.2631555398305257 1.0 0.255859375
1 1.0 0.2137661576271057 1.0 0.19075520833333334 1.0 0.17953034241994223 1.0 0.17616289854049683 1.0 0.18009159962336221 1.0 0.1767241358757019 1.0 0.226674755414327 1.0 0.23509339491526285 1.0 0.24014457066853842 1.0 0.23228716850280762
0 1.0 0.1475395162900289 1.0 0.13463092843691507 1.0 0.12565104166666666 1.0 0.1267735262711843 1.0 0.13406968116760254 1.0 0.15090697010358176 1.0 0.1621318260828654 1.0 0.16830549637476602 1.0 0.16437679529190063 1.0 0.15764187773068747
1 0.9901957511901855 0.11947737137476604 0.9990234375 0.10881375273068745 1.0 0.10432381431261699 1.0 0.1133037010828654 1.0 0.11891612410545349 1.0 0.14473329981168112 1.0 0.14810075362523398 1.0 0.13631465037663779 0.9985041618347168 0.12621228893597922
1 1.0 0.09758889675140381 1.0 0.08748652537663777 1.0 0.08524155616760254 1.0 0.09927262862523396 1.0 0.10825251539548238 1.0 0.12228358785311381 1.0 0.13070222735404968 1.0 0.1239673097928365 1.0 0.11835488677024841 1.0 0.11105873187383015
1 0.9787717461585999 0.0869252880414327 0.9865608811378479 0.07626167436440785 1.0 0.07064924637476604 1.0 0.07457794745763142 1.0 0.0908539891242981 1.0 0.09815014402071635 0.9943499565124512 0.10432381431261699 0.9829258918762207 0.09758889675140381
1 0.9585199952125549 0.03304597735404968 0.9595584869384766 0.020137391984462738 0.9772138595581055 0.01171875 0.9881186485290527 0.019014906138181686 1.0 0.021821121374766033 1.0 0.024627335369586945 1.0 0.054373204708099365 0.9985041618347168 0.06840427219867706 0.9844837188720703 0.07008800407250722 0.9730596542358398 0.05830190579096476 0.9647513031959534 0.043709591031074524
0 0.9891571998596191 0.01227999230225881 0.9901957511901855 0.0016163792461156845 1.0 0.0021776221692562103 1.0 0.016769935687383015 0.9979848861694336 0.016769935687383015
1 1.0 0.0013020833333333333 1.0 0.002738865092396736 1.0 0.016769935687383015 1.0 0.02125987907250722 1.0 0.018453663835922878
1 1.0 0.0650368183851242 1.0 0.03304597735404968 1.0 0.026311062276363373 1.0 0.02069863552848498 1.0 0.02238236367702484 1.0 0.033607219656308494 1.0 0.04314834872881571 1.0 0.07177173097928365 1.0 0.0790678858757019 1.0 0.08411907156308492 1.0 0.08860901991526286 1.0 0.08019037544727325 1.0 0.07121048867702484
1 1.0 0.014524963994820913 1.0 0.008351293082038561 1.0 0.0013020833333333333 1.0 0.0013020833333333333 1.0 0.004983836164077123 1.0 0.02967852105696996 1.0 0.042025864124298096 1.0 0.04539331793785095 1.0 0.03921964764595032 1.0 0.038658405343691506 1.0 0.029117276271184284 1.0 0.02238236367702484
0 1.0 0.008351293082038561 1.0 0.00722880723575751 1.0 0.008351293082038561 1.0 0.014499872922897339 1.0 0.026872307062149048 1.0 0.026311062276363373 1.0 0.026311062276363373 1.0 0.017331177989641827
1 1.0 0.06840427219867706 1.0 0.04763829211393992 1.0 0.045954560240109764 1.0 0.04876077671845754 1.0 0.06672054529190063 1.0 0.07177173097928365
1 1.0 0.0829965869585673 1.0 0.07738415896892548 1.0 0.08748652537663777 1.0 0.09590517481168111 1.0 0.09029274185498555
0 1.0 0.1385596295197805 1.0 0.12228358785311381 1.0 0.12452855706214905 1.0 0.17055046558380127 1.0 0.1694279909133911 1.0 0.1542744239171346 1.0 0.14361081520716348
1 1.0 0.06784302989641826 1.0 0.05325072010358175 1.0 0.04314834872881571 1.0 0.033607219656308494 1.0 0.03199900438388189 1.0 0.07401670018831889 1.0 0.07177173097928365
1 1.0 0.0925377110640208 1.0 0.08243534465630849 1.0 0.08075161774953206 1.0 0.11835488677024841 1.0 0.11610991756121318
