0 0.0009765625 0.0022877726393441358 0.0009765625 0.0016793223718802135 0.0009765625 0.003504673019051552 0.0009765625 0.011414525409539541 0.0009765625 0.019932827601830166 0.0009765625 0.025408878922462463 0.0009765625 0.044270833333333336 0.0009765625 0.055831387639045715 0.0009765625 0.061915889382362366 0.0009765625 0.04487928251425425 0.0009765625 0.022366628050804138 0.0009765625 0.012022974590460459
0 0.0009765625 0.06860884030659993 0.0009765625 0.07347643872102101 0.0009765625 0.07834404210249583 0.0009765625 0.08868769804636638 0.0009765625 0.09781445066134135 0.0009765625 0.10694120327631633 0.0009765625 0.11424260338147481 0.0009765625 0.12519470850626627 0.0009765625 0.14101440707842508 0.0009765625 0.15196651220321655 0.0009765625 0.15926791230837503 0.0009765625 0.16474395990371704 0.0009765625 0.16778622070948282 0.0009765625 0.16961157321929932 0.0009765625 0.09598909815152486
0 0.0009765625 0.06681743264198303 0.0009765625 0.04283168911933899 0.0009765625 0.027412280440330505 0.0009765625 0.017989308883746464 0.0009765625 0.01027960516512394 0.0009765625 0.01027960516512394 0.0009765625 0.017132675896088283 0.0009765625 0.023129113018512726 0.0009765625 0.0308388148744901 0.0009765625 0.04026178767283758 0.0009765625 0.04797149201234182 0.0009765625 0.05396792789300283 0.0009765625 0.0616776297489802 0.0009765625 0.0762404054403305 0.0009765625 0.08994654814402263 0.0009765625 0.09679961204528809 0.0009765625 0.09851288795471191 0.0009765625 0.08823328216870625 0.0009765625 0.07538377245267232
0 0.0009765625 0.4706497589747111 0.0009765625 0.46211151281992596 0.0009765625 0.46851519743601483 0.0009765625 0.4823898474375407 0.0009765625 0.4941299359003703 0.0009765625 0.49733177820841473 0.0009765625 0.5020478566487631 0.0009765625 0.484524408976237
0 0.0009765625 0.40127646923065186 0.0009765625 0.38633453845977783 0.0009765625 0.3649888833363851 0.0009765625 0.3511142333348592 0.0022090543061494827 0.34577782948811847 0.029009366407990456 0.3468451102574666 0.05283185839653015 0.35965247948964435 0.08658039569854736 0.3681907256444295 0.0974990501999855 0.3756617307662964 0.10246206820011139 0.4002091884613037 0.10444727540016174 0.41515111923217773 0.0806247740983963 0.4258239269256592 0.06375051289796829 0.43222761154174805 0.05680227279663086 0.4268912076950073 0.051839254796504974 0.4119492769241333 0.03893541172146797 0.41088199615478516 0.026031555607914925 0.41515111923217773 0.00717207184061408 0.417285680770874 0.0009765625 0.4236893653869629 0.0009765625 0.43542949358622235 0.0009765625 0.4396986166636149 0.0009765625 0.44503502051035565 0.0009765625 0.44716958204905194 0.0009765625 0.4332948923110962 0.0009765625 0.41835296154022217 0.0009765625 0.409814715385437
0 0.13819581270217896 0.38633453845977783 0.15209227800369263 0.3852672576904297 0.17293694615364075 0.3852672576904297 0.1868334263563156 0.38633453845977783 0.19378162920475006 0.37459444999694824 0.196759432554245 0.3607197602589925 0.2215745598077774 0.3585851987202962 0.21661154925823212 0.3393741448720296 0.21859675645828247 0.3244322141011556 0.23249319195747375 0.3222976525624593 0.25036007165908813 0.3084229826927185 0.2592935264110565 0.30735570192337036 0.25830093026161194 0.34257598718007404 0.2602861225605011 0.35965247948964435 0.2642565369606018 0.3735271692276001 0.24638964235782623 0.3735271692276001 0.23745621740818024 0.36712344487508136 0.2305079847574234 0.36925800641377765 0.2265375703573227 0.38419997692108154 0.22058196365833282 0.394872784614563 0.23745621740818024 0.41088199615478516 0.23745621740818024 0.417285680770874 0.21859675645828247 0.4268912076950073 0.196759432554245 0.43009305000305176 0.18087777495384216 0.43222761154174805 0.16896653175354004 0.4258239269256592 0.1570553034543991 0.41301655769348145 0.14613664150238037 0.40127646923065186
0 0.2305079847574234 0.39167094230651855 0.23844881355762482 0.3788635730743408 0.256315678358078 0.38419997692108154 0.2533378601074219 0.3970073461532593 0.24440443515777588 0.4076801538467407
0 0.3555760979652405 0.4236893653869629 0.3684799373149872 0.40234375 0.37840598821640015 0.3884690999984741 0.38237643241882324 0.3831326961517334 0.39031726121902466 0.39914190769195557 0.39925068616867065 0.41088199615478516 0.4141397476196289 0.42048752307891846 0.4270435869693756 0.43009305000305176 0.4230731725692749 0.44290045897165936 0.40421369671821594 0.4482368628184001 0.39925068616867065 0.45464054743448895 0.3923024535179138 0.4749188820521037 0.3833690285682678 0.4631787935892741 0.3803912401199341 0.44930414358774823 0.3684799373149872 0.44076589743296307 0.35656869411468506 0.4364967743555705
0 0.4181101620197296 0.45890967051188153 0.4320065975189209 0.4514387051264445 0.4369696378707886 0.4578423897425334 0.4399474859237671 0.469582478205363 0.44193267822265625 0.4791880051294963 0.43002140522003174 0.47812072436014813 0.4230731725692749 0.46851519743601483
0 0.39031726121902466 0.3041538596153259 0.3932950794696808 0.2945483326911926 0.40322110056877136 0.3009520173072815 0.4091767370700836 0.3062884211540222 0.42108798027038574 0.29561561346054077 0.43002140522003174 0.28814462820688885 0.4478882849216461 0.2892119288444519 0.45582911372184753 0.2945483326911926 0.4707181751728058 0.3052211403846741 0.48560723662376404 0.3158939480781555 0.4955332577228546 0.3297686179478963 0.5034741163253784 0.3468451102574666 0.5074445009231567 0.3649888833363851 0.5004963278770447 0.36712344487508136 0.48163682222366333 0.37672901153564453 0.4667477607727051 0.3809981346130371 0.45483651757240295 0.387401819229126 0.44987350702285767 0.39380550384521484 0.45979952812194824 0.40341103076934814 0.46376994252204895 0.4140838384628296 0.45979952812194824 0.4194202423095703 0.44292527437210083 0.42048752307891846 0.42605099081993103 0.4119492769241333 0.4111619293689728 0.40554559230804443 0.4052063226699829 0.387401819229126 0.40024328231811523 0.3713926076889038 0.3932950794696808 0.3489796717961629 0.39130985736846924 0.335105021794637 0.39130985736846924 0.3244322141011556
0 0.0009765625 0.5389557679494222 0.0009765625 0.5314848025639852 0.0009765625 0.5389557679494222 0.0009765625 0.5250811179478964 0.0009765625 0.5058700640996298 0.0009765625 0.4962644974390666 0.0009765625 0.5186774333318075 0.0009765625 0.5304175217946371 0.0009765625 0.5485612948735555 0.0009765625 0.5613686641057333 0.0009765625 0.5741760730743408 0.0009765625 0.5933871269226074 0.0009765625 0.6083290576934814 0.0009765625 0.6136654615402222 0.0009765625 0.5763106346130371 0.0009765625 0.559234102567037
0 0.0009765625 0.6243382692337036 0.0009765625 0.6232709884643555 0.0009765625 0.6371456782023112 0.0009765625 0.6412413517634074
0 0.0009765625 0.6499530474344889 0.0009765625 0.6424820820490519 0.0009765625 0.627540111541748 0.0009765625 0.658491293589274 0.0009765625 0.6787696679433187 0.0009765625 0.7011825243631998 0.0009765625 0.7171917756398519 0.0009765625 0.7396047115325928 0.0009765625 0.7449410756429037 0.0009765625 0.6883751551310221 0.0009765625 0.6680968602498373
0 0.0009765625 0.26679901281992596 0.0009765625 0.274269978205363 0.0009765625 0.28280822436014813 0.0009765625 0.29241377115249634 0.0009765625 0.29775017499923706 0.0009765625 0.2945483326911926 0.0009765625 0.2796063820521037
0 0.0009765625 0.2625298897425334 0.0009765625 0.2550589044888814 0.0009765625 0.2550589044888814 0.0009765625 0.2603953282038371 0.0009765625 0.2753372589747111 0.0009765625 0.2913464903831482 0.0009765625 0.3052211403846741 0.0009765625 0.30949026346206665 0.0009765625 0.3148266673088074 0.0009765625 0.32123037179311115 0.0009765625 0.31909579038619995 0.0009765625 0.3148266673088074 0.0009765625 0.3041538596153259 0.0009765625 0.29561561346054077 0.0009765625 0.2849427858988444 0.0009765625 0.27320269743601483
0 0.0009765625 0.24652065833409628 0.0009765625 0.22090590000152588 0.0009765625 0.20276212692260742 0.0009765625 0.21130037307739258 0.0009765625 0.20703125 0.004194261040538549 0.19849300384521484 0.01511290855705738 0.19315659999847412 0.03496498614549637 0.19102203845977783 0.044891029596328735 0.199560284614563 0.04588363319635391 0.21236765384674072 0.0419132225215435 0.22730960448582968 0.03198717534542084 0.23904969294865927 0.02206113375723362 0.25078978141148883 0.009157287888228893 0.2657317320505778 0.0012164508225396276 0.27640453974405926 0.0009765625 0.2913464903831482 0.0009765625 0.3041538596153259 0.0009765625 0.3041538596153259 0.0009765625 0.26893357435862225 0.0009765625 0.2603953282038371 0.0009765625 0.24972250064214072 0.0009765625 0.24118425448735556 0.0009765625 0.2422515352567037
0 0.032979778945446014 0.2550589044888814 0.04886144399642944 0.2625298897425334 0.06077268719673157 0.27106813589731854 0.067720927298069 0.2678662935892741 0.07863956689834595 0.23904969294865927 0.09253603219985962 0.22624232371648154 0.10246206820011139 0.21983861923217773 0.10841768980026245 0.19849300384521484 0.10941029340028763 0.1792819301287333 0.1104028970003128 0.1718109647432963 0.08856560289859772 0.1814164916674296 0.0766543596982956 0.19102203845977783 0.07069873809814453 0.20062756538391113 0.06970613449811935 0.21556949615478516 0.06474311649799347 0.22410776217778525 0.054817065596580505 0.23157872756322226 0.04687623679637909 0.23798241217931113 0.03893541172146797 0.24652065833409628
0 0.10841768980026245 0.23798241217931113 0.12231415510177612 0.23798241217931113 0.13323280215263367 0.23904969294865927 0.15010705590248108 0.2422515352567037 0.15904051065444946 0.24652065833409628 0.1530848890542984 0.2550589044888814 0.14216622710227966 0.26359717051188153 0.13521800935268402 0.2753372589747111 0.12926238775253296 0.27853910128275555 0.12231415510177612 0.2721354166666667 0.1233067587018013 0.26146260897318524 0.12132153660058975 0.251857062180837 0.11536591500043869 0.24758793910344443
0 0.19576683640480042 0.20382940769195557 0.20569290220737457 0.199560284614563 0.21958935260772705 0.2091658115386963 0.23150059580802917 0.2251750429471334 0.24043402075767517 0.24118425448735556 0.24241922795772552 0.24758793910344443 0.2344783991575241 0.24972250064214072 0.22355976700782776 0.24118425448735556 0.21661154925823212 0.2326460083325704 0.20767810940742493 0.2251750429471334 0.1997372806072235 0.214502215385437
0 0.07566175609827042 0.002113217177490393 0.07764696329832077 0.013853312780459722 0.07764696329832077 0.026660690704981487 0.08360258489847183 0.02986253301302592 0.10246206820011139 0.03092981626590093 0.10941029340028763 0.03199709703524908 0.12231415510177612 0.022391565144062042 0.1272771805524826 0.01171875 0.1272771805524826 0.005315061658620834 0.11936809122562408 0.0013020833333333333 0.09849165380001068 0.002113217177490393 0.08558779209852219 0.0031804985677202544
0 0.0009765625 0.0013020833333333333 0.0009765625 0.01705515757203102 0.0009765625 0.02132428189118703 0.005186864640563726 0.01171875 0.01511290855705738 0.007449624439080556 0.01511290855705738 0.002113217177490393 0.0009765625 0.0031804985677202544
0 0.19378162920475006 0.0031804985677202544 0.21065592765808105 0.013853312780459722 0.22753018140792847 0.039468067387739815 0.23646360635757446 0.0576118528842926 0.24241922795772552 0.07362107435862224 0.24936746060848236 0.07041922708352406 0.2682269513607025 0.06615010400613149 0.27914559841156006 0.06828466554482777 0.28907161951065063 0.06935194631417592 0.30098286271095276 0.06508282323678334 0.3168645203113556 0.07255378862222035 0.3337388336658478 0.06615010400613149 0.33870184421539307 0.04907360176245371 0.32579800486564636 0.02986253301302592 0.31388673186302185 0.010651467988888422 0.30794304609298706 0.0013020833333333333 0.2721973657608032 0.002113217177490393 0.247382253408432 0.004247779957950115 0.2215745598077774 0.005315061658620834
0 0.2305079847574234 0.1003031035264333 0.2305079847574234 0.08749573429425557 0.24936746060848236 0.08215932548046112 0.26624175906181335 0.07575563589731853 0.2781530022621155 0.07682291666666667 0.2860938310623169 0.08963029583295186 0.2731899917125702 0.09603398044904073 0.2632639408111572 0.09816854198773702 0.2523452639579773 0.10884135961532593 0.24043402075767517 0.11204320192337036
0 0.2682269513607025 0.21130037307739258 0.2821234166622162 0.19102203845977783 0.29601985216140747 0.1792819301287333 0.32182759046554565 0.17821464935938516 0.33969444036483765 0.18461833397547403 0.3585539162158966 0.18995473782221475 0.3714577555656433 0.18782017628351846 0.38237643241882324 0.1814164916674296 0.3932950794696808 0.16754184166590372 0.40322110056877136 0.1632727086544037 0.41612493991851807 0.1632727086544037 0.41711756587028503 0.17501280705134073 0.4012359082698822 0.19635844230651855 0.3923024535179138 0.20809853076934814 0.3803912401199341 0.2251750429471334 0.3793986141681671 0.24331881602605185 0.38138383626937866 0.2646644512812297 0.375428169965744 0.2657317320505778 0.3555760979652405 0.25399162371953327 0.3456500768661499 0.24331881602605185 0.3327462375164032 0.2443860967954 0.32182759046554565 0.2582607666651408 0.31388673186302185 0.2753372589747111 0.30991631746292114 0.2817409435908 0.298005074262619 0.28067366282145184 0.2860938310623169 0.2646644512812297 0.2811307907104492 0.25399162371953327 0.2692195773124695 0.24118425448735556 0.26624175906181335 0.22837688525517783
0 0.33870184421539307 0.09389941891034444 0.3416796624660492 0.08749573429425557 0.3456500768661499 0.07255378862222035 0.3555760979652405 0.06828466554482777 0.37741339206695557 0.07575563589731853 0.38733944296836853 0.08642845352490743 0.3893246650695801 0.09496669967969258 0.3764207661151886 0.10457223653793335 0.3635169267654419 0.1035049557685852 0.35160568356513977 0.09816854198773702
0 0.3416796624660492 0.1056395173072815 0.3555760979652405 0.10884135961532593 0.37443557381629944 0.11097592115402222 0.38634684681892395 0.11097592115402222 0.39528027176856995 0.1035049557685852 0.40024328231811523 0.12271601955095927 0.4101693332195282 0.1387252410252889 0.41612493991851807 0.14939804871877035 0.4012359082698822 0.15793630480766296 0.38733944296836853 0.1632727086544037 0.3803912401199341 0.1718109647432963 0.36947256326675415 0.17821464935938516 0.35656869411468506 0.18034921089808145 0.3406870365142822 0.17608008782068887 0.3287758231163025 0.17394552628199259 0.31388673186302185 0.16754184166590372 0.3327462375164032 0.15793630480766296 0.3416796624660492 0.1408598025639852 0.34465745091438293 0.12805242339769998 0.3456500768661499 0.1184468964735667
0 0.40818411111831665 0.0800247589747111 0.4141397476196289 0.07575563589731853 0.4230731725692749 0.07895747820536296 0.4359770119190216 0.08429388205210368 0.4488809108734131 0.08429388205210368 0.4578143358230591 0.08963029583295186 0.47270339727401733 0.1056395173072815 0.4865998327732086 0.09923582275708516 0.49851107597351074 0.09176485737164815 0.513400137424469 0.09283213814099629 0.5193557739257812 0.1035049557685852 0.5173705220222473 0.11951417724291484 0.5094296932220459 0.12911970416704813 0.5004963278770447 0.13125426570574442 0.4905702471733093 0.12271601955095927 0.4776664078235626 0.11737960577011108 0.4647625684738159 0.11417776346206665 0.4449104964733124 0.10990864038467407 0.43895483016967773 0.1056395173072815 0.4270435869693756 0.09710126121838887 0.4220805764198303 0.09176485737164815
0 0.48163682222366333 0.002113217177490393 0.4905702471733093 0.019189720352490742 0.4965258836746216 0.028795252243677776 0.5193557739257812 0.03626622259616852 0.5312670469284058 0.041602628926436104 0.5441708564758301 0.052275444070498146 0.5540969371795654 0.05867913365364075 0.5620377063751221 0.05867913365364075 0.5600525140762329 0.041602628926436104 0.5580673217773438 0.03306437780459722 0.546156108379364 0.025593407452106476 0.5332522988319397 0.019189720352490742 0.5163779854774475 0.010651467988888422 0.5074445009231567 0.007449624439080556 0.5004963278770447 0.002113217177490393
0 0.6702316403388977 0.015987875560919445 0.6702316403388977 0.0013020833333333333 0.6890910267829895 0.0013020833333333333 0.7109283208847046 0.0013020833333333333 0.7317730188369751 0.004247779957950115 0.751625120639801 0.004247779957950115 0.7456694841384888 0.015987875560919445 0.7496399283409119 0.022391565144062042 0.7635363340377808 0.02452612668275833 0.7704846262931824 0.02772797147432963 0.7774328589439392 0.03306437780459722 0.7893441319465637 0.04907360176245371 0.7883514761924744 0.06401553750038147 0.7794180512428284 0.07682291666666667 0.7684994339942932 0.08322660624980927 0.7575807571411133 0.0906975766023 0.762543797492981 0.1035049557685852 0.7605586051940918 0.11417776346206665 0.751625120639801 0.11631232500076294 0.7367361187934875 0.11737960577011108 0.7238321900367737 0.11417776346206665 0.711920976638794 0.10884135961532593 0.6990171074867249 0.10243767499923706 0.6970318555831909 0.08749573429425557 0.7039801478385925 0.07148650785287221 0.7059653401374817 0.05867913365364075 0.6990171074867249 0.05120816330115 0.683135449886322 0.04907360176245371 0.6712241768836975 0.041602628926436104 0.6682463884353638 0.03413166105747223
0 0.7764402627944946 0.0013020833333333333 0.7744550108909607 0.014920594791571299 0.7843810319900513 0.025593407452106476 0.793314516544342 0.035198941826820374 0.7982774972915649 0.0469390352567037 0.7943071126937866 0.06721738477547963 0.7893441319465637 0.08963029583295186 0.7853736877441406 0.1035049557685852 0.813166618347168 0.08642845352490743 0.82011479139328 0.07895747820536296 0.8320260047912598 0.060813695192337036 0.8369891047477722 0.03840078661839167 0.8350038528442383 0.02986253301302592 0.8161443471908569 0.022391565144062042 0.7992701530456543 0.015987875560919445 0.7943071126937866 0.007449624439080556
0 0.9928279519081116 0.0013020833333333333 0.998783528804779 0.013853312780459722 1.0 0.019189720352490742 1.0 0.019189720352490742 1.0 0.018122438341379166 1.0 0.018122438341379166 1.0 0.03413166105747223 1.0 0.04480447371800741 1.0 0.04907360176245371 1.0 0.052275444070498146 1.0 0.04903904100259145 1.0 0.002113217177490393 1.0 0.0013020833333333333 1.0 0.0013020833333333333 1.0 0.002113217177490393 1.0 0.002113217177490393
0 0.9521311521530151 0.05120816330115 0.968012809753418 0.060813695192337036 0.9769462943077087 0.07895747820536296 0.9789314866065979 0.09603398044904073 0.9719832539558411 0.1056395173072815 0.9580867886543274 0.10670679807662964 0.9471681118011475 0.10137039422988892 0.9541163444519043 0.08536117275555928 0.9600719809532166 0.07255378862222035
0 1.0 0.06188097596168518 1.0 0.060813695192337036 1.0 0.058996265133221946 1.0 0.08322660624980927 1.0 0.1152450442314148 1.0 0.14406164487202963 1.0 0.16007086634635925 1.0 0.16860912243525186 1.0 0.15473446249961853 1.0 0.14619620641072592 1.0 0.13125426570574442 1.0 0.11631232500076294 1.0 0.10137039422988892 1.0 0.0800247589747111
0 0.9650350213050842 0.11737960577011108 0.9779388308525085 0.12058145801226298 0.9789314866065979 0.1333888272444407 0.9769462943077087 0.1590035855770111 0.9789314866065979 0.1696764032046 0.9779388308525085 0.17714736859003702 0.9709906578063965 0.18675289551417032 0.9690054655075073 0.199560284614563 0.9570941925048828 0.21343493461608887 0.9481607675552368 0.22090590000152588 0.9471681118011475 0.20276212692260742 0.9431976675987244 0.18995473782221475 0.9362494945526123 0.17501280705134073 0.9382346868515015 0.16220542788505554 0.9451829195022583 0.15686902403831482 0.9511384963989258 0.1483307679494222 0.9561015963554382 0.14192708333333334 0.9670202732086182 0.13445611794789633
0 0.01809071935713291 0.4962644974390666 0.0270241592079401 0.484524408976237 0.03893541172146797 0.48132256666819256 0.047868840396404266 0.4823898474375407 0.054817065596580505 0.4887935320536296 0.05382446199655533 0.5069373448689779 0.04687623679637909 0.5229465564092001 0.03893541172146797 0.5336193641026815 0.03198717534542084 0.5410903294881185 0.021068530157208443 0.5496285756429037 0.01511290855705738 0.5325520833333334 0.017098115757107735 0.5176101525624593 0.016105512157082558 0.5101391871770223
0 0.49354806542396545 0.1387252410252889 0.5054593086242676 0.1387252410252889 0.5143927931785583 0.13552339871724448 0.5312670469284058 0.13125426570574442 0.5421856641769409 0.13552339871724448 0.55508953332901 0.1429943641026815 0.5630303621292114 0.15793630480766296 0.5650155544281006 0.16754184166590372 0.5650155544281006 0.18461833397547403 0.5699785351753235 0.19635844230651855 0.5699785351753235 0.20382940769195557 0.5560821294784546 0.20703125 0.5421856641769409 0.2091658115386963 0.5292817950248718 0.21130037307739258 0.5243188142776489 0.21770405769348145 0.5233261585235596 0.22837688525517783 0.5342448353767395 0.23051144679387411 0.55508953332901 0.22837688525517783 0.5650155544281006 0.22837688525517783 0.5739489793777466 0.22730960448582968 0.5808972120285034 0.2326460083325704 0.5838750004768372 0.24118425448735556 0.5769268274307251 0.24758793910344443 0.5630303621292114 0.2561262051264445 0.5511191487312317 0.25932804743448895 0.5322596430778503 0.2603953282038371 0.5243188142776489 0.2603953282038371 0.5153853297233582 0.2529243429501851 0.5064519643783569 0.25719348589579266 0.5004963278770447 0.2753372589747111 0.48461464047431946 0.2753372589747111 0.4707181751728058 0.26893357435862225 0.46376994252204895 0.2603953282038371 0.47270339727401733 0.24972250064214072 0.4925554692745209 0.23051144679387411 0.5054593086242676 0.214502215385437 0.5124075412750244 0.19315659999847412 0.5124075412750244 0.17501280705134073 0.5104223489761353 0.16647456089655557 0.5024815201759338 0.15686902403831482
0 0.6384682655334473 0.24118425448735556 0.6136531829833984 0.23798241217931113 0.6047196984291077 0.24011697371800741 0.6047196984291077 0.2550589044888814 0.6176236271858215 0.2550589044888814 0.6305274367332458 0.2561262051264445 0.6374756693840027 0.26359717051188153 0.6474016904830933 0.26146260897318524 0.6444238424301147 0.25399162371953327
0 0.5868528485298157 0.09496669967969258 0.6076975464820862 0.10670679807662964 0.6156383752822876 0.11097592115402222 0.6047196984291077 0.12164873878161113 0.5987641215324402 0.12698514262835184 0.5997567176818848 0.1387252410252889 0.5977715253829956 0.14726348718007407 0.5918158888816833 0.15580174326896667 0.5838750004768372 0.16220542788505554 0.5749416351318359 0.1718109647432963 0.5709711909294128 0.15686902403831482 0.5709711909294128 0.1408598025639852 0.5779193639755249 0.12485058108965556 0.5808972120285034 0.1131104826927185 0.5828824639320374 0.10670679807662964
0 0.8300408124923706 0.251857062180837 0.8399669528007507 0.23904969294865927 0.8608115911483765 0.2251750429471334 0.8727228045463562 0.22304046154022217 0.8945601582527161 0.22304046154022217 0.9064713716506958 0.22304046154022217 0.9134196043014526 0.22624232371648154 0.9193751811981201 0.24118425448735556 0.9263234734535217 0.2529243429501851 0.9183826446533203 0.2625298897425334 0.9064713716506958 0.27320269743601483 0.8975379467010498 0.2796063820521037 0.881656289100647 0.27320269743601483 0.8697450160980225 0.26893357435862225 0.8558486104011536 0.2700008551279704 0.8399669528007507 0.2646644512812297
0 0.9938204884529114 0.08963029583295186 1.0 0.10884135961532593 1.0 0.12485058108965556 1.0 0.13765796025594076 1.0 0.1408598025639852 1.0 0.13659067948659262 1.0 0.13445611794789633 1.0 0.13125426570574442 1.0 0.13125426570574442 1.0 0.1429943641026815 1.0 0.15046533942222595 1.0 0.15580174326896667 1.0 0.1696764032046 1.0 0.17501280705134073 1.0 0.17924398183822632 1.0 0.19635844230651855 1.0 0.20809853076934814 1.0 0.22090590000152588 1.0 0.23691513140996298 1.0 0.25399162371953327 1.0 0.2625298897425334 1.0 0.2646644512812297 1.0 0.2582607666651408 1.0 0.2422515352567037 1.0 0.2251750429471334 1.0 0.20809853076934814 1.0 0.19422388076782227 1.0 0.1814164916674296 1.0 0.1696764032046 1.0 0.16647456089655557 1.0 0.16647456089655557 1.0 0.1590035855770111 1.0 0.1718109647432963 1.0 0.17714736859003702 1.0 0.18675289551417032 1.0 0.20596396923065186 1.0 0.21770405769348145 0.9898501038551331 0.20809853076934814 0.9838944673538208 0.1952911615371704 0.9848871231079102 0.18568561474482217 0.9878649115562439 0.16754184166590372 0.9848871231079102 0.15366718173027039 0.98587965965271 0.1333888272444407 0.9878649115562439 0.11631232500076294 0.982901930809021 0.1056395173072815 0.9888575077056885 0.09923582275708516
0 0.057794876396656036 0.4610442320505778 0.07069873809814453 0.4439677397410075 0.08360258489847183 0.4364967743555705 0.0974990501999855 0.43436217308044434 0.1104028970003128 0.4396986166636149 0.11437331140041351 0.45464054743448895 0.10047686100006104 0.47598616282145184 0.09154342859983444 0.48559168974558514 0.07764696329832077 0.484524408976237 0.06970613449811935 0.47812072436014813 0.057794876396656036 0.4727843205134074
0 0.1233067587018013 0.4514387051264445 0.1362106055021286 0.44930414358774823 0.14613664150238037 0.4578423897425334 0.14415143430233002 0.4674479166666667 0.12926238775253296 0.4802552858988444 0.1233067587018013 0.48772625128428143 0.11338070780038834 0.499466339747111 0.09948425740003586 0.5037355025609335 0.09154342859983444 0.500533660252889
0 0.06375051289796829 0.491995374361674 0.08260998129844666 0.49306265513102215 0.08856560289859772 0.5069373448689779 0.09154342859983444 0.5176101525624593 0.08658039569854736 0.5346866448720297 0.08161737769842148 0.5453594525655111 0.07466915249824524 0.5667051076889038 0.06871353089809418 0.5795124769210815 0.06275790929794312 0.5848488807678223 0.05580966919660568 0.5869834423065186 0.03397238254547119 0.5848488807678223 0.014120304957032204 0.5816470384597778 0.01809071935713291 0.5656378269195557 0.037942808121442795 0.5517631371816 0.04985404759645462 0.5304175217946371 0.06077268719673157 0.5112064679463705
0 0.06871353089809418 0.6040599346160889 0.0766543596982956 0.5891180038452148 0.08161737769842148 0.5699069499969482 0.09055081009864807 0.5581668217976888 0.10246206820011139 0.5720415115356445 0.10742508620023727 0.5912525653839111 0.10742508620023727 0.6029926538467407 0.10246206820011139 0.620069146156311 0.10246206820011139 0.6403475205103556 0.10543987900018692 0.6606258551279703 0.0895582064986229 0.6542221705118815 0.07466915249824524 0.6478184858957926 0.06474311649799347 0.6435493628184 0.06474311649799347 0.6296746730804443 0.07466915249824524 0.6232709884643555
0 0.11437331140041351 0.6115309000015259 0.13323280215263367 0.6115309000015259 0.13323280215263367 0.620069146156311 0.12826977670192719 0.6392802397410074 0.13025498390197754 0.6563567320505778 0.12231415510177612 0.6659622589747111 0.11437331140041351 0.6723659833272299 0.11238810420036316 0.6542221705118815 0.10841768980026245 0.6414148012797037 0.10941029340028763 0.6243382692337036
0 0.49647435545921326 0.2896888256072998 0.5022993087768555 0.2896888256072998 0.5056716799736023 0.2847442030906677 0.5102702975273132 0.27419567108154297 0.5145623683929443 0.2633175055185954 0.5145623683929443 0.2583728830019633 0.5105769038200378 0.25936182339986164 0.5081242918968201 0.263976792494456 0.5065914392471313 0.26892141501108807 0.5050584673881531 0.27452532450358075 0.5013795495033264 0.27881066004435223 0.4970875382423401 0.2837552825609843
0 0.569168210029602 0.18142042557398477 0.5838601589202881 0.17328240474065146 0.5896479487419128 0.16418696443239847 0.5985521078109741 0.15604894359906515 0.6087920665740967 0.15317670504252115 0.6199223399162292 0.15604894359906515 0.6274909377098083 0.16275084018707275 0.64040207862854 0.16658049821853638 0.6448542475700378 0.16897404193878174 0.6439637541770935 0.17759076754252115 0.6350595355033875 0.1852500836054484 0.6274909377098083 0.18955844640731812 0.6217032074928284 0.19338810443878174 0.6101276278495789 0.19338810443878174 0.6034494638442993 0.18907974163691202 0.5967712998390198 0.18764360745747885 0.586531400680542 0.18860101699829102 0.5798532366752625 0.19338810443878174 0.5754011273384094 0.19243067502975464 0.5713942050933838 0.18860101699829102
0 0.650641918182373 0.18189913034439087 0.6595461964607239 0.17328240474065146 0.671566903591156 0.16801661252975464 0.6809163689613342 0.16897404193878174 0.6942727565765381 0.17041015625 0.7031770348548889 0.17423981428146362 0.7125264406204224 0.18333524465560913 0.7160881161689758 0.18955844640731812 0.7223211526870728 0.19673903783162436 0.7298897504806519 0.19626033306121826 0.7365679144859314 0.1900371511777242 0.7392392158508301 0.18285653988520303 0.7450269460678101 0.1842926541964213 0.7508147358894348 0.19099456071853638 0.7561572790145874 0.19817517201105753 0.7619450092315674 0.2101428508758545 0.765951931476593 0.22067439556121826 0.7686232328414917 0.23072725534439087 0.770404040813446 0.24030139048894247 0.7726300358772278 0.25226906935373944 0.7726300358772278 0.2580135663350423 0.7726300358772278 0.26232192913691205 0.7623901963233948 0.26950252056121826 0.75660240650177 0.2733321785926819 0.7490338087081909 0.28003408511479694 0.7396844029426575 0.2876934011777242 0.7330061793327332 0.29104435443878174 0.7227663397789001 0.29104435443878174 0.7098551988601685 0.29104435443878174 0.7071839570999146 0.29008692502975464 0.7036221623420715 0.2771618366241455 0.7031770348548889 0.26615158716837567 0.7067387104034424 0.261843204498291 0.7174237966537476 0.2570561369260152 0.7249923944473267 0.24652459224065146 0.7227663397789001 0.24030139048894247 0.715197741985321 0.24269493420918783 0.7094099521636963 0.24508845806121826 0.7000604867935181 0.24556716283162436 0.695608377456665 0.23934398094813028 0.6951631307601929 0.2297698458035787 0.6916014552116394 0.22067439556121826 0.6871494054794312 0.21588732798894247 0.6737930178642273 0.21157896518707275 0.6693409085273743 0.20918544133504233 0.6653339862823486 0.20679189761479697 0.661327064037323 0.2043983538945516 0.65687495470047 0.20104742050170898 0.65687495470047 0.19673903783162436 0.65687495470047 0.18812231222788492 0.6542037129402161 0.1862074931462606
0 0.0009765625 0.8129626909891764 0.0009765625 0.8241988817850748 0.0009765625 0.8367571036020914 0.0009765625 0.8446885744730631 0.0009765625 0.8532810211181641
0 0.0009765625 0.8711268107096354 0.0009765625 0.8691439628601074 0.0009765625 0.8658391634623209 0.0009765625 0.8618733882904053 0.0009765625 0.855263868967692 0.0009765625 0.8479933738708496 0.004765741061419249 0.8413837750752767 0.011527540162205696 0.8407227993011475 0.02074817568063736 0.859229564666748 0.023821720853447914 0.8737706343332926 0.025665847584605217 0.8817021052042643 0.024436429142951965 0.8942602475484213 0.015830503776669502 0.8982260227203369 0.01460108533501625 0.9101231892903646 0.010298121720552444 0.917393684387207 0.0009765625 0.9180546601613363 0.0009765625 0.9187156359354655 0.0009765625 0.913427988688151 0.0009765625 0.9101231892903646 0.0009765625 0.9180546601613363 0.0009765625 0.9273080825805664 0.0009765625 0.9378833770751953 0.0009765625 0.947797695795695 0.0009765625 0.9663044611612955 0.0009765625 0.9788626035054525 0.0009765625 0.9867940743764242 0.0009765625 0.9947255452473959 0.0009765625 0.9960474967956543 0.0009765625 0.9967084725697836 0.0009765625 0.9967084725697836 0.0009765625 0.9735749562581381 0.0009765625 0.9504415194193522 0.0009765625 0.9292909304300944 0.0009765625 0.9154108365376791 0.0009765625 0.8949212233225504 0.0009765625 0.8803801536560059
0 0.045951247215270996 0.9583729902903239 0.03918944671750069 0.9729140599568685 0.037345319986343384 0.9828283786773682 0.03918944671750069 0.9927426973978678 0.0490247905254364 0.9848112265268961 0.05517188087105751 0.9742359320322672 0.058245427906513214 0.9676264127095541 0.05578659102320671 0.9596949418385824
0 0.058860134333372116 0.9530853430430094 0.06746608018875122 0.9484586715698242 0.07914555072784424 0.9444928963979086 0.08959560841321945 0.9418490727742513 0.10311920195817947 0.9378833770751953 0.11049570888280869 0.9431710243225098 0.10926629602909088 0.9590339660644531 0.10619275271892548 0.969609260559082 0.09881623834371567 0.9768797556559244 0.09205444157123566 0.9815064271291097 0.08098968118429184 0.9848112265268961 0.07668671756982803 0.9676264127095541 0.07299846410751343 0.9649825890858968 0.06439253687858582 0.9649825890858968
0 0.034886494278907776 0.7336479822794596 0.0490247905254364 0.7124973932902018 0.058860134333372116 0.7006001472473145 0.06869550049304962 0.6873810291290283 0.08221909403800964 0.6814324061075846 0.10004565864801407 0.6768057346343994 0.10742216557264328 0.6787885824839274 0.10434862226247787 0.6913467248280843 0.09021031111478806 0.7019220987955729 0.07791613042354584 0.7144802411397299 0.07176904380321503 0.7237335840861002 0.06992491334676743 0.7422403494517008 0.08467793464660645 0.7402575016021729 0.09697211533784866 0.744884173075358 0.10250449180603027 0.7422403494517008 0.10988100618124008 0.7343088785807291 0.11356925964355469 0.7257165114084879 0.11049570888280869 0.7197678883870443 0.11664280295372009 0.7124973932902018 0.1289369761943817 0.7098535696665446 0.13877232372760773 0.7138192653656006 0.14553412795066833 0.7197678883870443 0.14676354825496674 0.7257165114084879 0.14676354825496674 0.7329870065053304 0.13938704133033752 0.7395965258280436 0.1320105344057083 0.7475279966990153 0.13139581680297852 0.7561204433441162 0.13508407771587372 0.7693395614624023 0.13139581680297852 0.7759491602579752 0.1270928531885147 0.7865244547526041 0.1264781504869461 0.7964387734731039 0.10434862226247787 0.8023873964945475 0.10434862226247787 0.7951168219248453 0.10127507895231247 0.7904901504516602 0.09328386187553406 0.7904901504516602 0.08160439133644104 0.7984216213226318 0.07299846410751343 0.8050312201182047 0.06623665988445282 0.7944559256235758 0.05394246429204941 0.7832196553548177 0.04349241033196449 0.7779320081075033 0.04041886329650879 0.7746272087097168 0.037960030138492584 0.7541375954945883
0 0.16090185940265656 0.6497065226236979 0.17504015564918518 0.6404531399408976 0.191022589802742 0.6239292621612549 0.191637322306633 0.6166587273279825 0.201472669839859 0.6060834328333536 0.21499626338481903 0.6001348495483398 0.23958462476730347 0.587576667467753 0.2518787980079651 0.5803061723709106 0.2543376386165619 0.5869157314300537 0.2543376386165619 0.598151961962382 0.2518787980079651 0.613353967666626 0.24880528450012207 0.6265730857849121 0.24450230598449707 0.6351654926935831 0.24142873287200928 0.6497065226236979 0.24265815317630768 0.6582989692687988 0.24019931256771088 0.6668914159138998 0.23651106655597687 0.6741619110107422 0.22544629871845245 0.6801105340321859 0.21438154578208923 0.6840762297312418 0.20946386456489563 0.6847372055053711 0.189793199300766 0.6735009352366129 0.179343119263649 0.669535239537557 0.16643422842025757 0.671518087387085 0.15782830119132996 0.6721790631612142 0.15291063487529755 0.6602818171183268 0.15414005517959595 0.6549941698710123
0 0.2795407474040985 0.572374701499939 0.2690906524658203 0.5915424029032389 0.2586406171321869 0.613353967666626 0.2598700523376465 0.6318607330322266 0.2635582983493805 0.6430969635645548 0.2635582983493805 0.6516894102096558 0.2549523711204529 0.660942792892456 0.2506493926048279 0.6662304401397705 0.2598700523376465 0.675483783086141 0.2703200876712799 0.6774667104085287 0.28261426091194153 0.6748228867848715 0.29122018814086914 0.6748228867848715 0.30289968848228455 0.6735009352366129 0.30843204259872437 0.6701961358388265 0.31765270233154297 0.6602818171183268 0.3219556510448456 0.6536722580591837 0.3182673752307892 0.6378093163172404 0.30658793449401855 0.6252511739730835 0.30658793449401855 0.6087272564570109 0.30105552077293396 0.6080663204193115 0.28753194212913513 0.6067444086074829 0.28261426091194153 0.6054224967956543 0.2795407474040985 0.5948472023010254 0.2801554203033447 0.5849328438440958
0 0.3360939621925354 0.6444188753763834 0.3490028381347656 0.6338435808817545 0.36129701137542725 0.6318607330322266 0.37727949023246765 0.6298778454462687 0.38465598225593567 0.6292169094085693 0.3957207500934601 0.6252511739730835 0.3963354527950287 0.6179806391398112 0.3901883661746979 0.6067444086074829 0.3865000903606415 0.598151961962382 0.3926472067832947 0.5955081383387247 0.3987942934036255 0.5974910259246826 0.4030972719192505 0.5988129377365112 0.4092443585395813 0.5974910259246826 0.4129326045513153 0.5948472023010254 0.4215385317802429 0.5922033786773682 0.4313738942146301 0.5928643147150675 0.44920042157173157 0.5922033786773682 0.45473283529281616 0.5948472023010254 0.45473283529281616 0.6014567613601685 0.44489747285842896 0.604761521021525 0.43567681312561035 0.6074053446451823 0.4190796911716461 0.613353967666626 0.4129326045513153 0.6179806391398112 0.4086296260356903 0.6245901981989542 0.4037119448184967 0.6311997572580973 0.3932619094848633 0.6411141157150269 0.38281184434890747 0.6490455865859985 0.37174707651138306 0.6549941698710123 0.36252644658088684 0.6602818171183268 0.35822349786758423 0.6616037289301554 0.3508469760417938 0.6589599053064982 0.3422410488128662 0.6549941698710123 0.3373233675956726 0.6530113220214844
0 0.059474844485521317 0.8413837750752767 0.06746608018875122 0.8222160339355469 0.07607200741767883 0.8089969158172607 0.08775147795677185 0.8089969158172607 0.10250449180603027 0.8076750437418619 0.11602809280157089 0.8083359400431315 0.1252487301826477 0.8070140679677328 0.13016639649868011 0.8142845630645752 0.14307528734207153 0.8156065146128336 0.15352533757686615 0.8142845630645752 0.15782830119132996 0.8182503382364908 0.14676354825496674 0.8367571036020914 0.13815762102603912 0.8466714223225912 0.1197163462638855 0.8526200453440348 0.10742216557264328 0.8572467168172201 0.09758682548999786 0.8631953398386637 0.09143973141908646 0.869804859161377 0.08283380419015884 0.8731096585591634 0.07668671756982803 0.8691439628601074 0.07176904380321503 0.8625343640645345 0.06869550049304962 0.8565857410430908 0.06316311657428741 0.8473323980967203
0 0.6625044941902161 0.6768057346343994 0.6711104512214661 0.6735009352366129 0.6864781975746155 0.6827543576558431 0.6975429058074951 0.6946515242258707 0.7116811871528625 0.7072097460428873 0.7184430360794067 0.7164630889892578 0.7331960797309875 0.7310041586558024 0.7424166798591614 0.7442232767740885 0.73442542552948 0.7488499482472738 0.7209019064903259 0.744884173075358 0.7104518413543701 0.7349698543548584 0.7024605870246887 0.727699359258016 0.6944693326950073 0.7217507362365723 0.6840193271636963 0.7144802411397299 0.6772574782371521 0.7025829950968424 0.6735692620277405 0.693329652150472 0.6668074727058411 0.6834152539571127
0 0.591198205947876 0.6153368155161539 0.5979599952697754 0.6093882322311401 0.6077954173088074 0.6014567613601685 0.6145572066307068 0.5955081383387247 0.6416044235229492 0.5994738737742106 0.6532838344573975 0.6001348495483398 0.6723397970199585 0.6027786731719971 0.6766428351402283 0.6054224967956543 0.6852487325668335 0.6126929918924967 0.6901664137840271 0.6212854385375977 0.6913958787918091 0.6285559336344401 0.6809458136558533 0.6351654926935831 0.6741840243339539 0.6437579393386841 0.6680368781089783 0.6510284344355265 0.6569721698760986 0.6549941698710123 0.6440632343292236 0.6530113220214844 0.6286954879760742 0.6450798511505127 0.6182454228401184 0.6378093163172404 0.6059512495994568 0.6278949975967407 0.5991894602775574 0.6232682863871256 0.5961158871650696 0.6212854385375977
0 0.7104518413543701 0.5928643147150675 0.7190576791763306 0.5862547556559244 0.7245901226997375 0.5902204910914103 0.7430314421653748 0.598151961962382 0.755940318107605 0.6014567613601685 0.7682344913482666 0.6054224967956543 0.7799139618873596 0.6113710800806681 0.7805286645889282 0.621946374575297 0.7756109833717346 0.6259121100107828 0.759013831615448 0.6252511739730835 0.7454902529716492 0.621946374575297 0.7374989986419678 0.6140149037043253 0.7301225066184998 0.6087272564570109 0.7202871441841125 0.6054224967956543
0 0.5463244318962097 0.5294125477472941 0.5702981352806091 0.5208201011021932 0.5850511789321899 0.5142105420430502 0.5985747575759888 0.5089228947957357 0.6108689308166504 0.49966951211293537 0.6207042336463928 0.4904161294301351 0.6366867423057556 0.4904161294301351 0.6471368074417114 0.4943818648656209 0.6563574075698853 0.505618135134379 0.6618898510932922 0.5115667184193929 0.6686515808105469 0.5016523996988932 0.6852487325668335 0.49107710520426434 0.6932399868965149 0.4844675461451213 0.7098370790481567 0.4765360752741496 0.7215165495872498 0.4732312758763631 0.73442542552948 0.4732312758763631 0.739957869052887 0.47719701131184894 0.73442542552948 0.48645039399464923 0.7258195877075195 0.4963647524515788 0.7209019064903259 0.5029743115107218 0.7122959494590759 0.5102448066075643 0.6883223056793213 0.5254468123118082 0.6698809862136841 0.5327173074086508 0.6569721698760986 0.5380049546559652 0.6360719799995422 0.5380049546559652 0.6120983958244324 0.5380049546559652 0.5991894602775574 0.5340392192204794 0.5930423140525818 0.5333782831827799 0.5764452219009399 0.5373440186182658 0.5629216432571411 0.541970690091451 0.5543156862258911 0.5446145137151083 0.5481686592102051 0.5360221068064371
0 0.5039095878601074 0.4976866642634074 0.5155890583992004 0.4844675461451213 0.5205066800117493 0.4745531876881917 0.5241949558258057 0.4613340695699056 0.5358744263648987 0.4560464223225911 0.5469391942024231 0.4461321036020915 0.5592333674430847 0.4342348575592041 0.5647657513618469 0.4243205388387044 0.5739863514900208 0.41903289159138996 0.5844364762306213 0.41903289159138996 0.6004188656806946 0.4309300978978475 0.6139425039291382 0.43621774514516193 0.6237778067588806 0.4461321036020915 0.6342278718948364 0.4613340695699056 0.6366867423057556 0.4719093640645345 0.6262366771697998 0.46926554044087726 0.618860125541687 0.458029309908549 0.6120983958244324 0.4507587750752767 0.604107141494751 0.4474540154139201 0.5930423140525818 0.442827304204305 0.588124692440033 0.43753965695699054 0.5795187950134277 0.43621774514516193 0.5782893300056458 0.44679303963979083 0.5795187950134277 0.45869024594624835 0.5764452219009399 0.4652998050053914 0.5616921782493591 0.4719093640645345 0.5543156862258911 0.4758750995000203 0.5481686592102051 0.47984083493550617 0.5401774048805237 0.4824846585591634 0.5389479398727417 0.4871113697687785 0.5358744263648987 0.5016523996988932 0.5444803237915039 0.5155324538548788 0.5364891290664673 0.5214810768763224 0.5260391235351562 0.5221420129140218 0.5180478692054749 0.5135496060053507 0.5131301879882812 0.5069400469462076
0 1.0 0.35420310497283936 1.0 0.3314393957455953 1.0 0.3205128113428752 1.0 0.3369026978810628 1.0 0.3369026978810628 1.0 0.3341710567474365 1.0 0.3241550127665202 1.0 0.30139132340749103 1.0 0.2813592751820882 1.0 0.26587994893391925 1.0 0.26405884822209674 1.0 0.2740748922030131 1.0 0.278627614180247 1.0 0.2795381744702657 1.0 0.2913042704264323 1.0 0.3259761134783427 1.0 0.36057690779368085 1.0 0.3787878751754761 1.0 0.3742351531982422 1.0 0.36968239148457843 1.0 0.3715035120646159 1.0 0.3796984354654948 1.0 0.3888039191563924 1.0 0.40610432624816895 1.0 0.41247812906901044 1.0 0.4152098099390666 1.0 0.4051937659581502 0.9992104172706604 0.3924460808436076 1.0 0.3824300765991211 1.0 0.37059295177459717
0 0.646079421043396 0.421583612759908 0.6740249991416931 0.4051937659581502 0.6935023069381714 0.3960882822672526 0.7095921635627747 0.3988199234008789 0.7206010818481445 0.40428320566813153 0.7375378012657166 0.40337268511454266 0.7485466599464417 0.39973048369089764 0.762942910194397 0.3924460808436076 0.7739517688751221 0.3806089560190837 0.7858074903488159 0.37514567375183105 0.7976632118225098 0.3924460808436076 0.8035910725593567 0.4070148468017578 0.8069784641265869 0.421583612759908 0.8027442693710327 0.42886801560719806 0.7917354106903076 0.4343312978744507 0.7875012159347534 0.44981062412261963 0.7815732955932617 0.4616477092107137 0.7756454348564148 0.4671110312143962 0.762942910194397 0.4689321120580037 0.7476998567581177 0.4616477092107137 0.7460061311721802 0.44161566098531085 0.7468529939651489 0.42977853616078693 0.740078330039978 0.42431525389353436 0.7231415510177612 0.42431525389353436 0.7078984975814819 0.4279574553171794 0.7062048316001892 0.43342073758443195 0.7214478850364685 0.4479895035425822 0.7256820797920227 0.45800554752349854 0.7155200242996216 0.4589160680770874 0.7036643028259277 0.45527390638987225 0.6943491101264954 0.4543633460998535 0.6765655279159546 0.4543633460998535
0 0.8586355447769165 0.4489000638326009 0.8704911470413208 0.43706293900807697 0.8823469281196594 0.4279574553171794 0.8908153176307678 0.42886801560719806 0.900977373123169 0.4425262212753296 0.9018241763114929 0.4543633460998535 0.8992836475372314 0.47166375319163006 0.8865811228752136 0.47166375319163006 0.8713380694389343 0.4689321120580037 0.8645633459091187 0.46437939008076984 0.8628696203231812 0.4589160680770874
0 0.9365444779396057 0.5017118453979492 0.9424723982810974 0.5053540070851644 0.9611027836799622 0.518101692199707 0.9712647795677185 0.5390443007151285 0.9780395030975342 0.5545235872268677 0.9788863062858582 0.5700029134750366 0.9636432528495789 0.572734554608663 0.9534812569618225 0.5554341475168864 0.9467065334320068 0.5481497844060262 0.9433192014694214 0.5281176964441935 0.9382382035255432 0.5190122524897257 0.9306166768074036 0.5126384099324545 0.9289229512214661 0.5071751276652018
0 1.0 0.4816797971725464 1.0 0.4652899106343587 1.0 0.4666505257288615 1.0 0.4880535999933879 1.0 0.5071751276652018 1.0 0.5235649744669596 1.0 0.5390443007151285 1.0 0.5499708652496338 1.0 0.5618079900741577 1.0 0.5745556354522705 1.0 0.5827505985895792 1.0 0.576376756032308 1.0 0.564539631207784 1.0 0.5508814255396525 1.0 0.5354020992914835 1.0 0.5208333333333334 1.0 0.5089962085088094 1.0 0.49715908368428546
0 0.9390850067138672 0.5873033205668131 0.9450129270553589 0.5709134737650553 0.9551749229431152 0.5736451148986816 0.9636432528495789 0.5791083971659342 0.9780395030975342 0.580018957455953 0.9873547554016113 0.5818400382995605 0.9975167512893677 0.6082459290822347 1.0 0.6264568567276001 1.0 0.638293981552124 0.994976282119751 0.6401151021321615 0.9839673638343811 0.6291885375976562 0.9831205606460571 0.614619771639506 0.9780395030975342 0.6055142879486084 0.9678775072097778 0.599140445391337 0.9594090580940247 0.5945877234141032
2 0.24793049693107605 0.6419771512349447 0.25351962447166443 0.637970765431722 0.2586430013179779 0.6439803838729858 0.2572456896305084 0.6474859714508057 0.25165656208992004 0.6484875679016113
0 0.35971295833587646 0.44866788387298584 0.36623361706733704 0.4461638530095418 0.3750830888748169 0.44866788387298584 0.3774118721485138 0.45868388811747235 0.3764803409576416 0.48422475655873615 0.3708912134170532 0.5072616338729858 0.36716511845588684 0.5272936820983887 0.36483633518218994 0.5328025023142496 0.35645267367362976 0.5328025023142496 0.3522607982158661 0.537810484568278 0.3494662642478943 0.543319304784139 0.3396852910518646 0.5418169101079305 0.33921951055526733 0.5157752434412638 0.3443428874015808 0.49223756790161133 0.3508635461330414 0.476211945215861 0.3550553619861603 0.4606870810190837
0 0.403028666973114 0.5928986469904581 0.42165908217430115 0.587890625 0.44727593660354614 0.584885835647583 0.4561253786087036 0.5858874320983887 0.4645090699195862 0.5758713881174723 0.4677693843841553 0.562850554784139 0.461714506149292 0.5498297214508057 0.45193350315093994 0.540314515431722 0.44354984164237976 0.537810484568278 0.44028952717781067 0.5453224976857504 0.44075530767440796 0.5538361469904581 0.4351661801338196 0.559845765431722 0.42026183009147644 0.5608473618825277 0.41513845324516296 0.562850554784139 0.41933029890060425 0.5728665987650553 0.42026183009147644 0.5763721863428751 0.41560420393943787 0.5833834012349447 0.4086177945137024 0.5888922214508057
0 0.314068466424942 0.8963842391967773 0.3257124722003937 0.892377773920695 0.3448086380958557 0.906400203704834 0.36297330260276794 0.922425905863444 0.3741515576839447 0.9299379189809164 0.38719284534454346 0.9389522870381674 0.39930260181427 0.952974796295166 0.4100151062011719 0.9659956296284994 0.41886454820632935 0.9750099976857504 0.41560420393943787 0.9795172214508057 0.3997683823108673 0.9830228487650553 0.383932501077652 0.981019655863444 0.3732199966907501 0.9690004189809164 0.36157602071762085 0.947966734568278 0.35552114248275757 0.942457914352417 0.3401510417461395 0.9399539629618326 0.33176738023757935 0.9359474976857504 0.32664400339126587 0.9249298572540283 0.3224521279335022 0.914413054784139 0.3205891251564026 0.9069010416666666
0 0.42523980140686035 0.9939649105072021 0.4310063421726227 0.976741631825765 0.42844346165657043 0.9602072238922119 0.4412580132484436 0.9560736020406088 0.4579169750213623 0.9533178806304932 0.4688093364238739 0.9519400596618652 0.4777795374393463 0.9526289304097494 0.47713881731033325 0.9677855173746744 0.4797017276287079 0.976741631825765 0.4752166271209717 0.9822530746459961 0.46624642610549927 0.9877645174662272 0.4521504044532776 0.9884534676869711 0.43933582305908203 0.9925870895385742
0 0.241183340549469 0.9974128405253092 0.2617620527744293 0.9735838572184244 0.2799662947654724 0.9718817869822184 0.2926301062107086 0.9650735060373942 0.3037109375 0.9497548739115397 0.3266640603542328 0.9480528036753336 0.3282470405101776 0.9616693655649821 0.3155832588672638 0.9761370023091634 0.31795772910118103 0.992306629816691 0.2744258642196655 0.9974128405253092 0.25543013215065 0.9974128405253092
0 0.4762553572654724 0.9965618451436361 0.4762553572654724 0.9880514939626058 0.49050214886665344 0.9803921381632487 0.5063319206237793 0.9778390725453695 0.5166212320327759 0.9786900679270426 0.5284935832023621 0.9940087000528971 0.5292850136756897 0.9982639153798422 0.5063319206237793 0.9982639153798422 0.4978550672531128 0.9986979166666666 0.4794212877750397 0.9986979166666666
0 0.5577785968780518 0.9982639153798422 0.5720254182815552 0.9880514939626058 0.5807318091392517 0.9761370023091634 0.5933956503868103 0.9676266511281332 0.6060594320297241 0.9693287213643392 0.6203062534332275 0.9761370023091634 0.6187232732772827 0.9889024893442789 0.6044764518737793 0.9982639153798422
0 0.7991825342178345 0.6170002619425455 0.8070974349975586 0.6025326649347941 0.8197612762451172 0.5923202435175577 0.8371739983558655 0.572746475537618 0.8458803296089172 0.5642361243565878 0.8577526807785034 0.5778526862462362 0.8625016212463379 0.5965754191080729 0.8514208197593689 0.6042347351710001 0.8593356609344482 0.6152981917063395 0.8727909326553345 0.6204044024149576 0.8648760914802551 0.633169929186503 0.8609186410903931 0.6467864910761515 0.8648760914802551 0.6544458071390787 0.8783313632011414 0.6527437369028727 0.883080244064331 0.6569989124933878 0.8814972639083862 0.6791257858276367 0.883080244064331 0.7012526988983154 0.892578125 0.7191244761149088 0.9028674960136414 0.7369961738586426 0.8894121646881104 0.7574210166931152 0.883080244064331 0.7684845129648844 0.8719994425773621 0.7625272274017334 0.8537952303886414 0.7438044548034668 0.8419229388237 0.7276348272959391 0.8411313891410828 0.7276348272959391 0.8245102167129517 0.7191244761149088 0.8086804151535034 0.7216775417327881 0.7944336533546448 0.7174224058787028 0.8031399846076965 0.7029547691345215 0.8094719052314758 0.689338207244873 0.8237186670303345 0.6791257858276367 0.8253016471862793 0.6655092636744181 0.8134293556213379 0.6493395964304606 0.7991825342178345 0.6374251047770182 0.7920591235160828 0.629765788714091 0.7912676930427551 0.6229575077692667
0 0.7627741098403931 0.5038126309712728 0.7706889510154724 0.5148760875066122 0.7849357724189758 0.5250885089238485 0.7991825342178345 0.5191312630971273 0.8102633953094482 0.5199822982152303 0.8007655143737793 0.5327478249867758 0.7968080639839172 0.5506195624669393 0.8007655143737793 0.5642361243565878 0.8086804151535034 0.571895440419515 0.8173867464065552 0.5778526862462362 0.8237186670303345 0.5676402648289999 0.8316335678100586 0.5548747380574545 0.8435059189796448 0.5514705975850424 0.8474633097648621 0.5318967898686727 0.8474633097648621 0.5055147012074789 0.856961190700531 0.4918981393178304 0.8672505021095276 0.4833877881368001 0.8704164624214172 0.47828157742818195 0.8625016212463379 0.4740264018376668 0.8545867800712585 0.46551605065663654 0.8466718792915344 0.46211191018422443 0.8347995281219482 0.46296294530232746 0.821344256401062 0.46296294530232746 0.8126378059387207 0.45955880482991535 0.8031399846076965 0.46551605065663654 0.7968080639839172 0.4740264018376668 0.7944336533546448 0.4825367530186971 0.7801868319511414 0.48764296372731525 0.7714804410934448 0.4893450339635213
0 0.9242376685142517 0.725932757059733 0.9384844303131104 0.7038058439890543 0.9551057815551758 0.687636137008667 0.9630206227302551 0.6646582285563151 0.9725185036659241 0.6433823506037394 0.9788504242897034 0.6365740696589152 0.9883481860160828 0.6442333857218424 1.0 0.6459354559580485 1.0 0.6365740696589152 1.0 0.6476375261942545 1.0 0.661254088083903 1.0 0.6731685797373453 1.0 0.6842319965362549 1.0 0.7029547691345215 1.0 0.7004017035166422 1.0 0.7063589096069336 1.0 0.7038058439890543 1.0 0.689338207244873 1.0 0.689338207244873 1.0 0.6969975630442301 1.0 0.7123161951700846 1.0 0.7344431082407633 1.0 0.748910665512085 1.0 0.7608251571655273 1.0 0.7625272274017334 0.9970545768737793 0.7557189464569092 0.9835993647575378 0.7616762320200602 0.9725185036659241 0.7599741617838541 0.9701439738273621 0.7412513891855875 0.9527312517166138 0.7404003143310547 0.9369015097618103 0.7378472487131754
0 1.0 0.7701865832010905 1.0 0.7684845129648844 1.0 0.7608251571655273 1.0 0.7514638106028239 1.0 0.7582720915476481 1.0 0.7769948641459147 1.0 0.7923134167989095 1.0 0.8008237679799398 1.0 0.811887264251709 1.0 0.8152914047241211 1.0 0.8033769130706787 1.0 0.8050789833068848 1.0 0.8084831237792969 1.0 0.8042279084523519 1.0 0.7889092763264974
0 0.9495652914047241 0.8255038261413574 0.9566887021064758 0.8127382596333822 0.9677695631980896 0.8042279084523519 0.9843907952308655 0.7999727725982666 0.9938886761665344 0.8016748428344727 0.9954716563224792 0.8161424001057943 0.9978460669517517 0.8280568917592367 0.9994290471076965 0.838269313176473 0.9978460669517517 0.8484817345937093 0.9923056960105896 0.8501838048299154 0.9756844639778137 0.838269313176473 0.9638121128082275 0.8357162475585938 0.951148271560669 0.8348651727040609
0 1.0 0.8144403298695883 1.0 0.8255038261413574 1.0 0.8340141773223877 1.0 0.8331631024678549 1.0 0.8246527512868246 1.0 0.8127382596333822 1.0 0.8127382596333822
0 0.7311145663261414 0.754867951075236 0.7421953678131104 0.7701865832010905 0.754859209060669 0.7889092763264974 0.7643570899963379 0.7863562107086182 0.7643570899963379 0.7786969343821207 0.7572336196899414 0.7591230869293213 0.7501102685928345 0.7531658808390299 0.7429868578910828 0.750612735748291
0 0.760399580001831 0.7991216977437338 0.7683144807815552 0.7923134167989095 0.7762293815612793 0.7855051358540853 0.7904761433601379 0.7897603511810303 0.8070974349975586 0.8008237679799398 0.8173867464065552 0.8084831237792969 0.8086804151535034 0.8220996856689453 0.8015570044517517 0.8314610322316488 0.7873101830482483 0.8280568917592367 0.7762293815612793 0.8212486108144125 0.7659400701522827 0.8127382596333822
0 0.1810302436351776 0.7480596701304117 0.18419620394706726 0.7344431082407633 0.18973661959171295 0.7208265463511149 0.204774871468544 0.7225286165873209 0.21981315314769745 0.7284858226776123 0.2301025092601776 0.7395493189493815 0.2356429249048233 0.754867951075236 0.241183340549469 0.7718886534372965 0.241183340549469 0.7889092763264974 0.2356429249048233 0.8016748428344727 0.2285195291042328 0.8084831237792969 0.2229791134595871 0.8246527512868246 0.20952381193637848 0.8186955451965332 0.1976514756679535 0.8101851940155029 0.19686003029346466 0.7940154870351156 0.19448556005954742 0.7855051358540853 0.18894512951374054 0.7752927939097086 0.1865706592798233 0.7625272274017334
0 0.22060464322566986 0.693593422571818 0.241183340549469 0.6808278560638428 0.2522641718387604 0.6782747904459635 0.26492801308631897 0.687636137008667 0.26492801308631897 0.7012526988983154 0.27680033445358276 0.7072099844614664 0.28946414589881897 0.7038058439890543 0.30054497718811035 0.7029547691345215 0.3084598779678345 0.6995506286621094 0.3108343183994293 0.695295492808024 0.32349810004234314 0.7072099844614664 0.3266640603542328 0.7157203356424967 0.3147917687892914 0.724230686823527 0.30687689781188965 0.7310389677683512 0.2989619970321655 0.7327410380045573 0.28867265582084656 0.7352941036224365 0.29500457644462585 0.7472085952758789 0.30687689781188965 0.756570021311442 0.31874918937683105 0.7684845129648844 0.32983002066612244 0.78125 0.3353704512119293 0.7906113465627035 0.339327871799469 0.8067810535430908 0.3337874710559845 0.8186955451965332 0.32349810004234314 0.8272058963775635 0.3084598779678345 0.8340141773223877 0.2957960367202759 0.8374183177947998 0.2736343741416931 0.8450775941212972 0.26255354285240173 0.8501838048299154 0.26334503293037415 0.8340141773223877 0.26492801308631897 0.8161424001057943 0.26413652300834656 0.8050789833068848 0.2744258642196655 0.7982707023620605 0.2807577848434448 0.7914624214172363 0.27600884437561035 0.7846541404724121 0.26492801308631897 0.7855051358540853 0.25780460238456726 0.7744417190551758 0.25622162222862244 0.7591230869293213 0.24593228101730347 0.7497617403666178 0.2356429249048233 0.7395493189493815 0.2293110191822052 0.7276348272959391 0.2301025092601776 0.7165713310241699 0.22535358369350433 0.7021037737528483
0 1.0 0.8246527512868246 1.0 0.8246527512868246 1.0 0.836567242940267 1.0 0.8391203880310059 1.0 0.8340141773223877 1.0 0.8263548215230306 1.0 0.8289079666137695 1.0 0.8354467550913492 1.0 0.8952887058258057 1.0 0.9369893868764242 1.0 0.9650735060373942 1.0 0.9412445227305094 1.0 0.931883176167806 1.0 0.9284790356953939 1.0 0.9216707547505697 1.0 0.9037990570068359 1.0 0.8961397012074789 1.0 0.8944376309712728 1.0 0.8978417714436849 1.0 0.899543841679891 1.0 0.8986928462982178 1.0 0.8833742141723633 1.0 0.8757148583730062 1.0 0.8646514415740967 1.0 0.8484817345937093 1.0 0.836567242940267
0 0.9076164364814758 0.9259258906046549 0.9281951189041138 0.9114583333333334 0.9495652914047241 0.905501127243042 0.9709355235099792 0.9037990570068359 0.9828078150749207 0.9080541928609213 0.9851822257041931 0.9199686845143636 0.9946801066398621 0.9361383120218912 0.9986375570297241 0.9454997380574545 0.9970545768737793 0.95826522509257 0.9970545768737793 0.9761370023091634 1.0 0.9837962786356608 1.0 0.9846473534901937 1.0 0.9854983488718668 1.0 0.9940087000528971 1.0 0.9982639153798422 1.0 0.9982639153798422 0.9812248349189758 0.9974128405253092 0.9725185036659241 0.9940087000528971 0.9685609936714172 0.9854983488718668 0.9630206227302551 0.9769879976908366 0.9519398212432861 0.9710307916005453 0.9424419403076172 0.959967295328776 0.9266121983528137 0.9523080190022787 0.9163227677345276 0.9420955975850424
0 1.0 0.9633714358011881 1.0 0.9531590143839518 1.0 0.9446486632029215 1.0 0.9420955975850424 1.0 0.9395424524943033 1.0 0.9267769654591879 1.0 0.9123093287150065 1.0 0.9063521226247152 1.0 0.9106073379516602 1.0 0.9174155394236246 1.0 0.9310321013132731 1.0 0.9514569441477457 1.0 0.9718817869822184 1.0 0.9820942083994547 1.0 0.9812432130177816 1.0 0.9803921381632487 1.0 0.9897365570068359 1.0 0.9986979166666666 1.0 0.9982639153798422 1.0 0.9965618451436361 1.0 0.9982639153798422 1.0 0.9982639153798422 1.0 0.993157704671224 1.0 0.9820942083994547 1.0 0.9642225106557211 1.0 0.9548610846201578
0 0.7386597394943237 0.29938411712646484 0.7528024315834045 0.2889294425646464 0.7651774287223816 0.2794251839319865 0.7766684889793396 0.2708713412284851 0.7916951775550842 0.2699209252993266 0.8084897398948669 0.26516878604888916 0.8182129263877869 0.26421837011973065 0.828819990158081 0.26611922184626263 0.8420789241790771 0.27657389640808105 0.850034236907959 0.28702859083811444 0.8526860475540161 0.3069875240325928 0.8473824858665466 0.3136405150095622 0.828819990158081 0.31934307018915814 0.8182129263877869 0.3250456253687541 0.8076058030128479 0.34310372670491535 0.8014183044433594 0.3573600848515828 0.7925791144371033 0.3573600848515828 0.79081130027771 0.34215327103932697 0.79081130027771 0.3278968930244446 0.7899273633956909 0.31839263439178467 0.7740166783332825 0.3136405150095622 0.7598738670349121 0.30888837575912476 0.7492668032646179 0.30603710810343426
0 0.3930450975894928 0.6624467770258585 0.41249144077301025 0.6472399632136027 0.42133069038391113 0.6329835653305054 0.43105387687683105 0.6177767515182495 0.45138412714004517 0.6158759196599325 0.4628751873970032 0.6149255037307739 0.46994656324386597 0.6158759196599325 0.46994656324386597 0.6329835653305054 0.4832054078578949 0.6405869722366333 0.5 0.6491408348083496 0.4964643120765686 0.6614963610967001 0.4832054078578949 0.6719510555267334 0.4779018759727478 0.6843065420786539 0.4946964681148529 0.7042655150095621 0.5123749375343323 0.717571496963501 0.5123749375343323 0.7232739925384521 0.4902768135070801 0.7251749038696289 0.47348228096961975 0.7223235766092936 0.4540359079837799 0.7090176741282145 0.43989309668540955 0.6966621081034342 0.4284020960330963 0.6890587011973063 0.41602712869644165 0.6862074534098307 0.4027682840824127 0.6843065420786539
0 0.49558037519454956 0.6719510555267334 0.5035356879234314 0.6938108603159586 0.5132588744163513 0.6966621081034342 0.5265177488327026 0.6805048783620199 0.5362409353256226 0.6662484804789225 0.5477319359779358 0.6586450735727946 0.5618747472763062 0.6605459054311117 0.5742496252059937 0.672901471455892 0.5715979337692261 0.6538929541905721 0.5618747472763062 0.6434382597605387 0.5503836870193481 0.6415374279022217 0.5344730615615845 0.6434382597605387 0.5141428112983704 0.6462895472844442 0.5035356879234314 0.6576946576436361
0 0.5388926863670349 0.7042655150095621 0.5327052474021912 0.6957116921742758 0.5388926863670349 0.6824057102203369 0.5459640622138977 0.6719510555267334 0.5556872487068176 0.667198896408081 0.5654104351997375 0.6719510555267334 0.5769014954566956 0.6843065420786539 0.5857406854629517 0.6995133558909098 0.5857406854629517 0.7156705856323242 0.5830889344215393 0.7261253197987875 0.570713996887207 0.7289765675862631 0.5618747472763062 0.7204227447509766 0.5530354380607605 0.7118689219156901
0 0.6458475589752197 0.9979470570882162 0.6370083093643188 0.9874924023946127 0.6476154327392578 0.9722855885823568 0.6467315554618835 0.9599300225575765 0.6493833065032959 0.95137619972229 0.6599903702735901 0.9542275269826254 0.6714814305305481 0.9485249519348145 0.6723653078079224 0.9342685540517172 0.6794367432594299 0.9295163949330648 0.6856241822242737 0.9257147312164307 0.6759010553359985 0.9086070855458578 0.6794367432594299 0.9000532627105713 0.6918116807937622 0.895301103591919 0.711258053779602 0.885796864827474 0.7262847423553467 0.8819951216379801 0.7395436763763428 0.8734412988026937 0.7519185543060303 0.8753421306610107 0.7669452428817749 0.8838959534962972 0.7899273633956909 0.885796864827474 0.8076058030128479 0.8867472807566324 0.8173290491104126 0.8981523513793945 0.8155611157417297 0.9219129880269369 0.8244004249572754 0.9371198018391927 0.8394271731376648 0.9580291906992594 0.8350074887275696 0.9703847567240397 0.8270521759986877 0.9855915705362955 0.8244004249572754 0.9969966411590576 0.8111415505409241 0.9931949774424235 0.7987666130065918 0.9760872522989908 0.7828559279441833 0.9561283588409424 0.7669452428817749 0.9437727928161621 0.7554543018341064 0.9418719609578451 0.7483828663825989 0.9466241200764974 0.740427553653717 0.9656325976053873 0.7413114905357361 0.9874924023946127 0.7545703649520874 0.9950958093007406 0.7209811806678772 0.9950958093007406 0.6865081191062927 0.9950958093007406 0.6617582440376282 0.996046225229899
0 0.8588734269142151 0.284177303314209 0.8641769886016846 0.2775243322054545 0.8774358630180359 0.280375599861145 0.8889269232749939 0.2908302942911784 0.9004179239273071 0.29938411712646484 0.8986501097679138 0.30793795982996625 0.8818555474281311 0.30793795982996625 0.8632931113243103 0.3069875240325928 0.860641360282898 0.29843370119730633
0 0.9021857380867004 0.28702859083811444 0.9163285493850708 0.27562348047892254 0.9260517954826355 0.2689704895019531 0.937542736530304 0.2689704895019531 0.931355357170105 0.28797900676727295 0.9393106698989868 0.3012849688529968 0.9561051726341248 0.3041362563769023 0.9702479839324951 0.30793795982996625 0.978203296661377 0.3145909309387207 0.978203296661377 0.32979774475097656 0.9737837314605713 0.338351567586263 0.9587569236755371 0.3393020232518514 0.9428462982177734 0.34215327103932697 0.9278196096420288 0.34215327103932697 0.9136767983436584 0.32884732882181805 0.9066054224967957 0.31934307018915814 0.9110250473022461 0.30603710810343426 0.910141110420227 0.29748326539993286
0 0.4266342222690582 0.8373250961303711 0.4248664081096649 0.8107132116953532 0.44431272149086 0.7936055660247803 0.4672947824001312 0.7726961771647135 0.4725983142852783 0.7546381155649821 0.4893929064273834 0.7641423543294271 0.5097231268882751 0.7707953453063965 0.5433123111724854 0.771745761235555 0.569830060005188 0.7631919384002686 0.5804371237754822 0.7565389474232992 0.599883496761322 0.7698449293772379 0.6051870584487915 0.7802995840708414 0.598999559879303 0.7993080615997314 0.599883496761322 0.8192670345306396 0.6043031811714172 0.8411268393198649 0.6069548726081848 0.8667883078257242 0.6060709953308105 0.8753421306610107 0.5892764329910278 0.8753421306610107 0.570713996887207 0.8667883078257242 0.5618747472763062 0.8582344849904379 0.5388926863670349 0.8620362281799316 0.530053436756134 0.8487302462259928 0.517678439617157 0.8487302462259928 0.511491060256958 0.8553832372029623 0.5088392496109009 0.8639370600382487 0.5159106254577637 0.8781934579213461 0.5079553127288818 0.8800942897796631 0.4964643120765686 0.8715404669443766 0.48408937454223633 0.8667883078257242 0.47525009512901306 0.8753421306610107 0.46375909447669983 0.8819951216379801 0.4425449073314667 0.8819951216379801 0.43282172083854675 0.8715404669443766 0.4248664081096649 0.8553832372029623
0 0.13582299649715424 0.13115875919659933 0.14289437234401703 0.13686131437619528 0.15084969997406006 0.15111770232518515 0.16410857439041138 0.17012621959050497 0.1720639020204544 0.17107663551966348 0.18001921474933624 0.15206812818845114 0.18620669841766357 0.12925790747006735 0.1702960580587387 0.12925790747006735 0.1570371687412262 0.13020833333333334
1 0.12546588480472565 0.16771399974822998 0.14257751405239105 0.16346807281176248 0.14915890991687775 0.180451770623525 0.1583728790283203 0.19955841700236002 0.15968914330005646 0.21654212474822998 0.14652633666992188 0.23564877112706503 0.130731001496315 0.231402854124705 0.11691007018089294 0.22503395875295004 0.11164495348930359 0.21441916624704996 0.11427750438451767 0.19035891691843668 0.11822634935379028 0.17408287525177002
1 0.1649542599916458 0.18186708291371664 0.1761426329612732 0.18399004141489664 0.18338216841220856 0.19602014621098837 0.18140774965286255 0.205927312374115 0.1715356558561325 0.20663495858510336 0.16627053916454315 0.1981431245803833
1 0.1563984453678131 0.23706408341725668 0.16561239957809448 0.22291100025177002 0.1735100895166397 0.21512681245803833 0.1866728663444519 0.21441916624704996 0.19786123931407928 0.22503395875295004 0.20970778167247772 0.24272531270980835 0.2189217060804367 0.25050952037175495 0.21234031021595 0.26324729124705 0.19720309972763062 0.2625396251678467 0.18074961006641388 0.256878395875295 0.1675868183374405 0.24909420808156332 0.16232170164585114 0.24060235420862833
1 0.19851939380168915 0.12525476018587747 0.21234031021595 0.12596240639686584 0.2235286831855774 0.13657721877098083 0.23274265229701996 0.1528532604376475 0.2274775207042694 0.18115941683451334 0.20773331820964813 0.184697687625885 0.1932542622089386 0.17903645833333334 0.1846984475851059 0.17266756296157837 0.19193799793720245 0.14789968729019165 0.19457057118415833 0.13233129183451334
0 0.08202866464853287 0.06864243745803833 0.09716587513685226 0.06298120319843292 0.1070379689335823 0.05661231776078542 0.1136193722486496 0.04599751035372416 0.12414959818124771 0.045289854208628334 0.13138912618160248 0.048120468854904175 0.13467982411384583 0.07147305210431416 0.1438937932252884 0.08421082297960918 0.15968914330005646 0.09553329149881999 0.1715356558561325 0.09836390614509583 0.18140774965286255 0.10827106237411499 0.1846984475851059 0.11747056245803833 0.17087751626968384 0.12454710404078166 0.1544240266084671 0.12383944789568584 0.13599611818790436 0.12383944789568584 0.12151705473661423 0.12596240639686584 0.11427750438451767 0.1273777186870575 0.10835425555706024 0.13940783341725668 0.10901238769292831 0.15002264579137167 0.09453332424163818 0.13657721877098083 0.08268681168556213 0.12667006254196167 0.07610541582107544 0.11605525016784668 0.08531936258077621 0.10544044772783916 0.09058447927236557 0.09199502070744832 0.0899263471364975 0.0785495936870575
1 0.010291442275047302 0.2795233329137166 0.028061211109161377 0.29438406229019165 0.04451470822095871 0.2957993745803833 0.05899376794695854 0.2873075207074483 0.04780540615320206 0.2724467913309733 0.03661702573299408 0.2660778959592183 0.02477051317691803 0.26395493745803833
1 0.07676354795694351 0.28376924991607666 0.08268681168556213 0.25829370816548664 0.08861006051301956 0.24626358350118002 0.09650774300098419 0.24909420808156332 0.11032867431640625 0.25546308358510333 0.11493565142154694 0.2682008544603984 0.11691007018089294 0.284476896127065 0.10440540313720703 0.29226110378901166 0.09058447927236557 0.29296875
1 0.0009765625 0.31844429175059 0.015556557103991508 0.30782947937647503 0.026086796075105667 0.3085371454556783 0.02542865462601185 0.3318897287050883 0.011607726104557514 0.33967391649882 0.0009765625 0.3368432919184367 0.0009765625 0.32693614562352497
1 0.03332632780075073 0.32976675033569336 0.037275176495313644 0.3092447916666667 0.04583099111914635 0.301460603872935 0.060968201607465744 0.29084579149882 0.07084028422832489 0.2901381254196167 0.08466123044490814 0.2957993745803833 0.09519145637750626 0.303583562374115 0.09255889058113098 0.3318897287050883 0.10308913886547089 0.35878058274586994 0.09782402217388153 0.36302649974823 0.08005424588918686 0.3580729166666667 0.06360074877738953 0.3552422920862834 0.04451470822095871 0.3467504580815633 0.037275176495313644 0.33755095799763996
1 0.20970778167247772 0.28093862533569336 0.22418683767318726 0.26537024974823 0.2320844978094101 0.25617074966430664 0.2426147311925888 0.25617074966430664 0.25248685479164124 0.26112431287765503 0.2551194131374359 0.27527739604314166 0.25248685479164124 0.29155343770980835 0.23734962940216064 0.30429120858510333 0.2255031019449234 0.31066010395685834 0.21365660429000854 0.3028758962949117
1 0.23076823353767395 0.205927312374115 0.25248685479164124 0.2130038539568583 0.24327288568019867 0.22786458333333334 0.23471707105636597 0.22008039553960165
1 0.24656356871128082 0.23706408341725668 0.2577519416809082 0.22008039553960165 0.259726345539093 0.2342334787050883 0.25841009616851807 0.244140625 0.25182870030403137 0.24909420808156332
1 0.2557775378227234 0.2575860420862834 0.2643333375453949 0.24909420808156332 0.2728891670703888 0.25829370816548664 0.2807868421077728 0.27032381296157837 0.27815428376197815 0.27527739604314166 0.2663077712059021 0.27527739604314166 0.2603845000267029 0.2710314790407817
1 0.31895893812179565 0.28164629141489667 0.3308054804801941 0.2625396251678467 0.3393612802028656 0.256878395875295 0.35318219661712646 0.26961616675059 0.3400194048881531 0.28164629141489667 0.33212172985076904 0.29155343770980835 0.3222496211528778 0.2880151669184367
1 0.33870312571525574 0.29721466700236004 0.3518659472465515 0.280230979124705 0.36173802614212036 0.2710314790407817 0.37095198035240173 0.2724467913309733 0.3867473304271698 0.27386208375295 0.3933287262916565 0.28376924991607666 0.38543105125427246 0.2957993745803833 0.38543105125427246 0.31419837474823 0.3841147720813751 0.3283514579137166 0.3827984631061554 0.3340126673380534 0.3762170970439911 0.341796875 0.36437058448791504 0.3467504580815633 0.3505496382713318 0.3410892089207967 0.3433101177215576 0.32198256254196167
1 0.11625191569328308 0.03750566144784292 0.13204728066921234 0.02689085155725479 0.13994495570659637 0.009199501946568489 0.14323566854000092 0.0013020833333333333 0.16232170164585114 0.0021229619160294533 0.17285193502902985 0.002830615888039271 0.16166356205940247 0.014860733101765314 0.15508218109607697 0.024767890572547913 0.14850077033042908 0.031844429671764374 0.13994495570659637 0.03538270046313604 0.130731001496315 0.03821331510941187 0.12349146604537964 0.038920968770980835
1 0.16166356205940247 0.030429122348626454 0.17021939158439636 0.01769135023156802 0.17745891213417053 0.006368886058529218 0.18338216841220856 0.003538269860049089 0.19588683545589447 0.012737772117058435 0.20773331820964813 0.0198143112162749 0.2169472873210907 0.04316689074039459 0.22813567519187927 0.06368885934352875 0.2189217060804367 0.0672271301349004 0.20049381256103516 0.07288835942745209 0.18930542469024658 0.0679347813129425 0.1781170517206192 0.048120468854904175 0.1675868183374405 0.03750566144784292
1 0.13665425777435303 0.05165873964627584 0.1438937932252884 0.0424592395623525 0.1563984453678131 0.034675044318040214 0.17087751626968384 0.04741281767686208 0.18074961006641388 0.06298120319843292 0.18733102083206177 0.07784193754196167 0.18140774965286255 0.084918479124705 0.17285193502902985 0.08916440606117249 0.16034728288650513 0.08774909377098083 0.14850077033042908 0.07784193754196167 0.14060309529304504 0.0672271301349004
1 0.1800914704799652 0.09624093770980835 0.1886473000049591 0.08987205227216084 0.19917750358581543 0.08350316683451335 0.20773331820964813 0.0785495936870575 0.22681941092014313 0.07642663021882375 0.22484499216079712 0.08633378148078918 0.2235286831855774 0.10119452079137166 0.22945193946361542 0.11322463552157085 0.22681941092014313 0.11747056245803833 0.21234031021595 0.11817821860313416 0.19786123931407928 0.1167629063129425 0.1886473000049591 0.11110167702039082
1 0.09914029389619827 0.31632133324941 0.1070379689335823 0.29933764537175495 0.11559378355741501 0.2901381254196167 0.132705420255661 0.284476896127065 0.14060309529304504 0.2745697498321533 0.15179148316383362 0.26395493745803833 0.15968914330005646 0.2597090204556783 0.1761426329612732 0.2625396251678467 0.19259610772132874 0.2689085205396016 0.2037844955921173 0.27315443754196167 0.20575891435146332 0.29226110378901166 0.20970778167247772 0.31278306245803833 0.21234031021595 0.3361356258392334 0.21431472897529602 0.3495810826619466 0.20115192234516144 0.3524116675059001 0.1886473000049591 0.35665762424468994 0.1866728663444519 0.36727241675059 0.18404032289981842 0.37788720925649005 0.1715356558561325 0.37859487533569336 0.15508218109607697 0.37859487533569336 0.1353379786014557 0.3750566244125366 0.11822634935379028 0.36939537525177 0.11164495348930359 0.3644417921702067 0.10308913886547089 0.34887341658274335 0.09914029389619827 0.33542799949645996
1 0.10374727100133896 0.37647191683451336 0.11493565142154694 0.37576425075531006 0.12809844315052032 0.3828407923380534 0.13665425777435303 0.39274795850118 0.1458682119846344 0.4104392925898234 0.1563984453678131 0.42246941725413006 0.16824495792388916 0.4344995419184367 0.16824495792388916 0.44865262508392334 0.16429612040519714 0.4599750836690267 0.15574030578136444 0.46068274974823 0.1458682119846344 0.44865262508392334 0.130731001496315 0.4401607910792033 0.11954262107610703 0.4401607910792033 0.11230308562517166 0.4316689173380534 0.10901238769292831 0.42530004183451336 0.10769610106945038 0.4083163340886434 0.1050635576248169 0.390625
1 0.23471707105636597 0.19460485378901163 0.23471707105636597 0.17691349983215332 0.23932404816150665 0.159222145875295 0.24656356871128082 0.1585144897301992 0.27157288789749146 0.1641757289568583 0.2860519587993622 0.17195991675059 0.2807868421077728 0.18399004141489664 0.2682821750640869 0.1981431245803833 0.25906825065612793 0.20380435387293497 0.24590544402599335 0.20380435387293497 0.23998220264911652 0.20097372929255167
1 0.22813567519187927 0.1273777186870575 0.23734962940216064 0.12171648939450581 0.2491961270570755 0.11888586481412251 0.2669658958911896 0.10685575008392334 0.2774961292743683 0.10331747929255168 0.28473567962646484 0.10331747929255168 0.2965821921825409 0.10119452079137166 0.31237754225730896 0.09482563535372417 0.32093337178230286 0.0912873645623525 0.3308054804801941 0.09553329149881999 0.3373868465423584 0.10897871851921082 0.3367287218570709 0.12454710404078166 0.3354124128818512 0.1422384480635325 0.3242240846157074 0.157099187374115 0.311061292886734 0.16205276052157083 0.29921475052833557 0.1641757289568583 0.2860519587993622 0.16205276052157083 0.26104265451431274 0.15780684351921082 0.24393102526664734 0.15426857272783914 0.23471707105636597 0.14506906270980835 0.23076823353767395 0.13870017727216086
1 0.39464500546455383 0.09341032306353252 0.40254268050193787 0.08421082297960918 0.41570547223091125 0.09341032306353252 0.42886826395988464 0.10685575008392334 0.4361078143119812 0.11180933316548665 0.4229450225830078 0.14082314570744833 0.4130728840827942 0.13516190648078918 0.40649154782295227 0.12242413560549419 0.4012264013290405 0.10968636473019917
1 0.42228686809539795 0.15143794814745584 0.43676596879959106 0.12950067718823752 0.4453217685222626 0.11959352095921834 0.4551938474178314 0.12242413560549419 0.44795429706573486 0.15356091658274332 0.44203105568885803 0.16842164595921835 0.4295264184474945 0.18328237533569336 0.4130728840827942 0.20097372929255167 0.4058333933353424 0.21654212474822998 0.4058333933353424 0.23494112491607666 0.40649154782295227 0.24838654200236002 0.40056824684143066 0.2604166666666667 0.39201244711875916 0.2682008544603984 0.388721764087677 0.24909420808156332 0.38806360960006714 0.2264492710431417 0.3953031599521637 0.208050270875295 0.41175663471221924 0.18965127070744833 0.4216287434101105 0.16983695824941
1 0.462433397769928 0.12383944789568584 0.47427991032600403 0.12383944789568584 0.4861264228820801 0.13091598947842917 0.4920496642589569 0.15002264579137167 0.5006054639816284 0.1670063336690267 0.5019217729568481 0.18186708291371664 0.5012636184692383 0.20026608308156332 0.48875895142555237 0.21795743703842163 0.4729636311531067 0.23918704191843668 0.46045899391174316 0.24980185429255167 0.45058685541152954 0.25829370816548664 0.4361078143119812 0.25617074966430664 0.4163636267185211 0.25334012508392334 0.4124147891998291 0.23281816641489664 0.4163636267185211 0.208050270875295 0.4275519847869873 0.19389718770980835 0.4407147765159607 0.17832881212234497 0.45190316438674927 0.15497621893882751 0.45651012659072876 0.13799253106117249
1 0.4749380350112915 0.29509170850118 0.48678454756736755 0.29155343770980835 0.49731481075286865 0.30004529158274335 0.5085031390190125 0.31278306245803833 0.5210078358650208 0.32410552104314166 0.5308799147605896 0.3318897287050883 0.5177171230316162 0.329059104124705 0.4959985017776489 0.3177366455396016 0.48481011390686035 0.30429120858510333
1 0.39859384298324585 0.2766927083333333 0.40978220105171204 0.26112431287765503 0.4229450225830078 0.26112431287765503 0.43939849734306335 0.26324729124705 0.45190316438674927 0.2682008544603984 0.4584845304489136 0.2830616037050883 0.4446636140346527 0.2830616037050883 0.4315008223056793 0.28376924991607666 0.42031243443489075 0.2873075207074483 0.41373103857040405 0.29296875 0.4058333933353424 0.29226110378901166 0.4012264013290405 0.28659985462824505
1 0.17825137078762054 0.4419479767481486 0.19681379199028015 0.44099756081899005 0.23747432231903076 0.42769161860148114 0.25780460238456726 0.4086831013361613 0.26664382219314575 0.3839720090230306 0.28343841433525085 0.38207117716471356 0.31879541277885437 0.38777371247609455 0.3267507255077362 0.390625 0.3302864134311676 0.39917882283528644 0.315259724855423 0.40678222974141437 0.304652601480484 0.4115343491236369 0.27813488245010376 0.4305428663889567 0.2622242271900177 0.43529502550760907 0.24454572796821594 0.44670013586680096 0.23747432231903076 0.4600060780843099 0.22598330676555634 0.47046077251434326 0.2109566032886505 0.48091546694437665 0.19504593312740326 0.4790145953496297 0.17825137078762054 0.4733120600382487 0.16941212117671967 0.4676094849904378 0.1738317459821701 0.4552539587020874
1 0.3011169135570526 0.56075119972229 0.2622242271900177 0.5636024872461954 0.22598330676555634 0.5693050622940063 0.2144922912120819 0.5731067657470703 0.20742090046405792 0.5559990803400675 0.20565302670001984 0.5350897312164307 0.21184051036834717 0.5255854527155558 0.23305471241474152 0.5198829174041748 0.24542967975139618 0.5094282229741415 0.25250107049942017 0.49992398420969647 0.26134029030799866 0.500874400138855 0.2710634768009186 0.5113290945688883 0.28343841433525085 0.5132299264272054 0.2931616008281708 0.5151307980219523 0.3064204752445221 0.5208333333333334 0.3099561929702759 0.5322384436925253 0.30376869440078735 0.5455443859100342
1 0.2878580391407013 0.5740571816762289 0.2966972887516022 0.5731067657470703 0.2993490695953369 0.6025699377059937 0.2878580391407013 0.5968674023946127
1 0.30730441212654114 0.566453774770101 0.3179115056991577 0.5398418505986532 0.33117038011550903 0.5369905630747477 0.3382417857646942 0.5512469609578451 0.34973278641700745 0.5540982484817505 0.3585720360279083 0.5531477928161621 0.3762505054473877 0.5712058941523234 0.39746472239494324 0.5826110045115153 0.3771344721317291 0.5892639954884847 0.3771344721317291 0.6006691058476766 0.3824380040168762 0.6139750480651855 0.3833219110965729 0.6187272071838379 0.3576880991458893 0.6206280390421549 0.3400095999240875 0.6282314459482828 0.3267507255077362 0.6367852687835693 0.3134918808937073 0.6215784549713135 0.3099561929702759 0.5940161148707072 0.30907222628593445 0.5807101726531982
1 0.0925106629729271 0.5398418505986532 0.09958206117153168 0.5141803423563639 0.11460879445075989 0.504676103591919 0.13405513763427734 0.4885188738505046 0.1499657779932022 0.4771137634913127 0.15615326166152954 0.47236160437266034 0.18090315163135529 0.4847171703974406 0.19504593312740326 0.49137012163798016 0.1994655877351761 0.5113290945688883 0.20211732387542725 0.5236846208572388 0.20034949481487274 0.5398418505986532 0.2012334167957306 0.5636024872461954 0.19504593312740326 0.5731067657470703 0.18443885445594788 0.5835614204406738 0.17294782400131226 0.5902144114176432 0.15968894958496094 0.5930656989415487 0.14643007516860962 0.5940161148707072 0.1331712156534195 0.5968674023946127 0.11991234123706818 0.5968674023946127 0.1110730990767479 0.5721563100814819 0.09869814664125443 0.5512469609578451
1 0.3656434118747711 0.5426931381225586 0.37183091044425964 0.5350897312164307 0.3771344721317291 0.5113290945688883 0.3833219110965729 0.48186588287353516 0.3912772238254547 0.4847171703974406 0.4018843173980713 0.48091546694437665 0.4080718159675598 0.45905566215515137 0.4169110953807831 0.47521289189656574 0.4319377839565277 0.4885188738505046 0.44166097044944763 0.49327099323272705 0.43458956480026245 0.5094282229741415 0.43458956480026245 0.5293871561686198 0.43105387687683105 0.5426931381225586 0.43105387687683105 0.5512469609578451 0.4266342222690582 0.5521973768870035 0.4116075038909912 0.555048664410909 0.4080718159675598 0.5636024872461954 0.4063039720058441 0.5740571816762289 0.3930450975894928 0.5702554782231649 0.3797862231731415 0.562652071317037 0.37006306648254395 0.5512469609578451
1 0.0009765625 0.12753281990687051 0.0009765625 0.10523686806360881 0.0009765625 0.10791238149007161 0.0009765625 0.12396547198295593 0.0009765625 0.13466752568880716 0.0009765625 0.15696346759796143 0.0009765625 0.17034103473027548 0.0009765625 0.17925941944122314 0.0009765625 0.1632063388824463 0.0009765625 0.16231449445088705 0.0009765625 0.148936927318573 0.0009765625 0.13645119468371072
1 0.0009765625 0.092751145362854 0.0009765625 0.06421232720216115 0.0009765625 0.04102454334497452 0.0009765625 0.02853881319363912 0.0009765625 0.02586329976717631 0.0009765625 0.029430650174617767 0.014779777266085148 0.033889840046564736 0.03053906187415123 0.04102454334497452 0.047957222908735275 0.045483733216921486 0.05459272488951683 0.05975313981374105 0.047127798199653625 0.0713470329840978 0.03883343189954758 0.08918378750483195 0.02058582752943039 0.09721032778422038 0.0009765625 0.10523686806360881 0.0009765625 0.11147973934809367 0.0009765625 0.1195062796274821 0.0009765625 0.12396547198295593 0.0009765625 0.10702054699261983
1 0.0009765625 0.18015126387278238 0.0009765625 0.17480023701985678 0.0009765625 0.17123287916183472 0.0009765625 0.17569206158320108 0.0009765625 0.1810430884361267 0.0009765625 0.19085331757863364 0.0009765625 0.21314924955368042 0.0009765625 0.22652681668599448 0.0009765625 0.23812071482340494 0.0009765625 0.2443635861078898 0.0009765625 0.24971461296081543 0.0009765625 0.2586329976717631 0.0009765625 0.25180943806966144
1 0.0009765625 0.18461044629414877 0.0009765625 0.17569206158320108 0.0009765625 0.1810430884361267 0.0009765625 0.1881778041521708 0.0009765625 0.19709616899490356 0.0009765625 0.19620434443155924 0.0009765625 0.19352883100509644 0.0009765625 0.19709616899490356 0.0009765625 0.20601455370585123
1 0.0009765625 0.3076840837796529 0.0009765625 0.3166024486223857 0.0009765625 0.32373716433842975 0.0009765625 0.3246289889017741 0.0009765625 0.321061650911967 0.0009765625 0.3157106240590413 0.0009765625 0.3148187796274821 0.0009765625 0.3335473934809367 0.0009765625 0.3451412518819173 0.0009765625 0.357626994450887 0.0009765625 0.3656535545984904 0.0009765625 0.37011273701985675 0.0009765625 0.3736800750096639 0.0009765625 0.377247412999471 0.0009765625 0.37903110186258954 0.0009765625 0.37992294629414874 0.0009765625 0.380814790725708 0.0009765625 0.35438072681427 0.0009765625 0.3255208333333333
1 0.0009765625 0.38438212871551514 0.0009765625 0.377247412999471 0.0009765625 0.3727882305781047 0.0009765625 0.3727882305781047 0.0009765625 0.38259843985239667 0.0009765625 0.38794946670532227 0.0009765625 0.3977597157160441 0.0009765625 0.4031107425689697
1 0.0009765625 0.38884131113688153 0.0009765625 0.38794946670532227 0.0009765625 0.38794946670532227 0.0009765625 0.41113726298014325 0.0009765625 0.4245148499806722 0.0009765625 0.43521690368652344 0.0009765625 0.44324342409769696 0.0009765625 0.4584046999613444 0.0009765625 0.46732306480407715 0.0009765625 0.4566210110982259 0.0009765625 0.45751285552978516 0.0009765625 0.4582846959431966 0.0009765625 0.413812796274821
1 0.0009765625 0.44502711296081543 0.0009765625 0.44056793053944904 0.0009765625 0.4557291666666667 0.0009765625 0.4566210110982259 0.0009765625 0.4557291666666667 0.0009765625 0.4682149092356364 0.0015087919309735298 0.4798088073730469 0.005655976012349129 0.49051086107889813 0.00648540910333395 0.5047802527745565 0.0009765625 0.5101312796274821 0.0009765625 0.5145904620488485 0.0009765625 0.5261843601862589 0.0009765625 0.529751698176066 0.0009765625 0.5226170221964518 0.0009765625 0.5056720972061157 0.0009765625 0.49229451020558673 0.0009765625 0.48070061206817627 0.0009765625 0.4655393759409587 0.0009765625 0.45305363337198895
1 0.2593368887901306 0.2969547112782796 0.2642796039581299 0.2856611410776774 0.27663654088974 0.28499680757522583 0.29270049929618835 0.2883184552192688 0.3100002110004425 0.29031143585840863 0.3211213946342468 0.2923044164975484 0.3316247761249542 0.29894771178563434 0.3371853828430176 0.319541871547699 0.3408924639225006 0.34080036481221515 0.3402746319770813 0.3534226020177205 0.3303890824317932 0.3660448392232259 0.32297492027282715 0.37468111515045166 0.3069109618663788 0.37468111515045166 0.2896113097667694 0.37468111515045166 0.27354729175567627 0.3733524481455485 0.2692223787307739 0.3667091925938924 0.2642796039581299 0.34279338518778485 0.2648974657058716 0.3215348720550537 0.2642796039581299 0.30625532070795697
1 0.3297712206840515 0.377338449160258 0.3415102958679199 0.36073021094004315 0.3495422899723053 0.3501009941101074 0.3612813353538513 0.35142962137858075 0.3680776357650757 0.36073021094004315 0.369931161403656 0.37268813451131183 0.36622411012649536 0.38929633299509686 0.3575742840766907 0.40590453147888184 0.3513958156108856 0.4165337880452474 0.3415102958679199 0.4045759042104085 0.33347833156585693 0.38929633299509686
1 0.3717847168445587 0.3494366407394409 0.38537731766700745 0.3441220124562581 0.3921736478805542 0.3647162119547526 0.39526283740997314 0.3766740957895915 0.3884665369987488 0.3766740957895915 0.37487393617630005 0.3687021732330322
1 0.43665850162506104 0.4417782624562581 0.4409834146499634 0.42982037862141925 0.4626079797744751 0.42915602525075275 0.48114335536956787 0.4264987309773763 0.5021501183509827 0.42915602525075275 0.5101820826530457 0.4377923011779785 0.5058571696281433 0.44975022474924725 0.4928824007511139 0.4570578336715698 0.4743470549583435 0.4637010892232259 0.46878644824028015 0.4736660321553548 0.4619901478290558 0.48761693636576336 0.4502510726451874 0.48828125 0.44716185331344604 0.48230230808258057 0.4453083276748657 0.4603794813156128 0.4416012465953827 0.451743205388387
1 0.4409834146499634 0.5261479616165161 0.4416012465953827 0.5075467824935913 0.44901537895202637 0.4955888589223226 0.45828309655189514 0.4935958782831828 0.47002214193344116 0.5009034872055054 0.48114335536956787 0.5042251348495483 0.49164673686027527 0.5042251348495483 0.49967870116233826 0.504889448483785 0.5077107548713684 0.512861410776774 0.5188319087028503 0.5248192946116129 0.5188319087028503 0.5341198841730753 0.5163605213165283 0.541427493095398 0.5070928335189819 0.5500637690226237 0.4922645688056946 0.5567070643107096 0.4743470549583435 0.5567070643107096 0.46755075454711914 0.5493994553883871 0.45581167936325073 0.5354485511779785 0.44716185331344604 0.5307982762654623
1 0.46755075454711914 0.48894556363423664 0.4755827486515045 0.4690157175064087 0.48793962597846985 0.4650297562281291 0.500914454460144 0.4617081085840861 0.5083285570144653 0.4603794813156128 0.5132712721824646 0.4656941095987956 0.511417806148529 0.4743303457895915 0.506475031375885 0.48562395572662354 0.49782517552375793 0.4935958782831828 0.4854682683944702 0.4955888589223226 0.47743627429008484 0.49691752592722577
1 0.5052393674850464 0.29894771178563434 0.5145070552825928 0.28233949343363446 0.519449770450592 0.2710459232330322 0.5429279208183289 0.2690529425938924 0.5651703476905823 0.26240964730580646 0.578762948513031 0.256430705388387 0.5898841619491577 0.24181546767552695 0.5861770510673523 0.22786458333333334 0.5769093632698059 0.22321428855260214 0.5583740472793579 0.22321428855260214 0.5441635847091675 0.2238786220550537 0.5280996561050415 0.22321428855260214 0.5318067073822021 0.21590667963027954 0.5521956086158752 0.21457801262537637 0.5645525455474854 0.21391369899113974 0.5701130628585815 0.2092633843421936 0.5781451463699341 0.20328444242477417 0.5830878615379333 0.1979698141415914 0.5886484980583191 0.19597683350245157 0.6034767627716064 0.20062712828318277 0.6152158379554749 0.20527742306391397 0.6176871657371521 0.22188562154769897 0.6244834661483765 0.23384354511896768 0.6170693635940552 0.23185054461161295 0.607801616191864 0.23450785875320435 0.6003875136375427 0.23716517289479574 0.5985339879989624 0.2477944294611613 0.599769651889801 0.256430705388387 0.6047124266624451 0.2597523331642151 0.6152158379554749 0.26307398080825806 0.6065659523010254 0.2783535321553548 0.597298264503479 0.2969547112782796 0.5942090153694153 0.31090561548868817 0.5874127149581909 0.3148915767669678 0.5719666481018066 0.31555591026941937 0.5614632964134216 0.3168845574061076 0.5491063594818115 0.32020620505015057 0.5348959565162659 0.32684948047002155 0.5231568217277527 0.319541871547699 0.5163605213165283 0.3122342626253764 0.508946418762207 0.30559098720550537
1 0.20311293005943298 0.4929315646489461 0.21299844980239868 0.48562395572662354 0.22968028485774994 0.47698767979939777 0.23771227896213531 0.4743303457895915 0.2457442432641983 0.47765199343363446 0.25254058837890625 0.48030932744344074 0.25315842032432556 0.49093854427337646 0.24265505373477936 0.4982461929321289 0.2352408766746521 0.5088754097620646 0.22288398444652557 0.5161830186843872 0.21114492416381836 0.5195046663284302 0.2062021642923355 0.5188403526941935 0.2049664556980133 0.5055538018544515
1 0.24080151319503784 0.46702273686726886 0.2457442432641983 0.4570578336715698 0.2562476396560669 0.4450999101003011 0.2642796039581299 0.4411139488220215 0.275400847196579 0.43978528181711835 0.2877577245235443 0.4331420262654622 0.30073249340057373 0.4225127696990967 0.3192678689956665 0.41121915976206463 0.3291533887386322 0.40856186548868817 0.3378032147884369 0.41586947441101074 0.3408924639225006 0.42384139696757 0.3279176950454712 0.43447065353393555 0.3100002110004425 0.4424426158269246 0.2994967997074127 0.44842155774434406 0.287139892578125 0.45905081431070965 0.2772543728351593 0.46768709023793537 0.2648974657058716 0.4736660321553548 0.2550119459629059 0.474994699160258 0.2469799518585205 0.471673051516215
1 0.25871899724006653 0.49093854427337646 0.2599547207355499 0.4809736410776774 0.27292945981025696 0.474994699160258 0.2883756160736084 0.46702273686726886 0.3001146614551544 0.4563934803009033 0.3118537366390228 0.44908587137858075 0.32482844591140747 0.4424426158269246 0.3371853828430176 0.43447065353393555 0.34521737694740295 0.427163044611613 0.3495422899723053 0.4424426158269246 0.348924458026886 0.4570578336715698 0.3390389084815979 0.47765199343363446 0.33533185720443726 0.4982461929321289 0.33347833156585693 0.5188403526941935 0.3285355567932129 0.5301339228947958 0.3186500370502472 0.5301339228947958 0.3093823194503784 0.5175116856892904 0.29331836104393005 0.5121970574061075 0.2760186791419983 0.5075467824935913 0.266133189201355 0.4982461929321289
1 0.4613723158836365 0.39261798063913983 0.4836147427558899 0.3833173910776774 0.49906086921691895 0.37999574343363446 0.5126534700393677 0.374016801516215 0.5107999444007874 0.3494366407394409 0.508946418762207 0.3354857762654622 0.5213033556938171 0.33747875690460205 0.5287174582481384 0.3547512690226237 0.5398386716842651 0.37069515387217206 0.5540490746498108 0.3979326089223226 0.5608453750610352 0.4132121404012044 0.5546669960021973 0.4258343776067098 0.5416922569274902 0.43048469225565594 0.5219211578369141 0.43048469225565594 0.4959716498851776 0.42384139696757 0.4749649167060852 0.41985543568929035 0.47002214193344116 0.41586947441101074 0.4663150906562805 0.4052402178446452
1 0.5126534700393677 0.44377124309539795 0.5243925452232361 0.43447065353393555 0.5386030077934265 0.43513500690460205 0.5484884977340698 0.4371279875437419 0.5348959565162659 0.44842155774434406 0.5256282091140747 0.4557291666666667 0.5175962448120117 0.4570578336715698
1 0.5342780947685242 0.34146471818288165 0.5447814464569092 0.3314997951189677 0.5645525455474854 0.32817814747492474 0.5905019640922546 0.32219918568929035 0.6071838140487671 0.3334927558898926 0.6164515018463135 0.33681440353393555 0.6195407509803772 0.35142962137858075 0.6152158379554749 0.37268813451131183 0.6108908653259277 0.38929633299509686 0.6047124266624451 0.40324723720550537 0.5942090153694153 0.4098905324935913 0.586794912815094 0.4125478267669678 0.5756736993789673 0.4098905324935913 0.5651703476905823 0.41055484612782794 0.5559026598930359 0.39195366700490314 0.5466349720954895 0.3680378595987956 0.5386030077934265 0.35209397474924725
1 0.27292945981025696 0.6829294363657633 0.285904198884964 0.6816007296244303 0.2994967997074127 0.6782791614532471 0.30258601903915405 0.6902370452880859 0.30135035514831543 0.6962159474690756 0.2865220606327057 0.6988732814788818 0.27478301525115967 0.6995375951131185 0.27231159806251526 0.6962159474690756 0.27169376611709595 0.6902370452880859
1 0.3069109618663788 0.6756218274434408 0.3161786198616028 0.6723001797993978 0.3285355567932129 0.6610066095987955 0.3316247761249542 0.6556919813156128 0.3421281576156616 0.6656568845113119 0.35263150930404663 0.6749575138092041 0.3600456416606903 0.6829294363657633 0.35633859038352966 0.6962159474690756 0.3495422899723053 0.7048522631327311 0.33286044001579285 0.708173910776774 0.3217392563819885 0.6968803405761719 0.31247156858444214 0.686915397644043
1 0.36437058448791504 0.7077875137329102 0.3672711253166199 0.6890749931335449 0.37452247738838196 0.676599899927775 0.38467440009117126 0.6719218095143636 0.39120063185691833 0.6758202711741129 0.3962765634059906 0.6906343301137289 0.3933759927749634 0.707007884979248 0.3868497908115387 0.7179235617319742 0.375247597694397 0.7163641452789307
1 0.0009765625 0.7630208333333334 0.0009765625 0.75 0.0009765625 0.7534722487131754 0.0009765625 0.765625 0.0009765625 0.7760416666666666 0.0009765625 0.7960069179534912 0.0009765625 0.8177083333333334 0.0009765625 0.828125 0.0009765625 0.8385416666666666 0.0009765625 0.8428819179534912 0.0009765625 0.8194444179534912 0.0009765625 0.8020833333333334 0.0009765625 0.7829860846201578
1 0.0009765625 0.6119791666666666 0.0009765625 0.5920138756434122 0.0009765625 0.577256957689921 0.0009765625 0.5703125 0.0009765625 0.5859375 0.0009765625 0.5989583333333334 0.0009765625 0.6119791666666666 0.0009765625 0.616319457689921 0.0009765625 0.625 0.0009765625 0.6215277910232544
1 0.0009765625 0.6362847089767456 0.0009765625 0.6267361243565878 0.0009765625 0.6267361243565878 0.0009765625 0.625868042310079 0.0059213945642113686 0.6293402910232544 0.02933361940085888 0.6293402910232544 0.06001170724630356 0.6310763756434122 0.052745845168828964 0.6458333333333334 0.02933361940085888 0.6432291666666666 0.007536033634096384 0.6440972089767456 0.0009765625 0.6519097089767456 0.0009765625 0.657118042310079 0.0009765625 0.6588541666666666 0.0009765625 0.6710069179534912 0.0009765625 0.6796875 0.0009765625 0.6788194179534912 0.0009765625 0.655381957689921
1 0.32077541947364807 0.005208333333333333 0.34257298707962036 0.0013020833333333333 0.37486571073532104 0.0013020833333333333 0.40581291913986206 0.003761574005087217 0.39953377842903137 0.014371141791343689 0.3932546079158783 0.024980708956718445 0.3762112259864807 0.024980708956718445 0.3627559244632721 0.0298032412926356 0.34660959243774414 0.04041280845801035 0.33494833111763 0.028838733832041424 0.32508108019828796 0.01919367288549741
1 0.029064513742923737 0.002797067786256472 0.05059298500418663 0.002797067786256472 0.061357222497463226 0.002797067786256472 0.06673935800790787 0.013406635572512945 0.06494530290365219 0.028838733832041424 0.05328405275940895 0.03655478358268738 0.03893173485994339 0.03462577114502589 0.019197285175323486 0.026909721394379933 0.009330066852271557 0.025945216417312622 0.020094310864806175 0.016300154229005177
1 0.0586661696434021 0.04330632587273916 0.07301849126815796 0.03462577114502589 0.09185591340065002 0.037519291043281555 0.10351716727018356 0.04234182337919871 0.10082611441612244 0.051986883083979286 0.08647379279136658 0.059702932834625244 0.07212147861719131 0.06356095770994823 0.06225425750017166 0.061631942788759865 0.056872136890888214 0.05488040049870809
1 0.12235458940267563 0.6789158980051676 0.1304277777671814 0.6663773059844971 0.14298604428768158 0.66155477364858 0.15464730560779572 0.6827739079793295 0.16361752152442932 0.6962769826253256 0.14657412469387054 0.702064037322998 0.12953075766563416 0.6914544900258383
1 0.13760392367839813 0.6316550970077515 0.1411920040845871 0.610435962677002 0.1564413458108902 0.6027199029922485 0.18424896895885468 0.5950038433074951 0.20129236578941345 0.581500768661499 0.20936553180217743 0.5853587786356608 0.19680725038051605 0.5998263756434122 0.1806608885526657 0.6123649676640829 0.17348472774028778 0.6268325646718343 0.16361752152442932 0.6364776293436686 0.1456771045923233 0.6413001616795858
1 0.0009765625 0.6856674353281657 0.0009765625 0.6847029527028402 0.0009765625 0.7059220472971598 0.0009765625 0.7223186492919922 0.0009765625 0.7396798133850098 0.0009765625 0.7454667886098226 0.0009765625 0.7406442960103353 0.0009765625 0.7174961566925049 0.0009765625 0.6982060273488363
1 0.3071407079696655 0.7416087786356608 0.3214930295944214 0.7290701866149902 0.33584535121917725 0.7203896840413412 0.3457125723361969 0.7155671119689941 0.35557979345321655 0.7146026293436686 0.3717261254787445 0.7203896840413412 0.38159337639808655 0.7261766592661539 0.3851814270019531 0.7435378233591715 0.39415162801742554 0.7580053806304932 0.39953377842903137 0.7705439726511637 0.38428443670272827 0.7705439726511637 0.37710827589035034 0.7821180820465088 0.36813807487487793 0.7936921119689941 0.3564767837524414 0.7956211566925049 0.34212449193000793 0.7898341019948324 0.32956618070602417 0.7647569179534912 0.3196989893913269 0.7541473706563314
1 0.39056357741355896 0.7261766592661539 0.40312182903289795 0.7030285199483236 0.4147831201553345 0.6991705099741617 0.4282384216785431 0.7010995546976725 0.44438475370407104 0.7126735846201578 0.45963409543037415 0.7223186492919922 0.4650162160396576 0.7271412213643392 0.4497668743133545 0.7425733407338461 0.4345175623893738 0.7618633906046549 0.41657716035842896 0.7715084552764893 0.4040188789367676 0.7647569179534912 0.3932546079158783 0.7425733407338461
1 0.47488343715667725 0.7300347487131754 0.49461784958839417 0.730999231338501 0.5125582814216614 0.730999231338501 0.5215284824371338 0.7271412213643392 0.5206314921379089 0.7155671119689941 0.5179404020309448 0.7078510920206705 0.5233225226402283 0.7030285199483236 0.5296016931533813 0.7039930820465088 0.542159914970398 0.7194251219431559 0.5583062767982483 0.7319637139638265 0.5636883974075317 0.7358217239379883 0.5618943572044373 0.7493248780568441 0.55202716588974 0.7599344253540039 0.5269106030464172 0.7637924353281657 0.49282383918762207 0.7580053806304932 0.47308939695358276 0.7473958333333334 0.45963409543037415 0.7416087786356608
1 0.4766775071620941 0.5641396443049113 0.49461784958839417 0.5622106393178304 0.5098671913146973 0.5554591019948324 0.5206314921379089 0.5487075646718343 0.5269106030464172 0.5380979776382446 0.5304986834526062 0.5313464403152466 0.5412629246711731 0.5352044900258383 0.5502331256866455 0.5795717636744181 0.5556151866912842 0.6094714403152466 0.5583062767982483 0.6268325646718343 0.5511301755905151 0.6335841019948324 0.5287045836448669 0.6335841019948324 0.5053821206092834 0.632619579633077 0.4892357587814331 0.6268325646718343 0.4802655577659607 0.6200810273488363 0.4757804572582245 0.6036844253540039 0.46860429644584656 0.5998263756434122 0.47039833664894104 0.581500768661499
1 0.0009765625 0.16290509700775146 0.0009765625 0.13204089800516763 0.0009765625 0.11757330099741618 0.004844974726438522 0.11178626616795857 0.02457941323518753 0.10696373383204143 0.03534364700317383 0.10117669900258382 0.046107884496450424 0.10985725124677022 0.05149000138044357 0.12143133083979289 0.048798952251672745 0.1397569477558136 0.04969596862792969 0.1600115696589152 0.05059298500418663 0.17351466417312622 0.05059298500418663 0.18219520648320517 0.02996153011918068 0.18219520648320517 0.011124108918011189 0.1850887338320414 0.0009765625 0.17833719650904337 0.0009765625 0.17255016167958578
1 0.04521086812019348 0.08960261940956116 0.054181069135665894 0.0732060174147288 0.061357222497463226 0.0703125 0.07570954412221909 0.0732060174147288 0.08198869228363037 0.08285108208656311 0.08019464462995529 0.09731866916020711 0.07301849126815796 0.10889274875322978 0.06404829025268555 0.11178626616795857 0.054181069135665894 0.10985725124677022 0.04700490087270737 0.10310571392377217
1 0.0009765625 0.5496720870335897 0.0009765625 0.5332754453023275 0.0009765625 0.5207368930180868 0.0021539065055549145 0.5159143606821696 0.010227092541754246 0.5149498383204142 0.008433050476014614 0.532310962677002 0.010227092541754246 0.5467785596847534 0.004844974726438522 0.554494579633077 0.0009765625 0.554494579633077
1 0.0009765625 0.4512924353281657 0.0009765625 0.44068288803100586 0.0021539065055549145 0.43200230598449707 0.012021134607493877 0.425250768661499 0.025476429611444473 0.4223572413126628 0.03624066337943077 0.4223572413126628 0.046107884496450424 0.42042823632558185 0.05149000138044357 0.43296682834625244 0.0586661696434021 0.44261189301808673 0.054181069135665894 0.45032791296641034 0.05149000138044357 0.45997297763824463 0.0479019358754158 0.47154708703358966 0.033549606800079346 0.4725115696589152 0.0227853711694479 0.47926310698191327 0.014712193980813026 0.4869791666666667 0.00125689001288265 0.4686535596847534
1 0.0009765625 0.7103976408640543 0.0009765625 0.690548817316691 0.0009765625 0.6834031740824381 0.0009765625 0.6754636764526367 0.0009765625 0.6675240993499756 0.0009765625 0.6667301654815674 0.0009765625 0.6786394913991293 0.0009765625 0.6897548039754232 0.0009765625 0.7056338787078857 0.0009765625 0.7119855086008707
1 0.0009765625 0.719131072362264 0.0009765625 0.688960870107015 0.0009765625 0.6706999142964681 0.0009765625 0.6595846017201742 0.003292689798399806 0.6564087867736816 0.014368696138262749 0.6508511304855347 0.03504391759634018 0.6500571568806967 0.04833511635661125 0.6548208793004354 0.05202712118625641 0.6691120465596517 0.060887932777404785 0.6818153063456217 0.05128872022032738 0.6953125 0.04168952628970146 0.7127794424692789 0.02913670800626278 0.7294524510701498 0.018060700967907906 0.7294524510701498 0.0010774866677820683 0.7278645833333334 0.0009765625 0.725482702255249
1 0.05642077699303627 0.6545767386754354 0.07285937666893005 0.6563442548116049 0.08875003457069397 0.6622360547383627 0.10628452897071838 0.6687169869740804 0.0898459255695343 0.6734304428100586 0.070667564868927 0.6769654750823975 0.06299622356891632 0.6775546868642172 0.055872827768325806 0.6681278546651205
1 0.14526937901973724 0.7528540293375651 0.17646118998527527 0.7377288341522217 0.18135403096675873 0.7252341111501058 0.1862468719482422 0.7127393881479899 0.19419774413108826 0.7114241123199463 0.19419774413108826 0.7048479715983073 0.20581822097301483 0.6936684449513754 0.1893048882484436 0.6798584461212158 0.18013082444667816 0.6772279739379883 0.16361752152442932 0.6792008876800537 0.16361752152442932 0.6831465562184652 0.16728712618350983 0.6930108070373535 0.1678987294435501 0.7009022235870361 0.15627825260162354 0.7061631679534912 0.15138542652130127 0.7107665538787842 0.15138542652130127 0.718000332514445 0.15322023630142212 0.7311526934305826 0.14771579205989838 0.7383864720662435 0.14098814129829407 0.7449626127878824 0.13915333151817322 0.7528540293375651
1 0.1464925855398178 0.7600878874460856 0.15994788706302643 0.752196470896403 0.17646118998527527 0.7482507228851318 0.181965634226799 0.7679793039957682 0.18318884074687958 0.7844196955362955 0.18685847520828247 0.79296875 0.17707280814647675 0.7982296943664551 0.161171093583107 0.8034906387329102 0.15138542652130127 0.804148276646932 0.14037653803825378 0.7962568600972494 0.14037653803825378 0.7857349713643392 0.13915333151817322 0.7771859169006348 0.14037653803825378 0.7692945003509521
1 0.0009765625 0.7502235571543375 0.0009765625 0.7403593063354492 0.0009765625 0.7265493869781494 0.0009765625 0.718000332514445 0.0009765625 0.7186579704284668 0.0009765625 0.718000332514445 0.0009765625 0.7147122224171957 0.0009765625 0.7101089159647623 0.0009765625 0.7258917490641276 0.0009765625 0.7416745821634928 0.0009765625 0.7502235571543375 0.0009765625 0.7581149737040201 0.0009765625 0.7653488318125407 0.0009765625 0.7706097761789957 0.0009765625 0.7627183596293131 0.0009765625 0.7554845015207926
1 0.0009765625 0.7745554447174072 0.0009765625 0.758772611618042 0.0009765625 0.74759308497111 0.0009765625 0.7298374176025391 0.0009765625 0.7272069454193115 0.0009765625 0.7318102518717448 0.00398872047662735 0.7337831656138102 0.02294846624135971 0.735755999883016 0.02967611886560917 0.7370711962381998 0.03212253004312515 0.7627183596293131 0.030899319797754288 0.7765282789866129 0.024783281609416008 0.7857349713643392 0.01805562898516655 0.7949415842692057 0.007658348884433508 0.8140125274658203 0.0021539065055549145 0.8278225262959799 0.0021539065055549145 0.8343986670176188 0.0009765625 0.83834441502889 0.0009765625 0.8363715012868246 0.0009765625 0.8278225262959799 0.0009765625 0.8238767782847086 0.0009765625 0.8219039440155029
1 0.008269953541457653 0.8297953605651855 0.014997605234384537 0.8120396931966146 0.02539488673210144 0.794283946355184 0.032734133303165436 0.786392609278361 0.04251981899142265 0.7857349713643392 0.055363498628139496 0.79296875 0.062091149389743805 0.8061211109161377 0.062091149389743805 0.8186158339182535 0.05230547487735748 0.8376867771148682 0.06270275264978409 0.8607033888498942 0.07126522064208984 0.8712252775828043 0.07004201412200928 0.8784590562184652 0.04741263762116432 0.8685948053995768 0.034568946808576584 0.8699100017547607 0.02784130536019802 0.8685948053995768 0.022336862981319427 0.8561000823974609 0.01560921035706997 0.83834441502889
1 0.0009765625 0.8535517851511637 0.0009765625 0.841796875 0.0009765625 0.8318503697713217 0.0009765625 0.8318503697713217 0.0009765625 0.8363715012868246 0.0009765625 0.841796875 0.0009765625 0.8490306536356608 0.0009765625 0.8562644322713217 0.0009765625 0.8589771588643392 0.0009765625 0.8625940481821696 0.0009765625 0.8625940481821696
1 0.0009765625 0.8607855637868246 0.0009765625 0.8634982903798422 0.0009765625 0.8707320690155029 0.0009765625 0.8897207578023275 0.0009765625 0.9078052838643392 0.0009765625 0.8797743320465088
1 0.024439247325062752 0.9041883945465088 0.03116689994931221 0.8960503737131754 0.034530725330114365 0.8797743320465088 0.038735516369342804 0.8770616054534912 0.04882698506116867 0.8779658476511637 0.06564610451459885 0.8833912213643392 0.07573757320642471 0.8879123528798422 0.08498810231685638 0.8996672630310059 0.09171576052904129 0.9123264153798422 0.09844338893890381 0.9276982148488363 0.09592052549123764 0.9313151041666666 0.08162426948547363 0.9358362356821696 0.06732801347970963 0.9385488828023275 0.06060035899281502 0.9430700143178304 0.05134984478354454 0.9457826614379883 0.038735516369342804 0.9466869036356608 0.03116689994931221 0.9304108619689941 0.026121165603399277 0.9222728411356608
1 0.556764543056488 0.5551577011744181 0.5836751461029053 0.5461154381434122 0.5929256081581116 0.5452112356821696 0.6105857491493225 0.5497323671976725 0.6290867924690247 0.5506365696589152 0.6467468738555908 0.5506365696589152 0.6585202217102051 0.5452112356821696 0.6652478575706482 0.5560619036356608 0.664406955242157 0.5641999244689941 0.661884069442749 0.584092895189921 0.6602022051811218 0.5931351184844971 0.6442239880561829 0.5931351184844971 0.6265639662742615 0.5895182291666666 0.6139495968818665 0.5877097845077515 0.6030171513557434 0.5922309160232544 0.5920847058296204 0.6039858261744181 0.5878799557685852 0.6121238470077515 0.5803113579750061 0.6166449785232544 0.5676969885826111 0.6130280494689941 0.5626512169837952 0.6057942708333334 0.5592873692512512 0.5813802083333334
1 0.5660151243209839 0.6265914440155029 0.5744246244430542 0.6220703125 0.5828341841697693 0.6293040911356608 0.5769475102424622 0.6410590410232544 0.5719017386436462 0.6410590410232544 0.5643331408500671 0.6365379095077515
1 0.5794703364372253 0.6501012643178304 0.5887209177017212 0.6365379095077515 0.6046990156173706 0.6419632434844971 0.6206772327423096 0.6537181536356608 0.6324505805969238 0.6654731035232544 0.6391782164573669 0.6772279739379883 0.6374963521957397 0.6871744791666666 0.6307686567306519 0.7007378737131754 0.6232000589370728 0.7088758945465088 0.6164724230766296 0.7161096731821696 0.6089038252830505 0.7179180781046549 0.6030171513557434 0.7224392096201578 0.5996533632278442 0.7269603411356608 0.5929256081581116 0.7251519362131754 0.5929256081581116 0.7088758945465088 0.5870389938354492 0.6889829635620117 0.5836751461029053 0.6808449427286783 0.5803113579750061 0.6672815481821696
1 0.5744246244430542 0.7369068463643392 0.5853570103645325 0.7314814726511637 0.5971304178237915 0.7360026041666666 0.5979713797569275 0.7459491093953451 0.5996533632278442 0.7595124244689941 0.5904027819633484 0.7531828880310059 0.5811523199081421 0.7495659987131754 0.5710607767105103 0.7495659987131754
1 0.6072219610214233 0.7332899570465088 0.6038581132888794 0.7486617565155029 0.6097447872161865 0.7649377981821696 0.6181543469429016 0.7730758190155029 0.6290867924690247 0.7821180820465088 0.638337254524231 0.7884476184844971 0.6526336073875427 0.7848307291666666 0.662725031375885 0.7794053554534912 0.6694526672363281 0.7640335559844971 0.674498438835144 0.7504701614379883 0.6770212650299072 0.7350983619689941 0.6787031888961792 0.7269603411356608 0.67533940076828 0.7152054309844971 0.6728164553642273 0.7061631679534912 0.6652478575706482 0.6953125 0.6551564335823059 0.6763238112131754 0.650951623916626 0.6618561744689941 0.6450649499893188 0.6636646588643392 0.6442239880561829 0.6727069218953451 0.6442239880561829 0.6907913684844971 0.6358144283294678 0.7034505208333334 0.6282458305358887 0.7152054309844971 0.6206772327423096 0.7242476940155029
1 0.6702936291694641 0.5732421875 0.6803851127624512 0.5759548743565878 0.6997271180152893 0.5904224713643392 0.7081366777420044 0.6003689368565878 0.7123414278030396 0.608506957689921 0.7056138515472412 0.6157407363255819 0.6997271180152893 0.6139322916666666 0.6879537105560303 0.6048900286356608 0.6761803030967712 0.5994646946589152 0.6694526672363281 0.5940393606821696 0.6660888195037842 0.586805542310079
1 0.1581512838602066 0.8363715012868246 0.16151511669158936 0.8255208333333334 0.1657198965549469 0.8128616809844971 0.1724475473165512 0.8074363072713217 0.18253903090953827 0.8056279023488363 0.18926666676998138 0.8065321445465088 0.1951533555984497 0.8191912968953451 0.20692676305770874 0.8246165911356608 0.21617726981639862 0.8282334804534912 0.2254277914762497 0.8327546119689941 0.2405650019645691 0.8481264114379883 0.24981550872325897 0.8616898059844971 0.25065648555755615 0.8707320690155029 0.25065648555755615 0.8824869791666666 0.25065648555755615 0.8897207578023275 0.23804211616516113 0.8969545364379883 0.22374588251113892 0.8987630208333334 0.20776769518852234 0.8987630208333334 0.19851717352867126 0.8987630208333334 0.19010764360427856 0.8960503737131754 0.18422093987464905 0.8779658476511637 0.17665232717990875 0.8671151796976725 0.17160658538341522 0.8526475429534912 0.1665608435869217 0.8445095221201578
1 0.08246522396802902 0.8806784947713217 0.09507957100868225 0.8770616054534912 0.10937583446502686 0.8689235846201578 0.1211492121219635 0.8616898059844971 0.13376355171203613 0.8562644322713217 0.14721886813640594 0.8472222487131754 0.15478746592998505 0.8454137643178304 0.16403798758983612 0.8562644322713217 0.16992467641830444 0.8680194218953451 0.17917519807815552 0.8879123528798422 0.1808571070432663 0.8960503737131754 0.17665232717990875 0.9041883945465088 0.15646937489509583 0.9159433046976725 0.14721886813640594 0.9213685989379883 0.13208165764808655 0.9267939726511637 0.12451304495334625 0.9276982148488363 0.10517103970050812 0.9276982148488363 0.09507957100868225 0.9032841523488363 0.08751096576452255 0.8897207578023275
1 0.22963257133960724 0.8273293177286783 0.2321554571390152 0.8128616809844971 0.24476978182792664 0.8038194179534912 0.25233837962150574 0.7920645078023275 0.2615889012813568 0.7956813971201578 0.2540203034877777 0.8101490338643392 0.25654318928718567 0.8273293177286783 0.25654318928718567 0.8472222487131754 0.24981550872325897 0.8490306536356608 0.2397240698337555 0.8372757434844971
1 0.0009765625 0.9674840768178304 0.0009765625 0.9521122773488363 0.0009765625 0.9385488828023275 0.0009765625 0.9286024570465088 0.0009765625 0.9195601940155029 0.0009765625 0.9258897304534912 0.0009765625 0.9304108619689941 0.0009765625 0.9403573671976725 0.0009765625 0.9512080351511637 0.0009765625 0.9692925612131754 0.0009765625 0.98828125 0.0009765625 0.9986979166666666 0.0009765625 0.9964192708333334 0.0009765625 0.9846643606821696 0.0009765625 0.9747178554534912 0.0009765625 0.9720052083333334
1 0.0009765625 0.9955150286356608 0.0009765625 0.9837601184844971 0.0009765625 0.9774305820465088 0.0009765625 0.9810474713643392 0.0009765625 0.9918981393178304 0.0009765625 0.9986979166666666 0.0009765625 0.9986979166666666
1 0.0009765625 0.9964192708333334 0.0009765625 0.9855686028798422 0.0009765625 0.9656756718953451 0.0009765625 0.9548249244689941 0.016029687598347664 0.9539206822713217 0.027803074568510056 0.9521122773488363 0.03621263429522514 0.9566334088643392 0.032848816365003586 0.9683883190155029 0.03032594546675682 0.9801432291666666 0.032848816365003586 0.9928023815155029 0.025280211120843887 0.9973235130310059
1 0.0009765625 0.9322193463643392 0.010142998769879341 0.9249855677286783 0.020234467461705208 0.9195601940155029 0.026121165603399277 0.9385488828023275 0.02948499098420143 0.9484953880310059 0.01771160587668419 0.9457826614379883 0.00930203590542078 0.9457826614379883 0.0017334294971078634 0.9457826614379883 0.0009765625 0.9421657721201578
1 0.05050889030098915 0.9955150286356608 0.05891845375299454 0.9828558762868246 0.06564610451459885 0.9729094505310059 0.07069184631109238 0.9810474713643392 0.0765785425901413 0.9909938971201578 0.084147147834301 0.9955150286356608 0.0745265930891037 0.9986979166666666 0.05723654478788376 0.9986979166666666
1 0.09171576052904129 0.9973235130310059 0.09844338893890381 0.9891854921976725 0.11105774343013763 0.9756220976511637 0.11610348522663116 0.9584418137868246 0.11862634867429733 0.9421657721201578 0.12199018150568008 0.9376446406046549 0.13039974868297577 0.9340277512868246 0.13965025544166565 0.9322193463643392 0.1581512838602066 0.9267939726511637 0.17749328911304474 0.9276982148488363 0.1884257048368454 0.9322193463643392 0.2018810361623764 0.9403573671976725 0.21113154292106628 0.9430700143178304 0.21113154292106628 0.9611545403798422 0.21617726981639862 0.9792389869689941 0.2178591787815094 0.9955150286356608 0.21197247505187988 0.9973235130310059 0.19094857573509216 0.9982277552286783 0.1573103368282318 0.9973235130310059 0.12619495391845703 0.9964192708333334 0.10853487998247147 0.9973235130310059
1 0.18590284883975983 0.9078052838643392 0.20776769518852234 0.9059967994689941 0.2405650019645691 0.9041883945465088 0.24897457659244537 0.9014756679534912 0.25065648555755615 0.9168475468953451 0.25149741768836975 0.9231770833333334 0.24140596389770508 0.9258897304534912 0.22290490567684174 0.9295066197713217 0.21533629298210144 0.9322193463643392 0.20356294512748718 0.9313151041666666 0.19263048470020294 0.9258897304534912 0.18253903090953827 0.9204644362131754
1 0.2178591787815094 0.9421657721201578 0.2388830929994583 0.9367404778798422 0.24981550872325897 0.9349319934844971 0.25233837962150574 0.9548249244689941 0.25233837962150574 0.9683883190155029 0.2321554571390152 0.9720052083333334 0.21870015561580658 0.9665798346201578 0.2170182466506958 0.9548249244689941
1 0.2599070072174072 0.9331235885620117 0.2767261266708374 0.9276982148488363 0.2918633222579956 0.9286024570465088 0.2994319498538971 0.9340277512868246 0.2994319498538971 0.9430700143178304 0.290181428194046 0.9575376510620117 0.2859766483306885 0.9611545403798422 0.26747560501098633 0.9620587031046549 0.25822508335113525 0.9548249244689941 0.25906601548194885 0.9421657721201578
1 0.25738412141799927 0.8616898059844971 0.27168038487434387 0.8526475429534912 0.2910223603248596 0.8454137643178304 0.30447766184806824 0.841796875 0.3221377432346344 0.8345630963643392 0.33475208282470703 0.8291377226511637 0.34232068061828613 0.8282334804534912 0.35325315594673157 0.8291377226511637 0.36166268587112427 0.8363715012868246 0.37007227540016174 0.8463180065155029 0.3658674955368042 0.8526475429534912 0.35577601194381714 0.8698278268178304 0.3448435664176941 0.8942418893178304 0.33475208282470703 0.8870081106821696 0.31877395510673523 0.8833912213643392 0.3086824417114258 0.8933376471201578 0.31036436557769775 0.9096136887868246 0.3078415095806122 0.9150390625 0.2977500259876251 0.9204644362131754 0.2851356863975525 0.9213685989379883 0.2683165371417999 0.9213685989379883 0.25822508335113525 0.9213685989379883 0.2557021975517273 0.8951461315155029 0.25738412141799927 0.8779658476511637
1 0.0009765625 0.5527712106704712 0.0009765625 0.5347549915313721 0.0009765625 0.5380306641260783 0.0009765625 0.5527712106704712
1 0.0009765625 0.565873940785726 0.0009765625 0.5593225955963135 0.0009765625 0.5585036675135294 0.0009765625 0.5609604120254517 0.007612190674990416 0.5601415236790975 0.00989705603569746 0.5724253257115682 0.0009765625 0.5789766709009806 0.0009765625 0.5847091277440389 0.0009765625 0.5928983290990194 0.0009765625 0.6002686023712158 0.0009765625 0.5830712715784708
1 0.0009765625 0.6019064585367838 0.0009765625 0.6117334763209025 0.015228396281599998 0.6182848612467448 0.03350730240345001 0.6191037893295288 0.05787915363907814 0.6174659331639608 0.05711754411458969 0.5978118578592936 0.04416998103260994 0.5937172571818033 0.02284461073577404 0.5920794010162354 0.006850572302937508 0.5888037284215292 0.0009765625 0.5920794010162354
1 0.34272533655166626 0.8181014060974121 0.34577178955078125 0.8017230033874512 0.3571961224079132 0.8017230033874512 0.3632890582084656 0.8033608595530192 0.3686204254627228 0.8123689492543539 0.3655739426612854 0.8221960067749023 0.36100420355796814 0.8262906074523926 0.35110315680503845 0.8197392622629801
1 0.3777598738670349 0.8099122047424316 0.3724285066127777 0.8000851472218832 0.38689929246902466 0.7837067445119222 0.39908525347709656 0.7771553993225098 0.415079265832901 0.7771553993225098 0.4219338595867157 0.7918959458669027 0.4318349361419678 0.7968095143636068 0.4242187440395355 0.8041797478993734 0.4166025221347809 0.8156446615854899 0.4067014455795288 0.8238338629404703 0.3960387706756592 0.8238338629404703 0.3846144676208496 0.8181014060974121
1 0.42650359869003296 0.7771553993225098 0.4356430470943451 0.7681473096211752 0.4478289783000946 0.7542256514231364 0.4592532813549042 0.7476742267608643 0.46610787510871887 0.7566823959350586 0.46077653765678406 0.7681473096211752 0.4478289783000946 0.7837067445119222 0.437166303396225 0.7886203130086263 0.42650359869003296 0.7878013451894125
1 0.0009765625 0.5093684593836466 0.0009765625 0.5036360025405884 0.0009765625 0.5019981463750204 0.0009765625 0.5273846785227457 0.0009765625 0.5208333333333334 0.0009765625 0.5257468620936075 0.0009765625 0.5273846785227457
1 0.32707250118255615 0.9968749682108561 0.3231973648071289 0.9833333492279053 0.3319164216518402 0.9729166825612386 0.3386978507041931 0.9593749841054281 0.3386978507041931 0.9520833492279053 0.35129204392433167 0.9562500317891439 0.3609798550605774 0.96875 0.37163645029067993 0.9833333492279053 0.38713693618774414 0.9864583015441895 0.4074813723564148 0.9875000317891439 0.4142628312110901 0.9875000317891439 0.4142628312110901 0.9986979166666666 0.38035547733306885 0.9968749682108561 0.3541983664035797 0.9979166984558105
1 0.3561359643936157 0.046875 0.4006998836994171 0.04791666567325592 0.4065125584602356 0.050000001986821495 0.4006998836994171 0.06770833333333333 0.392949640750885 0.07708333432674408 0.38132426142692566 0.06666666766007741 0.3677613139152527 0.06458333134651184 0.35032323002815247 0.06145833432674408 0.344510555267334 0.06145833432674408
1 0.4171691834926605 0.04791666567325592 0.41232526302337646 0.06666666766007741 0.43460723757743835 0.07083333532015483 0.45107653737068176 0.078125 0.47238972783088684 0.08749999602635701 0.4830463230609894 0.09270832935969035 0.4937029182910919 0.08541666467984517 0.513078510761261 0.08645833532015483 0.5276102423667908 0.08645833532015483 0.5402044653892517 0.08125000198682149 0.5460171103477478 0.07916666567325592 0.5469858646392822 0.06666666766007741 0.5353605151176453 0.053124999006589256 0.5208288431167603 0.04583333432674408 0.4840150773525238 0.046875 0.4530141055583954 0.046875 0.4317009150981903 0.04791666567325592
1 0.5256727337837219 0.09375 0.543110728263855 0.08645833532015483 0.5527985692024231 0.08749999602635701 0.5702366828918457 0.09583333134651184 0.574111819267273 0.10000000397364299 0.5692678689956665 0.11666666467984517 0.5663615465164185 0.13229166467984518 0.5644239783287048 0.13437499602635702 0.5460171103477478 0.1281250019868215 0.5295478701591492 0.12187499801317851 0.5256727337837219 0.10729166865348816
1 0.41833874583244324 0.002569901291280985 0.4063882827758789 0.016276041666666668 0.40081143379211426 0.02998218188683192 0.4063882827758789 0.03426535179217657 0.41196516156196594 0.04026178767283758 0.4366627037525177 0.03940515468517939 0.4621569812297821 0.04026178767283758 0.48924461007118225 0.04197505613168081 0.5027884244918823 0.04197505613168081 0.48685452342033386 0.02998218188683192 0.47809088230133057 0.013706140220165253 0.47171732783317566 0.00513980258256197 0.4581735134124756 0.003426535055041313
1 0.6058332920074463 0.3172706564267476 0.6088861227035522 0.2899159590403239 0.6190624237060547 0.2767857114473979 0.6445031762123108 0.2899159590403239 0.6679085493087769 0.3052345911661784 0.6577322483062744 0.3139880895614624 0.645520806312561 0.32711835702260333 0.6343268752098083 0.33368349075317383 0.6160095930099487 0.32492997248967487
1 0.524496853351593 0.0029818701247374215 0.5522291660308838 0.01789122199018796 0.5660952925682068 0.02882474660873413 0.573490560054779 0.0487038791179657 0.5882811546325684 0.05566157897313436 0.6141645908355713 0.059637402494748436 0.6317284107208252 0.06460718810558319 0.6437457203865051 0.06460718810558319 0.6622339487075806 0.06560114522775014 0.6807221174240112 0.07255884011586507 0.6908906698226929 0.07852258284886678 0.6936638355255127 0.06560114522775014 0.6899662613868713 0.05864344537258148 0.6687048077583313 0.0467159648736318 0.6529898643493652 0.026836832364400227 0.6566874980926514 0.0013020833333333333 0.6159225702285767 0.0036502849931518235 0.5786617398262024 0.0013020833333333333 0.5750392079353333 0.0013020833333333333
1 0.5548561811447144 0.0715366800626119 0.5641714334487915 0.06708511213461558 0.5755566954612732 0.061520655949910484 0.604537308216095 0.0659722238779068 0.6335179805755615 0.0715366800626119 0.6604285836219788 0.0748753547668457 0.6428331732749939 0.08600427707036336 0.6262727975845337 0.09156872828801473 0.614887535572052 0.09824607769648235 0.5983272194862366 0.08823005358378093 0.5765917301177979 0.08711716532707214
1 0.6055057048797607 0.14529685179392496 0.6112228035926819 0.13579667607943216 0.609143853187561 0.1262964904308319 0.6184990406036377 0.1201493243376414 0.6236963868141174 0.12797300020853677 0.627334475517273 0.141385018825531 0.6242161393165588 0.14641451835632324
1 0.6205779314041138 0.11232564846674602 0.6283739805221558 0.09947246313095093 0.6413673162460327 0.09276645382245381 0.6574789881706238 0.0843839446703593 0.6683933734893799 0.07767793039480846 0.6751499176025391 0.0793544352054596 0.6845051050186157 0.09220762054125468 0.6907418966293335 0.10729613900184631 0.6980180740356445 0.11623748143513997 0.7089324593544006 0.1201493243376414 0.7089324593544006 0.13691434264183044 0.7052943706512451 0.14976752797762552 0.702176034450531 0.16262070337931314 0.6839853525161743 0.16262070337931314 0.6637157201766968 0.162061870098114 0.6543605923652649 0.16429721315701803 0.6444856524467468 0.15926770369211832 0.6330515146255493 0.15647353728612265 0.6314923167228699 0.1408261756102244 0.6262950301170349 0.12517882386843363
1 0.717248260974884 0.12350232402483623 0.7338796854019165 0.12070815761884053 0.7458335161209106 0.12406115730603536 0.7687017917633057 0.1201493243376414 0.7759779691696167 0.11735514799753825 0.7842937707901001 0.12797300020853677 0.7879318594932556 0.14194385210673013 0.7822147607803345 0.15256169438362122 0.7702609300613403 0.16597371300061545 0.760386049747467 0.17547388871510824 0.7536295056343079 0.18106224139531454 0.7411559224128723 0.1749150554339091 0.7328401803970337 0.1793857216835022 0.7266033887863159 0.1866505742073059 0.7156890034675598 0.17770922183990479 0.7068535685539246 0.16988555590311685 0.7104917168617249 0.14864986141522726 0.7130903601646423 0.14026734232902527
1 0.7593465447425842 0.1877682407697042 0.7780569195747375 0.16317954659461975 0.7894910573959351 0.15032636125882468 0.7978067398071289 0.16150303681691489 0.8076817393302917 0.16373837987581888 0.8274315595626831 0.16597371300061545 0.8352275490760803 0.17100322246551514 0.8393853902816772 0.1749150554339091 0.844582736492157 0.19056240717569986 0.8492602705955505 0.20732742547988892 0.8482208251953125 0.22129827737808228 0.8404248952865601 0.22912196318308511 0.829510509967804 0.24309281508127847 0.8206750154495239 0.25035764773686725 0.8097606301307678 0.25706366697947186 0.7952080965042114 0.2626519997914632 0.786372721195221 0.2643284996350606 0.7811753153800964 0.25706366697947186 0.7759779691696167 0.23806329568227133 0.7707806825637817 0.21515111128489176 0.7640241980552673 0.19950375954310098
1 0.844582736492157 0.04861856003602346 0.8695299029350281 0.0910899539788564 0.8866810202598572 0.12685533364613852 0.8882402181625366 0.14194385210673013 0.8757666349411011 0.1559147040049235 0.8591352105140686 0.1654148797194163 0.8477010726928711 0.17156205574671426 0.8414643406867981 0.16820905605951944 0.8269118070602417 0.162061870098114 0.8097606301307678 0.1587088704109192 0.793648898601532 0.14473801851272583 0.7837740182876587 0.12070815761884053 0.778576672077179 0.11176680525143941 0.7983264923095703 0.1033842960993449 0.8133987784385681 0.09053112069765727 0.8284710049629211 0.081030935049057 0.8347077965736389 0.0665012498696645 0.8399051427841187 0.05253040293852488
1 0.6200581789016724 0.2011802593866984 0.6356502175331116 0.19335657358169556 0.6460448503494263 0.1866505742073059 0.6496829986572266 0.20341559251149496 0.6413673162460327 0.21515111128489176 0.6299331784248352 0.2257689634958903 0.6242161393165588 0.2123569448788961
1 0.3673502504825592 0.8343613147735596 0.37292709946632385 0.8189419110616049 0.3808940649032593 0.8275082111358643 0.3872676193714142 0.8352179527282715 0.39045438170433044 0.8437842528025309 0.3896577060222626 0.8540639082590739 0.37691056728363037 0.8600602944691976 0.37531715631484985 0.8463541666666666
1 0.6637209057807922 0.5413925250371298 0.6955887675285339 0.5276863972345988 0.7155060768127441 0.5208333333333334 0.7218796610832214 0.512266993522644 0.7338300943374634 0.5019873778025309 0.7441871166229248 0.4925644000371297 0.7537475228309631 0.4874246120452881 0.7577309012413025 0.4925644000371297 0.7641044855117798 0.5105537176132202 0.7704781293869019 0.5208333333333334 0.7816318273544312 0.5302563110987345 0.794378936290741 0.5311129490534464 0.7911921143531799 0.5533854166666666 0.7959723472595215 0.5705180962880453 0.8063293695449829 0.5850808620452881 0.8023459315299988 0.5936472018559774 0.794378936290741 0.6047834555308024 0.762511134147644 0.5970737536748251 0.7402036786079407 0.5867941379547119 0.726659893989563 0.5816543499628702 0.7131159901618958 0.5799410740534464 0.6987754702568054 0.5833675861358643 0.6860283613204956 0.5748012463251749 0.676468014717102 0.5636650323867798 0.6708911657333374 0.549102266629537
1 0.5466066598892212 0.48999452590942383 0.5657273530960083 0.48057154814402264 0.5800678730010986 0.4702919324239095 0.5848480463027954 0.46258223056793213 0.5880348682403564 0.4497327407201131 0.6023753881454468 0.4582990805308024 0.6151224970817566 0.46857865651448566 0.6230894327163696 0.4831414620081584 0.6111389994621277 0.48656797409057617 0.6015786528587341 0.49599095185597736 0.5888315439224243 0.5037006537119547 0.5768810510635376 0.5079838434855143 0.5641339421272278 0.512266993522644 0.5537769198417664 0.5148369073867798 0.5497934222221375 0.5062705675760905
1 0.6270729303359985 0.34008359909057617 0.6477870345115662 0.33408717314402264 0.6700944304466248 0.3152412374814351 0.6876217722892761 0.30667489767074585 0.7099292874336243 0.30581825971603394 0.7210829854011536 0.3023917277654012 0.7354235053062439 0.30753151575724286 0.7258631587028503 0.3212376634279887 0.7139126658439636 0.34950657685597736 0.7019622921943665 0.36492598056793213 0.6939953565597534 0.38377193609873456 0.6812482476234436 0.3949081500371297 0.660534143447876 0.40261789162953693 0.6414133906364441 0.4111841917037964 0.6246827840805054 0.42746023337046307 0.6103423237800598 0.428316871325175 0.5960018038749695 0.4188939332962036 0.614325761795044 0.40347448984781903 0.622292697429657 0.3717790444691976 0.625479519367218 0.3520764907201131
1 0.7378135919570923 0.3195243875185649 0.75135737657547 0.3126713236172994 0.7680879831314087 0.31695449352264404 0.7816318273544312 0.3203810254732768 0.7816318273544312 0.33494381109873456 0.7848186492919922 0.352933128674825 0.7800384163856506 0.36149946848551434 0.7680879831314087 0.36749589443206787 0.7537475228309631 0.3589295546213786 0.7362201809883118 0.3469366629918416 0.728253185749054 0.34008359909057617
1 0.6740779280662537 0.658751368522644 0.6852316856384277 0.6399054129918417 0.6987754702568054 0.6270559231440226 0.7099292874336243 0.621916135152181 0.719489574432373 0.6167763074239095 0.7290499210357666 0.6150630315144857 0.7402036786079407 0.6304824749628702 0.7497640252113342 0.6390487750371298 0.75135737657547 0.6536115805308024 0.731440007686615 0.6673177083333334 0.7202862501144409 0.6904468536376953 0.7155060768127441 0.6990131537119547 0.6955887675285339 0.6810238361358643 0.680451512336731 0.6681743462880453
1 0.754544198513031 0.6638911565144857 0.7672913074493408 0.6459018786748251 0.7800384163856506 0.6364789009094238 0.7967690229415894 0.6416186889012655 0.8119062185287476 0.6536115805308024 0.8198731541633606 0.6656044324239095 0.8127029538154602 0.6741708119710287 0.8015492558479309 0.6861636638641357 0.7903954386711121 0.6904468536376953 0.7649012207984924 0.6758840084075928
1 0.7186928987503052 0.70586625734965 0.7298465967178345 0.6878769397735596 0.7394070029258728 0.6758840084075928 0.7529507875442505 0.6733141740163168 0.766494631767273 0.6904468536376953 0.7776483297348022 0.6955866018931071 0.7776483297348022 0.70586625734965 0.7617143988609314 0.7255687713623047 0.7521541118621826 0.7349917888641357 0.7354235053062439 0.7229989369710287
1 0.7489672899246216 0.7435580889383951 0.762511134147644 0.7349917888641357 0.7720714807510376 0.7238555749257406 0.7856153249740601 0.7144325574239095 0.8023459315299988 0.7281386852264404 0.8190764784812927 0.7332785129547119 0.8238566517829895 0.7418448130289713 0.822263240814209 0.75897749265035 0.8134996294975281 0.7743968963623047 0.8055326342582703 0.7863898277282715 0.7959723472595215 0.7846765518188477 0.7760549187660217 0.7795367240905762 0.7688847184181213 0.7649739583333334 0.7585276365280151 0.7512678305308024
1 0.6294630169868469 0.8180852731068929 0.6390233039855957 0.7983826796213785 0.6669076681137085 0.7932428518931071 0.6756713390350342 0.8043791453043619 0.6716878414154053 0.8249382972717285 0.6692977547645569 0.8369312286376953 0.645396888256073 0.8317914009094238 0.6342431902885437 0.830078125
1 0.6796548366546631 0.8360745906829834 0.6796548366546631 0.8086622556050619 0.676468014717102 0.7923862139383951 0.691605269908905 0.7872464656829834 0.7131159901618958 0.78125 0.7298465967178345 0.7778234481811523 0.7378135919570923 0.7821066379547119 0.75135737657547 0.7923862139383951 0.759324312210083 0.8086622556050619 0.762511134147644 0.830078125 0.7609177231788635 0.8377878665924072 0.75135737657547 0.85235063234965 0.7410003542900085 0.8677700360616049 0.7274565100669861 0.8686266740163168 0.7091325521469116 0.8686266740163168 0.6955887675285339 0.8652001221974691 0.6820448637008667 0.8489240805308024
1 0.3522130250930786 0.90117875734965 0.3649601340293884 0.8720531463623047 0.38567420840263367 0.8694833119710287 0.39284446835517883 0.8823328018188477 0.3960312604904175 0.9020353953043619 0.38806429505348206 0.9260210990905762 0.3705369830131531 0.9174547990163168
1 0.3952345550060272 0.9371573130289713 0.4087783694267273 0.9551466306050619 0.41833874583244324 0.9619997342427572 0.43347594141960144 0.9508635203043619 0.4581735134124756 0.9457236925760905 0.4900412857532501 0.9422971407572428 0.5091620087623596 0.9345874786376953 0.5298761129379272 0.9251644611358643 0.5378430485725403 0.9183114369710287 0.5418265461921692 0.8986088434855143 0.5537769198417664 0.8891858259836832 0.5633372664451599 0.8840460777282715 0.5593538284301758 0.8720531463623047 0.5466066598892212 0.8746230602264404 0.5298761129379272 0.8686266740163168 0.5266892910003662 0.8592036565144857 0.5179256200790405 0.8652001221974691 0.5211124420166016 0.8754796981811523 0.5242992043495178 0.8857593536376953 0.5075685977935791 0.8883291880289713 0.49960166215896606 0.8823328018188477 0.4900412857532501 0.8763363361358643 0.4820743501186371 0.8814761638641357 0.46136027574539185 0.8883291880289713 0.45259660482406616 0.8891858259836832 0.43745940923690796 0.8840460777282715 0.42471230030059814 0.8669133981068929 0.41435524821281433 0.8454975287119547 0.41594862937927246 0.8257949352264404 0.40081143379211426 0.8326480388641357 0.400014728307724 0.8506373564402262 0.400014728307724 0.8592036565144857 0.39921802282333374 0.8703399499257406 0.40160810947418213 0.8831894397735596 0.40160810947418213 0.9140282471974691 0.400014728307724 0.9251644611358643
1 0.49322810769081116 0.9534333546956381 0.5378430485725403 0.9303042888641357 0.5529802441596985 0.9414405028025309 0.5728976726531982 0.9585731824239095 0.574491024017334 0.9705660343170166 0.5649306774139404 0.9834156036376953 0.551386833190918 0.9928385416666666 0.5434198975563049 0.9979783693949381 0.5306727290153503 0.9885553518931071 0.5219091176986694 0.9765625 0.5099586844444275 0.9688527584075928 0.4948214888572693 0.9671395619710287 0.4844644367694855 0.9671395619710287
1 0.5505901575088501 0.9234511852264404 0.5649306774139404 0.9003221193949381 0.5736943483352661 0.8900424639383951 0.5999853014945984 0.8866159915924072 0.6167159080505371 0.8806195259094238 0.6342431902885437 0.8908991018931071 0.6525671482086182 0.9080317815144857 0.6629242300987244 0.9183114369710287 0.6653143167495728 0.9303042888641357 0.6613308191299438 0.9440104166666666 0.648583710193634 0.9440104166666666 0.6358366012573242 0.9585731824239095 0.6334465146064758 0.9739925861358643 0.6199026703834534 0.9679961999257406 0.6087489128112793 0.9619997342427572 0.5888315439224243 0.9611430962880453 0.5792711973190308 0.95428999265035 0.5673207640647888 0.9414405028025309 0.5561670660972595 0.9337308406829834
1 0.617512583732605 0.8703399499257406 0.6278696060180664 0.85235063234965 0.6374298930168152 0.8437842528025309 0.6549572348594666 0.8420709768931071 0.6740779280662537 0.8489240805308024 0.6900118589401245 0.8686266740163168 0.6971820592880249 0.8797628879547119 0.6820448637008667 0.8926123778025309 0.6661109924316406 0.9037485917409261 0.660534143447876 0.90546186765035 0.648583710193634 0.8960389296213785 0.6334465146064758 0.8840460777282715
1 0.7553408741950989 0.8634868462880453 0.759324312210083 0.8506373564402262 0.7744615077972412 0.8454975287119547 0.7935822606086731 0.8540639082590739 0.8071260452270508 0.8626302083333334 0.8134996294975281 0.8746230602264404 0.8150930404663086 0.8857593536376953 0.7959723472595215 0.8754796981811523 0.7800384163856506 0.8814761638641357 0.7617143988609314 0.8720531463623047
1 0.8270434737205505 0.9020353953043619 0.8493508696556091 0.8968955675760905 0.8700649738311768 0.8934690157572428 0.8732517957687378 0.9114583333333334 0.8636913895606995 0.9234511852264404 0.8358070850372314 0.9268777370452881 0.8294335603713989 0.9243078231811523 0.8230599761009216 0.9165981610616049
1 0.8063293695449829 0.0013020833333333333 0.8944007158279419 0.001863532078762849 0.879957914352417 0.012614678591489792 0.8666260838508606 0.02217125395933787 0.8521832227706909 0.02575496832529704 0.839962363243103 0.019782109806934994 0.8166316151618958 0.009030963604648909
1 0.9166204929351807 0.001863532078762849 0.9366183280944824 0.02575496832529704 0.9532831311225891 0.04008983075618744 0.9766138792037964 0.05561926464239756 0.983279824256897 0.06517584125200908 0.9977226257324219 0.04486812154452006 1.0 0.02814411371946335 0.9977226257324219 0.020976682504018147 0.983279824256897 0.00783639152844747 0.9766138792037964 0.001863532078762849 0.9555050730705261 0.00305810384452343
1 0.9910566806793213 0.07234326998392741 1.0 0.05323012173175812 1.0 0.04247897366682688 1.0 0.031727828085422516 1.0 0.04128440469503403 1.0 0.05920298397541046 1.0 0.06875955561796825 1.0 0.10340213775634766 1.0 0.11893157164255778 1.0 0.12012614806493123 1.0 0.12729357679684958 1.0 0.10818042357762654 1.0 0.08787270387013753
1 0.8166316151618958 0.357845942179362 0.8266305327415466 0.36381880442301434 0.8455172777175903 0.35665138562520343 0.8577381372451782 0.35545678933461505 0.8632931113243103 0.34112195173899335 0.8621821403503418 0.3267870744069417 0.8566271662712097 0.31961965560913086 0.837740421295166 0.3267870744069417 0.8244084715843201 0.3339544932047526
1 0.87773597240448 0.3232033650080363 0.899955689907074 0.32917622725168866 0.9110655784606934 0.34351110458374023 0.9299523830413818 0.35545678933461505 0.9343963265419006 0.3626242478688558 0.9288413524627686 0.3781536817550659 0.9099546074867249 0.39726682504018146 0.9043996334075928 0.4008505344390869 0.8899568319320679 0.3889048099517822 0.882179856300354 0.3733753760655721 0.8732920289039612 0.3626242478688558 0.8721810579299927 0.3494839270909627 0.8721810579299927 0.3363436460494995
1 0.8055217266082764 0.8464258511861166 0.8132985830307007 0.8344801266988119 0.8210755586624146 0.8153669834136963 0.8255194425582886 0.7926700909932455 0.8432953357696533 0.7962538401285807 0.8632931113243103 0.8081995646158854 0.882179856300354 0.8177560965220133 0.8899568319320679 0.8249235153198242 0.8788469433784485 0.8500095208485922 0.8744029998779297 0.8679281075795492 0.8688480257987976 0.8810683886210123 0.8577381372451782 0.8870412508646647 0.837740421295166 0.8870412508646647 0.8232975006103516 0.888235886891683 0.8188535571098328 0.8679281075795492
1 0.8142118453979492 0.7870501677195231 0.8197162747383118 0.7722537517547607 0.8298077583312988 0.757457415262858 0.8298077583312988 0.7367424170176188 0.850908100605011 0.752525250116984 0.8655865788459778 0.7653488318125407 0.883934736251831 0.7791587511698405 0.883934736251831 0.7870501677195231 0.8793476819992065 0.8077651659647623 0.860999584197998 0.7969144185384115 0.838064432144165 0.7900094985961914 0.8233858942985535 0.788036584854126
1 0.8876043558120728 0.8048058350880941 0.8931088447570801 0.7761994997660319 0.895861029624939 0.7643623352050781 0.9123743176460266 0.7485795815785726 0.9206310510635376 0.74068816502889 0.9408139586448669 0.7466066678365072 0.9518228769302368 0.7495659987131754 0.9674187898635864 0.7653488318125407 0.9720057845115662 0.770280917485555 0.960079550743103 0.7890230814615885 0.9454010128974915 0.8057923316955566 0.9343920946121216 0.8225615819295248 0.9233832359313965 0.833412249883016 0.905952513217926 0.8235479990641276
1 0.8784303069114685 0.8738557497660319 0.8866869807243347 0.850181500116984 0.8976958990097046 0.8393308321634928 0.9362269639968872 0.8472222487131754 0.9472358226776123 0.8590593338012695 0.9701709747314453 0.8797743320465088 0.9784276485443115 0.8886521657307943 0.9665013551712036 0.895557165145874 0.9490706324577332 0.8985164165496826 0.9362269639968872 0.9024620850880941 0.9151265621185303 0.9113399982452393 0.9032002687454224 0.9192314147949219 0.8949435949325562 0.9202178319295248 0.883017361164093 0.9113399982452393 0.8802651166915894 0.8916114171346029
1 0.8398992419242859 0.93600066502889 0.8720084428787231 0.9300820827484131 0.8894391655921936 0.9320549170176188 0.8912740349769592 0.9458649158477783 0.8940262198448181 0.9774305820465088 0.8940262198448181 0.9961726665496826 0.8701736330986023 0.9981455008188883 0.8537337183952332 0.9986979166666666 0.837147057056427 0.9941998322804769 0.8463211059570312 0.9774305820465088 0.850908100605011 0.9606613318125407
1 0.8197162747383118 0.3944523334503174 0.8343947529792786 0.3697916666666667 0.8536603450775146 0.3658459583918254 0.8665040135383606 0.3697916666666667 0.8857695460319519 0.39741162459055585 0.8940262198448181 0.40333016713460285 0.9013654589653015 0.4102351665496826 0.9068699479103088 0.420099417368571 0.8931088447570801 0.4210858742396037 0.8784303069114685 0.4191130002339681 0.8646692037582397 0.430950125058492 0.851825475692749 0.44377366701761883 0.8444862961769104 0.453637957572937 0.8316425681114197 0.4526515007019043 0.8197162747383118 0.44673295815785724 0.8233858942985535 0.4191130002339681
1 0.8536603450775146 0.5266335407892863 0.860999584197998 0.5049321254094442 0.8701736330986023 0.4921085834503174 0.8848521709442139 0.48421716690063477 0.9077873229980469 0.4782986243565877 0.9261354207992554 0.4792850414911906 0.9261354207992554 0.49309500058492023 0.9224658608436584 0.5069049994150797 0.9206310510635376 0.5177556673685709 0.9032002687454224 0.5315656661987305 0.8747606873512268 0.5335385004679362
1 0.9885191321372986 0.890625 1.0 0.885692834854126 1.0 0.8827335834503174 1.0 0.8945706685384115 1.0 0.9073942502339681 1.0 0.9103535016377767 1.0 0.9221906661987305 1.0 0.9340277512868246 1.0 0.9379734992980957 1.0 0.9369870821634928 0.9921887516975403 0.9182449181874593 0.9903539419174194 0.9024620850880941
1 1.0 0.7446338335673014 1.0 0.7278645833333334 1.0 0.7298374176025391 1.0 0.7446338335673014 1.0 0.7447850704193115 1.0 0.7909959157307943 1.0 0.797900915145874 1.0 0.8038194179534912 1.0 0.8136837482452393 1.0 0.8205886681874593 1.0 0.8265072504679362 1.0 0.8235479990641276 1.0 0.8126972516377767 1.0 0.8018465836842855 1.0 0.7811316649119059 1.0 0.7673216660817465
1 0.9004480838775635 0.9369870821634928 0.918796181678772 0.9547427495320638 0.9334747195243835 0.9685527483622233 0.9463183879852295 0.9784169991811117 0.9554924368858337 0.9872948328653971 0.9389791488647461 0.9902540842692057 0.91971355676651 0.9951862494150797 0.9068699479103088 0.9971590836842855 0.9032002687454224 0.9734848340352377 0.8986132740974426 0.9537563323974609
1 0.8573299050331116 0.5384706258773804 0.8747606873512268 0.540443499883016 0.8903566002845764 0.5424163341522217 0.8976958990097046 0.5434027910232544 0.8949435949325562 0.5700362920761108 0.8949435949325562 0.5848327080408732 0.883934736251831 0.5858191251754761 0.8665040135383606 0.574968417485555 0.8573299050331116 0.5641177495320638
1 0.9068699479103088 0.5394570827484131 0.9215484261512756 0.5315656661987305 0.9288877248764038 0.5256470839182535 0.9380617737770081 0.5374842087427775 0.9389791488647461 0.5522806247075399 0.9353095889091492 0.5710227092107137 0.9298050999641418 0.5818734169006348 0.91971355676651 0.5848327080408732 0.9077873229980469 0.5877919991811117 0.905952513217926 0.5690498749415079 0.905035138130188 0.551294207572937
1 0.8765954971313477 0.5927241245905558 0.9077873229980469 0.5956834157307943 0.9298050999641418 0.591737707455953 0.9499880075454712 0.6006155411402384 0.9665013551712036 0.6124526659647623 0.9738406538963318 0.6213304996490479 0.9619143009185791 0.6479640007019043 0.9499880075454712 0.6785432497660319 0.9380617737770081 0.6933396657307943 0.9270528554916382 0.7071495850880941 0.9160439968109131 0.7249053319295248 0.9105395078659058 0.7278645833333334 0.8986132740974426 0.7130681673685709 0.8912740349769592 0.6884075005849203 0.8912740349769592 0.6637468338012695 0.8931088447570801 0.6450047492980957 0.8820998668670654 0.6450047492980957 0.8756781220436096 0.644018292427063 0.883017361164093 0.6302083333333334 0.8811824917793274 0.6144255002339681 0.873843252658844 0.6025883754094442
1 0.8564125299453735 0.035392992198467255 0.8784303069114685 0.024542296926180523 0.8976958990097046 0.014678029964367548 0.9123743176460266 0.009745896483461062 0.9316399097442627 0.026515151063601177 0.9380617737770081 0.051175822814305626 0.9435662031173706 0.07583648959795634 0.9408139586448669 0.09655144810676575 0.9463183879852295 0.109375 0.9536576867103577 0.11923927068710327 0.9499880075454712 0.13403566678365073 0.9353095889091492 0.1508049269517263 0.9298050999641418 0.15968276063601175 0.9087047576904297 0.15376420815785727 0.8912740349769592 0.15277778108914694 0.8986132740974426 0.13502209385236105 0.8894391655921936 0.109375 0.8765954971313477 0.0886600414911906 0.8665040135383606 0.06695865094661713 0.8564125299453735 0.051175822814305626
1 0.8527429699897766 0.1813841462135315 0.8701736330986023 0.16658775011698404 0.8894391655921936 0.1616556147734324 0.9041176438331604 0.16461489597956339 0.9224658608436584 0.1695470412572225 0.9288877248764038 0.18335700035095215 0.9343920946121216 0.20111268758773804 0.9325572848320007 0.21788193782170615 0.9261354207992554 0.22774620850880942 0.9151265621185303 0.21886837482452393 0.896778404712677 0.21492266654968262 0.8710910677909851 0.21294981241226196 0.8554951548576355 0.21196337540944418 0.8545777201652527 0.1981534163157145
1 0.9408139586448669 0.2287326455116272 0.9683361649513245 0.22774620850880942 0.9775102138519287 0.21689552068710327 0.9949409365653992 0.22675979137420654 1.0 0.23366477092107138 1.0 0.2504340211550395 1.0 0.2573390205701192 0.9876016974449158 0.2622711459795634 0.9674187898635864 0.26325758298238117 0.9509055018424988 0.26325758298238117 0.9398965239524841 0.2583254377047221 0.9334747195243835 0.2504340211550395 0.9307224750518799 0.23859691619873047
1 0.9509055018424988 0.27410827080408734 0.9738406538963318 0.2721354166666667 0.9940235614776611 0.27016256252924603 1.0 0.2721354166666667 1.0 0.2967960834503174 1.0 0.3086332082748413 0.9949409365653992 0.3125789165496826 0.9729231595993042 0.30271464586257935 0.9499880075454712 0.29975537459055585 0.9408139586448669 0.2928503751754761
1 1.0 0.22577335437138876 1.0 0.20604483286539713 1.0 0.1892755627632141 1.0 0.17941129207611084 1.0 0.17447916666666666 1.0 0.17546558380126953 1.0 0.18434343735376993 1.0 0.20604483286539713 1.0 0.2247869372367859 1.0 0.23169191678365073 1.0 0.24944760402043661 1.0 0.25635258356730145 1.0 0.2612847288449605 1.0 0.2583254377047221 1.0 0.2455018957455953
1 1.0 0.26917614539464313 1.0 0.2681897083918254 1.0 0.26917614539464313 1.0 0.2800268332163493 1.0 0.3017282287279765 1.0 0.31751104195912677 1.0 0.3254024585088094 1.0 0.3254024585088094 1.0 0.3155381878217061 1.0 0.30961962540944415 1.0 0.2898911039034526
1 0.9435662031173706 0.35006312529246014 0.9683361649513245 0.35006312529246014 0.9802623987197876 0.3441445827484131 0.9848495125770569 0.3263888955116272 0.9912713766098022 0.31751104195912677 1.0 0.31751104195912677 1.0 0.32047033309936523 1.0 0.3441445827484131 1.0 0.3599274158477783 1.0 0.3717645009358724 0.9931061267852783 0.3816287914911906 0.9876016974449158 0.3855744997660319 0.9701709747314453 0.3766966660817464 0.9527402520179749 0.37077808380126953 0.9435662031173706 0.36781883239746094
1 0.9426487684249878 0.37866950035095215 0.9628317356109619 0.3806423743565877 0.9747580289840698 0.3885337909062703 0.986684262752533 0.39741162459055585 0.9931061267852783 0.40530304114023846 0.9931061267852783 0.4131944576899211 0.9793450236320496 0.4230587085088094 0.9655839800834656 0.43390941619873047 0.9554924368858337 0.44377366701761883 0.9435662031173706 0.4418008327484131 0.9252180457115173 0.4289772907892863 0.9160439968109131 0.4210858742396037 0.918796181678772 0.40135733286539715 0.9307224750518799 0.38952020804087323
1 0.9077873229980469 0.4289772907892863 0.9261354207992554 0.4358822504679362 0.9426487684249878 0.45067866643269855 0.941731333732605 0.46152937412261963 0.9353095889091492 0.4733664592107137 0.918796181678772 0.47238004207611084 0.905952513217926 0.46843433380126953 0.9123743176460266 0.453637957572937 0.9096221327781677 0.44081437587738037
1 0.9756754636764526 0.44081437587738037 0.9958584308624268 0.4270044167836507 1.0 0.420099417368571 1.0 0.4210858742396037 1.0 0.4230587085088094 1.0 0.4378551244735718 1.0 0.453637957572937 1.0 0.4694207509358724 1.0 0.47238004207611084 0.986684262752533 0.46547508239746094 0.9683361649513245 0.45561079184214276
1 1.0 0.407233198483785 1.0 0.39195366700490314 1.0 0.3859746853510539 1.0 0.3806600570678711 1.0 0.38265307744344074 1.0 0.39195366700490314 1.0 0.41188351313273114 1.0 0.4311490058898926 1.0 0.4371279875437419 1.0 0.4377923011779785 1.0 0.4364636341730754 1.0 0.427163044611613 1.0 0.4138764937718709
1 1.0 0.40191857020060223 1.0 0.4225127696990967 1.0 0.43447065353393555 1.0 0.4563934803009033 1.0 0.47034438451131183 1.0 0.4564443826675415 1.0 0.4407949447631836
1 0.9370602965354919 0.4894549449284871 0.9336491227149963 0.48211928208669025 0.9472939968109131 0.4692818323771159 0.9498523473739624 0.4601122538248698 0.9532635807991028 0.4564443826675415 0.9643499255180359 0.46286312739054364 0.9771419763565063 0.4701987902323405 0.9950507879257202 0.4766175349553426 1.0 0.48211928208669025 1.0 0.49587368965148926 1.0 0.5132959286371866 1.0 0.5215485493342081 0.9831116199493408 0.524299422899882 0.9737308025360107 0.5298012097676595 0.9617915749549866 0.512378970781962 0.9438827633857727 0.4977076053619385
1 1.0 0.5105450550715128 1.0 0.48303623994191486 1.0 0.47203270594278973 1.0 0.4564443826675415 1.0 0.4463578462600708 1.0 0.4463578462600708 1.0 0.4472748041152954 1.0 0.46469704310099286 1.0 0.47386662165323895 1.0 0.4867040713628133 1.0 0.5050432682037354 1.0 0.5151298443476359 1.0 0.5307181676228842 1.0 0.5389707883199056 1.0 0.5426386594772339 1.0 0.5353029568990072 1.0 0.524299422899882
1 0.9797003865242004 0.5362199147542318 0.989933967590332 0.5325520833333334 1.0 0.5288842519124349 1.0 0.5252164204915365 1.0 0.533469041188558 1.0 0.5408047437667847 1.0 0.5435556173324585 1.0 0.5573100248972574 1.0 0.5719813505808512 1.0 0.5784000953038534 1.0 0.5857357581456503 0.9993147850036621 0.5912375450134277 0.9907867908477783 0.5692304770151774 0.9839643836021423 0.5609778563181559
1 1.0 0.5897177457809448 1.0 0.6081989208857218 1.0 0.6233199040095011 1.0 0.6443212429682413 1.0 0.6670026779174805 1.0 0.6880040168762207 1.0 0.6922043164571127 1.0 0.6863239606221517 1.0 0.6812836329142252 1.0 0.6812836329142252 1.0 0.6586021582285563 1.0 0.6502015988032023 1.0 0.637600819269816 1.0 0.6300403277079264 1.0 0.620799740155538 1.0 0.6031585931777954 1.0 0.5964381694793701
1 1.0 0.6392809152603149 1.0 0.6527217626571655 1.0 0.6653225819269816 1.0 0.6829636891682943 1.0 0.6930443445841471 1.0 0.698924700419108 1.0 0.7081653277079264 1.0 0.7106854915618896 1.0 0.7022849718729655 1.0 0.6888441244761149 1.0 0.6685148080190023
1 1.0 0.7056451638539633 1.0 0.6964045365651449 1.0 0.7014448642730713 1.0 0.7132056554158529 1.0 0.721606175104777 1.0 0.7333669662475586 1.0 0.7392473220825195 1.0 0.7426075140635172 1.0 0.7241263389587402
1 1.0 0.519993265469869 1.0 0.546875 1.0 0.5703965028127035 1.0 0.5838373502095541 1.0 0.5905578136444092 1.0 0.5846774180730184 1.0 0.5687164068222046 1.0 0.5535954236984253 1.0 0.5552755196889242 1.0 0.5703965028127035 1.0 0.5829973220825195 1.0 0.5964381694793701 1.0 0.6081989208857218 1.0 0.6140793164571127 1.0 0.625 1.0 0.629200259844462 1.0 0.6266800959904989 1.0 0.6308803955713908 1.0 0.5989583333333334 1.0 0.5699092547098795 1.0 0.5309139887491862
