0 0.0009765625 0.0013020833333333333 0.020535193383693695 0.0013020833333333333 0.03011828288435936 0.0013020833333333333 0.032399971038103104 0.0013020833333333333 0.020991530269384384 0.005609910935163498 0.015515479259192944 0.011085962255795797 0.012321115471422672 0.029947916666666668 0.007757739629596472 0.04150847097237905 0.001825350453145802 0.0475929727156957 0.0009765625 0.030556365847587585 0.001369012868963182 0.008043711384137472 0.0009765625 0.0013020833333333333
0 0.001825350453145802 0.054285923639933266 0.012321115471422672 0.05915352205435435 0.017797166481614113 0.06402112543582916 0.020078854635357857 0.07436478137969971 0.019622517749667168 0.08349153399467468 0.017340829595923424 0.09261828660964966 0.016428153961896896 0.09991968671480815 0.016428153961896896 0.11087179183959961 0.016884492710232735 0.12669149041175842 0.020078854635357857 0.1376435955365499 0.020991530269384384 0.14494499564170837 0.01916617900133133 0.15042104323705038 0.010039427317678928 0.15346330404281616 0.002738025737926364 0.15528865655263266 0.001825350453145802 0.0816661814848582
0 0.01974969170987606 0.05249451597531637 0.024889493361115456 0.02850877245267232 0.03388414904475212 0.01308936377366384 0.045448705554008484 0.0036663922170797982 0.066650390625 0.0013020833333333333 0.0737176164984703 0.0013020833333333333 0.07757247239351273 0.0028097592294216156 0.0737176164984703 0.00880619635184606 0.066650390625 0.016515898207823437 0.061510588973760605 0.02593887100617091 0.05637078359723091 0.03364857534567515 0.05058850720524788 0.03964501122633616 0.047376129776239395 0.04735471308231354 0.04416375234723091 0.06191748877366384 0.04030890390276909 0.07562363147735596 0.03838147595524788 0.08247669537862141 0.027459396049380302 0.08418997128804524 0.02617444470524788 0.0739103655020396 0.022962069138884544 0.061060855786005654
0 0.0009765625 0.45632684230804443 0.013719902373850346 0.4477885961532593 0.024926356971263885 0.45419228076934814 0.03133004531264305 0.468066930770874 0.02252497524023056 0.4798070192337036 0.011318519711494446 0.48300886154174805 0.0009765625 0.4877249399820964 0.0009765625 0.4702014923095703
0 0.0553438775241375 0.38695355256398517 0.07055263966321945 0.37201162179311115 0.07775678485631943 0.35066596666971844 0.08416047692298889 0.33679131666819256 0.09856877475976944 0.33145491282145184 0.12018122524023056 0.3325221935908 0.13939228653907776 0.3453295628229777 0.16660796105861664 0.3538678089777629 0.17541304230690002 0.3613388140996297 0.17941534519195557 0.385886271794637 0.18101626634597778 0.40082820256551105 0.16180519759655 0.4115010102589925 0.14819736778736115 0.41790469487508136 0.1425941288471222 0.41256829102834064 0.13859182596206665 0.3976263602574666 0.12818583846092224 0.39655907948811847 0.11777984350919724 0.40082820256551105 0.10257107764482498 0.40296276410420734 0.09696785360574722 0.4093664487202962 0.09136462956666946 0.42110657691955566 0.08336001634597778 0.42537569999694824 0.08095863461494446 0.43071210384368896 0.06975217908620834 0.43284666538238525 0.0649494081735611 0.4189719756444295 0.060947105288505554 0.4040300448735555 0.04974064975976944 0.3954917987187703
0 0.20823194086551666 0.37201162179311115 0.21943840384483337 0.370944341023763 0.23624807596206665 0.370944341023763 0.24745453894138336 0.37201162179311115 0.2530577480792999 0.36027153333028156 0.25545912981033325 0.34639684359232586 0.27547067403793335 0.3442622820536296 0.2714683711528778 0.325051228205363 0.2730692923069 0.31010929743448895 0.28427574038505554 0.30797473589579266 0.2986840307712555 0.2941000660260518 0.30588820576667786 0.2930327852567037 0.30508774518966675 0.3282530705134074 0.30668866634368896 0.3453295628229777 0.3098905086517334 0.3592042525609334 0.29548218846321106 0.3592042525609334 0.2882780432701111 0.35280052820841473 0.2826748192310333 0.354935089747111 0.2794729769229889 0.36987706025441486 0.27467021346092224 0.3805498679478963 0.2882780432701111 0.39655907948811847 0.2882780432701111 0.40296276410420734 0.2730692923069 0.41256829102834064 0.25545912981033325 0.4157701333363851 0.24265176057815552 0.41790469487508136 0.23304623365402222 0.4115010102589925 0.22344070672988892 0.39869364102681476 0.21463562548160553 0.38695355256398517
0 0.2826748192310333 0.37734802563985187 0.2890785038471222 0.36454065640767414 0.30348679423332214 0.36987706025441486 0.3010854125022888 0.3826844294865926 0.29388126730918884 0.39335723718007404
0 0.38353291153907776 0.4093664487202962 0.39393889904022217 0.3880208333333333 0.40194350481033325 0.37414618333180744 0.4051453769207001 0.3688097794850667 0.41154906153678894 0.3848189910252889 0.4187532067298889 0.39655907948811847 0.43076011538505554 0.40616460641225177 0.44116610288619995 0.4157701333363851 0.4379642605781555 0.4285775423049927 0.42275550961494446 0.4339139461517334 0.4187532067298889 0.44031763076782227 0.41314998269081116 0.460595965385437 0.4059458374977112 0.4488558769226074 0.40354445576667786 0.43498122692108154 0.39393889904022217 0.4264429807662964 0.38433337211608887 0.4221738576889038
0 0.4339619576931 0.44458675384521484 0.4451684057712555 0.43711578845977783 0.44917070865631104 0.4435194730758667 0.45157212018966675 0.4552595615386963 0.45317304134368896 0.4648650884628296 0.4435674846172333 0.46379780769348145 0.4379642605781555 0.45419228076934814
0 0.41154906153678894 0.28983094294865924 0.41395044326782227 0.28022541602452594 0.42195504903793335 0.2866291006406148 0.4267578125 0.29196550448735553 0.4363633394241333 0.2812926967938741 0.4435674846172333 0.27382171154022217 0.4579758048057556 0.2748890121777852 0.4643794894218445 0.28022541602452594 0.4763863980770111 0.2908982237180074 0.48839330673217773 0.30157103141148883 0.4963979125022888 0.3154457012812297 0.5028015971183777 0.3325221935908 0.5060034394264221 0.35066596666971844 0.5004002451896667 0.35280052820841473 0.4851914644241333 0.36240609486897785 0.4731845557689667 0.3666752179463704 0.4635790288448334 0.3730789025624593 0.45957672595977783 0.37948258717854816 0.4675813317298889 0.38908811410268146 0.47078317403793335 0.3997609217961629 0.4675813317298889 0.4050973256429036 0.4539735019207001 0.40616460641225177 0.44036564230918884 0.3976263602574666 0.4283587336540222 0.39122267564137775 0.42355597019195557 0.3730789025624593 0.4195536673069 0.3570696910222371 0.41395044326782227 0.3346567551294963 0.41234952211380005 0.3207821051279704 0.41234952211380005 0.31010929743448895
0 0.00171298673376441 0.5246328512827555 0.012919441796839237 0.5171618858973185 0.020123591646552086 0.5246328512827555 0.02812820114195347 0.5107582012812296 0.028928663581609726 0.49154714743296307 0.03533235192298889 0.4819415807723999 0.05294249579310417 0.5043545166651408 0.06334848701953888 0.5160946051279703 0.0649494081735611 0.5342383782068888 0.047339268028736115 0.5470457474390665 0.03293096646666527 0.5598531564076742 0.01772220805287361 0.5790642102559408 0.006515752989798784 0.5940061410268148 0.0009765625 0.5993425448735555 0.004114369861781597 0.5619877179463705 0.004114369861781597 0.5449111859003702
0 0.0009765625 0.610015352567037 0.009717597626149654 0.6089480717976888 0.004914830904453993 0.6228227615356445 0.0009765625 0.6269184350967407
0 0.0009765625 0.6356301307678223 0.013719902373850346 0.6281591653823853 0.02332543581724167 0.6132171948750814 0.02252497524023056 0.6441683769226074 0.020123591646552086 0.664446751276652 0.020123591646552086 0.6868596076965332 0.016921747475862503 0.7028688589731852 0.010518058203160763 0.7252817948659261 0.00171298673376441 0.7306181589762369 0.0025134477764368057 0.6740522384643555 0.00171298673376441 0.6537739435831705
0 0.004114369861781597 0.2524760961532593 0.016121285036206245 0.2599470615386963 0.025726819410920143 0.26848530769348145 0.019323129206895828 0.27809085448582965 0.012919441796839237 0.2834272583325704 0.006515752989798784 0.28022541602452594 0.0025134477764368057 0.265283465385437
0 0.02332543581724167 0.2482069730758667 0.03293096646666527 0.24073598782221475 0.047339268028736115 0.24073598782221475 0.056144338101148605 0.2460724115371704 0.07055263966321945 0.26101434230804443 0.07055263966321945 0.2770235737164815 0.06735079735517502 0.2908982237180074 0.05454341694712639 0.29516734679539997 0.04413742199540138 0.3005037506421407 0.03453189134597778 0.3069074551264445 0.02652727998793125 0.30477287371953327 0.021724512800574303 0.3005037506421407 0.02332543581724167 0.28983094294865924 0.029729124158620834 0.2812926967938741 0.03533235192298889 0.27061986923217773 0.029729124158620834 0.25887978076934814
0 0.042536500841379166 0.2321977416674296 0.05774526298046112 0.20658298333485922 0.07055263966321945 0.18843921025594076 0.08015817403793335 0.19697745641072592 0.08736231923103333 0.19270833333333334 0.10016969591379166 0.1841700871785482 0.10897476971149445 0.17883368333180746 0.12498398870229721 0.17669912179311117 0.1329886019229889 0.18523736794789633 0.1337890625 0.19804473718007407 0.13058722019195557 0.212986687819163 0.12258260697126389 0.22472677628199259 0.1145779937505722 0.23646686474482217 0.1041720062494278 0.25140881538391113 0.09776831418275833 0.2620816230773926 0.09056416153907776 0.2770235737164815 0.0849609375 0.28983094294865924 0.08095863461494446 0.28983094294865924 0.07695632427930832 0.25461065769195557 0.06975217908620834 0.2460724115371704 0.05774526298046112 0.23539958397547403 0.06414894759654999 0.22686133782068887 0.05374295637011528 0.22792861859003702
0 0.123383067548275 0.24073598782221475 0.13619044423103333 0.2482069730758667 0.14579597115516663 0.25674521923065186 0.15139921009540558 0.2535433769226074 0.16020427644252777 0.22472677628199259 0.17141073942184448 0.21191940704981485 0.17941534519195557 0.20551570256551108 0.18421810865402222 0.1841700871785482 0.18501856923103333 0.16495901346206665 0.18581902980804443 0.15748804807662964 0.16820888221263885 0.16709357500076294 0.15860335528850555 0.17669912179311117 0.1538005918264389 0.18630464871724448 0.1530001312494278 0.2012465794881185 0.14899782836437225 0.20978484551111856 0.14099320769309998 0.21725581089655557 0.1345895230770111 0.22365949551264444 0.12818583846092224 0.2321977416674296
0 0.18421810865402222 0.22365949551264444 0.19542457163333893 0.22365949551264444 0.20422963798046112 0.22472677628199259 0.21783746778964996 0.22792861859003702 0.22504162788391113 0.2321977416674296 0.22023886442184448 0.24073598782221475 0.2114337831735611 0.24927425384521484 0.20583055913448334 0.26101434230804443 0.2010277956724167 0.26421618461608887 0.19542457163333893 0.2578125 0.19622503221035004 0.24713969230651855 0.19462409615516663 0.23753414551417032 0.18982133269309998 0.23326502243677774
0 0.25465866923332214 0.1895064910252889 0.2626633048057556 0.18523736794789633 0.27386975288391113 0.19484289487202963 0.28347527980804443 0.2108521262804667 0.2906794250011444 0.22686133782068887 0.2922803461551666 0.23326502243677774 0.28587666153907776 0.23539958397547403 0.27707159519195557 0.22686133782068887 0.2714683711528778 0.21832309166590372 0.26426422595977783 0.2108521262804667 0.25786054134368896 0.20017929871877035
0 0.15780289471149445 0.0013020833333333333 0.15940381586551666 0.0013020833333333333 0.15940381586551666 0.01233777403831482 0.1642065793275833 0.015539616346359253 0.17941534519195557 0.016606899599234264 0.18501856923103333 0.01767418036858241 0.19542457163333893 0.008068648477395376 0.19942687451839447 0.0013020833333333333 0.19942687451839447 0.0013020833333333333 0.19304879009723663 0.0013020833333333333 0.17621350288391113 0.0013020833333333333 0.16580750048160553 0.0013020833333333333
0 0.08416047692298889 0.0013020833333333333 0.08976370096206665 0.0027322409053643546 0.09696785360574722 0.007001365224520366 0.10097015649080276 0.0013020833333333333 0.10897476971149445 0.0013020833333333333 0.10897476971149445 0.0013020833333333333 0.09696785360574722 0.0013020833333333333
0 0.2530577480792999 0.0013020833333333333 0.26666560769081116 0.0013020833333333333 0.2802734375 0.02514515072107315 0.2874775826931 0.04328893621762594 0.2922803461551666 0.059298157691955566 0.2978835701942444 0.0560963104168574 0.31309235095977783 0.05182718733946482 0.3218974173069 0.05396174887816111 0.3299020230770111 0.055029029647509255 0.3395075500011444 0.05075990657011668 0.35231491923332214 0.05823087195555369 0.3659227788448334 0.05182718733946482 0.3699250817298889 0.03475068509578705 0.3595190942287445 0.015539616346359253 0.3499135375022888 0.0013020833333333333 0.3451204001903534 0.0013020833333333333 0.31629419326782227 0.0013020833333333333 0.29628264904022217 0.0013020833333333333 0.27547067403793335 0.0013020833333333333
0 0.2826748192310333 0.08598018685976665 0.2826748192310333 0.07317281762758891 0.2978835701942444 0.06783640881379445 0.3114914298057556 0.061432719230651855 0.3210969567298889 0.0625 0.3275006413459778 0.0753073791662852 0.3170946538448334 0.08171106378237407 0.3090900480747223 0.08384562532107036 0.3002849519252777 0.09451844294865926 0.2906794250011444 0.09772028525670369
0 0.31309235095977783 0.19697745641072592 0.32429879903793335 0.17669912179311117 0.33550524711608887 0.16495901346206665 0.3563172519207001 0.1638917326927185 0.3707255423069 0.17029541730880737 0.3859342932701111 0.1756318211555481 0.3963402807712555 0.1734972596168518 0.4051453769207001 0.16709357500076294 0.41395044326782227 0.15321892499923706 0.42195504903793335 0.14894979198773703 0.43236103653907776 0.14894979198773703 0.43316149711608887 0.16068989038467407 0.42035412788391113 0.1820355256398519 0.41314998269081116 0.1937756141026815 0.40354445576667786 0.2108521262804667 0.40274399518966675 0.22899589935938516 0.40434491634368896 0.250341534614563 0.3995421230792999 0.25140881538391113 0.38353291153907776 0.2396687070528666 0.3755283057689667 0.22899589935938516 0.36512231826782227 0.2300631801287333 0.3563172519207001 0.24393784999847412 0.3499135375022888 0.26101434230804443 0.3467116951942444 0.2674180269241333 0.3371061682701111 0.26635074615478516 0.3275006413459778 0.250341534614563 0.32349833846092224 0.2396687070528666 0.31389281153678894 0.22686133782068887 0.3114914298057556 0.21405396858851114
0 0.3699250817298889 0.07957650224367778 0.37232646346092224 0.07317281762758891 0.3755283057689667 0.05823087195555369 0.38353291153907776 0.05396174887816111 0.40114304423332214 0.061432719230651855 0.4091476798057556 0.07210553685824077 0.41074860095977783 0.08064378301302592 0.40034258365631104 0.09024931987126668 0.3899365961551666 0.08918203910191853 0.3803310692310333 0.08384562532107036
0 0.37232646346092224 0.09131660064061482 0.38353291153907776 0.09451844294865926 0.3987416625022888 0.09665300448735555 0.4083472192287445 0.09665300448735555 0.4155513644218445 0.08918203910191853 0.4195536673069 0.1083931028842926 0.4275582730770111 0.12440232435862224 0.43236103653907776 0.13507513205210367 0.42035412788391113 0.1436133881409963 0.4091476798057556 0.14894979198773703 0.40354445576667786 0.15748804807662964 0.3947393596172333 0.1638917326927185 0.38433337211608887 0.1660262942314148 0.37152600288391113 0.16175717115402222 0.36192047595977783 0.15962260961532593 0.3499135375022888 0.15321892499923706 0.36512231826782227 0.1436133881409963 0.37232646346092224 0.1265368858973185 0.37472784519195557 0.11372950673103333 0.3755283057689667 0.10412397980690002
0 0.4259573519229889 0.06570184230804443 0.43076011538505554 0.061432719230651855 0.4379642605781555 0.06463456153869629 0.4483702480792999 0.06997096538543701 0.4587762653827667 0.06997096538543701 0.4659804105758667 0.0753073791662852 0.4779873192310333 0.09131660064061482 0.48919376730918884 0.0849129060904185 0.49879929423332214 0.07744194070498149 0.5108062028884888 0.07850922147432964 0.5156089663505554 0.08918203910191853 0.5140080451965332 0.10519126057624817 0.5076043605804443 0.11479678750038147 0.5004002451896667 0.11693134903907776 0.4923956096172333 0.1083931028842926 0.48198962211608887 0.10305668910344441 0.47158363461494446 0.09985484679539998 0.4555744230747223 0.0955857237180074 0.45077162981033325 0.09131660064061482 0.44116610288619995 0.08277834455172221 0.4371638000011444 0.07744194070498149
0 0.4851914644241333 0.0013020833333333333 0.4923956096172333 0.004866803685824077 0.4971983730792999 0.014472335577011108 0.5156089663505554 0.02194330592950185 0.5252145528793335 0.02727971225976944 0.5356205105781555 0.03795252740383148 0.5436251163482666 0.04435621698697408 0.5500288009643555 0.04435621698697408 0.5484278798103333 0.02727971225976944 0.546826958656311 0.018741461137930553 0.5372214317321777 0.01127049078543981 0.5268154740333557 0.004866803685824077 0.5132076144218445 0.0013020833333333333 0.5060034394264221 0.0013020833333333333 0.5004002451896667 0.0013020833333333333
0 0.6372790932655334 0.001664958894252777 0.6372790932655334 0.0013020833333333333 0.6524878144264221 0.0013020833333333333 0.6700979471206665 0.0013020833333333333 0.6869076490402222 0.0013020833333333333 0.7029168605804443 0.0013020833333333333 0.6981140971183777 0.001664958894252777 0.7013159394264221 0.008068648477395376 0.7125223875045776 0.010203210016091665 0.7181256413459778 0.013405054807662964 0.7237288951873779 0.018741461137930553 0.7333344221115112 0.03475068509578705 0.7325339317321777 0.049692620833714805 0.7253298163414001 0.0625 0.7165247201919556 0.0689036895831426 0.707719624042511 0.07637465993563335 0.7117219567298889 0.08918203910191853 0.7101210355758667 0.09985484679539998 0.7029168605804443 0.10198940833409627 0.6909099817276001 0.10305668910344441 0.6805039644241333 0.09985484679539998 0.6708984375 0.09451844294865926 0.6604924201965332 0.08811475833257039 0.658891499042511 0.07317281762758891 0.6644947528839111 0.057163591186205544 0.6660956740379333 0.04435621698697408 0.6604924201965332 0.03688524663448334 0.6476850509643555 0.03475068509578705 0.6380795240402222 0.02727971225976944 0.6356781721115112 0.01980874439080556
0 0.7229284048080444 0.0013020833333333333 0.7213274836540222 0.0013020833333333333 0.7293320894241333 0.01127049078543981 0.7365362644195557 0.020876025160153706 0.7405385375022888 0.032616118590037026 0.7373366951942444 0.052894468108812966 0.7333344221115112 0.0753073791662852 0.7301325798034668 0.08918203910191853 0.7525454759597778 0.07210553685824077 0.7581486701965332 0.06463456153869629 0.7677541971206665 0.04649077852567037 0.7717565298080444 0.024077869951725006 0.7701556086540222 0.015539616346359253 0.7549468278884888 0.008068648477395376 0.7413390278816223 0.001664958894252777 0.7373366951942444 0.0013020833333333333
0 0.8974289298057556 0.0013020833333333333 0.9022316932678223 0.0013020833333333333 0.9118372201919556 0.004866803685824077 0.9294473528862 0.004866803685824077 0.937451958656311 0.003799521674712499 0.9454565644264221 0.003799521674712499 0.9582639336585999 0.01980874439080556 0.9654681086540222 0.03048155705134074 0.9726722836494446 0.03475068509578705 0.986280083656311 0.03795252740383148 0.9990234375 0.03471612433592478 0.9990234375 0.0013020833333333333 0.9990234375 0.0013020833333333333 0.9990234375 0.0013020833333333333 0.9310482740402222 0.0013020833333333333 0.9118372201919556 0.0013020833333333333
0 0.8646100163459778 0.03688524663448334 0.8774173855781555 0.04649077852567037 0.8846215605735779 0.06463456153869629 0.8862224817276001 0.08171106378237407 0.8806192278862 0.09131660064061482 0.8694127798080444 0.09238388140996297 0.8606076836585999 0.08704747756322224 0.8662109375 0.07103825608889262 0.8710137009620667 0.05823087195555369
0 0.9782754778862 0.047558059295018516 0.9894819259643555 0.04649077852567037 0.9990234375 0.044673348466555275 0.9990234375 0.0689036895831426 0.9990234375 0.10092212756474812 0.9990234375 0.12973872820536295 0.9990234375 0.1457479496796926 0.9990234375 0.1542862057685852 0.975874125957489 0.14041154583295187 0.9910828471183777 0.13187328974405924 0.9918833374977112 0.11693134903907776 0.9814773201942444 0.10198940833409627 0.9774750471115112 0.08704747756322224 0.9774750471115112 0.06570184230804443
0 0.8750160336494446 0.10305668910344441 0.8854219913482666 0.10625854134559631 0.8862224817276001 0.11906591057777405 0.8846215605735779 0.14468066891034445 0.8862224817276001 0.15535348653793335 0.8854219913482666 0.16282445192337036 0.8798187971115112 0.17242997884750366 0.878217875957489 0.18523736794789633 0.8686123490333557 0.1991120179494222 0.8614081740379333 0.20658298333485922 0.8606076836585999 0.18843921025594076 0.8574058413505554 0.1756318211555481 0.8518026471138 0.16068989038467407 0.8534035682678223 0.14788251121838888 0.8590067625045776 0.14254610737164816 0.8638095259666443 0.13400785128275552 0.8678118586540222 0.12760416666666666 0.8766169548034668 0.12013320128122966
0 0.11137615144252777 0.4819415807723999 0.11858030408620834 0.4702014923095703 0.12818583846092224 0.4669996500015259 0.13538998365402222 0.468066930770874 0.14099320769309998 0.4744706153869629 0.14019274711608887 0.4926144282023112 0.1345895230770111 0.5086236397425333 0.12818583846092224 0.5192964474360148 0.12258260697126389 0.5267674128214518 0.1137775331735611 0.5353056589762369 0.10897476971149445 0.5182291666666666 0.11057569086551666 0.5032872358957926 0.10977523028850555 0.49581627051035565
0 0.4947969913482666 0.12440232435862224 0.5044025182723999 0.12440232435862224 0.5116066932678223 0.1212004820505778 0.5252145528793335 0.11693134903907776 0.5340195894241333 0.1212004820505778 0.5444256067276001 0.1286714474360148 0.550829291343689 0.1436133881409963 0.5524302124977112 0.15321892499923706 0.5524302124977112 0.17029541730880737 0.5564324855804443 0.1820355256398519 0.5564324855804443 0.1895064910252889 0.5452260375022888 0.19270833333333334 0.5340195894241333 0.19484289487202963 0.5236135721206665 0.19697745641072592 0.5196112990379333 0.2033811410268148 0.5188108086585999 0.21405396858851114 0.5276159048080444 0.21618853012720743 0.5444256067276001 0.21405396858851114 0.5524302124977112 0.21405396858851114 0.5596343278884888 0.212986687819163 0.5652375817298889 0.21832309166590372 0.5676389336585999 0.22686133782068887 0.5620357394218445 0.23326502243677774 0.550829291343689 0.24180328845977783 0.5412237644195557 0.24500513076782227 0.5260149836540222 0.2460724115371704 0.5196112990379333 0.2460724115371704 0.512407124042511 0.23860142628351846 0.5052030086517334 0.24287056922912598 0.5004002451896667 0.26101434230804443 0.4875928461551666 0.26101434230804443 0.4763863980770111 0.25461065769195557 0.47078317403793335 0.2460724115371704 0.4779873192310333 0.23539958397547403 0.4939965307712555 0.21618853012720743 0.5044025182723999 0.20017929871877035 0.5100057721138 0.17883368333180746 0.5100057721138 0.16068989038467407 0.5084048509597778 0.15215164422988892 0.502001166343689 0.14254610737164816
0 0.6116642951965332 0.22686133782068887 0.5916528105735779 0.22365949551264444 0.5844486355781555 0.22579405705134073 0.5844486355781555 0.24073598782221475 0.5948546528816223 0.24073598782221475 0.6052606105804443 0.24180328845977783 0.6108638644218445 0.24927425384521484 0.6188684701919556 0.24713969230651855 0.6164670586585999 0.2396687070528666
0 0.5700403451919556 0.08064378301302592 0.5868500471115112 0.09238388140996297 0.5932537317276001 0.09665300448735555 0.5844486355781555 0.10732582211494446 0.5796458721160889 0.11266222596168518 0.5804463624954224 0.12440232435862224 0.5788454413414001 0.13294057051340738 0.5740426778793335 0.14147882660230002 0.5676389336585999 0.14788251121838888 0.5604348182678223 0.15748804807662964 0.5572329759597778 0.14254610737164816 0.5572329759597778 0.1265368858973185 0.5628361701965332 0.11052766442298889 0.5652375817298889 0.09878756602605183 0.5668385028839111 0.09238388140996297
0 0.7661532759666443 0.23753414551417032 0.7741579413414001 0.22472677628199259 0.790967583656311 0.2108521262804667 0.8005731105804443 0.2087175448735555 0.8181833028793335 0.2087175448735555 0.8277888298034668 0.2087175448735555 0.8333920240402222 0.21191940704981485 0.8381947875022888 0.22686133782068887 0.843798041343689 0.23860142628351846 0.8373943567276001 0.2482069730758667 0.8277888298034668 0.25887978076934814 0.8205846548080444 0.265283465385437 0.8077772855758667 0.25887978076934814 0.7981717586517334 0.25461065769195557 0.7869653105735779 0.2556779384613037 0.7741579413414001 0.250341534614563
0 0.8982293605804443 0.0753073791662852 0.9086353778839111 0.09451844294865926 0.9174404740333557 0.11052766442298889 0.9286469221115112 0.1233350435892741 0.9406538009643555 0.1265368858973185 0.9566630125045776 0.12226776281992595 0.9646676778793335 0.12013320128122966 0.9726722836494446 0.11693134903907776 0.9798763990402222 0.11693134903907776 0.9822778105735779 0.1286714474360148 0.9718717932701111 0.1361424227555593 0.9710713624954224 0.14147882660230002 0.9838787317276001 0.15535348653793335 0.9918833374977112 0.16068989038467407 0.9990234375 0.16492106517155966 0.9990234375 0.1820355256398519 0.9990234375 0.1937756141026815 0.9926837682723999 0.20658298333485922 0.9854796528816223 0.2225922147432963 0.9846791625022888 0.2396687070528666 0.9854796528816223 0.2482069730758667 0.9790759682655334 0.250341534614563 0.9702708721160889 0.24393784999847412 0.9598648548126221 0.22792861859003702 0.9494588971138 0.2108521262804667 0.9558625817298889 0.1937756141026815 0.9590644240379333 0.1799009641011556 0.9550620913505554 0.16709357500076294 0.9550620913505554 0.15535348653793335 0.9430552124977112 0.15215164422988892 0.9358510375022888 0.15215164422988892 0.9278464317321777 0.14468066891034445 0.9238441586494446 0.15748804807662964 0.9166399836540222 0.16282445192337036 0.9134381413459778 0.17242997884750366 0.9118372201919556 0.1916410525639852 0.9070344567298889 0.2033811410268148 0.8950275182723999 0.1937756141026815 0.8902247548103333 0.18096824487050375 0.8910252451896667 0.17136269807815552 0.8934265971183777 0.15321892499923706 0.8910252451896667 0.13934426506360373 0.8918256759643555 0.11906591057777405 0.8934265971183777 0.10198940833409627 0.8894243240356445 0.09131660064061482 0.8942270874977112 0.0849129060904185
0 0.1433945894241333 0.44672131538391113 0.1538005918264389 0.4296448230743408 0.1642065793275833 0.4221738576889038 0.17541304230690002 0.42003925641377765 0.18581902980804443 0.42537569999694824 0.18902087211608887 0.44031763076782227 0.17781442403793335 0.46166324615478516 0.17061027884483337 0.47126877307891846 0.15940381586551666 0.4702014923095703 0.1530001312494278 0.46379780769348145 0.1433945894241333 0.4584614038467407
0 0.19622503221035004 0.43711578845977783 0.20663101971149445 0.43498122692108154 0.21463562548160553 0.4435194730758667 0.2130347043275833 0.453125 0.2010277956724167 0.46593236923217773 0.19622503221035004 0.47340333461761475 0.18822041153907776 0.48514342308044434 0.17701396346092224 0.4894125858942668 0.17061027884483337 0.48621074358622235
0 0.14819736778736115 0.4776724576950073 0.1634061187505722 0.47873973846435547 0.16820888221263885 0.4926144282023112 0.17061027884483337 0.5032872358957926 0.16660796105861664 0.5203637282053629 0.1626056581735611 0.5310365358988444 0.15700243413448334 0.5523821910222372 0.1521996706724167 0.5651895602544149 0.14739690721035004 0.5705259641011556 0.14179366827011108 0.5726605256398519 0.1241835281252861 0.5705259641011556 0.10817430913448334 0.5673241217931112 0.11137615144252777 0.551314910252889 0.12738537788391113 0.5374402205149332 0.13699090480804443 0.5160946051279703 0.14579597115516663 0.4968835512797038
0 0.1521996706724167 0.5897370179494222 0.15860335528850555 0.5747950871785482 0.1626056581735611 0.5555840333302816 0.16980980336666107 0.5438439051310221 0.17941534519195557 0.5577185948689779 0.1834176480770111 0.5769296487172445 0.1834176480770111 0.5886697371800741 0.17941534519195557 0.6057462294896444 0.17941534519195557 0.626024603843689 0.1818167269229889 0.6463029384613037 0.16900934278964996 0.6398992538452148 0.15700243413448334 0.633495569229126 0.14899782836437225 0.6292264461517334 0.14899782836437225 0.6153517564137777 0.15700243413448334 0.6089480717976888
0 0.18902087211608887 0.5972079833348592 0.20422963798046112 0.5972079833348592 0.20422963798046112 0.6057462294896444 0.20022733509540558 0.6249573230743408 0.2018282562494278 0.6420338153839111 0.19542457163333893 0.6516393423080444 0.18902087211608887 0.6580430666605631 0.18741995096206665 0.6398992538452148 0.18421810865402222 0.6270918846130371 0.18501856923103333 0.610015352567037
0 0.4971568286418915 0.2753659089406331 0.5018542408943176 0.2753659089406331 0.5045737624168396 0.27042128642400104 0.5082822442054749 0.2598727544148763 0.5117434859275818 0.2489945888519287 0.5117434859275818 0.24404996633529663 0.5085294842720032 0.24503890673319498 0.5065516233444214 0.2496538758277893 0.5053154826164246 0.2545984983444214 0.504079282283783 0.26020240783691406 0.5011125206947327 0.26448774337768555 0.4976513087749481 0.2694323658943176
0 0.555778980255127 0.16709750890731812 0.567626953125 0.15895948807398477 0.5722943544387817 0.1498640477657318 0.579474925994873 0.14172602693239847 0.5877326726913452 0.1388537883758545 0.5967084169387817 0.14172602693239847 0.6028119325637817 0.1484279235204061 0.6132237911224365 0.15225758155186972 0.616814136505127 0.15465112527211508 0.616096019744873 0.1632678508758545 0.6089154481887817 0.17092716693878174 0.6028119325637817 0.17523552974065146 0.59814453125 0.17906518777211508 0.5888097286224365 0.17906518777211508 0.5834242701530457 0.17475682497024536 0.5780388116836548 0.17332069079081217 0.5697811245918274 0.17427810033162436 0.5643956661224365 0.17906518777211508 0.5608053803443909 0.17810775836308798 0.5575740933418274 0.17427810033162436
0 0.6214814782142639 0.1675762136777242 0.628662109375 0.15895948807398477 0.6383559107780457 0.15369369586308798 0.6458955407142639 0.15465112527211508 0.6566664576530457 0.15608723958333334 0.6638470888137817 0.15991689761479697 0.67138671875 0.16901232798894247 0.6742589473724365 0.17523552974065146 0.6792854070663452 0.18241612116495767 0.6853889226913452 0.1819374163945516 0.6907743811607361 0.17571423451105753 0.6929285526275635 0.16853362321853638 0.6975959539413452 0.16996973752975464 0.702263355255127 0.17667164405186972 0.7065716981887817 0.18385225534439087 0.7112390995025635 0.19581993420918783 0.714470386505127 0.2063514788945516 0.7166245579719543 0.2164043386777242 0.7180606722831726 0.2259784738222758 0.719855785369873 0.23794615268707275 0.719855785369873 0.24369064966837564 0.719855785369873 0.24799901247024536 0.7115980982780457 0.2551796038945516 0.7069306969642639 0.2590092619260152 0.7008271813392639 0.2657111684481303 0.6932875514030457 0.27337048451105755 0.6879020929336548 0.27672143777211505 0.6796444058418274 0.27672143777211505 0.6692325472831726 0.27672143777211505 0.6670783758163452 0.27576400836308795 0.6642060875892639 0.2628389199574788 0.6638470888137817 0.251828670501709 0.6667193174362183 0.24752028783162436 0.6753360629081726 0.24273322025934854 0.6814395785331726 0.23220167557398477 0.6796444058418274 0.2259784738222758 0.6735408902168274 0.22837201754252115 0.6688734889030457 0.2307655413945516 0.6613338589668274 0.23124424616495767 0.6577435731887817 0.22502106428146362 0.6573845148086548 0.21544692913691202 0.6545122861862183 0.2063514788945516 0.6509220004081726 0.2015644113222758 0.6401510834693909 0.1972560485204061 0.6365607976913452 0.19486252466837564 0.6333295106887817 0.19246898094813028 0.6300982236862183 0.19007543722788492 0.6265079379081726 0.18672450383504233 0.6265079379081726 0.18241612116495767 0.6265079379081726 0.17379939556121826 0.6243537664413452 0.1718845764795939
0 0.0009765625 0.7986397743225098 0.005452887155115604 0.8098759651184082 0.011401491239666939 0.8224341869354248 0.009418623521924019 0.8303656578063965 0.0014871510211378336 0.8389581044514974
0 0.021811548620462418 0.8568038940429688 0.040648795664310455 0.8548210461934408 0.055520303547382355 0.8515162467956543 0.0644432082772255 0.8475504716237386 0.07881900668144226 0.8409409523010254 0.09071621298789978 0.833670457204183 0.10063055157661438 0.82706085840861 0.10608343780040741 0.8263998826344808 0.11351919174194336 0.8449066480000814 0.11599777638912201 0.859447717666626 0.1174849271774292 0.8673791885375977 0.11649349331855774 0.8799373308817545 0.10955345630645752 0.8839031060536703 0.10856202244758606 0.8958002726236979 0.10509200394153595 0.9030707677205404 0.09220336377620697 0.9037317434946696 0.07485327124595642 0.9043927192687988 0.06196462735533714 0.8991050720214844 0.055520303547382355 0.8958002726236979 0.047588832676410675 0.9037317434946696 0.048084549605846405 0.9129851659138998 0.044614531099796295 0.9235604604085287 0.040648795664310455 0.9334747791290283 0.037674494087696075 0.9519815444946289 0.039161644876003265 0.9645396868387858 0.037674494087696075 0.9724711577097574 0.03321303799748421 0.9804026285807291 0.020820114761590958 0.9817245801289877 0.009418623521924019 0.9823855559031168 0.0014871510211378336 0.9823855559031168 0.006940037943422794 0.9592520395914713 0.010905774310231209 0.9361186027526855 0.010410057380795479 0.9149680137634277 0.010410057380795479 0.9010879198710123 0.015367227606475353 0.8805983066558838 0.019828680902719498 0.8660572369893392
0 0.1338435858488083 0.9440500736236572 0.12839069962501526 0.9585911432902018 0.12690354883670807 0.9685054620107015 0.12839069962501526 0.9784197807312012 0.13632217049598694 0.9704883098602295 0.14127933979034424 0.9599130153656006 0.1437579244375229 0.9533034960428873 0.14177505671977997 0.9453720251719157
0 0.14425364136695862 0.9387624263763428 0.15119369328022003 0.9341357549031576 0.1606123149394989 0.9301699797312418 0.1690395027399063 0.9275261561075846 0.17994527518749237 0.9235604604085287 0.18589387834072113 0.9288481076558431 0.18490244448184967 0.9447110493977865 0.18242385983467102 0.9552863438924154 0.17647525668144226 0.9625568389892578 0.17102237045764923 0.967183510462443 0.1620994657278061 0.9704883098602295 0.15862944722175598 0.9533034960428873 0.1556551456451416 0.9506596724192301 0.14871510863304138 0.9506596724192301
0 0.12492068856954575 0.719325065612793 0.13632217049598694 0.6981744766235352 0.14425364136695862 0.6862772305806478 0.1521851271390915 0.6730581124623617 0.16309089958667755 0.667109489440918 0.17746669054031372 0.6624828179677328 0.18341529369354248 0.6644656658172607 0.18093670904636383 0.6770238081614176 0.16953521966934204 0.6875991821289062 0.15962088108062744 0.7001573244730631 0.15466371178627014 0.7094106674194336 0.15317656099796295 0.7279174327850342 0.16507376730442047 0.7259345849355062 0.17498810589313507 0.7305612564086914 0.17944955825805664 0.7279174327850342 0.1853981614112854 0.7199859619140625 0.18837246298789978 0.7113935947418213 0.18589387834072113 0.7054449717203776 0.19085104763507843 0.6981744766235352 0.20076538622379303 0.6955306529998779 0.2086968570947647 0.699496348698934 0.21414974331855774 0.7054449717203776 0.2151411771774292 0.7113935947418213 0.2151411771774292 0.7186640898386637 0.20919257402420044 0.725273609161377 0.20324397087097168 0.7332050800323486 0.20274825394153595 0.7417975266774496 0.20572255551815033 0.7550166447957357 0.20274825394153595 0.7616262435913086 0.19927823543548584 0.7722015380859375 0.1987825185060501 0.7821158568064371 0.18093670904636383 0.7880644798278809 0.18093670904636383 0.7807939052581787 0.17845812439918518 0.7761672337849935 0.1720138043165207 0.7761672337849935 0.16259518265724182 0.7840987046559652 0.1556551456451416 0.7907083034515381 0.15020225942134857 0.7801330089569092 0.14028790593147278 0.768896738688151 0.13186071813106537 0.7636090914408366 0.12938213348388672 0.7603042920430502 0.1273992657661438 0.7398146788279215
0 0.226542666554451 0.6353836059570312 0.23794415593147278 0.626130223274231 0.25083279609680176 0.6096063454945883 0.2513285279273987 0.6023358106613159 0.25925999879837036 0.591760516166687 0.2701657712459564 0.5858119328816732 0.2899944484233856 0.5732537508010864 0.2999087870121002 0.565983255704244 0.30189165472984314 0.5725928147633871 0.30189165472984314 0.5838290452957153 0.2999087870121002 0.5990310509999593 0.29743021726608276 0.6122501691182455 0.29396018385887146 0.6208425760269165 0.2914815843105316 0.6353836059570312 0.2924730181694031 0.6439760526021322 0.29049015045166016 0.652568499247233 0.2875158488750458 0.6598389943440756 0.27859294414520264 0.6657876173655192 0.2696700394153595 0.6697533130645752 0.26570430397987366 0.6704142888387045 0.2498413771390915 0.6591780185699463 0.2414141744375229 0.6552123228708903 0.23100411891937256 0.6571951707204183 0.22406408190727234 0.6578561464945475 0.2200983464717865 0.6459589004516602 0.22108978033065796 0.6406712532043457
0 0.32221606373786926 0.5580517848332723 0.31378886103630066 0.5772194862365723 0.30536168813705444 0.5990310509999593 0.3063531219959259 0.6175378163655599 0.3093274235725403 0.6287740468978882 0.3093274235725403 0.6373664935429891 0.30238738656044006 0.6466198762257894 0.29891735315322876 0.6519075234731039 0.3063531219959259 0.6611608664194742 0.3147802948951721 0.6631437937418619 0.3246946334838867 0.6604999701182047 0.33163467049598694 0.6604999701182047 0.341053307056427 0.6591780185699463 0.3455147445201874 0.6558732191721598 0.3529505133628845 0.6459589004516602 0.35642051696777344 0.6393493413925171 0.35344621539115906 0.6234863996505737 0.3440276086330414 0.6109282573064169 0.3440276086330414 0.5944043397903442 0.3395661413669586 0.5937434037526449 0.32866036891937256 0.5924214919408163 0.3246946334838867 0.5910995801289877 0.32221606373786926 0.5805242856343588 0.3227117657661438 0.5706099271774292
0 0.3678220212459564 0.6300959587097168 0.37823206186294556 0.6195206642150879 0.38814640045166016 0.6175378163655599 0.4010350704193115 0.615554928779602 0.4069836735725403 0.6148939927419027 0.4159065783023834 0.6109282573064169 0.41640228033065796 0.6036577224731445 0.41144511103630066 0.5924214919408163 0.4084708094596863 0.5838290452957153 0.4134279787540436 0.5811852216720581 0.4183851480484009 0.583168109258016 0.4218551814556122 0.5844900210698446 0.4268123507499695 0.583168109258016 0.42978665232658386 0.5805242856343588 0.4367266893386841 0.5778804620107015 0.44465816020965576 0.5785413980484009 0.45903393626213074 0.5778804620107015 0.4634954035282135 0.5805242856343588 0.4634954035282135 0.5871338446935018 0.4555639326572418 0.5904386043548584 0.4481281638145447 0.5930824279785156 0.43474382162094116 0.5990310509999593 0.42978665232658386 0.6036577224731445 0.42631661891937256 0.6102672815322876 0.4223508834838867 0.6168768405914307 0.4139237105846405 0.6267911990483602 0.4054965078830719 0.6347226699193319 0.39657360315322876 0.6406712532043457 0.3891378343105316 0.6459589004516602 0.3856678307056427 0.6472808122634888 0.37971922755241394 0.6446369886398315 0.3727791905403137 0.6406712532043457 0.3688134551048279 0.6386884053548177
0 0.14474935829639435 0.82706085840861 0.15119369328022003 0.8078931172688802 0.15813373029232025 0.7946739991505941 0.16755235195159912 0.7946739991505941 0.17944955825805664 0.7933521270751953 0.1903553307056427 0.7940130233764648 0.19779108464717865 0.792691151301066 0.2017568200826645 0.7999616463979086 0.21216687560081482 0.801283597946167 0.22059406340122223 0.7999616463979086 0.22406408190727234 0.8039274215698242 0.2151411771774292 0.8224341869354248 0.20820114016532898 0.8323485056559244 0.19332963228225708 0.8382971286773682 0.18341529369354248 0.8429238001505533 0.1754838228225708 0.8488724231719971 0.1705266535282135 0.8554819424947103 0.16358661651611328 0.8587867418924967 0.15862944722175598 0.8548210461934408 0.15466371178627014 0.8482114473978678 0.1521851271390915 0.8422628243764242 0.14772367477416992 0.8330094814300537
0 0.6310477256774902 0.6624828179677328 0.6379877924919128 0.6591780185699463 0.6503807306289673 0.6684314409891764 0.659303605556488 0.6803286075592041 0.6707050800323486 0.6928868293762207 0.6761580109596252 0.7021401723225912 0.6880552172660828 0.7166812419891357 0.6954909563064575 0.7299003601074219 0.6890466213226318 0.7345270315806071 0.6781408786773682 0.7305612564086914 0.6697136759757996 0.7206469376881918 0.6632693409919739 0.7133764425913492 0.6568250060081482 0.7074278195699056 0.6483978629112244 0.7001573244730631 0.6429449319839478 0.6882600784301758 0.6399706602096558 0.6790067354838053 0.6345177888870239 0.6690923372904459
0 0.5735445618629456 0.6010138988494873 0.5789974331855774 0.5950653155644735 0.5869289636611938 0.5871338446935018 0.5923818349838257 0.5811852216720581 0.6141933798789978 0.585150957107544 0.6236119866371155 0.5858119328816732 0.6389791965484619 0.5884557565053304 0.6424492597579956 0.5910995801289877 0.6493892669677734 0.5983700752258301 0.6533550024032593 0.606962521870931 0.6543464660644531 0.6142330169677734 0.6459192633628845 0.6208425760269165 0.6404663920402527 0.6294350226720175 0.635509192943573 0.6367055177688599 0.6265863180160522 0.6406712532043457 0.6161762475967407 0.6386884053548177 0.6037833094596863 0.6307569344838461 0.5953561067581177 0.6234863996505737 0.5854417681694031 0.6135720809300741 0.5799888968467712 0.608945369720459 0.5775102972984314 0.606962521870931
0 0.6697136759757996 0.5785413980484009 0.6766536831855774 0.5719318389892578 0.6811151504516602 0.5758975744247437 0.6959866881370544 0.5838290452957153 0.706396758556366 0.5871338446935018 0.7163110971450806 0.5910995801289877 0.7257297039031982 0.5970481634140015 0.7262254357337952 0.6076234579086304 0.7222597002983093 0.6115891933441162 0.708875298500061 0.6109282573064169 0.6979695558547974 0.6076234579086304 0.6915252208709717 0.5996919870376587 0.6855766177177429 0.5944043397903442 0.6776451468467712 0.5910995801289877
0 0.5373572111129761 0.5150896310806274 0.5566902160644531 0.5064971844355265 0.5685874223709106 0.4998876253763835 0.5794931650161743 0.49459997812906903 0.5894075036048889 0.48534659544626874 0.5973389744758606 0.47609321276346844 0.610227644443512 0.47609321276346844 0.6186548471450806 0.4800589481989543 0.6260905861854553 0.4912952184677124 0.6305520534515381 0.49724380175272626 0.6360049247741699 0.48732948303222656 0.6493892669677734 0.47675418853759766 0.6558336019515991 0.4701446294784546 0.6692179441452026 0.4622131586074829 0.6786365509033203 0.45890835920969647 0.6890466213226318 0.45890835920969647 0.6935080885887146 0.4628740946451823 0.6890466213226318 0.4721274773279826 0.682106614112854 0.4820418357849121 0.6781408786773682 0.4886513948440552 0.6712008118629456 0.49592188994089764 0.6518678665161133 0.5111238956451416 0.636996328830719 0.518394390741984 0.6265863180160522 0.5236820379892985 0.609731912612915 0.5236820379892985 0.5903989672660828 0.5236820379892985 0.5799888968467712 0.5197163025538126 0.5750316977500916 0.5190553665161133 0.561647355556488 0.5230211019515991 0.5507416129112244 0.5276477734247843 0.5438015460968018 0.5302915970484415 0.5388444066047668 0.5216991901397705
0 0.5031527876853943 0.4833637475967407 0.512571394443512 0.4701446294784546 0.5165371298789978 0.4602302710215251 0.5195114016532898 0.44701115290323895 0.5289300680160522 0.4417235056559245 0.537852942943573 0.4318091869354248 0.5477672815322876 0.4199119408925374 0.5522287487983704 0.4099976221720378 0.5596644878387451 0.4047099749247233 0.5680916905403137 0.4047099749247233 0.5809803009033203 0.41660718123118085 0.5918861031532288 0.4218948284784953 0.5998175740242004 0.4318091869354248 0.608244776725769 0.44701115290323895 0.610227644443512 0.45758644739786786 0.6018004417419434 0.45494262377421063 0.5958518385887146 0.4437063932418823 0.5903989672660828 0.43643585840861004 0.5839546322822571 0.4331310987472534 0.5750316977500916 0.42850438753763836 0.5710659623146057 0.4232167402903239 0.5641259551048279 0.4218948284784953 0.563134491443634 0.4324701229731242 0.5641259551048279 0.4443673292795817 0.561647355556488 0.4509768883387248 0.5497501492500305 0.45758644739786786 0.5438015460968018 0.4615521828333537 0.5388444066047668 0.46551791826883954 0.5324000716209412 0.46816174189249676 0.5314086079597473 0.4727884531021118 0.5289300680160522 0.48732948303222656 0.5358700752258301 0.501209537188212 0.5294257402420044 0.5071581602096558 0.5209985971450806 0.5078190962473551 0.5145542621612549 0.4992266893386841 0.510588526725769 0.492617130279541
0 0.9128196239471436 0.33988018830617267 0.9148683547973633 0.31711647907892865 0.9162341356277466 0.3061898946762085 0.9305753111839294 0.3225797812143962 0.949013888835907 0.3225797812143962 0.9592575430870056 0.31984814008076984 0.9640378952026367 0.3098320960998535 0.9572088122367859 0.2870684067408244 0.9537942409515381 0.26703635851542157 0.9517455101013184 0.2515570322672526 0.9613062739372253 0.24973593155543009 0.9708670377731323 0.25975197553634644 0.9865739941596985 0.2643046975135803 0.9927201867103577 0.26521525780359906 0.9990234375 0.2769813537597656 0.9990234375 0.311653196811676 0.9990234375 0.34625399112701416 0.9990234375 0.3644649585088094 0.9886227250099182 0.3599122365315755 0.972915768623352 0.3553594748179118 0.9558429718017578 0.3571805953979492 0.9380872845649719 0.3653755187988281 0.9312582015991211 0.37448100248972577 0.9278436303138733 0.39178140958150226 0.9189658164978027 0.39815521240234375 0.9128196239471436 0.4008868932723999 0.9053075909614563 0.3908708492914836 0.9025759100914001 0.3781231641769409 0.9080392122268677 0.3681071599324544 0.916917085647583 0.3562700351079305
0 0.6178021430969238 0.4072606960932414 0.6403381824493408 0.3908708492914836 0.656045138835907 0.38176536560058594 0.669020414352417 0.3844970067342122 0.6778982877731323 0.38996028900146484 0.6915565133094788 0.389049768447876 0.7004343271255493 0.38540756702423096 0.712043821811676 0.3781231641769409 0.7209216356277466 0.366286039352417 0.7304823994636536 0.36082275708516437 0.7400431632995605 0.3781231641769409 0.7448235154151917 0.3926919301350911 0.7475551962852478 0.4072606960932414 0.744140625 0.41454509894053143 0.7352628111839294 0.420008381207784 0.7318482398986816 0.43548770745595294 0.7270678281784058 0.44732479254404706 0.7222874760627747 0.4527881145477295 0.712043821811676 0.4546091953913371 0.6997514367103577 0.44732479254404706 0.6983855962753296 0.4272927443186442 0.6990684866905212 0.4154556194941203 0.6936052441596985 0.4099923372268677 0.679947018623352 0.4099923372268677 0.6676546335220337 0.4136345386505127 0.6662887930870056 0.4190978209177653 0.678581178188324 0.4336665868759155 0.6819957494735718 0.44368263085683185 0.6738008260726929 0.4445931514104207 0.6642400622367859 0.44095098972320557 0.6567280292510986 0.44004042943318683 0.6423869132995605 0.44004042943318683
0 0.7892127633094788 0.43457714716593426 0.798773467540741 0.42274002234141034 0.808334231376648 0.4136345386505127 0.8151633739471436 0.41454509894053143 0.8233582973480225 0.4282033046086629 0.8240411877632141 0.44004042943318683 0.8219924569129944 0.4573408365249634 0.8117488026618958 0.4573408365249634 0.7994564175605774 0.4546091953913371 0.7939931154251099 0.4500564734141032 0.7926272749900818 0.4445931514104207
0 0.8520405292510986 0.48738892873128253 0.8568209409713745 0.49103109041849774 0.8718449473381042 0.5037787755330404 0.8800398707389832 0.5247213840484619 0.8855031728744507 0.540200670560201 0.8861860632896423 0.55567999680837 0.873893678188324 0.5584116379419962 0.8656987547874451 0.5411112308502197 0.8602354526519775 0.5338268677393595 0.8575038313865662 0.5137947797775269 0.8534063696861267 0.5046893358230591 0.8472601771354675 0.4983154932657878 0.8458943367004395 0.49285221099853516
0 0.9906714558601379 0.4673568805058797 0.995451807975769 0.4509669939676921 0.9990234375 0.4523276090621948 0.9990234375 0.4737306833267212 0.9961346983909607 0.49285221099853516 0.9872568845748901 0.509242057800293 0.9852081537246704 0.5247213840484619 0.9831594228744507 0.5356479485829672 0.9756473898887634 0.5474850734074911 0.9695011973381042 0.5602327187856039 0.9633550047874451 0.5684276819229126 0.9572088122367859 0.5620538393656412 0.9578917026519775 0.5502167145411173 0.961989164352417 0.5365585088729858 0.9681353569030762 0.5210791826248169 0.9756473898887634 0.5065104166666666 0.9817935824394226 0.49467329184214276 0.9858910441398621 0.48283616701761883
0 0.8540892601013184 0.5729804039001465 0.8588696718215942 0.5565905570983887 0.8670645952224731 0.559322198232015 0.873893678188324 0.5647854804992676 0.8855031728744507 0.5656960407892863 0.8930152058601379 0.5675171216328939 0.9012101292610168 0.593923012415568 0.9039417505264282 0.6121339400609335 0.9039417505264282 0.6239710648854574 0.8991613984107971 0.6257921854654948 0.8902835249900818 0.6148656209309896 0.8896006345748901 0.6002968549728394 0.8855031728744507 0.5911913712819418 0.8773082494735718 0.5848175287246704 0.8704791069030762 0.5802648067474365
2 0.29672476649284363 0.627654234568278 0.3012319803237915 0.6236478487650553 0.30536359548568726 0.6296574672063192 0.3042367696762085 0.633163054784139 0.2997295558452606 0.6341646512349447
0 0.38686898350715637 0.43434496720631915 0.3921273946762085 0.4318409363428752 0.39926382899284363 0.43434496720631915 0.40114182233810425 0.44436097145080566 0.400390625 0.4699018398920695 0.3958834111690521 0.49293871720631915 0.39287859201431274 0.512970765431722 0.3910005986690521 0.518479585647583 0.3842397928237915 0.518479585647583 0.380859375 0.5234875679016113 0.37860578298568726 0.5289963881174723 0.3707181513309479 0.5274939934412638 0.37034255266189575 0.5014523267745972 0.3744741678237915 0.47791465123494464 0.37973257899284363 0.46188902854919434 0.38311296701431274 0.446364164352417
0 0.4217998683452606 0.5785757303237915 0.43682390451431274 0.5735677083333334 0.4574819803237915 0.5705629189809164 0.46461838483810425 0.571564515431722 0.47137922048568726 0.5615484714508057 0.4740084111690521 0.5485276381174723 0.4691255986690521 0.535506804784139 0.46123796701431274 0.5259915987650553 0.4544771611690521 0.5234875679016113 0.45184797048568726 0.5309995810190836 0.4522235691547394 0.5395132303237915 0.4477163553237915 0.5455228487650553 0.43569710850715637 0.546524445215861 0.4315654933452606 0.5485276381174723 0.4349459111690521 0.5585436820983887 0.43569710850715637 0.5620492696762085 0.43194109201431274 0.569060484568278 0.4263070821762085 0.574569304784139
0 0.3500601053237915 0.8820613225301107 0.3594501316547394 0.8780548572540283 0.37484976649284363 0.8920772870381674 0.38949820399284363 0.9081029891967773 0.3985126316547394 0.9156150023142496 0.40902945399284363 0.9246293703715006 0.41879507899284363 0.9386518796284994 0.42743390798568726 0.9516727129618326 0.4345703125 0.9606870810190836 0.43194109201431274 0.965194304784139 0.41917067766189575 0.9686999320983887 0.40640023350715637 0.9666967391967773 0.39776140451431274 0.9546775023142496 0.38837140798568726 0.9336438179016113 0.38348859548568726 0.9281349976857504 0.37109375 0.925631046295166 0.3643329441547394 0.9216245810190836 0.36020132899284363 0.9106069405873617 0.3568209111690521 0.9000901381174723 0.35531851649284363 0.892578125
0 0.43971148133277893 0.9796419938405355 0.44436177611351013 0.9624187151590983 0.44229498505592346 0.9458843072255453 0.4526289701461792 0.941750685373942 0.46606317162513733 0.9389949639638265 0.47484704852104187 0.9376171429951986 0.4820808470249176 0.9383060137430826 0.48156416416168213 0.9534626007080078 0.4836309552192688 0.9624187151590983 0.48001405596733093 0.9679301579793295 0.4727802574634552 0.9734416007995605 0.46141287684440613 0.9741305510203043 0.451078861951828 0.9782641728719076
0 0.2912836968898773 0.9830899238586426 0.30787888169288635 0.9592609405517578 0.3225592374801636 0.9575588703155518 0.3327716588973999 0.9507505893707275 0.3417075276374817 0.935431957244873 0.36021751165390015 0.933729887008667 0.3614940643310547 0.9473464488983154 0.35128167271614075 0.9618140856424967 0.35319650173187256 0.9779837131500244 0.3180913031101227 0.9830899238586426 0.3027726709842682 0.9830899238586426
0 0.4808517098426819 0.9822389284769694 0.4808517098426819 0.9737285772959391 0.49234068393707275 0.966069221496582 0.5051062107086182 0.9635161558787028 0.5134037733078003 0.964367151260376 0.5229779481887817 0.9796857833862305 0.5236161947250366 0.9839409987131754 0.5051062107086182 0.9839409987131754 0.49827027320861816 0.984375 0.48340481519699097 0.984375
0 0.5465941429138184 0.9839409987131754 0.5580831170082092 0.9737285772959391 0.5651041865348816 0.9618140856424967 0.5753166079521179 0.9533037344614664 0.5855290293693542 0.9550058046976725 0.5970180034637451 0.9618140856424967 0.5957414507865906 0.9745795726776123 0.5842524766921997 0.9839409987131754
0 0.7412683963775635 0.6026773452758789 0.7476511597633362 0.5882097482681274 0.7578635811805725 0.5779973268508911 0.7719056606292725 0.5584235588709513 0.7789266705513 0.549913207689921 0.7885008454322815 0.5635297695795695 0.7923305034637451 0.5822525024414062 0.7833946347236633 0.5899118185043335 0.789777398109436 0.6009752750396729 0.8006280660629272 0.606081485748291 0.7942453026771545 0.6188470125198364 0.7910539507865906 0.6324635744094849 0.7942453026771545 0.6401228904724121 0.8050959706306458 0.638420820236206 0.8089256286621094 0.6426759958267212 0.8076490759849548 0.6648028691609701 0.8089256286621094 0.6869297822316488 0.8165849447250366 0.7048015594482422 0.8248825669288635 0.722673257191976 0.8140318393707275 0.7430981000264486 0.8089256286621094 0.7541615962982178 0.7999897599220276 0.7482043107350668 0.7853094339370728 0.7294815381368002 0.7757353186607361 0.7133119106292725 0.7750970125198364 0.7133119106292725 0.7616932392120361 0.7048015594482422 0.7489277124404907 0.7073546250661215 0.7374387383460999 0.7030994892120361 0.7444597482681274 0.6886318524678549 0.7495659589767456 0.6750152905782064 0.7610549330711365 0.6648028691609701 0.762331485748291 0.6511863470077515 0.7527573704719543 0.635016679763794 0.7412683963775635 0.6231021881103516 0.7355238795280457 0.6154428720474243 0.7348856329917908 0.6086345911026001
0 0.711907684803009 0.48948971430460614 0.7182904481887817 0.5005531708399454 0.7297794222831726 0.5107655922571818 0.7412683963775635 0.5048083464304606 0.7502042651176453 0.5056593815485636 0.742544949054718 0.518424908320109 0.7393535375595093 0.5362966458002726 0.742544949054718 0.549913207689921 0.7489277124404907 0.5575725237528483 0.7559487223625183 0.5635297695795695 0.7610549330711365 0.5533173481623331 0.7674376964569092 0.5405518213907877 0.7770118713378906 0.5371476809183756 0.7802032232284546 0.517573873202006 0.7802032232284546 0.4911917845408122 0.7878625392913818 0.47757522265116376 0.796160101890564 0.4690648714701335 0.798713207244873 0.4639586607615153 0.7923305034637451 0.4597034851710002 0.7859477400779724 0.4511931339899699 0.7795649766921997 0.4477889935175578 0.7699908018112183 0.4486400286356608 0.759140133857727 0.4486400286356608 0.7521190643310547 0.4452358881632487 0.7444597482681274 0.4511931339899699 0.7393535375595093 0.4597034851710002 0.7374387383460999 0.46821383635203045 0.725949764251709 0.4733200470606486 0.7189286947250366 0.4750221172968547
0 0.8421159982681274 0.7116098403930664 0.8536049723625183 0.6894829273223877 0.8670088052749634 0.6733132203420004 0.8733915686607361 0.6503353118896484 0.8810508847236633 0.6290594339370728 0.8861570954322815 0.6222511529922485 0.893816351890564 0.6299104690551758 0.907220184803009 0.6316125392913818 0.9148795008659363 0.6222511529922485 0.9276450276374817 0.6333146095275879 0.9346660375595093 0.6469311714172363 0.9276450276374817 0.6588456630706787 0.9225388169288635 0.6699090798695883 0.921262264251709 0.6886318524678549 0.9282832741737366 0.6860787868499756 0.9321129322052002 0.692035992940267 0.9372191429138184 0.6894829273223877 0.9397722482681274 0.6750152905782064 0.9474315643310547 0.6750152905782064 0.951899528503418 0.6826746463775635 0.9512612223625183 0.697993278503418 0.9442402124404907 0.7201201915740967 0.9333894848823547 0.7345877488454183 0.9206239581108093 0.7465022404988607 0.9110498428344727 0.7482043107350668 0.9008374214172363 0.7413960297902426 0.8899867534637451 0.7473533153533936 0.8810508847236633 0.7456512451171875 0.8791360259056091 0.7269284725189209 0.8650939464569092 0.7260773976643881 0.8523284196853638 0.7235243320465088
0 0.910411536693573 0.7558636665344238 0.9231770634651184 0.7541615962982178 0.9327512383460999 0.7465022404988607 0.9436019062995911 0.7371408939361572 0.9525377750396729 0.7439491748809814 0.957643985748291 0.762671947479248 0.9595588445663452 0.7779905001322428 0.9570057392120361 0.7865008513132731 0.9493464231491089 0.7975643475850424 0.9442402124404907 0.8009684880574545 0.9308363795280457 0.7890539964040121 0.9250919222831726 0.7907560666402181 0.9142411947250366 0.7941602071126302 0.9084967374801636 0.7899049917856852 0.9053053259849548 0.7745863596598307
0 0.8625408411026001 0.8111809094746908 0.8682853579521179 0.7984153429667155 0.8772212266921997 0.7899049917856852 0.890625 0.7856498559316 0.8982843160629272 0.787351926167806 0.8995608687400818 0.8018194834391276 0.9014756679534912 0.81373397509257 0.9027522206306458 0.8239463965098063 0.9014756679534912 0.8341588179270426 0.8970077633857727 0.8358608881632487 0.8836039900779724 0.8239463965098063 0.874029815196991 0.8213933308919271 0.8638173937797546 0.8205422560373942
0 0.9078584313392639 0.8001174132029215 0.9059436321258545 0.8111809094746908 0.9116880893707275 0.8196912606557211 0.9167943000793457 0.8188401858011881 0.9199857115745544 0.8103298346201578 0.921262264251709 0.7984153429667155 0.9187091588973999 0.7984153429667155
0 0.6863766312599182 0.7405450344085693 0.6953125 0.7558636665344238 0.7055249214172363 0.7745863596598307 0.7131842374801636 0.7720332940419515 0.7131842374801636 0.7643740177154541 0.7074397206306458 0.7448001702626547 0.7016952633857727 0.7388429641723633 0.6959507465362549 0.7362898190816244
0 0.7099928259849548 0.784798781077067 0.7163755893707275 0.7779905001322428 0.7227583527565002 0.7711822191874186 0.7342473268508911 0.7754374345143636 0.7476511597633362 0.7865008513132731 0.7559487223625183 0.7941602071126302 0.7489277124404907 0.8077767690022787 0.7431831955909729 0.8171381155649821 0.731694221496582 0.81373397509257 0.7227583527565002 0.8069256941477457 0.7144607901573181 0.7984153429667155
0 0.24277471005916595 0.7337367534637451 0.24532781541347504 0.7201201915740967 0.24979574978351593 0.7065036296844482 0.2619229853153229 0.7082056999206543 0.274050235748291 0.7141629060109457 0.28234782814979553 0.7252264022827148 0.2868157625198364 0.7405450344085693 0.2912836968898773 0.7575657367706299 0.2912836968898773 0.7745863596598307 0.2868157625198364 0.787351926167806 0.281071275472641 0.7941602071126302 0.2766033411026001 0.8103298346201578 0.2657526433467865 0.8043726285298666 0.25617849826812744 0.7958622773488363 0.25554025173187256 0.7796925703684489 0.25362542271614075 0.7711822191874186 0.24915747344493866 0.760969877243042 0.24724264442920685 0.7482043107350668
0 0.2746885120868683 0.6792705059051514 0.2912836968898773 0.6665049393971761 0.3002195656299591 0.6639518737792969 0.31043198704719543 0.6733132203420004 0.31043198704719543 0.6869297822316488 0.3200061321258545 0.6928870677947998 0.3302185535430908 0.6894829273223877 0.3391544222831726 0.6886318524678549 0.3455371856689453 0.6852277119954427 0.3474520146846771 0.6809725761413574 0.35766440629959106 0.6928870677947998 0.36021751165390015 0.7013974189758301 0.3506433963775635 0.7099077701568604 0.34426063299179077 0.7167160511016846 0.33787786960601807 0.7184181213378906 0.32958027720451355 0.7209711869557699 0.3346864879131317 0.7328856786092123 0.34426063299179077 0.7422471046447754 0.35383474826812744 0.7541615962982178 0.36277061700820923 0.7669270833333334 0.3672385513782501 0.7762884298960367 0.3704299330711365 0.7924581368764242 0.3659619987010956 0.8043726285298666 0.35766440629959106 0.8128829797108968 0.3455371856689453 0.8196912606557211 0.335324764251709 0.8230954011281332 0.3174530267715454 0.8307546774546305 0.3085171580314636 0.8358608881632487 0.3091554343700409 0.8196912606557211 0.31043198704719543 0.8018194834391276 0.30979371070861816 0.7907560666402181 0.3180913031101227 0.7839477856953939 0.32319751381874084 0.7771395047505697 0.3193678557872772 0.7703312238057455 0.31043198704719543 0.7711822191874186 0.3046875 0.7601188023885092 0.30341094732284546 0.7448001702626547 0.29511335492134094 0.7354388236999512 0.2868157625198364 0.7252264022827148 0.28170955181121826 0.7133119106292725 0.28234782814979553 0.7022484143575033 0.2785181701183319 0.6877808570861816
0 0.9365808963775635 0.8103298346201578 0.9442402124404907 0.8103298346201578 0.951899528503418 0.8222443262736002 0.9627501964569092 0.8247974713643392 0.9755157232284546 0.8196912606557211 0.9831750392913818 0.8120319048563639 0.9901960492134094 0.8145850499471029 0.9990234375 0.8211238384246826 0.9990234375 0.880965789159139 0.9990234375 0.9226664702097574 0.9990234375 0.9507505893707275 0.9889194965362549 0.9269216060638428 0.9844515919685364 0.9175602595011393 0.9767922759056091 0.9141561190287272 0.9723243713378906 0.907347838083903 0.9780688285827637 0.8894761403401693 0.9659416079521179 0.8818167845408121 0.9525377750396729 0.8801147143046061 0.9416871070861816 0.8835188547770182 0.9353043437004089 0.8852209250132242 0.9282832741737366 0.8843699296315511 0.9250919222831726 0.8690512975056967 0.924453616142273 0.8613919417063395 0.9180708527565002 0.85032852490743 0.9180708527565002 0.8341588179270426 0.927006721496582 0.8222443262736002
0 0.8287122249603271 0.9116029739379883 0.8453074097633362 0.8971354166666666 0.8625408411026001 0.8911782105763754 0.8797743320465088 0.8894761403401693 0.8893484473228455 0.8937312761942545 0.8912632465362549 0.9056457678476969 0.8989225625991821 0.9218153953552246 0.9021139740943909 0.9311768213907877 0.9008374214172363 0.9439423084259033 0.9008374214172363 0.9618140856424967 0.9059436321258545 0.9694733619689941 0.9155177474021912 0.970324436823527 0.9225388169288635 0.9711754322052002 0.9250919222831726 0.9796857833862305 0.9238153696060181 0.9839409987131754 0.9040287733078003 0.9839409987131754 0.8880718946456909 0.9830899238586426 0.8810508847236633 0.9796857833862305 0.8778594732284546 0.9711754322052002 0.8733915686607361 0.9626650810241699 0.8644556999206543 0.9567078749338785 0.856796383857727 0.9456443786621094 0.8440308570861816 0.9379851023356119 0.8357332348823547 0.9277726809183756
0 0.9110498428344727 0.9490485191345215 0.9116880893707275 0.9388360977172852 0.9167943000793457 0.9303257465362549 0.9257301688194275 0.9277726809183756 0.9289215803146362 0.9252195358276367 0.9416871070861816 0.9124540487925211 0.9429636597633362 0.8979864120483398 0.9448784589767456 0.8920292059580485 0.9563674330711365 0.8962844212849935 0.9608353972434998 0.903092622756958 0.968494713306427 0.9167091846466064 0.9780688285827637 0.9371340274810791 0.9742391705513 0.9575588703155518 0.9787071347236633 0.9677712917327881 0.9857281446456909 0.9669202963511149 0.9978553652763367 0.966069221496582 0.9990234375 0.9754136403401693 0.9990234375 0.984375 0.9748774766921997 0.9839409987131754 0.9601970911026001 0.9822389284769694 0.9448784589767456 0.9839409987131754 0.9340277910232544 0.9839409987131754 0.9289215803146362 0.9788347880045573 0.9295598268508911 0.9677712917327881 0.9295598268508911 0.9498995939890543 0.9238153696060181 0.9405381679534912
0 0.6924612522125244 0.28506120045979816 0.7038663029670715 0.27460652589797974 0.7138457894325256 0.2651022672653198 0.7231124639511108 0.2565484245618184 0.7352303862571716 0.2555980086326599 0.7487739324569702 0.2508458693822225 0.7566149830818176 0.24989545345306396 0.7651687860488892 0.25179630517959595 0.7758610844612122 0.26225097974141437 0.782276451587677 0.27270567417144775 0.7844149470329285 0.2926646073659261 0.7801380157470703 0.2993175983428955 0.7651687860488892 0.30502015352249146 0.7566149830818176 0.3107227087020874 0.7480611205101013 0.3287808100382487 0.7430713772773743 0.3430371681849162 0.7359431982040405 0.3430371681849162 0.7345175743103027 0.32783035437266034 0.7345175743103027 0.3135739763577779 0.7338047623634338 0.304069717725118 0.7209739685058594 0.2993175983428955 0.7095688581466675 0.29456545909245807 0.701015055179596 0.2917141914367676
0 0.4137488603591919 0.6481238603591919 0.42943087220191956 0.632917046546936 0.4365590810775757 0.6186606486638387 0.4444001019001007 0.6034538348515829 0.46079492568969727 0.6015530029932658 0.47006160020828247 0.6006025870641073 0.4757641553878784 0.6015530029932658 0.4757641553878784 0.6186606486638387 0.48645642399787903 0.6262640555699667 0.5 0.634817918141683 0.497148722410202 0.6471734444300333 0.48645642399787903 0.6576281388600668 0.48217952251434326 0.6699836254119873 0.49572309851646423 0.6899425983428955 0.5099794864654541 0.7032485802968343 0.5099794864654541 0.7089510758717855 0.492158979177475 0.7108519872029623 0.4786154329776764 0.708000659942627 0.46293339133262634 0.6946947574615479 0.45152828097343445 0.6823391914367676 0.44226163625717163 0.6747357845306396 0.43228214979171753 0.6718845367431641 0.4215898811817169 0.6699836254119873
0 0.49643591046333313 0.6576281388600668 0.5028512477874756 0.679487943649292 0.510692298412323 0.6823391914367676 0.521384596824646 0.6661819616953532 0.5292255878448486 0.6519255638122559 0.5384922623634338 0.6443221569061279 0.5498973727226257 0.646222988764445 0.5598767995834351 0.6585785547892252 0.5577383637428284 0.6395700375239054 0.5498973727226257 0.6291153430938721 0.5406306982040405 0.627214511235555 0.5277999639511108 0.6291153430938721 0.5114051103591919 0.6319666306177775 0.5028512477874756 0.6433717409769694
0 0.5313640236854553 0.6899425983428955 0.526374340057373 0.681388775507609 0.5313640236854553 0.6680827935536703 0.5370665788650513 0.6576281388600668 0.5449076294898987 0.6528759797414144 0.5527486205101013 0.6576281388600668 0.5620152950286865 0.6699836254119873 0.5691434741020203 0.6851904392242432 0.5691434741020203 0.7013476689656576 0.5670050382614136 0.7118024031321207 0.5570255517959595 0.7146536509195963 0.5498973727226257 0.7060998280843099 0.5427691340446472 0.6975460052490234
0 0.6176151633262634 0.9836241404215494 0.6104869842529297 0.9731694857279459 0.619040846824646 0.9579626719156901 0.6183280348777771 0.9456071058909098 0.6204664707183838 0.9370532830556234 0.6290202736854553 0.9399046103159586 0.6382869482040405 0.9342020352681478 0.6389997601509094 0.9199456373850504 0.6447023153305054 0.9151934782663981 0.6496920585632324 0.911391814549764 0.6418510675430298 0.894284168879191 0.6447023153305054 0.8857303460439047 0.6546818017959595 0.8809781869252523 0.6703638434410095 0.8714739481608073 0.6824817657470703 0.8676722049713135 0.6931740641593933 0.859118382136027 0.7031534910202026 0.8610192139943441 0.7152714133262634 0.8695730368296305 0.7338047623634338 0.8714739481608073 0.7480611205101013 0.8724243640899658 0.7559021711349487 0.8838294347127279 0.7544764876365662 0.9075900713602701 0.7616047263145447 0.922796885172526 0.7737226486206055 0.9437062740325928 0.7701585292816162 0.956061840057373 0.7637431621551514 0.9712686538696289 0.7616047263145447 0.982673724492391 0.7509124279022217 0.9788720607757568 0.7409329414367676 0.9617643356323242 0.7281022071838379 0.9418054421742758 0.7152714133262634 0.9294498761494955 0.706004798412323 0.9275490442911783 0.700302243232727 0.9323012034098307 0.6938868761062622 0.9513096809387207 0.6945996880531311 0.9731694857279459 0.7052919864654541 0.9807728926340739 0.6782048344612122 0.9807728926340739 0.6504048705101013 0.9807728926340739 0.6304459571838379 0.9817233085632324
0 0.7894046306610107 0.2698543866475423 0.7936815619468689 0.26320141553878784 0.8043738603591919 0.26605268319447833 0.8136405348777771 0.2765073776245117 0.8229071497917175 0.28506120045979816 0.8214815258979797 0.29361504316329956 0.8079379796981812 0.29361504316329956 0.79296875 0.2926646073659261 0.7908303141593933 0.28411078453063965
0 0.8243327736854553 0.27270567417144775 0.8357378840446472 0.26130056381225586 0.8435789346694946 0.25464757283528644 0.8528455495834351 0.25464757283528644 0.8478558659553528 0.27365609010060626 0.8542712330818176 0.28696205218633014 0.8678147792816162 0.2898133397102356 0.8792198896408081 0.29361504316329956 0.885635256767273 0.300268014272054 0.885635256767273 0.3154748280843099 0.8820711970329285 0.3240286509195964 0.8699532151222229 0.32497910658518475 0.8571224808692932 0.32783035437266034 0.8450045585632324 0.32783035437266034 0.8335994482040405 0.31452441215515137 0.8278968930244446 0.30502015352249146 0.8314610123634338 0.2917141914367676 0.8307482004165649 0.2831603487332662
0 0.44083598256111145 0.8230021794637045 0.43941035866737366 0.7963902950286865 0.4550923705101013 0.7792826493581136 0.47362568974494934 0.7583732604980469 0.4779025912284851 0.7403151988983154 0.4914461672306061 0.7498194376627604 0.5078409910202026 0.7564724286397299 0.5349281430244446 0.7574228445688883 0.5563127398490906 0.7488690217336019 0.5648665428161621 0.7422160307566324 0.5805485844612122 0.7555220127105713 0.5848255157470703 0.7659766674041748 0.5798357725143433 0.7849851449330648 0.5805485844612122 0.804944117863973 0.5841127038002014 0.8268039226531982 0.5862511396408081 0.8524653911590576 0.5855383276939392 0.8610192139943441 0.5719947814941406 0.8610192139943441 0.5570255517959595 0.8524653911590576 0.5498973727226257 0.8439115683237711 0.5313640236854553 0.847713311513265 0.5242358446121216 0.8344073295593262 0.5142563581466675 0.8344073295593262 0.5092666745185852 0.8410603205362955 0.5071281790733337 0.849614143371582 0.5128307342529297 0.8638705412546793 0.5064153671264648 0.8657713731129965 0.497148722410202 0.85721755027771 0.4871692657470703 0.8524653911590576 0.4800410568714142 0.8610192139943441 0.47077441215515137 0.8676722049713135 0.4536667466163635 0.8676722049713135 0.4458257257938385 0.85721755027771 0.43941035866737366 0.8410603205362955
0 0.2063184380531311 0.11683584252993266 0.21202097833156586 0.12253839770952861 0.2184363603591919 0.13679478565851846 0.2291286438703537 0.1558033029238383 0.23554402589797974 0.15675371885299683 0.24195939302444458 0.13774521152178446 0.24694913625717163 0.11493499080340068 0.23411838710308075 0.11493499080340068 0.22342608869075775 0.11588541666666667
1 0.19796620309352875 0.15339108308156332 0.21176545321941376 0.14914515614509583 0.21707285940647125 0.1661288539568583 0.22450323402881622 0.18523550033569336 0.22556470334529877 0.20221920808156332 0.21494989097118378 0.22132585446039835 0.2022121250629425 0.21707993745803833 0.19106657803058624 0.21071104208628336 0.18682065606117249 0.2000962495803833 0.18894360959529877 0.17603600025177002 0.19212806224822998 0.15975995858510336
1 0.22981062531471252 0.16754416624704996 0.2388332188129425 0.16966712474822998 0.24467135965824127 0.1816972295443217 0.24307914078235626 0.19160439570744833 0.23511803150177002 0.19231204191843668 0.23087210953235626 0.18382020791371664
1 0.22291100025177002 0.22274116675059 0.230341374874115 0.20858808358510336 0.23671026527881622 0.20080389579137167 0.24732506275177002 0.2000962495803833 0.25634765625 0.21071104208628336 0.26590099930763245 0.2284023960431417 0.27333134412765503 0.2361866037050883 0.26802393794059753 0.2489243745803833 0.25581690669059753 0.24821670850118002 0.242548406124115 0.24255547920862833 0.23193359375 0.23477129141489664 0.22768767178058624 0.22627943754196167
1 0.25687840580940247 0.11093184351921082 0.26802393794059753 0.11163948973019917 0.2770465314388275 0.12225430210431416 0.2844769060611725 0.13853034377098083 0.28023096919059753 0.16683650016784668 0.26430875062942505 0.17037477095921835 0.2526324689388275 0.16471354166666666 0.245732843875885 0.1583446462949117 0.25157099962234497 0.133576770623525 0.25369396805763245 0.11800837516784668
0 0.16293732821941376 0.054319520791371666 0.17514435946941376 0.04865828653176626 0.18310546875 0.04228940109411875 0.1884128749370575 0.031674593687057495 0.196904718875885 0.03096693754196167 0.20274285972118378 0.03379755218823751 0.20539656281471252 0.0571501354376475 0.2128269374370575 0.0698879063129425 0.22556470334529877 0.08121037483215332 0.23511803150177002 0.08404098947842915 0.24307914078235626 0.09394814570744832 0.245732843875885 0.10314764579137166 0.23458729684352875 0.11022418737411499 0.221318781375885 0.10951653122901917 0.20645804703235626 0.10951653122901917 0.19478176534175873 0.11163948973019917 0.18894360959529877 0.11305480202039082 0.18416695296764374 0.12508491675059 0.184697687625885 0.135699729124705 0.17302140593528748 0.12225430210431416 0.16346807777881622 0.112347145875295 0.15816067159175873 0.10173233350118001 0.1655910313129425 0.09111753106117249 0.16983695328235626 0.07767210404078166 0.169306218624115 0.06422667702039082
1 0.10508661717176437 0.26520041624705 0.11941660940647125 0.28006114562352497 0.132685124874115 0.2814764579137166 0.14436140656471252 0.2729846040407817 0.13533882796764374 0.25812387466430664 0.12631623446941376 0.2517549792925517 0.1167629063129425 0.24963202079137167
1 0.15869140625 0.26944633324941 0.16346807777881622 0.24397079149881998 0.16824473440647125 0.23194066683451334 0.17461362481117249 0.23477129141489664 0.18575917184352875 0.24114016691843668 0.18947435915470123 0.2538779377937317 0.19106657803058624 0.2701539794603984 0.18098250031471252 0.27793818712234497 0.16983695328235626 0.2786458333333333
1 0.08651070296764374 0.30412137508392334 0.10933253914117813 0.29350656270980835 0.11782439053058624 0.29421422878901166 0.11729364842176437 0.31756681203842163 0.10614810138940811 0.3253509998321533 0.09606403112411499 0.32252037525177 0.08597996085882187 0.31261322895685834
1 0.12366253137588501 0.3154438336690267 0.12684698402881622 0.294921875 0.13374660909175873 0.2871376872062683 0.14595364034175873 0.2765228748321533 0.15391473472118378 0.27581520875295 0.16506029665470123 0.2814764579137166 0.17355214059352875 0.2892606457074483 0.17142917215824127 0.31756681203842163 0.17992103099822998 0.3444576660792033 0.17567510902881622 0.3487035830815633 0.16134510934352875 0.34375 0.148076593875885 0.3409193754196167 0.132685124874115 0.33242754141489667 0.12684698402881622 0.3232280413309733
1 0.26590099930763245 0.2666157086690267 0.27757728099823 0.2510473330815633 0.28394615650177 0.24184783299763998 0.29243800044059753 0.24184783299763998 0.30039912462234497 0.24680139621098837 0.30252209305763245 0.26095447937647503 0.30039912462234497 0.27723052104314166 0.28819209337234497 0.2899682919184367 0.2786387503147125 0.29633718729019165 0.26908543705940247 0.28855297962824505
1 0.2828846871852875 0.19160439570744833 0.30039912462234497 0.19868093729019165 0.29296875 0.21354166666666666 0.2860691249370575 0.20575747887293497
1 0.29562243819236755 0.22274116675059 0.30464503169059753 0.20575747887293497 0.30623725056648254 0.21991056203842163 0.30517578125 0.22981770833333334 0.2998683750629425 0.23477129141489664
1 0.3030528128147125 0.2432631254196167 0.30995243787765503 0.23477129141489664 0.31685206294059753 0.24397079149881998 0.32322096824645996 0.2560008962949117 0.3210979998111725 0.26095447937647503 0.31154465675354004 0.26095447937647503 0.306768000125885 0.256708562374115
1 0.35400390625 0.26732337474823 0.36355724930763245 0.24821670850118002 0.37045687437057495 0.24255547920862833 0.38160240650177 0.25529325008392334 0.37098759412765503 0.26732337474823 0.364618718624115 0.27723052104314166 0.35665759444236755 0.27369225025177
1 0.3699261248111725 0.28289175033569336 0.3805409371852875 0.26590806245803833 0.3885020315647125 0.256708562374115 0.3959324061870575 0.25812387466430664 0.40867018699645996 0.2595391670862834 0.41397759318351746 0.26944633324941 0.40760868787765503 0.2814764579137166 0.40760868787765503 0.2998754580815633 0.4065472185611725 0.31402854124705 0.40548571944236755 0.3196897506713867 0.40017834305763245 0.3274739583333333 0.390625 0.33242754141489667 0.37947943806648254 0.32676629225413006 0.37364131212234497 0.307659645875295
1 0.19053582847118378 0.02318274478117625 0.20327360928058624 0.012567934890588125 0.20964249968528748 0.0013020833333333333 0.21229620277881622 0.0013020833333333333 0.22768767178058624 0.0013020833333333333 0.23617951571941376 0.0013020833333333333 0.22715692222118378 0.0013020833333333333 0.22184953093528748 0.010444973905881247 0.21654212474822998 0.017521513005097706 0.20964249968528748 0.02105978379646937 0.2022121250629425 0.02389039844274521 0.19637398421764374 0.024598052104314167
1 0.22715692222118378 0.01610620568195979 0.23405656218528748 0.003368433564901352 0.23989470303058624 0.0013020833333333333 0.24467135965824127 0.0013020833333333333 0.254755437374115 0.0013020833333333333 0.26430875062942505 0.005491394549608231 0.27173912525177 0.028843974073727924 0.28076171875 0.04936594267686208 0.27333134412765503 0.05290421346823374 0.2584706246852875 0.05856544276078542 0.2494480311870575 0.05361186464627584 0.24042543768882751 0.03379755218823751 0.23193359375 0.02318274478117625
1 0.20698879659175873 0.03733582297960917 0.2128269374370575 0.028136322895685833 0.22291100025177002 0.020352127651373546 0.23458729684352875 0.03308990101019541 0.242548406124115 0.04865828653176626 0.24785581231117249 0.063519020875295 0.24307914078235626 0.07059556245803833 0.23617951571941376 0.07484148939450581 0.22609545290470123 0.07342617710431416 0.21654212474822998 0.063519020875295 0.21017323434352875 0.05290421346823374
1 0.24201765656471252 0.08191802104314168 0.24891729652881622 0.07554913560549419 0.25740912556648254 0.06918025016784668 0.26430875062942505 0.06422667702039082 0.27970024943351746 0.06210371355215708 0.27810803055763245 0.07201086481412251 0.2770465314388275 0.086871604124705 0.28182318806648254 0.09890171885490417 0.27970024943351746 0.10314764579137166 0.26802393794059753 0.10385530193646748 0.25634765625 0.10243998964627583 0.24891729652881622 0.09677876035372417
1 0.17673657834529877 0.30199841658274335 0.18310546875 0.2850147287050883 0.1900050938129425 0.27581520875295 0.20380434393882751 0.2701539794603984 0.21017323434352875 0.26024683316548664 0.21919582784175873 0.24963202079137167 0.22556470334529877 0.24538610378901163 0.2388332188129425 0.24821670850118002 0.25210171937942505 0.254585603872935 0.26112431287765503 0.258831520875295 0.26271653175354004 0.27793818712234497 0.26590099930763245 0.29846014579137164 0.26802393794059753 0.3218127091725667 0.26961615681648254 0.33525816599527997 0.25900134444236755 0.3380887508392334 0.24891729652881622 0.34233470757802326 0.24732506275177002 0.35294950008392334 0.24520210921764374 0.3635642925898234 0.23511803150177002 0.3642719586690267 0.22184953093528748 0.3642719586690267 0.205927312374115 0.36073370774586994 0.19212806224822998 0.35507245858510333 0.18682065606117249 0.35011887550354004 0.17992103099822998 0.33455049991607666 0.17673657834529877 0.3211050828297933
1 0.18045176565647125 0.3621490001678467 0.18947435915470123 0.3614413340886434 0.20008917152881622 0.3685178756713867 0.20698879659175873 0.37842504183451336 0.2144191563129425 0.39611637592315674 0.22291100025177002 0.4081465005874634 0.23246432840824127 0.42017662525177 0.23246432840824127 0.43432970841725665 0.22927989065647125 0.44565216700236004 0.22238026559352875 0.4463598330815633 0.2144191563129425 0.43432970841725665 0.2022121250629425 0.4258378744125366 0.19318953156471252 0.4258378744125366 0.18735139071941376 0.4173460006713867 0.184697687625885 0.4109771251678467 0.18363620340824127 0.39399341742197674 0.181513249874115 0.3763020833333333
1 0.2860691249370575 0.18028193712234497 0.2860691249370575 0.16259058316548666 0.28978431224823 0.14489922920862833 0.29562243819236755 0.1441915730635325 0.315790593624115 0.14985281229019165 0.3274668753147125 0.15763700008392334 0.32322096824645996 0.16966712474822998 0.31313687562942505 0.18382020791371664 0.30570653080940247 0.1894814372062683 0.2950917184352875 0.1894814372062683 0.29031506180763245 0.186650812625885
1 0.28076171875 0.11305480202039082 0.28819209337234497 0.10739357272783916 0.29774540662765503 0.10456294814745586 0.3120754063129425 0.09253283341725667 0.32056725025177 0.08899456262588501 0.32640540599823 0.08899456262588501 0.33595871925354004 0.086871604124705 0.3486965000629425 0.0805027186870575 0.355596125125885 0.07696444789568584 0.36355724930763245 0.08121037483215332 0.36886462569236755 0.09465580185254414 0.3683339059352875 0.11022418737411499 0.36727240681648254 0.12791553139686584 0.35824984312057495 0.14277627070744833 0.34763503074645996 0.14772984385490417 0.3380816876888275 0.14985281229019165 0.3274668753147125 0.14772984385490417 0.3072987496852875 0.14348392685254416 0.29349949955940247 0.13994565606117249 0.2860691249370575 0.1307461460431417 0.2828846871852875 0.12437726060549419
1 0.4150390625 0.07908740639686584 0.42140793800354004 0.0698879063129425 0.43202275037765503 0.07908740639686584 0.44263756275177 0.09253283341725667 0.44847571849823 0.09748641649881999 0.437860906124115 0.12650022904078165 0.42989978194236755 0.12083898981412251 0.42459240555763245 0.10810121893882751 0.4203464686870575 0.09536344806353252
1 0.4373301565647125 0.13711503148078918 0.44900646805763245 0.11517776052157085 0.45590609312057495 0.10527060429255168 0.4638671875 0.10810121893882751 0.45802903175354004 0.13923799991607666 0.453252375125885 0.15409872929255167 0.4431683123111725 0.1689594586690267 0.42989978194236755 0.186650812625885 0.42406165599823 0.20221920808156332 0.42406165599823 0.22061820824941 0.42459240555763245 0.23406362533569336 0.41981571912765503 0.24609375 0.4129160940647125 0.2538779377937317 0.41026240587234497 0.23477129141489664 0.4097316563129425 0.212126354376475 0.41556981205940247 0.19372735420862833 0.428838312625885 0.17532835404078165 0.43679943680763245 0.15551404158274332
1 0.46970534324645996 0.10951653122901917 0.47925865650177 0.10951653122901917 0.48881199955940247 0.1165930728117625 0.4935886561870575 0.135699729124705 0.50048828125 0.15268341700236002 0.5015497803688049 0.16754416624704996 0.5010190010070801 0.18594316641489664 0.49093493819236755 0.20363452037175497 0.4781971871852875 0.22486412525177002 0.46811312437057495 0.235478937625885 0.4601520001888275 0.24397079149881998 0.44847571849823 0.24184783299763998 0.4325534999370575 0.23901720841725668 0.4293690621852875 0.21849524974822998 0.4325534999370575 0.19372735420862833 0.4415760934352875 0.1795742710431417 0.45219090580940247 0.1640058954556783 0.46121349930763245 0.14065330227216086 0.46492865681648254 0.12366961439450581
1 0.4797894060611725 0.28076879183451336 0.48934271931648254 0.27723052104314166 0.49783459305763245 0.28572237491607666 0.50685715675354 0.29846014579137164 0.516941249370575 0.30978260437647503 0.52490234375 0.31756681203842163 0.514287531375885 0.31473618745803833 0.4967730939388275 0.303413728872935 0.48775050044059753 0.2899682919184367
1 0.41822350025177 0.2623697916666667 0.42724609375 0.24680139621098837 0.437860906124115 0.24680139621098837 0.45112940669059753 0.2489243745803833 0.46121349930763245 0.2538779377937317 0.46652087569236755 0.26873868703842163 0.4553753435611725 0.26873868703842163 0.4447605311870575 0.26944633324941 0.4357379376888275 0.2729846040407817 0.43043053150177 0.2786458333333333 0.42406165599823 0.27793818712234497 0.4203464686870575 0.27227693796157837
1 0.2405337542295456 0.42762506008148193 0.25550296902656555 0.4266746441523234 0.28829264640808105 0.41336870193481445 0.3046875 0.39436018466949463 0.31181567907333374 0.36964909235636395 0.3253592550754547 0.3677482604980469 0.35387203097343445 0.3734507958094279 0.3602873980998993 0.3763020833333333 0.36313867568969727 0.3848559061686198 0.3510207533836365 0.39245931307474774 0.34246692061424255 0.3972114324569702 0.32108235359191895 0.41621994972229004 0.30825158953666687 0.4209721088409424 0.293995201587677 0.4323772192001343 0.28829264640808105 0.44568316141764325 0.27902600169181824 0.4561378558476766 0.26690807938575745 0.46659255027770996 0.25407731533050537 0.46469167868296307 0.2405337542295456 0.45898914337158203 0.23340556025505066 0.4532865683237712 0.23696966469287872 0.4409310420354207
1 0.3396156430244446 0.5464282830556234 0.30825158953666687 0.5492795705795288 0.27902600169181824 0.5549821456273397 0.2697593569755554 0.5587838490804037 0.2640568017959595 0.5416761636734009 0.2626311480998993 0.520766814549764 0.26762089133262634 0.5112625360488892 0.2847285568714142 0.5055600007375082 0.2947080433368683 0.4951053063074748 0.30041059851646423 0.4856010675430298 0.307538777589798 0.4865514834721883 0.315379798412323 0.4970061779022217 0.3253592550754547 0.49890700976053876 0.33320027589797974 0.5008078813552856 0.34389257431030273 0.5065104166666666 0.3467438519001007 0.5179155270258585 0.34175410866737366 0.5312214692433676
1 0.3289233446121216 0.5597342650095621 0.3360515534877777 0.5587838490804037 0.3381900191307068 0.588247021039327 0.3289233446121216 0.5825444857279459
1 0.34460538625717163 0.5521308581034342 0.35315921902656555 0.5255189339319865 0.36385151743888855 0.522667646408081 0.3695540726184845 0.5369240442911783 0.3788207173347473 0.5397753318150839 0.38594889640808105 0.5388248761494955 0.4002052843570709 0.5568829774856567 0.41731294989585876 0.5682880878448486 0.4009181261062622 0.574941078821818 0.4009181261062622 0.5863461891810099 0.405195027589798 0.5996521313985189 0.40590783953666687 0.6044042905171713 0.38523608446121216 0.6063051223754883 0.3709796965122223 0.6139085292816162 0.3602873980998993 0.6224623521169027 0.3495951294898987 0.6072555383046468 0.3467438519001007 0.5796931982040405 0.3460310101509094 0.5663872559865316
1 0.17139028012752533 0.5255189339319865 0.17709283530712128 0.49985742568969727 0.18921077251434326 0.49035318692525226 0.20489279925823212 0.4741959571838379 0.2177235335111618 0.462790846824646 0.22271327674388885 0.45803868770599365 0.24267221987247467 0.4703942537307739 0.25407731533050537 0.4770472049713135 0.25764143466949463 0.4970061779022217 0.2597798705101013 0.5093617041905721 0.2583542466163635 0.5255189339319865 0.2590670585632324 0.5492795705795288 0.25407731533050537 0.5587838490804037 0.24552349746227264 0.5692385037740072 0.23625683784484863 0.5758914947509766 0.22556455433368683 0.578742782274882 0.21487225592136383 0.5796931982040405 0.20417997241020203 0.5825444857279459 0.19348768889904022 0.5825444857279459 0.1863594949245453 0.5578333934148153 0.17638002336025238 0.5369240442911783
1 0.391651451587677 0.528370221455892 0.39664119482040405 0.520766814549764 0.4009181261062622 0.4970061779022217 0.40590783953666687 0.46754296620686847 0.4123232066631317 0.4703942537307739 0.42087703943252563 0.46659255027770996 0.4258667826652527 0.4447327454884847 0.4329949915409088 0.4608899752298991 0.4451129138469696 0.4741959571838379 0.45295393466949463 0.47894807656606037 0.4472513794898987 0.4951053063074748 0.4472513794898987 0.5150642395019531 0.4444001019001007 0.528370221455892 0.4444001019001007 0.5369240442911783 0.44083598256111145 0.5378744602203369 0.42871806025505066 0.5407257477442423 0.4258667826652527 0.5492795705795288 0.4244411587715149 0.5597342650095621 0.4137488603591919 0.5559325615564982 0.4030565619468689 0.5483291546503702 0.39521557092666626 0.5369240442911783
1 0.019745290279388428 0.11320990324020386 0.025096317753195763 0.09091395139694214 0.04382491484284401 0.09358946482340495 0.059877995401620865 0.10964255531628926 0.0699111744761467 0.1203446090221405 0.06924229115247726 0.14264055093129477 0.06723565608263016 0.1560181180636088 0.05787136033177376 0.1649365027745565 0.04382491484284401 0.14888342221577963 0.032453980296850204 0.14799157778422037 0.026434075087308884 0.13461401065190634 0.023089682683348656 0.12212827801704407
1 0.045831549912691116 0.07842822869618733 0.053858090192079544 0.049889410535494484 0.06790453940629959 0.02670162667830785 0.08061322569847107 0.014215896526972452 0.08596425503492355 0.011540383100509644 0.09666630625724792 0.015107733507951101 0.10870612412691116 0.01956692337989807 0.12141481041908264 0.02670162667830785 0.1354612559080124 0.031160816550254822 0.14081229269504547 0.04543022314707438 0.13479238748550415 0.05702411631743113 0.1281035989522934 0.07486087083816528 0.11338827013969421 0.08288741111755371 0.09733518958091736 0.09091395139694214 0.0812821090221405 0.097156822681427 0.07593107968568802 0.10518336296081543 0.06857341527938843 0.10964255531628926 0.05318921059370041 0.09269763032595317
1 0.0023544521536678076 0.16582834720611572 0.015732020139694214 0.1604773203531901 0.03178510442376137 0.15690996249516806 0.04382491484284401 0.16136914491653442 0.05185145512223244 0.16672017176946005 0.055195849388837814 0.17653040091196695 0.05185145512223244 0.19882633288701376 0.04382491484284401 0.2122039000193278 0.038473885506391525 0.22379779815673828 0.031116224825382233 0.23004066944122314 0.019076412543654442 0.23539169629414877 0.008374357596039772 0.24431008100509644 0.0009765625 0.23748652140299478
1 0.061215754598379135 0.1702875296274821 0.0699111744761467 0.16136914491653442 0.08529537916183472 0.16672017176946005 0.09465967118740082 0.17385488748550415 0.0886397659778595 0.1827732523282369 0.08061322569847107 0.18188142776489258 0.0719178095459938 0.17920591433842978 0.06522902101278305 0.1827732523282369 0.05720248445868492 0.19169163703918457
1 0.005029965657740831 0.29336116711298627 0.015732020139694214 0.302279531955719 0.024427440017461777 0.3094142476717631 0.032453980296850204 0.3103060722351074 0.055195849388837814 0.3067387342453003 0.0699111744761467 0.3013877073923747 0.07726883888244629 0.30049586296081543 0.08261986076831818 0.31922447681427 0.07860659062862396 0.33081833521525067 0.07058005034923553 0.3433040777842204 0.06456014513969421 0.35133063793182373 0.049175940454006195 0.3557898203531901 0.0418182797729969 0.35935715834299725 0.03646725043654442 0.3629244963328044 0.024427440017461777 0.36470818519592285 0.007705479394644499 0.3656000296274821 0.001016695168800652 0.3664918740590413 0.0009765625 0.34005781014760333 0.0009765625 0.3111979166666667
1 0.03646725043654442 0.37005921204884845 0.04850706458091736 0.3629244963328044 0.05920911952853203 0.358465313911438 0.06790453940629959 0.358465313911438 0.06723565608263016 0.36827552318573 0.05787136033177376 0.3736265500386556 0.04783818498253822 0.38343679904937744 0.04248715937137604 0.38878782590230304
1 0.0023544521536678076 0.37451839447021484 0.02242080494761467 0.3736265500386556 0.030447345227003098 0.3736265500386556 0.038473885506391525 0.39681434631347656 0.045831549912691116 0.41019193331400555 0.04516267031431198 0.42089398701985675 0.0418182797729969 0.4289205074310303 0.03646725043654442 0.44408178329467773 0.032453980296850204 0.45300014813741046 0.018407534807920456 0.44229809443155926 0.006367722526192665 0.44318993886311847 0.0009765625 0.44396177927652997 0.0009765625 0.3994898796081543
1 0.050513699650764465 0.43070419629414874 0.060546875 0.4262450138727824 0.06723565608263016 0.44140625 0.07726883888244629 0.44229809443155926 0.08328874409198761 0.44140625 0.09131528437137604 0.4538919925689697 0.0980040654540062 0.4654858907063802 0.10134845972061157 0.47618794441223145 0.10201733559370041 0.49045733610788983 0.09465967118740082 0.49580836296081543 0.0886397659778595 0.5002675453821818 0.08328874409198761 0.5118614435195923 0.0792754739522934 0.5154287815093994 0.06723565608263016 0.5082941055297852 0.04850706458091736 0.49134918053944904 0.04114940017461777 0.4779715935389201 0.03780500963330269 0.4663776954015096 0.04114940017461777 0.451216459274292 0.04516267031431198 0.43873071670532227
1 0.3059231638908386 0.282631794611613 0.3099091053009033 0.27133822441101074 0.3198740482330322 0.27067389090855914 0.33282843232154846 0.2739955385526021 0.34677934646606445 0.27598851919174194 0.3557477593421936 0.2779814998308818 0.36421796679496765 0.2846247951189677 0.3687021732330322 0.3052189548810323 0.37169164419174194 0.3264774481455485 0.37119340896606445 0.3390996853510539 0.3632214665412903 0.35172192255655926 0.35724249482154846 0.360358198483785 0.3442881107330322 0.360358198483785 0.3303372263908386 0.360358198483785 0.3173828125 0.35902953147888184 0.3138950765132904 0.35238627592722577 0.3099091053009033 0.32847046852111816 0.3104073703289032 0.307211955388387 0.3099091053009033 0.2919324040412903
1 0.3627232015132904 0.3630155324935913 0.37218987941741943 0.34640729427337646 0.37866708636283875 0.33577807744344074 0.3881337642669678 0.33710670471191406 0.3936144709587097 0.34640729427337646 0.3951092064380646 0.3583652178446452 0.39211973547935486 0.3749734163284302 0.38514429330825806 0.39158161481221515 0.3801618218421936 0.40221087137858075 0.37218987941741943 0.3902529875437419 0.3657127022743225 0.3749734163284302
1 0.39660394191741943 0.33511372407277423 0.4075653553009033 0.3297990957895915 0.41304609179496765 0.35039329528808594 0.4155372977256775 0.3623511791229248 0.41005659103393555 0.3623511791229248 0.39909517765045166 0.35437925656636554
1 0.44891980290412903 0.4274553457895915 0.4524075388908386 0.4154974619547526 0.46984612941741943 0.4148331085840861 0.4847935140132904 0.41217581431070965 0.5017338991165161 0.4148331085840861 0.508211076259613 0.42346938451131183 0.5047233700752258 0.43542730808258057 0.49426019191741943 0.44273491700490314 0.47931280732154846 0.44937817255655926 0.4748286008834839 0.45934311548868817 0.46934789419174194 0.4732940196990967 0.4598812162876129 0.4739583333333333 0.4573899805545807 0.4679793914159139 0.45589524507522583 0.4460565646489461 0.4529057741165161 0.4374202887217204
1 0.4524075388908386 0.5118250449498495 0.4529057741165161 0.4932238658269246 0.45888471603393555 0.48126594225565594 0.4663584232330322 0.4792729616165161 0.47582510113716125 0.4865805705388387 0.4847935140132904 0.48990221818288165 0.49326372146606445 0.48990221818288165 0.4997408986091614 0.49056653181711835 0.5062181353569031 0.4985384941101074 0.5151865482330322 0.5104963779449463 0.5151865482330322 0.5197969675064087 0.5131935477256775 0.5271045764287313 0.5057198405265808 0.535740852355957 0.49376195669174194 0.542384147644043 0.47931280732154846 0.542384147644043 0.4738321006298065 0.5350765387217203 0.4643654227256775 0.5211256345113119 0.4573899805545807 0.5164753595987955
1 0.4738321006298065 0.47462264696757 0.48030930757522583 0.454692800839742 0.49027422070503235 0.4507068395614624 0.5007374286651611 0.44738519191741943 0.5067163705825806 0.4460565646489461 0.5107023119926453 0.4513711929321289 0.5092076063156128 0.4600074291229248 0.5052216053009033 0.47130103905995685 0.4982461631298065 0.4792729616165161 0.48828125 0.48126594225565594 0.4818040430545807 0.4825946092605591
1 0.5042251348495483 0.2846247951189677 0.511698842048645 0.2680165767669678 0.5156847834587097 0.25672300656636554 0.5346181392669678 0.25473002592722577 0.5525550246238708 0.2480867306391398 0.5635164380073547 0.24210778872172037 0.5724848508834839 0.22749255100886026 0.5694953799247742 0.21354166666666666 0.5620216727256775 0.20889137188593546 0.5470743179321289 0.20889137188593546 0.5356146097183228 0.20955570538838705 0.5226602554321289 0.20889137188593546 0.5256497263908386 0.20158376296361288 0.5420918464660645 0.20025509595870972 0.5520567893981934 0.19959078232447305 0.5565409660339355 0.19494046767552695 0.5630182027816772 0.1889615257581075 0.5670041441917419 0.18364689747492471 0.5714883804321289 0.1816539168357849 0.5834462642669678 0.1863042116165161 0.5929129719734192 0.19095450639724731 0.5949059128761292 0.20756270488103232 0.6003866195678711 0.21952062845230103 0.5944076776504517 0.2175276279449463 0.586933970451355 0.2201849420865377 0.5809550285339355 0.22284225622812906 0.5794603228569031 0.23347151279449463 0.5804567933082581 0.24210778872172037 0.5844427347183228 0.24542941649754843 0.5929129719734192 0.2487510641415914 0.5859375 0.26403061548868817 0.5784637928009033 0.282631794611613 0.5759725570678711 0.2965826988220215 0.5704918503761292 0.3005686601003011 0.5580357313156128 0.3012329936027527 0.5495655536651611 0.3025616407394409 0.5396006107330322 0.3058832883834839 0.5281409621238708 0.3125265638033549 0.5186742544174194 0.3052189548810323 0.5131935477256775 0.2979113459587097 0.5072146058082581 0.2912680705388387
1 0.26058274507522583 0.4786086479822795 0.2685546875 0.47130103905995685 0.2820073366165161 0.46266476313273114 0.2884845435619354 0.4600074291229248 0.29496172070503235 0.4633290767669678 0.3004424571990967 0.4659864107767741 0.30094069242477417 0.4766156276067098 0.2924705147743225 0.4839232762654622 0.2864915430545807 0.49455249309539795 0.27652662992477417 0.5018601020177206 0.26705995202064514 0.5051817496617635 0.26307398080825806 0.5045174360275269 0.2620774805545807 0.49123088518778485
1 0.29097577929496765 0.45269982020060223 0.29496172070503235 0.44273491700490314 0.3034319281578064 0.43077699343363446 0.3099091053009033 0.4267910321553548 0.31887754797935486 0.42546236515045166 0.3288424611091614 0.4188191095987956 0.3393056392669678 0.40818985303243 0.35425302386283875 0.39689624309539795 0.3622249662876129 0.3942389488220215 0.3692004084587097 0.40154655774434406 0.37169164419174194 0.4095184803009033 0.36122846603393555 0.42014773686726886 0.34677934646606445 0.428119699160258 0.3383091390132904 0.4340986410776774 0.3283442258834839 0.44472789764404297 0.3203722834587097 0.45336417357126874 0.3104073703289032 0.45934311548868817 0.30243542790412903 0.4606717824935913 0.2959582209587097 0.45735013484954834
1 0.30542489886283875 0.4766156276067098 0.3064213991165161 0.46665072441101074 0.3168845772743225 0.4606717824935913 0.32934072613716125 0.45269982020060223 0.3388074040412903 0.44207056363423664 0.3482740819454193 0.43476295471191406 0.3587372303009033 0.428119699160258 0.3687021732330322 0.42014773686726886 0.37517938017845154 0.4128401279449463 0.37866708636283875 0.428119699160258 0.37816885113716125 0.44273491700490314 0.3701969087123871 0.4633290767669678 0.36720743775367737 0.4839232762654622 0.3657127022743225 0.5045174360275269 0.3617267310619354 0.515811006228129 0.35375478863716125 0.515811006228129 0.3462810814380646 0.5031887690226237 0.33332669734954834 0.4978741407394409 0.31937578320503235 0.4932238658269246 0.31140387058258057 0.4839232762654622
1 0.46884965896606445 0.37829506397247314 0.48678651452064514 0.36899447441101074 0.4992426633834839 0.3656728267669678 0.5102040767669678 0.35969388484954834 0.5087093710899353 0.33511372407277423 0.5072146058082581 0.3211628595987956 0.517179548740387 0.32315584023793537 0.5231584906578064 0.34042835235595703 0.5321269035339355 0.35637223720550537 0.5435865521430969 0.38360969225565594 0.5490672588348389 0.3988892237345378 0.5440848469734192 0.41151146094004315 0.5336216688156128 0.41616177558898926 0.5176777839660645 0.41616177558898926 0.49675142765045166 0.4095184803009033 0.47981107234954834 0.4055325190226237 0.47582510113716125 0.40154655774434406 0.47283563017845154 0.3909173011779785
1 0.5102040767669678 0.42944832642873126 0.5196707844734192 0.42014773686726886 0.5311304330825806 0.42081209023793537 0.5391023755073547 0.4228050708770752 0.5281409621238708 0.4340986410776774 0.5206672549247742 0.44140625 0.5141900777816772 0.44273491700490314
1 0.5276427268981934 0.327141801516215 0.536112904548645 0.317176878452301 0.5520567893981934 0.31385523080825806 0.5729830861091614 0.3078762690226237 0.5864357352256775 0.3191698392232259 0.5939094424247742 0.32249148686726886 0.5964006781578064 0.33710670471191406 0.5929129719734192 0.3583652178446452 0.5894252061843872 0.3749734163284302 0.5844427347183228 0.3889243205388387 0.5759725570678711 0.3955676158269246 0.5699936151504517 0.3982249101003011 0.5610252022743225 0.3955676158269246 0.5525550246238708 0.3962319294611613 0.5450813174247742 0.3776307503382365 0.5376076102256775 0.3537149429321289 0.5311304330825806 0.33777105808258057
1 0.3168845772743225 0.6686065196990967 0.3273477256298065 0.6672778129577637 0.3383091390132904 0.6639562447865804 0.34080037474632263 0.6759141286214193 0.33980390429496765 0.6818930308024088 0.3278459906578064 0.6845503648122152 0.31837931275367737 0.6852146784464518 0.31638631224632263 0.6818930308024088 0.31588807702064514 0.6759141286214193
1 0.3442881107330322 0.661298910776774 0.3517617881298065 0.6579772631327311 0.3617267310619354 0.6466836929321289 0.36421796679496765 0.6413690646489462 0.3726881444454193 0.6513339678446451 0.38115832209587097 0.6606345971425375 0.3871372640132904 0.6686065196990967 0.3841477930545807 0.6818930308024088 0.37866708636283875 0.6905293464660645 0.36521443724632263 0.6938509941101074 0.3562460243701935 0.6825574239095052 0.3487723171710968 0.6725924809773763
1 0.390625 0.6934645970662435 0.39296406507492065 0.6747520764668783 0.3988117575645447 0.6622769832611084 0.40699851512908936 0.6575988928476969 0.412261426448822 0.6614973545074463 0.41635480523109436 0.6763114134470621 0.4140157103538513 0.6926849683125814 0.40875279903411865 0.7036006450653076 0.39939650893211365 0.702041228612264
1 0.0013020833721384406 0.7486979166666666 0.01171875 0.7356770833333334 0.0234375 0.7391493320465088 0.03515625 0.7513020833333334 0.0423177070915699 0.76171875 0.0475260429084301 0.7816840012868246 0.0455729179084301 0.8033854166666666 0.041015625 0.8138020833333334 0.02669270895421505 0.82421875 0.01822916604578495 0.8285590012868246 0.010416666977107525 0.8051215012868246 0.00390625 0.7877604166666666 0.001953125 0.7686631679534912
1 0.01627604104578495 0.59765625 0.02734375 0.5776909589767456 0.0416666679084301 0.5629340410232544 0.05078125 0.5559895833333334 0.0638020858168602 0.5716145833333334 0.0709635391831398 0.5846354166666666 0.064453125 0.59765625 0.05078125 0.6019965410232544 0.0325520820915699 0.6106770833333334 0.02473958395421505 0.6072048743565878
1 0.0319010429084301 0.621961792310079 0.0501302070915699 0.612413207689921 0.0638020858168602 0.612413207689921 0.0885416641831398 0.6115451256434122 0.1015625 0.6150173743565878 0.1204427108168602 0.6150173743565878 0.1451822966337204 0.6167534589767456 0.1393229216337204 0.6315104166666666 0.1204427108168602 0.62890625 0.1028645858168602 0.629774292310079 0.0911458358168602 0.637586792310079 0.08203125 0.6427951256434122 0.0716145858168602 0.64453125 0.0559895820915699 0.6566840012868246 0.0436197929084301 0.6653645833333334 0.02864583395421505 0.6644965012868246 0.0319010429084301 0.6410590410232544
1 0.35546875 0.0013020833333333333 0.373046875 0.0013020833333333333 0.3990885317325592 0.0013020833333333333 0.4240451455116272 0.0013020833333333333 0.41898149251937866 0.0013020833333333333 0.41391780972480774 0.010657792290051779 0.4001736044883728 0.010657792290051779 0.3893229067325592 0.015480324625968933 0.3763020932674408 0.02608989179134369 0.36689814925193787 0.014515817165374756 0.3589409589767456 0.004870756218830745
1 0.1202256977558136 0.0013020833333333333 0.1375868022441864 0.0013020833333333333 0.1462673544883728 0.0013020833333333333 0.1506076455116272 0.0013020833333333333 0.14916087687015533 0.014515817165374756 0.1397569477558136 0.02223186691602071 0.12818287312984467 0.020302854478359222 0.11226851493120193 0.012586804727713266 0.10431133955717087 0.011622299750645956 0.11299189925193787 0.001977237562338511
1 0.1440972238779068 0.02898340920607249 0.15567129850387573 0.020302854478359222 0.17086227238178253 0.023196374376614887 0.18026620149612427 0.028018906712532043 0.17809607088565826 0.03766396641731262 0.16652199625968933 0.04538001616795858 0.1549479216337204 0.049238041043281555 0.14699074625968933 0.0473090261220932 0.14265047013759613 0.04055748383204142
1 0.19545717537403107 0.664592981338501 0.20196759700775146 0.6520543893178304 0.21209490299224854 0.6472318569819132 0.22149884700775146 0.6684509913126627 0.2287326455116272 0.6819540659586588 0.21498842537403107 0.6877411206563314 0.20124422013759613 0.6771315733591715
1 0.20775462687015533 0.6173321803410848 0.21064814925193787 0.5961130460103353 0.22294560074806213 0.5883969863255819 0.24537037312984467 0.5806809266408285 0.2591145932674408 0.5671778519948324 0.265625 0.5710358619689941 0.25549769401550293 0.5855034589767456 0.24247685074806213 0.5980420509974161 0.23668982088565826 0.6125096480051676 0.2287326455116272 0.622154712677002 0.21426504850387573 0.6269772450129191
1 0.028356481343507767 0.671344518661499 0.04137731343507767 0.6703800360361735 0.0442708320915699 0.6915991306304932 0.04137731343507767 0.7079957326253256 0.029803240671753883 0.7253568967183431 0.021122684702277184 0.7311438719431559 0.016782406717538834 0.7263213793436686 0.02473958395421505 0.7031732400258383 0.02690972201526165 0.6838831106821696
1 0.34447339177131653 0.7272858619689941 0.35604745149612427 0.7147472699483236 0.3676215410232544 0.7060667673746744 0.37557870149612427 0.7012441953023275 0.38353589177131653 0.700279712677002 0.39655670523643494 0.7060667673746744 0.4045138955116272 0.7118537425994873 0.40740740299224854 0.7292149066925049 0.41464120149612427 0.7436824639638265 0.41898149251937866 0.7562210559844971 0.4066840410232544 0.7562210559844971 0.40089699625968933 0.7677951653798422 0.3936631977558136 0.7793691953023275 0.38425925374031067 0.7812982400258383 0.37268519401550293 0.7755111853281657 0.36255785822868347 0.7504340012868246 0.3546006977558136 0.7398244539896647
1 0.41174769401550293 0.7118537425994873 0.421875 0.6887056032816569 0.43127894401550293 0.6848475933074951 0.44212964177131653 0.6867766380310059 0.45515045523643494 0.6983506679534912 0.4674479067325592 0.7079957326253256 0.4717881977558136 0.7128183046976725 0.45949074625968933 0.7282504240671793 0.44719329476356506 0.7475404739379883 0.4327256977558136 0.7571855386098226 0.42259839177131653 0.7504340012868246 0.41391780972480774 0.7282504240671793
1 0.47974535822868347 0.7157118320465088 0.4956597089767456 0.7166763146718343 0.5101273059844971 0.7166763146718343 0.5173611044883728 0.7128183046976725 0.5166377425193787 0.7012441953023275 0.5144675970077515 0.6935281753540039 0.5188078880310059 0.6887056032816569 0.5238715410232544 0.6896701653798422 0.5339988470077515 0.7051022052764893 0.5470196604728699 0.7176407972971598 0.5513599514961243 0.7214988072713217 0.5499131679534912 0.7350019613901774 0.5419560074806213 0.7456115086873373 0.5217013955116272 0.749469518661499 0.49421295523643494 0.7436824639638265 0.4782986044883728 0.7330729166666666 0.4674479067325592 0.7272858619689941
1 0.48119214177131653 0.5498167276382446 0.4956597089767456 0.5478877226511637 0.5079571604728699 0.5411361853281657 0.5166377425193787 0.5343846480051676 0.5217013955116272 0.523775060971578 0.5245949029922485 0.51702352364858 0.5332754850387573 0.5208815733591715 0.5405092835426331 0.5652488470077515 0.5448495149612427 0.59514852364858 0.5470196604728699 0.6125096480051676 0.5412326455116272 0.6192611853281657 0.5231481194496155 0.6192611853281657 0.5043402910232544 0.6182966629664103 0.4913194477558136 0.6125096480051676 0.48408564925193787 0.6057581106821696 0.48046875 0.5893615086873373 0.47468170523643494 0.5855034589767456 0.4761284589767456 0.5671778519948324
1 0.0746527761220932 0.1485821803410848 0.0789930522441864 0.11771798133850098 0.08984375 0.10325038433074951 0.1006944477558136 0.09746334950129192 0.11660879850387573 0.09264081716537476 0.12528935074806213 0.08685378233591716 0.13396990299224854 0.09553433458010356 0.13831017911434174 0.10710841417312622 0.13614004850387573 0.12543403108914694 0.13686342537403107 0.14568865299224854 0.1375868022441864 0.15919174750645956 0.1375868022441864 0.16787228981653848 0.12094907462596893 0.16787228981653848 0.10575810074806213 0.17076581716537476 0.09563078731298447 0.1640142798423767 0.0855034738779068 0.1582272450129191
1 0.1332465261220932 0.07527970274289449 0.14048032462596893 0.058883100748062134 0.1462673544883728 0.055989583333333336 0.15784142911434174 0.058883100748062134 0.16290509700775146 0.06852816541989644 0.1614583283662796 0.08299575249354045 0.15567129850387573 0.09456983208656311 0.1484375 0.09746334950129192 0.14048032462596893 0.09553433458010356 0.13469327986240387 0.08878279725710551
1 0.08478008955717087 0.535349170366923 0.08695023506879807 0.5189525286356608 0.09056712687015533 0.50641397635142 0.0985243022441864 0.5015914440155029 0.1050347238779068 0.5006269216537476 0.10358796268701553 0.5179880460103353 0.1050347238779068 0.5324556430180868 0.1006944477558136 0.5401716629664103 0.09129051119089127 0.5401716629664103
1 0.08912037312984467 0.436969518661499 0.09490741044282913 0.4263599713643392 0.0985243022441864 0.4176793893178304 0.10648148506879807 0.41092785199483234 0.11733217537403107 0.4080343246459961 0.12601272761821747 0.4080343246459961 0.13396990299224854 0.4061053196589152 0.13831017911434174 0.41864391167958576 0.1440972238779068 0.4282889763514201 0.14048032462596893 0.43600499629974365 0.13831017911434174 0.44565006097157794 0.1354166716337204 0.45722417036692303 0.12384258955717087 0.45818865299224854 0.11516203731298447 0.4649401903152466 0.10865162312984467 0.47265625 0.09780092537403107 0.45433064301808673
1 0.049423590302467346 0.6960747241973877 0.04763719439506531 0.6762259006500244 0.05001905560493469 0.6690802574157715 0.05895102769136429 0.6611407597859701 0.07205125689506531 0.653201182683309 0.07621951401233673 0.6524072488149008 0.07205125689506531 0.6643165747324625 0.06966939568519592 0.6754318873087565 0.06966939568519592 0.6913109620412191 0.06192835420370102 0.6976625919342041
1 0.07562404870986938 0.7048081556955973 0.07860137522220612 0.6746379534403483 0.08038776367902756 0.6563769976298014 0.08931974321603775 0.6452616850535074 0.09944264590740204 0.642085870107015 0.10837461799383163 0.636528213818868 0.12504763901233673 0.6357342402140299 0.13576599955558777 0.6404979626337687 0.1387433260679245 0.654789129892985 0.14588890969753265 0.6674923896789551 0.13814786076545715 0.6809895833333334 0.13040682673454285 0.6984565258026123 0.12028391659259796 0.715129534403483 0.11135194450616837 0.715129534403483 0.09765625 0.7135416666666666 0.08693788200616837 0.7111597855885824
1 0.142286479473114 0.6402538220087687 0.1555429846048355 0.6420213381449381 0.16835761070251465 0.6479131380716959 0.18249787390232086 0.6543940703074137 0.16924136877059937 0.659107526143392 0.15377545356750488 0.6626425584157308 0.1475890874862671 0.6632317701975504 0.14184460043907166 0.6538049379984537
1 0.2139362394809723 0.7385311126708984 0.23909011483192444 0.723405917485555 0.24303582310676575 0.7109111944834391 0.24698153138160706 0.6984164714813232 0.2533933222293854 0.6971011956532797 0.2533933222293854 0.6905250549316406 0.2627643644809723 0.6793455282847086 0.24944759905338287 0.6655355294545492 0.24204939603805542 0.6629050572713217 0.2287326455116272 0.6648779710133871 0.2287326455116272 0.6688236395517985 0.23169191181659698 0.6786878903706869 0.23218512535095215 0.6865793069203695 0.22281408309936523 0.6918402512868246 0.21886837482452393 0.6964436372121176 0.21886837482452393 0.7036774158477783 0.22034801542758942 0.716829776763916 0.21590909361839294 0.7240635553995768 0.21048374474048615 0.7306396961212158 0.20900410413742065 0.7385311126708984
1 0.21492266654968262 0.745764970779419 0.22577336430549622 0.7378735542297363 0.23909011483192444 0.7339278062184652 0.2435290366411209 0.7536563873291016 0.24451546370983124 0.7700967788696289 0.24747474491596222 0.7786458333333334 0.2395833283662796 0.7839067776997884 0.22675979137420654 0.7891677220662435 0.21886837482452393 0.7898253599802653 0.20999053120613098 0.7819339434305826 0.20999053120613098 0.7714120546976725 0.20900410413742065 0.7628630002339681 0.20999053120613098 0.7549715836842855
1 0.02799479104578495 0.7359006404876709 0.035392992198467255 0.7260363896687826 0.044764045625925064 0.7122264703114828 0.04870975390076637 0.7036774158477783 0.0551215261220932 0.7043350537618002 0.061040088534355164 0.7036774158477783 0.06745186448097229 0.7003893057505289 0.07485006004571915 0.6957859992980957 0.07189078629016876 0.7115688323974609 0.06745186448097229 0.7273516654968262 0.06399936974048615 0.7359006404876709 0.057094380259513855 0.7437920570373535 0.05117582157254219 0.751025915145874 0.04575047269463539 0.7562868595123291 0.03983191400766373 0.7483954429626465 0.033913351595401764 0.741161584854126
1 0.04870975390076637 0.7602325280507406 0.06153330206871033 0.7444496949513754 0.06942471861839294 0.7332701683044434 0.07632970064878464 0.7155145009358724 0.07879576832056046 0.7128840287526449 0.08816682547330856 0.7174873352050781 0.10000394284725189 0.7194602489471436 0.11529356241226196 0.7214330832163492 0.12071891129016876 0.7227482795715332 0.12269175797700882 0.7483954429626465 0.12170533090829849 0.7622053623199463 0.11677320301532745 0.7714120546976725 0.11134785413742065 0.7806186676025391 0.10296322405338287 0.7996896107991537 0.0985243022441864 0.8134996096293131 0.0985243022441864 0.8200757503509521 0.09359217435121536 0.8240214983622233 0.0822482630610466 0.8220485846201578 0.06843829154968262 0.8134996096293131 0.05660116672515869 0.809553861618042 0.0496961809694767 0.8075810273488363
1 0.10345643758773804 0.8154724438985189 0.10888178646564484 0.7977167765299479 0.11726641654968262 0.7799610296885172 0.12318497151136398 0.7720696926116943 0.1310763955116272 0.7714120546976725 0.14143386483192444 0.7786458333333334 0.14685921370983124 0.7917981942494711 0.14685921370983124 0.8042929172515869 0.13896779716014862 0.8233638604482015 0.1473524272441864 0.8463804721832275 0.1542574167251587 0.8569023609161377 0.15327098965644836 0.8641361395517985 0.1350220888853073 0.8542718887329102 0.12466461211442947 0.8555870850880941 0.11923927068710327 0.8542718887329102 0.1148003488779068 0.8417771657307943 0.109375 0.8240214983622233
1 0.0147705078125 0.8392288684844971 0.0344373919069767 0.8274739583333334 0.0486789271235466 0.8175274531046549 0.0615641288459301 0.8175274531046549 0.0717366561293602 0.8220485846201578 0.0893690288066864 0.8274739583333334 0.0751274973154068 0.8347077369689941 0.0588514544069767 0.8419415156046549 0.0391845703125 0.8446542421976725 0.02494303323328495 0.8482711315155029 0.01680501364171505 0.8482711315155029
1 0.0012071398086845875 0.8464626471201578 0.0100233294069767 0.8491753737131754 0.0134141705930233 0.8564091523488363 0.00934516079723835 0.8753978411356608 0.0032416449394077063 0.8934823671976725 0.0025634765625 0.8654514153798422
1 0.1164957657456398 0.8898654778798422 0.1219211146235466 0.8817274570465088 0.1246337890625 0.8654514153798422 0.1280246376991272 0.8627386887868246 0.1361626535654068 0.8636429309844971 0.1497260183095932 0.8690683046976725 0.1578640341758728 0.8735894362131754 0.1653238981962204 0.8853443463643392 0.1707492470741272 0.8980034987131754 0.1761745810508728 0.9133752981821696 0.1741400808095932 0.9169921875 0.1626112163066864 0.9215133190155029 0.1510823518037796 0.9242259661356608 0.1456570029258728 0.9287470976511637 0.1381971538066864 0.9314597447713217 0.1280246376991272 0.9323639869689941 0.1219211146235466 0.9160879453023275 0.1178521066904068 0.9079499244689941
1 0.5457763671875 0.5408347845077515 0.5674777626991272 0.5317925214767456 0.5749375820159912 0.5308883190155029 0.5891791582107544 0.5354094505310059 0.6040988564491272 0.5363136529922485 0.6183403730392456 0.5363136529922485 0.6278347373008728 0.5308883190155029 0.6332600712776184 0.5417389869689941 0.6325819492340088 0.5498770078023275 0.6305474042892456 0.5697699785232544 0.6291911005973816 0.5788122018178304 0.6163058876991272 0.5788122018178304 0.6020643711090088 0.5751953125 0.5918918251991272 0.5733868678410848 0.5830756425857544 0.5779079993565878 0.5742594599723816 0.5896629095077515 0.5708686113357544 0.5978009303410848 0.5647650957107544 0.6023220618565878 0.5545925498008728 0.5987051328023275 0.5505235195159912 0.5914713541666666 0.5478108525276184 0.5670572916666666
1 0.5532362461090088 0.6122685273488363 0.5600178837776184 0.6077473958333334 0.5667995810508728 0.6149811744689941 0.5620524287223816 0.6267361243565878 0.5579833984375 0.6267361243565878 0.5518798828125 0.6222149928410848
1 0.5640869140625 0.6357783476511637 0.5715467929840088 0.6222149928410848 0.5844319462776184 0.6276403268178304 0.5973171591758728 0.6393952369689941 0.6068115234375 0.6511501868565878 0.6122368574142456 0.6629050572713217 0.6108805537223816 0.6728515625 0.6054551601409912 0.6864149570465088 0.5993516445159912 0.6945529778798422 0.5939263105392456 0.7017867565155029 0.5878227949142456 0.7035951614379883 0.5830756425857544 0.7081162929534912 0.5803629755973816 0.7126374244689941 0.5749375820159912 0.7108290195465088 0.5749375820159912 0.6945529778798422 0.5701904296875 0.6746600468953451 0.5674777626991272 0.6665220260620117 0.5647650957107544 0.6529586315155029
1 0.5600178837776184 0.7225839296976725 0.5688340663909912 0.7171585559844971 0.5783284306526184 0.7216796875 0.5790066123008728 0.7316261927286783 0.5803629755973816 0.7451895078023275 0.5729030966758728 0.7388599713643392 0.5654432773590088 0.7352430820465088 0.5573052167892456 0.7352430820465088
1 0.5864664912223816 0.7189670403798422 0.5837538242340088 0.7343388398488363 0.5885009765625 0.7506148815155029 0.5952826738357544 0.7587529023488363 0.6040988564491272 0.7677951653798422 0.6115586757659912 0.7741247018178304 0.6230875849723816 0.7705078125 0.6312255859375 0.7650824387868246 0.6366509199142456 0.7497106393178304 0.6407199501991272 0.7361472447713217 0.6427544355392456 0.7207754453023275 0.6441107988357544 0.7126374244689941 0.6413981318473816 0.7008825143178304 0.6393635869026184 0.6918402512868246 0.6332600712776184 0.6809895833333334 0.6251220703125 0.6620008945465088 0.6217312216758728 0.6475332578023275 0.6169840693473816 0.6493417421976725 0.6163058876991272 0.6583840052286783 0.6163058876991272 0.6764684518178304 0.6095241904258728 0.6891276041666666 0.6034206748008728 0.7008825143178304 0.5973171591758728 0.7099247773488363
1 0.6373291015625 0.5589192708333334 0.6454671025276184 0.561631957689921 0.6610649824142456 0.5760995546976725 0.6678466796875 0.586046020189921 0.6712375283241272 0.5941840410232544 0.6658121943473816 0.6014178196589152 0.6610649824142456 0.599609375 0.6515706181526184 0.5905671119689941 0.6420762538909912 0.5851417779922485 0.6366509199142456 0.5797164440155029 0.6339382529258728 0.5724826256434122
1 0.2243245393037796 0.8220485846201578 0.2270372211933136 0.8111979166666666 0.2304280549287796 0.7985387643178304 0.2358534038066864 0.7931133906046549 0.2439914345741272 0.7913049856821696 0.2494167685508728 0.7922092278798422 0.2541639506816864 0.8048683802286783 0.2636583149433136 0.8102936744689941 0.2711181640625 0.8139105637868246 0.2785780131816864 0.8184316953023275 0.2907850444316864 0.8338034947713217 0.2982448935508728 0.8473668893178304 0.2989230751991272 0.8564091523488363 0.2989230751991272 0.8681640625 0.2989230751991272 0.8753978411356608 0.2887505292892456 0.8826316197713217 0.2772216796875 0.8844401041666666 0.2643364667892456 0.8844401041666666 0.2568766176700592 0.8844401041666666 0.2500949501991272 0.8817274570465088 0.2453477680683136 0.8636429309844971 0.2392442524433136 0.8527922630310059 0.2351752370595932 0.8383246262868246 0.2311062216758728 0.8301866054534912
1 0.1632893830537796 0.8663555781046549 0.1734619140625 0.8627386887868246 0.1849907785654068 0.8546006679534912 0.1944851279258728 0.8473668893178304 0.2046576589345932 0.8419415156046549 0.2155083566904068 0.8328993320465088 0.2216118723154068 0.8310908476511637 0.2290717214345932 0.8419415156046549 0.2338189035654068 0.8536965052286783 0.2412787526845932 0.8735894362131754 0.2426350861787796 0.8817274570465088 0.2392442524433136 0.8898654778798422 0.2229682058095932 0.9016203880310059 0.2155083566904068 0.9070456822713217 0.2033013254404068 0.9124710559844971 0.1971978098154068 0.9133752981821696 0.1815999299287796 0.9133752981821696 0.1734619140625 0.8889612356821696 0.1673583984375 0.8753978411356608
1 0.2819688618183136 0.8130064010620117 0.2840033769607544 0.7985387643178304 0.2941758930683136 0.7894965012868246 0.3002794086933136 0.7777415911356608 0.3077392578125 0.7813584804534912 0.3016357421875 0.7958261171976725 0.3036702573299408 0.8130064010620117 0.3036702573299408 0.8328993320465088 0.2982448935508728 0.8347077369689941 0.2901068925857544 0.8229528268178304
1 0.0439317487180233 0.9531611601511637 0.0439317487180233 0.9377893606821696 0.0527479387819767 0.9242259661356608 0.0554606132209301 0.9142795403798422 0.0568169504404068 0.9052372773488363 0.0669894739985466 0.9115668137868246 0.0798746719956398 0.9160879453023275 0.0880126953125 0.9260344505310059 0.0893690288066864 0.9368851184844971 0.0866563618183136 0.9549696445465088 0.0859781876206398 0.9739583333333334 0.0892333984375 0.984375 0.0778401717543602 0.9820963541666666 0.0690239816904068 0.9703414440155029 0.0635986328125 0.9603949387868246 0.0561387799680233 0.9576822916666666
1 0.0391845703125 0.9811921119689941 0.0439317487180233 0.9694372018178304 0.0480007603764534 0.9631076653798422 0.0554606132209301 0.9667245546976725 0.0642767995595932 0.9775752226511637 0.0700141042470932 0.984375 0.0507134348154068 0.984375
1 0.0961507186293602 0.9820963541666666 0.0907253697514534 0.9712456862131754 0.0954725444316864 0.9513527552286783 0.0961507186293602 0.9405020078023275 0.1097140833735466 0.9395977656046549 0.1192084401845932 0.9377893606821696 0.1259901225566864 0.9423104921976725 0.1232774555683136 0.9540654023488363 0.1212429478764534 0.9658203125 0.1232774555683136 0.9784794648488363 0.1171739399433136 0.9830005963643392
1 0.0914035364985466 0.9178964296976725 0.1049669086933136 0.9106626510620117 0.1131049245595932 0.9052372773488363 0.1178521066904068 0.9242259661356608 0.1205647811293602 0.9341724713643392 0.1110704243183136 0.9314597447713217 0.1042887344956398 0.9314597447713217 0.0981852188706398 0.9314597447713217 0.0947943776845932 0.9278428554534912
1 0.1375189870595932 0.9811921119689941 0.1443006694316864 0.9685329596201578 0.1497260183095932 0.9585865338643392 0.1537950336933136 0.9667245546976725 0.1585422158241272 0.9766709804534912 0.1646457314491272 0.9811921119689941 0.1568874716758728 0.984375 0.1429443359375 0.984375
1 0.1707492470741272 0.9830005963643392 0.1761745810508728 0.9748625755310059 0.1863471120595932 0.9612991809844971 0.1904161274433136 0.9441188971201578 0.1924506276845932 0.9278428554534912 0.1951633095741272 0.9233217239379883 0.2019449919462204 0.9197048346201578 0.2094048410654068 0.9178964296976725 0.2243245393037796 0.9124710559844971 0.2399224191904068 0.9133752981821696 0.2487386018037796 0.9178964296976725 0.2595893144607544 0.9260344505310059 0.2670491635799408 0.9287470976511637 0.2670491635799408 0.9468316237131754 0.2711181640625 0.9649160703023275 0.2724744975566864 0.9811921119689941 0.2677273154258728 0.9830005963643392 0.2507731020450592 0.9839048385620117 0.2236463725566864 0.9830005963643392 0.1985541433095932 0.9820963541666666 0.1843126118183136 0.9830005963643392
1 0.2467041015625 0.8934823671976725 0.2643364667892456 0.8916738828023275 0.2907850444316864 0.8898654778798422 0.2975667417049408 0.8871527512868246 0.2989230751991272 0.9025246302286783 0.2996012270450592 0.9088541666666666 0.2914632260799408 0.9115668137868246 0.2765434980392456 0.9151837031046549 0.2704399824142456 0.9178964296976725 0.2609456479549408 0.9169921875 0.2521294355392456 0.9115668137868246 0.2439914345741272 0.9061415195465088
1 0.2724744975566864 0.9278428554534912 0.2894287109375 0.9224175612131754 0.2982448935508728 0.9206090768178304 0.3002794086933136 0.9405020078023275 0.3002794086933136 0.9540654023488363 0.2840033769607544 0.9576822916666666 0.2731526792049408 0.9522569179534912 0.2717963457107544 0.9405020078023275
1 0.3063829243183136 0.9188006718953451 0.3199462890625 0.9133752981821696 0.3321533203125 0.9142795403798422 0.3382568359375 0.9197048346201578 0.3382568359375 0.9287470976511637 0.3307969868183136 0.9432147343953451 0.3274061381816864 0.9468316237131754 0.3124864399433136 0.9477357864379883 0.3050265908241272 0.9405020078023275 0.3057047426700592 0.9278428554534912
1 0.3043484091758728 0.8473668893178304 0.3158772885799408 0.8383246262868246 0.3314751386642456 0.8310908476511637 0.3423258364200592 0.8274739583333334 0.3565673828125 0.8202401796976725 0.3667398989200592 0.8148148059844971 0.3728434145450592 0.8139105637868246 0.3816596269607544 0.8148148059844971 0.3884412944316864 0.8220485846201578 0.3952229917049408 0.8319950898488363 0.3918321430683136 0.8383246262868246 0.3836941123008728 0.8555049101511637 0.3748779296875 0.8799189726511637 0.3667398989200592 0.8726851940155029 0.3538547158241272 0.8690683046976725 0.3457166850566864 0.8790147304534912 0.3470730185508728 0.8952907721201578 0.3450385332107544 0.9007161458333334 0.3369005024433136 0.9061415195465088 0.3267279863357544 0.9070456822713217 0.3131645917892456 0.9070456822713217 0.3050265908241272 0.9070456822713217 0.3029920756816864 0.8808232148488363 0.3043484091758728 0.8636429309844971
1 0.06914553791284561 0.5384482940038046 0.07160229980945587 0.5204320748647054 0.0808151513338089 0.5237077474594116 0.07897258549928665 0.5384482940038046
1 0.059932686388492584 0.5515510241190592 0.06975972652435303 0.5449996789296468 0.08020096272230148 0.5441807508468628 0.09248476475477219 0.546637495358785 0.10292600095272064 0.5458186070124308 0.10476857423782349 0.5581024090449015 0.09678409993648529 0.564653754234314 0.08818543702363968 0.5703862110773722 0.08204353600740433 0.5785754124323527 0.07528743892908096 0.5859456857045492 0.0685313493013382 0.5687483549118042
1 0.085114486515522 0.5875835418701172 0.09678409993648529 0.5974105596542358 0.109067901968956 0.6039619445800781 0.12380847334861755 0.6047808726628622 0.14346255362033844 0.6031430164972941 0.14284837245941162 0.583488941192627 0.13240712881088257 0.5793943405151367 0.11520981043577194 0.5777564843495687 0.10231181234121323 0.5744808117548624 0.0930989608168602 0.5777564843495687
1 0.3731697201728821 0.8037784894307455 0.37562647461891174 0.7874000867207845 0.38483932614326477 0.7874000867207845 0.3897528350353241 0.7890379428863525 0.3940521776676178 0.7980460325876871 0.39159542322158813 0.8078730901082357 0.38791027665138245 0.811967690785726 0.37992581725120544 0.8054163455963135
1 0.4014224708080292 0.795589288075765 0.3971231281757355 0.7857622305552164 0.40879273414611816 0.7693838278452555 0.4186197817325592 0.7628324826558431 0.4315177798271179 0.7628324826558431 0.43704548478126526 0.777573029200236 0.44502997398376465 0.7824865976969401 0.4388880729675293 0.7898568312327067 0.43274617195129395 0.8013217449188232 0.42476168274879456 0.8095109462738037 0.41616302728652954 0.8095109462738037 0.4069501757621765 0.8037784894307455
1 0.44073063135147095 0.7628324826558431 0.4481009244918823 0.7538243929545084 0.45792797207832336 0.7399027347564697 0.4671408236026764 0.7333513100941976 0.47266852855682373 0.742359479268392 0.4683692157268524 0.7538243929545084 0.45792797207832336 0.7693838278452555 0.44932931661605835 0.7742973963419596 0.44073063135147095 0.7734784285227457
1 0.0009765625 0.49504554271698 0.010183274745941162 0.4893130858739217 0.02308126911520958 0.4876752297083537 0.020010318607091904 0.5130617618560791 0.010797464288771152 0.5065104166666666 0.004655561875551939 0.5114239454269409 0.0009765625 0.5130617618560791
1 0.36054688692092896 0.9825520515441895 0.357421875 0.9690104325612386 0.36445313692092896 0.9585937658945719 0.36992186307907104 0.9450520674387614 0.36992186307907104 0.9377604325612386 0.38007813692092896 0.9419271151224772 0.38789063692092896 0.9544270833333334 0.396484375 0.9690104325612386 0.40898436307907104 0.9721353848775228 0.4253906309604645 0.9731771151224772 0.43085938692092896 0.9731771151224772 0.43085938692092896 0.984375 0.40351563692092896 0.9825520515441895 0.3824218809604645 0.9835937817891439
1 0.38398438692092896 0.032552083333333336 0.419921875 0.033593749006589256 0.42460936307907104 0.035677085320154824 0.419921875 0.053385416666666664 0.4136718809604645 0.06276041766007741 0.404296875 0.052343750993410744 0.39335936307907104 0.050260414679845176 0.3792968690395355 0.047135417660077415 0.3746093809604645 0.047135417660077415
1 0.4332031309604645 0.033593749006589256 0.4292968809604645 0.052343750993410744 0.447265625 0.05651041865348816 0.4605468809604645 0.06380208333333333 0.47773438692092896 0.07317707935969035 0.486328125 0.07838541269302368 0.49492186307907104 0.07109374801317851 0.510546863079071 0.07213541865348816 0.522265613079071 0.07213541865348816 0.532421886920929 0.06692708532015483 0.537109375 0.06484374900658925 0.537890613079071 0.052343750993410744 0.528515636920929 0.038802082339922585 0.516796886920929 0.031510417660077415 0.48710936307907104 0.032552083333333336 0.46210938692092896 0.032552083333333336 0.4449218809604645 0.033593749006589256
1 0.520703136920929 0.07942708333333333 0.5347656011581421 0.07213541865348816 0.5425781011581421 0.07317707935969035 0.556640625 0.08151041467984517 0.559765636920929 0.08567708730697632 0.555859386920929 0.10234374801317851 0.553515613079071 0.11796874801317851 0.551953136920929 0.12005207935969035 0.537109375 0.11380208532015483 0.5238281488418579 0.10755208134651184 0.520703136920929 0.09296875198682149
1 0.43414628505706787 0.0013020833333333333 0.4245091378688812 0.001953125 0.42001181840896606 0.015659265220165253 0.4245091378688812 0.0199424351255099 0.4290064871311188 0.02593887100617091 0.4489232003688812 0.025082238018512726 0.469482421875 0.02593887100617091 0.49132657051086426 0.02765213946501414 0.5022486448287964 0.02765213946501414 0.48939916491508484 0.015659265220165253 0.48233193159103394 0.0013020833333333333 0.47719213366508484 0.0013020833333333333 0.4662700593471527 0.0013020833333333333
1 0.5853466391563416 0.302947739760081 0.5878085494041443 0.2755930423736572 0.5960149765014648 0.2624627947807312 0.6165310144424438 0.2755930423736572 0.6354057192802429 0.2909116744995117 0.6271992921829224 0.2996651728947957 0.6173516511917114 0.3127954403559367 0.6083245873451233 0.31936057408650714 0.5935530662536621 0.31060705582300824
1 0.5197548866271973 0.0013020833333333333 0.5421189069747925 0.003568305323521296 0.5533009171485901 0.014501829942067465 0.5592646598815918 0.034380962451299034 0.5711921453475952 0.04133866230646769 0.5920652151107788 0.045314485828081764 0.6062291264533997 0.05028427143891653 0.6159201860427856 0.05028427143891653 0.6308295726776123 0.05127822856108347 0.6457388997077942 0.0582359234491984 0.6539390683174133 0.06419966618220012 0.656175434589386 0.05127822856108347 0.6531935930252075 0.04432052870591482 0.6360478401184082 0.032393048206965126 0.623374879360199 0.01251391569773356 0.6263567805290222 0.0013020833333333333 0.5934829115867615 0.0013020833333333333 0.5634348392486572 0.0013020833333333333 0.5605134963989258 0.0013020833333333333
1 0.5442374348640442 0.05721376339594523 0.5517494678497314 0.052762195467948914 0.5609308481216431 0.04719773928324381 0.5843015313148499 0.051649307211240135 0.6076722741127014 0.05721376339594523 0.6293736696243286 0.06055243810017904 0.6151843070983887 0.0716813604036967 0.6018295884132385 0.07724581162134807 0.5926482081413269 0.08392316102981567 0.5792935490608215 0.07390713691711426 0.5617654919624329 0.07279424866040547
1 0.585082471370697 0.1309739351272583 0.5896928906440735 0.1214737594127655 0.5880163908004761 0.11197357376416524 0.595560610294342 0.10582640767097473 0.599751889705658 0.11365008354187012 0.6026857495307922 0.12706210215886435 0.6001710295677185 0.13209160168965658
1 0.5972371101379395 0.09800273180007935 0.6035240292549133 0.08514954646428426 0.6140021681785583 0.07844353715578715 0.6269950270652771 0.07006102800369263 0.6357966661453247 0.06335501372814178 0.6412453055381775 0.06503151853879292 0.6487895846366882 0.07788470387458801 0.6538190841674805 0.09297322233517964 0.659686803817749 0.10191456476847331 0.6684884428977966 0.10582640767097473 0.6684884428977966 0.12259142597516377 0.6655545830726624 0.13544461131095886 0.6630398631095886 0.14829778671264648 0.6483704447746277 0.14829778671264648 0.6320245265960693 0.14773895343144736 0.6244803071022034 0.14997429649035135 0.6165168881416321 0.14494478702545166 0.6072961091995239 0.14215062061945596 0.6060387492179871 0.12650325894355774 0.6018475294113159 0.11085590720176697
1 0.675194501876831 0.10917940735816956 0.6886065006256104 0.10638524095217387 0.6982463598251343 0.1097382406393687 0.7166879177093506 0.10582640767097473 0.7225556373596191 0.10303223133087158 0.7292616963386536 0.11365008354187012 0.7321955561637878 0.12762093544006348 0.7275851368904114 0.13823877771695456 0.7179452776908875 0.15165079633394876 0.7099819183349609 0.16115097204844156 0.7045332789421082 0.16673932472864786 0.6944742202758789 0.16059213876724243 0.6877682209014893 0.16506280501683554 0.682738721370697 0.17232765754063925 0.6739370822906494 0.16338630517323813 0.6668119430541992 0.1555626392364502 0.6697458624839783 0.13432694474856058 0.6718414425849915 0.1259444256623586
1 0.7091436386108398 0.1734453241030375 0.7242321372032166 0.1488566299279531 0.7334529161453247 0.136003444592158 0.7401589155197144 0.1471801201502482 0.7481223344802856 0.14941546320915222 0.7640491127967834 0.15165079633394876 0.7703359723091125 0.15668030579884848 0.7736889719963074 0.16059213876724243 0.7778802514076233 0.1762394905090332 0.7816523313522339 0.19300450881322226 0.7808141112327576 0.20697536071141562 0.7745272517204285 0.21479904651641846 0.7657256126403809 0.22876989841461182 0.7586004734039307 0.2360347310702006 0.7497988343238831 0.24274075031280518 0.7380632758140564 0.24832908312479654 0.730938196182251 0.250005582968394 0.7267469167709351 0.24274075031280518 0.7225556373596191 0.22374037901560465 0.718364417552948 0.2008281946182251 0.7129157781600952 0.18518084287643433
1 0.7778802514076233 0.03429564336935679 0.7979982495307922 0.07676703731218974 0.8118293881416321 0.11253241697947185 0.813086748123169 0.12762093544006348 0.8030277490615845 0.14159178733825684 0.7896157503128052 0.15109196305274963 0.780394971370697 0.1572391390800476 0.7753654718399048 0.15388613939285278 0.7636299729347229 0.14773895343144736 0.7497988343238831 0.14438595374425253 0.7368059158325195 0.13041510184605917 0.728842556476593 0.10638524095217387 0.7246512770652771 0.09744388858477275 0.7405780553817749 0.08906137943267822 0.7527326941490173 0.0762082040309906 0.7648873329162598 0.06670801838239034 0.769916832447052 0.05217833320299784 0.7741081118583679 0.038207486271858215
1 0.5968179702758789 0.18685734272003174 0.6093917489051819 0.1790336569150289 0.617774248123169 0.17232765754063925 0.620708167552948 0.18909267584482828 0.6140021681785583 0.2008281946182251 0.6047813892364502 0.21144604682922363 0.6001710295677185 0.1980340282122294
1 0.3930278718471527 0.8200383981068929 0.39752519130706787 0.8046189943949381 0.40394994616508484 0.8131852944691976 0.40908974409103394 0.8208950360616049 0.4116596281528473 0.8294613361358643 0.41101717948913574 0.8397409915924072 0.40073755383491516 0.8457373778025309 0.3994525969028473 0.83203125
1 0.6320286989212036 0.527069608370463 0.6577277183532715 0.5133634805679321 0.6737895607948303 0.5065104166666666 0.6789293885231018 0.49794407685597736 0.6885665059089661 0.48766446113586426 0.6969186663627625 0.47824148337046307 0.7046284079551697 0.4731016953786214 0.7078407406806946 0.47824148337046307 0.7129805684089661 0.49623080094655353 0.7181203961372375 0.5065104166666666 0.7271150350570679 0.5159333944320679 0.7373946309089661 0.5167900323867798 0.7348247170448303 0.5390625 0.7386795878410339 0.5561951796213785 0.7470317482948303 0.5707579453786215 0.7438194155693054 0.5793242851893107 0.7373946309089661 0.5904605388641357 0.7116956114768982 0.5827508370081583 0.6937063336372375 0.5724712212880453 0.6827842593193054 0.5673314332962036 0.6718621253967285 0.5656181573867798 0.6602975726127625 0.5690446694691976 0.6500179767608643 0.5604783296585083 0.6423082947731018 0.5493421157201132 0.6378109455108643 0.5347793499628702
1 0.5375847816467285 0.47567160924275714 0.5530042052268982 0.46624863147735596 0.5645687580108643 0.45596901575724286 0.5684236288070679 0.44825931390126544 0.5709935426712036 0.43540982405344647 0.5825580954551697 0.44397616386413574 0.5928376913070679 0.45425573984781903 0.5992624163627625 0.4688185453414917 0.5896252989768982 0.4722450574239095 0.5819156169891357 0.48166803518931073 0.5716360211372375 0.4893777370452881 0.5619988441467285 0.49366092681884766 0.5517192482948303 0.49794407685597736 0.5433670878410339 0.5005139907201132 0.5401546955108643 0.49194765090942383
1 0.6024748086929321 0.3257606824239095 0.6191791892051697 0.31976425647735596 0.6371684670448303 0.3009183208147685 0.6513029336929321 0.29235198100407916 0.6692922711372375 0.29149534304936725 0.6782869100570679 0.28806881109873456 0.6898514628410339 0.29320859909057617 0.6821417808532715 0.306914746761322 0.6725046038627625 0.33518366018931073 0.6628674864768982 0.35060306390126544 0.6564427614212036 0.36944901943206787 0.6461631655693054 0.38058523337046307 0.6294587850570679 0.3882949749628703 0.6140393614768982 0.3968612750371297 0.6005473732948303 0.4131373167037964 0.5889828205108643 0.4139939546585083 0.5774182677268982 0.40457101662953693 0.5921952128410339 0.38915157318115234 0.5986199378967285 0.35745612780253094 0.6011898517608643 0.33775357405344647
1 0.6917788982391357 0.3052014708518982 0.7027009725570679 0.29834840695063275 0.7161929607391357 0.30263157685597736 0.7271150350570679 0.3060581088066101 0.7271150350570679 0.32062089443206787 0.7296849489212036 0.3386102120081584 0.725830078125 0.34717655181884766 0.7161929607391357 0.3531729777654012 0.7046284079551697 0.3446066379547119 0.6904939413070679 0.332613746325175 0.6840691566467285 0.3257606824239095
1 0.640380859375 0.6444284518559774 0.6493754982948303 0.6255824963251749 0.6602975726127625 0.612733006477356 0.6692922711372375 0.6075932184855143 0.677001953125 0.6024533907572428 0.6847116351127625 0.600740114847819 0.6937063336372375 0.6161595582962036 0.701416015625 0.624725858370463 0.7027009725570679 0.6392886638641357 0.6866390705108643 0.6529947916666666 0.6776444315910339 0.6761239369710287 0.6737895607948303 0.6846902370452881 0.6577277183532715 0.6667009194691976 0.6455206871032715 0.6538514296213785
1 0.7052708864212036 0.649568239847819 0.7155504822731018 0.6315789620081583 0.725830078125 0.6221559842427572 0.7393220663070679 0.6272957722345988 0.7515290975570679 0.6392886638641357 0.7579538226127625 0.6512815157572428 0.7521715760231018 0.6598478953043619 0.7431769371032715 0.6718407471974691 0.7341822385787964 0.6761239369710287 0.713623046875 0.6615610917409261
1 0.6763594746589661 0.6915433406829834 0.6853541135787964 0.6735540231068929 0.6930638551712036 0.6615610917409261 0.7039859294891357 0.65899125734965 0.7149080038070679 0.6761239369710287 0.7239026427268982 0.6812636852264404 0.7239026427268982 0.6915433406829834 0.7110531330108643 0.7112458546956381 0.7033434510231018 0.7206688721974691 0.6898514628410339 0.7086760203043619
1 0.7007735371589661 0.7292351722717285 0.7116956114768982 0.7206688721974691 0.7194053530693054 0.7095326582590739 0.7303274273872375 0.7001096407572428 0.7438194155693054 0.7138157685597738 0.7573113441467285 0.7189555962880453 0.7611662149429321 0.7275218963623047 0.7598812580108643 0.7446545759836832 0.7528140544891357 0.7600739796956381 0.7463892698287964 0.7720669110616049 0.7386795878410339 0.770353635152181 0.7226176857948303 0.7652138074239095 0.7168354392051697 0.7506510416666666 0.7084832191467285 0.7369449138641357
1 0.6044022440910339 0.8037623564402262 0.6121119260787964 0.7840597629547119 0.6345985531806946 0.7789199352264404 0.6416658163070679 0.7900562286376953 0.6384534239768982 0.8106153806050619 0.6365259885787964 0.8226083119710287 0.6172517538070679 0.8174684842427572 0.6082571148872375 0.8157552083333334
1 0.6448782086372375 0.8217516740163168 0.6448782086372375 0.7943393389383951 0.6423082947731018 0.7780632972717285 0.6545153260231018 0.7729235490163168 0.6718621253967285 0.7669270833333334 0.6853541135787964 0.7635005315144857 0.6917788982391357 0.7677837212880453 0.7027009725570679 0.7780632972717285 0.7091256976127625 0.7943393389383951 0.7116956114768982 0.8157552083333334 0.7104106545448303 0.8234649499257406 0.7027009725570679 0.8380277156829834 0.6943488121032715 0.8534471193949381 0.6834266781806946 0.85430375734965 0.6686497926712036 0.85430375734965 0.6577277183532715 0.8508772055308024 0.6468055844306946 0.8346011638641357
1 0.3808208405971527 0.8868558406829834 0.3911004364490509 0.8577302296956381 0.40780478715896606 0.8551603953043619 0.4135870635509491 0.868009885152181 0.41615697741508484 0.8877124786376953 0.40973222255706787 0.9116981824239095 0.39559775590896606 0.90313188234965
1 0.4155144989490509 0.9228343963623047 0.42643657326698303 0.9408237139383951 0.43414628505706787 0.9476768175760905 0.44635331630706787 0.9365406036376953 0.4662700593471527 0.9314007759094238 0.4919690489768982 0.9279742240905762 0.5073884725570679 0.9202645619710287 0.5240928530693054 0.9108415444691976 0.530517578125 0.9039885203043619 0.5337299704551697 0.8842859268188477 0.5433670878410339 0.8748629093170166 0.5510767698287964 0.8697231610616049 0.5478644371032715 0.8577302296956381 0.5375847816467285 0.8603001435597738 0.5240928530693054 0.85430375734965 0.5215229392051697 0.844880739847819 0.5144556760787964 0.8508772055308024 0.5170255899429321 0.8611567815144857 0.5195955038070679 0.8714364369710287 0.506103515625 0.8740062713623047 0.49967876076698303 0.868009885152181 0.4919690489768982 0.8620134194691976 0.4855442941188812 0.8671532471974691 0.46883994340896606 0.8740062713623047 0.46177271008491516 0.8748629093170166 0.44956567883491516 0.8697231610616049 0.43928608298301697 0.8525904814402262 0.4309338927268982 0.8311746120452881 0.43221884965896606 0.8114720185597738 0.42001181840896606 0.8183251221974691 0.41936933994293213 0.8363144397735596 0.41936933994293213 0.844880739847819 0.4187268614768982 0.8560170332590739 0.420654296875 0.8688665231068929 0.420654296875 0.8997053305308024 0.41936933994293213 0.9108415444691976
1 0.49453896284103394 0.9391104380289713 0.530517578125 0.9159813721974691 0.542724609375 0.9271175861358643 0.5587865114212036 0.9442502657572428 0.5600714683532715 0.95624311765035 0.5523617267608643 0.9690926869710287 0.5414396524429321 0.978515625 0.5350149273872375 0.9836554527282715 0.5247352719306946 0.9742324352264404 0.5176680684089661 0.9622395833333334 0.5080309510231018 0.9545298417409261 0.4958239197731018 0.9528166453043619 0.48747172951698303 0.9528166453043619
1 0.5407971739768982 0.9091282685597738 0.5523617267608643 0.8859992027282715 0.5594289898872375 0.8757195472717285 0.5806306600570679 0.8722930749257406 0.5941226482391357 0.8662966092427572 0.6082571148872375 0.8765761852264404 0.6230340003967285 0.893708864847819 0.6313862204551697 0.9039885203043619 0.6333136558532715 0.9159813721974691 0.6301012635231018 0.9296875 0.6198216676712036 0.9296875 0.6095420718193054 0.9442502657572428 0.6076146364212036 0.9596696694691976 0.5966925621032715 0.9536732832590739 0.5876978635787964 0.9476768175760905 0.5716360211372375 0.9468201796213785 0.5639262795448303 0.9399670759836832 0.5542891621589661 0.9271175861358643 0.5452945232391357 0.9194079240163168
1 0.5947651267051697 0.8560170332590739 0.6031172871589661 0.8380277156829834 0.6108269691467285 0.8294613361358643 0.6249614357948303 0.8277480602264404 0.640380859375 0.8346011638641357 0.6532303690910339 0.85430375734965 0.6590126156806946 0.8654399712880453 0.6468055844306946 0.8782894611358643 0.6339561343193054 0.8894256750742594 0.6294587850570679 0.8911389509836832 0.6198216676712036 0.8817160129547119 0.6076146364212036 0.8697231610616049
1 0.7059133648872375 0.8491639296213785 0.7091256976127625 0.8363144397735596 0.7213327288627625 0.8311746120452881 0.7367521524429321 0.8397409915924072 0.7476742267608643 0.8483072916666666 0.7528140544891357 0.8603001435597738 0.7540990114212036 0.8714364369710287 0.7386795878410339 0.8611567815144857 0.725830078125 0.8671532471974691 0.7110531330108643 0.8577302296956381
1 0.7637361288070679 0.8877124786376953 0.7817254066467285 0.8825726509094238 0.7984297871589661 0.8791460990905762 0.8009997010231018 0.8971354166666666 0.7932899594306946 0.9091282685597738 0.7708033323287964 0.9125548203786215 0.7656635642051697 0.9099849065144857 0.7605237364768982 0.9022752443949381
1 0.7470317482948303 0.0013020833333333333 0.818054735660553 0.0013020833333333333 0.8064076900482178 0.0013020833333333333 0.7956565618515015 0.007848337292671204 0.7840094566345215 0.011432051658630371 0.7741542458534241 0.005459193140268326 0.7553397417068481 0.0013020833333333333
1 0.83597332239151 0.0013020833333333333 0.8521000742912292 0.011432051658630371 0.865539014339447 0.02576691408952077 0.884353518486023 0.041296347975730896 0.8897290825843811 0.05085292458534241 0.9013761281967163 0.030545204877853394 0.9210866093635559 0.013821197052796682 0.9013761281967163 0.006653765837351481 0.8897290825843811 0.0013020833333333333 0.884353518486023 0.0013020833333333333 0.8673308491706848 0.0013020833333333333
1 0.8960005640983582 0.05802035331726074 0.9040639400482178 0.03890720506509145 0.9201906323432922 0.028156057000160217 0.9372133016586304 0.017404911418755848 0.9461725950241089 0.02696148802836736 0.9640911817550659 0.0448800673087438 0.970362663269043 0.054436638951301575 0.970362663269043 0.08907922108968098 0.970362663269043 0.10460865497589111 0.951548159122467 0.10580323139826457 0.9354214668273926 0.1129706601301829 0.9183987975120544 0.09385750691095988 0.9112313389778137 0.07354978720347087
1 0.7553397417068481 0.3435230255126953 0.7634031176567078 0.34949588775634766 0.7786338925361633 0.3423284689585368 0.7884891033172607 0.3411338726679484 0.79296875 0.32679903507232666 0.7920728325843811 0.3124641577402751 0.7875931859016418 0.3052967389424642 0.7723624110221863 0.3124641577402751 0.7616112232208252 0.31963157653808594
1 0.80461585521698 0.30888044834136963 0.8225343823432922 0.314853310585022 0.8314936757087708 0.32918818791707355 0.8467245101928711 0.3411338726679484 0.8503081798553467 0.34830133120218915 0.8458285331726074 0.36383076508839923 0.8305977582931519 0.38294390837351483 0.8261181116104126 0.38652761777242023 0.8144710659980774 0.37458189328511554 0.8081995248794556 0.35905245939890545 0.8010321259498596 0.34830133120218915 0.8001362085342407 0.3351610104242961 0.8001362085342407 0.3220207293828328
1 0.7463804483413696 0.8321029345194498 0.7526519298553467 0.8201572100321451 0.7589234709739685 0.8010440667470297 0.7625071406364441 0.7783471743265787 0.7768420577049255 0.7819309234619141 0.79296875 0.7938766479492188 0.8081995248794556 0.8034331798553467 0.8144710659980774 0.8106005986531576 0.8055117726325989 0.8356866041819254 0.8019280433654785 0.8536051909128824 0.7974483966827393 0.8667454719543457 0.7884891033172607 0.872718334197998 0.7723624110221863 0.872718334197998 0.7607153058052063 0.8739129702250162 0.7571315765380859 0.8536051909128824
1 0.7533884048461914 0.7727272510528564 0.7578272819519043 0.7579308350880941 0.7659653425216675 0.7431344985961914 0.7659653425216675 0.7224195003509521 0.7829811573028564 0.7382023334503174 0.7948182821273804 0.751025915145874 0.8096147179603577 0.7648358345031738 0.8096147179603577 0.7727272510528564 0.8059155941009521 0.7934422492980957 0.7911192178726196 0.7825915018717448 0.7726237177848816 0.7756865819295248 0.7607865929603577 0.7737136681874593
1 0.8125739693641663 0.7904829184214274 0.8170129060745239 0.7618765830993652 0.8192323446273804 0.7500394185384115 0.8325490951538086 0.7342566649119059 0.8392075300216675 0.7263652483622233 0.8554835319519043 0.7322837511698405 0.8643614053726196 0.7352430820465088 0.8769383430480957 0.751025915145874 0.8806374073028564 0.7559580008188883 0.8710197806358337 0.7747001647949219 0.8591826558113098 0.79146941502889 0.8503047823905945 0.808238665262858 0.8414269685745239 0.8190893332163492 0.8273704051971436 0.8092250823974609
1 0.80517578125 0.8595328330993652 0.8118341565132141 0.8358585834503174 0.8207120299339294 0.8250079154968262 0.8517844676971436 0.8328993320465088 0.8606622815132141 0.8447364171346029 0.8791577816009521 0.8654514153798422 0.8858161568641663 0.8743292490641276 0.8761985301971436 0.8812342484792074 0.8621419072151184 0.884193499883016 0.8517844676971436 0.8881391684214274 0.8347685933113098 0.8970170815785726 0.8251509070396423 0.9049084981282552 0.8184925317764282 0.905894915262858 0.8088749051094055 0.8970170815785726 0.8066554069519043 0.8772885004679362
1 0.7741033434867859 0.9216777483622233 0.7999970316886902 0.9157591660817465 0.8140535950660706 0.9177320003509521 0.8155332803726196 0.9315419991811117 0.8177527189254761 0.9631076653798422 0.8177527189254761 0.981849749883016 0.7985174059867859 0.9838225841522217 0.7852598428726196 0.984375 0.7718839049339294 0.9798769156138102 0.7792820930480957 0.9631076653798422 0.7829811573028564 0.946338415145874
1 0.7578272819519043 0.3801294167836507 0.7696644067764282 0.35546875 0.7852006554603577 0.3515230417251587 0.7955580949783325 0.35546875 0.811094343662262 0.38308870792388916 0.8177527189254761 0.3890072504679362 0.823671281337738 0.39591224988301593 0.8281102180480957 0.4057765007019043 0.8170129060745239 0.406762957572937 0.80517578125 0.40479008356730145 0.7940784692764282 0.4166272083918254 0.7837209701538086 0.42945075035095215 0.7778024673461914 0.4393150409062703 0.7674449682235718 0.4383285840352376 0.7578272819519043 0.4324100414911906 0.7607865929603577 0.40479008356730145
1 0.7852006554603577 0.5123106241226196 0.7911192178726196 0.4906092087427775 0.7985174059867859 0.4777856667836507 0.8103545308113098 0.4698942502339681 0.8288500308990479 0.4639757076899211 0.8436464071273804 0.4649621248245239 0.8436464071273804 0.4787720839182536 0.8406871557235718 0.4925820827484131 0.8392075300216675 0.5034327507019043 0.8251509070396423 0.5172427495320638 0.8022165298461914 0.5192155838012695
1 0.8939542174339294 0.8763020833333334 0.9072709679603577 0.8713699181874593 0.9154089689254761 0.8684106667836508 0.9198479056358337 0.8802477518717448 0.9265062808990479 0.8930713335673014 0.9339044690132141 0.89603058497111 0.933164656162262 0.9078677495320638 0.921327531337738 0.9197048346201578 0.9154089689254761 0.9236505826314291 0.9043116569519043 0.9226641654968262 0.896913468837738 0.9039220015207926 0.8954338431358337 0.8881391684214274
1 0.9590583443641663 0.7303109169006348 0.9745945930480957 0.7135416666666666 0.9916104674339294 0.7155145009358724 0.9990086555480957 0.7303109169006348 0.9990234375 0.7304621537526449 0.9990234375 0.7766729990641276 0.9901307821273804 0.7835779984792074 0.9827325940132141 0.7894965012868246 0.9775538444519043 0.7993608315785726 0.9731149673461914 0.8062657515207926 0.9679362177848816 0.8121843338012695 0.9560990929603577 0.8092250823974609 0.9605379700660706 0.79837433497111 0.9679362177848816 0.7875236670176188 0.9671964049339294 0.7668087482452393 0.9649769067764282 0.7529987494150797
1 0.8229314684867859 0.9226641654968262 0.8377278447151184 0.9404198328653971 0.8495649695396423 0.9542298316955566 0.859922468662262 0.964094082514445 0.8673206567764282 0.9729719161987305 0.85400390625 0.9759311676025391 0.8384676575660706 0.9808633327484131 0.8281102180480957 0.9828361670176188 0.8251509070396423 0.9591619173685709 0.8214518427848816 0.9394334157307943
1 0.7881599068641663 0.5241477092107137 0.8022165298461914 0.5261205832163492 0.8147934675216675 0.528093417485555 0.8207120299339294 0.5290798743565878 0.8184925317764282 0.5557133754094442 0.8184925317764282 0.5705097913742065 0.8096147179603577 0.5714962085088094 0.7955580949783325 0.5606455008188883 0.7881599068641663 0.5497948328653971
1 0.8281102180480957 0.5251341660817465 0.8399473428726196 0.5172427495320638 0.8458659052848816 0.5113241672515869 0.8532640933990479 0.5231612920761108 0.85400390625 0.5379577080408732 0.8510446548461914 0.556699792544047 0.8466057181358337 0.5675505002339681 0.8384676575660706 0.5705097913742065 0.8288500308990479 0.573469082514445 0.8273704051971436 0.5547269582748413 0.8266305923461914 0.5369712909062704
1 0.8036961555480957 0.5784012079238892 0.8288500308990479 0.5813604990641276 0.8466057181358337 0.5774147907892863 0.8628817200660706 0.5862926244735718 0.8761985301971436 0.5981297492980957 0.8821170926094055 0.6070075829823812 0.872499406337738 0.6336410840352377 0.8628817200660706 0.6642203330993652 0.8532640933990479 0.6790167490641276 0.8443862199783325 0.6928266684214274 0.835508406162262 0.710582415262858 0.8310694694519043 0.7135416666666666 0.8214518427848816 0.6987452507019043 0.8155332803726196 0.6740845839182535 0.8155332803726196 0.6494239171346029 0.8170129060745239 0.6306818326314291 0.8081350326538086 0.6306818326314291 0.8029563426971436 0.6296953757603964 0.8088749051094055 0.6158854166666666 0.8073952198028564 0.6001025835673014 0.8014766573905945 0.5882654587427775
1 0.7874200940132141 0.021070075531800587 0.80517578125 0.010219380259513855 0.8207120299339294 0.0013020833333333333 0.8325490951538086 0.0013020833333333333 0.848085343837738 0.01219223439693451 0.8532640933990479 0.036852906147638954 0.8577030301094055 0.06151357293128967 0.8554835319519043 0.08222853144009908 0.859922468662262 0.09505208333333333 0.8658410310745239 0.1049163540204366 0.8628817200660706 0.11971275011698405 0.8510446548461914 0.1364820102850596 0.8466057181358337 0.1453598439693451 0.82958984375 0.13944129149119058 0.8155332803726196 0.13845486442248026 0.8214518427848816 0.12069917718569438 0.8140535950660706 0.09505208333333333 0.8036961555480957 0.07433712482452393 0.7955580949783325 0.05263573427995046 0.7874200940132141 0.036852906147638954
1 0.7844608426094055 0.16706122954686484 0.7985174059867859 0.15226483345031738 0.8140535950660706 0.14733269810676575 0.8258907198905945 0.15029197931289673 0.8406871557235718 0.15522412459055582 0.8458659052848816 0.1690340836842855 0.8503047823905945 0.18678977092107138 0.8488251566886902 0.20355902115503946 0.8436464071273804 0.21342329184214273 0.8347685933113098 0.20454545815785727 0.8199721574783325 0.20059974988301596 0.799257218837738 0.1986268957455953 0.786680281162262 0.1976404587427775 0.7859404683113098 0.18383049964904785
1 0.8554835319519043 0.21440972884496054 0.8776781558990479 0.21342329184214273 0.8850763440132141 0.20257260402043661 0.8991329073905945 0.21243687470753989 0.9057912826538086 0.2193418542544047 0.9094904065132141 0.2361111044883728 0.9043116569519043 0.24301610390345255 0.8932143449783325 0.24794822931289673 0.8769383430480957 0.2489346663157145 0.8636215925216675 0.2489346663157145 0.8547437191009521 0.24400252103805542 0.8495649695396423 0.2361111044883728 0.8473455309867859 0.2242739995320638
1 0.8636215925216675 0.25978535413742065 0.8821170926094055 0.2578125 0.8983930945396423 0.25583964586257935 0.9094904065132141 0.2578125 0.9102302193641663 0.2824731667836507 0.9072709679603577 0.2943102916081746 0.8991329073905945 0.29825599988301593 0.8813772201538086 0.28839172919591266 0.8628817200660706 0.28543245792388916 0.8554835319519043 0.2785274585088094
1 0.9094904065132141 0.21145043770472208 0.9183682799339294 0.19172191619873047 0.9205877184867859 0.17495264609654745 0.9265062808990479 0.16508837540944418 0.933164656162262 0.16015625 0.9442619681358337 0.16114266713460287 0.9494407176971436 0.17002052068710327 0.9494407176971436 0.19172191619873047 0.9413026571273804 0.21046402057011923 0.9442619681358337 0.21736900011698404 0.9538795948028564 0.23512468735376993 0.9501805305480957 0.24202966690063477 0.9376035928726196 0.24696181217829385 0.9220673441886902 0.24400252103805542 0.9154089689254761 0.23117897907892862
1 0.9168885946273804 0.2548532287279765 0.9346442818641663 0.2538667917251587 0.945741593837738 0.2548532287279765 0.9479610323905945 0.2657039165496826 0.9501805305480957 0.2874053120613098 0.9546194076538086 0.30318812529246014 0.9501805305480957 0.31107954184214276 0.9353840947151184 0.31107954184214276 0.9235469698905945 0.3012152711550395 0.9183682799339294 0.2952967087427775 0.9139293432235718 0.2755681872367859
1 0.8577030301094055 0.33574020862579346 0.8776781558990479 0.33574020862579346 0.8872957825660706 0.3298216660817464 0.8909949064254761 0.3120659788449605 0.8961736559867859 0.30318812529246014 0.9050514698028564 0.30318812529246014 0.9094904065132141 0.30614741643269855 0.908750593662262 0.3298216660817464 0.9080107808113098 0.34560449918111164 0.9057912826538086 0.35744158426920575 0.8976532816886902 0.3673058748245239 0.8932143449783325 0.37125158309936523 0.8791577816009521 0.36237374941507977 0.8651012182235718 0.35645516713460285 0.8577030301094055 0.35349591573079425
1 0.8569631576538086 0.36434658368428546 0.8732392191886902 0.3663194576899211 0.8828569054603577 0.3742108742396037 0.8924745321273804 0.38308870792388916 0.8976532816886902 0.3909801244735718 0.8976532816886902 0.3988715410232544 0.8865559697151184 0.40873579184214276 0.8754587173461914 0.4195864995320638 0.8673206567764282 0.42945075035095215 0.8577030301094055 0.4274779160817464 0.8429065942764282 0.41465437412261963 0.835508406162262 0.406762957572937 0.8377278447151184 0.38703441619873047 0.8473455309867859 0.37519729137420654
1 0.8288500308990479 0.41465437412261963 0.8436464071273804 0.42155933380126953 0.8569631576538086 0.4363557497660319 0.8562233448028564 0.44720645745595294 0.8510446548461914 0.45904354254404706 0.8377278447151184 0.45805712540944415 0.8273704051971436 0.45411141713460285 0.8325490951538086 0.4393150409062703 0.8303296566009521 0.4264914592107137
1 0.8835967183113098 0.4264914592107137 0.8998727798461914 0.41268150011698407 0.908750593662262 0.4057765007019043 0.9250266551971436 0.406762957572937 0.9353840947151184 0.40873579184214276 0.9376035928726196 0.4235322078069051 0.9287257194519043 0.4393150409062703 0.9220673441886902 0.45509783426920575 0.9094904065132141 0.45805712540944415 0.8924745321273804 0.45115216573079425 0.8776781558990479 0.4412878751754761
1 0.9357063174247742 0.39291028181711835 0.9391940236091614 0.3776307503382365 0.9521484375 0.3716517686843872 0.9700853228569031 0.3663371404012044 0.9870256781578064 0.3683301607767741 0.9944993853569031 0.3776307503382365 0.9830396771430969 0.39756059646606445 0.9745694994926453 0.4168260892232259 0.9700853228569031 0.4228050708770752 0.9556361436843872 0.42346938451131183 0.9466677308082581 0.4221407175064087 0.9416852593421936 0.4128401279449463 0.9376993179321289 0.3995535771052043
1 0.9959940910339355 0.38759565353393555 0.9835379719734192 0.40818985303243 0.9835379719734192 0.42014773686726886 0.9820432066917419 0.44207056363423664 0.9865274429321289 0.4560214678446452 0.9955022931098938 0.4421214660008748 0.9990234375 0.4264720280965169
1 0.8524565100669861 0.4751320282618205 0.8497056365013123 0.4677963654200236 0.8607091903686523 0.4549589157104492 0.8627723455429077 0.4457893371582031 0.8655232191085815 0.4421214660008748 0.8744635581970215 0.44854021072387695 0.8847793936729431 0.45587587356567383 0.8992214798927307 0.46229461828867596 0.9102250337600708 0.4677963654200236 0.9116004705429077 0.4815507729848226 0.9122881889343262 0.49897301197052 0.9067864418029785 0.5072256326675415 0.8895934224128723 0.5099765062332153 0.8820285201072693 0.5154782931009928 0.8724004030227661 0.4980560541152954 0.8579583168029785 0.4833846886952718
1 0.9191653728485107 0.4962221384048462 0.9164144992828369 0.46871332327524823 0.927418053150177 0.45770978927612305 0.9363583922386169 0.4421214660008748 0.9425478577613831 0.4320349295934041 0.9604285955429077 0.4320349295934041 0.9741829633712769 0.4329518874486287 0.9789970517158508 0.45037412643432617 0.9824356436729431 0.45954370498657227 0.9817479252815247 0.47238115469614667 0.976246178150177 0.49072035153706867 0.9686812162399292 0.5008069276809692 0.9631794691085815 0.5163952509562174 0.9604285955429077 0.5246478716532389 0.9521759748458862 0.5283157428105673 0.9425478577613831 0.5209800402323405 0.9287934899330139 0.5099765062332153
1 0.8868425488471985 0.5218969980875651 0.89509516954422 0.5182291666666666 0.9067864418029785 0.5145613352457682 0.9171022176742554 0.5108935038248698 0.9267302751541138 0.5191461245218912 0.9384215474128723 0.526481827100118 0.9446110129356384 0.5292327006657919 0.9377338290214539 0.5429871082305908 0.9329198002815247 0.5576584339141846 0.9232916831970215 0.5640771786371866 0.9109127521514893 0.5714128414789835 0.902660071849823 0.5769146283467611 0.8957828879356384 0.5549075603485107 0.8902811408042908 0.5466549396514893
1 0.9312626123428345 0.5753948291142782 0.942603349685669 0.5938760042190552 0.9640247225761414 0.6089969873428345 0.9778856039047241 0.6299983263015747 0.9766255021095276 0.6526797612508138 0.9709551334381104 0.6736811002095541 0.962134599685669 0.6778813997904459 0.9539440274238586 0.672001043955485 0.9432333707809448 0.6669607162475586 0.939453125 0.6669607162475586 0.9381930232048035 0.6442792415618896 0.9356728792190552 0.6358786821365356 0.9237021207809448 0.6232779026031494 0.9123613834381104 0.6157174110412598 0.9073210954666138 0.6064768234888712 0.9060609936714172 0.5888356765111288 0.9136214852333069 0.5821152528127035
1 0.9974168539047241 0.6249579985936483 0.9892262816429138 0.6383988459904989 0.9841859936714172 0.6509996652603149 0.9810357689857483 0.6686407725016276 0.9797757267951965 0.6787214279174805 0.9778856039047241 0.6846017837524414 0.9829258918762207 0.6938424110412598 0.9904863834381104 0.696362574895223 0.9942666292190552 0.6879620552062988 0.9986768960952759 0.6745212078094482 0.9990234375 0.6541918913523356
1 0.9577242732048035 0.6913222471872965 0.9646547436714172 0.6820816198984782 0.9747353792190552 0.6871219476064047 0.9797757267951965 0.6988827387491862 0.9728452563285828 0.7072832584381104 0.9633946418762207 0.719044049580892 0.9564642310142517 0.7249244054158529 0.9495337605476379 0.7282845973968506 0.9507938623428345 0.7098034222920736
1 0.9967867732048035 0.5056703488032023 0.9848160147666931 0.5325520833333334 0.9791456460952759 0.5560735861460367 0.9734752774238586 0.5695144335428873 0.9633946418762207 0.5762348969777426 0.9507938623428345 0.5703545014063517 0.9495337605476379 0.554393490155538 0.9552041292190552 0.5392725070317587 0.9489037394523621 0.5409526030222574 0.939453125 0.5560735861460367 0.9381930232048035 0.5686744054158529 0.9438633918762207 0.5821152528127035 0.9507938623428345 0.5938760042190552 0.9608744978904724 0.5997563997904459 0.9747353792190552 0.6106770833333334 0.981665849685669 0.6148773431777954 0.9930065274238586 0.6123571793238322 0.9974168539047241 0.6165574789047241 0.9961567521095276 0.5846354166666666 0.9990234375 0.5555863380432129 0.9990234375 0.5165910720825195
