1 0.0009765625 0.009803921605149904 0.0009765625 0.03278186172246933 0.006062038242816925 0.051383053263028465 0.013447806239128113 0.04262954990069071 0.012627165764570236 0.010898109525442123 0.004420757293701172 0.005427171165744464 0.0009765625 0.0013020833333333333 0.0009765625 0.0013020833333333333
0 0.13162007927894592 0.1684611439704895 0.1463916152715683 0.13454131285349527 0.1603424996137619 0.11046919226646423 0.17265211045742035 0.09077381094296773 0.19480940699577332 0.07983193298180898 0.19727133214473724 0.10280987620353699 0.18988557159900665 0.13672968745231628 0.18660300970077515 0.14767157038052878 0.16690762341022491 0.153142511844635 0.16116313636302948 0.16408438483874002 0.14885352551937103 0.17721464236577353 0.1398264765739441 0.18159139156341553
0 0.04299087077379227 0.15095412731170654 0.07171329855918884 0.15204831957817078 0.07581650465726852 0.17502625783284506 0.05776240676641464 0.16736694176991782
0 0.0009765625 0.2767857114473979 0.0009765625 0.25927871465682983 0.0009765625 0.25380776325861615 0.0052413977682590485 0.27240896224975586 0.008523959666490555 0.2855392098426819 0.012627165764570236 0.29101016124089557 0.024116136133670807 0.29101016124089557 0.036425746977329254 0.2888217767079671 0.0208335742354393 0.3008578419685364 0.010165244340896606 0.31289390722910565 0.0027794763445854187 0.3150822917620341 0.0009765625 0.31179972489674884 0.0009765625 0.30304622650146484 0.0009765625 0.29319852590560913
0 0.07745778560638428 0.14438900351524353 0.0905880331993103 0.1356355051199595 0.1045389324426651 0.13672968745231628 0.1184898167848587 0.14438900351524353 0.13079942762851715 0.14985994497934976 0.12259303033351898 0.17721464236577353 0.12997879087924957 0.19691002368927002 0.11192469298839569 0.20894606908162436 0.09879444539546967 0.2176995873451233 0.09140868484973907 0.21988795200983682 0.08648483455181122 0.20785188674926758 0.07827842235565186 0.1870623230934143 0.08320227265357971 0.17393207550048828 0.07909906655550003 0.15970763564109802
0 0.20137454569339752 0.002144607870529095 0.19645069539546967 0.021839986244837444 0.19727133214473724 0.039346988002459206 0.2021951824426651 0.05794817705949148 0.22106991708278656 0.04810049136479696 0.22599376738071442 0.04372373720010122 0.2300969511270523 0.02512254814306895 0.23255889117717743 0.009803921605149904 0.23255889117717743 0.0013020833333333333 0.2128635197877884 0.0013020833333333333
0 0.262101948261261 0.08858543634414673 0.28097671270370483 0.07764355838298798 0.29903078079223633 0.07764355838298798 0.3113403916358948 0.07873774568239848 0.3179055452346802 0.10280987620353699 0.3252912759780884 0.12578781445821127 0.3170849084854126 0.13344713052113852 0.2998514175415039 0.12359943985939026 0.29082435369491577 0.11594012379646301 0.27769410610198975 0.10280987620353699
0 0.31872618198394775 0.14548319578170776 0.3310357928276062 0.13016456365585327 0.34006285667419434 0.12031687299410503 0.3523724675178528 0.11703431606292725 0.36796462535858154 0.09843312700589497 0.37452971935272217 0.08311449488004048 0.38027423620224 0.07436099648475647 0.39914894104003906 0.07545518378416698 0.4114585518836975 0.07654937108357747 0.4155617952346802 0.08858543634414673 0.3983283042907715 0.109375 0.38519805669784546 0.1312587559223175 0.37781232595443726 0.14985994497934976 0.36714398860931396 0.16955532630284628 0.3589375615119934 0.1761204401652018 0.34662795066833496 0.17830882469813028 0.3343183398246765 0.17393207550048828 0.3277531862258911 0.1684611439704895
0 0.359758198261261 0.006521358465154965 0.36796462535858154 0.0013020833333333333 0.3794535994529724 0.016369047264258068 0.3876599669456482 0.018557423104842503 0.3975076675415039 0.029499299824237823 0.3975076675415039 0.04262954990069071 0.38191550970077515 0.04591211676597595 0.3737090826034546 0.04481792946656545 0.3696058988571167 0.03168767442305883 0.36468207836151123 0.021839986244837444
0 0.4122791886329651 0.006521358465154965 0.40653473138809204 0.026216737926006317 0.4073553681373596 0.04919467866420746 0.413920521736145 0.06560749312241872 0.42458879947662354 0.08202030758062999 0.4385397434234619 0.07545518378416698 0.4393603801727295 0.05466561516125997 0.4295126795768738 0.0338760515054067 0.4295126795768738 0.016369047264258068 0.43033331632614136 0.002144607870529095 0.4182698726654053 0.0013020833333333333
0 0.4385397434234619 0.0013020833333333333 0.436898410320282 0.016369047264258068 0.4393603801727295 0.0349702388048172 0.4475667476654053 0.04700630406538645 0.4541319012641907 0.04262954990069071 0.4664415121078491 0.02731092522541682 0.47710978984832764 0.017463235805432003 0.491060733795166 0.013086484124263128 0.49762582778930664 0.009803921605149904 0.4959845542907715 0.004332983245452245 0.4738272428512573 0.003238795635600885 0.45495253801345825 0.003238795635600885
0 0.5911788940429688 0.041535365084807076 0.6108742356300354 0.04372373720010122 0.6313902735710144 0.04481792946656545 0.6387760639190674 0.051383053263028465 0.6445205211639404 0.06889005502065022 0.6519063115119934 0.0874912440776825 0.6576507687568665 0.10171568393707275 0.6666778326034546 0.12469363212585449 0.67324298620224 0.13891807198524475 0.6781668066978455 0.15204831957817078 0.6674984693527222 0.1586134433746338 0.6543682217597961 0.1542366941769918 0.6379554271697998 0.1542366941769918 0.6231838464736938 0.15095412731170654 0.6133362054824829 0.15204831957817078 0.598564624786377 0.157519261042277 0.5944614410400391 0.14767157038052878 0.5961027145385742 0.13344713052113852 0.5969233512878418 0.12031687299410503 0.601847231388092 0.10609243313471477 0.6100535988807678 0.09733893473943074 0.6051297783851624 0.08311449488004048 0.5993852615356445 0.06998424232006073 0.5961027145385742 0.06341911852359772 0.5919995307922363 0.053571427861849465
0 0.6420586109161377 0.04044117530186971 0.6535475850105286 0.02512254814306895 0.6674984693527222 0.030593487123648327 0.6806287169456482 0.04919467866420746 0.6888351440429688 0.06341911852359772 0.6921176910400391 0.07654937108357747 0.7011447548866272 0.08858543634414673 0.7126337289810181 0.09843312700589497 0.7183781862258911 0.11922269066174825 0.7249433398246765 0.13782387971878052 0.7257639765739441 0.14657737811406454 0.7134543657302856 0.14657737811406454 0.699503481388092 0.14657737811406454 0.6839112639427185 0.14438900351524353 0.6757048964500427 0.12469363212585449 0.6674984693527222 0.10499825080235799 0.6576507687568665 0.08202030758062999 0.6510856747627258 0.06123074392477671 0.6469824314117432 0.051383053263028465
0 0.7331497073173523 0.12141106526056926 0.7471006512641907 0.10828080773353577 0.7626928091049194 0.10390405853589375 0.7815675139427185 0.10062150160471599 0.8119312524795532 0.09843312700589497 0.8250615000724792 0.10171568393707275 0.834909200668335 0.109375 0.8381917476654053 0.12797618905703226 0.827523410320282 0.13891807198524475 0.8070074319839478 0.14876575271288553 0.8012629151344299 0.1651785671710968 0.8029041886329651 0.18487395842870077 0.8037248253822327 0.20456931988398233 0.8020835518836975 0.22754726807276407 0.7914152145385742 0.2417717178662618 0.7725405097007751 0.2581845323244731 0.7610515356063843 0.2713147799173991 0.7446386814117432 0.2800682783126831 0.737252950668335 0.25709033012390137 0.7331497073173523 0.24505426486333212 0.7421767711639404 0.22864145040512085 0.7471006512641907 0.21222863594690958 0.7446386814117432 0.20019257068634033 0.737252950668335 0.1761204401652018 0.7339704036712646 0.1629901925722758 0.7323290705680847 0.14438900351524353
0 0.7479212880134583 0.2866334120432536 0.7585896253585815 0.27787989377975464 0.7692579030990601 0.2702205975850423 0.7782849669456482 0.2614670793215434 0.7856707572937012 0.2559961477915446 0.7963390946388245 0.24833683172861734 0.8053660988807678 0.2417717178662618 0.8135725259780884 0.25709033012390137 0.8152137994766235 0.26584382851918537 0.7979803681373596 0.2745973467826843 0.7914152145385742 0.28444502751032513 0.7782849669456482 0.3008578419685364 0.7700785398483276 0.3085171580314636 0.7594102621078491 0.3096113403638204 0.7495625615119934 0.3107055226961772
0 0.3417041301727295 0.2669380307197571 0.35155177116394043 0.24943101406097412 0.36714398860931396 0.24505426486333212 0.3876599669456482 0.2472426493962606 0.41309982538223267 0.25052521626154584 0.43443650007247925 0.2417717178662618 0.4524906277656555 0.22864145040512085 0.4606969952583313 0.2067577044169108 0.4680827856063843 0.19472163915634155 0.4738272428512573 0.2133228381474813 0.46233826875686646 0.2406775156656901 0.457414448261261 0.2614670793215434 0.45823508501052856 0.27787989377975464 0.4500287175178528 0.28444502751032513 0.4360777735710144 0.2921043435732524 0.42048561573028564 0.2953869104385376 0.4073553681373596 0.29319852590560913 0.39504575729370117 0.2866334120432536 0.372888445854187 0.28116246064503986 0.3589375615119934 0.2735031445821126
0 0.3761709928512573 0.3566613992055257 0.3835567831993103 0.33368349075317383 0.4007902145385742 0.3227415879567464 0.4147411584854126 0.31179972489674884 0.4229475259780884 0.3052345911661784 0.4418222904205322 0.30632877349853516 0.4500287175178528 0.3293067216873169 0.45495253801345825 0.3413428068161011 0.44510483741760254 0.34681371847788495 0.4254094362258911 0.34681371847788495 0.413920521736145 0.35228466987609863 0.4081760048866272 0.3676033020019531 0.39914894104003906 0.38401611646016437 0.39176321029663086 0.38620448112487793 0.3843774199485779 0.3763568003972371
0 0.23830337822437286 0.47045691808064777 0.25553685426712036 0.4551382859547933 0.2727702856063843 0.44857319196065265 0.2793354392051697 0.45294992129007977 0.27030837535858154 0.4660801887512207 0.2686671018600464 0.48030463854471844 0.26948773860931396 0.4934348662694295 0.2506129741668701 0.48905813694000244 0.2440478652715683 0.48249300320943195
0 0.28754180669784546 0.46170341968536377 0.3031339645385742 0.4474790096282959 0.31872618198394775 0.4321603775024414 0.3277531862258911 0.41355915864308673 0.3343183398246765 0.3872986634572347 0.33678025007247925 0.3686974843343099 0.35401374101638794 0.3676033020019531 0.36796462535858154 0.3686974843343099 0.37863296270370483 0.38401611646016437 0.3835567831993103 0.39495797952016193 0.3794535994529724 0.41137079397837323 0.37206780910491943 0.43106619517008465 0.359758198261261 0.45185573895772296 0.3499104976654053 0.469362735748291 0.3376008868217468 0.4846813678741455 0.32611191272735596 0.4967174530029297 0.3203674554824829 0.5054709513982137 0.31298166513442993 0.517506996790568 0.3006720542907715 0.5142244497934977 0.2850798964500427 0.5010941823323568 0.2793354392051697 0.49562323093414307 0.28097671270370483 0.48249300320943195
0 0.31872618198394775 0.5798757076263428 0.33678025007247925 0.5667454401652018 0.3548343777656555 0.556897759437561 0.3638613820075989 0.54376749197642 0.3655027151107788 0.526260495185852 0.35319310426712036 0.48577555020650226 0.34006285667419434 0.4934348662694295 0.33595961332321167 0.5010941823323568 0.3302151560783386 0.5120360453923544 0.3244706392288208 0.5295430819193522 0.32282936573028564 0.5426733096440634 0.3211880922317505 0.5558035771052042
0 0.4680827856063843 0.17940300703048706 0.4738272428512573 0.16189601023991904 0.4894194006919861 0.157519261042277 0.5091148018836975 0.1629901925722758 0.5230656862258911 0.1684611439704895 0.5206037759780884 0.18159139156341553 0.541940450668335 0.18925070762634277 0.5567119717597961 0.19691002368927002 0.5624564290046692 0.21004027128219604 0.5567119717597961 0.23411240180333456 0.555070698261261 0.2472426493962606 0.5386579036712646 0.26256128152211505 0.5296308398246765 0.2702205975850423 0.5148593187332153 0.28116246064503986 0.5033703446388245 0.28772759437561035 0.49270200729370117 0.28772759437561035 0.4820336699485779 0.28116246064503986 0.46890342235565186 0.27787989377975464 0.4664415121078491 0.26584382851918537 0.4680827856063843 0.25052521626154584 0.4754685163497925 0.23739494880040488 0.4803923964500427 0.21879376967748007 0.47957175970077515 0.2023809552192688 0.4746478796005249 0.1870623230934143
0 0.4500287175178528 0.3676033020019531 0.4615176320075989 0.36103816827138263 0.47710978984832764 0.36213235060373944 0.4853162169456482 0.37963934739430744 0.4894194006919861 0.403711477915446 0.47875112295150757 0.41574756304423016 0.45905572175979614 0.4190301100413005 0.4524906277656555 0.4266894261042277 0.4459254741668701 0.4321603775024414 0.44510483741760254 0.403711477915446 0.4467461109161377 0.38401611646016437
0 0.49762582778930664 0.3741684357325236 0.5156799554824829 0.3741684357325236 0.5353752970695496 0.3785451650619507 0.5501468181610107 0.381827712059021 0.5485055446624756 0.4015231132507324 0.5353752970695496 0.41793592770894367 0.5222450494766235 0.4277836084365845 0.5082941651344299 0.42450106143951416 0.500908374786377 0.41246497631073 0.4992671012878418 0.3938637971878052
0 0.5575326085090637 0.3872986634572347 0.5723041296005249 0.38620448112487793 0.5805105566978455 0.3971463441848755 0.57558673620224 0.4223126570383708 0.5796899199485779 0.4441964228947957 0.5862550139427185 0.46717437108357746 0.588716983795166 0.4846813678741455 0.5796899199485779 0.5 0.5657390356063843 0.5043767690658569 0.5542500615119934 0.49890581766764325 0.5452229976654053 0.4813988208770752 0.5435817241668701 0.4573266903559367 0.5361959338188171 0.4420080582300822 0.5444023609161377 0.42450106143951416 0.5517881512641907 0.41355915864308673 0.5583532452583313 0.39933474858601886
0 0.6740636229515076 0.16736694176991782 0.6830906271934509 0.1608018179734548 0.6929383277893066 0.1542366941769918 0.7093511819839478 0.1542366941769918 0.7224814295768738 0.1586134433746338 0.7290465235710144 0.17502625783284506 0.7257639765739441 0.19034488995869955 0.7159162759780884 0.20566352208455405 0.7126337289810181 0.2209821343421936 0.7060685753822327 0.23739494880040488 0.6945796012878418 0.2559961477915446 0.6871938705444336 0.2702205975850423 0.6814493536949158 0.27897409598032635 0.6617540121078491 0.2767857114473979 0.6535475850105286 0.2669380307197571 0.6510856747627258 0.25709033012390137 0.6576507687568665 0.24396008253097534 0.6707810163497925 0.22864145040512085 0.6773461699485779 0.20785188674926758 0.678987443447113 0.1914390722910563 0.6798080801963806 0.17940300703048706
0 0.8086487054824829 0.1629901925722758 0.8168550729751587 0.153142511844635 0.827523410320282 0.14876575271288553 0.8431155681610107 0.157519261042277 0.8513219952583313 0.17174369096755981 0.8570665121078491 0.19472163915634155 0.853783905506134 0.2209821343421936 0.8455775380134583 0.2363007664680481 0.8357298374176025 0.24943101406097412 0.8201376795768738 0.25271358092625934 0.8135725259780884 0.23520658413569132 0.8111106157302856 0.21551120281219482 0.8102899789810181 0.20019257068634033 0.8078280687332153 0.1870623230934143
0 0.8660935163497925 0.1826855738957723 0.8808650970458984 0.1728378931681315 0.8874301910400391 0.17393207550048828 0.894815981388092 0.18377975622812906 0.9054843187332153 0.19909838835398355 0.9161525964736938 0.2166053851445516 0.9309241771697998 0.23520658413569132 0.9432337880134583 0.25380776325861615 0.9432337880134583 0.26912639538447064 0.9268209338188171 0.2702205975850423 0.9136906862258911 0.27240896224975586 0.9054843187332153 0.27787989377975464 0.8923540115356445 0.2614670793215434 0.8825063705444336 0.2549019654591878 0.861169695854187 0.24505426486333212 0.8595284223556519 0.22645308574040732 0.8628109693527222 0.21222863594690958 0.8652728796005249 0.19581582148869833
0 0.912049412727356 0.2866334120432536 0.9218971133232117 0.2767857114473979 0.9342067241668701 0.27787989377975464 0.9399511814117432 0.28444502751032513 0.9374892711639404 0.2921043435732524 0.925179660320282 0.30195202430089313 0.9136906862258911 0.30632877349853516
0 0.6781668066978455 0.41137079397837323 0.6822699904441833 0.37526261806488037 0.7003241181373596 0.35228466987609863 0.7109924554824829 0.3665091196695964 0.7101718187332153 0.3916754325230916 0.7085304856300354 0.41246497631073 0.7011447548866272 0.43981969356536865 0.6945796012878418 0.4573266903559367 0.686373233795166 0.4420080582300822 0.6798080801963806 0.4288777907689412
0 0.7191988229751587 0.4026172955830892 0.7290465235710144 0.4015231132507324 0.7405354976654053 0.38073352972666424 0.7487419247627258 0.3697916666666667 0.7594102621078491 0.3588498036066691 0.7725405097007751 0.36541489760080975 0.7807468771934509 0.3763568003972371 0.7889533042907715 0.38948702812194824 0.7988010048866272 0.39058125019073486 0.8168550729751587 0.3883928457895915 0.8193170428276062 0.3971463441848755 0.8119312524795532 0.4201242923736572 0.7988010048866272 0.43325455983479816 0.7905945777893066 0.44310224056243896 0.7799262404441833 0.45842087268829346 0.7774643301963806 0.47045691808064777 0.7626928091049194 0.48030463854471844 0.7536657452583313 0.4846813678741455 0.7421767711639404 0.4813988208770752 0.7233020663261414 0.48030463854471844 0.7142750024795532 0.48249300320943195 0.7060685753822327 0.4759278694788615 0.7019653916358948 0.4660801887512207 0.7077098488807678 0.44966737429300946 0.7126337289810181 0.4277836084365845
0 0.8258821368217468 0.3883928457895915 0.8365504741668701 0.381827712059021 0.8505013585090637 0.37963934739430744 0.8636316061019897 0.37745098272959393 0.874299943447113 0.3741684357325236 0.894815981388092 0.3676033020019531 0.891533374786377 0.3872986634572347 0.8784031271934509 0.40480566024780273 0.8644522428512573 0.41465338071187335 0.8496807217597961 0.4277836084365845 0.8390123844146729 0.4376312891642253 0.8258821368217468 0.43106619517008465 0.8193170428276062 0.4234068791071574 0.8209583163261414 0.4080882469813029
0 0.7544863820075989 0.4934348662694295 0.7782849669456482 0.48358718554178876 0.7963390946388245 0.4726453224817912 0.8135725259780884 0.46389182408650714 0.8250615000724792 0.45842087268829346 0.8455775380134583 0.45294992129007977 0.8529632687568665 0.44966737429300946 0.8595284223556519 0.43872547149658203 0.8718380331993103 0.4201242923736572 0.8800444006919861 0.4277836084365845 0.8882508277893066 0.4507615566253662 0.8923540115356445 0.4726453224817912 0.8874301910400391 0.491246501604716 0.8767618536949158 0.4934348662694295 0.8628109693527222 0.4901523192723592 0.853783905506134 0.49781163533528644 0.8463981747627258 0.5043767690658569 0.8398330211639404 0.5076593160629272 0.8250615000724792 0.5065651337305704 0.8020835518836975 0.5043767690658569 0.784029483795166 0.5 0.7774643301963806 0.5065651337305704 0.7667959928512573 0.5120360453923544 0.7610515356063843 0.5098476807276408
0 0.6519063115119934 0.5492384433746338 0.67324298620224 0.5328256289164225 0.6880145072937012 0.5273546775182089 0.696220874786377 0.5492384433746338 0.7003241181373596 0.5678396224975586 0.7068892121315002 0.5820640722910563 0.7224814295768738 0.5984768867492676 0.7265846133232117 0.6170780658721924 0.7257639765739441 0.6334908803304037 0.7200194597244263 0.6499036947886149 0.7044273018836975 0.6597514152526855 0.6929383277893066 0.667410691579183 0.6830906271934509 0.6936712265014648 0.6798080801963806 0.7166491349538168 0.6806287169456482 0.7341561317443848 0.678987443447113 0.7494747638702393 0.6683191061019897 0.7472863992055258 0.6568301320075989 0.7396271228790283 0.6461617946624756 0.7374387582143148 0.6371347904205322 0.7264968554178873 0.6199012994766235 0.7013305028279623 0.6125155687332153 0.6794467767079672 0.6116949319839478 0.6630339622497559 0.6313902735710144 0.6542804638544718 0.6420586109161377 0.6466211477915446 0.6494444012641907 0.6280199686686198 0.6510856747627258 0.6072303851445516 0.6494444012641907 0.5842524369557699 0.6494444012641907 0.5711222092310587
0 0.7282258868217468 0.6477153301239014 0.737252950668335 0.6455269654591879 0.7438180446624756 0.6564688285191854 0.7487419247627258 0.6728816827138265 0.7413561344146729 0.6783525943756104 0.7339704036712646 0.6685048739115397 0.7306877970695496 0.6586571931838989
0 0.8316266536712646 0.7199317614237467 0.8422949314117432 0.7144607702891032 0.8455775380134583 0.723214308420817 0.8546045422554016 0.723214308420817 0.8726586699485779 0.7100840409596761 0.8866095542907715 0.6958595911661783 0.9013810753822327 0.6838235060373942 0.9128700494766235 0.6827293237050375 0.9309241771697998 0.7002363204956055 0.9481576085090637 0.7100840409596761 0.9580791592597961 0.7222952047983805 0.9580053091049194 0.7505689462025961 0.9497988820075989 0.7604166666666666 0.9301035404205322 0.7702643871307373 0.9260002970695496 0.7888655662536621 0.9161525964736938 0.7888655662536621 0.8939953446388245 0.7779236634572347 0.8784031271934509 0.7702643871307373 0.8636316061019897 0.7647933959960938 0.8546045422554016 0.7549457550048828 0.8463981747627258 0.7418154875437418 0.8365504741668701 0.7407213052113851 0.8316266536712646 0.7396271228790283 0.8316266536712646 0.7308735847473145
0 0.8939953446388245 0.8151260217030843 0.9022017121315002 0.7998073895772299 0.9169732928276062 0.7954306602478027 0.9301035404205322 0.8019958337148031 0.9424131512641907 0.8151260217030843 0.9481576085090637 0.8337272802988688 0.9440544247627258 0.8588935534159342 0.9506195187568665 0.8873424530029297 0.9530814290046692 0.9048494497934977 0.938309907913208 0.903755267461141 0.9268209338188171 0.8862482706705729 0.9161525964736938 0.8829657236735026 0.9071255922317505 0.890625 0.9038429856300354 0.9015669027964274 0.8989191651344299 0.9125087261199951 0.8907127380371094 0.9146970907847086 0.8833270072937012 0.9103203614552816 0.8866095542907715 0.8939075469970703 0.8898921012878418 0.8742121855417887 0.8923540115356445 0.859987735748291 0.8980985283851624 0.8490458329518636 0.8980985283851624 0.8337272802988688 0.8980985283851624 0.8271621068318685
0 0.015089087188243866 0.5809698899586996 0.03314318507909775 0.58753502368927 0.050376638770103455 0.5951943397521973 0.06678945571184158 0.6116071542104086 0.07253394275903702 0.6378676493962606 0.07827842235565186 0.661939779917399 0.1012563705444336 0.6827293237050375 0.1184898167848587 0.6936712265014648 0.1324407160282135 0.705707311630249 0.13654391467571259 0.7210259437561035 0.13490264117717743 0.7352503140767416 0.11766918003559113 0.7374387582143148 0.1012563705444336 0.7297794024149576 0.0799197107553482 0.7243084907531738 0.0626862496137619 0.7210259437561035 0.05201791971921921 0.7166491349538168 0.05858305096626282 0.702424685160319 0.04791472107172012 0.6892944971720377 0.03560510277748108 0.6739758650461832 0.02821934223175049 0.6608455975850424 0.02165421098470688 0.6466211477915446 0.01180652529001236 0.6367734670639038 0.010985884815454483 0.6236431996027628 0.012627165764570236 0.6061362028121948 0.012627165764570236 0.5962885220845541
0 0.0009765625 0.698047955830892 0.0009765625 0.6892944971720377 0.0009765625 0.6903886795043945 0.0009765625 0.7013305028279623 0.0009765625 0.7210259437561035 0.0009765625 0.746192216873169 0.0009765625 0.7680759429931641 0.0009765625 0.798713207244873 0.0009765625 0.811843474706014 0.0009765625 0.8238795598347982 0.0009765625 0.8216911951700846 0.0009765625 0.8184086481730143 0.0009765625 0.7483805815378824 0.0009765625 0.7166491349538168
0 0.004420757293701172 0.702424685160319 0.020012933760881424 0.71555495262146 0.02821934223175049 0.7418154875437418 0.03314318507909775 0.7779236634572347 0.033963821828365326 0.8129376570383707 0.024116136133670807 0.8195028305053711 0.008523959666490555 0.8140318393707275 0.0009765625 0.8052783807118734 0.0009765625 0.7877713839213053 0.0009765625 0.7746411164601644 0.001958835870027542 0.7527573903401693 0.001958835870027542 0.7385329405466715 0.001958835870027542 0.723214308420817
0 0.040528953075408936 0.8457632859547933 0.06104496866464615 0.8413865566253662 0.06925138086080551 0.8621761004130045 0.07581650465726852 0.8862482706705729 0.07499586045742035 0.8993785381317139 0.06925138086080551 0.9103203614552816 0.06022433191537857 0.9070378144582113 0.050376638770103455 0.890625 0.04217023402452469 0.8753063678741455
0 0.1258755922317505 0.753851572672526 0.13654391467571259 0.7472863992055258 0.1496741771697998 0.7516631285349528 0.15541866421699524 0.7549457550048828 0.16854891180992126 0.7472863992055258 0.17839659750461578 0.7407213052113851 0.18742364645004272 0.736344575881958 0.19645069539546967 0.723214308420817 0.2021951824426651 0.7188374996185303 0.21450479328632355 0.7319677670796713 0.22763504087924957 0.7516631285349528 0.21450479328632355 0.7680759429931641 0.20629838109016418 0.7844887574513754 0.20055389404296875 0.7932422955830892 0.19809196889400482 0.8041841983795166 0.1915268450975418 0.8238795598347982 0.18988557159900665 0.8435749212900797 0.19070620834827423 0.8588935534159342 0.18660300970077515 0.8665529092152914 0.1742933988571167 0.8676470915476481 0.1603424996137619 0.8577993710835775 0.14803288877010345 0.8381040096282959 0.13818520307540894 0.8140318393707275 0.12833751738071442 0.7943364779154459 0.12177237868309021 0.7844887574513754 0.13162007927894592 0.7724527517954508 0.12833751738071442 0.7669817606608073
0 0.1431090384721756 0.23411240180333456 0.15049481391906738 0.2133228381474813 0.16116313636302948 0.20566352208455405 0.16936954855918884 0.19472163915634155 0.1849617213010788 0.19362745682398477 0.1956300586462021 0.20019257068634033 0.19809196889400482 0.21551120281219482 0.19480940699577332 0.23739494880040488 0.18906493484973907 0.24943101406097412 0.17839659750461578 0.2614670793215434 0.15952186286449432 0.2735031445821126 0.15049481391906738 0.28772759437561035 0.14392969012260437 0.29319852590560913 0.1390058398246765 0.2833508451779683 0.1390058398246765 0.26584382851918537 0.14557096362113953 0.25271358092625934
0 0.1324407160282135 0.005427171165744464 0.1250549554824829 0.019651610404253006 0.1250549554824829 0.02840511252482732 0.1390058398246765 0.03278186172246933 0.15459801256656647 0.0349702388048172 0.1603424996137619 0.0338760515054067 0.15623930096626282 0.016369047264258068 0.15049481391906738 0.008709733684857687 0.1431090384721756 0.004332983245452245
0 0.22517313063144684 0.7166491349538168 0.22927631437778473 0.6794467767079672 0.2407652884721756 0.6652223269144694 0.262101948261261 0.6488095124562582 0.28015607595443726 0.6488095124562582 0.29821014404296875 0.6345851023991903 0.30477529764175415 0.6247373819351196 0.31298166513442993 0.6466211477915446 0.3277531862258911 0.6641281445821127 0.339242160320282 0.6914828618367513 0.34252476692199707 0.7100840409596761 0.33349770307540894 0.7188374996185303 0.3252912759780884 0.7297794024149576 0.32693254947662354 0.7418154875437418 0.3343183398246765 0.7636992136637369 0.3482692241668701 0.7658875783284506 0.35401374101638794 0.7746411164601644 0.3523724675178528 0.7899597485860189 0.3449866771697998 0.8019958337148031 0.33349770307540894 0.798713207244873 0.32200872898101807 0.7921481132507324 0.3113403916358948 0.7855830192565918 0.3006720542907715 0.7855830192565918 0.2859005331993103 0.7801120281219482 0.2727702856063843 0.7702643871307373 0.2588194012641907 0.7604166666666666 0.2481510490179062 0.7494747638702393 0.2407652884721756 0.7429096698760986 0.233379527926445 0.7308735847473145
0 0.0009765625 0.8588935534159342 0.0009765625 0.8479516506195068 0.0009765625 0.8446691036224365 0.004420757293701172 0.8479516506195068 0.01180652529001236 0.8523284594217936 0.01919228956103325 0.859987735748291 0.026578061282634735 0.8720238208770752 0.03314318507909775 0.8785889148712158 0.041349589824676514 0.8884366353352865 0.049556002020835876 0.9026610851287842 0.05694176256656647 0.9201680819193522 0.05694176256656647 0.93439253171285 0.05365920066833496 0.9453343550364176 0.040528953075408936 0.9529937108357748 0.031501904129981995 0.9562762578328451 0.0208335742354393 0.9617471694946289 0.010985884815454483 0.9705007076263428 0.0027794763445854187 0.9803484280904134 0.0009765625 0.9770658016204834 0.0009765625 0.9497111638387045 0.0009765625 0.938769261042277 0.0009765625 0.93439253171285 0.0009765625 0.921262264251709 0.0009765625 0.9146970907847086 0.0009765625 0.8993785381317139 0.0009765625 0.8829657236735026 0.0009765625 0.8759191036224365
0 0.08484354615211487 0.3829219341278076 0.09222932159900665 0.373074213663737 0.10371829569339752 0.3829219341278076 0.11028341948986053 0.38948702812194824 0.11931046843528748 0.39605216185251874 0.1250549554824829 0.4069940646489461 0.11602790653705597 0.4190301100413005 0.10946276783943176 0.43106619517008465 0.10371829569339752 0.4507615566253662 0.09633252024650574 0.4573266903559367 0.09222932159900665 0.4354429244995117 0.09222932159900665 0.41355915864308673 0.08894675970077515 0.4026172955830892
0 0.09387059509754181 0.5448617140452067 0.10371829569339752 0.5470500787099203 0.11028341948986053 0.556897759437561 0.11684854328632355 0.5711222092310587 0.12177237868309021 0.5864408413569132 0.1324407160282135 0.5995710690816244 0.13818520307540894 0.6203606526056925 0.14146776497364044 0.6509979168574015 0.1431090384721756 0.6816351413726807 0.1431090384721756 0.7013305028279623 0.13408200442790985 0.6969537734985352 0.12095174193382263 0.6816351413726807 0.10700085759162903 0.6685048739115397 0.09387059509754181 0.6553746461868286 0.08566419780254364 0.6400560140609741 0.08074034750461578 0.6137955188751221 0.07827842235565186 0.5919117530186971 0.08156099170446396 0.5722163915634155 0.09140868484973907 0.5558035771052042
0 0.372888445854187 0.6838235060373942 0.3761709928512573 0.6739758650461832 0.3868393301963806 0.6685048739115397 0.40571409463882446 0.6717875003814697 0.4147411584854126 0.6739758650461832 0.42376816272735596 0.6794467767079672 0.4327952265739441 0.6892944971720377 0.43771910667419434 0.6991421381632487 0.44018101692199707 0.7188374996185303 0.436898410320282 0.7308735847473145 0.43361586332321167 0.7429096698760986 0.4114585518836975 0.7319677670796713 0.4016109108924866 0.7243084907531738 0.3901219367980957 0.7122724056243896 0.38027423620224 0.698047955830892
2 0.37391167879104614 0.615966796875 0.38306695222854614 0.608642578125 0.38856011629104614 0.613525390625 0.38917046785354614 0.6241048177083334 0.38550835847854614 0.6289876302083334 0.38123589754104614 0.628173828125
2 0.3939855694770813 0.6476395527521769 0.39769697189331055 0.6451652844746908 0.4007124900817871 0.6460931301116943 0.39839285612106323 0.6519695123036703 0.3951454162597656 0.6535159349441528
2 0.28897547721862793 0.8481020132700602 0.29205477237701416 0.8434097766876221 0.29425424337387085 0.84868852297465 0.2911749482154846 0.8545537789662679
0 0.3630978465080261 0.7864583333333334 0.38093072175979614 0.7864583333333334 0.394517719745636 0.7762680848439535 0.4055570960044861 0.7547554175059 0.411501407623291 0.7456974983215332 0.42763590812683105 0.7513586680094401 0.43952447175979614 0.76154891649882 0.451413094997406 0.7728714148203532 0.4548097848892212 0.7807970841725668 0.4454687833786011 0.7955163319905599 0.434429407119751 0.80910325050354 0.4250883460044861 0.8283514181772867 0.4216915965080261 0.8487319151560465 0.413199782371521 0.86345108350118 0.392819344997406 0.8532608350118002 0.38008153438568115 0.8419384161631266 0.371589720249176 0.8294836680094401 0.3647962212562561 0.8170289993286133 0.35885190963745117 0.8079710006713867
0 0.434429407119751 0.6732336680094401 0.44631797075271606 0.6607789993286133 0.45735734701156616 0.6641757090886434 0.4641508460044861 0.6811594168345133 0.46839678287506104 0.7083333333333334 0.4751902222633362 0.7253170013427734 0.48962634801864624 0.7468297481536865 0.49726903438568115 0.7626811663309733 0.49047553539276123 0.7683424154917399 0.47858697175979614 0.7604166666666666 0.4734918475151062 0.7456974983215332 0.4633016586303711 0.7298460006713867 0.453111469745636 0.7253170013427734 0.44886553287506104 0.7139945824941 0.4446195960044861 0.7004075845082601 0.4412228465080261 0.6890851656595866
0 0.4412228465080261 0.7490941683451334 0.44716715812683105 0.7355072498321533 0.45990490913391113 0.7366394996643066 0.46839678287506104 0.7468297481536865 0.47094428539276123 0.76154891649882 0.46669840812683105 0.7706069151560465 0.45735734701156616 0.7694746653238932 0.450563907623291 0.7604166666666666
0 0.4743410348892212 0.7955163319905599 0.4836820960044861 0.78532608350118 0.4913247227668762 0.7785325845082601 0.5015149712562561 0.7649456659952799 0.506610095500946 0.7604166666666666 0.5083084106445312 0.7751358350118002 0.506610095500946 0.7921195824941 0.5006657838821411 0.80910325050354 0.4921739101409912 0.8204257488250732 0.4819837212562561 0.8226902484893799 0.4743410348892212 0.81589674949646
1 0.5244429707527161 0.5475543340047201 0.526141345500946 0.57472825050354 0.525292158126831 0.5962409575780233 0.5380299091339111 0.6086956659952799 0.546521782875061 0.6211503744125366 0.5516168475151062 0.6403985420862833 0.565203845500946 0.6539855003356934 0.5796399712562561 0.6573822498321533 0.5940760970115662 0.6585144996643066 0.6017187833786011 0.6607789993286133 0.6153057217597961 0.6505887508392334 0.6271942853927612 0.64266304175059 0.6373845338821411 0.6336050828297933 0.6407812833786011 0.6200181245803833 0.6416304707527161 0.5905797084172567 0.6382337212562561 0.5498188336690267 0.6314402222633362 0.5339673757553101 0.6076630353927612 0.5317029158274332 0.5915285348892212 0.5181159575780233 0.5830367207527161 0.5147192080815634 0.566053032875061 0.51358695824941 0.5507676601409912 0.5158514579137167 0.5397282838821411 0.5305706659952799
2 0.4633016586303711 0.30978260437647503 0.46669840812683105 0.29959239562352497 0.47603940963745117 0.3018568754196167 0.47688859701156616 0.3143116037050883 0.47094428539276123 0.31884058316548664
2 0.8107463121414185 0.6139002641042074 0.8142683506011963 0.6104849576950073 0.8168298006057739 0.6164617538452148 0.8152288794517517 0.6194501320521036 0.8126674294471741 0.6198770602544149
2 0.2140921801328659 0.8295295238494873 0.2212243527173996 0.8236774603525797 0.22506476938724518 0.833918571472168 0.21957845985889435 0.841965119043986 0.2140921801328659 0.8390390872955322
0 0.8555737733840942 0.5628591775894165 0.8791459798812866 0.5550018151601156 0.9018763303756714 0.5505118370056152 0.9128205180168152 0.5505118370056152 0.9136623740196228 0.5774515072504679 0.9119786620140076 0.6043911774953207 0.917029857635498 0.6290858586629232 0.9178717136383057 0.6414331992467245 0.9069274663925171 0.6492906014124552 0.8968251347541809 0.6369432608286539 0.8799878358840942 0.626840869585673 0.8665180206298828 0.626840869585673 0.8580993413925171 0.6156160036722819 0.8580993413925171 0.5965337753295898 0.8580993413925171 0.5796964963277181
0 0.19639410078525543 0.16774425903956094 0.2182825654745102 0.1688667337099711 0.23427797853946686 0.16774425903956094 0.23343612253665924 0.18009159962336221 0.23511986434459686 0.19468390941619873 0.23511986434459686 0.2081537445386251 0.231752410531044 0.22499102354049683 0.23427797853946686 0.24182830254236856 0.23343612253665924 0.2530531684557597 0.2241756170988083 0.2564206123352051 0.20986391603946686 0.24968570470809937 0.1997615545988083 0.24631824096043906 0.2006034255027771 0.23172593116760254 0.20481273531913757 0.2137661576271057 0.20144528150558472 0.20254131158192953 0.19218477606773376 0.19131644566853842 0.18965917825698853 0.18121407429377237
0 0.108840212225914 0.9950161774953207 0.11136581003665924 0.9781788984934489 0.11725886166095734 0.9568516413370768 0.12988682091236115 0.9523617426554362 0.1517753005027771 0.9546066919962565 0.1644032597541809 0.9568516413370768 0.16524511575698853 0.9748113950093588 0.1694544404745102 0.98828125 0.16524511575698853 0.9983836015065511 0.14924970269203186 0.9961386521657308 0.13830547034740448 0.9950161774953207 0.11978445947170258 0.9916486740112305
0 0.0036071911454200745 0.9938937028249105 0.03391430526971817 0.9894037246704102 0.06422141194343567 0.9927712281545004 0.07516565173864365 0.9938937028249105 0.06927260011434555 0.9815463225046793 0.059170231223106384 0.969199021657308 0.052435316145420074 0.9613416194915771 0.041491083800792694 0.9613416194915771 0.033072441816329956 0.9680765469868978 0.023811936378479004 0.9725664456685384 0.01623515412211418 0.9815463225046793 0.010342106223106384 0.9871587753295898
0 0.231752410531044 0.9198096593221029 0.2426966279745102 0.9108297030131022 0.25785017013549805 0.8984824021657308 0.2687944173812866 0.8872575759887695 0.28142237663269043 0.881645123163859 0.28984105587005615 0.8805226484934489 0.29994338750839233 0.8827675978342692 0.3117294907569885 0.8951149781545004 0.31509697437286377 0.9007273515065511 0.30752015113830566 0.9141972064971924 0.292366623878479 0.9254220326741537 0.2856317162513733 0.9287895361582438 0.2797386646270752 0.9332794348398844 0.2738456130027771 0.9310344854990641 0.25953394174575806 0.9344019095102946 0.25111526250839233 0.9400143623352051 0.24185477197170258 0.9355244636535645
0 0.2544827461242676 0.9534842173258463 0.2612176537513733 0.9467492898305258 0.2687944173812866 0.9445043404897054 0.27805495262145996 0.9456268151601156 0.28226423263549805 0.9568516413370768 0.28310608863830566 0.969199021657308 0.27721303701400757 0.9759338696797689 0.26963627338409424 0.9781788984934489 0.26374322175979614 0.9770564238230387 0.25785017013549805 0.9714439709981283
0 0.36392509937286377 0.9018498261769613 0.37318557500839233 0.8749101956685384 0.37992048263549805 0.8603178660074869 0.3933902978897095 0.8603178660074869 0.41275322437286377 0.8726652463277181 0.4262230396270752 0.8805226484934489 0.44053471088409424 0.8962374528249105 0.44811147451400757 0.9164421558380127 0.4514789581298828 0.9332794348398844 0.44642776250839233 0.9467492898305258 0.43548351526260376 0.9310344854990641 0.4253811836242676 0.9299120108286539 0.41106945276260376 0.9377694129943848 0.40012526512145996 0.9478717645009359 0.3908647298812866 0.9613416194915771 0.390022873878479 0.9759338696797689 0.39254844188690186 0.9927712281545004 0.3824461102485657 0.997261126836141 0.3664506673812866 0.9961386521657308 0.35466456413269043 0.997261126836141 0.3647669553756714 0.9714439709981283 0.36729252338409424 0.9478717645009359 0.36813437938690186 0.9276670614878336 0.36813437938690186 0.9153196811676025
0 0.4607394337654114 0.7940912246704102 0.44895339012145996 0.8041935761769613 0.44053471088409424 0.8154184818267822 0.43464165925979614 0.8300108114878336 0.42959046363830566 0.8446030616760254 0.4253811836242676 0.8603178660074869 0.4262230396270752 0.8704202969868978 0.43464165925979614 0.8760326703389486 0.44895339012145996 0.8771551450093588 0.45905572175979614 0.8648078441619873 0.463265061378479 0.8502155145009359 0.463265061378479 0.8389906883239746 0.4666324853897095 0.8243983586629232 0.46494877338409424 0.8075610796610514
0 0.5221955180168152 0.773886521657308 0.5373491048812866 0.7806213696797689 0.5541864037513733 0.7862338225046793 0.5693399310112 0.79296875 0.5844935178756714 0.7940912246704102 0.5937539935112 0.7963361740112305 0.6030145287513733 0.821030855178833 0.608065664768219 0.8412356376647949 0.5971214771270752 0.8524604638417562 0.5802841782569885 0.8670527935028076 0.5626050233840942 0.8782776196797689 0.5449258685112 0.8850125471750895 0.5247211456298828 0.9052173296610514 0.5045163631439209 0.9108297030131022 0.4809442162513733 0.9119522571563721 0.4699999690055847 0.9119522571563721 0.4565301537513733 0.909707228342692 0.45400452613830566 0.8962374528249105 0.45484644174575806 0.8850125471750895 0.4624232053756714 0.8760326703389486 0.47084182500839233 0.8603178660074869 0.47673487663269043 0.8412356376647949 0.4758930206298828 0.8300108114878336 0.49525588750839233 0.8311332861582438 0.5053582787513733 0.8232758839925131 0.512093186378479 0.8030711015065511 0.5146187543869019 0.7884787718454996
0 0.5373491048812866 0.9074622790018717 0.5499770641326904 0.8973599274953207 0.5600794553756714 0.8883800506591797 0.5701817870140076 0.8838900725046793 0.5769166946411133 0.8883800506591797 0.5937539935112 0.9063398043314616 0.5988051891326904 0.9119522571563721 0.6072238087654114 0.9310344854990641 0.5954377055168152 0.9422593116760254 0.575232982635498 0.9534842173258463 0.5651305913925171 0.960219144821167 0.5558701157569885 0.9557291666666666 0.5516607761383057 0.9445043404897054 0.5466095805168152 0.9366469383239746 0.5415584444999695 0.9287895361582438
0 0.6164843440055847 0.8131734530131022 0.6392146944999695 0.8041935761769613 0.6493170261383057 0.801948626836141 0.6526845097541809 0.8131734530131022 0.6467914581298828 0.8243983586629232 0.632479727268219 0.8345007101694742 0.6232192516326904 0.8535829385121664 0.6173262000083923 0.8446030616760254 0.6139587163925171 0.8266433080037435
0 0.6291123032569885 0.8591953913370768 0.6307960152626038 0.8782776196797689 0.6383727788925171 0.8951149781545004 0.6476333141326904 0.9029723803202311 0.6543682217597961 0.9052173296610514 0.6627868413925171 0.881645123163859 0.6703636646270752 0.8636853694915771 0.682991623878479 0.8479705651601156 0.6872009038925171 0.8367456595102946 0.6770985722541809 0.8243983586629232 0.6636287569999695 0.8266433080037435 0.6493170261383057 0.8322557608286539 0.6400565505027771 0.8389906883239746 0.6333216428756714 0.8490930398305258
0 0.38833916187286377 0.4292834202448527 0.4018089771270752 0.4472431739171346 0.4203299880027771 0.4674479166666667 0.4329579472541809 0.48540767033894855 0.44053471088409424 0.5145923296610514 0.45484644174575806 0.5280621449152628 0.4691581130027771 0.538164496421814 0.48346978425979614 0.5550018151601156 0.4935721755027771 0.5774515072504679 0.501990795135498 0.5954112609227499 0.5078838467597961 0.6077586015065511 0.5087257027626038 0.6201059818267822 0.4986233115196228 0.635820746421814 0.487679123878479 0.6459231376647949 0.47841858863830566 0.6526580651601156 0.47084182500839233 0.6459231376647949 0.4641069173812866 0.6156160036722819 0.45989757776260376 0.5864313840866089 0.44137656688690186 0.5695941050847372 0.43043237924575806 0.5505118370056152 0.41864627599716187 0.5392870108286539 0.39759963750839233 0.5246946811676025 0.3908647298812866 0.5101023515065511 0.38160425424575806 0.49887752532958984 0.36308324337005615 0.4887751340866089 0.3588739037513733 0.4741828441619873 0.365608811378479 0.4551005760828654 0.37486928701400757 0.4371408224105835 0.3782367706298828 0.4304058949152629
0 0.7419220805168152 0.8535829385121664 0.7520244717597961 0.8412356376647949 0.7612850069999695 0.8558279673258463 0.7671779990196228 0.8794001738230387 0.7772803902626038 0.8984824021657308 0.7890664935112 0.9175646305084229 0.8000107407569885 0.9242995580037435 0.8092712163925171 0.9344019095102946 0.8244248032569885 0.9478717645009359 0.8345271944999695 0.9534842173258463 0.8454713821411133 0.9568516413370768 0.8614668250083923 0.9624640941619873 0.8707273006439209 0.9725664456685384 0.8724110722541809 0.9849138259887695 0.8690435886383057 0.9961386521657308 0.8623086810112 0.9983836015065511 0.854529857635498 0.9986979166666666 0.8067456483840942 0.9961386521657308 0.7924339771270752 0.9938937028249105 0.7730710506439209 0.98828125 0.7596012353897095 0.9703214963277181 0.7520244717597961 0.9512391885121664 0.7503407597541809 0.9321569601694742 0.7486569881439209 0.9130747318267822 0.7478151321411133 0.8973599274953207 0.7452895641326904 0.881645123163859 0.7444477081298828 0.8659303188323975
0 0.7023544907569885 0.9983836015065511 0.6964614391326904 0.9871587753295898 0.7031963467597961 0.9635865688323975 0.7132987380027771 0.9557291666666666 0.7309778928756714 0.9534842173258463 0.7427639365196228 0.9546066919962565 0.7528663277626038 0.9680765469868978 0.7587593793869019 0.9804238478342692 0.7629687190055847 0.9961386521657308
0 0.8345271944999695 0.7503143151601156 0.8454713821411133 0.7581717173258463 0.8606249690055847 0.7716414928436279 0.8740947842597961 0.7806213696797689 0.8749366402626038 0.7940912246704102 0.8656761646270752 0.7974587281545004 0.852206289768219 0.7896013259887695 0.8378946185112 0.7794988950093588 0.829475998878479 0.7615391413370768
1 0.0009765625 0.02294360597928365 0.0009765625 0.038658405343691506 0.0009765625 0.05774065852165222 0.0009765625 0.08019037544727325 0.0009765625 0.09815014402071635 0.0009765625 0.09815014402071635 0.0009765625 0.08627424637476604 0.0009765625 0.051005745927492775 0.0009765625 0.027433549364407856
1 0.018760748207569122 0.010596264153718948 0.03138870745897293 0.0038613506282369294 0.04317481070756912 0.010596264153718948 0.0541190430521965 0.018453663835922878 0.05664464086294174 0.04090337703625361 0.0541190430521965 0.06110811730225881 0.034756168723106384 0.06335309147834778 0.024653799831867218 0.054373204708099365 0.017918884754180908 0.04539331793785095 0.017918884754180908 0.02967852105696996
1 0.0009765625 0.054373204708099365 0.004449054598808289 0.05774065852165222 0.017077017575502396 0.06672054529190063 0.017077017575502396 0.10151759783426921 0.018760748207569122 0.12845725814501444 0.0009765625 0.12733477354049683 0.0009765625 0.12508979439735413 0.0009765625 0.11049748460451762 0.0009765625 0.09927262862523396 0.0009765625 0.0790678858757019
1 0.026337526738643646 0.07121048867702484 0.04654226452112198 0.07121048867702484 0.06085395812988281 0.07008800407250722 0.06927260011434555 0.08917025725046794 0.08526802062988281 0.11386493841807048 0.09116107225418091 0.12172234058380127 0.07769124209880829 0.1318247119585673 0.06758887320756912 0.14192708333333334 0.04906786233186722 0.14304956793785095 0.033072441816329956 0.1396821141242981 0.02717939019203186 0.13070222735404968 0.024653799831867218 0.10825251539548238 0.024653799831867218 0.0925377110640208
1 0.0009765625 0.11161996920903523 0.0009765625 0.109375 0.0009765625 0.12957974274953207 0.0009765625 0.1475395162900289 0.0009765625 0.1733566721280416 0.0009765625 0.1711373726526896 0.0009765625 0.1452945371468862 0.0009765625 0.13806573549906412 0.0009765625 0.11274245381355286
1 0.0009765625 0.1845815380414327 0.0009765625 0.18682650725046793 0.0009765625 0.20703125 0.0009765625 0.22274605433146158 0.0009765625 0.23846083879470825 0.0009765625 0.2564206123352051 0.0009765625 0.2833602825800578 0.0009765625 0.3226472735404968 0.0009765625 0.3372395833333333 0.0009765625 0.34509698549906415 0.0009765625 0.34846444924672443 0.0009765625 0.3271372119585673 0.0009765625 0.28996048370997113 0.0009765625 0.24856321016947427 0.0009765625 0.22274605433146158
1 0.0009765625 0.1385596295197805 0.006974648684263229 0.1385596295197805 0.018760748207569122 0.14417205254236856 0.03223057836294174 0.15539690852165222 0.048225998878479004 0.16774425903956094 0.06337954849004745 0.17896910508473715 0.07432378828525543 0.1958063840866089 0.07769124209880829 0.21264368295669556 0.0600120946764946 0.2148886521657308 0.038965485990047455 0.21601112683614096 0.028021253645420074 0.21713362137476602 0.004449054598808289 0.2182561159133911 0.0009765625 0.21937859058380127 0.0009765625 0.20478628079096475 0.0009765625 0.19019397099812826 0.0009765625 0.177846630414327 0.0009765625 0.16100934147834778 0.0009765625 0.1486620008945465
1 0.0659051463007927 0.02069863552848498 0.07516565173864365 0.013963721692562103 0.09452852606773376 0.006106322010358174 0.09789597988128662 0.018453663835922878 0.10042157769203186 0.04763829211393992 0.10463090240955353 0.07345545788606007 0.10799835622310638 0.09366020560264587 0.10210530459880829 0.09927262862523396 0.09452852606773376 0.10713003079096477 0.084426149725914 0.0947826902071635 0.07600751519203186 0.0790678858757019 0.06758887320756912 0.06559806068738301 0.06253768503665924 0.05549568931261698 0.06253768503665924 0.03978088994820913
1 0.10378903150558472 0.006106322010358174 0.10715648531913757 0.024066093067328136 0.108840212225914 0.04651580254236857 0.11136581003665924 0.0644755760828654 0.11725886166095734 0.09141522645950317 0.12062631547451019 0.10264008243878682 0.12988682091236115 0.11610991756121318 0.14167292416095734 0.11835488677024841 0.14419852197170258 0.10488506158192952 0.15261715650558472 0.09029274185498555 0.16524511575698853 0.08243534465630849 0.17871494591236115 0.07570043206214905 0.1888173222541809 0.06896551946798961 0.1879754513502121 0.04988326132297516 0.18376614153385162 0.03978088994820913 0.17198003828525543 0.03978088994820913 0.1635613888502121 0.03978088994820913 0.157668337225914 0.042025864124298096 0.14335665106773376 0.04090337703625361 0.13072869181632996 0.038658405343691506 0.12231004238128662 0.0341684619585673 0.11641699075698853 0.01957614968220393 0.11894258856773376 0.008351293082038561
1 0.16019393503665924 0.004983836164077123 0.16524511575698853 0.018453663835922878 0.17282189428806305 0.027433549364407856 0.17871494591236115 0.03080100566148758 0.18713359534740448 0.031923490266005196 0.18965917825698853 0.016208692143360775 0.19218477606773376 0.009473778928319613 0.18376614153385162 0.002738865092396736 0.1694544404745102 0.002738865092396736
1 0.23932917416095734 0.006106322010358174 0.23932917416095734 0.01957614968220393 0.24017103016376495 0.035290949046611786 0.24690593779087067 0.051005745927492775 0.2553246021270752 0.056618173917134605 0.27216190099716187 0.05774065852165222 0.2788968086242676 0.056618173917134605 0.29489219188690186 0.0521282305320104 0.30667829513549805 0.051005745927492775 0.3117294907569885 0.042025864124298096 0.3100457787513733 0.028556033968925476 0.30667829513549805 0.02069863552848498 0.29994338750839233 0.008351293082038561 0.2915247678756714 0.0013020833333333333 0.27552932500839233 0.0016163792461156845 0.2629013657569885 0.002738865092396736 0.2494315356016159 0.002738865092396736
1 0.30667829513549805 0.0016163792461156845 0.31846439838409424 0.021821121374766033 0.3226737380027771 0.03753592073917389 0.32688307762145996 0.04763829211393992 0.34540408849716187 0.04876077671845754 0.3588739037513733 0.04988326132297516 0.36224132776260376 0.044270833333333336 0.3597157597541809 0.027433549364407856 0.3538227081298828 0.013963721692562103 0.3479296565055847 0.0038613506282369294 0.33193421363830566 0.002738865092396736
1 0.31509697437286377 0.06559806068738301 0.32688307762145996 0.05998563269774119 0.3420366048812866 0.05774065852165222 0.35550642013549805 0.05886314809322357 0.3664506673812866 0.0644755760828654 0.36813437938690186 0.07682291666666667 0.3588739037513733 0.09366020560264587 0.3538227081298828 0.10376256704330444 0.3479296565055847 0.11049748460451762 0.33866918087005615 0.11161996920903523 0.33193421363830566 0.11161996920903523 0.32435745000839233 0.09702765941619873 0.3201481103897095 0.09029274185498555
1 0.20397087931632996 0.07233297328154246 0.21070580184459686 0.0644755760828654 0.2250174731016159 0.05549568931261698 0.24101291596889496 0.05886314809322357 0.25111526250839233 0.07233297328154246 0.2544827461242676 0.08917025725046794 0.2544827461242676 0.10488506158192952 0.25111526250839233 0.12059985597928365 0.24438036978244781 0.1385596295197805 0.23848731815814972 0.1542744239171346 0.2250174731016159 0.15764187773068747 0.2123895138502121 0.15764187773068747 0.194710373878479 0.15764187773068747 0.1938685029745102 0.1396821141242981 0.19807782769203186 0.1239673097928365 0.2006034255027771 0.10825251539548238 0.20228715240955353 0.0869252880414327
1 0.26458507776260376 0.10488506158192952 0.2603757977485657 0.12621228893597922 0.25364089012145996 0.1486620008945465 0.24522222578525543 0.16549927989641824 0.24606408178806305 0.17560166120529175 0.25700831413269043 0.19805137316385904 0.2629013657569885 0.2148886521657308 0.26626884937286377 0.22611349821090698 0.27721303701400757 0.22835846741994223 0.29657596349716187 0.23172593116760254 0.3049945831298828 0.23172593116760254 0.31425511837005615 0.23172593116760254 0.3285667896270752 0.236215869585673 0.3353016972541809 0.23284842570622763 0.3361435532569885 0.2137661576271057 0.3353016972541809 0.20141881704330444 0.33193421363830566 0.18907147645950317 0.3226737380027771 0.1733566721280416 0.316780686378479 0.1621318260828654 0.31257134675979614 0.15202945470809937 0.30836206674575806 0.14304956793785095 0.29994338750839233 0.13631465037663779 0.28815728425979614 0.12508979439735413 0.2746874690055847 0.11274245381355286
1 0.15430088341236115 0.3024425307909648 0.16271953284740448 0.2822377880414327 0.17450563609600067 0.27325791120529175 0.18544986844062805 0.2631555398305257 0.19807782769203186 0.2564206123352051 0.21575696766376495 0.265400509039561 0.22670121490955353 0.2698904474576314 0.230910524725914 0.29570762316385907 0.23343612253665924 0.3159123659133911 0.22165001928806305 0.3271372119585673 0.20565460622310638 0.3394845724105835 0.19134292006492615 0.35183191299438477 0.17871494591236115 0.35632185141245526 0.16861258447170258 0.34509698549906415 0.16019393503665924 0.3271372119585673
1 0.0009765625 0.36642420291900635 0.0009765625 0.3574443260828654 0.0009765625 0.3832614819208781 0.0009765625 0.40795616308848065 0.0009765625 0.4135686159133911 0.0009765625 0.4102011521657308 0.0009765625 0.3922413984934489
1 0.0009765625 0.35968931516011554 0.0009765625 0.35183191299438477 0.0009765625 0.36642420291900635 0.019602611660957336 0.38213900725046795 0.026337526738643646 0.3944863478342692 0.018760748207569122 0.40122127532958984 0.0019234642386436462 0.39673133691151935 0.0009765625 0.4000987609227498 0.0009765625 0.3956088225046794 0.0009765625 0.3832614819208781
1 0.0009765625 0.4214260180791219 0.0009765625 0.4214260180791219 0.0009765625 0.4371408224105835 0.005290918052196503 0.4730603297551473 0.014551427215337753 0.5056124130884806 0.019602611660957336 0.5336745580037435 0.017077017575502396 0.5572467645009359 0.0027653276920318604 0.5774515072504679 0.0010815970599651337 0.6122485796610514 0.0010815970599651337 0.6290858586629232 0.0009765625 0.635820746421814 0.0009765625 0.6369432608286539 0.0009765625 0.6265265941619873 0.0009765625 0.5718390941619873 0.0009765625 0.4921425978342692 0.0009765625 0.44836564858754474
1 0.0009765625 0.4158135652542114 0.006974648684263229 0.4090786774953206 0.02717939019203186 0.4090786774953206 0.03812362253665924 0.40234375 0.059170231223106384 0.4068336884180705 0.07600751519203186 0.41469109058380127 0.08779361844062805 0.441630760828654 0.09368667006492615 0.47979525725046795 0.09452852606773376 0.5101023515065511 0.084426149725914 0.5246946811676025 0.06674700975418091 0.5280621449152628 0.048225998878479004 0.529184619585673 0.02717939019203186 0.5224497318267822 0.02044447511434555 0.5112248659133911 0.015393290668725967 0.48765265941619873 0.007816512137651443 0.45734556516011554 0.0010815970599651337 0.441630760828654 0.0009765625 0.4304058949152629
1 0.006974648684263229 0.22611349821090698 0.04317481070756912 0.22723599274953207 0.06843073666095734 0.22274605433146158 0.08021683245897293 0.2294809619585673 0.08695174753665924 0.2440732717514038 0.097054123878479 0.2519306739171346 0.11389140784740448 0.27550288041432697 0.12231004238128662 0.2968300978342692 0.12315191328525543 0.3125449021657308 0.11052395403385162 0.33611710866292316 0.09957970678806305 0.3495869239171346 0.08779361844062805 0.3608117898305257 0.07684937864542007 0.3765265941619873 0.07769124209880829 0.39673133691151935 0.0659051463007927 0.3956088225046794 0.04990972578525543 0.3888739347457886 0.038965485990047455 0.3810165325800578 0.01370956376194954 0.36417925357818604 0.0010815970599651337 0.3529543876647949 0.0009765625 0.3372395833333333 0.0009765625 0.3260147174199422 0.01623515412211418 0.31703484058380127 0.029704980552196503 0.31029993295669556 0.03980734944343567 0.2979525923728943 0.04233294725418091 0.28448275725046795 0.03391430526971817 0.27999281883239746 0.023811936378479004 0.27550288041432697 0.018760748207569122 0.2743803858757019 0.012867696583271027 0.26427801450093585 0.004449054598808289 0.2519306739171346 0.0009765625 0.2440732717514038 0.0009765625 0.2373383641242981 0.0009765625 0.2294809619585673
1 0.10378903150558472 0.36417925357818604 0.11220768094062805 0.36866919199625653 0.12062631547451019 0.3720366557439168 0.13157054781913757 0.36642420291900635 0.1509334295988083 0.36193426450093585 0.16187766194343567 0.3540768623352051 0.14840783178806305 0.3305046757062276 0.14756597578525543 0.3069324692090352 0.14083105325698853 0.29907506704330444 0.13157054781913757 0.27774784962336224 0.12399376928806305 0.26427801450093585 0.11220768094062805 0.24968570470809937 0.10715648531913757 0.2564206123352051 0.11810073256492615 0.2721354166666667 0.12567751109600067 0.2889726956685384 0.12904496490955353 0.30580999453862506 0.1273612380027771 0.32152477900187176 0.12315191328525543 0.3305046757062276 0.11557513475418091 0.34285199642181396 0.108840212225914 0.3540768623352051
1 0.12567751109600067 0.3843839963277181 0.1450403779745102 0.3765265941619873 0.16019393503665924 0.3697916666666667 0.17113816738128662 0.3675466775894165 0.17871494591236115 0.3944863478342692 0.18376614153385162 0.4247934818267822 0.18460799753665924 0.44499818483988446 0.19134292006492615 0.4584680398305257 0.20397087931632996 0.4696929057439168 0.19639410078525543 0.48765265941619873 0.18629172444343567 0.5123473405838013 0.17787308990955353 0.5202047427495321 0.16019393503665924 0.5213272174199423 0.1450403779745102 0.5202047427495321 0.1273612380027771 0.5134698152542114 0.11304953694343567 0.5123473405838013 0.1029471755027771 0.5078574021657308 0.09957970678806305 0.47979525725046795 0.09957970678806305 0.4674479166666667 0.11304953694343567 0.4517331123352051 0.12062631547451019 0.43377335866292316 0.1273612380027771 0.4214260180791219 0.13241241872310638 0.4068336884180705
1 0.028021253645420074 0.5325520833333334 0.044016674160957336 0.5392870108286539 0.05580276995897293 0.5392870108286539 0.08105870336294174 0.5347970724105835 0.08526802062988281 0.5404094854990641 0.08274243026971817 0.5538793007532755 0.07684937864542007 0.5651041666666666 0.07432378828525543 0.5808189709981283 0.07179819047451019 0.5920438369115194 0.06337954849004745 0.5909213225046793 0.04654226452112198 0.5819414456685384 0.03643989562988281 0.5774515072504679 0.023811936378479004 0.5707165797551473 0.025495663285255432 0.559491753578186 0.025495663285255432 0.5471444129943848
1 0.09200292825698853 0.5336745580037435 0.09957970678806305 0.5202047427495321 0.11304953694343567 0.5224497318267822 0.13157054781913757 0.529184619585673 0.13830547034740448 0.5336745580037435 0.1265193670988083 0.5460218985875448 0.11052395403385162 0.5392870108286539
1 0.12483564019203186 0.559491753578186 0.13830547034740448 0.5471444129943848 0.15009157359600067 0.5336745580037435 0.16692885756492615 0.5303070942560831 0.18376614153385162 0.5392870108286539 0.19050104916095734 0.559491753578186 0.2006034255027771 0.5774515072504679 0.21659885346889496 0.5931663115819296 0.22249187529087067 0.6144935290018717 0.21659885346889496 0.626840869585673 0.2073383331298828 0.6414331992467245 0.19891969859600067 0.6526580651601156 0.18965917825698853 0.6638828913370768 0.17450563609600067 0.676230271657308 0.16524511575698853 0.6784752209981283 0.15430088341236115 0.6773527463277181 0.14756597578525543 0.6582704782485962 0.1450403779745102 0.6201059818267822 0.13830547034740448 0.5999012390772501 0.12988682091236115 0.5830639203389486 0.12567751109600067 0.5740840435028076
1 0.14672410488128662 0.7200071811676025 0.15009157359600067 0.704292376836141 0.1585102081298828 0.6930675506591797 0.170296311378479 0.6874550978342692 0.18713359534740448 0.676230271657308 0.2006034255027771 0.6638828913370768 0.21575696766376495 0.6369432608286539 0.23006866872310638 0.6144935290018717 0.23427797853946686 0.6077586015065511 0.25700831413269043 0.6043911774953207 0.27637118101119995 0.6032686630884806 0.29068291187286377 0.606636126836141 0.29405033588409424 0.616738518079122 0.29489219188690186 0.6290858586629232 0.2797386646270752 0.6369432608286539 0.2603757977485657 0.6380657354990641 0.24774782359600067 0.6459231376647949 0.23511986434459686 0.6627604166666666 0.22165001928806305 0.6795976956685384 0.22080816328525543 0.7211296558380127 0.20902206003665924 0.7188847064971924 0.194710373878479 0.7155172030131022 0.1829242706298828 0.723374605178833 0.1753474920988083 0.7312320073445638 0.16271953284740448 0.7357219854990641 0.15430088341236115 0.7402119636535645 0.14756597578525543 0.7390894095102946
1 0.0009765625 0.6380657354990641 0.0009765625 0.6448006629943848 0.0009765625 0.6448006629943848 0.004449054598808289 0.6448006629943848 0.015393290668725967 0.6549030145009359 0.028021253645420074 0.6728627681732178 0.04233294725418091 0.6919450759887695 0.04906786233186722 0.7031699021657308 0.04990972578525543 0.7132722536722819 0.04485853761434555 0.7256196339925131 0.0355980321764946 0.7301095326741537 0.02886311709880829 0.7155172030131022 0.019602611660957336 0.7009249528249105 0.005290918052196503 0.6930675506591797 0.0009765625 0.6852101484934489 0.0009765625 0.6773527463277181 0.0009765625 0.6829651196797689 0.0009765625 0.6866469383239746 0.0009765625 0.6706178188323975 0.0009765625 0.6564146280288696 0.0009765625 0.6448006629943848
1 0.24185477197170258 0.2002963423728943 0.2494315356016159 0.20141881704330444 0.2561664581298828 0.21713362137476602 0.25700831413269043 0.23172593116760254 0.2494315356016159 0.2451957662900289 0.24017103016376495 0.2552981376647949 0.23932917416095734 0.23172593116760254 0.24017103016376495 0.2182561159133911
1 0.23511986434459686 0.27550288041432697 0.24690593779087067 0.2631555398305257 0.25953394174575806 0.2451957662900289 0.26542699337005615 0.23846083879470825 0.2856317162513733 0.2373383641242981 0.3092039227485657 0.24295079708099365 0.3218318819999695 0.24631824096043906 0.32688307762145996 0.26652298370997113 0.32688307762145996 0.29570762316385907 0.32435745000839233 0.31703484058380127 0.31846439838409424 0.3327496449152629 0.30162709951400757 0.33611710866292316 0.2873154282569885 0.3271372119585673 0.2671107053756714 0.3204023043314616 0.2485896795988083 0.3125449021657308 0.24017103016376495 0.30132003625233966
1 0.18376614153385162 0.37091414133707684 0.1938685029745102 0.35856680075327557 0.21323136985301971 0.34734193483988446 0.23259426653385162 0.33162715037663776 0.2426966279745102 0.3226472735404968 0.2603757977485657 0.3260147174199422 0.27805495262145996 0.3372395833333333 0.2932084798812866 0.3417295217514038 0.3117294907569885 0.3417295217514038 0.32099002599716187 0.34734193483988446 0.3277249336242676 0.36866919199625653 0.3226737380027771 0.3944863478342692 0.31509697437286377 0.41693607966105145 0.30583643913269043 0.4326508442560832 0.2957340478897095 0.44499818483988446 0.28310608863830566 0.4472431739171346 0.26458507776260376 0.441630760828654 0.24690593779087067 0.4472431739171346 0.23596172034740448 0.45622305075327557 0.2241756170988083 0.460712989171346 0.20818020403385162 0.460712989171346 0.19891969859600067 0.4551005760828654 0.19134292006492615 0.4371408224105835 0.18713359534740448 0.40122127532958984
1 0.33698540925979614 0.2788703242937724 0.36139947175979614 0.28448275725046795 0.3832879662513733 0.29234015941619873 0.39844149351119995 0.30132003625233966 0.39423221349716187 0.31478987137476605 0.38160425424575806 0.3271372119585673 0.3706600069999695 0.3462194601694743 0.3647669553756714 0.35856680075327557 0.34372031688690186 0.3574443260828654 0.33193421363830566 0.3540768623352051 0.32688307762145996 0.34060704708099365 0.32688307762145996 0.32938218116760254 0.33277612924575806 0.31029993295669556 0.3344598412513733 0.29458512862523395
1 0.3462459444999695 0.19131644566853842 0.34877151250839233 0.22050108512242636 0.3605576157569885 0.2373383641242981 0.37992048263549805 0.23958333333333334 0.4026508331298828 0.23958333333333334 0.4194881319999695 0.23846083879470825 0.4396928548812866 0.22499102354049683 0.45316267013549805 0.20703125 0.45989757776260376 0.18345904350280762 0.45400452613830566 0.15090697010358176 0.4455859065055847 0.11947737137476604 0.438850998878479 0.09590517481168111 0.42201370000839233 0.09141522645950317 0.4178043603897095 0.09590517481168111 0.40601831674575806 0.11610991756121318 0.390022873878479 0.1452945371468862 0.37992048263549805 0.16662176450093588 0.36813437938690186 0.1845815380414327 0.35719019174575806 0.18907147645950317
1 0.4439021944999695 0.06896551946798961 0.4514789581298828 0.054373204708099365 0.463265061378479 0.044270833333333336 0.47252553701400757 0.0341684619585673 0.487679123878479 0.024066093067328136 0.5028326511383057 0.018453663835922878 0.5146187543869019 0.016208692143360775 0.5221955180168152 0.02967852105696996 0.5196699500083923 0.04988326132297516 0.5095675587654114 0.06784302989641826 0.4994652271270752 0.08131286005179088 0.4851534962654114 0.09141522645950317 0.4666324853897095 0.09141522645950317 0.45400452613830566 0.0947826902071635 0.44642776250839233 0.0947826902071635 0.44306033849716187 0.08917025725046794
1 0.45989757776260376 0.10488506158192952 0.4792604446411133 0.10488506158192952 0.5003070831298828 0.09702765941619873 0.5112513303756714 0.08131286005179088 0.5247211456298828 0.056618173917134605 0.5289304256439209 0.028556033968925476 0.5381909608840942 0.02294360597928365 0.5533444881439209 0.02294360597928365 0.5727074146270752 0.031923490266005196 0.5769166946411133 0.04651580254236857 0.5769166946411133 0.07345545788606007 0.5718654990196228 0.09815014402071635 0.5668143630027771 0.11610991756121318 0.5626050233840942 0.13406968116760254 0.5541864037513733 0.14978448549906412 0.536507248878479 0.15764187773068747 0.5171443819999695 0.15202945470809937 0.5011489391326904 0.14978448549906412 0.487679123878479 0.1475395162900289 0.4691581130027771 0.14978448549906412 0.461581289768219 0.1452945371468862 0.45484644174575806 0.13294719656308493 0.45316267013549805 0.11723240216573079
1 0.5743911266326904 0.12621228893597922 0.5887027978897095 0.12621228893597922 0.5878609418869019 0.1542744239171346 0.5903865694999695 0.1688667337099711 0.5844935178756714 0.18682650725046793 0.5769166946411133 0.20254131158192953 0.5642887353897095 0.19468390941619873 0.5525026321411133 0.1845815380414327 0.5440840125083923 0.1767241358757019 0.5440840125083923 0.1688667337099711 0.5525026321411133 0.1621318260828654 0.5634468793869019 0.15202945470809937 0.5668143630027771 0.1408045987288157
1 0.5617631673812866 0.0038613506282369294 0.5684980750083923 0.01957614968220393 0.583651602268219 0.031923490266005196 0.5988051891326904 0.03753592073917389 0.6206936240196228 0.03753592073917389 0.6366890668869019 0.035290949046611786 0.6518426537513733 0.016208692143360775 0.681307852268219 0.031923490266005196 0.6863590478897095 0.016208692143360775 0.6779404282569885 0.006106322010358174 0.6535263657569885 0.002738865092396736 0.6249029636383057 0.0038613506282369294 0.5979633331298828 0.00722880723575751 0.583651602268219 0.006106322010358174 0.575232982635498 0.0038613506282369294
1 0.48431164026260376 0.2968300978342692 0.49693959951400757 0.29907506704330444 0.4994652271270752 0.32152477900187176 0.4977814555168152 0.35070939858754474 0.4944140315055847 0.363056739171346 0.4817860722541809 0.35070939858754474 0.4674743413925171 0.3394845724105835 0.45905572175979614 0.323769748210907 0.45232081413269043 0.30356500546137494 0.45400452613830566 0.29458512862523395 0.4641069173812866 0.2900951902071635
1 0.5078838467597961 0.29907506704330444 0.5238792896270752 0.28448275725046795 0.5424003005027771 0.26876795291900635 0.5558701157569885 0.2586655815442403 0.5634468793869019 0.2552981376647949 0.5769166946411133 0.26091055075327557 0.5929121375083923 0.27101292212804157 0.599647045135498 0.2811152935028076 0.6030145287513733 0.3069324692090352 0.6021726131439209 0.3282597064971924 0.5920702815055847 0.3417295217514038 0.5861772298812866 0.34734193483988446 0.5626050233840942 0.3462194601694743 0.5457677245140076 0.3495869239171346 0.5314560532569885 0.3574443260828654 0.5179862380027771 0.35968931516011554 0.5087257027626038 0.35968931516011554 0.5062001347541809 0.343974510828654 0.5078838467597961 0.32489224274953205
1 0.5743911266326904 0.2137661576271057 0.5844935178756714 0.20703125 0.5929121375083923 0.19019397099812826 0.5962795615196228 0.1767241358757019 0.6063819527626038 0.16549927989641824 0.6181680560112 0.16325431068738303 0.6417402625083923 0.16437679529190063 0.6577357053756714 0.16437679529190063 0.6669961810112 0.18233656883239746 0.6669961810112 0.2081537445386251 0.6594194173812866 0.23172593116760254 0.6467914581298828 0.24295079708099365 0.6425821185112 0.26091055075327557 0.6383727788925171 0.27550288041432697 0.6375309228897095 0.29234015941619873 0.6375309228897095 0.31366737683614093 0.6282704472541809 0.32489224274953205 0.6105912923812866 0.3192798097928365 0.608065664768219 0.2889726956685384 0.6021726131439209 0.27101292212804157 0.5929121375083923 0.26091055075327557 0.5735492706298828 0.24968570470809937 0.5634468793869019 0.24631824096043906 0.5684980750083923 0.23172593116760254
1 0.5828097462654114 0.37091414133707684 0.5929121375083923 0.35519933700561523 0.6046982407569885 0.3417295217514038 0.6173262000083923 0.33387211958567303 0.6291123032569885 0.33387211958567303 0.6400565505027771 0.3327496449152629 0.6518426537513733 0.34734193483988446 0.6636287569999695 0.35519933700561523 0.6712055206298828 0.3697916666666667 0.6712055206298828 0.3956088225046794 0.6737310886383057 0.41693607966105145 0.6703636646270752 0.4281609058380127 0.6467914581298828 0.4371408224105835 0.634163498878479 0.4506106376647949 0.6198517680168152 0.460712989171346 0.6055400967597961 0.4719378550847371 0.5945958495140076 0.47530531883239746 0.5878609418869019 0.44948816299438477 0.583651602268219 0.4259159564971924 0.5844935178756714 0.4068336884180705 0.5861772298812866 0.38775142033894855
1 0.6467914581298828 0.27550288041432697 0.6577357053756714 0.28448275725046795 0.6703636646270752 0.28785022099812824 0.682991623878479 0.2867277264595032 0.6964614391326904 0.2698904474576314 0.7048800587654114 0.2564206123352051 0.7149824500083923 0.2373383641242981 0.7191917896270752 0.22499102354049683 0.721717357635498 0.21152118841807047 0.7284522652626038 0.20254131158192953 0.7343453168869019 0.19243894020716348 0.7368709444999695 0.21152118841807047 0.7377128005027771 0.22050108512242636 0.7292941212654114 0.236215869585673 0.7284522652626038 0.2552981376647949 0.7351871728897095 0.27999281883239746 0.7385546565055847 0.29907506704330444 0.7377128005027771 0.31478987137476605 0.7267685532569885 0.32938218116760254 0.7175080180168152 0.34285199642181396 0.7107731103897095 0.343974510828654 0.6939358115196228 0.34060704708099365 0.6880428194999695 0.35183191299438477 0.6796241402626038 0.363056739171346 0.6695217490196228 0.3540768623352051 0.6636287569999695 0.33611710866292316 0.648475170135498 0.3282597064971924 0.6417402625083923 0.3204023043314616 0.6442658305168152 0.30132003625233966 0.6459496021270752 0.28785022099812824
1 0.7191917896270752 0.35632185141245526 0.7267685532569885 0.343974510828654 0.7360290288925171 0.33162715037663776 0.7436058521270752 0.3260147174199422 0.7553919553756714 0.32489224274953205 0.7629687190055847 0.3349945942560832 0.7553919553756714 0.35183191299438477 0.7478151321411133 0.36193426450093585 0.7343453168869019 0.3765265941619873 0.7250848412513733 0.3922413984934489 0.7183498740196228 0.3866289456685384 0.7183498740196228 0.3697916666666667
1 0.7680199146270752 0.3204023043314616 0.780647873878479 0.3069324692090352 0.7924339771270752 0.2968300978342692 0.8059037923812866 0.2833602825800578 0.8168480396270752 0.2822377880414327 0.827792227268219 0.2968300978342692 0.8328434228897095 0.3204023043314616 0.8311597108840942 0.34060704708099365 0.8235829472541809 0.3574443260828654 0.8235829472541809 0.3765265941619873 0.8134805560112 0.3765265941619873 0.7941176891326904 0.3697916666666667 0.7798060178756714 0.36193426450093585 0.7680199146270752 0.35070939858754474 0.7688617706298828 0.3349945942560832
1 0.8303178548812866 0.27101292212804157 0.8421039581298828 0.2597880760828654 0.852206289768219 0.2564206123352051 0.8614668250083923 0.2597880760828654 0.8749366402626038 0.265400509039561 0.8850390315055847 0.2698904474576314 0.8976669907569885 0.28448275725046795 0.9044018983840942 0.2934626340866089 0.9069274663925171 0.30356500546137494 0.9086112380027771 0.3159123659133911 0.9069274663925171 0.3226472735404968 0.8934576511383057 0.343974510828654 0.8909320831298828 0.35632185141245526 0.8774622678756714 0.36193426450093585 0.8589412569999695 0.3675466775894165 0.8395783305168152 0.36866919199625653 0.8336852788925171 0.3675466775894165 0.8378946185112 0.3529543876647949 0.8404201865196228 0.32938218116760254 0.8387364745140076 0.3069324692090352 0.8345271944999695 0.29121766487757367 0.8320015668869019 0.2822377880414327
1 0.18544986844062805 0.5280621449152628 0.19555222988128662 0.49887752532958984 0.20565460622310638 0.4809177319208781 0.2191244214773178 0.47081538041432697 0.22922681272029877 0.4786727825800578 0.230910524725914 0.4898976484934489 0.2258593589067459 0.5044899384180704 0.2182825654745102 0.5269396702448527 0.20481273531913757 0.5370420217514038 0.1938685029745102 0.5370420217514038
1 0.1997615545988083 0.5505118370056152 0.21070580184459686 0.568471630414327 0.2191244214773178 0.5841864347457886 0.22754307091236115 0.5987787246704102 0.24690593779087067 0.5987787246704102 0.2713199853897095 0.5954112609227499 0.2856317162513733 0.5942887862523397 0.2991015315055847 0.59765625 0.3033108711242676 0.588676373163859 0.30752015113830566 0.5808189709981283 0.3092039227485657 0.5617367029190063 0.3117294907569885 0.5415319601694742 0.31425511837005615 0.5325520833333334 0.3033108711242676 0.5235722064971924 0.29068291187286377 0.5168372790018717 0.2671107053756714 0.5067349274953207 0.2561664581298828 0.5011224746704102 0.24606408178806305 0.49887752532958984 0.23848731815814972 0.5011224746704102 0.230910524725914 0.519082268079122 0.22333376109600067 0.5347970724105835 0.2123895138502121 0.5437769492467245
1 0.0355980321764946 0.7525592645009359 0.04990972578525543 0.7390894095102946 0.059170231223106384 0.7323545614878336 0.07769124209880829 0.7345995108286539 0.08779361844062805 0.7390894095102946 0.10968208312988281 0.7469468116760254 0.11557513475418091 0.7626616160074869 0.11557513475418091 0.7783764203389486 0.12231004238128662 0.8075610796610514 0.13577987253665924 0.8311332861582438 0.14419852197170258 0.8490930398305258 0.1517753005027771 0.8670527935028076 0.170296311378479 0.8805226484934489 0.17366376519203186 0.8928699493408203 0.17450563609600067 0.909707228342692 0.17366376519203186 0.9265445073445638 0.16692885756492615 0.9355244636535645 0.1517753005027771 0.9355244636535645 0.13830547034740448 0.9321569601694742 0.12062631547451019 0.9332794348398844 0.10631462931632996 0.9332794348398844 0.09452852606773376 0.9299120108286539 0.07684937864542007 0.9231770833333334 0.0785331055521965 0.9175646305084229 0.084426149725914 0.8928699493408203 0.08105870336294174 0.8704202969868978 0.07432378828525543 0.8457255363464355 0.06843073666095734 0.8367456595102946 0.057486504316329956 0.8322557608286539 0.04485853761434555 0.8333782354990641 0.038965485990047455 0.8243983586629232 0.04233294725418091 0.8053161303202311 0.041491083800792694 0.7817439238230387 0.038965485990047455 0.7637840906778971
1 0.0009765625 0.8176634311676025 0.019602611660957336 0.8288882573445638 0.03223057836294174 0.8367456595102946 0.03223057836294174 0.8547054926554362 0.012867696583271027 0.8446030616760254 0.0009765625 0.8389906883239746 0.0009765625 0.8367456595102946 0.0009765625 0.8288882573445638
1 0.06758887320756912 0.9276670614878336 0.08190056681632996 0.9388918876647949 0.09789597988128662 0.9411368370056152 0.10378903150558472 0.9478717645009359 0.09957970678806305 0.9635865688323975 0.09621225297451019 0.9748113950093588 0.08947734534740448 0.979301373163859 0.08021683245897293 0.9770564238230387 0.06674700975418091 0.9647090435028076 0.05832836776971817 0.9568516413370768 0.06422141194343567 0.9411368370056152
1 0.17282189428806305 0.9456268151601156 0.18629172444343567 0.9287895361582438 0.19807782769203186 0.9198096593221029 0.21491511166095734 0.9265445073445638 0.22080816328525543 0.9310344854990641 0.23427797853946686 0.9377694129943848 0.2426966279745102 0.9512391885121664 0.24522222578525543 0.969199021657308 0.2612176537513733 0.9871587753295898 0.26374322175979614 0.9950161774953207 0.23006866872310638 0.9927712281545004 0.21407325565814972 0.9950161774953207 0.19050104916095734 0.9938937028249105 0.17871494591236115 0.9950161774953207 0.17366376519203186 0.9770564238230387 0.17366376519203186 0.9624640941619873
1 0.27805495262145996 0.9961386521657308 0.2847898602485657 0.9849138259887695 0.2915247678756714 0.9680765469868978 0.28815728425979614 0.9512391885121664 0.2932084798812866 0.9388918876647949 0.30667829513549805 0.9287895361582438 0.3201481103897095 0.9175646305084229 0.33025050163269043 0.909707228342692 0.3445621728897095 0.909707228342692 0.35466456413269043 0.9141972064971924 0.3588739037513733 0.9276670614878336 0.3588739037513733 0.9512391885121664 0.3521389961242676 0.979301373163859 0.3462459444999695 0.9950161774953207 0.33658134937286377 0.9986979166666666 0.31257134675979614 0.9986979166666666 0.30162709951400757 0.9986979166666666
1 0.2368035763502121 0.7570492426554362 0.2553246021270752 0.7682740688323975 0.2738456130027771 0.7806213696797689 0.27552932500839233 0.7997036774953207 0.2738456130027771 0.8356231848398844 0.2730037569999695 0.8659303188323975 0.2713199853897095 0.8782776196797689 0.2485896795988083 0.8872575759887695 0.23848731815814972 0.9007273515065511 0.2241756170988083 0.9074622790018717 0.20818020403385162 0.9074622790018717 0.194710373878479 0.9052173296610514 0.18544986844062805 0.9018498261769613 0.182082399725914 0.8883800506591797 0.19050104916095734 0.8782776196797689 0.1997615545988083 0.8580729166666666 0.2006034255027771 0.8378682136535645 0.20397087931632996 0.8165409564971924 0.20818020403385162 0.7974587281545004 0.22165001928806305 0.773886521657308 0.22838492691516876 0.764906644821167
1 0.28394800424575806 0.7907238006591797 0.30162709951400757 0.7940912246704102 0.3201481103897095 0.7997036774953207 0.33698540925979614 0.8064386049906412 0.3529808521270752 0.8098060290018717 0.3647669553756714 0.8311332861582438 0.37571120262145996 0.8547054926554362 0.3706600069999695 0.8648078441619873 0.36224132776260376 0.8827675978342692 0.35550642013549805 0.8962374528249105 0.33782726526260376 0.8951149781545004 0.3294086456298828 0.8928699493408203 0.3117294907569885 0.8805226484934489 0.29657596349716187 0.8726652463277181 0.28310608863830566 0.8692977428436279 0.2805805206298828 0.8479705651601156 0.28226423263549805 0.8176634311676025
1 0.30583643913269043 0.6077586015065511 0.31257134675979614 0.5931663115819296 0.33782726526260376 0.5841864347457886 0.3538227081298828 0.568471630414327 0.3664506673812866 0.5527568260828654 0.3706600069999695 0.5246946811676025 0.365608811378479 0.508979876836141 0.365608811378479 0.5011224746704102 0.3824461102485657 0.5112248659133911 0.39170658588409424 0.5303070942560831 0.40517640113830566 0.5448994239171346 0.4194881319999695 0.559491753578186 0.43043237924575806 0.5718390941619873 0.4455859065055847 0.5920438369115194 0.45316267013549805 0.6055136521657308 0.45232081413269043 0.6156160036722819 0.43043237924575806 0.6156160036722819 0.4152787923812866 0.6077586015065511 0.39844149351119995 0.5999012390772501 0.37907862663269043 0.6021461884180704 0.3715018630027771 0.606636126836141 0.36139947175979614 0.6223509311676025 0.36308324337005615 0.6302083333333334 0.3689762353897095 0.6459231376647949 0.36981815099716187 0.657148003578186 0.36392509937286377 0.6784752209981283 0.36308324337005615 0.6941900253295898 0.3538227081298828 0.6986799240112305 0.3479296565055847 0.6986799240112305 0.33951103687286377 0.6784752209981283 0.33109235763549805 0.6593929529190063 0.32099002599716187 0.6369432608286539 0.31509697437286377 0.6279633442560831
1 0.3353016972541809 0.7435793876647949 0.33698540925979614 0.723374605178833 0.34961336851119995 0.7132722536722819 0.3580320477485657 0.7099048296610514 0.3689762353897095 0.7087823549906412 0.37907862663269043 0.7155172030131022 0.3891810178756714 0.7256196339925131 0.4009671211242676 0.7368444601694742 0.40012526512145996 0.7503143151601156 0.39423221349716187 0.7637840906778971 0.38749730587005615 0.7705190181732178 0.3773949146270752 0.773886521657308 0.3647669553756714 0.7705190181732178 0.35634827613830566 0.7604166666666666 0.34540408849716187 0.7559266885121664 0.3403528928756714 0.7536817391713461
1 0.3967577815055847 0.6077586015065511 0.41275322437286377 0.6156160036722819 0.42874860763549805 0.6234734058380127 0.44811147451400757 0.6290858586629232 0.4582138657569885 0.6290858586629232 0.4674743413925171 0.6549030145009359 0.4683162569999695 0.6616379419962565 0.45400452613830566 0.6537805398305258 0.4439021944999695 0.6526580651601156 0.43043237924575806 0.6605154275894165 0.41696250438690186 0.6627604166666666 0.40601831674575806 0.6616379419962565 0.3841298222541809 0.6593929529190063 0.37486928701400757 0.6537805398305258 0.36981815099716187 0.6335757970809937 0.367567241191864 0.6222587823867798 0.3685951828956604 0.6160910129547119 0.3768188953399658 0.608552614847819 0.3865845203399658 0.6044408082962036
1 0.4703632593154907 0.6716008981068929 0.47704505920410156 0.6688596407572428 0.49297839403152466 0.6777686278025309 0.5037720203399658 0.6832510630289713 0.5150795578956604 0.6894188721974691 0.5130236744880676 0.703125 0.5053139328956604 0.7236842314402262 0.5017160773277283 0.7421875 0.49914616346359253 0.7545230388641357 0.48835259675979614 0.7319079240163168 0.47961491346359253 0.7188870906829834 0.47293317317962646 0.7024397055308024 0.4703632593154907 0.6880482832590739
1 0.4811568856239319 0.6606359481811523 0.4898945093154907 0.6496710379918417 0.5037720203399658 0.6380208333333334 0.5114817023277283 0.6270559231440226 0.517135500907898 0.6133497953414917 0.523817241191864 0.6044408082962036 0.5325549244880676 0.6106085379918417 0.5382086634635925 0.625 0.5423205494880676 0.6387061278025309 0.546432375907898 0.6544682184855143 0.5397506356239319 0.6661184231440226 0.5284430384635925 0.6784539222717285 0.5197054147720337 0.6859923203786215 0.5099397897720337 0.6818804740905762 0.5047999620437622 0.6784539222717285 0.49246442317962646 0.6729714870452881 0.48835259675979614 0.6702302296956381
1 0.5849809050559998 0.04248903691768646 0.5808690190315247 0.05825109779834747 0.5808690190315247 0.08018092314402263 0.5782991647720337 0.09731359283129375 0.5736733078956604 0.11444627245267232 0.5752152800559998 0.12061403195063274 0.5849809050559998 0.1171875 0.5937185287475586 0.10553728540738423 0.601942241191864 0.09525767962137859 0.5978304147720337 0.08497807383537292 0.5926905870437622 0.07264254490534465 0.5875507593154907 0.05893640220165253
1 0.3876124620437622 0.4180372953414917 0.3937802314758301 0.3995339870452881 0.40457385778427124 0.3913102944691976 0.41074156761169434 0.3789747953414917 0.41845130920410156 0.3570449749628703 0.43027281761169434 0.3543037176132202 0.4426083564758301 0.35841556390126544 0.44312232732772827 0.36732455094655353 0.44003844261169434 0.3851425250371297 0.43952447175979614 0.4022752046585083 0.43952447175979614 0.42009321848551434 0.43901050090789795 0.43722585837046307 0.4328427314758301 0.4481908082962036 0.4220491647720337 0.45367324352264404 0.41382545232772827 0.45298794905344647 0.4030318856239319 0.43379934628804523 0.3927522897720337 0.4242050250371297
1 0.42873090505599976 0.46189693609873456 0.4410664439201355 0.45298794905344647 0.45391595363616943 0.4605263074239095 0.46830737590789795 0.4817708333333333 0.4755030870437622 0.4975328842798869 0.4842407703399658 0.5132949749628702 0.49760425090789795 0.5290570259094238 0.5089117884635925 0.5413925250371298 0.5186774134635925 0.5489309231440226 0.5191913843154907 0.570860743522644 0.5186774134635925 0.5879934231440226 0.5181634426116943 0.5948464870452881 0.504285991191864 0.5790844360987345 0.4940063953399658 0.5598958333333334 0.4842407703399658 0.5407072305679321 0.47344714403152466 0.5311129490534464 0.4621396064758301 0.524259885152181 0.4503180980682373 0.5187774101893107 0.4426083564758301 0.5030153592427572 0.43901050090789795 0.48519738515218097 0.4354126453399658 0.47560306390126544
1 0.4508320689201355 0.44202303886413574 0.4647095203399658 0.431058128674825 0.47755903005599976 0.42283443609873456 0.48835259675979614 0.4207785129547119 0.49760425090789795 0.42489035924275714 0.5089117884635925 0.43654056390126544 0.5207333564758301 0.44065241018931073 0.5294710397720337 0.4468201796213786 0.5340968370437622 0.4632675250371297 0.5376946926116943 0.47834428151448566 0.5428345203399658 0.4947916666666667 0.5454044342041016 0.5057565768559774 0.543348491191864 0.5160361925760905 0.5330688953399658 0.5249451796213785 0.5248451828956604 0.5359100898106893 0.5166215300559998 0.5386513074239095 0.5068559050559998 0.530427614847819 0.4955483078956604 0.5160361925760905 0.48681068420410156 0.5030153592427572 0.47858697175979614 0.4879386027654012 0.47241920232772827 0.47354714075724286 0.4647095203399658 0.46258223056793213 0.45751380920410156 0.4557291666666667 0.45340198278427124 0.4502466917037964
1 0.592176616191864 0.5064418713251749 0.5957744717597961 0.4858826796213786 0.6024562120437622 0.47971491018931073 0.6204455494880676 0.4714912176132202 0.631239116191864 0.46189693609873456 0.6471725106239319 0.45298794905344647 0.660535991191864 0.44065241018931073 0.6713295578956604 0.43379934628804523 0.6805812120437622 0.4385964870452881 0.6877769231796265 0.4543585379918416 0.692916750907898 0.4680647055308024 0.6985705494880676 0.47560306390126544 0.702682375907898 0.4872533082962036 0.7016544342041016 0.4989035129547119 0.6934307217597961 0.5119243462880453 0.6846930384635925 0.5174067815144857 0.6723575592041016 0.5276863972345988 0.6600220203399658 0.5331688721974691 0.6492283940315247 0.5379660129547119 0.644088625907898 0.5365953842798868 0.634323000907898 0.5297423203786215 0.6209595203399658 0.5276863972345988 0.6091379523277283 0.5222039620081583 0.6004002690315247 0.5174067815144857
1 0.5197054147720337 0.6983278592427572 0.5294710397720337 0.686677614847819 0.543348491191864 0.6743420759836832 0.5490022897720337 0.6661184231440226 0.5556840300559998 0.6613212823867798 0.582410991191864 0.6709156036376953 0.5993723273277283 0.6743420759836832 0.6075960397720337 0.6798245906829834 0.6168476343154907 0.7086074352264404 0.6266132593154907 0.7264254093170166 0.6348369717597961 0.7435580889383951 0.6178756356239319 0.7510964870452881 0.6055400967597961 0.7634320259094238 0.5926905870437622 0.7778234481811523 0.5829249620437622 0.7833058834075928 0.5675055384635925 0.7805647055308024 0.5526001453399658 0.7723410129547119 0.5361527800559998 0.764802614847819 0.523817241191864 0.7641173203786215 0.5125096440315247 0.7620614369710287 0.5083978176116943 0.7476699352264404 0.5119956731796265 0.7271107832590739 0.5161075592041016 0.7134045759836832
1 0.6014282703399658 0.7819352944691976 0.6106799244880676 0.7702850500742594 0.6219874620437622 0.7606907685597738 0.6322670578956604 0.7517817815144857 0.6435746550559998 0.7510964870452881 0.6471725106239319 0.7668585777282715 0.6512843370437622 0.7853618462880453 0.6476864814758301 0.7935855388641357 0.6296971440315247 0.7956414222717285 0.6163336634635925 0.8004385630289713 0.6091379523277283 0.8024945259094238 0.6039981842041016 0.7942708333333334
1 0.6975425481796265 0.5201480388641357 0.7067942023277283 0.5050712823867798 0.7150179147720337 0.49205044905344647 0.7283813953399658 0.4906798203786214 0.7468846440315247 0.49410637219746906 0.7535663843154907 0.5091831286748251 0.7540804147720337 0.5297423203786215 0.751510500907898 0.5503015518188477 0.751510500907898 0.5736019611358643 0.7545943856239319 0.5921052694320679 0.7628180384635925 0.6078673203786215 0.7756675481796265 0.6284265518188477 0.7823492884635925 0.6469298203786215 0.7813213467597961 0.6585800250371298 0.7669299244880676 0.6578947305679321 0.7540804147720337 0.6592653592427572 0.741744875907898 0.6428179740905762 0.7324932217597961 0.6366502046585083 0.7324932217597961 0.6202028592427572 0.7283813953399658 0.5955317815144857 0.7139899134635925 0.5825109481811523 0.7067942023277283 0.569490114847819 0.7037103176116943 0.5386513074239095 0.6990845203399658 0.5276863972345988
1 0.7643600106239319 0.5263158082962036 0.7746396064758301 0.5174067815144857 0.7838912606239319 0.5112390518188477 0.7977687120437622 0.5119243462880453 0.8095902800559998 0.5160361925760905 0.8306634426116943 0.522889256477356 0.8409430384635925 0.5283716917037964 0.8455688953399658 0.561951756477356 0.8481388092041016 0.5859375 0.8512226343154907 0.6003289620081583 0.8537925481796265 0.6167763074239095 0.8599603176116943 0.6311677694320679 0.8692119717597961 0.640076756477356 0.8819136619567871 0.6399782101313273 0.8940409421920776 0.6510416666666666 0.8978706002235413 0.6595520178476969 0.8946791887283325 0.6706154346466064 0.8838285207748413 0.6833810011545817 0.8710629940032959 0.6969975630442301 0.859574019908905 0.7038058439890543 0.8525529503822327 0.7097630500793457 0.8410639762878418 0.7038058439890543 0.8257453441619873 0.7046568393707275 0.8142563700675964 0.7021037737528483 0.8034057021141052 0.6901892820994059 0.7906401753425598 0.6782747904459635 0.7874488234519958 0.6672112941741943 0.7861722707748413 0.6391271750132242 0.7727684378623962 0.6033837000528971 0.7612794637680054 0.5744485457738241 0.759364664554596 0.5489174922307333
1 0.9087212681770325 0.19318491220474243 0.9170188307762146 0.20595043897628784 0.9291461110115051 0.22126907110214233 0.946379542350769 0.25020424524943036 0.9553154110908508 0.2578635613123576 0.9580791592597961 0.2143807808558146 0.9578685164451599 0.19318491220474243 0.9355288743972778 0.19148284196853638 0.924039900302887 0.19148284196853638
1 0.8978706002235413 0.3497753143310547 0.9189336895942688 0.3250953157742818 0.9368054270744324 0.31147875388463336 0.9508475065231323 0.30467047293980914 0.9580791592597961 0.31224652131398517 0.9580791592597961 0.36168980598449707 0.9580791592597961 0.39828431606292725 0.9580791592597961 0.42977261543273926 0.9580791592597961 0.45615466435750324 0.946379542350769 0.46551605065663654 0.9374436736106873 0.4774305423100789 0.9323374629020691 0.49360020955403644 0.9259546995162964 0.49955745538075763 0.9151040315628052 0.5038126309712728 0.9017001986503601 0.49955745538075763 0.899147093296051 0.4825367530186971 0.8978706002235413 0.46211191018422443 0.893402636051178 0.44168710708618164 0.8857433199882507 0.4178581237792969 0.8972322940826416 0.4025394916534424 0.9017001986503601 0.3838167190551758 0.9010619521141052 0.3650939464569092
1 0.9457412958145142 0.2757352987925212 0.9508475065231323 0.2663739124933879 0.9580791592597961 0.2663739124933879 0.9580791592597961 0.28679875532786053 0.9580791592597961 0.30211736758550006 0.9502092003822327 0.2927560011545817
1 0.84617018699646 0.5199822982152303 0.8551060557365417 0.508067806561788 0.8672333359718323 0.5021105607350668 0.8774457573890686 0.5063657363255819 0.8914878368377686 0.5072167714436849 0.8978706002235413 0.5072167714436849 0.9042533040046692 0.5114719470342001 0.9042533040046692 0.5267905791600546 0.9048916101455688 0.538705070813497 0.8940409421920776 0.5429602464040121 0.8831902146339417 0.5463643868764242 0.8691481351852417 0.5489174922307333 0.8589357137680054 0.5506195624669393 0.8519147038459778 0.5446623166402181 0.8480850458145142 0.5361519654591879
1 0.9151040315628052 0.5140250523885092 0.926593005657196 0.510620911916097 0.9393585324287415 0.5165781577428182 0.940635085105896 0.5327478249867758 0.92978435754776 0.5378540356953939 0.9208484888076782 0.5395561059316 0.9170188307762146 0.5250885089238485
1 0.9342523217201233 0.5029615958531698 0.9444647431373596 0.4867919286092122 0.9514857530593872 0.47487743695576984 0.9580791592597961 0.4692830642064412 0.9580791592597961 0.5012595256169637 0.9565919637680054 0.5174291928609213 0.9482944011688232 0.5174291928609213 0.940635085105896 0.5114719470342001
1 0.9304226636886597 0.5531726678212484 0.9285078048706055 0.5455133517583212 0.9393585324287415 0.541258176167806 0.9457412958145142 0.5361519654591879 0.9482944011688232 0.5284926493962606 0.9580791592597961 0.5284926493962606 0.9580791592597961 0.5548747380574545 0.9578685164451599 0.5633850892384847 0.9470178484916687 0.5574278434117635 0.9374436736106873 0.5540237029393514
1 0.9214867949485779 0.5608319838841757 0.9285078048706055 0.5608319838841757 0.9393585324287415 0.5642361243565878 0.9521240592002869 0.570193370183309 0.957230269908905 0.5838099320729574 0.9580791592597961 0.5928649107615153 0.9540388584136963 0.6127450863520304 0.946379542350769 0.6229575077692667 0.9361671209335327 0.6272126833597819 0.9246781468391418 0.629765788714091 0.9195719361305237 0.6101919809977213 0.9176571369171143 0.5914692083994547 0.9189336895942688 0.5778526862462362
1 0.9106360673904419 0.6672112941741943 0.9170188307762146 0.6527437369028727 0.9221250414848328 0.6425313154856364 0.9272312521934509 0.6382761398951212 0.9419116377830505 0.6348719994227091 0.9482944011688232 0.630616823832194 0.9580791592597961 0.6206401983896891 0.9580791592597961 0.6340209643046061 0.9580791592597961 0.6782747904459635 0.9580791592597961 0.7046568393707275 0.9387202262878418 0.693593422571818 0.926593005657196 0.6842319965362549 0.9163805842399597 0.6757216453552246
1 0.5812855958938599 0.8765659332275391 0.5946894288063049 0.8638003667195638 0.6049018502235413 0.8527369499206543 0.6138376593589783 0.8544390201568604 0.6221352815628052 0.8680555820465088 0.6259649395942688 0.8833742141723633 0.6297945976257324 0.8961397012074789 0.6272414922714233 0.9020969867706299 0.6125611066818237 0.9089052677154541 0.606178343296051 0.9089052677154541 0.5966042280197144 0.9003949165344238 0.5883066654205322 0.8935866355895996 0.5825621485710144 0.8867783546447754
1 0.40320658683776855 0.99485977490743 0.3981003761291504 0.9820942083994547 0.39746206998825073 0.9676266511281332 0.405121386051178 0.9565631548563639 0.41405725479125977 0.9463507334391276 0.42235487699508667 0.9429465929667155 0.4300141930580139 0.9446486632029215 0.43575865030288696 0.9497548739115397 0.4395883083343506 0.9591162999471029 0.44405627250671387 0.9718817869822184 0.4498007297515869 0.9795411427815756 0.4593748450279236 0.9880514939626058 0.46920233964920044 0.9986979166666666 0.4408648610115051 0.99485977490743 0.42299312353134155 0.9965618451436361 0.40958935022354126 0.9957107702891032
1 0.0009765625 0.9454997380574545 0.0009765625 0.959967295328776 0.0009765625 0.9786900679270426 0.0009765625 0.9872004191080729 0.0009765625 0.9957107702891032 0.0009765625 0.9982639153798422 0.0009765625 0.9957107702891032 0.0009765625 0.9957107702891032 0.0009765625 0.9786900679270426 0.0009765625 0.960818370183309
1 0.4485241770744324 0.959967295328776 0.4568217992782593 0.9395424524943033 0.4625662565231323 0.927627960840861 0.46831071376800537 0.9250748952229818 0.4849058985710144 0.9233728249867758 0.499586284160614 0.9250748952229818 0.5117135047912598 0.9259258906046549 0.5270321369171143 0.9310321013132731 0.53915935754776 0.9446486632029215 0.5468186736106873 0.9531590143839518 0.5576694011688232 0.9659245808919271 0.5742645859718323 0.9676266511281332 0.5902214646339417 0.9514569441477457 0.6093697547912598 0.9403935273488363 0.6234118342399597 0.9429465929667155 0.6361773610115051 0.9540100892384847 0.6451132297515869 0.9659245808919271 0.6553256511688232 0.9752859274546305 0.6585170030593872 0.9872004191080729 0.6553256511688232 0.9957107702891032 0.6349008083343506 0.9982639153798422 0.5302234888076782 0.9982639153798422 0.5129900574684143 0.9982639153798422 0.5021393895149231 0.9982639153798422 0.4949778914451599 0.9986979166666666 0.47979968786239624 0.9986979166666666 0.46639591455459595 0.9837962786356608 0.45554524660110474 0.9752859274546305
1 0.6112845540046692 0.9216707547505697 0.620220422744751 0.9123093287150065 0.6323477029800415 0.9063521226247152 0.6412835717201233 0.905501127243042 0.6489428877830505 0.9114583333333334 0.6546873450279236 0.9259258906046549 0.6623466610908508 0.9497548739115397 0.6610701084136963 0.9642225106557211 0.6489428877830505 0.9523080190022787 0.6355390548706055 0.9437976678212484 0.6246883869171143 0.9369893868764242 0.6163907647132874 0.9344362417856852
1 0.6591553092002869 0.9182666142781576 0.6655380725860596 0.9020969867706299 0.6680911779403687 0.8901824951171875 0.6757504940032959 0.868906577428182 0.684048056602478 0.8561410903930664 0.6993666887283325 0.8476307392120361 0.7204297780990601 0.8476307392120361 0.73447185754776 0.8518858750661215 0.7395780682563782 0.8680555820465088 0.7395780682563782 0.8901824951171875 0.7408546209335327 0.9140113989512125 0.7414929270744324 0.9310321013132731 0.7363867163658142 0.9429465929667155 0.7191532254219055 0.9454997380574545 0.7083025574684143 0.9540100892384847 0.6955370306968689 0.959967295328776 0.6834098100662231 0.962520440419515 0.6712825298309326 0.9642225106557211 0.6687294244766235 0.9548610846201578 0.667452871799469 0.9420955975850424 0.6636232137680054 0.929330031077067
1 0.6502194404602051 0.750612735748291 0.6578787565231323 0.7455065250396729 0.6661763191223145 0.7514638106028239 0.6789418458938599 0.7557189464569092 0.6846863627433777 0.7591230869293213 0.6872394680976868 0.7744417190551758 0.681494951248169 0.7914624214172363 0.6776652932167053 0.7965686321258545 0.6655380725860596 0.7923134167989095 0.6597935557365417 0.7863562107086182 0.6546873450279236 0.7718886534372965 0.653410792350769 0.7608251571655273
1 0.6827715039253235 0.8050789833068848 0.6872394680976868 0.7906113465627035 0.6923456788063049 0.7761437892913818 0.6968135833740234 0.7727396488189697 0.7134087681770325 0.7718886534372965 0.7319187521934509 0.7710375785827637 0.7465991377830505 0.7693355083465576 0.7600029110908508 0.7667824427286783 0.7689387798309326 0.7684845129648844 0.7727684378623962 0.7761437892913818 0.7657474279403687 0.7974196275075277 0.7587263584136963 0.8152914047241211 0.7523435950279236 0.8289079666137695 0.7427694797515869 0.8399713834126791 0.73447185754776 0.8433755238850912 0.7185149788856506 0.842524528503418 0.703834593296051 0.8399713834126791 0.6968135833740234 0.836567242940267 0.6891542673110962 0.8203976154327393
1 0.6853246092796326 0.7480596701304117 0.6878777146339417 0.7233796119689941 0.6878777146339417 0.6961464881896973 0.6955370306968689 0.6791257858276367 0.7051111459732056 0.6689133644104004 0.7166001200675964 0.6604030529657999 0.7236211895942688 0.663807193438212 0.7325570583343506 0.6791257858276367 0.7446842789649963 0.6825299263000488 0.7529819011688232 0.6774237155914307 0.7568115592002869 0.6697644392649332 0.7657474279403687 0.6680623690287272 0.775959849357605 0.6680623690287272 0.781704306602478 0.6714665095011393 0.7868105173110962 0.6825299263000488 0.7906401753425598 0.6918913523356119 0.781704306602478 0.7080609798431396 0.7740449905395508 0.7250816822052002 0.7721301913261414 0.7421023845672607 0.7683005332946777 0.7574210166931152 0.7529819011688232 0.7599741617838541 0.7408546209335327 0.7616762320200602 0.7223446369171143 0.7633783022562662 0.7019197940826416 0.7667824427286783 0.6936222314834595 0.7642292976379395
1 0.792555034160614 0.7029547691345215 0.7982994914054871 0.6995506286621094 0.8110650181770325 0.7072099844614664 0.8219156861305237 0.7148692607879639 0.8257453441619873 0.724230686823527 0.8257453441619873 0.7455065250396729 0.8257453441619873 0.7659313678741455 0.8282984495162964 0.7735907236735026 0.8161712288856506 0.78125 0.8008525967597961 0.7803990046183268 0.7893636226654053 0.7769948641459147 0.7797895073890686 0.7735907236735026 0.7746832966804504 0.7625272274017334 0.7765980958938599 0.748910665512085 0.7804277539253235 0.7318899631500244 0.7855339646339417 0.7191244761149088 0.7887253761291504 0.7114651203155518
1 0.7778746485710144 0.779547929763794 0.7855339646339417 0.7838030656178793 0.7868105173110962 0.7982707023620605 0.7848957180976868 0.8195465405782064 0.7829808592796326 0.844226598739624 0.781704306602478 0.8569920857747396 0.7810660600662231 0.8714597225189209 0.7823426127433777 0.8842252095540365 0.7772364020347595 0.8884804248809814 0.7657474279403687 0.8578431606292725 0.759364664554596 0.838269313176473 0.761917769908905 0.8212486108144125 0.7676622271537781 0.8042279084523519 0.7727684378623962 0.7880582809448242
1 0.7944698333740234 0.7880582809448242 0.8136181235313416 0.7872072060902914 0.8251070976257324 0.7838030656178793 0.8334046602249146 0.7821009953816732 0.8468084931373596 0.7931644916534424 0.8582974672317505 0.8025258382161459 0.8723395466804504 0.8042279084523519 0.8787223100662231 0.7999727725982666 0.8844667673110962 0.805929978688558 0.8889347314834595 0.8220996856689453 0.8863816261291504 0.8459286689758301 0.8819136619567871 0.8646514415740967 0.8799988627433777 0.8842252095540365 0.8748926520347595 0.9089052677154541 0.8729777932167053 0.9301811059316 0.8717012405395508 0.9437976678212484 0.8659567832946777 0.9523080190022787 0.8531912565231323 0.9489038785298666 0.8308515548706055 0.9352873166402181 0.8136181235313416 0.9259258906046549 0.801490843296051 0.9165645440419515 0.7836191654205322 0.9003949165344238 0.7893636226654053 0.8757148583730062 0.7893636226654053 0.8416734536488851 0.7912784814834595 0.8161424001057943 0.7912784814834595 0.8016748428344727
1 0.8800176978111267 0.7789077758789062 0.8834847807884216 0.7927761077880859 0.8921525478363037 0.7989398638407389 0.9002423882484436 0.7958579858144125 0.9060208797454834 0.792005697886149 0.8956196308135986 0.7858419418334961 0.887529730796814 0.7827601432800293
0 0.9343354105949402 0.7858419418334961 0.9395360350608826 0.7750554879506429 0.9580791592597961 0.7660648822784424 0.9568714499473572 0.8097263177235922 0.9568714499473572 0.8266765276590983 0.9476258754730225 0.8135786851247152 0.9389581680297852 0.8020216623942057
1 0.8471674919128418 0.1196767787138621 0.8435772061347961 0.1378676493962606 0.8392688632011414 0.14552696545918783 0.8521939516067505 0.15893075863520303 0.8644009828567505 0.16563265522321066 0.8787621855735779 0.1618030071258545 0.8880969882011414 0.15605852007865906 0.8967136740684509 0.1378676493962606 0.9031762480735779 0.12542126576105753 0.8924053311347961 0.1196767787138621 0.8773260712623596 0.12159160772959392 0.8600925803184509 0.12063418825467427
1 0.9110749363899231 0.12637867530186972 0.903894305229187 0.1416973074277242 0.8981497883796692 0.15797334909439087 0.8967136740684509 0.16850489377975464 0.9031762480735779 0.18095127741495767 0.9117929935455322 0.18382352590560913 0.9290264248847961 0.18382352590560913 0.9448237419128418 0.18286611636479697 0.9563127160072327 0.18382352590560913 0.9577488303184509 0.15414369106292725 0.9555946588516235 0.12350643674532573 0.9412334561347961 0.12159160772959392 0.9225638508796692 0.1244638462861379
1 0.879480242729187 0.940180778503418 0.8852246999740601 0.9286917845408121 0.8945595026016235 0.9248621463775635 0.9067665338516235 0.9172027905782064 0.9125110507011414 0.897097110748291 0.9168193936347961 0.8923100630442301 0.9261541962623596 0.8942248821258545 0.9318986535072327 0.9085861047108968 0.9433876276016235 0.915287971496582 0.9505682587623596 0.9248621463775635 0.9548766016960144 0.9478400548299154 0.9541585445404053 0.9679457346598307 0.9498502016067505 0.9775199095408121 0.9390792846679688 0.9842217763264974 0.9290264248847961 0.9899663130442301 0.916101336479187 0.9957107702891032 0.9003040194511414 0.9937959512074789 0.8931233882904053 0.9899663130442301 0.8823524713516235 0.982306957244873 0.8780441284179688 0.9679457346598307 0.8751718997955322 0.9564568201700846
1 0.7861323356628418 0.46530330181121826 0.8026477694511414 0.46243107318878174 0.8378327488899231 0.44998466968536377 0.8442952632904053 0.44806985060373944 0.8320882320404053 0.4404105345408122 0.818445086479187 0.43179380893707275 0.8148548007011414 0.43083639939626056 0.806238055229187 0.4384957154591878 0.7976213097572327 0.44615503152211505 0.7890046238899231 0.4547717571258545
1 0.696220874786377 0.011992296824852625 0.6937589645385742 0.03278186172246933 0.6929383277893066 0.04481792946656545 0.7060685753822327 0.06232493122418722 0.7142750024795532 0.08092612028121948 0.7200194597244263 0.09296218554178874 0.7257639765739441 0.109375 0.7397148609161377 0.09952730933825175 0.7413561344146729 0.07983193298180898 0.737252950668335 0.04044117530186971 0.7331497073173523 0.014180672665437063 0.7339704036712646 0.003238795635600885 0.7175575494766235 0.0076155463854471845 0.7077098488807678 0.008709733684857687
1 0.7438180446624756 0.006521358465154965 0.7405354976654053 0.02840511252482732 0.7462800145149231 0.052477240562438965 0.750383198261261 0.07545518378416698 0.7553070187568665 0.0896796186765035 0.7741817831993103 0.0896796186765035 0.793877124786377 0.0874912440776825 0.8152137994766235 0.09077381094296773 0.8340885639190674 0.09405636787414551 0.8472188115119934 0.10062150160471599 0.8800444006919861 0.10390405853589375 0.9054843187332153 0.10609243313471477 0.9227177500724792 0.10390405853589375 0.9465163350105286 0.09843312700589497 0.9374892711639404 0.07217261691888173 0.9235383868217468 0.04700630406538645 0.9153319597244263 0.021839986244837444 0.9112287759780884 0.005427171165744464 0.8734793066978455 0.005427171165744464 0.8283440470695496 0.004332983245452245 0.7955184578895569 0.003238795635600885 0.7733611464500427 0.003238795635600885 0.7544863820075989 0.004332983245452245
1 0.9227177500724792 0.009803921605149904 0.9284622073173523 0.02731092522541682 0.9424131512641907 0.04810049136479696 0.9530814290046692 0.06779586772123973 0.9555433988571167 0.029499299824237823 0.9547227621078491 0.002144607870529095 0.9333860874176025 0.003238795635600885
