0 0.9989495873451233 0.06916360557079315 0.9781599640846252 0.06916360557079315 0.951899528503418 0.07737000783284505 0.9420518279075623 0.09214154879252116 0.9431459903717041 0.10855435331662495 0.9508053660392761 0.11429884036382039 0.9748774170875549 0.11429884036382039 0.9945728182792664 0.12332589427630107 1.0 0.12434348464012146 1.0 0.10445115963617961 0.9989495873451233 0.08311449488004048 1.0 0.07838760316371918 1.0 0.07080488403638203
0 0.9989495873451233 0.1339942216873169 0.9934785962104797 0.13071165482203165 0.9814426302909851 0.1339942216873169 0.9737832546234131 0.1430212656656901 0.9672181606292725 0.15697216987609863 0.9836309552192688 0.16353729367256165 0.9945728182792664 0.17584689458211264 1.0 0.17584689458211264 0.9967612624168396 0.15368960301081339
0 0.8534226417541504 0.1339942216873169 0.8884366154670715 0.13071165482203165 0.913602888584137 0.13727678855260214 0.9278273582458496 0.1512276828289032 0.9168855547904968 0.1586134433746338 0.8895308375358582 0.16271664698918661 0.8709296584129333 0.16353729367256165 0.8512342572212219 0.1586134433746338 0.8413865566253662 0.1512276828289032
0 0.9376750588417053 0.16189601023991904 0.9683123230934143 0.16846112410227457 0.9694065451622009 0.18323266506195068 0.965029776096344 0.19718356927235922 0.9431459903717041 0.20292804638544717 0.9322041869163513 0.20785188674926758 0.9289215207099915 0.21687893072764078 0.9431459903717041 0.22344406445821127 0.9540879130363464 0.23575367530186972 0.9376750588417053 0.23575367530186972 0.9146971106529236 0.22426470120747885 0.8993785381317139 0.22344406445821127 0.8939075469970703 0.24231880903244019 0.8807772994041443 0.2529871463775635 0.8687412738800049 0.25709033012390137 0.8501400947570801 0.25134583314259845 0.8315388560295105 0.2505251963933309 0.8173143863677979 0.2472426493962606 0.8238795399665833 0.22508533795674643 0.8413865566253662 0.21441702047983804 0.859987735748291 0.19964547952016196 0.8753063678741455 0.18405330181121826 0.8785889148712158 0.17010241746902466 0.9015669226646423 0.16846112410227457 0.9190738797187805 0.16846112410227457
0 0.7254026532173157 0.0018710608904560406 0.7319677472114563 0.017463234563668568 0.7374387383460999 0.031414128839969635 0.7450980544090271 0.047006299098332725 0.7407212853431702 0.05767463147640228 0.7275910377502441 0.05275078614552816 0.71555495262146 0.04618566234906515 0.7002363204956055 0.04864758253097534 0.7068014740943909 0.058495273192723594 0.7210259437561035 0.06916360557079315 0.7275910377502441 0.0806525746981303 0.7133665680885315 0.08557641506195068 0.6903886795043945 0.08557641506195068 0.6652223467826843 0.0896796186765035 0.6378676295280457 0.09296218554178874 0.6170780658721924 0.0946034590403239 0.6083245873451233 0.08803834517796834 0.6148896813392639 0.07162552078564961 0.6137955188751221 0.06341911852359772 0.6017594933509827 0.06752232710520427 0.5919117331504822 0.06752232710520427 0.5787815451622009 0.05931590994199117 0.5711222290992737 0.045365020632743835 0.5798757076263428 0.039620538552602134 0.5864408612251282 0.024028360843658447 0.5798757076263428 0.015821953614552815 0.574404776096344 0.0013020833333333333 0.6127013564109802 0.0013020833333333333 0.6739758849143982 0.0018710608904560406 0.7133665680885315 0.0013020833333333333
0 0.6148896813392639 0.10445115963617961 0.6258315443992615 0.10691306988398235 0.641150176525116 0.12332589427630107 0.6553746461868286 0.12742909789085388 0.6597514152526855 0.1586134433746338 0.6553746461868286 0.1774881680806478 0.6280199885368347 0.18159139156341553 0.6137955188751221 0.1651785671710968 0.6028536558151245 0.15615151325861612 0.5842524170875549 0.14384190241495767 0.574404776096344 0.12989101807276407 0.5722163915634155 0.11840204397837321 0.5820640921592712 0.10609243313471477 0.5919117331504822 0.09378282229105632 0.6028536558151245 0.09542410572369893
0 0.8074667453765869 0.04126181701819102 0.8304446339607239 0.05028886596361796 0.8490458130836487 0.06259847680727641 0.8556110262870789 0.07408745090166728 0.8818714618682861 0.07162552078564961 0.8698354363441467 0.0847557783126831 0.846857488155365 0.09788602590560913 0.8304446339607239 0.10527179638544719 0.8151260018348694 0.11101628343264262 0.8019958138465881 0.09870667258898418 0.7921481132507324 0.08803834517796834 0.7636992335319519 0.0896796186765035 0.7440038323402405 0.09214154879252116 0.746192216873169 0.07819065451622009 0.7527573704719543 0.06177784005800883 0.7735469341278076 0.04864758253097534
0 0.7494747638702393 0.09788602590560913 0.7604166865348816 0.10609243313471477 0.7571341395378113 0.12004332741101582 0.746192216873169 0.12989101807276407 0.7308735847473145 0.1266084611415863 0.7221201062202454 0.11758140722910564 0.7254026532173157 0.10280987620353699 0.7210259437561035 0.09624474247296651 0.698047935962677 0.11265756686528523 0.6860118508338928 0.12824973464012146 0.6816351413726807 0.13809742530186972 0.6871060729026794 0.14712446928024292 0.7035189270973206 0.148765762646993 0.7188374996185303 0.15040703614552817 0.7275910377502441 0.16599921385447183 0.7308735847473145 0.17502625783284506 0.7418155074119568 0.18651523192723593 0.7560399174690247 0.19636293252309164 0.7647933959960938 0.21031381686528525 0.7855830192565918 0.22098215421040854 0.798713207244873 0.21934086084365845 0.8129376769065857 0.2086725433667501 0.8019958138465881 0.19308034578959146 0.8052783608436584 0.16189601023991904 0.7943364977836609 0.1586134433746338 0.7888655662536621 0.1495863993962606 0.7954306602478027 0.13891807198524475 0.8085609078407288 0.1430212656656901 0.816220223903656 0.14548319578170776 0.816220223903656 0.13235294818878174 0.8074667453765869 0.11758140722910564 0.7998073697090149 0.10691306988398235 0.7888655662536621 0.09624474247296651 0.7757353186607361 0.09624474247296651 0.7604166865348816 0.09624474247296651
0 0.6827293038368225 0.15204831957817078 0.6838235259056091 0.16353729367256165 0.692577064037323 0.17010241746902466 0.705707311630249 0.17010241746902466 0.7133665680885315 0.1668198506037394 0.7078956961631775 0.16025473674138388 0.6947653889656067 0.15368960301081339
0 0.6805409789085388 0.17666753133138022 0.6685048937797546 0.18733588854471842 0.6488094925880432 0.19225970904032388 0.635679304599762 0.1980042060216268 0.6520920991897583 0.2021073897679647 0.6608455777168274 0.21852022409439087 0.6597514152526855 0.23493303855260214 0.6641281247138977 0.24560137589772543 0.6860118508338928 0.2505251963933309 0.7024247050285339 0.24970455964406332 0.7243084907531738 0.24313944578170776 0.7429096698760986 0.24149815241495767 0.7505689263343811 0.22672661145528158 0.7483806014060974 0.21359638373057047 0.7396271228790283 0.20374868313471475 0.7254026532173157 0.19225970904032388 0.7199317812919617 0.18651523192723593 0.7122724056243896 0.18405330181121826 0.6958596110343933 0.17995009819666544
0 0.5087534785270691 0.01910451551278432 0.49452903866767883 0.03797925263643265 0.4967174530029297 0.058495273192723594 0.5032825469970703 0.07654936611652374 0.5043767690658569 0.0847557783126831 0.493434876203537 0.09952731927235921 0.48905813694000244 0.11265756686528523 0.49452903866767883 0.12824973464012146 0.5054709315299988 0.14630383253097534 0.5032825469970703 0.15697216987609863 0.48577556014060974 0.15943408012390137 0.47702205181121826 0.1512276828289032 0.47155115008354187 0.12907037138938904 0.4638918340206146 0.11758140722910564 0.462797611951828 0.09296218554178874 0.46060922741889954 0.07080488403638203 0.45842087268829346 0.05110950767993927 0.4595150649547577 0.037158613403638206 0.4748336970806122 0.02731092522541682 0.4912464916706085 0.019925158470869064
0 0.9234506487846375 0.27514441808064777 0.934392511844635 0.28909532229105633 0.934392511844635 0.30961136023203534 0.9289215207099915 0.3194590210914612 0.9376750588417053 0.3399750391642253 0.9431459903717041 0.3531053066253662 0.9431459903717041 0.3686974843343099 0.9278273582458496 0.3769038915634155 0.9026610851287842 0.383469025293986 0.8873424530029297 0.37936580181121826 0.877494752407074 0.364594300587972 0.8785889148712158 0.3473608096440633 0.8742122054100037 0.3301273584365845 0.8829657435417175 0.32438286145528156 0.8829657435417175 0.30961136023203534 0.8807772994041443 0.29648109277089435 0.8939075469970703 0.28909532229105633 0.9070377945899963 0.2800682783126831
0 0.7702643871307373 0.24437040090560913 0.7823004126548767 0.24847360452016196 0.7768294811248779 0.2624245087305705 0.759322464466095 0.2706308960914612 0.7407212853431702 0.27555473645528156 0.7472863793373108 0.2566800117492676
0 0.7811686396598816 0.2747802734375 0.7925618290901184 0.28515625 0.8031412959098816 0.2918701171875 0.791748046875 0.30224609375 0.7779133915901184 0.3089599609375 0.7591959834098816 0.2991943359375 0.745361328125 0.291259765625 0.742919921875 0.28515625 0.7583821415901184 0.2802734375 0.7730305790901184 0.274169921875
0 0.8544108271598816 0.3016357421875 0.8609212040901184 0.3138427734375 0.864990234375 0.332763671875 0.864990234375 0.3504638671875 0.8617350459098816 0.3602294921875 0.845458984375 0.3626708984375 0.8299967646598816 0.369384765625 0.808837890625 0.371826171875 0.7901204228401184 0.3651123046875 0.7787272334098816 0.3577880859375 0.7827962040901184 0.34619140625 0.774658203125 0.3388671875 0.7640787959098816 0.3291015625 0.762451171875 0.3199462890625 0.7754719853401184 0.3162841796875 0.7958170771598816 0.3095703125 0.8096516728401184 0.301025390625 0.8145344853401184 0.3095703125 0.821044921875 0.31689453125 0.833251953125 0.3089599609375 0.8365071415901184 0.2991943359375
0 0.864990234375 0.3724365234375 0.8763834834098816 0.376708984375 0.882080078125 0.3828125 0.862548828125 0.3895263671875 0.845458984375 0.3974609375 0.8316243290901184 0.4072265625 0.823486328125 0.3968505859375 0.811279296875 0.3968505859375 0.8194172978401184 0.38525390625 0.8299967646598816 0.3809814453125 0.8487141728401184 0.3736572265625
0 0.8519694209098816 0.432861328125 0.8641764521598816 0.4395751953125 0.872314453125 0.4462890625 0.8804524540901184 0.4505615234375 0.8902180790901184 0.4530029296875 0.8926594853401184 0.459716796875 0.889404296875 0.4658203125 0.8706868290901184 0.470703125 0.8560383915901184 0.4755859375 0.8470866084098816 0.4786376953125 0.8422037959098816 0.4639892578125 0.8422037959098816 0.4505615234375 0.8446452021598816 0.4420166015625
0 0.757568359375 0.35595703125 0.7714030146598816 0.359619140625 0.7779133915901184 0.3675537109375 0.7803547978401184 0.3785400390625 0.7640787959098816 0.3797607421875 0.7461751103401184 0.381591796875 0.7364094853401184 0.3809814453125 0.730712890625 0.3779296875 0.7412922978401184 0.37060546875 0.7486165165901184 0.36083984375
0 0.7266438603401184 0.2845458984375 0.7315266728401184 0.291259765625 0.7242024540901184 0.2979736328125 0.7095540165901184 0.30224609375 0.6981608271598816 0.3077392578125 0.7022297978401184 0.2955322265625 0.713623046875 0.2894287109375
0 0.7339680790901184 0.298583984375 0.7421061396598816 0.301025390625 0.740478515625 0.308349609375 0.7315266728401184 0.315673828125 0.716064453125 0.3162841796875 0.6973469853401184 0.31689453125 0.7144368290901184 0.3065185546875
0 0.9984537959098816 0.4102783203125 0.9984537959098816 0.4298095703125 0.999267578125 0.457275390625 0.9976399540901184 0.4658203125 0.9878743290901184 0.47802734375 0.977294921875 0.4871826171875 0.9618327021598816 0.4993896484375 0.947998046875 0.5 0.935791015625 0.48779296875 0.928466796875 0.479248046875 0.928466796875 0.469482421875 0.9414876103401184 0.4615478515625 0.957763671875 0.4591064453125 0.9707844853401184 0.452392578125 0.9707844853401184 0.4383544921875 0.9732258915901184 0.4267578125 0.9838053584098816 0.4188232421875
0 0.9805501103401184 0.4945068359375 0.9903157353401184 0.5 1.0 0.5060526529947916 0.996826171875 0.5201416015625 0.974853515625 0.510986328125 0.9593912959098816 0.5048828125 0.9732258915901184 0.4981689453125
0 0.947998046875 0.5042724609375 0.969970703125 0.515869140625 0.9838053584098816 0.5225830078125 0.9935709834098816 0.5274658203125 0.991943359375 0.54150390625 0.982177734375 0.55859375 0.9691569209098816 0.5701904296875 0.952880859375 0.57568359375 0.9447428584098816 0.576904296875 0.9268391728401184 0.5738525390625 0.911376953125 0.5732421875 0.899169921875 0.5811767578125 0.8861491084098816 0.5933837890625 0.874755859375 0.6031494140625 0.8641764521598816 0.6055908203125 0.855224609375 0.5848388671875 0.869873046875 0.5811767578125 0.8837077021598816 0.5732421875 0.8983561396598816 0.559814453125 0.9024251103401184 0.537841796875 0.9007975459098816 0.528076171875 0.8853352665901184 0.5189208984375 0.8706868290901184 0.52685546875 0.8617350459098816 0.5360107421875 0.8535969853401184 0.5262451171875 0.8584797978401184 0.5140380859375 0.8584797978401184 0.501220703125 0.8804524540901184 0.4908447265625 0.8983561396598816 0.4847412109375 0.9056803584098816 0.484130859375 0.9097493290901184 0.48779296875 0.9121907353401184 0.4969482421875 0.9121907353401184 0.506103515625 0.923583984375 0.508544921875 0.9325358271598816 0.5054931640625
0 0.8690592646598816 0.537841796875 0.8804524540901184 0.529296875 0.8910319209098816 0.528076171875 0.8959147334098816 0.5372314453125 0.8951008915901184 0.5433349609375 0.894287109375 0.5482177734375 0.889404296875 0.5604248046875 0.877197265625 0.572021484375 0.8641764521598816 0.5762939453125 0.850341796875 0.5714111328125 0.8373209834098816 0.559814453125 0.8251139521598816 0.5506591796875 0.838134765625 0.5421142578125 0.845458984375 0.5384521484375 0.8560383915901184 0.5433349609375
0 0.879638671875 0.606201171875 0.879638671875 0.6190185546875 0.872314453125 0.6202392578125 0.8584797978401184 0.615966796875 0.852783203125 0.6141357421875 0.8592936396598816 0.60986328125
0 0.9878743290901184 0.6068115234375 0.9878743290901184 0.620849609375 0.9878743290901184 0.63671875 0.979736328125 0.646484375 0.9756672978401184 0.65869140625 0.9781087040901184 0.6654052734375 0.977294921875 0.672119140625 0.9659016728401184 0.6776123046875 0.9561360478401184 0.6739501953125 0.938232421875 0.666015625 0.9268391728401184 0.664794921875 0.9170735478401184 0.6556396484375 0.9056803584098816 0.64892578125 0.894287109375 0.6470947265625 0.8828938603401184 0.6409912109375 0.8877766728401184 0.6275634765625 0.899169921875 0.6226806640625 0.9195149540901184 0.6239013671875 0.9423014521598816 0.6220703125 0.9585774540901184 0.618408203125 0.9756672978401184 0.6104736328125
0 0.8438313603401184 0.64404296875 0.8609212040901184 0.6458740234375 0.8877766728401184 0.655029296875 0.9048665165901184 0.662353515625 0.913818359375 0.6702880859375 0.9154459834098816 0.679443359375 0.9056803584098816 0.6904296875 0.9007975459098816 0.6959228515625 0.8812662959098816 0.7020263671875 0.8666178584098816 0.705078125 0.8544108271598816 0.70751953125 0.845458984375 0.705078125 0.8316243290901184 0.6995849609375 0.8267415165901184 0.6904296875 0.8218587040901184 0.674560546875 0.8299967646598816 0.664794921875 0.835693359375 0.6544189453125
0 0.7827962040901184 0.449951171875 0.7925618290901184 0.4615478515625 0.801513671875 0.4688720703125 0.811279296875 0.476806640625 0.8177897334098816 0.481689453125 0.825927734375 0.49267578125 0.8226725459098816 0.503662109375 0.816162109375 0.5140380859375 0.801513671875 0.5054931640625 0.794189453125 0.498779296875 0.7836100459098816 0.5048828125 0.7762858271598816 0.50732421875 0.7534993290901184 0.50244140625 0.7616373896598816 0.4908447265625 0.7665202021598816 0.4786376953125 0.7583821415901184 0.4609375 0.7640787959098816 0.452392578125
0 0.772216796875 0.51953125 0.784423828125 0.5140380859375 0.794189453125 0.5103759765625 0.8072102665901184 0.5146484375 0.821044921875 0.52197265625 0.828369140625 0.5286865234375 0.8299967646598816 0.54150390625 0.8226725459098816 0.54638671875 0.8047688603401184 0.550048828125 0.7909342646598816 0.55126953125 0.7705891728401184 0.5494384765625 0.764892578125 0.5390625 0.760009765625 0.523193359375 0.760009765625 0.51708984375
0 0.7714030146598816 0.557373046875 0.7827962040901184 0.5567626953125 0.7982584834098816 0.5567626953125 0.8080241084098816 0.557373046875 0.8047688603401184 0.5616455078125 0.7950032353401184 0.5689697265625 0.786865234375 0.574462890625 0.7787272334098816 0.5787353515625 0.7640787959098816 0.5848388671875 0.7494303584098816 0.5860595703125 0.7494303584098816 0.5811767578125 0.7510579228401184 0.572021484375 0.7559407353401184 0.5628662109375 0.7632649540901184 0.5604248046875
0 0.7583821415901184 0.608642578125 0.7779133915901184 0.6141357421875 0.789306640625 0.6202392578125 0.8006998896598816 0.628173828125 0.811279296875 0.63427734375 0.8194172978401184 0.6434326171875 0.8218587040901184 0.6507568359375 0.8177897334098816 0.6568603515625 0.8047688603401184 0.6580810546875 0.7982584834098816 0.6593017578125 0.7852376103401184 0.65625 0.772216796875 0.6519775390625 0.760009765625 0.6495361328125 0.7445475459098816 0.6434326171875 0.7445475459098816 0.6336669921875 0.7469889521598816 0.623291015625 0.7534993290901184 0.6141357421875
0 0.791748046875 0.6763916015625 0.8023274540901184 0.67578125 0.813720703125 0.6806640625 0.8177897334098816 0.685546875 0.8218587040901184 0.6910400390625 0.8267415165901184 0.6971435546875 0.8316243290901184 0.7056884765625 0.855224609375 0.7142333984375 0.864990234375 0.716064453125 0.877197265625 0.7197265625 0.8804524540901184 0.728271484375 0.8682454228401184 0.72705078125 0.8544108271598816 0.7227783203125 0.8422037959098816 0.720947265625 0.8316243290901184 0.7130126953125 0.8226725459098816 0.7081298828125 0.8145344853401184 0.70263671875 0.803955078125 0.6953125 0.796630859375 0.6910400390625
0 0.2635904848575592 0.2869873046875 0.2456868439912796 0.291259765625 0.2318522185087204 0.2943115234375 0.2237141877412796 0.2967529296875 0.2139485627412796 0.3016357421875 0.2049967497587204 0.310791015625 0.2025553435087204 0.315673828125 0.2049967497587204 0.32666015625 0.2172037810087204 0.3358154296875 0.2334798127412796 0.34130859375 0.2391764372587204 0.3431396484375 0.249755859375 0.3370361328125 0.2587076723575592 0.3419189453125 0.2611490786075592 0.34619140625 0.2627767026424408 0.35107421875 0.269287109375 0.357177734375 0.283935546875 0.3565673828125 0.296142578125 0.353515625 0.2993977963924408 0.3419189453125 0.3067220151424408 0.3358154296875 0.3091634213924408 0.3248291015625 0.3075357973575592 0.3138427734375 0.3042806088924408 0.3089599609375 0.2920735776424408 0.3046875 0.283935546875 0.2998046875 0.274169921875 0.291259765625
0 0.2017415314912796 0.242431640625 0.208251953125 0.2381591796875 0.2269694060087204 0.242431640625 0.2342936247587204 0.2454833984375 0.2456868439912796 0.2552490234375 0.2562662661075592 0.261962890625 0.2611490786075592 0.264404296875 0.2611490786075592 0.2686767578125 0.2603352963924408 0.2723388671875 0.2578938901424408 0.27783203125 0.2505696713924408 0.2808837890625 0.2359212189912796 0.28515625 0.2212727814912796 0.2918701171875 0.205810546875 0.2991943359375 0.198486328125 0.308349609375 0.196044921875 0.3150634765625 0.193603515625 0.3211669921875 0.1870930939912796 0.3223876953125 0.1773274689912796 0.3126220703125 0.169189453125 0.305908203125 0.164306640625 0.2991943359375 0.164306640625 0.2943115234375 0.174072265625 0.2821044921875 0.191162109375 0.2711181640625 0.191162109375 0.264404296875 0.183837890625 0.2564697265625 0.1870930939912796 0.2491455078125
0 0.159423828125 0.3480224609375 0.1659342497587204 0.354736328125 0.1748860627412796 0.3651123046875 0.1805826872587204 0.371826171875 0.1805826872587204 0.3834228515625 0.1805826872587204 0.3870849609375 0.1895345002412796 0.393798828125 0.2025553435087204 0.396240234375 0.2139485627412796 0.396240234375 0.2269694060087204 0.396240234375 0.2334798127412796 0.393798828125 0.239990234375 0.3895263671875 0.2408040314912796 0.37548828125 0.239990234375 0.364501953125 0.2334798127412796 0.3565673828125 0.227783203125 0.3504638671875 0.2261555939912796 0.342529296875 0.218017578125 0.342529296875 0.205810546875 0.337646484375 0.1952311247587204 0.3345947265625 0.1822102814912796 0.33642578125 0.171630859375 0.34375
0 0.586550235748291 0.2302964131037394 0.5811887383460999 0.24867876370747885 0.5788909196853638 0.25729548931121826 0.5735294222831726 0.2733800411224365 0.5704656839370728 0.2774012088775635 0.5620404481887817 0.2636144161224365 0.5658701062202454 0.2509765625 0.569699764251709 0.23661533991495767 0.5719975829124451 0.23316866159439087
0 0.5651041865348816 0.28889016310373944 0.5597426295280457 0.30037911732991535 0.5582107901573181 0.30784696340560913 0.5536152124404907 0.3147403597831726 0.5497855544090271 0.31818703810373944 0.5421262383460999 0.31588923931121826 0.5436580777168274 0.3095703125 0.5459558963775635 0.3044002652168274 0.5490196347236633 0.29865578810373944 0.5551470518112183 0.2940601905186971
0 0.5842524170875549 0.2630399862925212 0.5995710492134094 0.2733800411224365 0.6041666865348816 0.27969900767008465 0.6156556010246277 0.2848690152168274 0.6248468160629272 0.28946463267008465 0.6371017098426819 0.2969324588775635 0.647824764251709 0.3135914405186971 0.6608455777168274 0.3239315152168274 0.670036792755127 0.3359949588775635 0.6769301295280457 0.3428883155186971 0.686887264251709 0.35495173931121826 0.6914828419685364 0.3641429344813029 0.681525707244873 0.3710362911224365 0.678462028503418 0.3756318887074788 0.6799938678741455 0.3819508155186971 0.6884191036224365 0.3836741844813029 0.6976103186607361 0.3825252850850423 0.703737735748291 0.3876953125 0.7045037150382996 0.3951631387074788 0.7014399170875549 0.4020565350850423 0.6907169222831726 0.4055031935373942 0.681525707244873 0.4141199588775635 0.6746323704719543 0.4244600137074788 0.6631433963775635 0.4284811814626058 0.6493566036224365 0.4313534100850423 0.6416972875595093 0.4284811814626058 0.6363357901573181 0.4192899862925212 0.6348039507865906 0.4020565350850423 0.6325061321258545 0.3951631387074788 0.6302083134651184 0.38654641310373944 0.6286764740943909 0.37735525767008465 0.6125919222831726 0.36873849232991535 0.6072303652763367 0.3721851905186971 0.6125919222831726 0.3830997149149577 0.6164215803146362 0.38826974232991535 0.6171875 0.39688650767008465 0.6187193989753723 0.4043543338775635 0.6179534196853638 0.4146943887074788 0.6179534196853638 0.4221622149149577 0.6148896813392639 0.4290556112925212 0.6026347875595093 0.4365234375 0.5888480544090271 0.4336512088775635 0.5788909196853638 0.42733224232991535 0.5674019455909729 0.4244600137074788 0.5597426295280457 0.42331111431121826 0.5520833134651184 0.4215877850850423 0.5467218160629272 0.4198644161224365 0.5382965803146362 0.41584328810373944 0.5283394455909729 0.4123965899149577 0.5214460492134094 0.40665213267008465 0.5091912150382996 0.3991843064626058 0.5153186321258545 0.3957375685373942 0.5237438678741455 0.3997587362925212 0.530637264251709 0.3997587362925212 0.5321691036224365 0.3922909100850423 0.5260416865348816 0.38137638568878174 0.5329350829124451 0.3762063185373942 0.5421262383460999 0.3733340899149577 0.5566789507865906 0.36931296189626056 0.5674019455909729 0.3624195655186971 0.5788909196853638 0.3561006387074788 0.5972732901573181 0.3566750685373942 0.6056985259056091 0.35782400767008465 0.6187193989753723 0.3532284100850423 0.6309742331504822 0.3515050411224365 0.6439951062202454 0.3515050411224365 0.6585478186607361 0.3463350137074788 0.6631433963775635 0.3446116844813029 0.6593137383460999 0.3365693887074788 0.6508885025978088 0.3245059847831726 0.6409313678741455 0.3164637088775635 0.6348039507865906 0.31301701068878174 0.6286764740943909 0.3066980838775635 0.6240808963775635 0.30152803659439087 0.6179534196853638 0.2957835594813029 0.5965073704719543 0.2802734375 0.5888480544090271 0.27165671189626056
0 0.670802652835846 0.4348000685373942 0.6861212849617004 0.4336512088775635 0.7083333134651184 0.4336512088775635 0.7060355544090271 0.4416934649149577 0.7014399170875549 0.45548025767008465 0.6922487616539001 0.4658203125 0.6899509429931641 0.4738625685373942 0.6914828419685364 0.48477713267008465 0.6838235259056091 0.4882237911224365 0.664675235748291 0.48879826068878174 0.6531862616539001 0.48879826068878174 0.6455269455909729 0.47616036732991535 0.6447610259056091 0.4640969435373942 0.6386335492134094 0.4520335594813029 0.6424632668495178 0.44571463267008465 0.6524203419685364 0.4462890625 0.6631433963775635 0.4462890625
0 0.7045037150382996 0.4893726905186971 0.6922487616539001 0.49167048931121826 0.6853554248809814 0.49454275767008465 0.679227888584137 0.5054572820663452 0.6799938678741455 0.5134995778401693 0.6838235259056091 0.520392894744873 0.6999080777168274 0.5226906935373942 0.7167585492134094 0.5221162637074789 0.7244179248809814 0.5215418338775635 0.7382046580314636 0.5267118612925211 0.748927652835846 0.5341796875 0.7527573704719543 0.5370519161224365 0.7542892098426819 0.5491153399149576 0.7619485259056091 0.5542854070663452 0.7627144455909729 0.5416475137074789 0.757352888584137 0.5244140625 0.7527573704719543 0.5175206661224365 0.7435662150382996 0.508903980255127 0.7389705777168274 0.49454275767008465 0.7359068393707275 0.48592599232991535 0.7297794222831726 0.48592599232991535
0 0.4892769753932953 0.45720358689626056 0.5022978186607361 0.46696921189626056 0.5145527124404907 0.4801815350850423 0.522212028503418 0.4899471600850423 0.5252757668495178 0.4933938185373942 0.5206801295280457 0.5014361143112183 0.5091912150382996 0.5043083429336548 0.4938725531101227 0.508903980255127 0.48621323704719543 0.508903980255127 0.4800857603549957 0.5014361143112183 0.4724264442920685 0.4951171875 0.46859681606292725 0.4876493612925212 0.46400120854377747 0.47501150767008465 0.46629902720451355 0.4709903399149577 0.473192423582077 0.46696921189626056 0.47778797149658203 0.4600758155186971
0 0.4800857603549957 0.3951631387074788 0.49617037177085876 0.4020565350850423 0.5053614974021912 0.40837546189626056 0.5176164507865906 0.4192899862925212 0.5237438678741455 0.42790671189626056 0.5275735259056091 0.4342256387074788 0.5260416865348816 0.4416934649149577 0.5145527124404907 0.4508846600850423 0.5045955777168274 0.4537568887074788 0.4892769753932953 0.4537568887074788 0.4716605246067047 0.4514590899149577 0.4724264442920685 0.43709786732991535 0.4762561321258545 0.4221622149149577 0.47778797149658203 0.4129710594813029
0 0.6248468160629272 0.43020451068878174 0.6371017098426819 0.4393956661224365 0.6271446347236633 0.4508846600850423 0.6332720518112183 0.4640969435373942 0.6363357901573181 0.4755859375 0.6378676295280457 0.4836281935373942 0.6424632668495178 0.4910960594813029 0.6531862616539001 0.4979894161224365 0.6577818989753723 0.5020105838775635 0.6485906839370728 0.5152229070663452 0.6424632668495178 0.5232652028401693 0.6371017098426819 0.5295840899149576 0.6279105544090271 0.5376263856887817 0.6187193989753723 0.5427964528401693 0.6102941036224365 0.5514131387074789 0.5995710492134094 0.5531364679336548 0.5834864974021912 0.5491153399149576 0.5719975829124451 0.547966480255127 0.569699764251709 0.5359030564626058 0.5674019455909729 0.5192440350850424 0.5635722875595093 0.5117762088775635 0.5520833134651184 0.5031594435373942 0.5436580777168274 0.49569161732991535 0.5337010025978088 0.48650046189626056 0.516850471496582 0.46639474232991535 0.5153186321258545 0.45950138568878174 0.5375306010246277 0.4508846600850423 0.5543811321258545 0.4422679344813029 0.5666360259056091 0.4382468064626058 0.5903798937797546 0.43997013568878174 0.6049326062202454 0.4445656935373942
0 0.6922487616539001 0.559455394744873 0.7221201062202454 0.5726677179336548 0.7366728186607361 0.578986644744873 0.7397365570068359 0.5916245778401693 0.7320771813392639 0.6036879221598307 0.7320771813392639 0.6105813185373942 0.7336090207099915 0.6214958429336548 0.7359068393707275 0.6347081661224365 0.7351409792900085 0.645622730255127 0.7359068393707275 0.6559627850850424 0.7397365570068359 0.6622816721598307 0.7389705777168274 0.6703240076700846 0.7359068393707275 0.6743451754252116 0.725949764251709 0.6795152028401693 0.7152267098426819 0.6806640625 0.7052695751190186 0.6875574588775635 0.6999080777168274 0.6938764254252116 0.6953125 0.696174144744873 0.6822916865348816 0.6967485745747884 0.6761642098426819 0.6921530564626058 0.6753982901573181 0.6823874314626058 0.6746323704719543 0.6720472971598307 0.670036792755127 0.6703240076700846 0.6585478186607361 0.6743451754252116 0.6493566036224365 0.6806640625 0.6455269455909729 0.6829618612925211 0.6371017098426819 0.6829618612925211 0.6233149170875549 0.676642894744873 0.6210171580314636 0.6657284100850424 0.6194853186607361 0.6513671875 0.6202512383460999 0.6370059649149576 0.6263787150382996 0.6306870778401693 0.634037971496582 0.6306870778401693 0.6508885025978088 0.6364315350850424 0.664675235748291 0.6266659100850424 0.664675235748291 0.6197725137074789 0.6616114974021912 0.6117302179336548 0.6547181010246277 0.6042624314626058 0.6508885025978088 0.598517894744873 0.6501225829124451 0.5904756387074789 0.6577818989753723 0.578986644744873 0.6692708134651184 0.5709443887074789 0.678462028503418 0.5634765625
0 0.7826287150382996 0.6789406935373942 0.7887561321258545 0.6915785471598307 0.790287971496582 0.7013441721598307 0.7864583134651184 0.7093865076700846 0.7795649170875549 0.7174287637074789 0.7703737616539001 0.7231733004252116 0.7665441036224365 0.7277688185373942 0.7627144455909729 0.7358110745747884 0.7619485259056091 0.7409811814626058 0.7627144455909729 0.7524701754252116 0.765012264251709 0.7576402028401693 0.7726715207099915 0.7576402028401693 0.7833945751190186 0.7536190350850424 0.7941176295280457 0.7478745778401693 0.8025429248809814 0.7444278399149576 0.8102021813392639 0.753044605255127 0.8079044222831726 0.7674058278401693 0.8071384429931641 0.7754480838775635 0.787990152835846 0.7720014254252116 0.7734375 0.7748735745747884 0.7611826062202454 0.7771714528401693 0.7466298937797546 0.7806181112925211 0.7336090207099915 0.7846391995747884 0.7267157435417175 0.7880859375 0.7152267098426819 0.7949793338775635 0.7083333134651184 0.7984259923299154 0.7014399170875549 0.8030215899149576 0.6945465207099915 0.8070427576700846 0.6853554248809814 0.8191061814626058 0.6776960492134094 0.8191061814626058 0.6761642098426819 0.8076171875 0.6746323704719543 0.8012983004252116 0.664675235748291 0.793830394744873 0.6593137383460999 0.7875115076700846 0.6631433963775635 0.7777458826700846 0.673100471496582 0.7731502850850424 0.6830576062202454 0.7788947423299154 0.6891850829124451 0.784064769744873 0.703737735748291 0.7777458826700846 0.712162971496582 0.7691291173299154 0.7221201062202454 0.7605124314626058 0.7336090207099915 0.7524701754252116 0.7382046580314636 0.7427045504252116 0.7374387383460999 0.733513355255127 0.7282475829124451 0.7248965899149576 0.7236519455909729 0.725471019744873 0.7167585492134094 0.7409811814626058 0.7136948704719543 0.7473000685373942 0.7052695751190186 0.753044605255127 0.6991421580314636 0.7536190350850424 0.6899509429931641 0.7536190350850424 0.6845894455909729 0.7409811814626058 0.6853554248809814 0.7312155564626058 0.686887264251709 0.7214499314626058 0.6876532435417175 0.7185777028401693 0.7075673937797546 0.7093865076700846 0.7083333134651184 0.7053653399149576 0.709099292755127 0.6990464528401693 0.709865152835846 0.6933019161224365 0.719822347164154 0.6875574588775635 0.7297794222831726 0.6841108004252116 0.7397365570068359 0.6789406935373942 0.7519914507865906 0.6772173245747884 0.765012264251709 0.6772173245747884 0.7749693393707275 0.6772173245747884
0 0.5712316036224365 0.616325855255127 0.5819546580314636 0.6220703125 0.5850183963775635 0.6272403399149576 0.5888480544090271 0.6347081661224365 0.5903798937797546 0.6438993612925211 0.5911458134651184 0.6490693887074789 0.5911458134651184 0.6530905564626058 0.5850183963775635 0.6536649862925211 0.5811887383460999 0.6490693887074789 0.5788909196853638 0.6444737911224365 0.5788909196853638 0.6404527028401693 0.5758271813392639 0.6347081661224365 0.5674019455909729 0.6255170106887817 0.5658701062202454 0.6214958429336548
0 0.6072303652763367 0.6617072820663452 0.5980392098426819 0.6594094435373942 0.586550235748291 0.6611328125 0.5811887383460999 0.6663028399149576 0.5873162150382996 0.6703240076700846 0.594975471496582 0.6754940350850424 0.5957414507865906 0.6915785471598307 0.5957414507865906 0.6967485745747884 0.5957414507865906 0.704216480255127 0.5957414507865906 0.7214499314626058 0.5980392098426819 0.7283433278401693 0.6187193989753723 0.7375344435373942 0.6294423937797546 0.7455766995747884 0.6348039507865906 0.7490234375 0.6401654481887817 0.7501722971598307 0.6501225829124451 0.7461512088775635 0.6608455777168274 0.7404066721598307 0.670802652835846 0.7329389254252116 0.6753982901573181 0.7271943887074789 0.6761642098426819 0.7231733004252116 0.6761642098426819 0.7145565350850424 0.673100471496582 0.7093865076700846 0.6662071347236633 0.705939769744873 0.6600796580314636 0.704216480255127 0.6508885025978088 0.7013441721598307 0.6447610259056091 0.6990464528401693 0.6401654481887817 0.6950252850850424 0.6279105544090271 0.6858340899149576 0.6187193989753723 0.6800896326700846 0.6156556010246277 0.6731962362925211 0.6133578419685364 0.6686006387074789
0 0.452512264251709 0.0022403492281834283 0.43872547149658203 0.012005974849065145 0.43183210492134094 0.02292049676179886 0.4203431308269501 0.034409468372662864 0.41191789507865906 0.047621781627337136 0.3897058963775635 0.06198299924532572 0.37898287177085876 0.06887637575467427 0.3567708432674408 0.07749311129252116 0.3460477888584137 0.08036534984906514 0.3330269753932953 0.07979090015093486 0.32536765933036804 0.07289751370747884 0.32919731736183167 0.06255744397640228 0.3368566036224365 0.057387406627337136 0.35140931606292725 0.057387406627337136 0.36060047149658203 0.05508961280186971 0.3736213147640228 0.041877299547195435 0.37974879145622253 0.034409468372662864 0.38587620854377747 0.02292049676179886 0.3981311321258545 0.013729320218165716 0.4149816036224365 0.0068359375 0.42723652720451355 0.0028147976845502853 0.44900429248809814 0.0013020833333333333
0 0.40808823704719543 0.0022403492281834283 0.391237735748291 0.009708179781834284 0.3812806308269501 0.0166015625 0.35983455181121826 0.013729320218165716 0.3414522111415863 0.01085707793633143 0.32536765933036804 0.009133731946349144 0.3092831075191498 0.012005974849065145 0.29319852590560913 0.014303768674532572 0.274050235748291 0.01832490786910057 0.2594975531101227 0.019473806023597717 0.24954044818878174 0.0166015625 0.24417893588542938 0.0068359375 0.24954044818878174 0.0013020833333333333 0.2748161852359772 0.0013020833333333333 0.32789522409439087 0.0013020833333333333 0.36443015933036804 0.0013020833333333333
0 0.3046875 0.021771599849065144 0.3177083432674408 0.03326056897640228 0.32536765933036804 0.04360064367453257 0.32306984066963196 0.04704733689626058 0.30775120854377747 0.0458984375 0.2985600531101227 0.04647288719813029 0.29013481736183167 0.05049402515093485 0.2893688678741455 0.05623851219813029 0.29243260622024536 0.0660041371981303 0.296262264251709 0.07002527515093486 0.296262264251709 0.08266313870747884 0.2954963147640228 0.09070542454719543 0.3008578419685364 0.09644991159439087 0.3115808665752411 0.09644991159439087 0.31847426295280457 0.09644991159439087 0.3284313678741455 0.09874770045280457 0.33226102590560913 0.10276883840560913 0.3345588147640228 0.11023667454719543 0.3391543924808502 0.11942784984906514 0.33992037177085876 0.12861903508504233 0.34375 0.1349379618962606 0.3498774468898773 0.13551241159439087 0.3651960790157318 0.12804457545280457 0.3736213147640228 0.12804457545280457 0.38357841968536377 0.13091681400934854 0.3805147111415863 0.13666131099065146 0.37515318393707275 0.1412568986415863 0.3651960790157318 0.1424057881037394 0.3628982603549957 0.1458524763584137 0.3697916567325592 0.14987361431121826 0.37898287177085876 0.1510225236415863 0.3889399468898773 0.15274586280186972 0.395067423582077 0.15849033991495767 0.3851102888584137 0.16136258840560913 0.36902573704719543 0.1607881486415863 0.3613664209842682 0.16480928659439087 0.36213234066963196 0.17055376370747885 0.36596202850341797 0.18434053659439087 0.3628982603549957 0.19008501370747885 0.3544730246067047 0.1883616844813029 0.34681370854377747 0.18204273780186972 0.3414522111415863 0.1740004618962606 0.33379289507865906 0.1671070655186971 0.32306984066963196 0.15906479954719543 0.3154105246067047 0.15389476219813028 0.3069852888584137 0.14987361431121826 0.29319852590560913 0.14527803659439087 0.28860294818878174 0.14412913719813028 0.2870710790157318 0.13781020045280457 0.2870710790157318 0.13091681400934854 0.2832414209842682 0.11770450075467427 0.2786458432674408 0.10621553659439087 0.2725183665752411 0.10104549924532573 0.2640931308269501 0.09644991159439087 0.265625 0.08955652515093486 0.26868870854377747 0.08381203810373943 0.2702206075191498 0.07691866159439087 0.26868870854377747 0.06945082545280457 0.2671568691730499 0.06198299924532572 0.26256129145622253 0.05221737424532572 0.2640931308269501 0.04245174924532572 0.2671568691730499 0.036707259714603424 0.27328431606292725 0.02981387823820114 0.2916666567325592 0.022346047063668568
0 0.5045955777168274 0.04532398780186971 0.5030637383460999 0.05451516310373942 0.5076593160629272 0.0660041371981303 0.5114889740943909 0.0757697621981303 0.5122548937797546 0.08381203810373943 0.5061274170875549 0.0953010121981303 0.5045955777168274 0.10047104954719543 0.4977022111415863 0.11196001370747884 0.5 0.12287453810373943 0.5061274170875549 0.13091681400934854 0.5137867331504822 0.1424057881037394 0.5145527124404907 0.15274586280186972 0.516850471496582 0.15963923931121826 0.5252757668495178 0.1607881486415863 0.5359987616539001 0.16366038719813028 0.547487735748291 0.1671070655186971 0.5605085492134094 0.17457491159439087 0.5666360259056091 0.1785960594813029 0.5735294222831726 0.18721278508504233 0.5727635025978088 0.20272288719813028 0.5727635025978088 0.20904181400934854 0.5727635025978088 0.21708408991495767 0.5765931010246277 0.22110523780186972 0.5888480544090271 0.22225413719813028 0.5965073704719543 0.22397748629252115 0.6102941036224365 0.22455193599065146 0.6202512383460999 0.22110523780186972 0.6263787150382996 0.2159351905186971 0.625612735748291 0.20559513568878174 0.6217830777168274 0.19697841008504233 0.6156556010246277 0.18548943599065146 0.6133578419685364 0.18089383840560913 0.6079962849617004 0.1717026631037394 0.6018688678741455 0.1671070655186971 0.5911458134651184 0.15849033991495767 0.5827205777168274 0.15274586280186972 0.5719975829124451 0.1510225236415863 0.569699764251709 0.14757582545280457 0.5674019455909729 0.14010798931121826 0.5635722875595093 0.13321461280186972 0.5528492331504822 0.12919346491495767 0.547487735748291 0.1263212263584137 0.5421262383460999 0.11942784984906514 0.5390625 0.11310891310373943 0.5359987616539001 0.1039177378018697 0.5291053652763367 0.09932215015093486 0.5252757668495178 0.09127987424532573 0.5252757668495178 0.08208869397640228 0.5352328419685364 0.07404641807079315 0.5390625 0.061408549547195435 0.5344669222831726 0.06083409984906515 0.5229779481887817 0.05221737424532572 0.516850471496582 0.04877068102359772
0 0.4494485557079315 0.20157398780186972 0.4563418924808502 0.20731846491495767 0.46476712822914124 0.21880743900934854 0.46476712822914124 0.22684971491495767 0.46170341968536377 0.23948758840560913 0.4548100531101227 0.24867876370747885 0.44485294818878174 0.2509765625 0.4364277124404907 0.2532743612925212 0.42264091968536377 0.25442326068878174 0.409620076417923 0.2567210594813029 0.40502452850341797 0.2538487911224365 0.39276960492134094 0.24350873629252115 0.3897058963775635 0.23833868900934854 0.391237735748291 0.23087086280186972 0.4004289209842682 0.2257008155186971 0.4103860557079315 0.21938188870747885 0.41421568393707275 0.21019071340560913
0 0.4586397111415863 0.2561466097831726 0.46629902720451355 0.2630399862925212 0.47472426295280457 0.26878446340560913 0.48621323704719543 0.27108224232991535 0.4984681308269501 0.27108224232991535 0.522212028503418 0.27165671189626056 0.5314031839370728 0.2728056112925212 0.5375306010246277 0.28659236431121826 0.5344669222831726 0.2952091097831726 0.5268076062202454 0.30842141310373944 0.5237438678741455 0.3135914405186971 0.5229779481887817 0.32565486431121826 0.5298712849617004 0.3331226905186971 0.5405943989753723 0.33829275767008465 0.5490196347236633 0.34231388568878174 0.5490196347236633 0.34805838267008465 0.5428921580314636 0.35207951068878174 0.5321691036224365 0.3538028399149577 0.5191482901573181 0.3538028399149577 0.5145527124404907 0.3658662637074788 0.5122548937797546 0.37678078810373944 0.5091912150382996 0.3859719435373942 0.5068933963775635 0.3934398094813029 0.49923408031463623 0.3917164405186971 0.4854472875595093 0.38654641310373944 0.4800857603549957 0.3848230838775635 0.48314952850341797 0.3779296875 0.4823835790157318 0.37161076068878174 0.47778797149658203 0.3658662637074788 0.4739583432674408 0.35724953810373944 0.4800857603549957 0.34805838267008465 0.48391544818878174 0.3405905564626058 0.4823835790157318 0.33542048931121826 0.47472426295280457 0.32967599232991535 0.46400120854377747 0.3262293338775635 0.45557597279548645 0.3239315152168274 0.4548100531101227 0.31761258840560913 0.4594056308269501 0.31071921189626056 0.46859681606292725 0.30899588267008465 0.47778797149658203 0.3055491844813029 0.4823835790157318 0.2975068887074788 0.48161765933036804 0.29348576068878174 0.4670649468898773 0.2929112911224365 0.45787379145622253 0.29348576068878174 0.4540441036224365 0.2900390625 0.44408702850341797 0.2802734375 0.4394914209842682 0.27395451068878174 0.434129923582077 0.2647633155186971 0.44025734066963196 0.25901883840560913 0.4479166567325592 0.2561466097831726
0 0.42570462822914124 0.3291015625 0.4348958432674408 0.33025046189626056 0.4502144753932953 0.3319737911224365 0.4609375 0.3365693887074788 0.46859681606292725 0.3411649862925212 0.4716605246067047 0.34805838267008465 0.46629902720451355 0.3606962362925212 0.4670649468898773 0.3681640625 0.4678308963775635 0.37678078810373944 0.4716605246067047 0.3905675411224365 0.4701286852359772 0.4032054344813029 0.46629902720451355 0.4100987911224365 0.4594056308269501 0.4095243612925212 0.4494485557079315 0.4049287637074788 0.44025734066963196 0.4049287637074788 0.4333639442920685 0.4100987911224365 0.4280024468898773 0.4118221600850423 0.4149816036224365 0.4100987911224365 0.40502452850341797 0.4049287637074788 0.3958333432674408 0.3991843064626058 0.39966297149658203 0.3853975137074788 0.4111519753932953 0.3808019161224365 0.42264091968536377 0.3808019161224365 0.4348958432674408 0.3808019161224365 0.4456188678741455 0.3739085594813029 0.4540441036224365 0.3635684649149577 0.45710787177085876 0.35724953810373944 0.448682576417923 0.3526539405186971 0.44408702850341797 0.3515050411224365 0.4310661852359772 0.3446116844813029
0 0.43183210492134094 0.5427964528401693 0.4433210790157318 0.5439453125 0.45787379145622253 0.5445197820663452 0.4670649468898773 0.5468175411224365 0.4754902124404907 0.557732105255127 0.47702205181121826 0.567497730255127 0.4762561321258545 0.5766888856887817 0.46017158031463623 0.578986644744873 0.44715073704719543 0.5755399862925211 0.4348958432674408 0.569221019744873 0.42110908031463623 0.5663487911224365 0.4103860557079315 0.5646254221598307 0.4203431308269501 0.5508387088775635 0.42493870854377747 0.5456686814626058
0 0.17294730246067047 0.011431525150934855 0.1875 0.007984834412733713 0.19286151230335236 0.014303768674532572 0.19286151230335236 0.02464384337266286 0.1897978037595749 0.035558365285396576 0.17371322214603424 0.035558365285396576 0.16528798639774323 0.03957950323820114 0.15839460492134094 0.044175093372662864 0.15762867033481598 0.05508961280186971 0.15762867033481598 0.06255744397640228 0.15150122344493866 0.07002527515093486 0.14307598769664764 0.07691866159439087 0.1354166716337204 0.07864200075467427 0.12928922474384308 0.07232306897640228 0.11626838892698288 0.06313188870747884 0.1070772036910057 0.05853630602359772 0.1269914209842682 0.04877068102359772 0.14077818393707275 0.04130284984906515 0.14920343458652496 0.03498391310373942 0.15609681606292725 0.02809053162733714 0.1660539209842682 0.015452665587266287
0 0.21507352590560913 0.02579273780186971 0.23345588147640228 0.02809053162733714 0.25337010622024536 0.032111674547195435 0.2617953419685364 0.0361328125 0.25796568393707275 0.041877299547195435 0.25413602590560913 0.05106847484906515 0.2564338147640228 0.06255744397640228 0.2594975531101227 0.07404641807079315 0.2564338147640228 0.08381203810373943 0.24034927785396576 0.08955652515093486 0.21737132966518402 0.09702436129252116 0.20741420984268188 0.10161993900934856 0.19898897409439087 0.10047104954719543 0.19132965803146362 0.09759881099065144 0.17830882966518402 0.10276883840560913 0.16758579015731812 0.1050666371981303 0.15379901230335236 0.1050666371981303 0.15379901230335236 0.09874770045280457 0.1568627506494522 0.09357766310373943 0.16681985557079315 0.08208869397640228 0.17141544818878174 0.06887637575467427 0.16988356411457062 0.059685200452804565 0.16988356411457062 0.049919575452804565 0.1813725382089615 0.04474953810373942 0.19286151230335236 0.04072840015093485 0.20358455181121826 0.03383501867453257
0 0.1936274617910385 0.1039177378018697 0.20588235557079315 0.10621553659439087 0.20971201360225677 0.11253446340560913 0.20818014442920685 0.11655561129252116 0.2005208283662796 0.12172563870747884 0.1875 0.11942784984906514 0.18060661852359772 0.1148322621981303 0.17754288017749786 0.10793887575467427 0.18443627655506134 0.1050666371981303
0 0.25566789507865906 0.10276883840560913 0.2671568691730499 0.11081112424532573 0.274050235748291 0.12057674924532573 0.2763480246067047 0.1314912736415863 0.27711397409439087 0.13666131099065146 0.27328431606292725 0.14527803659439087 0.2786458432674408 0.15159696340560913 0.2870710790157318 0.1521714131037394 0.3008578419685364 0.15389476219813028 0.3092831075191498 0.1556181013584137 0.32306984066963196 0.16366038719813028 0.33149510622024536 0.17055376370747885 0.335324764251709 0.17974493900934854 0.32919731736183167 0.1814682881037394 0.3215380012989044 0.1866383155186971 0.3138786852359772 0.19410616159439087 0.3092831075191498 0.20157398780186972 0.30392155051231384 0.21133961280186972 0.29319852590560913 0.23087086280186972 0.2939644753932953 0.25040213267008465 0.29243260622024536 0.25901883840560913 0.2702206075191498 0.2538487911224365 0.2617953419685364 0.25040213267008465 0.2587316334247589 0.24063648780186972 0.26256129145622253 0.23374311129252115 0.2679227888584137 0.22857306400934854 0.27558210492134094 0.22110523780186972 0.27941176295280457 0.2021484375 0.28400734066963196 0.18951056400934854 0.2855392098426819 0.1814682881037394 0.27558210492134094 0.1768726905186971 0.2610293924808502 0.1785960594813029 0.25107231736183167 0.17629826068878174 0.24571079015731812 0.17227711280186972 0.23881739377975464 0.16251148780186972 0.23575367033481598 0.15849033991495767 0.2288603037595749 0.1544692118962606 0.2204350382089615 0.1510225236415863 0.20971201360225677 0.15044806400934854 0.19515931606292725 0.15389476219813028 0.17984068393707275 0.15619256099065146 0.1744791716337204 0.1458524763584137 0.17294730246067047 0.13723576068878174 0.17141544818878174 0.13091681400934854 0.18060661852359772 0.1263212263584137 0.1920955926179886 0.1251723368962606 0.20435048639774323 0.1245978871981303 0.2135416716337204 0.11713006099065144 0.21737132966518402 0.11138556400934856 0.21966911852359772 0.10678998629252116 0.22962622344493866 0.09989659984906514 0.24034927785396576 0.09702436129252116
0 0.3555501401424408 0.24609375 0.3734537661075592 0.2479248046875 0.3848470151424408 0.255859375 0.3954264223575592 0.2650146484375 0.3929850161075592 0.2772216796875 0.3954264223575592 0.2918701171875 0.3799642026424408 0.301025390625 0.362060546875 0.30224609375 0.3588053286075592 0.3211669921875 0.364501953125 0.3394775390625 0.3710123598575592 0.352294921875 0.3824056088924408 0.3651123046875 0.393798828125 0.373046875 0.396240234375 0.3785400390625 0.393798828125 0.388916015625 0.3921712338924408 0.3944091796875 0.384033203125 0.3907470703125 0.3775227963924408 0.4041748046875 0.371826171875 0.4127197265625 0.3653157651424408 0.4176025390625 0.349853515625 0.4212646484375 0.3441568911075592 0.415771484375 0.3433431088924408 0.4029541015625 0.3433431088924408 0.3834228515625 0.3490397036075592 0.3724365234375 0.3457845151424408 0.3614501953125 0.3368326723575592 0.36083984375 0.3270670473575592 0.3541259765625 0.3197428286075592 0.3455810546875 0.315673828125 0.332763671875 0.3197428286075592 0.318115234375 0.3238118588924408 0.3040771484375 0.3295084536075592 0.2900390625 0.3295084536075592 0.2735595703125 0.3238118588924408 0.266845703125 0.330322265625 0.259521484375 0.342529296875 0.2509765625
0 0.02256944589316845 0.0015462239583333333 0.031611692160367966 0.01171875 0.0361328125 0.021891276041666668 0.032515913248062134 0.030029296875 0.018952546641230583 0.0368109792470932 0.008101851679384708 0.040879989663759865 0.0013020833721384406 0.0396050363779068 0.0026765046641230583 0.012396919230620066 0.0017722802003845572 0.004258897776405017 0.00629340298473835 0.0013020833333333333
0 0.04336661100387573 0.0388454869389534 0.06145109608769417 0.046305338541666664 0.07501446455717087 0.053087020913759865 0.08948206156492233 0.0537651926279068 0.1012369766831398 0.058512369791666664 0.11389612406492233 0.06868489583333333 0.12926794588565826 0.08157009879748027 0.136501744389534 0.0897081196308136 0.14283131062984467 0.09920247395833333 0.14283131062984467 0.10734049479166667 0.1337890625 0.11344401041666667 0.1229383647441864 0.11005316178003947 0.1066623255610466 0.10394964615503947 0.09490740299224854 0.09648980696996053 0.08586516231298447 0.0897081196308136 0.0795355886220932 0.08224826057751973 0.0795355886220932 0.07478841145833333 0.07049334794282913 0.07682291666666667 0.05964265391230583 0.0775010883808136 0.0469835065305233 0.0720757395029068 0.0361328125 0.06325955192248027 0.027090566232800484 0.058512369791666664 0.02256944589316845 0.0537651926279068 0.024377891793847084 0.04562716682751974 0.029803240671753883 0.0415581613779068
0 0.0017722802003845572 0.0476616770029068 0.009910301305353642 0.050374348958333336 0.013527199625968933 0.0551215261220932 0.01171875 0.0659722238779068 0.01171875 0.0741102397441864 0.009006076492369175 0.08699544270833333 0.00629340298473835 0.09445529182751973 0.005389178171753883 0.10123697916666667 0.0013020833721384406 0.10062391559282939 0.0017722802003845572 0.0713975727558136 0.0017722802003845572 0.0551215261220932
0 0.09400317817926407 0.10394964615503947 0.10575810074806213 0.11005316178003947 0.12112992256879807 0.12090386946996053 0.1283637136220932 0.1263292133808136 0.14283131062984467 0.12497286995251973 0.15368200838565826 0.11886935432751973 0.16001157462596893 0.11819119254748027 0.15639467537403107 0.1324327290058136 0.155490443110466 0.14803059895833334 0.15639467537403107 0.1615939736366272 0.14916087687015533 0.16362847884496054 0.14011864364147186 0.1656629741191864 0.1256510466337204 0.1738010048866272 0.11570457369089127 0.1792263388633728 0.10756655782461166 0.18465169270833334 0.1120876744389534 0.19482421875 0.12112992256879807 0.20567492643992105 0.12474682182073593 0.2158474326133728 0.1256510466337204 0.2219509482383728 0.11932146549224854 0.225341796875 0.11118344217538834 0.22601995865503946 0.10485387593507767 0.2219509482383728 0.1039496585726738 0.20838757356007895 0.0985243022441864 0.2036404013633728 0.09219473600387573 0.20635308821996054 0.0822482630610466 0.21110026041666666 0.07501446455717087 0.2158474326133728 0.06958911567926407 0.20906575520833334 0.0686848983168602 0.20024957259496054 0.06235532462596893 0.188720703125 0.05964265391230583 0.17854817708333334 0.06416377425193787 0.1629503071308136 0.0632595494389534 0.15006510416666666 0.071397565305233 0.15142144759496054 0.07863136380910873 0.15277777115503946 0.08315248787403107 0.14396158854166666 0.08315248787403107 0.127685546875 0.08315248787403107 0.1202256977558136 0.08315248787403107 0.11344401041666667
0 0.3482142686843872 0.21651784578959146 0.3578869104385376 0.21428571144739786 0.3630952537059784 0.21986607710520426 0.3586309254169464 0.22488840421040854 0.3467261791229248 0.22935267289479574 0.3385416567325592 0.22377232710520426
0 0.3199404776096344 0.3543526728947957 0.3154762089252472 0.3588169415791829 0.3191964328289032 0.3660714228947957 0.3214285671710968 0.3727678457895915 0.3110119104385376 0.3816964228947957 0.3020833432674408 0.3900669415791829 0.2946428656578064 0.3962053457895915 0.2886904776096344 0.4029018084208171 0.2894345223903656 0.4095981915791829 0.2946428656578064 0.4224330584208171 0.2983630895614624 0.4308035771052043 0.2991071343421936 0.4441964228947957 0.296875 0.4520089228947957 0.2946428656578064 0.4575893084208171 0.3050595223903656 0.4564731915791829 0.3110119104385376 0.4525669415791829 0.3169642984867096 0.4447544415791829 0.3236607015132904 0.4313615957895915 0.3296130895614624 0.4196428457895915 0.334077388048172 0.4029018084208171 0.3370535671710968 0.3917410771052043 0.3370535671710968 0.3805803457895915 0.3370535671710968 0.3733259042104085 0.3296130895614624 0.3671875 0.3266369104385376 0.3599330584208171
0 0.2805059552192688 0.41015625 0.2760416567325592 0.4190848271052043 0.2745535671710968 0.4263393084208171 0.271577388048172 0.43359375 0.2708333432674408 0.4391740957895915 0.2767857015132904 0.4453125 0.28125 0.4536830584208171 0.2842262089252472 0.4698660771052043 0.2931547462940216 0.4748884042104085 0.2916666567325592 0.4525669415791829 0.2916666567325592 0.4419643084208171 0.290922611951828 0.4313615957895915 0.2894345223903656 0.4241071542104085 0.2864583432674408 0.41796875
0 0.0029761905316263437 0.11049107710520427 0.004464285913854837 0.12276785572369893 0.0059523810632526875 0.13727678855260214 0.0037202381063252687 0.1551339328289032 0.0059523810632526875 0.16462053855260214 0.015625 0.16238840421040854 0.02083333395421505 0.15401784578959146 0.02232142724096775 0.14285715421040854 0.02380952425301075 0.1328125 0.02380952425301075 0.125 0.014136903919279575 0.1171875
0 0.0364583320915699 0.1300223171710968 0.0453869067132473 0.14118303855260214 0.0505952388048172 0.15290178855260214 0.0543154776096344 0.1640625 0.0543154776096344 0.16964284578959146 0.0543154776096344 0.17912946144739786 0.0543154776096344 0.18526784578959146 0.0580357164144516 0.19810267289479574 0.0595238097012043 0.20591517289479574 0.0617559514939785 0.22209821144739786 0.0565476156771183 0.22935267289479574 0.0565476156771183 0.23883928855260214 0.0602678544819355 0.24497767289479574 0.0595238097012043 0.2522321343421936 0.0498511902987957 0.2533481915791829 0.0431547611951828 0.25 0.0416666679084301 0.23604909578959146 0.0401785708963871 0.22321428855260214 0.0357142873108387 0.20982142289479574 0.03125 0.19419642289479574 0.02604166604578495 0.18917409578959146 0.01934523694217205 0.18359375 0.01934523694217205 0.17578125 0.02306547574698925 0.16852678855260214 0.02604166604578495 0.1629464328289032 0.02678571455180645 0.1573660671710968 0.02827380783855915 0.14620534578959146 0.02976190485060215 0.1378348171710968
0 0.180803582072258 0.21986607710520426 0.1889880895614624 0.22823659578959146 0.1971726268529892 0.234375 0.1979166716337204 0.23939732710520426 0.1860119104385376 0.24497767289479574 0.1800595372915268 0.24832590421040854 0.1755952388048172 0.2522321343421936 0.1659226268529892 0.2583705584208171 0.1577381044626236 0.265625 0.1599702388048172 0.2751116156578064 0.1614583283662796 0.2818080584208171 0.1502976268529892 0.27734375 0.1465773731470108 0.2717633843421936 0.1428571492433548 0.2600446343421936 0.1369047611951828 0.2527901728947957 0.120535708963871 0.25 0.107886902987957 0.24665178855260214 0.095238097012043 0.24051340421040854 0.0915178582072258 0.23716517289479574 0.095238097012043 0.23214284578959146 0.1041666641831398 0.23214284578959146 0.1183035671710968 0.23158482710520426 0.1302083283662796 0.22879465421040854 0.1398809552192688 0.21930803855260214 0.1525297611951828 0.22488840421040854
0 0.1488095223903656 0.29296875 0.1555059552192688 0.2963169415791829 0.1569940447807312 0.3018973271052043 0.1547618955373764 0.30859375 0.153273805975914 0.3186383843421936 0.1555059552192688 0.3275669415791829 0.1555059552192688 0.3348214228947957 0.1465773731470108 0.3387276728947957 0.1331845223903656 0.3353794415791829 0.1130952313542366 0.3337053457895915 0.1019345223903656 0.3353794415791829 0.0959821417927742 0.3314731915791829 0.0833333358168602 0.3236606915791829 0.078125 0.3125 0.0714285746216774 0.3046875 0.0647321417927742 0.2991071343421936 0.0811011865735054 0.2879464228947957 0.0967261865735054 0.2873883843421936 0.113839291036129 0.2912946343421936 0.123511902987957 0.2979910771052043 0.1354166716337204 0.2996651728947957
0 0.0014880952658131719 0.18861607710520426 0.0014880952658131719 0.19866071144739786 0.0014880952658131719 0.21149553855260214 0.0014880952658131719 0.22265625 0.0059523810632526875 0.21986607710520426 0.0066964286379516125 0.21205357710520426 0.010416666977107525 0.20256696144739786 0.0074404762126505375 0.1953125
0 0.0275297611951828 0.2589285771052043 0.03125 0.2633928656578064 0.0357142873108387 0.2723214228947957 0.0364583320915699 0.2818080584208171 0.0327380932867527 0.2885044415791829 0.02455357275903225 0.29296875 0.01934523694217205 0.2862723271052043 0.009672618471086025 0.2845981915791829 0.0022321429569274187 0.2795758843421936 0.0013020833721384406 0.2739955584208171 0.0029761905316263437 0.2661830584208171 0.010416666977107525 0.2678571343421936 0.014880952425301075 0.265625 0.01711309514939785 0.2600446343421936
0 0.0535714291036129 0.3024553656578064 0.0654761865735054 0.30859375 0.0721726194024086 0.3175223271052043 0.079613097012043 0.3275669415791829 0.0848214328289032 0.3376115957895915 0.0870535671710968 0.3465401728947957 0.0736607164144516 0.3454240957895915 0.0587797611951828 0.3465401728947957 0.0401785708963871 0.3493303457895915 0.0290178582072258 0.3504464228947957 0.01934523694217205 0.3537946542104085 0.02678571455180645 0.3638393084208171 0.0431547611951828 0.3638393084208171 0.0572916679084301 0.3616071542104085 0.0654761865735054 0.3677455584208171 0.0684523805975914 0.3783481915791829 0.0721726194024086 0.390625 0.0684523805975914 0.3995535771052043 0.0572916679084301 0.4012276728947957 0.0483630932867527 0.3962053457895915 0.0364583320915699 0.3956473271052043 0.03125 0.4073660771052043 0.0327380932867527 0.4202009042104085 0.02678571455180645 0.4313615957895915 0.02232142724096775 0.4425223271052043 0.02008928544819355 0.4486606915791829 0.01636904664337635 0.4525669415791829 0.0052083334885537624 0.453125 0.0013020833721384406 0.44677734375 0.0014880952658131719 0.4352678457895915 0.0014880952658131719 0.4213169415791829 0.0014880952658131719 0.4129464228947957 0.0059523810632526875 0.4068080584208171 0.0059523810632526875 0.3989955584208171 0.0037202381063252687 0.3939731915791829 0.0029761905316263437 0.3805803457895915 0.0029761905316263437 0.3694196542104085 0.0022321429569274187 0.3470981915791829 0.0013020833721384406 0.3366350332895915 0.0014880952658131719 0.3041294415791829 0.0022321429569274187 0.2963169415791829 0.004464285913854837 0.2946428656578064 0.0126488097012043 0.30078125 0.02008928544819355 0.3113839228947957 0.0327380932867527 0.3074776728947957 0.0461309514939785 0.2991071343421936
0 0.1971726268529892 0.40234375 0.215773805975914 0.4040178457895915 0.2291666716337204 0.4040178457895915 0.2328869104385376 0.4095981915791829 0.2455357164144516 0.4151785771052043 0.255952388048172 0.4146205584208171 0.2619047462940216 0.4196428457895915 0.2566964328289032 0.42578125 0.2485119104385376 0.4402901728947957 0.2403273731470108 0.4464285771052043 0.2232142835855484 0.4542410771052043 0.2068452388048172 0.4592634042104085 0.1949404627084732 0.4626115957895915 0.1889880895614624 0.4626115957895915 0.1800595372915268 0.4559151728947957 0.1755952388048172 0.4458705584208171 0.1733630895614624 0.43359375 0.1666666716337204 0.4280134042104085 0.1636904776096344 0.4196428457895915 0.171875 0.4146205584208171 0.1867559552192688 0.4056919415791829
0 0.1517857164144516 0.4296875 0.1607142835855484 0.4313615957895915 0.1674107164144516 0.4375 0.1696428656578064 0.4419643084208171 0.1703869104385376 0.45703125 0.1711309552192688 0.4609375 0.1614583283662796 0.4614955584208171 0.1517857164144516 0.4581473271052043 0.1443452388048172 0.453125 0.1465773731470108 0.4436384042104085
0 0.271577388048172 0.4542410771052043 0.2760416567325592 0.46484375 0.2797619104385376 0.4715401728947957 0.2857142984867096 0.4771205584208171 0.2886904776096344 0.4849330584208171 0.287202388048172 0.4938615957895915 0.2819940447807312 0.4949776728947957 0.2700892984867096 0.4871651728947957 0.2626487910747528 0.48046875 0.2529762089252472 0.4799106915791829 0.2462797611951828 0.4827009042104085 0.243303582072258 0.4899553457895915 0.2447916716337204 0.4988839228947957 0.2380952388048172 0.5061384042104086 0.2284226268529892 0.5089286168416342 0.2232142835855484 0.5089286168416342 0.2127976268529892 0.50390625 0.2075892835855484 0.4949776728947957 0.2075892835855484 0.4877231915791829 0.2053571343421936 0.48046875 0.2232142835855484 0.4799106915791829 0.2388392835855484 0.4748884042104085 0.2455357164144516 0.4698660771052043 0.2477678656578064 0.4603794415791829 0.2544642984867096 0.4542410771052043
0 0.3355654776096344 0.4631696542104085 0.3430059254169464 0.4587053457895915 0.3541666567325592 0.4598214228947957 0.3563988208770752 0.4626115957895915 0.3586309254169464 0.47265625 0.3623511791229248 0.4810268084208171 0.3645833432674408 0.4871651728947957 0.3474702537059784 0.4972098271052043 0.3444940745830536 0.5061384042104086 0.3511904776096344 0.5122767686843872 0.3630952537059784 0.51171875 0.3742559254169464 0.5044642686843872 0.3921130895614624 0.5044642686843872 0.3995535671710968 0.5094865957895914 0.404017835855484 0.5178571542104086 0.4188988208770752 0.5178571542104086 0.4181547462940216 0.5262276331583658 0.4166666567325592 0.5357142686843872 0.4107142686843872 0.54296875 0.400297611951828 0.5485490957895914 0.390625 0.5535713831583658 0.3816964328289032 0.5574776331583658 0.3712797462940216 0.5636161168416342 0.3668154776096344 0.5686384042104086 0.359375 0.5803571542104086 0.3526785671710968 0.5837053457895914 0.3363095223903656 0.5825892686843872 0.322172611951828 0.5770088831583658 0.3191964328289032 0.5725446542104086 0.3191964328289032 0.5641740957895914 0.3199404776096344 0.5502232313156128 0.3177083432674408 0.5379463831583658 0.3117559552192688 0.5340401331583658 0.3005952537059784 0.5340401331583658 0.2953869104385376 0.5340401331583658 0.287202388048172 0.5267857313156128 0.2782737910747528 0.51953125 0.2730654776096344 0.5122767686843872 0.2805059552192688 0.50390625 0.296875 0.5089286168416342 0.3139880895614624 0.5072544813156128 0.3251487910747528 0.5005580186843872 0.3318452537059784 0.4793526728947957 0.3311012089252472 0.4715401728947957
0 0.265625 0.5161830186843872 0.275297611951828 0.5251115957895914 0.2857142984867096 0.5334821542104086 0.296875 0.5396205186843872 0.306547611951828 0.5440848668416342 0.3117559552192688 0.5496651331583658 0.3087797462940216 0.5580357313156128 0.3095237910747528 0.5686384042104086 0.3058035671710968 0.5731026331583658 0.2946428656578064 0.5708705186843872 0.2864583432674408 0.56640625 0.2790178656578064 0.5636161168416342 0.2678571343421936 0.5619419813156128 0.2574404776096344 0.5546875 0.2537202537059784 0.5463169813156128 0.2544642984867096 0.5368303457895914 0.2514880895614624 0.5329240957895914 0.2477678656578064 0.52734375 0.2477678656578064 0.5206473668416342 0.2507440447807312 0.515625
0 0.255952388048172 0.5597098668416342 0.2693452537059784 0.56640625 0.2842262089252472 0.5703125 0.2938987910747528 0.5792411168416342 0.2991071343421936 0.5859375 0.287202388048172 0.5904017686843872 0.2730654776096344 0.5965401331583658 0.2604166567325592 0.6015625 0.2507440447807312 0.6032365957895914 0.2425595372915268 0.5982142686843872 0.231398805975914 0.5848213831583658 0.2232142835855484 0.5825892686843872 0.215773805975914 0.5786830186843872 0.212053582072258 0.5736607313156128 0.2172619104385376 0.56640625 0.2306547611951828 0.5625 0.2395833283662796 0.5686384042104086
0 0.2380952388048172 0.5106026331583658 0.243303582072258 0.515625 0.241071417927742 0.5262276331583658 0.2395833283662796 0.5306919813156128 0.2321428656578064 0.53125 0.2269345372915268 0.52734375 0.2284226268529892 0.5189732313156128 0.2284226268529892 0.5133928457895914
0 0.5267857313156128 0.5619419813156128 0.53125 0.5703125 0.5305059552192688 0.5797990957895914 0.5290178656578064 0.5870536168416342 0.5186011791229248 0.5904017686843872 0.5066964030265808 0.5887276331583658 0.4985119104385376 0.5859375 0.494047611951828 0.5825892686843872 0.4888392686843872 0.578125 0.4910714328289032 0.5691963831583658 0.5014880895614624 0.5669642686843872 0.5126488208770752 0.5658482313156128
0 0.5089285969734192 0.5965401331583658 0.5238094925880432 0.5987723668416342 0.5297619104385376 0.60546875 0.53125 0.6149553457895914 0.5200892686843872 0.6216517686843872 0.5074405074119568 0.6305803457895914 0.4985119104385376 0.6400669813156128 0.4910714328289032 0.6484375 0.4851190745830536 0.6568080186843872 0.4813988208770752 0.6696428457895914 0.478422611951828 0.6746651331583658 0.46875 0.672433058420817 0.447172611951828 0.6808036168416342 0.443452388048172 0.6847098668416342 0.4375 0.6858259042104086 0.4300595223903656 0.6796875 0.427827388048172 0.672433058420817 0.4308035671710968 0.66015625 0.4546130895614624 0.6512276331583658 0.4732142686843872 0.6389509042104086 0.4888392686843872 0.6294642686843872 0.497767835855484 0.6222098668416342 0.5029761791229248 0.6088169813156128
0 0.490327388048172 0.5870536168416342 0.4970238208770752 0.5915178457895914 0.4947916567325592 0.6026786168416342 0.4955357313156128 0.609375 0.4947916567325592 0.6183036168416342 0.4851190745830536 0.6272321542104086 0.4717261791229248 0.6333705186843872 0.4620535671710968 0.6400669813156128 0.450892835855484 0.6456473668416342 0.4412202537059784 0.6512276331583658 0.4404761791229248 0.6417411168416342 0.4367559254169464 0.6294642686843872 0.435267835855484 0.6216517686843872 0.4494047462940216 0.6138392686843872 0.4620535671710968 0.60546875 0.4724702537059784 0.5970982313156128 0.4813988208770752 0.5909598668416342
0 0.455357164144516 0.5825892686843872 0.466517835855484 0.5853794813156128 0.4717261791229248 0.5887276331583658 0.4694940745830536 0.59375 0.4583333432674408 0.6004463831583658 0.4486607313156128 0.6099330186843872 0.4382440745830536 0.6149553457895914 0.4308035671710968 0.6166294813156128 0.421875 0.61328125 0.4114583432674408 0.6099330186843872 0.3995535671710968 0.6071428457895914 0.4025297462940216 0.5959821542104086 0.4151785671710968 0.5876115957895914 0.4233630895614624 0.5837053457895914 0.4337797462940216 0.5786830186843872 0.447172611951828 0.5797990957895914
0 0.2016369104385376 0.5267857313156128 0.2142857164144516 0.5256696542104086 0.2232142835855484 0.5306919813156128 0.2299107164144516 0.5373884042104086 0.2284226268529892 0.5452009042104086 0.2284226268529892 0.5558036168416342 0.2224702388048172 0.5608259042104086 0.2113095372915268 0.5647321542104086 0.2068452388048172 0.5686384042104086 0.2046130895614624 0.5597098668416342 0.1956845372915268 0.5569196542104086 0.1822916716337204 0.5535713831583658 0.178571417927742 0.5502232313156128 0.1770833283662796 0.5435267686843872 0.1778273731470108 0.5368303457895914 0.1837797611951828 0.5295759042104086 0.194196417927742 0.5256696542104086
0 0.0394345261156559 0.4553571542104085 0.0625 0.4564731915791829 0.0758928582072258 0.4620535771052043 0.0855654776096344 0.4698660771052043 0.0885416641831398 0.4810268084208171 0.0907738134264946 0.4888393084208171 0.0825892835855484 0.4949776728947957 0.0699404776096344 0.4944196542104085 0.0565476156771183 0.4893973271052043 0.0476190485060215 0.48046875 0.0394345261156559 0.47265625 0.0334821417927742 0.46484375
0 0.1153273805975914 0.4810268084208171 0.1116071417927742 0.4877231915791829 0.1168154776096344 0.49609375 0.120535708963871 0.50390625 0.1190476194024086 0.5100446542104086 0.1272321492433548 0.5161830186843872 0.1369047611951828 0.5217634042104086 0.1495535671710968 0.52734375 0.1659226268529892 0.5279017686843872 0.1755952388048172 0.5239955186843872 0.1889880895614624 0.5139509042104086 0.194196417927742 0.5050223668416342 0.1778273731470108 0.4988839228947957 0.1651785671710968 0.4916294415791829 0.15625 0.4871651728947957 0.1495535671710968 0.4866071542104085 0.1421131044626236 0.4877231915791829 0.1302083283662796 0.484375
0 0.1458333283662796 0.5597098668416342 0.1324404776096344 0.5619419813156128 0.1242559552192688 0.5636161168416342 0.1212797686457634 0.57421875 0.1257440447807312 0.5814732313156128 0.1272321492433548 0.5904017686843872 0.1123511865735054 0.5998884042104086 0.1183035671710968 0.6099330186843872 0.1309523731470108 0.6166294813156128 0.143601194024086 0.6183036168416342 0.1577381044626236 0.6205357313156128 0.1629464328289032 0.625 0.1733630895614624 0.62109375 0.1822916716337204 0.6160713831583658 0.1875 0.61328125 0.184523805975914 0.6065848668416342 0.1852678656578064 0.5943080186843872 0.190476194024086 0.5892857313156128 0.1949404627084732 0.5837053457895914 0.190476194024086 0.5786830186843872 0.1755952388048172 0.5809151331583658 0.1659226268529892 0.5837053457895914 0.1547618955373764 0.5825892686843872 0.1510416716337204 0.5792411168416342 0.1495535671710968 0.5714286168416342 0.1495535671710968 0.5647321542104086
0 0.190476194024086 0.6222098668416342 0.1949404627084732 0.6328125 0.1919642835855484 0.6411830186843872 0.1889880895614624 0.6517857313156128 0.1830357164144516 0.6590401331583658 0.1793154627084732 0.6657365957895914 0.1733630895614624 0.672433058420817 0.1681547611951828 0.6668526331583658 0.1599702388048172 0.66796875 0.1540178507566452 0.6651786168416342 0.1510416716337204 0.6551338831583658 0.1577381044626236 0.6467634042104086 0.1636904776096344 0.6395088831583658 0.171875 0.6305803457895914 0.1793154627084732 0.6227678457895914
0 0.0974702313542366 0.49609375 0.1034226194024086 0.5011161168416342 0.1041666641831398 0.5094865957895914 0.1004464328289032 0.5184151331583658 0.0944940447807312 0.5306919813156128 0.0870535671710968 0.5362723668416342 0.078125 0.54296875 0.0684523805975914 0.55078125 0.0528273843228817 0.5591517686843872 0.0409226194024086 0.5636161168416342 0.03125 0.56640625 0.0275297611951828 0.5613838831583658 0.02232142724096775 0.5457588831583658 0.02008928544819355 0.5385044813156128 0.014880952425301075 0.5329240957895914 0.008928571827709675 0.5295759042104086 0.004464285913854837 0.5251115957895914 0.0029761905316263437 0.5212053457895914 0.0037202381063252687 0.5083705186843872 0.0052083334885537624 0.4977678457895915 0.008184523321688175 0.4877231915791829 0.02232142724096775 0.4815848271052043 0.03050595335662365 0.4810268084208171 0.0424107164144516 0.4910714228947957 0.0498511902987957 0.4983259042104085 0.0647321417927742 0.5 0.0788690522313118 0.4972098271052043 0.0900297686457634 0.4966518084208171
0 0.1160714328289032 0.55078125 0.1227678582072258 0.5546875 0.1197916641831398 0.5591517686843872 0.1168154776096344 0.5652901331583658 0.1153273805975914 0.5731026331583658 0.1145833358168602 0.5792411168416342 0.1063988134264946 0.5725446542104086 0.098214291036129 0.5652901331583658 0.0944940447807312 0.5597098668416342 0.1019345223903656 0.5619419813156128 0.1086309552192688 0.5591517686843872
0 0.0022321429569274187 0.4575893084208171 0.0022321429569274187 0.46484375 0.0014880952658131719 0.4799106915791829 0.0013020833721384406 0.4813057978947957 0.011904762126505375 0.4793526728947957 0.02976190485060215 0.4737723271052043 0.0290178582072258 0.4676339228947957 0.02380952425301075 0.4609375 0.014136903919279575 0.4587053457895915
0 0.0029761905316263437 0.5301338831583658 0.0074404762126505375 0.5368303457895914 0.014880952425301075 0.5424107313156128 0.015625 0.5502232313156128 0.0186011902987957 0.5591517686843872 0.02306547574698925 0.56640625 0.02827380783855915 0.5719865957895914 0.0401785708963871 0.5714286168416342 0.03050595335662365 0.5786830186843872 0.02232142724096775 0.5803571542104086 0.010416666977107525 0.5825892686843872 0.0022321429569274187 0.5803571542104086 0.0014880952658131719 0.5714286168416342 0.0013020833721384406 0.5676618417104086
0 0.0029761905316263437 0.6088169813156128 0.004464285913854837 0.6227678457895914 0.004464285913854837 0.6383928457895914 0.0037202381063252687 0.6512276331583658 0.0037202381063252687 0.6551338831583658 0.0186011902987957 0.6501115957895914 0.0357142873108387 0.6311384042104086 0.0409226194024086 0.6277901331583658 0.0379464291036129 0.6199776331583658 0.02604166604578495 0.6127232313156128 0.013392857275903225 0.6127232313156128
0 0.046875 0.6350446542104086 0.0528273843228817 0.640625 0.0446428544819355 0.6489955186843872 0.0349702388048172 0.6506696542104086 0.02976190485060215 0.6456473668416342 0.0379464291036129 0.6372767686843872
0 0.1569940447807312 0.6283482313156128 0.1465773731470108 0.6244419813156128 0.1309523731470108 0.6222098668416342 0.1153273805975914 0.62109375 0.1026785671710968 0.6188615957895914 0.0870535671710968 0.6104911168416342 0.0736607164144516 0.6099330186843872 0.0647321417927742 0.609375 0.0520833320915699 0.609375 0.0446428544819355 0.61328125 0.046875 0.62109375 0.0528273843228817 0.6294642686843872 0.0610119067132473 0.6400669813156128 0.0617559514939785 0.6428571542104086 0.076636902987957 0.6506696542104086 0.0915178582072258 0.6556919813156128 0.110863097012043 0.6551338831583658 0.1309523731470108 0.6501115957895914 0.1480654776096344 0.6478794813156128 0.153273805975914 0.6395088831583658
0 0.0580357164144516 0.6478794813156128 0.079613097012043 0.6579240957895914 0.0848214328289032 0.6612723668416342 0.078125 0.6651786168416342 0.063988097012043 0.6618303457895914 0.0565476156771183 0.6573661168416342
0 0.2455357164144516 0.6183036168416342 0.2529762089252472 0.6283482313156128 0.2566964328289032 0.6356026331583658 0.2492559552192688 0.6411830186843872 0.2336309552192688 0.6450892686843872 0.221726194024086 0.6467634042104086 0.2284226268529892 0.6316963831583658 0.2395833283662796 0.6238838831583658
0 0.2388392835855484 0.6506696542104086 0.2477678656578064 0.6584821542104086 0.2611607015132904 0.6467634042104086 0.2686012089252472 0.6395088831583658 0.2790178656578064 0.64453125 0.2886904776096344 0.65234375 0.2976190447807312 0.6612723668416342 0.3035714328289032 0.6640625 0.3132440447807312 0.6618303457895914 0.3229166567325592 0.65625 0.3258928656578064 0.6635044813156128 0.3139880895614624 0.672433058420817 0.3080357015132904 0.679129441579183 0.2953869104385376 0.6824776331583658 0.2797619104385376 0.684151808420817 0.2686012089252472 0.684151808420817 0.2574404776096344 0.6847098668416342 0.2447916716337204 0.686941941579183 0.225446417927742 0.6858259042104086 0.2180059552192688 0.6813615957895914 0.2165178656578064 0.6696428457895914 0.2180059552192688 0.66015625 0.2202380895614624 0.6540178457895914 0.2306547611951828 0.6517857313156128
0 0.1577381044626236 0.672433058420817 0.153273805975914 0.6768973668416342 0.1584821492433548 0.6847098668416342 0.1629464328289032 0.69140625 0.1599702388048172 0.7059151331583658 0.1577381044626236 0.7120536168416342 0.1465773731470108 0.715401808420817 0.140625 0.719308058420817 0.143601194024086 0.7287946542104086 0.1510416716337204 0.7321428457895914 0.1651785671710968 0.731026808420817 0.1733630895614624 0.7282365957895914 0.1793154627084732 0.7204240957895914 0.1763392835855484 0.699776808420817 0.1763392835855484 0.69140625 0.1726190447807312 0.6808036168416342 0.1651785671710968 0.676339308420817
0 0.0758928582072258 0.6735490957895914 0.0833333358168602 0.6819196542104086 0.0907738134264946 0.6964286168416342 0.092261902987957 0.710379441579183 0.092261902987957 0.719308058420817 0.0915178582072258 0.727120558420817 0.0959821417927742 0.7332588831583658 0.0930059552192688 0.738839308420817 0.079613097012043 0.738839308420817 0.0632440522313118 0.7399553457895914 0.0416666679084301 0.7444196542104086 0.0275297611951828 0.74609375 0.02604166604578495 0.73828125 0.02380952425301075 0.729910691579183 0.02604166604578495 0.7215401331583658 0.02232142724096775 0.7137276331583658 0.01636904664337635 0.710379441579183 0.01785714365541935 0.7020088831583658 0.02604166604578495 0.6886161168416342 0.0349702388048172 0.6780134042104086 0.0453869067132473 0.6735490957895914 0.0595238097012043 0.6702009042104086
0 0.0014880952658131719 0.7126115957895914 0.011904762126505375 0.7176338831583658 0.02008928544819355 0.7215401331583658 0.0186011902987957 0.727120558420817 0.0074404762126505375 0.7282365957895914
0 0.7872023582458496 0.8214286168416342 0.8043155074119568 0.8253348668416342 0.8058035373687744 0.831473191579183 0.7901785373687744 0.8415178457895914 0.7745535373687744 0.847098191579183 0.761160671710968 0.856026808420817 0.7514881491661072 0.85546875 0.7410714626312256 0.8465401331583658 0.7351190447807312 0.8409598668416342 0.7589285373687744 0.8258928457895914
0 0.558779776096344 0.729910691579183 0.5677083134651184 0.726004441579183 0.5788690447807312 0.729910691579183 0.5885416865348816 0.73828125 0.5997024178504944 0.745535691579183 0.6153274178504944 0.7488838831583658 0.625 0.7522321542104086 0.6279761791229248 0.7639509042104086 0.6272321343421936 0.7734375 0.6190475821495056 0.7801338831583658 0.609375 0.780691941579183 0.5930059552192688 0.7751115957895914 0.5736607313156128 0.7678571542104086 0.5669642686843872 0.765066941579183 0.5617559552192688 0.7522321542104086 0.5580357313156128 0.7393973668416342
0 0.640625 0.768973191579183 0.6532738208770752 0.772879441579183 0.6555059552192688 0.7801338831583658 0.6540178656578064 0.7952009042104086 0.6547619104385376 0.7996651331583658 0.6636905074119568 0.8035713831583658 0.6696428656578064 0.8102678457895914 0.6733631491661072 0.8219865957895914 0.6666666865348816 0.823660691579183 0.6659225821495056 0.832589308420817 0.6659225821495056 0.8409598668416342 0.6532738208770752 0.84765625 0.644345223903656 0.8532365957895914 0.6436011791229248 0.8610490957895914 0.6436011791229248 0.8660713831583658 0.6294642686843872 0.863839308420817 0.6071428656578064 0.862723191579183 0.597470223903656 0.863839308420817 0.5863094925880432 0.862723191579183 0.5915178656578064 0.8532365957895914 0.5982142686843872 0.8459821542104086 0.6071428656578064 0.839285691579183 0.5997024178504944 0.83203125 0.5892857313156128 0.831473191579183 0.5803571343421936 0.8337053457895914 0.574404776096344 0.839285691579183 0.5602678656578064 0.8376115957895914 0.5580357313156128 0.831473191579183 0.5617559552192688 0.815848191579183 0.5721725821495056 0.8108259042104086 0.5788690447807312 0.7991071542104086 0.578125 0.7829240957895914 0.5736607313156128 0.7756696542104086 0.5848214030265808 0.777901808420817 0.6063988208770752 0.784598191579183 0.621279776096344 0.7873884042104086 0.6346725821495056 0.7795759042104086
0 0.5513392686843872 0.832589308420817 0.5558035969734192 0.8420759042104086 0.5706844925880432 0.8448661168416342 0.5729166865348816 0.8515625 0.5699405074119568 0.859933058420817 0.5610119104385376 0.8610490957895914 0.5491071343421936 0.8643973668416342 0.5372024178504944 0.8671875 0.5297619104385376 0.8683036168416342 0.5230655074119568 0.8699776331583658 0.5260416865348816 0.8777901331583658 0.5372024178504944 0.883370558420817 0.5595238208770752 0.875558058420817 0.5684524178504944 0.878348191579183 0.5684524178504944 0.8844865957895914 0.5654761791229248 0.8984375 0.5572916865348816 0.905691941579183 0.546875 0.9129463831583658 0.5379464030265808 0.9190848668416342 0.5305059552192688 0.9241071542104086 0.5245535969734192 0.9274553457895914 0.5148809552192688 0.9229911168416342 0.5052083134651184 0.914620558420817 0.5 0.905691941579183 0.5014880895614624 0.8967634042104086 0.497767835855484 0.8895088831583658 0.4947916567325592 0.8805803457895914 0.4985119104385376 0.8727678457895914 0.4992559254169464 0.8649553457895914 0.4933035671710968 0.8610490957895914 0.4806547462940216 0.8504463831583658 0.4739583432674408 0.8504463831583658 0.4672619104385376 0.85546875 0.4694940745830536 0.8694196542104086 0.4702380895614624 0.8772321542104086 0.4635416567325592 0.882254441579183 0.450892835855484 0.879464308420817 0.4501488208770752 0.8688615957895914 0.4449404776096344 0.8577009042104086 0.4419642686843872 0.8493303457895914 0.439732164144516 0.8415178457895914 0.4389880895614624 0.8303571542104086 0.4486607313156128 0.8264509042104086 0.4583333432674408 0.8219865957895914 0.4583333432674408 0.8074776331583658 0.4568452537059784 0.7985490957895914 0.462797611951828 0.788504441579183 0.4717261791229248 0.7912946542104086 0.4895833432674408 0.7996651331583658 0.4985119104385376 0.804129441579183 0.5022321343421936 0.8125 0.4947916567325592 0.8270088831583658 0.4970238208770752 0.835379441579183 0.5074405074119568 0.8359375 0.515625 0.8387276331583658 0.5282738208770752 0.8342634042104086 0.5372024178504944 0.8337053457895914
0 0.2991071343421936 0.6891740957895914 0.3095237910747528 0.69140625 0.3214285671710968 0.6981026331583658 0.3244047462940216 0.7098213831583658 0.322172611951828 0.719308058420817 0.3177083432674408 0.7243303457895914 0.3125 0.73046875 0.3132440447807312 0.737723191579183 0.3132440447807312 0.742745558420817 0.3020833432674408 0.745535691579183 0.2946428656578064 0.7438615957895914 0.290922611951828 0.7399553457895914 0.2938987910747528 0.7321428457895914 0.287202388048172 0.7209821542104086 0.2745535671710968 0.710379441579183 0.2678571343421936 0.7020088831583658 0.271577388048172 0.6953125 0.2879464328289032 0.6902901331583658
0 0.482142835855484 0.7087053457895914 0.490327388048172 0.7053571542104086 0.5 0.7042411168416342 0.5081844925880432 0.7126115957895914 0.519345223903656 0.7265625 0.5260416865348816 0.7366071542104086 0.5305059552192688 0.7405134042104086 0.5208333134651184 0.745535691579183 0.511904776096344 0.749441941579183 0.4962797462940216 0.7449776331583658 0.4828869104385376 0.7399553457895914 0.4836309254169464 0.7293526331583658 0.4888392686843872 0.72265625 0.4880952537059784 0.7170759042104086 0.474702388048172 0.719308058420817 0.4776785671710968 0.7131696542104086
0 0.4449404776096344 0.706473191579183 0.4486607313156128 0.7020088831583658 0.4575892686843872 0.7003348668416342 0.4657738208770752 0.703125 0.4717261791229248 0.70703125 0.46875 0.7131696542104086 0.466517835855484 0.7198661168416342 0.4546130895614624 0.726004441579183 0.4441964328289032 0.729910691579183 0.4449404776096344 0.733816941579183 0.450892835855484 0.7433036168416342 0.4598214328289032 0.7511161168416342 0.4494047462940216 0.7561384042104086 0.4389880895614624 0.750558058420817 0.4300595223903656 0.7393973668416342 0.4188988208770752 0.731026808420817 0.4025297462940216 0.7321428457895914 0.3936011791229248 0.7371651331583658 0.3943452537059784 0.746651808420817 0.396577388048172 0.75390625 0.3816964328289032 0.761160691579183 0.3645833432674408 0.770089308420817 0.3578869104385376 0.772879441579183 0.3467261791229248 0.780691941579183 0.3392857313156128 0.77734375 0.3311012089252472 0.7723213831583658 0.3251487910747528 0.7639509042104086 0.3325892984867096 0.75390625 0.3519345223903656 0.7393973668416342 0.3668154776096344 0.729910691579183 0.3660714328289032 0.722098191579183 0.3735119104385376 0.7087053457895914 0.3831845223903656 0.6964286168416342 0.388392835855484 0.6897321542104086 0.4047619104385376 0.6981026331583658 0.4166666567325592 0.706473191579183 0.431547611951828 0.7098213831583658
0 0.4099702537059784 0.7405134042104086 0.419642835855484 0.745535691579183 0.427827388048172 0.750558058420817 0.4345238208770752 0.7606026331583658 0.4404761791229248 0.765066941579183 0.4456845223903656 0.7678571542104086 0.4427083432674408 0.773995558420817 0.435267835855484 0.777901808420817 0.4337797462940216 0.7834821542104086 0.4322916567325592 0.793526808420817 0.4293154776096344 0.800223191579183 0.4203869104385376 0.8069196542104086 0.4166666567325592 0.811941941579183 0.4166666567325592 0.8203125 0.4129464328289032 0.828683058420817 0.4032738208770752 0.836495558420817 0.396577388048172 0.8381696542104086 0.388392835855484 0.8337053457895914 0.3794642686843872 0.8309151331583658 0.3660714328289032 0.8331473668416342 0.3556547462940216 0.828125 0.3504464328289032 0.8180803457895914 0.3608630895614624 0.80859375 0.372767835855484 0.8030134042104086 0.3787202537059784 0.79296875 0.3802083432674408 0.777901808420817 0.3831845223903656 0.766183058420817 0.3950892686843872 0.7600446542104086 0.4025297462940216 0.745535691579183
0 0.4233630895614624 0.8214286168416342 0.4330357313156128 0.8258928457895914 0.4345238208770752 0.835379441579183 0.4337797462940216 0.8459821542104086 0.4322916567325592 0.8526786168416342 0.421875 0.859375 0.412202388048172 0.8649553457895914 0.4047619104385376 0.8649553457895914 0.4032738208770752 0.859375 0.400297611951828 0.8487723668416342 0.396577388048172 0.8448661168416342 0.40625 0.8381696542104086 0.4166666567325592 0.8309151331583658
0 0.7433035373687744 0.7879463831583658 0.7433035373687744 0.7979911168416342 0.7418155074119568 0.8102678457895914 0.7351190447807312 0.8186384042104086 0.7276785373687744 0.824776808420817 0.7165178656578064 0.8292411168416342 0.7105655074119568 0.8381696542104086 0.706845223903656 0.8487723668416342 0.703125 0.859933058420817 0.7083333134651184 0.8694196542104086 0.7180059552192688 0.8800223668416342 0.71875 0.8856026331583658 0.7090773582458496 0.890625 0.6956844925880432 0.8962053457895914 0.6852678656578064 0.9079240957895914 0.675595223903656 0.921875 0.6688988208770752 0.9313615957895914 0.6629464030265808 0.9296875 0.6629464030265808 0.9140625 0.6592261791229248 0.897879441579183 0.6569940447807312 0.886160691579183 0.652529776096344 0.8733259042104086 0.6517857313156128 0.8643973668416342 0.6555059552192688 0.8543526331583658 0.6666666865348816 0.847098191579183 0.6733631491661072 0.843191941579183 0.6733631491661072 0.8342634042104086 0.6733631491661072 0.828125 0.6785714626312256 0.823660691579183 0.6889881491661072 0.8225446542104086 0.6934523582458496 0.8152901331583658 0.699404776096344 0.805245558420817 0.714285671710968 0.7991071542104086 0.729910671710968 0.7912946542104086
0 0.2633928656578064 0.7053571542104086 0.271577388048172 0.714285691579183 0.2790178656578064 0.7209821542104086 0.2849702537059784 0.7282365957895914 0.2857142984867096 0.734375 0.2767857015132904 0.7332588831583658 0.2693452537059784 0.727120558420817 0.2537202537059784 0.722098191579183 0.2447916716337204 0.7237723668416342 0.2336309552192688 0.715401808420817 0.2239583283662796 0.7081473668416342 0.2306547611951828 0.702566941579183 0.2418154627084732 0.702566941579183 0.2552083432674408 0.702566941579183
0 0.3794642686843872 0.8359375 0.3861607313156128 0.840401808420817 0.384672611951828 0.84765625 0.3913690745830536 0.8526786168416342 0.392857164144516 0.8616071542104086 0.390625 0.870535691579183 0.3861607313156128 0.879464308420817 0.3861607313156128 0.879464308420817 0.377232164144516 0.883370558420817 0.3645833432674408 0.8883928457895914 0.3623511791229248 0.8934151331583658 0.369047611951828 0.9006696542104086 0.380952388048172 0.9045759042104086 0.3794642686843872 0.91015625 0.3638392686843872 0.9151786168416342 0.3474702537059784 0.918526808420817 0.3273809552192688 0.9190848668416342 0.3162202537059784 0.9162946542104086 0.3125 0.910714308420817 0.3154762089252472 0.902901808420817 0.3273809552192688 0.89453125 0.3407738208770752 0.8839286168416342 0.34375 0.87890625 0.3430059254169464 0.8683036168416342 0.3422619104385376 0.8577009042104086 0.3482142686843872 0.8504463831583658 0.3578869104385376 0.843191941579183 0.3630952537059784 0.839285691579183
0 0.3318452537059784 0.8694196542104086 0.3385416567325592 0.871651808420817 0.334077388048172 0.8800223668416342 0.3191964328289032 0.8922990957895914 0.3080357015132904 0.8967634042104086 0.2961309552192688 0.8922990957895914 0.2760416567325592 0.8878348668416342 0.2633928656578064 0.8883928457895914 0.2574404776096344 0.883370558420817 0.2566964328289032 0.875 0.2700892984867096 0.8660713831583658 0.2849702537059784 0.8733259042104086 0.3020833432674408 0.8772321542104086 0.3214285671710968 0.870535691579183
0 0.225446417927742 0.7237723668416342 0.2336309552192688 0.727120558420817 0.2366071343421936 0.733816941579183 0.2306547611951828 0.7405134042104086 0.2172619104385376 0.745535691579183 0.2023809552192688 0.7483259042104086 0.1897321343421936 0.7516740957895914 0.1763392835855484 0.754464308420817 0.1651785671710968 0.750558058420817 0.159226194024086 0.7477678457895914 0.1525297611951828 0.741629441579183 0.1651785671710968 0.73828125 0.178571417927742 0.73828125 0.190476194024086 0.7393973668416342 0.2008928656578064 0.7399553457895914 0.2113095372915268 0.7321428457895914
0 0.2782737910747528 0.750558058420817 0.2879464328289032 0.749441941579183 0.2961309552192688 0.753348191579183 0.2961309552192688 0.76171875 0.2953869104385376 0.76953125 0.302827388048172 0.7734375 0.3147321343421936 0.7712053457895914 0.322172611951828 0.7684151331583658 0.3236607015132904 0.7745536168416342 0.3288690447807312 0.784598191579183 0.3303571343421936 0.7918526331583658 0.3355654776096344 0.8035713831583658 0.3385416567325592 0.809151808420817 0.3430059254169464 0.8186384042104086 0.345982164144516 0.828125 0.3452380895614624 0.8370536168416342 0.34375 0.8454240957895914 0.3318452537059784 0.8454240957895914 0.3229166567325592 0.844308058420817 0.306547611951828 0.8465401331583658 0.2953869104385376 0.840401808420817 0.2849702537059784 0.8337053457895914 0.2782737910747528 0.828683058420817 0.2738095223903656 0.8214286168416342 0.2775297462940216 0.8018973668416342 0.2760416567325592 0.79296875 0.2708333432674408 0.789620558420817 0.2537202537059784 0.7952009042104086 0.2455357164144516 0.8035713831583658 0.2403273731470108 0.8136161168416342 0.227678582072258 0.811941941579183 0.2224702388048172 0.8074776331583658 0.2105654627084732 0.8125 0.1919642835855484 0.81640625 0.1837797611951828 0.816964308420817 0.174851194024086 0.8113838831583658 0.1636904776096344 0.805245558420817 0.159226194024086 0.80078125 0.1577381044626236 0.7912946542104086 0.1599702388048172 0.776785691579183 0.1681547611951828 0.7628348668416342 0.178571417927742 0.7594865957895914 0.1875 0.7550223668416342 0.2016369104385376 0.753348191579183 0.2232142835855484 0.7488838831583658 0.234375 0.75390625 0.2440476268529892 0.765625 0.2604166567325592 0.7561384042104086 0.2693452537059784 0.75390625
0 0.123511902987957 0.738839308420817 0.143601194024086 0.7410713831583658 0.1525297611951828 0.7483259042104086 0.1599702388048172 0.75390625 0.1607142835855484 0.7628348668416342 0.153273805975914 0.7745536168416342 0.1502976268529892 0.7873884042104086 0.1517857164144516 0.796875 0.1525297611951828 0.804129441579183 0.1465773731470108 0.8108259042104086 0.1391368955373764 0.8147321542104086 0.143601194024086 0.8186384042104086 0.1555059552192688 0.823660691579183 0.1696428656578064 0.827566941579183 0.1770833283662796 0.8309151331583658 0.174851194024086 0.8376115957895914 0.159226194024086 0.8337053457895914 0.143601194024086 0.83203125 0.1257440447807312 0.8214286168416342 0.1197916641831398 0.811941941579183 0.1116071417927742 0.7979911168416342 0.1071428582072258 0.784598191579183 0.1019345223903656 0.7678571542104086 0.0989583358168602 0.7578125 0.0959821417927742 0.7449776331583658 0.0997023805975914 0.7393973668416342 0.1101190447807312 0.738839308420817
0 0.08858256787061691 0.74337371190389 0.09199116379022598 0.7556446393330892 0.09539975970983505 0.7699607213338217 0.10153523087501526 0.7899010181427002 0.10698898881673813 0.8037058512369791 0.10903414338827133 0.8093299865722656 0.08858256787061691 0.8047283490498861 0.07085787504911423 0.8042171001434326 0.05245146155357361 0.8149541219075521 0.036771923303604126 0.820578416188558 0.02722785808146 0.8236461480458578 0.01700207218527794 0.8067735036214193 0.0047311303205788136 0.7985928853352865 0.0033676919993013144 0.7755849361419678 0.0033676919993013144 0.7648478349049886 0.021774105727672577 0.7766075134277344 0.03131817281246185 0.7714946269989014 0.033363331109285355 0.7541107336680094 0.04290739819407463 0.7474640210469564 0.06267724931240082 0.7443962891896566 0.07699334621429443 0.74337371190389
0 0.18606840074062347 0.835917075475057 0.20106621086597443 0.8451202710469564 0.22015434503555298 0.857902447382609 0.230380117893219 0.8655718167622884 0.2426510602235794 0.875286340713501 0.25151342153549194 0.8763089179992676 0.2549220025539398 0.8865346908569336 0.2603757679462433 0.8972717920939127 0.27401015162467957 0.8977830410003662 0.2842359244823456 0.8977830410003662 0.28764453530311584 0.8993169466654459 0.2869628071784973 0.9039185047149658 0.2624209225177765 0.9126103719075521 0.24537794291973114 0.9192572434743246 0.2365155965089798 0.9218136469523112 0.22901667654514313 0.9156781832377116 0.22765325009822845 0.9049410820007324 0.22083605825901031 0.8993169466654459 0.21742747724056244 0.8844895362854004 0.20992855727672577 0.8711960315704346 0.20379309356212616 0.863015333811442 0.18947698175907135 0.8538121382395426 0.17788775265216827 0.8435863653818766
0 0.2044748067855835 0.8711960315704346 0.20174793899059296 0.8850008646647135 0.19561244547367096 0.8977830410003662 0.19152213633060455 0.9115878740946451 0.17993290722370148 0.9172120889027914 0.1724340170621872 0.9177233378092448 0.16288994252681732 0.9105652173360189 0.15198244154453278 0.9049410820007324 0.1424383670091629 0.9100539684295654 0.13698461651802063 0.918234666188558 0.12675882875919342 0.9213023980458578 0.11925992369651794 0.9213023980458578 0.11312445253133774 0.9213023980458578 0.10698898881673813 0.9330619970957438 0.10358038544654846 0.9443103472391764 0.09880835562944412 0.959137757619222 0.09812664240598679 0.9637393156687418 0.1124427318572998 0.9668071269989014 0.12607711553573608 0.9662958780924479 0.1444835215806961 0.9627167383829752 0.1424383670091629 0.9407313664754232 0.14584696292877197 0.928460439046224 0.15879963338375092 0.9294830163319906 0.1724340170621872 0.9361297289530436 0.188795268535614 0.9371523062388102 0.19902105629444122 0.93868621190389 0.18947698175907135 0.9458442529042562 0.17516088485717773 0.9463555018107096 0.15811790525913239 0.9463555018107096 0.15879963338375092 0.9535135428110758 0.16561682522296906 0.9673183759053549 0.16970713436603546 0.9739651679992676 0.19015870988368988 0.9765216509501139 0.2044748067855835 0.972942590713501 0.21742747724056244 0.9494232336680094 0.21810919046401978 0.9366410573323568 0.21129198372364044 0.924881378809611 0.21129198372364044 0.9090313911437988 0.21606403589248657 0.9018733501434326 0.21538232266902924 0.8926701545715332 0.21333713829517365 0.8865346908569336 0.20924682915210724 0.8778427441914877
0 0.002004253910854459 0.8384734789530436 0.01700207218527794 0.8435863653818766 0.023137545213103294 0.8594363530476888 0.03881708160042763 0.8686396280924479 0.05586005747318268 0.8778427441914877 0.043589115142822266 0.8921588261922201 0.03131817281246185 0.9023845990498861 0.0292730163782835 0.9126103719075521 0.02041066810488701 0.9187459150950114 0.007458006497472525 0.9218136469523112 0.002685972722247243 0.9202798207600912 0.002004253910854459 0.9044297536214193 0.002004253910854459 0.8885798454284668 0.002685972722247243 0.8507444063822428
0 0.014275196939706802 0.9391974608103434 0.028591295704245567 0.9366410573323568 0.036771923303604126 0.9376636346181234 0.041543956845998764 0.9509571393330892 0.051769744604825974 0.9596490065256754 0.06131380796432495 0.9647619724273682 0.07562991231679916 0.9657845497131348 0.08517397195100784 0.9739651679992676 0.09403631836175919 0.9898150761922201 0.09403631836175919 0.9974844455718994 0.06949443370103836 0.998507022857666 0.025182701647281647 0.9969731966654459 0.005412849131971598 0.9990183512369791 0.001322534866631031 0.983168363571167 0.001322534866631031 0.9652732213338217 0.005412849131971598 0.9560700257619222 0.009503163397312164 0.9484006563822428
0 0.11380618065595627 0.9959505399068197 0.12335024029016495 0.98828125 0.1383480578660965 0.98828125 0.1444835215806961 0.9974844455718994 0.13319768011569977 0.9990234375
0 0.9666366577148438 0.7556446393330892 0.9645915031433105 0.763825257619222 0.968681812286377 0.7781413396199545 0.9632280468940735 0.7858107089996338 0.9468668103218079 0.7812091509501139 0.9339141845703125 0.772517204284668 0.9420948028564453 0.7628026803334554
0 0.9305055737495422 0.7781413396199545 0.9325507283210754 0.7873446146647135 0.9318690299987793 0.808307409286499 0.9250518679618835 0.8154654502868652 0.9018733501434326 0.8185332616170248 0.8848304152488708 0.8216009934743246 0.8677874207496643 0.8226235707600912 0.8561981320381165 0.8164880275726318 0.8514261245727539 0.8042171001434326 0.8452906608581543 0.798081636428833 0.8384734988212585 0.8047283490498861 0.8323380351066589 0.8093299865722656 0.821430504322052 0.8139316240946451 0.8193853497505188 0.8190445105234782 0.8323380351066589 0.8302928606669108 0.8561981320381165 0.8354057470957438 0.8493809700012207 0.8446089426676432 0.8371100425720215 0.8440976937611898 0.8357465863227844 0.8553460439046224 0.8343831896781921 0.870173454284668 0.8262025713920593 0.8722186088562012 0.8098413348197937 0.8676169713338217 0.7975704073905945 0.863015333811442 0.7893896698951721 0.857902447382609 0.7757553458213806 0.8599476019541422 0.7709832787513733 0.8604589303334554 0.7723467350006104 0.8732411861419678 0.7859811186790466 0.8814218044281006 0.8043875694274902 0.8829557100931803 0.8118864893913269 0.8947153091430664 0.8159767985343933 0.9023845990498861 0.8289294242858887 0.900850772857666 0.8364283442497253 0.8839782079060873 0.8582434058189392 0.8737524350484213 0.8780131936073303 0.8778427441914877 0.8971013426780701 0.870173454284668 0.9080088138580322 0.8573911984761556 0.9257335662841797 0.8394960562388102 0.9366410374641418 0.825691302617391 0.9448216557502747 0.8088186581929525 0.9509571194648743 0.798081636428833 0.9536840319633484 0.7909235954284668 0.9434582591056824 0.7842768033345541
0 0.9639098048210144 0.79296875 0.9584560394287109 0.798081636428833 0.9523205757141113 0.808307409286499 0.9461851119995117 0.820578416188558 0.939367949962616 0.8297816117604574 0.9530022740364075 0.8328493436177572 0.968681812286377 0.8226235707600912 0.9795892834663391 0.8139316240946451 0.9877699017524719 0.8057510058085123 0.9891334176063538 0.7996155420939127 0.9761807322502136 0.7975703875223795
0 0.9611828923225403 0.8348944981892904 0.970045268535614 0.8302928606669108 0.98027104139328 0.8287590344746908 0.9857247471809387 0.8348944981892904 0.9816344380378723 0.8415412108103434 0.9707269668579102 0.8481880029042562
0 0.9305055737495422 0.84102996190389 0.9407313466072083 0.837450901667277 0.9605011940002441 0.8394960562388102 0.9673183560371399 0.851255734761556 0.9707269668579102 0.8604589303334554 0.9775441288948059 0.8645492394765218 0.9741355776786804 0.8747750918070475 0.9741355776786804 0.8829557100931803 0.9891334176063538 0.8967604637145996 0.9986774921417236 0.9018733501434326 0.9979957938194275 0.9161895116170248 0.9993591904640198 0.9330619970957438 0.9993591904640198 0.9484006563822428 0.9932237267494202 0.9514683882395426 0.9843613505363464 0.9484006563822428 0.9748172760009766 0.9468668301900228 0.9666366577148438 0.9376636346181234 0.9591377377510071 0.9218136469523112 0.9557291865348816 0.9105652173360189 0.949593722820282 0.9090313911437988 0.938686192035675 0.919768492380778 0.9325507283210754 0.9243701299031576 0.9175528883934021 0.9315281709035238 0.9114174246788025 0.9361297289530436 0.905963659286499 0.9494232336680094 0.9107356667518616 0.9652732213338217 0.916189432144165 0.9770328998565674 0.9066453576087952 0.9795893033345541 0.8821035027503967 0.9744764963785807 0.8493809700012207 0.9719200134277344 0.8412003517150879 0.9657845497131348 0.8507444262504578 0.9560700257619222 0.8718777298927307 0.9514683882395426 0.8814218044281006 0.9427765210469564 0.8705143332481384 0.9345959027608236 0.8582434058189392 0.9422651926676432 0.8466541171073914 0.9478894074757894 0.8412003517150879 0.9407313664754232 0.8405186533927917 0.9310168425242106 0.8364283442497253 0.9218136469523112 0.8296111226081848 0.9161895116170248 0.8275659680366516 0.911076545715332 0.8343831896781921 0.9018733501434326 0.8405186533927917 0.8911363283793131 0.8548347353935242 0.885512113571167 0.8684691786766052 0.8875572681427002 0.8861938118934631 0.8834669589996338 0.9032368063926697 0.8717072804768881 0.9175528883934021 0.8599476019541422 0.9270970225334167 0.8507444063822428 0.92914217710495 0.846142848332723
0 0.9973140358924866 0.960671583811442 0.9891334176063538 0.9611829121907552 0.98027104139328 0.9576038519541422 0.9639098048210144 0.9662958780924479 0.9468668103218079 0.9760103225708008 0.9461851119995117 0.9790780544281006 0.9557291865348816 0.9898150761922201 0.9570925831794739 0.9990183512369791 0.9939054846763611 0.9974844455718994 1.0 0.9979923566182455 1.0 0.9601603349049886
0 0.779845654964447 0.9509571393330892 0.7948434948921204 0.9550474484761556 0.8200671076774597 0.9576038519541422 0.8309745788574219 0.9570926030476888 0.8330197334289551 0.9693635304768881 0.8302928805351257 0.9877699216206869 0.8275659680366516 0.9990183512369791 0.7934800982475281 0.9979956944783529 0.7662112712860107 0.9990183512369791 0.7403059601783752 0.9990183512369791 0.714400589466095 0.998507022857666 0.6919038891792297 0.998507022857666 0.6826086640357971 0.9990234375 0.6694071888923645 0.998507022857666 0.6700889468193054 0.983168363571167 0.6653168797492981 0.9708974361419678 0.6823598742485046 0.9708974361419678 0.7178092002868652 0.9744764963785807 0.7498500347137451 0.9708974361419678 0.7703015804290771 0.9637393156687418 0.7703015804290771 0.9530022939046224
0 0.7512134909629822 0.8676169713338217 0.7648478150367737 0.8691508769989014 0.7689381241798401 0.8860233624776205 0.759394109249115 0.895737886428833 0.7450780272483826 0.9100539684295654 0.738942563533783 0.924881378809611 0.7416694164276123 0.9366410573323568 0.7559854984283447 0.9494232336680094 0.7457597255706787 0.955558697382609 0.7403059601783752 0.9509571393330892 0.7287167906761169 0.9581151803334554 0.7178092002868652 0.9632280667622884 0.7014479637145996 0.9637393156687418 0.6823598742485046 0.9581151803334554 0.676224410533905 0.9545361200968424 0.6782695651054382 0.9443103472391764 0.6878135800361633 0.9356184800465902 0.6919038891792297 0.919768492380778 0.7048565745353699 0.9115878740946451 0.7205360531806946 0.9095427195231119 0.7137188911437988 0.9013621012369791 0.7123554348945618 0.895737886428833 0.725989818572998 0.8870460192362467 0.738942563533783 0.8763089179992676
0 0.5732848048210144 0.890625 0.5821471810340881 0.8860233624776205 0.5889643430709839 0.8952266375223795 0.5862374901771545 0.9069862365722656 0.5923729538917542 0.9146555264790853 0.6080524325370789 0.919768492380778 0.6141879558563232 0.9279491106669108 0.6175965666770935 0.9443103472391764 0.6039621233940125 0.9530022939046224 0.5937363505363464 0.9581151803334554 0.5787385106086731 0.9499345620473226 0.5603321194648743 0.943799098332723 0.5507881045341492 0.9366410573323568 0.548061192035675 0.9274378617604574 0.5603321194648743 0.9192572434743246 0.5644224286079407 0.9074975649515787 0.5719213485717773 0.8972717920939127
0 0.6298674941062927 0.9642507235209147 0.6387298107147217 0.9652732213338217 0.6421384215354919 0.9754989941914877 0.6503190398216248 0.9857247670491537 0.652364194393158 0.998507022857666 0.6291857361793518 0.9974844455718994 0.600553572177887 0.9990183512369791 0.6135061979293823 0.9862360954284668 0.6196417212486267 0.9724313418070475
0 0.569194495677948 0.9535135428110758 0.5814654231071472 0.9576038519541422 0.5964632630348206 0.9637393156687418 0.6012352705001831 0.9627167383829752 0.6053255796432495 0.9714086850484213 0.5923729538917542 0.9811232089996338 0.5712396502494812 0.9867474238077799 0.5576052665710449 0.9826571146647135 0.5419257283210754 0.9739651679992676 0.5357902646064758 0.9652732213338217 0.5398805737495422 0.9596490065256754 0.5610138773918152 0.9545361200968424
0 0.3489992320537567 0.9228362242380778 0.3564981520175934 0.9305055936177572 0.36399707198143005 0.9427765210469564 0.36399707198143005 0.9560700257619222 0.36740565299987793 0.9683410326639811 0.36945080757141113 0.9744764963785807 0.3571798801422119 0.9775441487630209 0.3510443866252899 0.9862360954284668 0.3421820402145386 0.9806119600931803 0.3428637683391571 0.9668071269989014 0.33400142192840576 0.9519797166188558 0.3285476565361023 0.9376636346181234 0.33400142192840576 0.9279491106669108
0 0.3087778091430664 0.9161895116170248 0.3142315745353699 0.9238588015238444 0.3190036118030548 0.9330619970957438 0.3244573473930359 0.9473780790964762 0.3271842300891876 0.9570926030476888 0.3326379954814911 0.9647619724273682 0.3346831500530243 0.9688522815704346 0.33536484837532043 0.9790780544281006 0.33741000294685364 0.9867474238077799 0.3428637683391571 0.993394136428833 0.3421820402145386 0.998507022857666 0.33736228942871094 0.9990234375 0.29787030816078186 0.9990183512369791 0.288326233625412 0.9898150761922201 0.2787821590900421 0.9770328998565674 0.26991984248161316 0.9662958780924479 0.2603757679462433 0.9535135428110758 0.24946826696395874 0.9473780790964762 0.2685563862323761 0.9391974608103434 0.2903713881969452 0.9238588015238444
1 0.3194494843482971 0.9830293655395508 0.3258841931819916 0.9827454884847006 0.32929083704948425 0.9850165843963623 0.328533798456192 0.9887070655822754 0.32361313700675964 0.9915459156036377 0.3194494843482971 0.9909781614939371 0.31831395626068115 0.9875715573628744
0 0.2668362557888031 0.9722417195638021 0.2793271541595459 0.9847327073415121 0.2899255156517029 0.9946686426798502 0.29333212971687317 0.9989269574483236 0.2717569172382355 0.9989269574483236 0.23882631957530975 0.9983591238657633 0.23041196167469025 0.9990234375 0.2180081158876419 0.9986430803934733 0.22936350107192993 0.9895587762196859 0.23466266691684723 0.9801905155181885 0.24753208458423615 0.9742290178934733 0.24526101350784302 0.9611702760060629 0.24526101350784302 0.9554926554361979 0.2562378942966461 0.9614541530609131 0.2649436891078949 0.9691190719604492
1 0.10715553909540176 0.3379128376642863 0.1352687031030655 0.3440163532892863 0.15080492198467255 0.35067470868428546 0.15598367154598236 0.36288173993428546 0.14636600017547607 0.3734241724014282 0.13008995354175568 0.38174716631571454 0.11381391435861588 0.37508877118428546 0.09975734353065491 0.3700949748357137 0.09383878111839294 0.3589977025985718
1 0.15894295275211334 0.3684304157892863 0.14784564077854156 0.3823020060857137 0.1404474526643753 0.390625 0.1485854685306549 0.4017223119735718 0.158203125 0.40727094809214276 0.1729995161294937 0.40116743246714276 0.1744791716337204 0.39506391684214276 0.1663411408662796 0.38174716631571454 0.17004024982452393 0.3734241724014282
1 0.42305871844291687 0.2646706501642863 0.43415603041648865 0.2796519994735718 0.4459931552410126 0.29019443194071454 0.45191168785095215 0.30073686440785724 0.4459931552410126 0.31294389565785724 0.44081437587738037 0.32071201006571454 0.4282374382019043 0.3196022907892863 0.4141808748245239 0.3118341565132141 0.405303031206131 0.30240146319071454 0.40604284405708313 0.29019443194071454 0.4038233757019043 0.2741033434867859 0.40308356285095215 0.2663352092107137 0.41270124912261963 0.26522548993428546
1 0.3979048430919647 0.30517578125 0.40974196791648865 0.3179376721382141 0.4156605005264282 0.32515092690785724 0.4171401560306549 0.3395773967107137 0.42749762535095215 0.3490101099014282 0.4385949373245239 0.35566850503285724 0.44377365708351135 0.359552542368571 0.43711531162261963 0.3662109375 0.4311967194080353 0.3712047338485718 0.4186197817325592 0.36954013506571454 0.405303031206131 0.372314453125 0.39494553208351135 0.3684304157892863 0.3845880925655365 0.35844282309214276 0.37423059344291687 0.34457119305928546 0.36905184388160706 0.33291904131571454 0.36757218837738037 0.3179376721382141 0.3697916567325592 0.30961469809214276 0.3727509677410126 0.3057306408882141 0.3838482201099396 0.3057306408882141
1 0.3979048430919647 0.5620783170064291 0.40974196791648865 0.5704012711842855 0.41787996888160706 0.5748401880264282 0.4067826569080353 0.5831631819407145 0.399384468793869 0.5914861361185709 0.3905066251754761 0.5948153336842855 0.3764500617980957 0.5903764565785726 0.36905184388160706 0.5842729409535726 0.37571021914482117 0.5720659097035726 0.3875473439693451 0.5648526350657145
1 0.3653527498245239 0.5903764565785726 0.374970406293869 0.5992542505264282 0.37718987464904785 0.6053577661514282 0.356474906206131 0.6097966829935709 0.33797940611839294 0.6097966829935709 0.3209635317325592 0.6131258805592855 0.31356534361839294 0.6036931673685709 0.3098662495613098 0.5914861361185709 0.3157847821712494 0.5892666975657145 0.33280065655708313 0.5887118180592855 0.3453775942325592 0.5892666975657145
1 0.3912464380264282 0.6059126059214274 0.3964252173900604 0.6120161215464274 0.3875473439693451 0.6159001986185709 0.380888968706131 0.6092418432235718
1 0.4067826569080353 0.616455078125 0.42453834414482117 0.6281072298685709 0.4267578125 0.6386497020721436 0.4075224697589874 0.6392045815785726 0.39864465594291687 0.6325461864471436 0.3942057192325592 0.6236683130264282
1 0.42897728085517883 0.6453080972035726 0.42601799964904785 0.6636186440785726 0.4186197817325592 0.6769353548685709 0.41787996888160706 0.6797096729278564 0.4282374382019043 0.689697265625 0.4334162175655365 0.6952459017435709 0.42749762535095215 0.7002397378285726 0.4075224697589874 0.6902521451314291 0.3912464380264282 0.684703509012858 0.39198625087738037 0.6691672801971436 0.3979048430919647 0.6547407309214274 0.40456321835517883 0.6453080972035726 0.4171401560306549 0.6441983381907145
1 0.3779296875 0.6142356395721436 0.38680753111839294 0.6220037142435709 0.3927260935306549 0.6319913069407145 0.3971650302410126 0.6430885791778564 0.3890269994735718 0.6541858911514282 0.37571021914482117 0.6591796875 0.3683120310306549 0.6547407309214274 0.36239346861839294 0.6375399430592855 0.36091384291648865 0.6214488744735718 0.3646129369735718 0.6136807600657145
1 0.3764500617980957 0.6647283236185709 0.380888968706131 0.6769353548685709 0.3779296875 0.6874778270721436 0.3653527498245239 0.7052334944407145 0.35425543785095215 0.719105084737142 0.3416785001754761 0.7268732388814291 0.3291015625 0.7329767545064291 0.32318300008773804 0.7290926774342855 0.3372395932674408 0.7063432534535726 0.3357599675655365 0.6830388704935709 0.33797940611839294 0.6708318392435709 0.35425543785095215 0.6669477621714274
1 0.353515625 0.6170099576314291 0.353515625 0.6342107454935709 0.3601740300655365 0.6519664525985718 0.3616536557674408 0.6597345670064291 0.3453775942325592 0.6625088850657145 0.3342802822589874 0.6636186440785726 0.33132103085517883 0.6525212923685709 0.326142281293869 0.6358753442764282 0.3276219069957733 0.6253329118092855 0.33945906162261963 0.6175647974014282
1 0.2965494692325592 0.5953702131907145 0.3091264069080353 0.616455078125 0.3180042803287506 0.640869140625 0.31356534361839294 0.6497469743092855 0.30394768714904785 0.6491920948028564 0.28249290585517883 0.634765625 0.2669566571712494 0.6314364274342855 0.25955846905708313 0.6214488744735718 0.25807884335517883 0.6125710010528564
1 0.21147017180919647 0.5848277807235718 0.2344045788049698 0.6014737288157145 0.24032314121723175 0.6114612817764282 0.22700639069080353 0.6253329118092855 0.2136896252632141 0.6430885791778564 0.20703125 0.6380948225657145 0.20111268758773804 0.6214488744735718 0.19149501621723175 0.6086870034535726
1 0.2040719836950302 0.6536310513814291 0.20703125 0.6752707958221436 0.21442945301532745 0.6980202198028564 0.21738873422145844 0.7063432534535726 0.21294981241226196 0.7168856461842855 0.20111268758773804 0.7290926774342855 0.19297467172145844 0.733531634012858 0.18187737464904785 0.7285377979278564 0.18853574991226196 0.7163307666778564 0.18335700035095215 0.6941362222035726 0.18335700035095215 0.6769353548685709 0.19001539051532745 0.6586248079935709 0.19815342128276825 0.6458629369735718
1 0.26621684432029724 0.7340864340464274 0.28249290585517883 0.7407448291778564 0.27139559388160706 0.7490678628285726 0.2573390305042267 0.7512873013814291 0.24846117198467255 0.757945696512858 0.24180279672145844 0.751842180887858 0.2395833283662796 0.743519147237142 0.24254260957241058 0.7346413135528564 0.25659918785095215 0.731312115987142
1 0.1500651091337204 0.4128195842107137 0.14932528138160706 0.42391689618428546 0.13896779716014862 0.4383434057235718 0.13674834370613098 0.44833095868428546 0.12787050008773804 0.45498935381571454 0.11159446090459824 0.4588733911514282 0.109375 0.4322398900985718 0.11381391435861588 0.4150390625 0.12787050008773804 0.40005771319071454 0.13156960904598236 0.39839311440785724 0.13970762491226196 0.4050515095392863
1 0.1759588122367859 0.46664150555928546 0.19371448457241058 0.47607421875 0.1988932341337204 0.49161044756571454 0.18853574991226196 0.4954944849014282 0.16708095371723175 0.4871715307235718 0.15302439033985138 0.4810680150985718 0.16338185966014862 0.46830610434214276
1 0.23366476595401764 0.4555441935857137 0.24032314121723175 0.4649769067764282 0.2284860461950302 0.47329990069071454 0.20703125 0.47274502118428546 0.20111268758773804 0.47163530190785724 0.21590907871723175 0.46220258871714276
1 0.9971590638160706 0.6497469743092855 0.9986386895179749 0.6752707958221436 1.0 0.7018155256907145 1.0 0.7174405256907145 0.9868016242980957 0.701904296875 0.9831025004386902 0.689697265625 0.9816228747367859 0.6819291909535726 0.9845821857452393 0.6758256753285726 0.9875414371490479 0.6680575211842855 0.9860618114471436 0.6580699682235718 0.9868016242980957 0.6503018538157145
1 0.8122040629386902 0.38174716631571454 0.806285560131073 0.39339931805928546 0.7922289371490479 0.396728515625 0.7863103747367859 0.390625 0.7900094985961914 0.38119228680928546 0.7914891242980957 0.37564365069071454 0.8025863766670227 0.377863089243571
1 0.9949396252632141 0.5576393604278564 0.9808830618858337 0.5698463916778564 0.9631273746490479 0.5826083024342855 0.9572088122367859 0.5887118180592855 0.9727450013160706 0.5942604541778564 0.9845821857452393 0.6009188493092855 0.9986386895179749 0.5931507349014282 0.9978988766670227 0.5731755892435709
1 0.9572088122367859 0.59814453125 0.9720051884651184 0.6059126059214274 0.952769935131073 0.6125710010528564 0.9424123764038086 0.6125710010528564 0.9490707516670227 0.5998090902964274
1 0.9475911259651184 0.5898215770721436 0.9409327507019043 0.6031383275985718 0.9342743754386902 0.6142356395721436 0.9246566891670227 0.6181196371714274 0.9046816229820251 0.6175647974014282 0.8928444385528564 0.6159001986185709 0.8854462504386902 0.6075772444407145 0.8861860632896423 0.5992542505264282 0.9032019972801208 0.5853826204935709 0.9165186882019043 0.5814985434214274 0.9313151240348816 0.5781694253285726
1 0.8255208134651184 0.5576393604278564 0.8425366878509521 0.57373046875 0.8425366878509521 0.5809437036514282 0.8218217492103577 0.5870472192764282 0.8107244372367859 0.5842729409535726 0.8033261895179749 0.5759499073028564 0.8159031867980957 0.5604137182235718
1 0.8736091256141663 0.6281072298685709 0.8736091256141663 0.640869140625 0.8536339402198792 0.6386497020721436 0.8521543145179749 0.6281072298685709
1 0.7360026240348816 0.2569025158882141 0.7212061882019043 0.2757679224014282 0.7034505009651184 0.2879749536514282 0.6923532485961914 0.2968527873357137 0.6871744990348816 0.3134987751642863 0.6790364384651184 0.3196022907892863 0.6686789989471436 0.311279296875 0.6538825631141663 0.2979625463485718 0.6605409383773804 0.27299360434214276 0.6671993732452393 0.2618963122367859 0.6827355027198792 0.2585671345392863 0.7101089358329773 0.2574573755264282 0.7212061882019043 0.2552379369735718
1 0.7470998764038086 0.31460849444071454 0.7589370608329773 0.33236416180928546 0.7700343132019043 0.342351754506429 0.7692945003509521 0.3490101099014282 0.7544980645179749 0.35122958819071454 0.7367424368858337 0.3578879435857137 0.7241654992103577 0.37508877118428546 0.7175071239471436 0.383966604868571 0.7093691229820251 0.384521484375 0.7034505009651184 0.3773082494735718 0.6960523128509521 0.37397905190785724 0.7019708752632141 0.36343661944071454 0.6975319385528564 0.353449026743571 0.6916134357452393 0.342351754506429 0.6997514367103577 0.33125444253285724 0.7204663753509521 0.3245960474014282
1 0.6908735632896423 0.31904741128285724 0.6967921257019043 0.32515092690785724 0.689393937587738 0.3345836400985718 0.6834754347801208 0.33846767743428546 0.6731178760528564 0.33236416180928546 0.6805160641670227 0.323486328125
1 0.6339074373245239 0.20308061440785727 0.6516631245613098 0.21806196371714273 0.652402937412262 0.2385919690132141 0.6561020016670227 0.25468305746714276 0.6590613126754761 0.262451171875 0.6442648768424988 0.27021928628285724 0.6294685006141663 0.2663352092107137 0.6139323115348816 0.25357333819071454 0.5961766242980957 0.2469149430592855 0.5895182490348816 0.24192116657892862 0.5969164371490479 0.2313787341117859 0.6213304996490479 0.2291592756907145 0.6294685006141663 0.2191717028617859
1 0.6516631245613098 0.27743252118428546 0.6479640007019043 0.30073686440785724 0.6302083134651184 0.2829811970392863 0.6139323115348816 0.2757679224014282
1 0.4607895314693451 0.42391689618428546 0.454131156206131 0.458318551381429 0.44895240664482117 0.47773881753285724 0.4496922492980957 0.49161044756571454 0.4452533423900604 0.4993785619735718 0.42897728085517883 0.5010431607564291 0.4171401560306549 0.49161044756571454 0.4075224697589874 0.4782936970392863 0.40012428164482117 0.4555441935857137 0.39494553208351135 0.433904488881429 0.3964252173900604 0.4189230998357137 0.42897728085517883 0.41670366128285724 0.454131156206131 0.4189230998357137
1 0.4400745630264282 0.5077015161514282 0.4593099057674408 0.5032625993092855 0.47188684344291687 0.5071466763814291 0.4770655632019043 0.5226829051971436 0.47188684344291687 0.537109375 0.4578302800655365 0.537109375 0.4393347501754761 0.5393288135528564 0.42749762535095215 0.5376642545064291 0.4282374382019043 0.5226829051971436
1 0.5355113744735718 0.4993785619735718 0.5510476231575012 0.5165793895721436 0.5599254369735718 0.5304509798685709 0.5599254369735718 0.5415483315785726 0.548828125 0.5532004833221436 0.5399503111839294 0.5593039989471436 0.5229344367980957 0.5565296411514282 0.5 0.5615234375 0.4881628751754761 0.5581942399342855 0.47780540585517883 0.5465420881907145 0.4822443425655365 0.5321155786514282 0.4881628751754761 0.5182439486185709
1 0.5599254369735718 0.00221946028371652 0.5747218132019043 0.019975143174330395 0.5739820003509521 0.03329190115133921 0.5554865002632141 0.04383433858553568 0.5369910001754761 0.04438920319080353 0.530332624912262 0.028852981825669605 0.5325520634651184 0.009987571587165197
1 0.5599254369735718 0.054376776019732155 0.5813801884651184 0.07157759368419647 0.6043146252632141 0.07435191671053569 0.6006155610084534 0.08489434917767842 0.5821200013160706 0.091552734375 0.5695430636405945 0.10819868246714275 0.5614050626754761 0.12096058328946431 0.5495679378509521 0.10597922404607137 0.542909562587738 0.09543679157892863 0.5362511873245239 0.08822354674339294 0.5466086268424988 0.07768110930919647 0.5421697497367859 0.055486505230267845
1 0.5266335606575012 0.00443892056743304 0.5236742496490479 0.016091085970401764 0.518495500087738 0.019975143174330395 0.5066583752632141 0.013871626307566961 0.5029593110084534 0.00943270574013392 0.5170158743858337 0.005548650398850441
1 0.774473249912262 0.3867409626642863 0.7826113104820251 0.39839311440785724 0.781871497631073 0.403386910756429 0.7559776902198792 0.40283203125 0.7352628111839294 0.40449663003285724 0.7175071239471436 0.40283203125 0.713808000087738 0.3956187963485718 0.7226858139038086 0.3884055217107137
1 0.8181226253509521 0.4050515095392863 0.8299598097801208 0.4200328588485718 0.8107244372367859 0.42280717690785724 0.8025863766670227 0.41836826006571454 0.79296875 0.4039417505264282
1 0.8240411877632141 0.4283558130264282 0.835878312587738 0.43667880694071454 0.8299598097801208 0.46109286944071454 0.8388376235961914 0.47274502118428546 0.8440163135528564 0.48384233315785724 0.8447561264038086 0.493829886118571 0.8343986868858337 0.4993785619735718 0.830699622631073 0.48994584878285724 0.8247810006141663 0.47440961996714276 0.8144235610961914 0.469415823618571 0.804066002368927 0.4627574682235718 0.79296875 0.45332475503285724 0.7922289371490479 0.4477761189142863 0.8003669381141663 0.427800973256429
0 0.8462358117103577 0.5043723583221436 0.8514145016670227 0.5182439486185709 0.8454959392547607 0.531005859375 0.8388376235961914 0.5359996557235718 0.8329190611839294 0.5254572232564291 0.8270004391670227 0.5138050317764282 0.8299598097801208 0.5054820775985718
1 0.7855705618858337 0.408380667368571 0.7922289371490479 0.4172585407892863 0.79296875 0.42558149496714276 0.7885298132896423 0.44389204184214276 0.7715139389038086 0.445556640625 0.750059187412262 0.4527698755264282 0.7426609992980957 0.45942827065785724 0.7286043763160706 0.45166015625 0.7197265625 0.44389204184214276 0.7182469367980957 0.43057529131571454 0.7130681872367859 0.41836826006571454 0.7189867496490479 0.408380667368571
1 0.7101089358329773 0.4067160685857137 0.7056699395179749 0.420587698618571 0.6938328742980957 0.4261363744735718 0.6790364384651184 0.427800973256429 0.689393937587738 0.41170986493428546
1 0.7204663753509521 0.452215035756429 0.7360026240348816 0.4638671875 0.7507990002632141 0.4627574682235718 0.757457435131073 0.47329990069071454 0.7581972479820251 0.48384233315785724 0.7478396892547607 0.4966042439142863 0.744140625 0.48550693194071454 0.733043372631073 0.48051313559214276 0.7108487486839294 0.4843972126642863 0.6990115642547607 0.48051313559214276 0.706409752368927 0.463312307993571 0.7123283743858337 0.45166015625
1 0.6745975017547607 0.5010431607564291 0.6760771870613098 0.5243474642435709 0.6745975017547607 0.5298961400985718 0.6590613126754761 0.5332252979278564 0.6442648768424988 0.5343350569407145 0.6553621888160706 0.5143598715464274 0.6671993732452393 0.4982688029607137
1 0.701231062412262 0.5265669027964274 0.7286043763160706 0.5282315413157145 0.7397016882896423 0.5354448159535726 0.7470998764038086 0.54931640625 0.7448804378509521 0.5631879965464274 0.7397016882896423 0.5704012711842855 0.7241654992103577 0.567626953125 0.7019708752632141 0.5576393604278564 0.681995689868927 0.5526456038157145 0.681995689868927 0.5409934520721436 0.6827355027198792 0.5321155786514282
1 0.6731178760528564 0.5354448159535726 0.6753373742103577 0.5487615267435709 0.6716382503509521 0.5593039989471436 0.6561020016670227 0.5726207494735718 0.6479640007019043 0.5837180614471436 0.6383463740348816 0.5925958951314291 0.6242898106575012 0.5931507349014282 0.6198508143424988 0.5831631819407145 0.6191110014915466 0.5654075145721436 0.616151750087738 0.555419921875 0.6294685006141663 0.5404385725657145 0.6420454382896423 0.5393288135528564
1 0.640565812587738 0.59814453125 0.6561020016670227 0.6159001986185709 0.6538825631141663 0.628662109375 0.6442648768424988 0.6275523900985718 0.6257694363594055 0.6247780323028564 0.6117128133773804 0.628662109375 0.5961766242980957 0.6236683130264282 0.5872987508773804 0.6175647974014282 0.5747218132019043 0.6109064420064291 0.5628846883773804 0.6142356395721436 0.5569661259651184 0.6220037142435709 0.542909562587738 0.6214488744735718 0.5392104983329773 0.6147905190785726 0.5362511873245239 0.6009188493092855 0.5355113744735718 0.5925958951314291 0.5392104983329773 0.5753950277964274 0.5406901240348816 0.5659623940785726 0.5569661259651184 0.5532004833221436 0.5799005627632141 0.5570844809214274 0.6020951867103577 0.5587491194407145 0.6080137491226196 0.5626331567764282 0.6094933748245239 0.579833984375 0.6124526858329773 0.5914861361185709 0.6168915629386902 0.5953702131907145 0.6250296235084534 0.5986994107564291
1 0.3905066251754761 0.4139293432235718 0.37866950035095215 0.4139293432235718 0.3697916567325592 0.4222522974014282 0.35721471905708313 0.427800973256429 0.34463778138160706 0.42891069253285724 0.353515625 0.4416726032892863 0.3616536557674408 0.4599831501642863 0.3683120310306549 0.4660866657892863 0.38828718662261963 0.46053798993428546 0.3912464380264282 0.45166015625 0.3897668123245239 0.4383434057235718
1 0.3905066251754761 0.46664150555928546 0.3979048430919647 0.4810680150985718 0.41122159361839294 0.494939645131429 0.4186197817325592 0.5015980005264282 0.4156605005264282 0.5071466763814291 0.405303031206131 0.5071466763814291 0.3956853449344635 0.5015980005264282 0.3845880925655365 0.49715908368428546 0.3660925626754761 0.5021528402964274 0.356474906206131 0.5060369173685709 0.356474906206131 0.499933401743571 0.3668323755264282 0.494384765625 0.3734907805919647 0.4905007282892863 0.3720111548900604 0.482732613881429 0.3697916567325592 0.4738547404607137 0.38014915585517883 0.46830610434214276
1 0.5325520634651184 0.628662109375 0.5569661259651184 0.6297718286514282 0.5651041865348816 0.634765625 0.5658439993858337 0.6441983381907145 0.5473484992980957 0.6602894067764282 0.5392104983329773 0.6797096729278564 0.5332918763160706 0.6858131885528564 0.5125769376754761 0.6852583090464274 0.49926018714904785 0.6741610368092855 0.4940814673900604 0.6686124006907145 0.5007398128509521 0.6541858911514282 0.5118371248245239 0.6380948225657145 0.5229344367980957 0.6308815479278564
1 0.5710226893424988 0.6503018538157145 0.5769413113594055 0.6564053694407145 0.5747218132019043 0.6691672801971436 0.5821200013160706 0.6802645524342855 0.5865589380264282 0.684703509012858 0.5850793123245239 0.700794537862142 0.5821200013160706 0.7124467690785726 0.5725023746490479 0.7135564486185709 0.5606652498245239 0.714111328125 0.5495679378509521 0.7041237354278564 0.5443891882896423 0.6891423861185709 0.5495679378509521 0.6747159163157145 0.5614050626754761 0.6558504899342855
1 0.9305753111839294 0.678599993387858 0.9557291865348816 0.6841486295064291 0.9690459370613098 0.6863680680592855 0.9808830618858337 0.6980202198028564 0.9845821857452393 0.713001569112142 0.9808830618858337 0.726318359375 0.9601681232452393 0.7318669954935709 0.9461115002632141 0.732421875 0.9216974377632141 0.7290926774342855 0.9083806872367859 0.7235440413157145 0.8980231881141663 0.713001569112142 0.9024620652198792 0.703014055887858
1 0.9919803142547607 0.726318359375 0.9971590638160706 0.7307573159535726 0.9964192509651184 0.7401899496714274 0.9890210628509521 0.7462934652964274 0.969785749912262 0.7501775423685709 0.9535097479820251 0.7523969809214274 0.9350141882896423 0.7585004965464274 0.9276160597801208 0.7601651350657145 0.9120798110961914 0.7568359375 0.9046816229820251 0.7529518604278564 0.9061612486839294 0.7390802701314291 0.9054214358329773 0.731312115987142 0.926136314868927 0.7368608315785726 0.9572088122367859 0.7379705111185709 0.9794034361839294 0.731312115987142
1 0.999378502368927 0.7540616194407145 1.0 0.7717729409535726 1.0 0.7978959878285726 0.9986386895179749 0.8184259732564291 0.999378502368927 0.830078125 0.9978988766670227 0.8339622020721436 0.9905006885528564 0.831187884012858 0.9845821857452393 0.8217551708221436 0.9897608757019043 0.8112126986185709 0.9927201867103577 0.8028897444407145 0.9934599995613098 0.7951215902964274 0.9831025004386902 0.7917924722035726 0.969785749912262 0.787353515625 0.974964439868927 0.7779208024342855 0.9727450013160706 0.7651588916778564 0.974964439868927 0.7551713784535726 0.9868016242980957 0.7529518604278564
1 0.8921046257019043 0.7240989208221436 0.8943240642547607 0.7407448291778564 0.8950639367103577 0.7535067399342855 0.8854462504386902 0.7668235301971436 0.8728693127632141 0.7757013638814291 0.860292375087738 0.7773659229278564 0.8506746888160706 0.7718172868092855 0.8410570621490479 0.7573908170064291 0.8373579382896423 0.743519147237142 0.8351384997367859 0.7290926774342855 0.8380978107452393 0.725208600362142 0.8565933108329773 0.7296475569407145 0.8780480027198792 0.7346413135528564 0.8839666247367859 0.731312115987142
1 0.9009824395179749 0.7646040121714274 0.9150390625 0.76904296875 0.9239168763160706 0.7818048795064291 0.9231770634651184 0.798450787862142 0.9113399982452393 0.8089932600657145 0.8928444385528564 0.8139870166778564 0.877308189868927 0.8150967756907145 0.8669507503509521 0.8145418961842855 0.8580729365348816 0.8073286215464274 0.8543738722801208 0.794566790262858 0.8610321879386902 0.7845791975657145 0.884706437587738 0.776256243387858
1 0.8025863766670227 0.7046786149342855 0.8203420639038086 0.7135564486185709 0.828480064868927 0.7207697232564291 0.8247810006141663 0.732421875 0.8188624382019043 0.745738665262858 0.8166429996490479 0.750732421875 0.8077651858329773 0.7407448291778564 0.7914891242980957 0.7412997086842855 0.7826113104820251 0.749622662862142 0.7707741260528564 0.7512873013814291 0.7752130627632141 0.7379705111185709 0.7803917527198792 0.726318359375 0.7914891242980957 0.7157758871714274
1 0.8299598097801208 0.749622662862142 0.8366181254386902 0.7612748940785726 0.8440163135528564 0.7729270458221436 0.8484552502632141 0.7818048795064291 0.8469756245613098 0.7906827131907145 0.835878312587738 0.7906827131907145 0.830699622631073 0.7779208024342855 0.8203420639038086 0.770152727762858 0.8159031867980957 0.762939453125 0.8188624382019043 0.7551713784535726
1 0.8159031867980957 0.7779208024342855 0.8292198777198792 0.792347272237142 0.8321792483329773 0.8001154263814291 0.8277402520179749 0.8062189420064291 0.8144235610961914 0.8162065347035726 0.8070253729820251 0.8206454118092855 0.787050187587738 0.8150967756907145 0.7641157507896423 0.81787109375 0.750059187412262 0.823974609375 0.7470998764038086 0.8206454118092855 0.7537582516670227 0.8056640625 0.7537582516670227 0.7940119107564291 0.7537582516670227 0.7834694385528564 0.7803917527198792 0.776256243387858 0.8003669381141663 0.7779208024342855
1 0.8159031867980957 0.8256391684214274 0.8225615620613098 0.8295232454935709 0.841796875 0.837291399637858 0.828480064868927 0.8450594743092855 0.8247810006141663 0.8517178694407145 0.8255208134651184 0.861705462137858 0.8129438757896423 0.8611505826314291 0.7974076867103577 0.8511629899342855 0.7766926884651184 0.8544921875 0.8055457472801208 0.8395108381907145
1 0.7249053120613098 0.8378461996714274 0.7323035597801208 0.8506081104278564 0.7419211864471436 0.8583762645721436 0.7434008121490479 0.865589459737142 0.7374822497367859 0.8722478548685709 0.7241654992103577 0.8794611295064291 0.7130681872367859 0.8639249006907145 0.7123283743858337 0.853382428487142
1 0.4334162175655365 0.05770596365133921 0.44895240664482117 0.08212003111839294 0.45487096905708313 0.10708895325660706 0.4496922492980957 0.11985085407892863 0.4200994074344635 0.12595436970392862 0.4008641242980957 0.12595436970392862 0.3860677182674408 0.11652166644732158 0.3734907805919647 0.09932084878285725 0.36905184388160706 0.08433948953946431 0.4067826569080353 0.06658380230267842
1 0.3601740300655365 0.08877840638160706 0.37718987464904785 0.11763139565785725 0.3601740300655365 0.12151544292767842 0.35277581214904785 0.1276189684867859 0.3483369052410126 0.11541192730267842 0.34463778138160706 0.09543679157892863 0.3387192189693451 0.08933327595392863
1 0.45857009291648865 0.1276189684867859 0.4704072177410126 0.146484375 0.47484612464904785 0.15980114539464316 0.4578302800655365 0.17311789592107138 0.4400745630264282 0.18199572960535684 0.43563565611839294 0.1858797868092855 0.4171401560306549 0.16368518273035684 0.4075224697589874 0.15092329184214273 0.405303031206131 0.13760653138160706
1 0.40456321835517883 0.16368518273035684 0.4215790927410126 0.18088601032892862 0.4334162175655365 0.1947576403617859 0.4149206876754761 0.2041903336842855 0.40234375 0.2041903336842855 0.3912464380264282 0.1958673596382141 0.3779296875 0.17922141154607138 0.3720111548900604 0.1703435778617859 0.3912464380264282 0.16923383871714273
1 0.5258936882019043 0.1675692399342855 0.5510476231575012 0.177001953125 0.5614050626754761 0.189208984375 0.5621448755264282 0.20918413003285727 0.5577059388160706 0.21750710407892862 0.542909562587738 0.21251330773035684 0.5325520634651184 0.20640979210535684 0.5236742496490479 0.18532492717107138 0.5199751257896423 0.1764470934867859
1 0.5621448755264282 0.22416547934214273 0.5658439993858337 0.2347079118092855 0.5621448755264282 0.2507990002632141 0.5584457516670227 0.2613414525985718 0.5503077507019043 0.26078657309214276 0.5443891882896423 0.2469149430592855 0.5458688139915466 0.2291592756907145 0.5480883121490479 0.2225008805592855
1 0.5858191251754761 0.2752130627632141 0.6361268758773804 0.3245960474014282 0.6501834988594055 0.33846767743428546 0.6324278116226196 0.341241995493571 0.6183711886405945 0.3467906713485718 0.6006155610084534 0.3490101099014282 0.5813801884651184 0.3467906713485718 0.5688032507896423 0.342351754506429 0.5606652498245239 0.33402876059214276 0.5599254369735718 0.31571821371714276 0.5732421875 0.2907492717107137
1 0.5599254369735718 0.341796875 0.554746687412262 0.35677822430928546 0.554746687412262 0.36343661944071454 0.5702828764915466 0.353449026743571 0.5665838122367859 0.347345511118571
1 0.3091264069080353 0.2635608911514282 0.3209635317325592 0.2752130627632141 0.3239228129386902 0.2863103747367859 0.31874409317970276 0.2979625463485718 0.301728218793869 0.29574306805928546 0.28767165541648865 0.2951882282892863 0.2758345305919647 0.2813165783882141 0.2669566571712494 0.2741033434867859 0.27139559388160706 0.26078657309214276 0.2869318127632141 0.2630060315132141
1 0.2995087504386902 0.360662301381429 0.30838659405708313 0.36787553628285724 0.29876893758773804 0.383966604868571 0.2787937819957733 0.4017223119735718 0.2706557810306549 0.4111550251642863 0.2543797194957733 0.408935546875 0.2410629838705063 0.40560634930928546 0.24476207792758942 0.3956187963485718 0.2492009997367859 0.37564365069071454 0.24846117198467255 0.3639914592107137 0.24254260957241058 0.353449026743571 0.24994081258773804 0.347345511118571 0.258818656206131 0.3551136255264282 0.277314156293869 0.3662109375
1 0.3239228129386902 0.4505504369735718 0.3239228129386902 0.46719638506571454 0.31874409317970276 0.487726370493571 0.31208571791648865 0.50048828125 0.2950698435306549 0.49882368246714276 0.30098840594291687 0.48384233315785724 0.301728218793869 0.4638671875
1 0.13674834370613098 0.4588733911514282 0.15302439033985138 0.469415823618571 0.14784564077854156 0.47884853680928546 0.13452889025211334 0.48051313559214276 0.12417140603065491 0.4771839380264282 0.11159446090459824 0.4738547404607137 0.1108546331524849 0.4677512248357137 0.12195193767547607 0.4599831501642863
1 0.08792021870613098 0.353449026743571 0.09013967961072922 0.3684304157892863 0.0768229141831398 0.3734241724014282 0.07016453891992569 0.3623269001642863 0.06424597650766373 0.35566850503285724 0.07460346072912216 0.3490101099014282
1 0.09679806232452393 0.377863089243571 0.12417140603065491 0.390070120493571 0.11233428120613098 0.4067160685857137 0.10271661728620529 0.432794729868571 0.10345643758773804 0.45443447430928546 0.10419625788927078 0.4710804224014282 0.10567589849233627 0.48051313559214276 0.09679806232452393 0.4871715307235718 0.09161932021379471 0.47163530190785724 0.08052201569080353 0.45443447430928546 0.06942471116781235 0.45166015625 0.04279119148850441 0.44888583819071454 0.024295689538121223 0.452215035756429 0.03761245310306549 0.426691214243571 0.038352273404598236 0.40283203125 0.0686848983168602 0.4067160685857137 0.08200165629386902 0.396173636118571 0.08126183599233627 0.3795276880264282
1 0.16116240620613098 0.5365544954935709 0.17151989042758942 0.5498712857564291 0.19371448457241058 0.5615234375 0.1922348588705063 0.5704012711842855 0.17817826569080353 0.5765047868092855 0.16338185966014862 0.5792791048685709 0.15746329724788666 0.5765047868092855 0.15746329724788666 0.5659623940785726 0.15302439033985138 0.555419921875 0.13822798430919647 0.5559748013814291 0.13082978129386902 0.5576393604278564 0.13452889025211334 0.5482066869735718 0.13822798430919647 0.5354448159535726 0.14636600017547607 0.5337801774342855
1 0.17743843793869019 0.16202059388160706 0.18705610930919647 0.18088601032892862 0.19001539051532745 0.2019708752632141 0.1892755627632141 0.21528764565785727 0.19963304698467255 0.22693981726964316 0.2099905163049698 0.23193359375 0.23514442145824432 0.2347079118092855 0.2514204680919647 0.2496892809867859 0.25216028094291687 0.23970170815785727 0.26325759291648865 0.2225008805592855 0.26991596817970276 0.21528764565785727 0.277314156293869 0.18754438559214273 0.27435487508773804 0.18310546875 0.25807884335517883 0.18310546875 0.24550189077854156 0.177001953125 0.23070549964904785 0.1642400622367859 0.22404710948467255 0.16035600503285727 0.21147017180919647 0.15647194782892862 0.1922348588705063 0.16035600503285727
1 0.16856060922145844 0.16368518273035684 0.17521898448467255 0.17589221398035684 0.17891807854175568 0.1958673596382141 0.1796579211950302 0.21251330773035684 0.16708095371723175 0.21806196371714273 0.15302439033985138 0.2191717028617859 0.1419270783662796 0.2108487288157145 0.13452889025211334 0.21528764565785727 0.12787050008773804 0.19975141684214273 0.11899265646934509 0.18532492717107138 0.14488635957241058 0.17311789592107138
1 0.1337890625 0.2602316935857137 0.14118726551532745 0.2724387248357137 0.1434067189693451 0.2813165783882141 0.15376420319080353 0.28242631753285724 0.15524384379386902 0.28852983315785724 0.1419270783662796 0.28852983315785724 0.13304923474788666 0.29296875 0.12195193767547607 0.29019443194071454 0.10863517969846725 0.2829811970392863 0.09531841427087784 0.2796519994735718 0.09827769547700882 0.27132900555928546 0.09531841427087784 0.25634765625 0.09531841427087784 0.24580522378285727 0.11233428120613098 0.25468305746714276
1 0.0930989608168602 0.21195844809214273 0.09975734353065491 0.22416547934214273 0.08570075780153275 0.2324884533882141 0.0849609375 0.250244140625 0.08718039840459824 0.26522548993428546 0.0864405706524849 0.2752130627632141 0.07830255478620529 0.28242631753285724 0.06646543741226196 0.2924138903617859 0.05684777721762657 0.29574306805928546 0.04723011329770088 0.2968527873357137 0.03761245310306549 0.30073686440785724 0.04575047269463539 0.2846457560857137 0.0442708320915699 0.26689008871714276 0.0524088554084301 0.25912197430928546 0.06720525771379471 0.2541281779607137 0.06572561711072922 0.2413663069407145 0.06794507801532745 0.22472033898035684 0.0768229141831398 0.2197265625
1 0.02503550983965397 0.2008611559867859 0.03243371099233627 0.21528764565785727 0.033913351595401764 0.23581765095392862 0.036872632801532745 0.24857954184214273 0.02503550983965397 0.2557927966117859 0.013938209973275661 0.25634765625 0.004320549312978983 0.2618963122367859 0.0035807292442768812 0.2552379369735718 0.0028409091755747795 0.24025656779607138 0.002101089106872678 0.23193359375 0.010978929698467255 0.2252752184867859 0.015417850576341152 0.213623046875 0.017637310549616814 0.2019708752632141
1 0.5332918763160706 0.6919167041778564 0.542909562587738 0.703014055887858 0.5517874360084534 0.7163307666778564 0.5406901240348816 0.7307573159535726 0.5347715616226196 0.7346413135528564 0.5236742496490479 0.7246538003285726 0.5162760615348816 0.714111328125 0.5096176266670227 0.7063432534535726 0.5081380009651184 0.6980202198028564 0.5177556872367859 0.6891423861185709
1 0.4889026880264282 0.6747159163157145 0.5007398128509521 0.6852583090464274 0.4955610930919647 0.6952459017435709 0.48446378111839294 0.7024591763814291 0.472626656293869 0.6991299788157145 0.4570904076099396 0.6974653402964274 0.451171875 0.6924715836842855 0.45857009291648865 0.682483990987142 0.4622691869735718 0.677490234375 0.4741063117980957 0.6830388704935709
1 0.5421697497367859 0.7412997086842855 0.5554865002632141 0.7607200145721436 0.5643643736839294 0.7784756819407145 0.5680634379386902 0.79345703125 0.5636245608329773 0.8123224576314291 0.5510476231575012 0.8278586864471436 0.5258936882019043 0.8278586864471436 0.5073981881141663 0.8284135659535726 0.5118371248245239 0.81787109375 0.5073981881141663 0.8001154263814291 0.4866832494735718 0.7912375926971436 0.4674479067325592 0.7856889565785726 0.454131156206131 0.7851340770721436 0.4526515007019043 0.7723721663157145 0.4630089998245239 0.7585004965464274 0.4755859375 0.7462934652964274 0.5007398128509521 0.755726178487142 0.5251538753509521 0.751842180887858
1 0.5066583752632141 0.1681241194407145 0.4874230623245239 0.1653497815132141 0.4630089998245239 0.177001953125 0.4526515007019043 0.1886541247367859 0.46522843837738037 0.2008611559867859 0.4741063117980957 0.23026899496714273 0.4674479067325592 0.2474698225657145 0.47336646914482117 0.2585671345392863 0.5022194981575012 0.26411577065785724 0.530332624912262 0.2635608911514282 0.542909562587738 0.2585671345392863 0.5399503111839294 0.24913440148035684 0.5384706258773804 0.2313787341117859 0.5377308130264282 0.22139116128285727 0.5258936882019043 0.2069646716117859 0.5170158743858337 0.1897638440132141 0.5125769376754761 0.17811169226964316
1 0.374970406293869 0.18698952595392862 0.3956853449344635 0.20640979210535684 0.3971650302410126 0.21195844809214273 0.3905066251754761 0.2202814221382141 0.37571021914482117 0.22139116128285727 0.36387312412261963 0.2141779065132141 0.3579545319080353 0.20585493246714273 0.3579545319080353 0.19975141684214273
1 0.35129615664482117 0.017200816422700882 0.36387312412261963 0.03329190115133921 0.3616536557674408 0.04494406779607137 0.3520359992980957 0.049382989605267845 0.3416785001754761 0.05104758342107137 0.33649978041648865 0.048828125 0.3291015625 0.037175958355267845 0.32022371888160706 0.026633523404598236 0.31504496932029724 0.018310546875 0.3180042803287506 0.014426490912834803
1 0.33649978041648865 0.1897638440132141 0.350556343793869 0.19364790121714273 0.34611740708351135 0.2041903336842855 0.3387192189693451 0.21251330773035684 0.33132103085517883 0.2263849377632141 0.3372395932674408 0.238037109375 0.3305812180042267 0.24857954184214273 0.30838659405708313 0.2574573755264282 0.301728218793869 0.25801225503285724 0.2995087504386902 0.2408114274342855 0.307646781206131 0.2163973649342855 0.3209635317325592 0.19697709878285727
1 0.158203125 0.0013020833333333333 0.1596827656030655 0.012761895855267843 0.14784564077854156 0.027188388009866078 0.13674834370613098 0.037175958355267845 0.12343158572912216 0.04383433858553568 0.1078953668475151 0.04771839578946432 0.09013967961072922 0.04660866657892863 0.0686848983168602 0.038840554654598236 0.0524088554084301 0.032737039029598236 0.04279119148850441 0.026078658799330395 0.038352273404598236 0.011652166644732157 0.03317353129386902 0.0013020833333333333 0.10493608564138412 0.0013020833333333333
1 0.07830255478620529 0.10764382282892863 0.05980705842375755 0.10209516684214275 0.04649029299616814 0.10764382282892863 0.03909209370613098 0.11707652608553569 0.045010652393102646 0.13094815611839294 0.05758759379386902 0.14371004700660706 0.07460346072912216 0.1459295153617859 0.07312382012605667 0.13427734375 0.0768229141831398 0.11707652608553569
1 0.05832741782069206 0.08711381753285725 0.04870975390076637 0.09932084878285725 0.03243371099233627 0.11541192730267842 0.01985677145421505 0.11208273967107137 0.014678030274808407 0.10154030720392863 0.019116951152682304 0.08101029694080353 0.02281605266034603 0.06436434388160706 0.03983191400766373 0.07213245828946431
1 0.08274147659540176 0.5615234375 0.09679806232452393 0.5748401880264282 0.11011482030153275 0.5837180614471436 0.10049715638160706 0.5937055746714274 0.0864405706524849 0.5975896517435709 0.06498579680919647 0.6025834878285726 0.04870975390076637 0.6059126059214274 0.04279119148850441 0.5898215770721436 0.043531015515327454 0.5770596663157145 0.05388849601149559 0.5659623940785726 0.07090435177087784 0.5598588784535726
1 0.03243371099233627 0.5842729409535726 0.03761245310306549 0.6031383275985718 0.027254970744252205 0.6064674854278564 0.020596591755747795 0.6059126059214274 0.00727982958778739 0.6031383275985718 0.008759469725191593 0.5925958951314291 0.017637310549616814 0.5864923795064291
1 0.6420454382896423 0.8722478548685709 0.6509233117103577 0.892223040262858 0.6546223759651184 0.910533587137858 0.6561020016670227 0.9210759798685709 0.6605409383773804 0.934947649637858 0.6679391860961914 0.944935162862142 0.6679391860961914 0.9527033170064291 0.6627604365348816 0.9621360301971436 0.652402937412262 0.9687944253285726 0.646484375 0.9682395458221436 0.6420454382896423 0.9615811506907145 0.6339074373245239 0.9588068326314291 0.6205906867980957 0.963245709737142 0.6109730005264282 0.965465227762858 0.6080137491226196 0.9599165121714274 0.6213304996490479 0.9488192399342855 0.6242898106575012 0.9371670881907145 0.6183711886405945 0.927734375 0.6124526858329773 0.9171919027964274 0.6013553738594055 0.9110883871714274 0.5969164371490479 0.9060946305592855 0.5946969389915466 0.896107037862142 0.5924775004386902 0.8883389631907145 0.5850793123245239 0.8811256885528564 0.5769413113594055 0.8794611295064291 0.5747218132019043 0.8722478548685709 0.5725023746490479 0.86669921875 0.5762014985084534 0.8572665055592855 0.5776811242103577 0.8456143538157145 0.5821200013160706 0.8389559586842855 0.5961766242980957 0.837291399637858 0.591737687587738 0.8428400357564291 0.5843394994735718 0.8550470670064291 0.5828598141670227 0.8661443392435709 0.6006155610084534 0.8672540982564291 0.6220703125 0.8689186573028564
1 0.7996271252632141 0.8877840836842855 0.7863103747367859 0.8855646451314291 0.7781723141670227 0.8855646451314291 0.7685546875 0.897216796875 0.7604166865348816 0.9060946305592855 0.7515388131141663 0.914417584737142 0.7493193745613098 0.9260698159535726 0.7493193745613098 0.9332830111185709 0.757457435131073 0.941051165262858 0.7752130627632141 0.9477094809214274 0.8003669381141663 0.9477094809214274 0.8299598097801208 0.9499289989471436 0.8343986868858337 0.9421608448028564 0.8329190611839294 0.9316184520721436 0.828480064868927 0.9238502979278564 0.8181226253509521 0.9133079051971436 0.8129438757896423 0.9038751920064291 0.8055457472801208 0.8949973583221436
1 0.9971590638160706 0.841175397237142 0.9919803142547607 0.8400657176971436 0.9853219985961914 0.847278912862142 0.9757042527198792 0.8506081104278564 0.9764441847801208 0.8561567465464274 0.9831025004386902 0.861705462137858 0.9845821857452393 0.8705832958221436 0.9808830618858337 0.87890625 0.9897608757019043 0.8866743246714274 0.9978988766670227 0.8916681607564291 0.999378502368927 0.8761319319407145 0.9986386895179749 0.859485944112142
1 0.9498105645179749 0.920521100362142 0.9564689993858337 0.9343927701314291 0.9668264389038086 0.9477094809214274 0.969785749912262 0.9549227555592855 0.9535097479820251 0.9682395458221436 0.939453125 0.9737881819407145 0.9290956854820251 0.9737881819407145 0.9179983139038086 0.9660200277964274 0.9150390625 0.9538129965464274 0.9179983139038086 0.938831647237142 0.9313151240348816 0.9299538135528564
1 0.9320549368858337 0.9798916975657145 0.9446318745613098 0.9843305746714274 0.9483309388160706 0.9932084878285726 0.9475911259651184 0.9987571239471436 0.9224372506141663 0.9982022444407145 0.9106001257896423 0.9982022444407145 0.9202178120613098 0.9871049722035726
1 0.25955846905708313 0.8012251059214274 0.26991596817970276 0.7962313493092855 0.2706557810306549 0.8084383805592855 0.2684363126754761 0.8212002913157145 0.27657434344291687 0.836181640625 0.28915128111839294 0.84228515625 0.3165246248245239 0.8517178694407145 0.3342802822589874 0.8517178694407145 0.3342802822589874 0.8622602621714274 0.32022371888160706 0.8661443392435709 0.3002485930919647 0.8700284163157145 0.2854521870613098 0.865589459737142 0.2669566571712494 0.8583762645721436 0.24550189077854156 0.8528276284535726 0.23366476595401764 0.847278912862142 0.22774620354175568 0.8367365201314291 0.22256748378276825 0.816761334737142 0.23366476595401764 0.8206454118092855 0.24846117198467255 0.8134321371714274
1 0.4385949373245239 0.860595703125 0.4430338442325592 0.8722478548685709 0.45191168785095215 0.8877840836842855 0.4741063117980957 0.8988813559214274 0.49112215638160706 0.9016557534535726 0.5 0.9183016618092855 0.5133167505264282 0.9282892545064291 0.5318122506141663 0.932728131612142 0.5384706258773804 0.9305086930592855 0.5436493754386902 0.9443803628285726 0.5406901240348816 0.9527033170064291 0.5236742496490479 0.9538129965464274 0.5125769376754761 0.9599165121714274 0.5014796257019043 0.9621360301971436 0.5007398128509521 0.9527033170064291 0.49260178208351135 0.938831647237142 0.4822443425655365 0.932728131612142 0.46004971861839294 0.922740618387858 0.44081437587738037 0.916637102762858 0.423798531293869 0.9077592690785726 0.4067826569080353 0.902210553487142 0.3875473439693451 0.8955522378285726 0.37571021914482117 0.8938875993092855 0.3942057192325592 0.885009765625 0.40012428164482117 0.8711381753285726 0.4171401560306549 0.8689186573028564
1 0.478545218706131 0.8578213850657145 0.4918619692325592 0.8672540982564291 0.4866832494735718 0.8766868114471436 0.48964250087738037 0.8894487222035726 0.4903823435306549 0.8949973583221436 0.47484612464904785 0.8916681607564291 0.46522843837738037 0.8872292041778564 0.478545218706131 0.8816805680592855 0.47928503155708313 0.8733576138814291
1 0.13896779716014862 0.6552956104278564 0.1434067189693451 0.6636186440785726 0.1419270783662796 0.678599993387858 0.14932528138160706 0.689697265625 0.1515447348356247 0.7013494173685709 0.14118726551532745 0.7080078125 0.13156960904598236 0.7057883739471436 0.11899265646934509 0.6858131885528564 0.11455374211072922 0.6663929224014282 0.11677319556474686 0.6580699682235718
1 0.10715553909540176 0.6630637645721436 0.11233428120613098 0.6852583090464274 0.11899265646934509 0.6996848583221436 0.1256510466337204 0.7107821305592855 0.12935014069080353 0.7179954051971436 0.13822798430919647 0.7290926774342855 0.11973247677087784 0.7346413135528564 0.10715553909540176 0.7329767545064291 0.10049715638160706 0.7240989208221436 0.09975734353065491 0.7107821305592855 0.09679806232452393 0.696910540262858 0.09087949991226196 0.6797096729278564 0.08939985185861588 0.6686124006907145 0.09679806232452393 0.6619540055592855
1 0.21073035895824432 0.0016645952127873898 0.19963304698467255 0.00943270574013392 0.19001539051532745 0.00388405534128348 0.1729995161294937 0.008322975287834803 0.16708095371723175 0.00443892056743304 0.17004024982452393 0.0013020833333333333
1 0.2218276411294937 0.0027743251994252205 0.23514442145824432 0.005548650398850441 0.2410629838705063 0.011097300797700882 0.24476207792758942 0.01886541148026784 0.2543797194957733 0.022749466200669605 0.25216028094291687 0.027188388009866078 0.23662406206130981 0.02385919789473216 0.21738873422145844 0.019420277327299118 0.20481179654598236 0.028298117220401764 0.2003728747367859 0.028852981825669605 0.20185250043869019 0.012761895855267843
1 0.3239228129386902 0.054931640625 0.3194839060306549 0.06491921345392863 0.32022371888160706 0.0732421875 0.33132103085517883 0.08433948953946431 0.3246626555919647 0.09044300516446431 0.3098662495613098 0.09099786480267842 0.3046875 0.08766867717107137 0.30394768714904785 0.07490678131580353 0.2995087504386902 0.06214488546053568 0.29876893758773804 0.054376776019732155
1 0.7951881885528564 0.5803888638814291 0.8003669381141663 0.5881569385528564 0.8129438757896423 0.5931507349014282 0.8403172492980957 0.5909312963485718 0.8432765007019043 0.5992542505264282 0.8454959392547607 0.6142356395721436 0.8462358117103577 0.6253329118092855 0.8447561264038086 0.6375399430592855 0.8329190611839294 0.6430885791778564 0.8247810006141663 0.6369850635528564 0.8099846243858337 0.6186745166778564 0.7951881885528564 0.6125710010528564 0.7774325013160706 0.6092418432235718 0.7633759379386902 0.6048029263814291 0.757457435131073 0.6020286083221436 0.7559776902198792 0.5898215770721436
1 0.11381391435861588 0.8184259732564291 0.12417140603065491 0.8278586864471436 0.13600851595401764 0.8345170815785726 0.13008995354175568 0.8406205972035726 0.11307410150766373 0.8461692333221436 0.09605824202299118 0.8517178694407145 0.08200165629386902 0.8406205972035726 0.06942471116781235 0.8267489274342855 0.06572561711072922 0.816761334737142 0.08200165629386902 0.811767578125 0.10049715638160706 0.8150967756907145
1 0.05610795319080353 0.8245294888814291 0.06942471116781235 0.8367365201314291 0.08200165629386902 0.848388671875 0.09087949991226196 0.8589311440785726 0.08422111719846725 0.865589459737142 0.07016453891992569 0.8683637777964274 0.05906723439693451 0.8700284163157145 0.040571730583906174 0.859485944112142 0.033913351595401764 0.853382428487142 0.027254970744252205 0.843394915262858 0.031693894416093826 0.8334073225657145 0.043531015515327454 0.825084368387858
1 0.02947443164885044 0.6558504899342855 0.04649029299616814 0.6564053694407145 0.05018939450383186 0.6625088850657145 0.0442708320915699 0.6686124006907145 0.03095407225191593 0.6741610368092855 0.022076232358813286 0.6830388704935709 0.014678030274808407 0.6963556607564291 0.010978929698467255 0.7052334944407145 0.002101089106872678 0.7041237354278564 0.0028409091755747795 0.68359375 0.0035807292442768812 0.6680575211842855 0.009499290026724339 0.6619540055592855
1 0.9764441847801208 0.17478249470392862 0.9897608757019043 0.18144086996714273 0.9964192509651184 0.18698952595392862 0.9964192509651184 0.20918413003285727 0.9964192509651184 0.22971413532892862 0.9956794381141663 0.2435857653617859 0.9964192509651184 0.2513538599014282 0.982362687587738 0.25468305746714276 0.9631273746490479 0.24913440148035684 0.950550377368927 0.24525036414464316 0.957948625087738 0.2352627913157145 0.9549893736839294 0.2291592756907145 0.9475911259651184 0.22139116128285727 0.9379734992980957 0.21473278601964316 0.9431521892547607 0.20918413003285727 0.9609079360961914 0.20640979210535684 0.9705255627632141 0.2019708752632141 0.9734848141670227 0.1947576403617859
1 0.98828125 0.2602316935857137 0.9956794381141663 0.2569025158882141 0.9971590638160706 0.27632280190785724 0.9971590638160706 0.29130415121714276 0.9949396252632141 0.3012917439142863 0.9794034361839294 0.3001819849014282 0.969785749912262 0.29463334878285724 0.9549893736839294 0.2979625463485718 0.9475911259651184 0.2968527873357137 0.9424123764038086 0.2829811970392863 0.933534562587738 0.2685546875 0.9431521892547607 0.25634765625 0.9512901902198792 0.25301845868428546 0.9720051884651184 0.2569025158882141
1 0.999378502368927 0.30684038003285724 0.98828125 0.3073952595392863 0.9757042527198792 0.30517578125 0.9660866260528564 0.3029563029607137 0.9475911259651184 0.3057306408882141 0.9416725635528564 0.31405361493428546 0.9446318745613098 0.3273703654607137 0.9475911259651184 0.341796875 0.9586884379386902 0.3490101099014282 0.9742246270179749 0.3501198689142863 0.994199812412262 0.3562233845392863 0.999378502368927 0.3578879435857137 0.9986386895179749 0.3429065942764282 0.9978988766670227 0.3223766088485718
1 0.9956794381141663 0.36454633871714276 0.974964439868927 0.35677822430928546 0.9586884379386902 0.35566850503285724 0.952769935131073 0.36454633871714276 0.9461115002632141 0.37841796875 0.933534562587738 0.38174716631571454 0.9239168763160706 0.38119228680928546 0.9120798110961914 0.3867409626642863 0.8943240642547607 0.38896040121714276 0.8854462504386902 0.390625 0.8884055614471436 0.403386910756429 0.8884055614471436 0.4172585407892863 0.8854462504386902 0.420587698618571 0.8950639367103577 0.42891069253285724 0.9120798110961914 0.4294655720392863 0.9231770634651184 0.427800973256429 0.9424123764038086 0.4128195842107137 0.9594282507896423 0.4150390625 0.9727450013160706 0.4150390625 0.9890210628509521 0.41170986493428546 1.0 0.402926762898763 0.9986386895179749 0.3895152807235718 0.9986386895179749 0.3773082494735718
1 0.877308189868927 0.3917347192764282 0.8802675604820251 0.40560634930928546 0.877308189868927 0.41836826006571454 0.8699100017547607 0.42558149496714276 0.8558534979820251 0.42724609375 0.8454959392547607 0.43002041180928546 0.8388376235961914 0.43002041180928546 0.8366181254386902 0.421142578125 0.8351384997367859 0.41170986493428546 0.8543738722801208 0.3989479939142863
1 0.9572088122367859 0.41947797934214276 0.9638671875 0.433349609375 0.9623875617980957 0.4466663599014282 0.9490707516670227 0.44999555746714276 0.933534562587738 0.45332475503285724 0.926136314868927 0.44278232256571454 0.9216974377632141 0.43612392743428546 0.9342743754386902 0.426691214243571 0.9409327507019043 0.4189230998357137
1 0.9157788753509521 0.4355690876642863 0.9216974377632141 0.44833095868428546 0.9231770634651184 0.4599831501642863 0.9179983139038086 0.47274502118428546 0.9106001257896423 0.4782936970392863 0.9024620652198792 0.481622854868571 0.8980231881141663 0.4677512248357137 0.8972833752632141 0.445556640625 0.8854462504386902 0.445556640625 0.8758285641670227 0.440008004506429 0.8647313117980957 0.4311301310857137 0.8802675604820251 0.427800973256429 0.890625 0.433349609375
1 0.9949396252632141 0.0033291904255747795 0.9978988766670227 0.014426490912834803 0.9978988766670227 0.026078658799330395 0.9978988766670227 0.03162730733553568 0.9875414371490479 0.029407848914464314 0.9727450013160706 0.027188388009866078 0.974964439868927 0.014426490912834803 0.9764441847801208 0.00388405534128348
1 0.9949396252632141 0.036066229144732155 0.9801432490348816 0.03218217194080353 0.9675662517547607 0.03162730733553568 0.9557291865348816 0.04161488016446432 0.9490707516670227 0.05770596365133921 0.9498105645179749 0.06824840108553569 0.9520301222801208 0.0732421875 0.9631273746490479 0.067138671875 0.9897608757019043 0.06436434388160706 0.9978988766670227 0.06325461467107137 0.9956794381141663 0.04993785421053568
1 0.9816228747367859 0.12318004171053569 0.9720051884651184 0.12040571371714275 0.9594282507896423 0.12096058328946431 0.950550377368927 0.12318004171053569 0.9424123764038086 0.13094815611839294 0.933534562587738 0.13760653138160706 0.9350141882896423 0.14537463585535684 0.9387133121490479 0.15425248940785727 0.9564689993858337 0.15591707825660706 0.9653468132019043 0.1409357190132141 0.974964439868927 0.13205788532892862
1 0.9098603129386902 0.23026899496714273 0.9239168763160706 0.2352627913157145 0.939453125 0.24247602621714273 0.9401929378509521 0.250244140625 0.926136314868927 0.2635608911514282 0.9165186882019043 0.2724387248357137 0.9046816229820251 0.27743252118428546 0.8950639367103577 0.2796519994735718 0.8854462504386902 0.2757679224014282 0.877308189868927 0.2663352092107137 0.890625 0.25357333819071454 0.8995028138160706 0.24192116657892862
1 0.8691701889038086 0.26522548993428546 0.8743489384651184 0.274658203125 0.8802675604820251 0.2813165783882141 0.8750887513160706 0.2918590307235718 0.8647313117980957 0.2985174059867859 0.8521543145179749 0.2940784692764282 0.8388376235961914 0.2918590307235718 0.8299598097801208 0.2935236096382141 0.8380978107452393 0.2796519994735718 0.8425366878509521 0.2691095471382141 0.8462358117103577 0.2635608911514282
1 0.9705255627632141 0.0013020833333333333 0.9683061242103577 0.014426490912834803 0.9609079360961914 0.026078658799330395 0.9490707516670227 0.04106001555919647 0.939453125 0.049382989605267845 0.9298354983329773 0.05382191141446432 0.9135594367980957 0.04716353118419647 0.8995028138160706 0.038840554654598236 0.890625 0.026633523404598236 0.879527747631073 0.013316761702299118 0.8787879347801208 0.00887784113486608 0.8884055614471436 0.00443892056743304 0.8972833752632141 0.0013020833333333333
1 0.9142992496490479 0.05104758342107137 0.9313151240348816 0.05826083322366079 0.9461115002632141 0.060480291644732155 0.9416725635528564 0.06935813029607137 0.9387133121490479 0.08267489075660706 0.9239168763160706 0.09210760394732158 0.9150390625 0.09266246358553569 0.903941810131073 0.08322976032892863 0.8987630009651184 0.07379705707232158 0.9024620652198792 0.06325461467107137
1 0.8810073733329773 0.0013020833333333333 0.8728693127632141 0.008322975287834803 0.860292375087738 0.00776811068256696 0.852894127368927 0.00443892056743304 0.860292375087738 0.0013020833333333333
1 0.8432765007019043 0.0016645952127873898 0.8388376235961914 0.00943270574013392 0.8188624382019043 0.017200816422700882 0.806285560131073 0.027188388009866078 0.79296875 0.03218217194080353 0.781871497631073 0.03329190115133921 0.7663352489471436 0.032737039029598236 0.757457435131073 0.021639736990133922 0.7470998764038086 0.011652166644732157 0.738222062587738 0.004993785793582599 0.7811316847801208 0.0013020833333333333 0.835878312587738 0.0013020833333333333
1 0.7389618754386902 0.013316761702299118 0.7507990002632141 0.02385919789473216 0.7559776902198792 0.03329190115133921 0.7448804378509521 0.03551136453946432 0.738222062587738 0.025523791710535686
1 0.8491950631141663 0.01220703125 0.8691701889038086 0.01498135675986608 0.879527747631073 0.02385919789473216 0.8928444385528564 0.04161488016446432 0.9046816229820251 0.05326704680919647 0.8958037495613098 0.060480291644732155 0.877308189868927 0.06436434388160706 0.8662109375 0.06602894266446431 0.8573331236839294 0.06436434388160706 0.8499348759651184 0.05215731759866079 0.8410570621490479 0.04716353118419647 0.8277402520179749 0.04161488016446432 0.8122040629386902 0.03773082296053568 0.811464250087738 0.03162730733553568 0.8188624382019043 0.022749466200669605 0.8366181254386902 0.01775568226973216
1 0.8935842514038086 0.07768110930919647 0.903941810131073 0.08933327595392863 0.9187381267547607 0.10098543763160706 0.933534562587738 0.09321733315785725 0.933534562587738 0.10986328125 0.939453125 0.11818625529607137 0.9313151240348816 0.128173828125 0.9239168763160706 0.1337224841117859 0.9113399982452393 0.128173828125 0.8898851871490479 0.1287286877632141 0.8632516860961914 0.1287286877632141 0.841796875 0.13705167174339294 0.8314394354820251 0.14925870299339294 0.8247810006141663 0.15591707825660706 0.8181226253509521 0.152587890625 0.8210818767547607 0.13816140095392862 0.8203420639038086 0.12484464049339294 0.8188624382019043 0.11430219809214275 0.8484552502632141 0.10542436440785725 0.8654711246490479 0.09377219279607137 0.8765683770179749 0.08655894796053569 0.8861860632896423 0.08101029694080353
1 0.8343986868858337 0.16368518273035684 0.8610321879386902 0.16978869835535684 0.8713896870613098 0.17533735434214273 0.8595525622367859 0.1897638440132141 0.8432765007019043 0.2041903336842855 0.8314394354820251 0.2130681872367859 0.8218217492103577 0.22083630164464316 0.8159031867980957 0.21861682335535684 0.8151633739471436 0.201416015625 0.8136837482452393 0.18754438559214273 0.8122040629386902 0.17200817664464316 0.8129438757896423 0.15980114539464316
1 0.811464250087738 0.22416547934214273 0.8136837482452393 0.23193359375 0.8122040629386902 0.24247602621714273 0.8136837482452393 0.25357333819071454 0.828480064868927 0.2613414525985718 0.835878312587738 0.25967685381571454 0.8343986868858337 0.27021928628285724 0.8277402520179749 0.28409091631571454 0.8225615620613098 0.28963955243428546 0.8085049986839294 0.28353603680928546 0.7937085628509521 0.27632280190785724 0.7863103747367859 0.2663352092107137 0.787050187587738 0.25801225503285724 0.7914891242980957 0.24303088585535684 0.7900094985961914 0.2324884533882141 0.7996271252632141 0.225830078125
0 0.40456321835517883 0.9171919027964274 0.42749762535095215 0.9183016618092855 0.4393347501754761 0.922740618387858 0.4526515007019043 0.928844134012858 0.4644886255264282 0.9293989340464274 0.478545218706131 0.9377219676971436 0.49112215638160706 0.947154680887858 0.49112215638160706 0.957142194112142 0.49260178208351135 0.9676846663157145 0.5 0.9710138638814291 0.5133167505264282 0.9699041048685709 0.5199751257896423 0.9615811506907145 0.5266335606575012 0.9638005892435709 0.5295928120613098 0.9748979409535726 0.5295928120613098 0.9871049722035726 0.5162760615348816 0.9970924854278564 0.5051787495613098 0.9987571239471436 0.48298415541648865 0.9943181673685709 0.4711470305919647 0.9909889698028564 0.45487096905708313 0.987659772237142 0.44229403138160706 0.982666015625 0.43415603041648865 0.9787819385528564 0.42749762535095215 0.9748979409535726 0.43045690655708313 0.9610262711842855 0.41787996888160706 0.9443803628285726 0.405303031206131 0.9382768472035726 0.40234375 0.9238502979278564
0 0.4637488126754761 0.9965376059214274 0.4496922492980957 0.9909889698028564 0.4378551244735718 0.9904340902964274 0.4282374382019043 0.989879290262858 0.4171401560306549 0.993763287862142 0.40604284405708313 0.994873046875 0.3927260935306549 0.9954279263814291 0.3831084072589874 0.98876953125 0.374970406293869 0.9915438493092855 0.3646129369735718 0.9954279263814291 0.35425543785095215 0.9982022444407145 0.4459931552410126 0.9982022444407145
1 0.3897668123245239 0.9121981461842855 0.3964252173900604 0.920521100362142 0.39864465594291687 0.9343927701314291 0.40308356285095215 0.9438254833221436 0.41270124912261963 0.9499289989471436 0.4208392798900604 0.9588068326314291 0.423798531293869 0.9721235434214274 0.423798531293869 0.982666015625 0.41640031337738037 0.987659772237142 0.40308356285095215 0.9871049722035726 0.38828718662261963 0.9871049722035726 0.38162878155708313 0.9793368180592855 0.3727509677410126 0.9665749073028564 0.3697916567325592 0.9515935579935709 0.3683120310306549 0.9371670881907145 0.36239346861839294 0.9232954184214274 0.37718987464904785 0.9188565413157145
1 0.29876893758773804 0.9060946305592855 0.3002485930919647 0.9160822232564291 0.28397253155708313 0.9232954184214274 0.26991596817970276 0.9321733315785726 0.25659918785095215 0.9377219676971436 0.24698154628276825 0.9416059652964274 0.23662406206130981 0.93994140625 0.2314453125 0.933837890625 0.24402225017547607 0.9255149364471436 0.26325759291648865 0.9194114208221436 0.2817530930042267 0.9127530256907145
1 0.22700639069080353 0.9421608448028564 0.22404710948467255 0.9615811506907145 0.21147017180919647 0.9765625 0.1922348588705063 0.9832208951314291 0.18039773404598236 0.9832208951314291 0.17669862508773804 0.9832208951314291 0.18631629645824432 0.994873046875 0.2040719836950302 0.995982805887858 0.2151692658662796 0.989879290262858 0.2314453125 0.9771173795064291 0.2381036877632141 0.969349225362142 0.23736387491226196 0.957142194112142 0.23662406206130981 0.9504838784535726
1 0.2151692658662796 0.816761334737142 0.22034801542758942 0.8295232454935709 0.2233072966337204 0.8406205972035726 0.21073035895824432 0.8400657176971436 0.1988932341337204 0.8378461996714274 0.19001539051532745 0.8339622020721436 0.18631629645824432 0.8295232454935709 0.1907552033662796 0.8234197298685709
1 0.8410570621490479 0.9760076204935709 0.8366181254386902 0.9882146517435709 0.847715437412262 0.9982022444407145 0.8860381245613098 0.9990234375 0.9046816229820251 0.9926536083221436 0.9061612486839294 0.9882146517435709 0.8928444385528564 0.982666015625 0.877308189868927 0.9782270590464274 0.8625118732452393 0.9765625 0.8536339402198792 0.9760076204935709
1 0.14636600017547607 0.8389559586842855 0.17669862508773804 0.8500532309214274 0.19001539051532745 0.859485944112142 0.1974135786294937 0.867808977762858 0.19815342128276825 0.880016009012858 0.19297467172145844 0.8949973583221436 0.1855764538049698 0.9099787076314291 0.1759588122367859 0.909423828125 0.1648615151643753 0.9055397510528564 0.1500651091337204 0.8999911149342855 0.13304923474788666 0.9055397510528564 0.1256510466337204 0.9121981461842855 0.11011482030153275 0.9127530256907145 0.09827769547700882 0.9055397510528564 0.0930989608168602 0.9005459944407145 0.09161932021379471 0.8872292041778564 0.09013967961072922 0.8722478548685709 0.10049715638160706 0.8578213850657145 0.12343158572912216 0.848388671875
1 0.07978219538927078 0.8733576138814291 0.08570075780153275 0.8805708090464274 0.08570075780153275 0.8888938426971436 0.0849609375 0.9016557534535726 0.08200165629386902 0.9066495100657145 0.07016453891992569 0.914417584737142 0.05462831258773804 0.9177467823028564 0.04649029299616814 0.9171919027964274 0.04205137491226196 0.9138627847035726 0.03761245310306549 0.9077592690785726 0.05536813661456108 0.8872292041778564 0.06498579680919647 0.872802734375
1 0.09235913306474686 0.9088689486185709 0.10197680443525314 0.9177467823028564 0.10419625788927078 0.926624615987142 0.09605824202299118 0.9438254833221436 0.09087949991226196 0.9604713916778564 0.07386363297700882 0.957142194112142 0.060546875 0.9543678760528564 0.0524088554084301 0.951038678487142 0.04723011329770088 0.9393865267435709 0.04944957420229912 0.927734375 0.053148671984672546 0.9232954184214274 0.07164417952299118 0.9171919027964274 0.0849609375 0.910533587137858
