0 0.1367436647415161 0.1951268712679545 0.11168146133422852 0.23331395785013834 0.0803651213645935 0.29248098532358807 0.06783711910247803 0.3080786069234212 0.08302539587020874 0.31358232100804645 0.10587325692176819 0.28888553380966187 0.12110096216201782 0.2623281478881836 0.13422909379005432 0.23878892262776694 0.1411413848400116 0.215368390083313
0 0.13889101147651672 0.25326313575108844 0.14361858367919922 0.26421503225962323 0.16224610805511475 0.25859711567560834 0.17190799117088318 0.2616232633590698 0.18054744601249695 0.28009581565856934 0.19340747594833374 0.28490761915842694 0.2039463222026825 0.28308675686518353 0.2121870219707489 0.27583728233973187 0.21782907843589783 0.2470073699951172 0.2184232473373413 0.22958316405614218 0.21388748288154602 0.21875890096028647 0.20511874556541443 0.21088884274164835 0.18617230653762817 0.21152657270431519 0.16566762328147888 0.21249032020568848 0.15097582340240479 0.2125688592592875 0.1441129446029663 0.22888898849487305 0.14066386222839355 0.24119786421457926
0 0.019090354442596436 0.05287297566731771 0.028643429279327393 0.06177298227945963 0.0235784649848938 0.09272019068400066 0.03127551078796387 0.11006728808085124 0.047856688499450684 0.10155661900838216 0.05804899334907532 0.09066728750864665 0.05345425009727478 0.08098777135213216 0.06138846278190613 0.0670696496963501 0.07317504286766052 0.061832547187805176 0.08427947759628296 0.054454525311787925 0.08822527527809143 0.04131182034810384 0.06647086143493652 0.04447082678476969 0.046526581048965454 0.04631638526916504
0 0.06449800729751587 0.09427591164906819 0.07479703426361084 0.10537032286326091 0.08484989404678345 0.10033547878265381 0.08548241853713989 0.08411280314127605 0.09195780754089355 0.06821815172831218 0.09148859977722168 0.06027030944824219 0.07366916537284851 0.06980252265930176 0.0651775598526001 0.07570389906565349
0 0.1889234483242035 0.028946677843729656 0.21084418892860413 0.023418903350830078 0.20292946696281433 0.03636487325032552 0.19511154294013977 0.038302222887674965
0 0.37639206647872925 0.11027089754740398 0.3931639790534973 0.13145927588144937 0.3857022523880005 0.17310663064320883 0.3743247985839844 0.19170870383580527 0.36535176634788513 0.24758058786392212 0.3572835922241211 0.25154123703638714 0.35626643896102905 0.21982944011688232 0.3671596646308899 0.16292734940846762 0.3647647500038147 0.15011326471964517 0.3691667914390564 0.13068421681722006
0 0.08486774563789368 0.35914862155914307 0.10094049572944641 0.3378377358118693 0.11523622274398804 0.33868499596913654 0.1345430314540863 0.35183080037434894 0.15195706486701965 0.3496670722961426 0.16914129257202148 0.3164788285891215 0.18924620747566223 0.29741785923639935 0.18042033910751343 0.3346574703852336 0.1858310103416443 0.3768746455510457 0.19238969683647156 0.41075754165649414 0.21140292286872864 0.41305796305338544 0.22296065092086792 0.4265875418980916 0.23124098777770996 0.45182498296101886 0.23929065465927124 0.46861008803049725 0.22156986594200134 0.4611564874649048 0.20692551136016846 0.46537260214487713 0.20036619901657104 0.48397016525268555 0.19529104232788086 0.5084975560506185 0.20279696583747864 0.5379193226496378 0.19254112243652344 0.5575737953186035 0.1787145435810089 0.5793614387512207 0.16736772656440735 0.5725348393122355 0.16132956743240356 0.5539313554763794 0.15854305028915405 0.5346623261769613 0.16673803329467773 0.504480242729187 0.16141438484191895 0.4870294729868571 0.1513364315032959 0.4545695384343465 0.14063936471939087 0.41625157992045086 0.12938055396080017 0.39165512720743817 0.11699369549751282 0.37586796283721924 0.10106495022773743 0.3717339833577474
0 0.2820214331150055 0.4233805735905965 0.3047829568386078 0.41414395968119305 0.3173936605453491 0.4033920367558797 0.3294009566307068 0.39172311623891193 0.33829209208488464 0.38780943552652997 0.35512495040893555 0.3978124459584554 0.3751372694969177 0.4119606018066406 0.37665534019470215 0.42463362216949463 0.35765984654426575 0.44007166226704914 0.3444726765155792 0.449873407681783 0.3301401734352112 0.4648985068003337 0.322293758392334 0.47873838742574054 0.3114640712738037 0.49202410380045575 0.2928577661514282 0.494606614112854 0.28037017583847046 0.48483653863271076 0.27135980129241943 0.47929008801778156 0.27373450994491577 0.4530305862426758 0.2745004892349243 0.43457599480946857
0 0.30512118339538574 0.7402061621348063 0.3245142698287964 0.7261207103729248 0.3375505805015564 0.7170801162719727 0.3470279574394226 0.7005945841471354 0.35525423288345337 0.6927007834116617 0.37152570486068726 0.6993188858032227 0.37760400772094727 0.7153242429097494 0.3872377574443817 0.7336849371592203 0.3948163688182831 0.7442506949106852 0.4010075628757477 0.7469983100891113 0.4126361012458801 0.7435093720753988 0.43381476402282715 0.7289237181345621 0.44088247418403625 0.7277349630991617 0.44627389311790466 0.7270402908325195 0.4529721736907959 0.7359500726064047 0.45309728384017944 0.7448921203613281 0.44476547837257385 0.7568480173746744 0.43342462182044983 0.7652541001637777 0.42034441232681274 0.7854182720184326 0.4097321927547455 0.7899525165557861 0.3990224599838257 0.7910006841023763 0.38747990131378174 0.7888268629709879 0.3692641854286194 0.7941168149312338 0.3611713647842407 0.7848022778828939 0.35745030641555786 0.7718704541524252 0.34289517998695374 0.7826844851175944 0.32760927081108093 0.7713819344838461 0.31259751319885254 0.7633146444956461
0 0.04882851243019104 0.4693956772486369 0.06832179427146912 0.49876463413238525 0.07713475823402405 0.5192389488220215 0.08364009857177734 0.5302913188934326 0.07940667867660522 0.5510119597117106 0.08094114065170288 0.5655876398086548 0.07506194710731506 0.5692858298619589 0.06685665249824524 0.5660167932510376 0.04625383019447327 0.5715181032816569 0.036403119564056396 0.5747964779535929 0.030303895473480225 0.546268105506897 0.026359349489212036 0.5210403203964233 0.031870901584625244 0.5124688148498535 0.03673931956291199 0.5052720705668131 0.042969346046447754 0.48542773723602295
0 0.28270792961120605 0.022208094596862793 0.2867392897605896 0.05780080954233805 0.28802916407585144 0.07405062516530354 0.29754987359046936 0.08539621035257976 0.32677245140075684 0.09134264787038167 0.3616313338279724 0.09662127494812012 0.3827842175960541 0.09002904097239177 0.394242525100708 0.06471200784047444 0.39861661195755005 0.04790834585825602 0.42311251163482666 0.039380272229512535 0.43294617533683777 0.03259380658467611 0.4402804672718048 0.023651758829752605 0.4306981563568115 0.018825054168701172 0.4014502465724945 0.01952548821767171 0.3695758581161499 0.022061387697855633 0.3654734194278717 0.027352253595987957 0.36773741245269775 0.0411611000696818 0.3604698181152344 0.04224658012390137 0.3500521779060364 0.029556910196940105 0.34212183952331543 0.018995364507039387 0.3226510286331177 0.016249457995096844 0.29627835750579834 0.01723162333170573 0.2892288863658905 0.017572601636250813
0 0.5276333689689636 0.04531542460123698 0.537946343421936 0.035580992698669434 0.543570339679718 0.03140052159627279 0.5866607427597046 0.040256381034851074 0.6235305666923523 0.050504048665364586 0.6152428388595581 0.058894077936808266 0.58840012550354 0.050092061360677086 0.569255530834198 0.04687833786010742 0.5649709105491638 0.05227299531300863 0.5542110800743103 0.05743201573689779 0.5414641499519348 0.05502291520436605
0 0.5257916450500488 0.06276317437489827 0.5451515913009644 0.06406807899475098 0.5550537109375 0.0670243501663208 0.5619301795959473 0.08100549379984538 0.5607745051383972 0.10069501399993896 0.5465337634086609 0.11247050762176514 0.5330742597579956 0.12564186255137125 0.5200332403182983 0.13490899403889975 0.5159676671028137 0.1206952730814616 0.5100592374801636 0.12397559483846028 0.5118997693061829 0.10651063919067383 0.5192792415618896 0.08050815264383952
0 0.41942575573921204 0.1666667660077413 0.4393463134765625 0.1578377882639567 0.4595429301261902 0.1569654941558838 0.48007118701934814 0.16297181447347006 0.489783376455307 0.16717799504597983 0.5079259276390076 0.17061352729797363 0.5267888307571411 0.18514299392700195 0.5464586019515991 0.1921000878016154 0.5673958659172058 0.20427560806274414 0.5916078090667725 0.21933929125467935 0.6057840585708618 0.23229563236236572 0.6042965650558472 0.2458464503288269 0.5894522666931152 0.2561826705932617 0.5792327523231506 0.2573773264884949 0.5614293217658997 0.2429394324620565 0.5429072976112366 0.23437378803888956 0.5084667801856995 0.22703595956166586 0.49060311913490295 0.22987965742746988 0.47361451387405396 0.22503787279129028 0.4500957727432251 0.2045888900756836 0.43868595361709595 0.1914682388305664 0.4274011254310608 0.17740805943806967
1 0.45705875754356384 0.03020779291788737 0.48955443501472473 0.028386950492858887 0.5006259083747864 0.028762022654215496 0.5088331699371338 0.047635277112325035 0.5092517733573914 0.061258276303609215 0.5076277256011963 0.07667426268259685 0.5042856335639954 0.09080874919891357 0.5035139322280884 0.11573859055836995 0.505217432975769 0.13475402196248373 0.5171258449554443 0.14488255977630615 0.5115284323692322 0.16280154387156168 0.4915121793746948 0.1506910721460978 0.47921741008758545 0.15348700682322183 0.4725683033466339 0.14656448364257812 0.46115198731422424 0.14139302571614584 0.43720313906669617 0.1430241266886393 0.4276214838027954 0.14789283275604248 0.4122549891471863 0.15703109900156656 0.3994877338409424 0.15908177693684897 0.39911553263664246 0.14420958360036215 0.397953599691391 0.12828779220581055 0.39140820503234863 0.11234335104624431 0.3913278579711914 0.10385517279307048 0.3952869772911072 0.08165144920349121 0.40591099858283997 0.056554714838663735 0.4218371510505676 0.051922361056009926 0.4387259781360626 0.0476377805074056 0.4487971365451813 0.03893820444742838
1 0.021421372890472412 0.39012885093688965 0.035539090633392334 0.40565065542856854 0.04608514904975891 0.4120979309082031 0.04786005616188049 0.43016064167022705 0.04309871792793274 0.4545297622680664 0.03409910202026367 0.49220073223114014 0.025649815797805786 0.5038432280222574 0.022302299737930298 0.4600260257720947 0.01874789595603943 0.43265406290690106 0.01874789595603943 0.43265406290690106
1 0.03454360365867615 0.586356004079183 0.05143481492996216 0.5828624566396078 0.07362279295921326 0.5844809214274088 0.08853486180305481 0.5975350936253866 0.09725901484489441 0.6168295542399088 0.09589287638664246 0.6530764102935791 0.09439551830291748 0.715223471323649 0.08374190330505371 0.7421049276987711 0.06851321458816528 0.7230950196584066 0.056973546743392944 0.7007811069488525 0.04735374450683594 0.7003065745035807 0.04667577147483826 0.6973285675048828 0.04149964451789856 0.6308574279149374 0.038154006004333496 0.6104441086451212
1 0.05379045009613037 0.4375615914662679 0.06518888473510742 0.40087942282358807 0.07324105501174927 0.3870334227879842 0.08795630931854248 0.3804287910461426 0.09835776686668396 0.38444483280181885 0.11511129140853882 0.38962944348653156 0.12340804934501648 0.40016595522562665 0.13273242115974426 0.4153989950815837 0.13982608914375305 0.4458476702372233 0.13763007521629333 0.4610636234283447 0.13099482655525208 0.47845725218455 0.1270078420639038 0.4978156089782715 0.1234268844127655 0.5282760461171468 0.1104174554347992 0.5396422545115153 0.09267687797546387 0.5346250931421915 0.08164221048355103 0.5170697768529257 0.06966441869735718 0.48611875375111896 0.059912681579589844 0.45971771081288654
1 0.14300787448883057 0.4710569779078166 0.1527421474456787 0.48634084065755206 0.15508392453193665 0.5056437253952026 0.1542973816394806 0.523143450419108 0.1445315182209015 0.527637799580892 0.1329689919948578 0.5213493506113688 0.13023731112480164 0.5082881053288778 0.13626202940940857 0.4860212802886963
1 0.23378348350524902 0.025690555572509766 0.22589907050132751 0.050684491793314614 0.22635799646377563 0.08059608936309814 0.23373165726661682 0.09761436780293782 0.24406296014785767 0.10875380039215088 0.25738638639450073 0.10185031096140544 0.27312201261520386 0.08720842997233073 0.2774639427661896 0.0759048064549764 0.27782392501831055 0.049676100413004555 0.27584028244018555 0.03130205472310384 0.2731441855430603 0.021686593691507976 0.2566068172454834 0.02170113722483317 0.2427382469177246 0.021656235059102375
0 0.5343755483627319 0.13528545697530112 0.5528085827827454 0.11896316210428874 0.5763074159622192 0.10729642709096272 0.5924490690231323 0.11227742830912273 0.6014635562896729 0.12310548623402913 0.6027218103408813 0.1372535228729248 0.5962371826171875 0.14611045519510904 0.583803653717041 0.1587329308191935 0.5590934753417969 0.15598193804423013 0.541414201259613 0.15649203459421793 0.5339852571487427 0.14776146411895752
0 0.4890211820602417 0.4271286328633626 0.5172479152679443 0.4020802974700928 0.5323144197463989 0.38151411215464276 0.5434125065803528 0.3804491360982259 0.5533580780029297 0.39679614702860516 0.5657101273536682 0.3982202212015788 0.5789909362792969 0.3767922719319661 0.5894132256507874 0.3642575740814209 0.6022796034812927 0.3606255849202474 0.6100766062736511 0.36857326825459796 0.6178227663040161 0.3825414180755615 0.6092298030853271 0.4065165917078654 0.5934569239616394 0.4199378887812297 0.5710850954055786 0.43717137972513836 0.5553796291351318 0.46127378940582275 0.5380033254623413 0.4738700787226359 0.5299054384231567 0.48166072368621826 0.5119181871414185 0.4598741928736369 0.5046302676200867 0.4519006013870239 0.48937875032424927 0.44183699289957684
0 0.5928986668586731 0.5212815602620443 0.6135775446891785 0.5127009948094686 0.6293330788612366 0.5064481099446615 0.6430186033248901 0.5015902519226074 0.6452099084854126 0.50948166847229 0.6457704305648804 0.5323506991068522 0.6414949893951416 0.547095775604248 0.6306033134460449 0.5524585247039795 0.6182340979576111 0.5488643646240234 0.5987913012504578 0.5435917377471924
0 0.4555671811103821 0.5876626968383789 0.4629809558391571 0.5671124458312988 0.4746355712413788 0.5615108013153076 0.49715930223464966 0.5367931127548218 0.5082859992980957 0.5243529478708903 0.5213915109634399 0.5127296845118204 0.534601628780365 0.5032956600189209 0.5501298904418945 0.5124522050221761 0.5616046786308289 0.5285004377365112 0.5705857276916504 0.5413039525349935 0.5784308910369873 0.5589867830276489 0.5798273086547852 0.5783093372980753 0.558736264705658 0.5943245887756348 0.5294023752212524 0.6026510794957479 0.5087470412254333 0.6038401126861572 0.4923342168331146 0.6045919259389242 0.47335588932037354 0.6016278266906738
0 0.6224892735481262 0.1290377378463745 0.6382753849029541 0.12741311391194662 0.6595876812934875 0.14957491556803384 0.6786455512046814 0.15748278299967447 0.695417582988739 0.16826093196868896 0.7093397378921509 0.1939483880996704 0.7287561297416687 0.22271100680033365 0.736903965473175 0.266929030418396 0.7320688962936401 0.28921274344126385 0.7251483798027039 0.29522399107615155 0.7048194408416748 0.29122660557429 0.6967787146568298 0.29904212554295856 0.6931337118148804 0.32537750403086346 0.6986163258552551 0.34114837646484375 0.6922702789306641 0.3545831044514974 0.6686902046203613 0.35102272033691406 0.6538957953453064 0.34499231974283856 0.6594417095184326 0.32325853904088336 0.6629635095596313 0.30304668347040814 0.6622164249420166 0.2811206777890523 0.6577634811401367 0.24451724688212076 0.6516386270523071 0.2200148105621338 0.6395711302757263 0.1905164122581482 0.628747820854187 0.17283648252487183 0.6237958669662476 0.15943447748819986 0.6204813122749329 0.1391366720199585
0 0.7662666440010071 0.31367774804433185 0.7835981845855713 0.2902292211850484 0.787619411945343 0.2696634928385417 0.7935725450515747 0.24063191811243692 0.8022586107254028 0.2095983624458313 0.8094181418418884 0.18267587820688883 0.8215410709381104 0.16400531927744547 0.8395133018493652 0.18552792072296143 0.8496040105819702 0.199986199537913 0.8461673259735107 0.22914530833562216 0.8396221399307251 0.2604704300562541 0.8391335606575012 0.29529205958048504 0.8448894619941711 0.3217870593070984 0.8311474323272705 0.3327409823735555 0.8224362134933472 0.33905752499898273 0.8148677349090576 0.34848888715108234 0.8067470788955688 0.3514167865117391 0.7957453727722168 0.3465645710627238
0 0.7532162666320801 0.42634348074595135 0.7507089376449585 0.40473989645640057 0.7560749053955078 0.3940052588780721 0.7731945514678955 0.39241210619608563 0.7833309769630432 0.38312403361002606 0.7967160940170288 0.37442342440287274 0.8179387450218201 0.3688881794611613 0.8304111957550049 0.36967794100443524 0.8461164236068726 0.3798666000366211 0.848117470741272 0.39111308256785077 0.8409007787704468 0.40215563774108887 0.8257618546485901 0.41499074300130206 0.8137659430503845 0.42458009719848633 0.8000670671463013 0.4460126956303914 0.7879639863967896 0.45948147773742676 0.776400089263916 0.45522022247314453 0.7619688510894775 0.4326797326405843
0 0.8021478652954102 0.4705064296722412 0.8190051317214966 0.4910447597503662 0.8298492431640625 0.5080967346827189 0.8437286019325256 0.525761604309082 0.8461545705795288 0.5325350761413574 0.8488147258758545 0.5540862480799357 0.8468282222747803 0.567536473274231 0.8504529595375061 0.5844702323277792 0.8574181199073792 0.5981345971425375 0.8658486604690552 0.5832202434539795 0.8696501851081848 0.5695151885350546 0.8692594766616821 0.5492917696634928 0.8769137263298035 0.512906551361084 0.8709322810173035 0.4895806312561035 0.864970326423645 0.46512873967488605 0.8634019494056702 0.4460584322611491 0.8557531237602234 0.4273922046025594 0.8484892845153809 0.4141923983891805 0.838363528251648 0.41467297077178955 0.8288300037384033 0.4244301716486613 0.8170609474182129 0.4367430607477824 0.8119001984596252 0.4452686309814453 0.8071755170822144 0.45924262205759686
0 0.8572571277618408 0.4040040969848633 0.8575119972229004 0.3901926279067993 0.8707315325737 0.3826158444086711 0.8769503235816956 0.3634750445683797 0.8820187449455261 0.3362739483515422 0.8812456130981445 0.31220918893814087 0.8864870071411133 0.29655301570892334 0.8938168287277222 0.2833201289176941 0.9034093618392944 0.24566795428593954 0.907598078250885 0.22487306594848633 0.9143546223640442 0.2199707825978597 0.9209677577018738 0.23193440834681192 0.9173585176467896 0.25930102666219074 0.9141542315483093 0.2883445819218953 0.9176546335220337 0.316375474135081 0.9240033626556396 0.35004401206970215 0.9129685163497925 0.3550763924916585 0.9029073715209961 0.35940587520599365 0.8923690319061279 0.3748217821121216 0.8839096426963806 0.40038788318634033 0.8802701234817505 0.4059177239735921 0.8717145919799805 0.4149734576543172 0.8626086115837097 0.41860127449035645
0 0.925298810005188 0.32067487637201947 0.9407445192337036 0.3281540671984355 0.9468286633491516 0.3404105504353841 0.9560931921005249 0.3659509817759196 0.9658764600753784 0.3958520491917928 0.9711436033248901 0.4182082811991374 0.964375913143158 0.4452128807703654 0.9588145613670349 0.42510024706522626 0.9563138484954834 0.4056216875712077 0.9534448385238647 0.38731404145558673 0.9406119585037231 0.3722304105758667 0.9315601587295532 0.35436610380808514 0.9269176721572876 0.33912861347198486
0 1.0 0.25765695174535114 1.0 0.2852647503217061 1.0 0.32118693987528485 1.0 0.36142516136169434 0.9965208768844604 0.40486276149749756 0.9861795902252197 0.41806944211324054 0.9804688692092896 0.43276413281758624 0.975428581237793 0.4479065736134847 0.988836944103241 0.4585169156392415 1.0 0.4731796185175578 1.0 0.48426095644632977 1.0 0.38407174746195477 1.0 0.327786644299825 1.0 0.3129800359408061 1.0 0.2773995002110799 1.0 0.26910428206125897
0 0.9100139141082764 0.7263038953145345 0.9279721975326538 0.7157696088155111 0.943580687046051 0.7175575892130533 0.9289753437042236 0.7610071500142416 0.8581421375274658 0.09067996342976888 0.9162881970405579 0.7504633267720541
0 0.6560499668121338 0.4833517869313558 0.65621018409729 0.4552927017211914 0.6615812182426453 0.4407265981038411 0.6762720346450806 0.4428075949350993 0.6909854412078857 0.44874274730682373 0.7063536047935486 0.4744122823079427 0.7246986031532288 0.49579183260599774 0.7465993165969849 0.5116550525029501 0.7610551118850708 0.5723838806152344 0.764199435710907 0.6011867920557658 0.7751715183258057 0.6146876017252604 0.7931309938430786 0.6379075845082601 0.7979606986045837 0.6516882181167603 0.7979750633239746 0.6719578901926676 0.7376955151557922 0.21288535992304483 0.7749156951904297 0.664466937383016 0.7654883861541748 0.6545901695887247 0.7594068050384521 0.6548850536346436 0.7055571675300598 0.27209462722142536 0.7101553678512573 0.2980169852574666 0.7080212235450745 0.3155312736829122 0.7034192085266113 0.3211442232131958 0.691040575504303 0.30974145730336505 0.6868185997009277 0.3032827178637187 0.7169433832168579 0.6192029714584351 0.7150313854217529 0.6018374363581339 0.7149633169174194 0.5695074399312338 0.7123947739601135 0.5465101003646851 0.7012017369270325 0.5356545845667521 0.6890354156494141 0.5282178719838461 0.6795951724052429 0.5198092857996622 0.6706840395927429 0.5091155370076498 0.6631262898445129 0.49929893016815186
0 0.744967520236969 0.28702014684677124 0.7348644733428955 0.26951368649800617 0.7348984479904175 0.2412393887837728 0.749983549118042 0.23112287123998007 0.7618343830108643 0.2365848422050476 0.7794714570045471 0.2449230750401815 0.800406813621521 0.24919915199279785 0.8183250427246094 0.25710968176523846 0.8355438113212585 0.2641712427139282 0.8451882600784302 0.27381892999013263 0.8311891555786133 0.29410262902577716 0.8189582824707031 0.3089427550633748 0.7994451522827148 0.3162493109703064 0.7794142365455627 0.31926347812016803 0.7784400582313538 0.3023727734883626 0.7710091471672058 0.28503692150115967 0.7629132270812988 0.28333600362141925 0.7536693811416626 0.2879910667737325
0 0.7353630661964417 0.3612504800160726 0.7304980754852295 0.34258751074473065 0.7391922473907471 0.33201704422632855 0.7575325965881348 0.33107813199361164 0.7797845602035522 0.3319161931673686 0.7921723127365112 0.3381310701370239 0.8066922426223755 0.3465977907180786 0.8230932950973511 0.36240851879119873 0.8386362791061401 0.36786993344624835 0.838343620300293 0.3858065605163574 0.8365039825439453 0.3991219600041707 0.8164966106414795 0.3959200382232666 0.8043835163116455 0.391238530476888 0.786350429058075 0.37917017936706543 0.7692066431045532 0.3691267172495524 0.7551207542419434 0.36666274070739746 0.7493945360183716 0.36870654424031574
0 0.8638037443161011 0.4623524347941081 0.8501168489456177 0.44582148392995197 0.8467444181442261 0.42326752344767254 0.844535231590271 0.40542038281758624 0.8442104458808899 0.39154760042826336 0.8443159461021423 0.37868014971415204 0.8485094904899597 0.360851526260376 0.8534862995147705 0.3339088360468547 0.8612440824508667 0.3213116725285848 0.8732385039329529 0.3343680302302043 0.8736791610717773 0.3515496253967285 0.8694851994514465 0.3693811893463135 0.8698920011520386 0.3832351366678874 0.8744245171546936 0.4016067186991374 0.8893441557884216 0.40445244312286377 0.8974245190620422 0.40906445185343426 0.8931872248649597 0.4218786557515462 0.8845148086547852 0.4336007833480835 0.8803073167800903 0.4447232087453206 0.8714023232460022 0.45816556612650555
0 0.6764437556266785 0.30656762917836505 0.6664767265319824 0.30212312936782837 0.706517219543457 0.6156008243560791 0.7109534740447998 0.6108386119206747 0.7138612270355225 0.6148843765258789 0.6717633605003357 0.2910458246866862 0.6798650622367859 0.2986958424250285 0.686924397945404 0.3076122800509135 0.683718204498291 0.3106043338775635
0 0.5861614346504211 0.5510006745656332 0.5923305749893188 0.5495858589808146 0.6055499911308289 0.5510237216949463 0.6159699559211731 0.5552093982696533 0.6285431981086731 0.561469833056132 0.6300327777862549 0.5795989433924357 0.6216722726821899 0.37712883949279785 0.6385780572891235 0.3895781834920247 0.6480982899665833 0.4008369445800781 0.6524278521537781 0.40830926100413006 0.6557184457778931 0.42688465118408203 0.6622335910797119 0.44313645362854004 0.6639003157615662 0.45261120796203613 0.6597158312797546 0.45493078231811523 0.6472165584564209 0.45568641026814777 0.6340489387512207 0.4510525067647298 0.627405047416687 0.452773650487264 0.6198549270629883 0.45380353927612305 0.6135395765304565 0.455132524172465 0.6031851172447205 0.4316730499267578 0.5981442928314209 0.4195737838745117 0.5916142463684082 0.4101228713989258 0.5821396112442017 0.40882674853007 0.5756173729896545 0.4103598992029826
0 0.3114086985588074 0.6902491251627604 0.3218913674354553 0.6751832962036133 0.3192758560180664 0.6609878540039062 0.33095261454582214 0.6964618364969889 0.3277379870414734 0.7064927419026693 0.32272663712501526 0.7109742164611816 0.3173941969871521 0.7042374610900879 0.3137266933917999 0.6964099407196045
0 0.32275909185409546 0.6514662504196167 0.33694589138031006 0.6557430426279703 0.345270037651062 0.6558924118677775 0.348003625869751 0.6432247559229533 0.3407171368598938 0.6347355047861735 0.3360947370529175 0.6343909104665121 0.32921940088272095 0.6385844945907593
0 0.31757062673568726 0.5920369227727255 0.3164254426956177 0.5819911559422811 0.32059261202812195 0.5831799507141113 0.3283083438873291 0.5897882779439291 0.33880382776260376 0.5964661439259847 0.3490498661994934 0.601108193397522 0.34972137212753296 0.6070798635482788 0.33957839012145996 0.610603928565979 0.3337843418121338 0.608434279759725 0.32516148686408997 0.6027557055155436 0.32189780473709106 0.5993425448735555
0 0.340618371963501 0.6252996921539307 0.3459765911102295 0.6180527210235596 0.3570635914802551 0.6122766335805258 0.3658217191696167 0.6150962909062704 0.3797806203365326 0.6140302817026774 0.4016186594963074 0.6064256032307943 0.4097330868244171 0.6111586093902588 0.41824793815612793 0.6332956155141195 0.42146021127700806 0.6467231114705404 0.42658165097236633 0.6678231557210287 0.44110703468322754 0.6938514709472656 0.44492676854133606 0.7089844544728597 0.4440147280693054 0.7205990155537924 0.4318659007549286 0.721413771311442 0.41670918464660645 0.7267428239186605 0.4080098271369934 0.734480063120524 0.39977240562438965 0.7387975851694742 0.39065074920654297 0.7247015635172526 0.38161900639533997 0.7031601270039877 0.370108962059021 0.6851720809936523 0.3500983715057373 0.6767606735229492 0.35775282979011536 0.667687177658081 0.3542056083679199 0.6585400104522705 0.34969013929367065 0.6508870919545492 0.3487067222595215 0.6336613496144613
2 0.4111716151237488 0.6965305010477701 0.41952699422836304 0.687745730082194 0.4283466041088104 0.6921172142028809 0.4296221435070038 0.7012341022491455 0.41864389181137085 0.7032764752705892
2 0.44519296288490295 0.30798131227493286 0.4371998608112335 0.29795004924138385 0.43571633100509644 0.28730811675389606 0.45174962282180786 0.28161372741063434 0.4637566804885864 0.29261096318562824 0.4647972881793976 0.29733550548553467 0.45024222135543823 0.30213646094004315
2 0.7107149362564087 0.1803067922592163 0.7172418832778931 0.1755113204320272 0.7228979468345642 0.1778566837310791 0.7279486060142517 0.18499569098154703 0.7316588163375854 0.19476638237635294 0.7307561635971069 0.20194772879282633 0.7286036610603333 0.20732712745666504 0.7237194776535034 0.2070924441019694 0.7143112421035767 0.19553168614705405 0.7130835056304932 0.18938982486724854
2 0.9525307416915894 0.2525077660878499 0.9522674083709717 0.24278722206751505 0.9588363170623779 0.24022183815638223 0.9650102853775024 0.2456518809000651 0.9687982797622681 0.2539086143175761 0.966862142086029 0.2597120801607768 0.9625591039657593 0.2600850264231364
0 0.6377001404762268 0.7000505129496256 0.6497889161109924 0.7040073076883951 0.6552135348320007 0.7112104892730713 0.6555566787719727 0.7244734764099121 0.6564916372299194 0.737870454788208 0.651716411113739 0.7448693116505941 0.6473554372787476 0.7468255360921224 0.6412989497184753 0.7301023801167806 0.6381393671035767 0.7198314666748047 0.6359832286834717 0.7107853889465332
0 0.6162271499633789 0.6321492592493693 0.6238957047462463 0.6318870385487875 0.6231064796447754 0.6163909037907919 0.6199483275413513 0.6006717681884766 0.6150677800178528 0.5878199338912964 0.6101845502853394 0.5821859041849772 0.5994370579719543 0.576923131942749 0.5929082632064819 0.5670000314712524 0.59944748878479 0.5410289367039999 0.5933488011360168 0.5102094014485677 0.586940586566925 0.4949727455774943 0.5820894241333008 0.49038151899973553 0.5807157158851624 0.49533748626708984 0.5813254714012146 0.5071334441502889 0.5801266431808472 0.5165760119756063 0.5779321193695068 0.5252222617467245 0.57671058177948 0.532711386680603 0.5785625576972961 0.5400074323018392 0.5819847583770752 0.5486617883046468 0.5849835872650146 0.5605616569519043 0.5878599286079407 0.5767070849736532 0.597011387348175 0.6011683146158854 0.6093957424163818 0.6226568222045898
0 0.6386553049087524 0.6857522328694662 0.6338509321212769 0.6725953420003256 0.6351566314697266 0.656393845876058 0.638268232345581 0.6348503430684408 0.6404601335525513 0.6114298899968466 0.6411129832267761 0.5917851130167643 0.6404279470443726 0.5775159200032552 0.6370161771774292 0.5634525616963705 0.6448684930801392 0.552241841952006 0.653495728969574 0.551030437151591 0.6678277254104614 0.5610944827397665 0.6795430183410645 0.575403889020284 0.688845694065094 0.5851606925328573 0.6910401582717896 0.5974775155385336 0.6881167888641357 0.6079427401224772 0.6817064881324768 0.6193967262903849 0.6798129677772522 0.631494402885437 0.6851148009300232 0.6396612723668417 0.693863034248352 0.6525992949803671 0.7019452452659607 0.6754686832427979 0.7073501348495483 0.6898922920227051 0.7084614038467407 0.7002658843994141 0.70424884557724 0.7067869504292806 0.6954110860824585 0.7234422365824381 0.6960002779960632 0.7326309680938721 0.6914871335029602 0.7370599110921224 0.6850095987319946 0.7300358613332113 0.6750783324241638 0.7196749846140543 0.6655761003494263 0.7089605331420898 0.6572742462158203 0.7000018755594889 0.645904541015625 0.6948891480763754 0.6405729651451111 0.6910103956858317
0 0.7131782174110413 0.7521186669667562 0.7039491534233093 0.7391109466552734 0.7013372778892517 0.7274558544158936 0.7014710903167725 0.7217797438303629 0.7097852826118469 0.7082870006561279 0.7122856974601746 0.7060892581939697 0.7256980538368225 0.7168943087259928 0.7335836887359619 0.7262094815572103 0.7388124465942383 0.7343284289042155 0.7369163036346436 0.7486426830291748 0.7324129343032837 0.7559990882873535 0.724032461643219 0.7589266300201416 0.7177921533584595 0.7586221694946289
0 0.6638941764831543 0.537606438000997 0.6735876798629761 0.5229636430740356 0.6916056275367737 0.527595321337382 0.7104257941246033 0.5402892827987671 0.7312238812446594 0.5539340972900391 0.7429227232933044 0.5677054723103842 0.7521625757217407 0.5926140149434408 0.7619209289550781 0.6074203252792358 0.7781225442886353 0.6263326009114584 0.8000998497009277 0.630028486251831 0.8115652203559875 0.6290452480316162 0.8280116319656372 0.6337675253550211 0.8346536159515381 0.6462968587875366 0.8295846581459045 0.6607008377710978 0.8232227563858032 0.667874813079834 0.8111075758934021 0.6701183319091797 0.7908368706703186 0.676563580830892 0.7759404182434082 0.6887187957763672 0.7723555564880371 0.6935989061991373 0.7647280693054199 0.7065943082173666 0.7588317394256592 0.7142060597737631 0.7498550415039062 0.7166380882263184 0.7366220951080322 0.7107017834981283 0.7268532514572144 0.7052051226298014 0.719179630279541 0.6935383478800455 0.7121145725250244 0.680585781733195 0.7060479521751404 0.664513349533081 0.6993182301521301 0.6482428709665934 0.699447751045227 0.6385953426361084 0.7126354575157166 0.6221149365107218 0.721625804901123 0.6078333854675293 0.7122843265533447 0.6019918521245321 0.7006303071975708 0.5984910329182943 0.697853684425354 0.5820839007695516 0.6919923424720764 0.5663289229075114 0.6819288730621338 0.5588362216949463 0.6747599244117737 0.5506430466969808 0.6703299880027771 0.5426454941431681
0 0.7595206499099731 0.5935222307840983 0.7582788467407227 0.577502965927124 0.7603638768196106 0.5697739124298096 0.7716104984283447 0.5584665139516195 0.7804396748542786 0.5529005527496338 0.79416823387146 0.5475869178771973 0.8019629716873169 0.5520514647165934 0.8090457320213318 0.5685773293177286 0.8075249195098877 0.5814335346221924 0.802436113357544 0.5986588398615519 0.8022124171257019 0.6099086205164591 0.7996155023574829 0.618099570274353 0.7937949895858765 0.6210305293401083 0.7822736501693726 0.6205243269602457 0.7751632928848267 0.6162362893422445 0.7682468891143799 0.6070804595947266 0.7639343738555908 0.5990841388702393
0 0.6971032619476318 0.8297584851582845 0.6855262517929077 0.8211493492126465 0.6868785619735718 0.8108534812927246 0.6923770308494568 0.8073625564575195 0.7070417404174805 0.8074603080749512 0.72027587890625 0.8098799387613932 0.7293201684951782 0.8162389596303304 0.7385501265525818 0.8231150309244791 0.7461916208267212 0.8271743456522623 0.7481089234352112 0.8324373563130697 0.7436946630477905 0.8434238433837891 0.7417047023773193 0.8456722895304362 0.7370651960372925 0.8452709515889486 0.7339246273040771 0.8443603515625 0.7263069748878479 0.8388605912526449 0.7225322723388672 0.8377580642700195 0.7086042165756226 0.8350563049316406 0.7017790079116821 0.8348871866861979
0 0.7279008030891418 0.8031066258748373 0.7290642261505127 0.7802608807881674 0.7305886745452881 0.7707204023996989 0.7353723049163818 0.7625281810760498 0.7441893219947815 0.7458368142445883 0.7457870841026306 0.7352498372395834 0.7522661685943604 0.7422688802083334 0.7630780935287476 0.7475746472676595 0.7715607285499573 0.7378269831339518 0.7799596190452576 0.7251121997833252 0.7894625067710876 0.714080810546875 0.797304630279541 0.7088713645935059 0.8017702698707581 0.711982250213623 0.795595645904541 0.7360092798868815 0.7985583543777466 0.7613892555236816 0.80009925365448 0.7728660106658936 0.8006026744842529 0.7830898761749268 0.7949355840682983 0.7916363080342611 0.7831389904022217 0.7941849231719971 0.7774710059165955 0.7983725865681967 0.7736354470252991 0.8030457496643066 0.7719060182571411 0.8059053421020508 0.7633522748947144 0.8144766489664713 0.7538125514984131 0.818925142288208 0.7448488473892212 0.8173489570617676 0.7361584305763245 0.8134727478027344 0.7320761680603027 0.8099543253580729
0 0.7550666332244873 0.8418542544047037 0.7593392133712769 0.8262050946553549 0.7699633240699768 0.8198665777842203 0.7780535221099854 0.8229538599650065 0.7747945785522461 0.8330597082773844 0.7465007305145264 0.8571319580078125
0 0.8312094211578369 0.779448668162028 0.8209294080734253 0.7772034804026285 0.813938558101654 0.7748564879099528 0.8092591762542725 0.7653454939524332 0.8109526038169861 0.7477744420369467 0.8180618286132812 0.7315775553385416 0.8297948241233826 0.7076867421468099 0.8358016014099121 0.6935070355733236 0.843144416809082 0.6731986999511719 0.8542040586471558 0.6611956755320231 0.8619661927223206 0.6492957671483358 0.8713915348052979 0.636311928431193 0.879584550857544 0.6284820238749186 0.882685661315918 0.6267980337142944 0.8881255388259888 0.6242303848266602 0.8976881504058838 0.6356175740559896 0.9057028293609619 0.6486088434855143 0.9183977842330933 0.6598260005315145 0.9215214848518372 0.6770318349202474 0.9204286932945251 0.6906515757242838 0.9130263328552246 0.7036101818084717 0.907599925994873 0.710618813832601 0.9001044034957886 0.7165846824645996 0.8956091403961182 0.7065309683481852 0.8897068500518799 0.6970952351888021 0.8853605389595032 0.699927806854248 0.8772544860839844 0.723970095316569 0.8794086575508118 0.7309276262919108 0.8702073097229004 0.7383613586425781 0.8619706630706787 0.7455333868662516 0.8553300499916077 0.7540818850199381 0.8484348058700562 0.7620522975921631 0.8439470529556274 0.7662431399027506 0.8378022909164429 0.771939198176066
0 0.9084335565567017 0.39477217197418213 0.8910499811172485 0.39359037081400555 0.8828984498977661 0.39407559235890705 0.8761827349662781 0.3836553891499837 0.876647412776947 0.36692317326863605 0.8862183094024658 0.345004399617513 0.8941069841384888 0.33203039566675824 0.9013397097587585 0.35365116596221924 0.9128038883209229 0.36081790924072266
0 0.9073875546455383 0.3464152018229167 0.9119349718093872 0.35374824206034344 0.9220998287200928 0.3369385798772176 0.934167742729187 0.3317919174830119 0.9387935996055603 0.30872398614883423 0.951717734336853 0.30254491170247394 0.9642128944396973 0.29688169558842975 0.971328616142273 0.2812764048576355 0.965071439743042 0.2663283348083496 0.9228998422622681 0.1927911639213562 0.9187774658203125 0.18591157595316568 0.907058596611023 0.19572283824284872 0.8992758989334106 0.18882648150126138 0.8862355947494507 0.18086600303649902 0.8779013156890869 0.18506077925364176 0.8795063495635986 0.20398189624150595 0.8820329904556274 0.2261978586514791 0.8819277286529541 0.23968573411305746 0.8885871767997742 0.2759468952814738 0.896597683429718 0.30296212434768677 0.9000314474105835 0.3221747676531474 0.9045876264572144 0.33558328946431476
0 0.9685035943984985 0.4167296886444092 0.9587392807006836 0.41270987192789715 0.9612197875976562 0.39143439133961994 0.9619293212890625 0.3721174399058024 0.9576557874679565 0.35861682891845703 0.955910325050354 0.3535280227661133 0.9450888633728027 0.3261137406031291 0.9418635368347168 0.31839176019032794 0.9569791555404663 0.30894585450490314 0.9767732620239258 0.29677971204121906 0.983634352684021 0.30056047439575195 1.0 0.3375620444615682 1.0 0.34556615352630615 0.9998269081115723 0.3628304799397786 0.9828478097915649 0.38433818022410077 0.980799674987793 0.39241886138916016 0.9753305315971375 0.4059107303619385
0 0.7606155276298523 0.5614026784896851 0.7627365589141846 0.5446854829788208 0.773428201675415 0.5452366669972738 0.7809975743293762 0.546540101369222 0.7905580401420593 0.5404126246770223 0.7945802211761475 0.5362267891565958 0.8088263273239136 0.5343034664789835 0.8222337961196899 0.5371758937835693 0.8286666870117188 0.5490806897481283 0.8360907435417175 0.5723046064376831 0.8456583023071289 0.5828630129496256 0.8507099151611328 0.5973608096440634 0.8498448133468628 0.6089114745457967 0.8363358974456787 0.6120153665542603 0.8254426717758179 0.6147178808848063 0.8139965534210205 0.6164097785949707 0.80430668592453 0.6205340623855591 0.796358585357666 0.6216945648193359 0.7880516648292542 0.6172440052032471 0.7795454263687134 0.6052645842234293 0.771511971950531 0.591571052869161 0.7674859762191772 0.5796921650568644 0.765396237373352 0.5710331201553345
0 0.6520783305168152 0.5110109249750773 0.6604495644569397 0.507524331410726 0.6695784330368042 0.5190043052037557 0.6729774475097656 0.529700517654419 0.6650381088256836 0.5475115776062012 0.6595525145530701 0.5602227846781412 0.6517915725708008 0.5621566375096639 0.6477148532867432 0.5562878449757894 0.6484405994415283 0.5426654815673828 0.648419201374054 0.527981678644816 0.6485698223114014 0.5181237856547037
0 0.6317926645278931 0.5625946521759033 0.6372964382171631 0.559940497080485 0.6418887376785278 0.5627716779708862 0.6542415022850037 0.5717347860336304 0.6576074361801147 0.5872777303059896 0.6342305541038513 0.3426198959350586 0.6482961773872375 0.3387102286020915 0.6561142206192017 0.3498832782109578 0.6681028604507446 0.37654443581899005 0.6809222102165222 0.3839387098948161 0.6924040913581848 0.37982678413391113 0.7042009830474854 0.37369688351949054 0.7072951197624207 0.388699213663737 0.7100212574005127 0.4016125202178955 0.7123267650604248 0.4149353901545207 0.7111325860023499 0.42834023634592694 0.7079678177833557 0.4400269190470378 0.6996403336524963 0.44357208410898846 0.6880398988723755 0.44072067737579346 0.6768103837966919 0.44613075256347656 0.6687860488891602 0.4493190050125122 0.6635855436325073 0.4356340567270915 0.65925133228302 0.4142509301503499 0.6560713052749634 0.40344611803690594 0.6447450518608093 0.3909784158070882 0.6311042904853821 0.37873796621958417 0.6209976673126221 0.36872915426890057 0.6344004273414612 0.5790064334869385
0 0.692930281162262 0.8961524168650309 0.6912762522697449 0.8732322851816813 0.6971042156219482 0.8583939075469971 0.7080828547477722 0.8550511995951334 0.713435173034668 0.8558228810628256 0.717415452003479 0.8570133050282797 0.7204267382621765 0.8583304087320963 0.7270692586898804 0.8682789007822672 0.7080697417259216 0.8859356244405111 0.6999338269233704 0.8926919301350912
0 0.6352784633636475 0.9340329170227051 0.650641918182373 0.9253982702891032 0.6613497138023376 0.9184877077738444 0.6476995348930359 0.9074653784434 0.6413772106170654 0.9045684337615967 0.6353809833526611 0.917225201924642 0.6344419717788696 0.9360620180765787
0 0.05544373393058777 0.744762102762858 0.05139291286468506 0.7238482634226481 0.050133705139160156 0.7123083273569742 0.05792006850242615 0.7134114106496176 0.07234838604927063 0.7403201262156168 0.08025485277175903 0.7585569222768148 0.08985510468482971 0.7754784425099691 0.09712693095207214 0.8071964581807455 0.10787546634674072 0.8219044208526611 0.11892366409301758 0.8373621304829916 0.12149736285209656 0.846592903137207 0.1226833164691925 0.8632129033406576 0.1239725649356842 0.871794064839681 0.11105820536613464 0.8515488306681315 0.10791710019111633 0.8424334526062012 0.09797567129135132 0.8204571406046549 0.08610415458679199 0.7996708552042643 0.07818043231964111 0.7797480424245199 0.06844422221183777 0.7619423866271973 0.05936357378959656 0.7539000511169434
0 0.10213038325309753 0.7529033025105795 0.10915645956993103 0.7495880126953125 0.126154363155365 0.7392781575520834 0.13713952898979187 0.7290124098459879 0.14377331733703613 0.7190494537353516 0.14088186621665955 0.7024990717569987 0.1367502510547638 0.6849416891733805 0.137495756149292 0.6595589319864908 0.14408862590789795 0.6292142868041992 0.1494140326976776 0.6077400048573812 0.1539810299873352 0.5882637898127238 0.15254664421081543 0.5731143156687418 0.15062552690505981 0.5487989584604899 0.15001031756401062 0.5390448172887167 0.13819316029548645 0.5340767304102579 0.13430723547935486 0.5342618624369303 0.12574538588523865 0.5384997526804606 0.1096765398979187 0.5418193737665812 0.09233945608139038 0.5441658894220988 0.08644211292266846 0.5398253599802653 0.08459639549255371 0.5562683741251627 0.08953198790550232 0.5694618225097656 0.09965267777442932 0.5828206936518351 0.10347127914428711 0.5919201374053955 0.10472211241722107 0.605257511138916 0.10545337200164795 0.62302299340566 0.10043135285377502 0.6438222328821818 0.10237854719161987 0.6600755850474039 0.10413399338722229 0.67696746190389 0.10608941316604614 0.6968700885772705 0.10992678999900818 0.7175691922505697 0.1079329252243042 0.7314786116282145 0.10343396663665771 0.7354865074157715 0.10057750344276428 0.7464988231658936
0 0.15136823058128357 0.7076555887858073 0.15522560477256775 0.6835412184397379 0.16231676936149597 0.673460324605306 0.1739789843559265 0.6765503088633219 0.18358755111694336 0.6837369600931803 0.19494497776031494 0.69359024365743 0.20449325442314148 0.6842396259307861 0.21293053030967712 0.6708369255065918 0.21791031956672668 0.6556973457336426 0.20645615458488464 0.6341286102930704 0.19541484117507935 0.6185630162556967 0.18655791878700256 0.6117678085962931 0.1799224317073822 0.5977145433425903 0.1730920970439911 0.5904840230941772 0.16452643275260925 0.5910224517186483 0.15941312909126282 0.6001106103261312 0.15483668446540833 0.615877111752828 0.153790682554245 0.6253507137298584 0.15121102333068848 0.6456185181935629 0.1485169529914856 0.659113883972168 0.14280521869659424 0.673226515452067 0.1431279480457306 0.6922100385030111 0.14555391669273376 0.7064251104990641
0 0.19674035906791687 0.7510221799214681 0.20457956194877625 0.755371888478597 0.21037063002586365 0.759543259938558 0.2159566879272461 0.7607306639353434 0.2211982011795044 0.7583733399709066 0.22041580080986023 0.7392334938049316 0.22183144092559814 0.7322719097137451 0.2279723882675171 0.722465991973877 0.22777199745178223 0.7134143511454264 0.22065430879592896 0.7039999961853027 0.2127198874950409 0.7026449044545492 0.20862045884132385 0.7022969722747803 0.20025768876075745 0.7071207364400228 0.19744646549224854 0.7199036280314127 0.19618535041809082 0.734158992767334
0 0.23434826731681824 0.7374032338460287 0.24358579516410828 0.7383887767791748 0.2575418949127197 0.7419054508209229 0.270657479763031 0.7449437777201334 0.28411298990249634 0.7490236759185791 0.2891677916049957 0.7543863455454508 0.287097692489624 0.7631712754567465 0.27522003650665283 0.7748446464538574 0.27345895767211914 0.7882881164550781 0.2772669196128845 0.8068556785583496 0.28519147634506226 0.8160934448242188 0.29899781942367554 0.8115018208821615 0.30461385846138 0.8083422183990479 0.29741141200065613 0.8200861612955729 0.28929048776626587 0.8332297007242838 0.28352734446525574 0.8358410199483236 0.27135252952575684 0.8335769971211752 0.2611727714538574 0.8254620234171549 0.25499314069747925 0.8228123982747396 0.2482668161392212 0.8161271413167318 0.24169880151748657 0.8063920338948568 0.2383507490158081 0.7904949982961019 0.23783481121063232 0.7774736881256104 0.23790323734283447 0.7612857818603516 0.23450669646263123 0.745807965596517
0 0.34169572591781616 0.8375094731648763 0.35235854983329773 0.825347105662028 0.3573964834213257 0.8227803707122803 0.3668138384819031 0.8229119777679443 0.3763783276081085 0.8218057155609131 0.3821765184402466 0.8245805104573568 0.38752037286758423 0.828624407450358 0.39334720373153687 0.8398526509602865 0.3957110345363617 0.848721424738566 0.3914271891117096 0.864217201868693 0.3844693899154663 0.8669821421305338 0.373592734336853 0.8629759152730306 0.36246803402900696 0.8561460177103678 0.3522551655769348 0.8505847454071045 0.3461621403694153 0.8466089566548666 0.3423396348953247 0.8442354202270508
0 0.21901550889015198 1.0 0.21365973353385925 1.0 0.21503427624702454 1.0 0.22045370936393738 1.0 0.2147374451160431 1.0 0.21512645483016968 1.0 0.2177019715309143 0.9919687112172445 0.22731363773345947 0.9935534795125326 0.23174768686294556 0.9953004519144694 0.23830881714820862 1.0 0.24313104152679443 1.0 0.2479669451713562 1.0 0.24885255098342896 1.0 0.2438359558582306 1.0 0.24231112003326416 1.0 0.23841425776481628 1.0 0.22712528705596924 1.0 0.2238692045211792 1.0 0.22532308101654053 1.0
0 0.25119465589523315 0.8296223481496176 0.26394587755203247 0.8412628968556722 0.27750062942504883 0.8455365498860677 0.29017651081085205 0.8429355621337891 0.2973484992980957 0.8358659744262695 0.30459025502204895 0.8258604208628336 0.3076319098472595 0.8163400491078695 0.3172600269317627 0.8307418823242188 0.3309253454208374 0.8462173144022623 0.3369278907775879 0.856090784072876 0.3432186245918274 0.869783878326416 0.35155946016311646 0.8810539245605469 0.36283358931541443 0.8957889874776205 0.3680715560913086 0.9066540400187174 0.3643161952495575 0.9180222352345785 0.3540211319923401 0.924599806467692 0.3486791253089905 0.9279356002807617 0.3358222246170044 0.9227641423543295 0.3331107199192047 0.9064195156097412 0.3296145796775818 0.8931573232014974 0.32092875242233276 0.8864142100016276 0.3079729676246643 0.8876436551411947 0.30023038387298584 0.8868242899576823 0.28665563464164734 0.8822696208953857 0.25827935338020325 0.87841796875 0.25325775146484375 0.8773276011149088 0.2516320049762726 0.8695241610209147 0.2543845772743225 0.8571106592814127 0.252192884683609 0.8452978134155273 0.2516769468784332 0.8365858395894369
0 0.3179260492324829 0.8032263120015463 0.3305929899215698 0.7924114863077799 0.338320791721344 0.7904105981191 0.35400059819221497 0.7914768060048422 0.3642997741699219 0.7978763580322266 0.3680809736251831 0.8031181494394938 0.35637879371643066 0.8133053779602051 0.3373938202857971 0.8242575327555338 0.32787632942199707 0.8325854937235514 0.3254215121269226 0.8332370122273763 0.31698375940322876 0.8203533490498861 0.314630389213562 0.8133912086486816 0.3150213956832886 0.806880791982015
0 0.3679743707180023 0.5412736336390177 0.37754830718040466 0.5327158371607462 0.3936711549758911 0.5305653810501099 0.40395405888557434 0.5331972440083822 0.4108549952507019 0.5359242757161459 0.4137958586215973 0.5495458443959554 0.41951751708984375 0.5595246156056722 0.42252248525619507 0.5647292534510294 0.43120133876800537 0.566290815671285 0.4361591637134552 0.5651630560557047 0.4439433217048645 0.5622073411941528 0.4511268138885498 0.5633564790089926 0.4530896544456482 0.5662866036097208 0.4533199965953827 0.5735925833384196 0.44766104221343994 0.578998843828837 0.4387070834636688 0.5777953465779623 0.4240090847015381 0.575463056564331 0.4127980172634125 0.5733020305633545 0.3994552195072174 0.5673741499582926 0.38979437947273254 0.5611393849054972 0.38464438915252686 0.5580660502115885 0.376938134431839 0.5531325340270996 0.36955249309539795 0.5499022006988525
0 0.6232239007949829 0.890617847442627 0.6360999941825867 0.882535457611084 0.650306224822998 0.882247527440389 0.6590308547019958 0.8831830024719238 0.6657297015190125 0.8826088905334473 0.6782374978065491 0.8762803077697754 0.6870110630989075 0.8678340911865234 0.6876983046531677 0.8792889912923177 0.6878204941749573 0.8905506134033203 0.6883677840232849 0.8975318272908529 0.6862608194351196 0.9012561639149984 0.6797232627868652 0.9067694346110026 0.6692924499511719 0.9116496245066324 0.665219783782959 0.912672201792399 0.6545405983924866 0.909059206644694 0.6480085253715515 0.9032584031422933 0.6407440900802612 0.8967940012613932 0.6309216618537903 0.8996622562408447 0.6275193095207214 0.8956954479217529
0 0.013866841793060303 0.22550201416015625 0.01667088270187378 0.22676960627237955 0.02342158555984497 0.24739076693852743 0.026423931121826172 0.252752681573232 0.029466181993484497 0.2625586787859599 0.027574777603149414 0.27108516295750934 0.02122005820274353 0.27601484457651776 0.017372459173202515 0.2827115058898926 0.014940440654754639 0.284670352935791 0.013037562370300293 0.27410467465718585 0.012749850749969482 0.24568726619084677
1 0.014918237924575806 0.2135318120320638 0.02936205267906189 0.2079658309618632 0.038317590951919556 0.210020383199056 0.04868599772453308 0.23459585507710776 0.05217963457107544 0.25312668085098267 0.049808770418167114 0.27133355538050336 0.0459960401058197 0.28468360503514606 0.041673243045806885 0.2929566105206807 0.03827095031738281 0.29584763447443646 0.025530248880386353 0.2990536689758301 0.01347881555557251 0.2999223272005717 0.016090452671051025 0.29415496190388996 0.028648734092712402 0.2783183852831523 0.033960044384002686 0.2676470875740051 0.031846821308135986 0.24877711137135824 0.028328418731689453 0.23391534884770712 0.021867483854293823 0.22551769018173218
1 0.06577169895172119 0.1730976104736328 0.08082643151283264 0.1748929818471273 0.08992719650268555 0.17336364587148032 0.10154247283935547 0.15414011478424072 0.10968548059463501 0.12345186869303386 0.11061662435531616 0.11259893576304118 0.08842915296554565 0.13468503952026367 0.07071414589881897 0.1534343163172404 0.060891687870025635 0.16522188981374106
1 0.020263850688934326 0.32630685965220135 0.04086682200431824 0.30355870723724365 0.0563889741897583 0.2871675093968709 0.0642499029636383 0.2834479808807373 0.06196585297584534 0.29875439405441284 0.06512629985809326 0.31156982978185016 0.07264518737792969 0.3190799355506897 0.0859529972076416 0.32024381558100384 0.09498459100723267 0.3297024567921956 0.08452826738357544 0.34521953264872235 0.08091893792152405 0.3564484119415283 0.07698050141334534 0.37078972657521564 0.07340270280838013 0.37981029351552326 0.061798930168151855 0.3942505518595378 0.04855382442474365 0.4029935598373413 0.0373271107673645 0.3923594156901042 0.025769799947738647 0.3848319848378499 0.019542813301086426 0.3762359619140625 0.021085351705551147 0.3660898208618164 0.03512045741081238 0.34819769859313965 0.031706154346466064 0.33231953779856366
1 0.06713095307350159 0.18158016602198282 0.07365310192108154 0.18191462755203247 0.08870172500610352 0.18370594580968222 0.09998860955238342 0.17457852760950723 0.11411154270172119 0.15786612033843994 0.11986041069030762 0.16916096210479736 0.1260870099067688 0.18182547887166342 0.1262401044368744 0.19550329446792603 0.12235552072525024 0.212074081103007 0.11007097363471985 0.227274219195048 0.09490203857421875 0.24971997737884521 0.08990386128425598 0.25945063432057697 0.08149838447570801 0.2742836078008016 0.07269081473350525 0.28779055674870807 0.0711452066898346 0.2806638280550639 0.06856036186218262 0.2596917748451233 0.06855180859565735 0.24495083093643188 0.06661278009414673 0.22913541396458945 0.06369200348854065 0.21793067455291748 0.06178590655326843 0.20729472239812216 0.06239911913871765 0.19696356852849325
1 0.1046818196773529 0.3211182753245036 0.11582902073860168 0.30339433749516803 0.12368649244308472 0.29157217343648273 0.13510513305664062 0.27990174293518066 0.14159142971038818 0.27579232056935626 0.15010803937911987 0.2698758840560913 0.15513205528259277 0.2667951186498006 0.1576363444328308 0.2663547992706299 0.16711795330047607 0.26834168036778766 0.17007359862327576 0.27219971021016437 0.17193830013275146 0.28574862082799274 0.1708996593952179 0.29179203510284424 0.16687875986099243 0.3035342295964559 0.16439783573150635 0.3098810116449992 0.16047614812850952 0.3209489981333415 0.1561143398284912 0.331404705842336 0.15226846933364868 0.3395701249440511 0.1449989676475525 0.3469284375508626 0.1390332579612732 0.343600074450175 0.1290782392024994 0.33730916182200116 0.11916196346282959 0.33324923117955524 0.11318448185920715 0.3291773597399394
1 0.13005566596984863 0.152470072110494 0.14551275968551636 0.12445215384165446 0.16650423407554626 0.10664363702138265 0.18453869223594666 0.09875154495239258 0.20092961192131042 0.094688614209493 0.21285533905029297 0.0961224635442098 0.22902938723564148 0.10608096917470296 0.23617178201675415 0.1177361011505127 0.24045470356941223 0.13316810131072998 0.23310580849647522 0.14297978083292642 0.2267380654811859 0.1639773448308309 0.2226662039756775 0.18277901411056519 0.22152742743492126 0.195660928885142 0.21760866045951843 0.20261359214782715 0.20424705743789673 0.20318577686945596 0.19158056378364563 0.20012444257736206 0.1680726408958435 0.20237630605697632 0.15594482421875 0.2007307211558024 0.1489216685295105 0.19827047983805338 0.14253130555152893 0.19139063358306885 0.13578084111213684 0.17953592538833618 0.13509860634803772 0.16887390613555908
1 0.3817935585975647 0.19517829020818075 0.39259427785873413 0.18492974837621054 0.40526777505874634 0.1735846002896627 0.4183499813079834 0.18221100171407065 0.43282634019851685 0.1942964792251587 0.44952547550201416 0.20733670393625894 0.4649850130081177 0.22775491078694662 0.48413002490997314 0.23523886998494467 0.4936944544315338 0.24761486053466797 0.49903398752212524 0.2622057596842448 0.5013134479522705 0.27867549657821655 0.505149781703949 0.29667723178863525 0.5044417977333069 0.30886008342107135 0.5062176585197449 0.32464532057444256 0.5147912502288818 0.36818639437357586 0.5148561596870422 0.3837726910909017 0.5009196996688843 0.3969415028889974 0.48846277594566345 0.4079010486602783 0.4781895577907562 0.4218159119288127 0.4738587737083435 0.43374701340993244 0.46761682629585266 0.4455252488454183 0.4551878571510315 0.45596106847127277 0.4439828097820282 0.4656362136205037 0.4352182149887085 0.47457722822825116 0.43049976229667664 0.47995348771413165 0.41809117794036865 0.47489118576049805 0.40471458435058594 0.4700154860814412 0.3944717347621918 0.47052597999572754 0.389178991317749 0.4723260800043742 0.3779395818710327 0.45951513449350995 0.37025681138038635 0.4475517272949219 0.37993723154067993 0.4346218506495158 0.3874080777168274 0.4245057503382365 0.3860940933227539 0.4109598795572917 0.3742377758026123 0.3999287287394206 0.35935115814208984 0.38939706484476727 0.3505491018295288 0.37714266777038574 0.3457711338996887 0.3664080301920573 0.34023529291152954 0.34865689277648926 0.3411879539489746 0.3371125062306722 0.34758061170578003 0.3213610847791036 0.34852465987205505 0.2940593163172404 0.3504874110221863 0.27105432748794556 0.35314908623695374 0.2632192174593608 0.36348333954811096 0.26020904382069904 0.3711166977882385 0.25144513448079425 0.372797429561615 0.23714192708333334 0.3780882954597473 0.21268067757288614
1 0.22475841641426086 0.22787628571192423 0.22073215246200562 0.21352376540501913 0.22758778929710388 0.19833338260650635 0.23185202479362488 0.17521901925404867 0.23593032360076904 0.1566139062245687 0.24914583563804626 0.12875024477640787 0.2575051784515381 0.11477371056874593 0.2719719707965851 0.09902286529541016 0.28268611431121826 0.09201212724049886 0.2988634705543518 0.09151732921600342 0.3164200186729431 0.10793113708496094 0.3251413106918335 0.12019952138264973 0.33043110370635986 0.1346863110860189 0.33752092719078064 0.14705157279968262 0.3497404456138611 0.15646175543467203 0.36020052433013916 0.1613279183705648 0.36134397983551025 0.1733113924662272 0.3556787669658661 0.1890336275100708 0.3524027466773987 0.2027166485786438 0.3450503945350647 0.20730688174565634 0.3310295045375824 0.21599302689234415 0.3149741291999817 0.22587247689565024 0.2834087610244751 0.23999732732772827 0.27226316928863525 0.24573981761932373 0.2570878565311432 0.2514926791191101 0.25299280881881714 0.2513951261838277 0.23919567465782166 0.25136375427246094 0.23414617776870728 0.2500031391779582 0.22737985849380493 0.23961196343104044
1 0.3294903635978699 0.1072163184483846 0.3499351739883423 0.11036721865336101 0.36166509985923767 0.10803715387980144 0.36926740407943726 0.10920993487040202 0.3633980453014374 0.1252500613530477 0.36263126134872437 0.13989949226379395 0.3606886863708496 0.1432953675587972 0.34948447346687317 0.14040851593017578 0.34333449602127075 0.13601040840148926 0.33916977047920227 0.12750649452209473 0.3358667492866516 0.12163988749186198
0 0.1942395567893982 0.30593111117680866 0.19915986061096191 0.3211904764175415 0.20368710160255432 0.34543665250142414 0.20780912041664124 0.36246248086293537 0.2178114354610443 0.3724599281946818 0.2474730908870697 0.37797069549560547 0.2471056878566742 0.38696332772572833 0.23900756239891052 0.39972956975301105 0.2291213870048523 0.4136863946914673 0.20730823278427124 0.4052066405614217 0.19692495465278625 0.4019921620686849 0.19235554337501526 0.396875540415446 0.19089177250862122 0.3791515032450358 0.18643096089363098 0.3494284947713216 0.18428346514701843 0.32834657033284503 0.1887354552745819 0.3127932945887248
1 0.2032698392868042 0.29993991057078045 0.2142099142074585 0.30531660715738934 0.22807884216308594 0.3174770474433899 0.24048364162445068 0.3262453079223633 0.25440406799316406 0.3332879940668742 0.26434290409088135 0.3388413190841675 0.2862676978111267 0.3466865619023641 0.2891669273376465 0.3549177646636963 0.27762478590011597 0.3664771318435669 0.26869091391563416 0.3710504372914632 0.25133275985717773 0.3668786684672038 0.22857165336608887 0.3652149836222331 0.21616420149803162 0.3593948682149251 0.21117568016052246 0.35440194606781006 0.2041577696800232 0.3144139250119527
1 0.22686707973480225 0.25473209222157794 0.24686318635940552 0.2651928464571635 0.26708000898361206 0.25782833496729535 0.2880058288574219 0.251324196656545 0.3099355697631836 0.23956366380055746 0.322482168674469 0.2319660186767578 0.33422887325286865 0.22322320938110352 0.3515363335609436 0.21359888712565103 0.34543657302856445 0.24476454655329385 0.34327957034111023 0.2683737874031067 0.341891884803772 0.2920190691947937 0.3407179117202759 0.3138460914293925 0.3357522487640381 0.3322320183118184 0.3308796286582947 0.33938368161519367 0.31406354904174805 0.3413223425547282 0.29943424463272095 0.34083608786265057 0.2873527705669403 0.34141862392425537 0.26640215516090393 0.3341136376063029 0.24654707312583923 0.32081230481465656 0.22772598266601562 0.3051493565241496 0.2128419578075409 0.29462621609369916 0.2217741310596466 0.27427172660827637
1 0.28676092624664307 0.4024655024210612 0.2885574698448181 0.38287679354349774 0.28954753279685974 0.37166523933410645 0.29412055015563965 0.35915525754292804 0.30321967601776123 0.3532274564107259 0.30926916003227234 0.3522077798843384 0.3203652501106262 0.35181554158528644 0.33152657747268677 0.3507355848948161 0.3365831971168518 0.35137057304382324 0.3361327648162842 0.3679726521174113 0.33345550298690796 0.37637396653493244 0.32434600591659546 0.3852258125940959 0.312885582447052 0.3946205774943034 0.30209726095199585 0.40624221165974933 0.2923518419265747 0.41256741682688397 0.2864142656326294 0.41072607040405273
1 0.2389276623725891 0.44193653265635174 0.23594966530799866 0.42887381712595624 0.23595333099365234 0.4183494249979655 0.24208638072013855 0.4091167052586873 0.2521613836288452 0.3918132384618123 0.2560829520225525 0.38373931248982746 0.25924962759017944 0.3764506181081136 0.2730710208415985 0.37933556238810223 0.2811894714832306 0.37602166334788006 0.28176313638687134 0.39776559670766193 0.28040623664855957 0.4120893081029256 0.27583956718444824 0.42219972610473633 0.2717571258544922 0.43226416905721027 0.2677619457244873 0.45105302333831787 0.26587921380996704 0.4676438570022583 0.26485443115234375 0.4766073226928711 0.25733381509780884 0.4831565221150716 0.250174343585968 0.4833692709604899 0.24506646394729614 0.47877411047617596 0.24264371395111084 0.4661261240641276 0.24229079484939575 0.4530877272288005
1 0.20766431093215942 0.5348973671595255 0.22068297863006592 0.5334689617156982 0.22948145866394043 0.5297609567642212 0.2409903109073639 0.5210856199264526 0.24840345978736877 0.5151492754618326 0.2505480647087097 0.503383994102478 0.24895626306533813 0.49365826447804767 0.2411418855190277 0.48522035280863446 0.23355168104171753 0.4736127058664958 0.2233881652355194 0.4706807533899943 0.21736368536949158 0.4700334866841634 0.21158620715141296 0.47309358914693195 0.20677536725997925 0.4784663915634155 0.20309197902679443 0.48800766468048096 0.20237517356872559 0.5038679440816244 0.20335939526557922 0.5194021463394165 0.20509040355682373 0.5291255315144857
1 0.25626546144485474 0.49027442932128906 0.2648528814315796 0.48788559436798096 0.2712082266807556 0.4928557475407918 0.27934953570365906 0.4999733765920003 0.2864234447479248 0.5035444895426432 0.2926163673400879 0.506040891011556 0.2983134388923645 0.5073821147282919 0.3041841983795166 0.506173849105835 0.3104473352432251 0.5048852761586508 0.3143623471260071 0.504080057144165 0.30912071466445923 0.5164738098780314 0.30497848987579346 0.5305457909901937 0.29085296392440796 0.5328350067138672 0.27810144424438477 0.5253918568293253 0.26525288820266724 0.5204875866572062 0.25729238986968994 0.5076548258463541 0.25485607981681824 0.5024974743525187
1 0.18322813510894775 0.5866278807322184 0.1924886405467987 0.5708326101303101 0.20180198550224304 0.5581816037495931 0.20727157592773438 0.546328067779541 0.22438806295394897 0.5421595970789591 0.232782244682312 0.5385333697001139 0.24235966801643372 0.5308823585510254 0.25344109535217285 0.5260741313298544 0.26812976598739624 0.533120354016622 0.27869492769241333 0.5384977658589681 0.29032498598098755 0.542393167813619 0.30183589458465576 0.545050859451294 0.3085985779762268 0.5543554623921713 0.31289100646972656 0.565421462059021 0.31429046392440796 0.5751887162526449 0.3127150535583496 0.5886996587117513 0.31785255670547485 0.6026531060536703 0.3290543854236603 0.6127670605977377 0.3333376348018646 0.6180739402770996 0.33301472663879395 0.6249693234761556 0.3252395987510681 0.635935386021932 0.31883031129837036 0.6453639268875122 0.3129497766494751 0.6552912791570028 0.3128916621208191 0.6670209566752116 0.31008338928222656 0.679322083791097 0.30695146322250366 0.6861542065938314 0.3106182813644409 0.7006279627482096 0.3151957392692566 0.7129760583241781 0.3161623477935791 0.718820333480835 0.30808359384536743 0.7279760042826334 0.299859881401062 0.7347380320231119 0.29325270652770996 0.7393021583557129 0.28488779067993164 0.7381821473439535 0.2722553014755249 0.7367761929829916 0.25092506408691406 0.7298711140950521 0.24471941590309143 0.7263059616088867 0.23863103985786438 0.7251666386922201 0.23579764366149902 0.7134178479512533 0.2283809781074524 0.7032310962677002 0.21906974911689758 0.6977566083272299 0.20878297090530396 0.6955793698628744 0.20421144366264343 0.6952997843424479 0.21072810888290405 0.6883081595102946 0.2166346311569214 0.6801959673563639 0.21860340237617493 0.6729108492533366 0.22111466526985168 0.6592496633529663 0.2175070345401764 0.6324107646942139 0.20105993747711182 0.6087779998779297 0.1904316544532776 0.6046818097432455 0.18482831120491028 0.5989091396331787
1 0.31039196252822876 0.5325752894083658 0.31504395604133606 0.5158814191818237 0.3207867443561554 0.504642923672994 0.3258556127548218 0.4935644467671712 0.3326977789402008 0.48340435822804767 0.343380331993103 0.47561828295389813 0.35077953338623047 0.4722566207249959 0.3617386817932129 0.46757415930430096 0.3688276410102844 0.46492457389831543 0.37404394149780273 0.4651261568069458 0.3832930326461792 0.47503840923309326 0.39402514696121216 0.4815693298975627 0.40169957280158997 0.4831302563349406 0.41526782512664795 0.48289330800374347 0.42070674896240234 0.4873768488566081 0.42233407497406006 0.5038431882858276 0.41714897751808167 0.5155374606450399 0.4137415289878845 0.5268846750259399 0.40155303478240967 0.5256572167078654 0.39071041345596313 0.5253951152165731 0.3797045946121216 0.5270460844039917 0.3739212453365326 0.5288713375727335 0.36686888337135315 0.536615252494812 0.36443233489990234 0.5484268665313721 0.36811187863349915 0.5570693016052246 0.3787679970264435 0.5629736185073853 0.39184996485710144 0.5701787074406942 0.40401512384414673 0.5756129026412964 0.40868160128593445 0.5801302989323934 0.4021327793598175 0.5926231543223063 0.39663293957710266 0.5963006019592285 0.38424959778785706 0.5990360577901205 0.37413346767425537 0.60247802734375 0.36526811122894287 0.6037810643513998 0.3591347336769104 0.6020028193791708 0.3507835865020752 0.5969486633936564 0.34240469336509705 0.5912384589513143 0.33028051257133484 0.5818948745727539 0.32097768783569336 0.5712840557098389 0.3179181218147278 0.5580873092015585 0.31228458881378174 0.5454069375991821
1 0.43027082085609436 0.493513544400533 0.43686848878860474 0.48294150829315186 0.44745051860809326 0.4718434015909831 0.4543827474117279 0.4670870304107666 0.46449169516563416 0.46092132727305096 0.47343161702156067 0.45992982387542725 0.48106488585472107 0.4621294339497884 0.4863080084323883 0.46793119112650555 0.4917508363723755 0.48302777608235675 0.4894765317440033 0.4960685968399048 0.4932742714881897 0.5095627705256144 0.49999159574508667 0.5160200198491415 0.5022859573364258 0.5228257179260254 0.49615806341171265 0.5346887509028116 0.4782049059867859 0.5453513065973917 0.4670967161655426 0.5566372871398926 0.46260786056518555 0.5595943927764893 0.45319902896881104 0.5565696954727173 0.4451484978199005 0.5566498835881551 0.435447096824646 0.5564056634902954 0.4248702824115753 0.557503898938497 0.4186195731163025 0.5408571561177572 0.41575750708580017 0.5327193737030029 0.4222501218318939 0.5213625828425089 0.42443132400512695 0.5090329249699911 0.42647677659988403 0.5011249383290609
1 0.48782461881637573 0.4501041571299235 0.4991740882396698 0.45520345369974774 0.5083127021789551 0.4643341302871704 0.5176241993904114 0.47674477100372314 0.5237634778022766 0.48730138937632245 0.5301558971405029 0.4990617036819458 0.5332103967666626 0.5067804654439291 0.5299298167228699 0.5134345293045044 0.5215564966201782 0.48621825377146405 0.5217494368553162 0.500637412071228 0.5133671760559082 0.510420004526774 0.5068095326423645 0.514961322148641 0.4988793730735779 0.5080663363138834 0.4948001205921173 0.5023956298828125 0.49426573514938354 0.4921928644180298 0.49479562044143677 0.4824757178624471 0.4915449619293213 0.47382458051045734 0.4883731007575989 0.4641027053197225 0.4858596622943878 0.4570821126302083
1 0.5414365530014038 0.48193148771921795 0.54659104347229 0.4747675657272339 0.5556429624557495 0.46971038977305096 0.5643982291221619 0.46387211481730145 0.5725283622741699 0.4539962609608968 0.5801711678504944 0.44696227709452313 0.5819600820541382 0.4640982945760091 0.5862913727760315 0.4747970898946126 0.5906310081481934 0.4863603512446086 0.5967052578926086 0.4985094865163167 0.5984327793121338 0.5035317341486613 0.5927752256393433 0.5154985586802164 0.5895640254020691 0.5209532578786215 0.5911699533462524 0.5300620396931967 0.5913987159729004 0.5363182624181112 0.587266206741333 0.5385382572809855 0.5807819366455078 0.5386285384496053 0.572503387928009 0.536248524983724 0.5638768672943115 0.5322910944620768 0.5541918277740479 0.5249706506729126 0.5471691489219666 0.5172832806905111 0.5424013733863831 0.510349710782369 0.5392475724220276 0.5064437786738077 0.5369479656219482 0.49719961484273273 0.5375981330871582 0.490509827931722
1 0.5315199494361877 0.49267669518788654 0.5292534828186035 0.47370068232218426 0.5300503969192505 0.46530361970265705 0.5346779823303223 0.4579928716023763 0.5407955050468445 0.4505189259847005 0.5434172749519348 0.447315772374471 0.5512824654579163 0.43770615259806317 0.5586070418357849 0.4304332733154297 0.5621031522750854 0.4261627197265625 0.5679298043251038 0.41904505093892414 0.5753865242004395 0.4174951712290446 0.584915816783905 0.4176170825958252 0.591739296913147 0.4201943079630534 0.5940878391265869 0.42986468474070233 0.597726583480835 0.44122175375620526 0.6014575362205505 0.4523428678512573 0.6045433282852173 0.46084829171498615 0.6043254137039185 0.4747329155604045 0.6014652848243713 0.48983967304229736 0.5997804403305054 0.4987063805262248 0.5906804800033569 0.48670148849487305 0.581283688545227 0.4834940433502197 0.5744929909706116 0.490578293800354 0.5723210573196411 0.5015009641647339 0.5726343989372253 0.5109221537907919 0.5740256309509277 0.5232559045155843 0.570397675037384 0.5263282855351766 0.56785649061203 0.5261178016662598 0.5586572289466858 0.5135486920674642 0.5489827394485474 0.5026655594507853 0.5460012555122375 0.5014709234237671 0.5405771136283875 0.4992307424545288
1 0.49762898683547974 0.23696593443552652 0.5084328651428223 0.23263764381408691 0.528449296951294 0.2349635362625122 0.543912947177887 0.24025452136993408 0.5591868758201599 0.24706876277923584 0.5700963735580444 0.2591221531232198 0.5697057843208313 0.2714656988779704 0.5646612048149109 0.28791534900665283 0.5596155524253845 0.3000314235687256 0.5511356592178345 0.2961210012435913 0.5359303951263428 0.2844483057657878 0.5266217589378357 0.27452995379765827 0.5121356844902039 0.2645248572031657 0.5056045651435852 0.25503599643707275 0.5011969804763794 0.24327454964319864
1 0.5434005260467529 0.36370623111724854 0.5449367761611938 0.3451801935831706 0.5494707822799683 0.333457350730896 0.5601660013198853 0.32516545057296753 0.5681745409965515 0.3199919859568278 0.5679109692573547 0.3138970136642456 0.5687247514724731 0.3021460771560669 0.580416202545166 0.2888373335202535 0.5884650349617004 0.2832035819689433 0.6068391799926758 0.280098021030426 0.6155807971954346 0.2760199308395386 0.627679705619812 0.27832770347595215 0.6381879448890686 0.2818978627522786 0.6540728807449341 0.29249103864034015 0.6577887535095215 0.30218589305877686 0.6496411561965942 0.3305378754933675 0.6434658765792847 0.3435204823811849 0.6384097933769226 0.35469532012939453 0.6295892000198364 0.36411388715108234 0.6246317028999329 0.3712206284205119 0.6090074181556702 0.35773634910583496 0.5968455076217651 0.35035661856333417 0.5888813138008118 0.3562358220418294 0.5813071727752686 0.3702022631963094 0.5711483955383301 0.37919803460439044 0.5658931732177734 0.38898881276448566 0.5602831840515137 0.390217661857605 0.5498848557472229 0.38485562801361084 0.5452296733856201 0.3767729202906291
1 0.586952805519104 0.4425418774286906 0.5977193117141724 0.43225355943044025 0.6055378317832947 0.4241193135579427 0.616485595703125 0.40968024730682373 0.6222510933876038 0.4089638392130534 0.6360268592834473 0.43047579129536945 0.6451898813247681 0.44824997584025067 0.6495316624641418 0.46682997544606525 0.6451557278633118 0.47925277551015216 0.6410652995109558 0.48799677689870197 0.6347536444664001 0.4914933443069458 0.6257950663566589 0.49539772669474286 0.6182963848114014 0.5001869201660156 0.6109758019447327 0.502433180809021 0.6052621006965637 0.5049847364425659 0.5979717373847961 0.4913473924001058 0.5889555215835571 0.47632408142089844 0.5867113471031189 0.45917828877766925
1 0.40649285912513733 0.5989634990692139 0.4191497266292572 0.5857211351394653 0.42977309226989746 0.5820407867431641 0.4445214569568634 0.5874201854070028 0.4628047049045563 0.6011017560958862 0.48048001527786255 0.6106768846511841 0.5069512724876404 0.6102416117986044 0.5427727103233337 0.6088143189748129 0.566984236240387 0.6004671653111776 0.5812239646911621 0.5920670827229818 0.5867372155189514 0.5905529260635376 0.594880223274231 0.6084474722544352 0.6128338575363159 0.635131041208903 0.6244855523109436 0.6405439376831055 0.627158522605896 0.6547335386276245 0.6283290386199951 0.6775024731953939 0.6280090808868408 0.6907143592834473 0.6228494644165039 0.6977378527323405 0.6075359582901001 0.7024154663085938 0.5961441993713379 0.7080678939819336 0.6063557863235474 0.7206010818481445 0.610819935798645 0.732968250910441 0.5998156666755676 0.7598779996236166 0.5974323749542236 0.7719547748565674 0.5914447903633118 0.7769065697987875 0.5665758848190308 0.7883160909016927 0.5581656694412231 0.7907594839731852 0.5492193698883057 0.788788636525472 0.5375043153762817 0.7790162563323975 0.5178139209747314 0.763869841893514 0.5017318725585938 0.7498304843902588 0.4945532977581024 0.7450801531473795 0.48103639483451843 0.7490964730580648 0.469834566116333 0.7422134081522623 0.45989882946014404 0.7300297419230143 0.4518775939941406 0.7203403313954672 0.4484497010707855 0.7054689725240072 0.44356220960617065 0.6828883488972982 0.4328269958496094 0.6676367123921713 0.4271238446235657 0.6482199827829996 0.42564621567726135 0.6303006807963053 0.415327250957489 0.6144128640492758
1 0.601432204246521 0.5646321376164755 0.6058753132820129 0.538604219754537 0.6075836420059204 0.5274301369984945 0.6248149275779724 0.5452737808227539 0.6346244812011719 0.5500411589940389 0.6319193840026855 0.564123272895813 0.6313136219978333 0.5751100381215414 0.6253888607025146 0.5815512736638387 0.6174794435501099 0.581683874130249 0.6070940494537354 0.5754087766011556
1 0.612286388874054 0.5157309770584106 0.6103986501693726 0.502738356590271 0.6095265746116638 0.48833274841308594 0.6138095855712891 0.4731311798095703 0.6193428635597229 0.46661869684855145 0.6319938898086548 0.4644797245661418 0.6424022912979126 0.46179040273030597 0.6553044319152832 0.46015461285909015 0.6612898707389832 0.4682275851567586 0.6659064888954163 0.4910506804784139 0.6700509786605835 0.5085981686909994 0.6682912111282349 0.5189014673233032 0.6616897583007812 0.5306650797526041 0.6547698974609375 0.5395526885986328 0.6475024223327637 0.5444043874740601 0.6383095979690552 0.5353238185246786 0.6298233866691589 0.5269444783528646 0.6179983019828796 0.5176453987757365
0 0.5636636018753052 0.05819650491078695 0.5828515291213989 0.05971852938334147 0.5971595048904419 0.0625853141148885 0.6081060171127319 0.0658876101175944 0.612355649471283 0.07454744974772136 0.618200421333313 0.09017761548360188 0.6229345798492432 0.10288588205973308 0.6229369640350342 0.10722589492797852 0.6201609373092651 0.11998999118804932 0.6178370118141174 0.12854381402333578 0.6153420805931091 0.13433420658111572 0.612677276134491 0.1417038838068644 0.6065880060195923 0.1329343318939209 0.6039351224899292 0.11383895079294841 0.6008387207984924 0.10762401421864827 0.595625638961792 0.10358194510142009 0.587538480758667 0.09994932015736897 0.5793225169181824 0.09744807084401448 0.5711458921432495 0.09450932343800862 0.5686930418014526 0.08648641904195149 0.5673263669013977 0.07711172103881836 0.567658007144928 0.07397981484731038
0 0.6212944388389587 0.06562097867329915 0.6322239637374878 0.06433745225270589 0.6439187526702881 0.06447311242421468 0.6535979509353638 0.06575322151184082 0.6683175563812256 0.06763311227162679 0.6742655038833618 0.08550667762756348 0.6683042049407959 0.08903499444325765 0.6576670408248901 0.09271947542826335 0.6505556106567383 0.09812768300374348 0.6441172361373901 0.10158379872639973 0.6322391629219055 0.09907984733581543 0.6262259483337402 0.09840854008992513 0.6224016547203064 0.08160781860351562 0.6192528009414673 0.0715471903483073
1 0.058237671852111816 0.7656943003336588 0.06839212775230408 0.7740113735198975 0.0779581367969513 0.7935450871785482 0.08944544196128845 0.819505532582601 0.09630641341209412 0.8373592694600424 0.09699365496635437 0.849606990814209 0.09150195121765137 0.8611195882161459 0.08351033926010132 0.8717983563741049 0.07900553941726685 0.8740790685017904 0.06747162342071533 0.8172771135965983
1 0.08293873071670532 0.8822251955668131 0.093600332736969 0.8709662755330404 0.10041442513465881 0.8591747283935547 0.1038411557674408 0.8577388922373453 0.1105462908744812 0.869299570719401 0.11527049541473389 0.8737326463063558 0.1220615804195404 0.8852043946584066 0.12321916222572327 0.8965355555216471 0.12050440907478333 0.9073605537414551 0.11674904823303223 0.9177330334981283 0.1160045862197876 0.9287725289662679 0.11466673016548157 0.9372217655181885 0.11078000068664551 0.9469276269276937 0.10508376359939575 0.9550132751464844 0.10133284330368042 0.9592631657918295 0.09816312789916992 0.959341843922933 0.08892002701759338 0.9158156712849935 0.08240383863449097 0.8899232546488444
1 0.10225868225097656 0.965147336324056 0.11351999640464783 0.9544253349304199 0.11694779992103577 0.9448324839274088 0.12486550211906433 0.9240342775980631 0.1271037459373474 0.9031464258829752 0.1286153495311737 0.8932770093282064 0.1322353482246399 0.8822433153788248 0.14060848951339722 0.8878461519877116 0.1490228772163391 0.8974781036376953 0.15539631247520447 0.9102341334025065 0.16164129972457886 0.9182381629943848 0.16910547018051147 0.9232255617777506 0.18709784746170044 0.9390738805135092 0.19760772585868835 0.9458768367767334 0.20591124892234802 0.9624921480814616 0.2054557502269745 0.9772415161132812 0.2012385129928589 0.9889388084411621 0.19717982411384583 0.9939505259195963 0.18307748436927795 0.9981565475463867 0.1727675199508667 0.9980546633402506 0.15319904685020447 1.0 0.14386558532714844 1.0 0.13516825437545776 1.0 0.12710076570510864 1.0 0.11872649192810059 1.0 0.11111733317375183 0.9995441436767578 0.10867050290107727 0.9974263509114584 0.10702088475227356 0.9959948857625326
1 0.09485337138175964 0.7586902777353922 0.11560240387916565 0.757093588511149 0.12890470027923584 0.7473304271697998 0.14044496417045593 0.7379396756490072 0.14665335416793823 0.7268921534220377 0.15621620416641235 0.7241783936818441 0.1727035939693451 0.7338788509368896 0.18246984481811523 0.7414906819661459 0.19905292987823486 0.7593011856079102 0.2144753634929657 0.7703372637430826 0.2255793809890747 0.7801690101623535 0.23168548941612244 0.790367603302002 0.23641926050186157 0.8184165159861246 0.24070197343826294 0.8416624863942465 0.2485807240009308 0.8705723285675049 0.24613580107688904 0.8798534075419108 0.2245309054851532 0.8978482882181803 0.21016451716423035 0.9080354372660319 0.19863128662109375 0.9235548973083496 0.19500839710235596 0.9264413515726725 0.1770641803741455 0.9146121342976888 0.1678992509841919 0.904625415802002 0.15652459859848022 0.8889781634012858 0.1449662744998932 0.8780152002970377 0.13928401470184326 0.8758890628814697 0.1315261423587799 0.8728515307108561 0.1268717348575592 0.8561075528462728 0.12193825840950012 0.8331731160481771 0.10948246717453003 0.8110589981079102 0.09992268681526184 0.7930400371551514 0.09851312637329102 0.7857130368550619 0.0959942638874054 0.7723604043324789
2 0.181170254945755 0.8255840937296549 0.1843281388282776 0.8207839330037435 0.19283467531204224 0.825007438659668 0.19702327251434326 0.8308612505594889 0.1940230131149292 0.8383369445800781 0.18697404861450195 0.8365394274393717 0.18099278211593628 0.8331233660380045
1 0.20503130555152893 0.9407126108805338 0.21240973472595215 0.9242074489593506 0.22368615865707397 0.9114178816477457 0.23382699489593506 0.9035762151082357 0.24648597836494446 0.8904358545939127 0.25534191727638245 0.8868934313456217 0.26585254073143005 0.8875659306844076 0.28531235456466675 0.8898482322692871 0.3007873594760895 0.8949944972991943 0.3096151053905487 0.8958965937296549 0.3179965913295746 0.8968680699666342 0.32065248489379883 0.9007032712300619 0.3208323121070862 0.915006955464681 0.3203399181365967 0.9236122767130533 0.31166160106658936 0.9371841748555502 0.30090421438217163 0.9454596837361654 0.28856298327445984 0.9534749984741211 0.2812686562538147 0.9613793690999349 0.27204036712646484 0.9678301016489664 0.2643991708755493 0.9744935035705566 0.2560582756996155 0.9787012736002604 0.24586516618728638 0.9833822250366211 0.24231624603271484 0.9849772453308105 0.23169007897377014 0.9844526449839274 0.21878528594970703 0.9844731489817301 0.21024903655052185 0.9839990933736166 0.21181824803352356 0.9716486930847168 0.21013444662094116 0.9581078688303629 0.20547083020210266 0.9479432106018066
1 0.5292881727218628 0.17567729949951172 0.5409497022628784 0.16483004887898764 0.557631254196167 0.1611755688985189 0.5739480257034302 0.16078933080037436 0.59858638048172 0.17027145624160767 0.6230998039245605 0.1794511079788208 0.6342827081680298 0.19538686672846475 0.648942232131958 0.22478475173314413 0.6543723940849304 0.24378782510757446 0.6559372544288635 0.2646329601605733 0.6561095714569092 0.2838083902994792 0.6440498232841492 0.27943448225657147 0.6237254738807678 0.27086299657821655 0.6125746965408325 0.26989038785298664 0.6030722856521606 0.2721148729324341 0.5907763242721558 0.2759723663330078 0.5805562138557434 0.2794320384661357 0.5803265571594238 0.26720647017161053 0.589003324508667 0.2638000249862671 0.5977180600166321 0.259879211584727 0.6077964901924133 0.2528058687845866 0.6153732538223267 0.24493159850438437 0.6151710152626038 0.237476646900177 0.6100569367408752 0.22290720542271933 0.6009759306907654 0.21578099330266318 0.5859493613243103 0.2053345243136088 0.5686956644058228 0.19539151589075723 0.5535832047462463 0.18945839007695517 0.5410416722297668 0.18384069204330444
0 0.5955222249031067 0.15495983759562174 0.6064189672470093 0.14592711130777994 0.6114829182624817 0.14737606048583984 0.6148309707641602 0.15501749515533447 0.6163955330848694 0.16944553454717 0.611101508140564 0.17027529080708823 0.6016857028007507 0.1657158931096395 0.5922304391860962 0.16128881772359213
1 0.651969313621521 0.12398235003153484 0.6552795767784119 0.10793161392211914 0.664817214012146 0.10125589370727539 0.6723462343215942 0.09394574165344238 0.6801716089248657 0.08859733740488689 0.6768587827682495 0.07643167177836101 0.676073431968689 0.06943130493164062 0.6834133863449097 0.0676346222559611 0.7120178937911987 0.08003115653991699 0.7287167310714722 0.08623377482096355 0.743351399898529 0.09187908967336018 0.7591961622238159 0.09946807225545247 0.7738145589828491 0.10804526011149089 0.7875416874885559 0.11901219685872395 0.8014676570892334 0.13546574115753174 0.8099254369735718 0.14709850152333578 0.8013267517089844 0.1633836030960083 0.7941799163818359 0.18363670508066812 0.7936322689056396 0.20246454079945883 0.7920067310333252 0.22155356407165527 0.7885602712631226 0.23918779691060385 0.7835947275161743 0.25680949290593463 0.7804977893829346 0.26466037829717 0.7790069580078125 0.27804829676946 0.77641761302948 0.2855014006296794 0.7683771848678589 0.2935616175333659 0.7654498815536499 0.29679713646570843 0.757343053817749 0.30212652683258057 0.7531601190567017 0.3040512800216675 0.7457427382469177 0.2982741792996724 0.7387067675590515 0.2893748680750529 0.740702748298645 0.2716769178708394 0.7309055924415588 0.2195883591969808 0.7262206077575684 0.213159441947937 0.7315719127655029 0.2095903754234314 0.732958972454071 0.2034856677055359 0.7344835996627808 0.19626480340957642 0.7320623993873596 0.18617339928944907 0.7269474267959595 0.1777368187904358 0.721504807472229 0.17429467042287192 0.7159531712532043 0.17162052790323892 0.7111552357673645 0.17548497517903647 0.7067527770996094 0.17602644364039102 0.7043076753616333 0.17310935258865356 0.6958277225494385 0.16321798165639242 0.681190550327301 0.1546111504236857 0.6690242886543274 0.1483004887898763 0.6617237329483032 0.1430977980295817 0.6558904647827148 0.13583882649739584 0.6528223156929016 0.12918472290039062
1 0.7056976556777954 0.29967067639033 0.7167566418647766 0.3046683073043823 0.7265597581863403 0.3054458101590474 0.7303040623664856 0.30650172630945843 0.7190787196159363 0.3177306254704793 0.7138809561729431 0.3245845437049866 0.7113489508628845 0.33155091603597003 0.7019304037094116 0.3243447740872701 0.6991167664527893 0.3208993275960286 0.7023106813430786 0.3110376199086507 0.7042180895805359 0.303827702999115
1 0.7040473818778992 0.33445727825164795 0.7125019431114197 0.3395618200302124 0.715788722038269 0.35081517696380615 0.7118952870368958 0.3621549606323242 0.7072287797927856 0.36725064118703205 0.7034497261047363 0.36316462357838947 0.7012747526168823 0.3582952419916789 0.7033156156539917 0.3489360809326172 0.7035183906555176 0.3399639129638672
1 0.7162445783615112 0.33650604883829754 0.726070761680603 0.32291390498479206 0.7322275638580322 0.31571559111277264 0.7413849830627441 0.30838676293691 0.7464533448219299 0.30641494194666546 0.7537475824356079 0.3129968047142029 0.773887574672699 0.3298371434211731 0.7796968221664429 0.3376309871673584 0.7904303073883057 0.3507668177286784 0.7969003915786743 0.35908007621765137 0.7843919992446899 0.36848342418670654 0.7785890102386475 0.37473352750142414 0.773819088935852 0.38329939047495526 0.7684061527252197 0.3889166514078776 0.7604151964187622 0.38788676261901855 0.7475760579109192 0.3811465899149577 0.7383414506912231 0.3751819133758545 0.7334285378456116 0.3712061643600464 0.7288922071456909 0.3666093349456787 0.7221754193305969 0.3625679016113281 0.7206698656082153 0.3609197934468587 0.7188377976417542 0.34657104810078937
1 0.6278766393661499 0.38426025708516437 0.6353915333747864 0.367171843846639 0.6409181356430054 0.3621297279993693 0.6473463177680969 0.3571169376373291 0.6545851230621338 0.3549385865529378 0.6584620475769043 0.3552061716715495 0.6639599800109863 0.35669803619384766 0.6722212433815002 0.359605073928833 0.6810299754142761 0.3624092737833659 0.6848414540290833 0.3626859982808431 0.6882247924804688 0.3640557527542114 0.6937485933303833 0.3664627472559611 0.69964200258255 0.36660834153493244 0.7043184638023376 0.3724433183670044 0.7001916170120239 0.38674875100453693 0.6978363990783691 0.4055644671122233 0.6960752010345459 0.4153595765431722 0.6942969560623169 0.4264947970708211 0.6904999017715454 0.435665488243103 0.6842701435089111 0.43778741359710693 0.6780485510826111 0.43686044216156006 0.6702804565429688 0.4363691012064616 0.6666356921195984 0.43561073144276935 0.6623859405517578 0.43494856357574463 0.656254768371582 0.43496493498484295 0.6526205539703369 0.43725045522054035 0.6499367952346802 0.44223912556966144 0.6385922431945801 0.4273110628128052 0.6301432847976685 0.41429980595906574 0.6255832314491272 0.4057091474533081 0.6232583522796631 0.3954830964406331
1 0.7085084915161133 0.3810575008392334 0.7131630182266235 0.3725364605585734 0.720949649810791 0.3682572841644287 0.7265675067901611 0.371726393699646 0.7368630766868591 0.37865062554677326 0.7423372268676758 0.3842587471008301 0.7483760118484497 0.3897828261057536 0.747134804725647 0.4059879779815674 0.7483224272727966 0.418008287747701 0.7499604821205139 0.43168485164642334 0.7517482042312622 0.43713470300038654 0.7608111500740051 0.4450812339782715 0.7677648067474365 0.45317236582438153 0.779665470123291 0.46738362312316895 0.7872828245162964 0.465622345606486 0.7944879531860352 0.4618200461069743 0.7998995780944824 0.4569578170776367 0.7990542650222778 0.46723143259684247 0.8000420928001404 0.47683656215667725 0.8029905557632446 0.48403088251749676 0.8088129758834839 0.49115880330403644 0.8084540367126465 0.4986728032430013 0.8043237328529358 0.5084880987803141 0.8006898164749146 0.5149728457132975 0.7983872890472412 0.5195290644963583 0.7948699593544006 0.5242703755696615 0.7899885177612305 0.5286478598912557 0.7849485874176025 0.5324744383494059 0.7796593904495239 0.539380153020223 0.7736660242080688 0.5412526528040568 0.7695138454437256 0.5405597686767578 0.7664252519607544 0.5391330321629842 0.7610597610473633 0.535393476486206 0.7579314708709717 0.5275002717971802 0.7525650262832642 0.5191823641459147 0.7469989657402039 0.508025328318278 0.7400233745574951 0.4987955490748088 0.7318569421768188 0.49070243040720624 0.7244939804077148 0.48267380396525067 0.7152156829833984 0.4726509253184001 0.7080698013305664 0.4644020398457845 0.7022371888160706 0.4578638474146525 0.6986996531486511 0.4540254275004069 0.6965056657791138 0.4492160479227702 0.6959621906280518 0.441861629486084 0.6974380612373352 0.4343850612640381 0.7000713348388672 0.4158718983332316 0.7017310857772827 0.4034265677134196 0.7034358978271484 0.3936447302500407 0.7046899795532227 0.38451361656188965 0.7050805687904358 0.3821729818979899
1 0.11544772982597351 1.0 0.13405445218086243 1.0 0.14981335401535034 1.0 0.1693507432937622 1.0 0.18476629257202148 1.0 0.19777095317840576 1.0 0.2045551836490631 1.0 0.20620644092559814 1.0 0.20617908239364624 1.0 0.2053835093975067 1.0 0.20648562908172607 1.0 0.20942789316177368 1.0 0.21329540014266968 1.0 0.2173612415790558 1.0 0.22008615732192993 1.0 0.16428565979003906 1.0 0.14065542817115784 1.0 0.12434011697769165 1.0
1 0.2498469352722168 1.0 0.25359976291656494 1.0 0.2636706829071045 1.0 0.2774582803249359 1.0 0.2901889681816101 1.0 0.29178792238235474 1.0
1 0.255878210067749 1.0 0.24716243147850037 1.0 0.24497637152671814 1.0 0.2452598214149475 0.9970453580220541 0.2515872120857239 0.9898544947306315 0.26567766070365906 0.9840013186136881 0.2737365663051605 0.9790607293446859 0.2878402769565582 0.9676338831583658 0.2970055341720581 0.9609610239664713 0.3066576421260834 0.954112688700358 0.32105183601379395 0.9471429189046224 0.33379292488098145 0.9413561820983887 0.33976563811302185 0.9415666262308756 0.3466182351112366 0.9462292989095052 0.35376691818237305 0.956834634145101 0.35616445541381836 0.9695467948913574 0.3606570363044739 0.9835735162099203 0.3665376901626587 1.0 0.3726664185523987 1.0 0.37612026929855347 1.0 0.37839463353157043 1.0 0.3813692033290863 1.0 0.3522147536277771 1.0 0.32784950733184814 1.0 0.31338533759117126 1.0 0.30238431692123413 1.0 0.2948172688484192 1.0 0.28726205229759216 1.0 0.2795329689979553 1.0 0.2695872187614441 1.0 0.25891339778900146 1.0
1 0.29744860529899597 1.0 0.2960999310016632 1.0 0.29852405190467834 1.0 0.30572885274887085 1.0 0.3204286992549896 1.0 0.3265867233276367 1.0 0.3382161855697632 1.0 0.34179604053497314 1.0 0.3660384714603424 1.0 0.37553671002388 1.0 0.38733935356140137 1.0 0.3922206163406372 1.0 0.3885195553302765 1.0 0.3623415231704712 1.0 0.33733776211738586 1.0 0.3163943886756897 1.0 0.3031716048717499 1.0
1 0.3931008279323578 1.0 0.4011319875717163 1.0 0.41288623213768005 1.0 0.4299823045730591 1.0 0.45142146944999695 1.0 0.4783068895339966 1.0 0.5091920495033264 1.0 0.5307636857032776 0.9911829630533854 0.5397742986679077 0.984839121500651 0.5364786386489868 0.9705882867177328 0.5252970457077026 0.9574732780456543 0.511484682559967 0.943467934926351 0.49796873331069946 0.9317607879638672 0.4871702790260315 0.9259296258290609 0.4690958559513092 0.9256165822347006 0.45257070660591125 0.9243263403574625 0.43619051575660706 0.9213519096374512 0.42335212230682373 0.9201207160949707 0.4160531759262085 0.9167563120524088 0.40999531745910645 0.9068935712178549 0.4042341709136963 0.8995308876037598 0.39846324920654297 0.8954577445983887 0.39018288254737854 0.8955071767171224 0.38408491015434265 0.8988213539123535 0.37318289279937744 0.9076631863911947 0.36811089515686035 0.9227182070414225 0.3583908677101135 0.9351819356282552 0.3515506982803345 0.9359435240427653 0.3590262830257416 0.957879384358724 0.363517165184021 0.971910317738851 0.36556291580200195 0.9799752235412598 0.3693966269493103 0.9901177883148193 0.37463077902793884 1.0 0.38186031579971313 1.0
1 0.3721321225166321 0.8080119291941324 0.3773089349269867 0.8057861328125 0.39021235704421997 0.8005801836649576 0.40386998653411865 0.7957091331481934 0.4159899950027466 0.7958971659342448 0.42781269550323486 0.8033421834309896 0.4358445405960083 0.8158772786458334 0.4411008059978485 0.8266206582387289 0.4420751631259918 0.8329067230224609 0.44101354479789734 0.8465765317281088 0.43595027923583984 0.858394463857015 0.4261007308959961 0.8659300804138184 0.41384750604629517 0.8762133916219076 0.40173283219337463 0.8816539446512858 0.39345401525497437 0.8817000389099121 0.3905003070831299 0.8759430249532064 0.3982231020927429 0.86740509668986 0.4058621823787689 0.8568546772003174 0.40194618701934814 0.8447303771972656 0.3978501856327057 0.8319307963053385 0.3926500678062439 0.8241279125213623 0.3890174329280853 0.8211994171142578 0.37771672010421753 0.8158726692199707 0.3746439218521118 0.8146993319193522
1 0.42620953917503357 0.7865060170491537 0.43576112389564514 0.7732512156168619 0.4478217363357544 0.7590405146280924 0.45716148614883423 0.7516656716664633 0.46540412306785583 0.7459192276000977 0.47428861260414124 0.760313351949056 0.47521474957466125 0.7830727895100912 0.47807928919792175 0.7997403144836426 0.48107483983039856 0.8084049224853516 0.47127819061279297 0.8150604565938314 0.4606058597564697 0.8172967433929443 0.45247963070869446 0.8151050408681234 0.44328850507736206 0.8078844547271729 0.4369112253189087 0.8021844228108724 0.43243956565856934 0.797081470489502
1 0.48686110973358154 0.796729564666748 0.4846939444541931 0.7804850737253824 0.48210859298706055 0.7696808179219564 0.48466360569000244 0.7587137222290039 0.4870920777320862 0.7557132244110107 0.4998970329761505 0.7574073473612467 0.5114811658859253 0.7652959823608398 0.5222521424293518 0.7739998499552408 0.5273778438568115 0.780062198638916 0.5369243025779724 0.7884631951649984 0.5472568273544312 0.7989746729532877 0.5400979518890381 0.8106823762257894 0.5287953615188599 0.819035530090332 0.5222291350364685 0.8222431341807047 0.5147604942321777 0.8211808204650879 0.5060867667198181 0.8166224161783854 0.49902600049972534 0.8132086594899496 0.4946955442428589 0.8091839154561361 0.49016672372817993 0.8045536677042643
1 0.4105958938598633 0.8866740862528483 0.4262365996837616 0.8798542817433676 0.4373072683811188 0.8691866397857666 0.4471997916698456 0.8548839886983236 0.4544661343097687 0.846152146657308 0.4611050486564636 0.845555861790975 0.47437191009521484 0.8541003863016764 0.483327716588974 0.8615848223368326 0.49029049277305603 0.8632213274637858 0.4925692677497864 0.8780643145243326 0.4921189248561859 0.8934345245361328 0.4905712902545929 0.9040044148763021 0.4896346628665924 0.9129878679911295 0.4742746949195862 0.9155516624450684 0.46106183528900146 0.9156645139058431 0.4491964876651764 0.9110857645670573 0.43533065915107727 0.9103997548421224 0.4256014823913574 0.9100003242492676 0.41991373896598816 0.904734214146932 0.41722437739372253 0.9016954104105631
1 0.47389963269233704 0.8443869749704996 0.4746587872505188 0.828223466873169 0.47850778698921204 0.8226764996846517 0.48679906129837036 0.8165538311004639 0.4934543967247009 0.818962574005127 0.5005139708518982 0.8224397500356039 0.5086734294891357 0.8306121826171875 0.5121860504150391 0.8388851483662924 0.5131699442863464 0.8483262062072754 0.5088174939155579 0.8510002295176188 0.4976016879081726 0.8507830301920573 0.487096905708313 0.8507405916849772 0.48073744773864746 0.8507960637410482
1 0.8892123699188232 0.4012273947397868 0.8949289321899414 0.3827153444290161 0.9053735733032227 0.36999257405598956 0.9150058031082153 0.3613111178080241 0.9283356666564941 0.36672381560007733 0.9350525140762329 0.3728491465250651 0.9421770572662354 0.3890320460001628 0.9458974599838257 0.39498106638590497 0.9512476921081543 0.40720999240875244 0.9533253908157349 0.4183205763498942 0.9536103010177612 0.4284074703852336 0.9578772783279419 0.44702712694803876 0.9607444405555725 0.45181043942769367 0.9494502544403076 0.45814836025238037 0.9399438500404358 0.4609374205271403 0.9314894080162048 0.46127474308013916 0.9263095855712891 0.4558722972869873 0.9179887771606445 0.43788643678029376 0.911003828048706 0.429173747698466 0.9041330814361572 0.42207924524943036 0.8963394165039062 0.412192424138387
1 0.8486933708190918 0.18065241972605386 0.8590619564056396 0.18719842036565146 0.8664108514785767 0.20002530018488565 0.8709806203842163 0.22347933053970337 0.8713630437850952 0.23438016573588052 0.8722707033157349 0.24761239687601724 0.8779147267341614 0.26278342803319293 0.8816076517105103 0.2741655111312866 0.8824841976165771 0.2840816577275594 0.876232385635376 0.30326181650161743 0.8725827932357788 0.3298593759536743 0.8678537607192993 0.35306509335835773 0.8527098894119263 0.35414151350657147 0.8463245034217834 0.3453802267710368 0.849618673324585 0.33249807357788086 0.8477061986923218 0.3145923614501953 0.8445421457290649 0.3004845976829529 0.8426414728164673 0.274936576684316 0.8439804315567017 0.25712281465530396 0.8458977341651917 0.24457172552744547 0.852304995059967 0.22950718800226846 0.8551706671714783 0.20700955390930176 0.8549742102622986 0.19426616032918295
1 0.8082979917526245 0.12254170576731364 0.815582275390625 0.1387247641881307 0.8202950954437256 0.14635197321573892 0.8284227252006531 0.15151405334472656 0.8381896018981934 0.15200181802113852 0.8478058576583862 0.14968995253245035 0.8608499765396118 0.14489519596099854 0.8617775440216064 0.14188218116760254 0.8441121578216553 0.13485761483510336 0.8255285024642944 0.12624665101369223 0.8156121373176575 0.12243147691090901
1 0.9854612350463867 0.2122591733932495 1.0 0.22748114665349325 1.0 0.24106472730636597 1.0 0.24962149063746134 1.0 0.26782071590423584 1.0 0.29164161284764606 1.0 0.32407599687576294 1.0 0.3492329915364583 1.0 0.36659514904022217 0.9963524341583252 0.3805669943491618 0.9891707897186279 0.39606157938639325 0.9832179546356201 0.4031987984975179 0.9765050411224365 0.4045732816060384 0.9679825901985168 0.3814079761505127 0.9570062160491943 0.34951674938201904 0.9474817514419556 0.32916824022928876 0.9387719631195068 0.31978392601013184 0.9288274049758911 0.31418124834696454 0.9200215339660645 0.30482186873753864 0.9191852807998657 0.2867320775985718 0.9241538643836975 0.2573521137237549 0.9270315170288086 0.2242084542910258 0.9222429990768433 0.213101327419281 0.911759614944458 0.21547951300938925 0.9010993242263794 0.22844195365905762 0.8983083367347717 0.24271637201309204 0.8902108073234558 0.27085192998250324 0.8838680982589722 0.2695935567220052 0.8791279792785645 0.24263683954874674 0.8746544718742371 0.21618491411209106 0.8707013130187988 0.19515711069107056 0.866361141204834 0.17193798224131265 0.8724987506866455 0.15752112865447998 0.8754254579544067 0.15129613876342773 0.8920262455940247 0.15742496649424234 0.9432002305984497 0.18630961577097574 0.9692987203598022 0.19996478160222372
1 0.8855206966400146 0.4119231700897217 0.895237922668457 0.4267342885335286 0.9090715646743774 0.442546010017395 0.9142253398895264 0.45481499036153156 0.9117282032966614 0.4679495890935262 0.8985227942466736 0.47392932573954266 0.8879616856575012 0.4853749672571818 0.8808035850524902 0.4926944573720296 0.8744441270828247 0.4842134714126587 0.8728024959564209 0.47009535630544025 0.8743079900741577 0.45254266262054443 0.8737728595733643 0.44380486011505127 0.8676537275314331 0.4310401678085327 0.8779894709587097 0.42191557089487713
1 0.8835306167602539 0.4997794230779012 0.8930246829986572 0.4930783112843831 0.9023401737213135 0.48705633481343585 0.9192429780960083 0.47168107827504474 0.9307973384857178 0.477069616317749 0.9340534210205078 0.48832468191782635 0.9332518577575684 0.5119578838348389 0.9325143098831177 0.5287058353424072 0.9306708574295044 0.5416965881983439 0.9303627610206604 0.5485795736312866 0.9273765087127686 0.5561965703964233 0.9228520393371582 0.5676153500874838 0.917633593082428 0.572312076886495 0.9110809564590454 0.5746158758799235 0.9013779163360596 0.5757790803909302 0.8979119062423706 0.5776067574818929 0.8928017616271973 0.5800084273020426 0.8874987363815308 0.5830849011739095 0.879426121711731 0.5765480200449625 0.8756532073020935 0.568700114885966 0.8756033778190613 0.5505298376083374 0.8774662017822266 0.532024065653483 0.8803046941757202 0.5188759962717692
1 0.9394088983535767 0.47605522473653156 0.9456250667572021 0.4705108404159546 0.9515196084976196 0.46632405122121173 0.9575644731521606 0.46145931879679364 0.9682177901268005 0.4601256052652995 0.9746279716491699 0.46010688940684 0.9846246242523193 0.4637792507807414 0.9952388405799866 0.4732390244801839 1.0 0.49078838030497235 1.0 0.49278533458709717 1.0 0.5047824382781982 0.99857097864151 0.525826613108317 0.9942686557769775 0.5427943070729574 0.9865237474441528 0.550633947054545 0.975928783416748 0.5496698220570883 0.9683846831321716 0.5521382490793864 0.9548720121383667 0.5604068835576376 0.9486351013183594 0.5597434043884277 0.9415239095687866 0.5530362923940023 0.9387586116790771 0.5466304620107015 0.936944842338562 0.5345365603764852 0.9356098175048828 0.506369431813558 0.9377670288085938 0.4913394053777059
1 0.8752472996711731 0.5826890071233114 0.8860271573066711 0.5901028315226237 0.8880991339683533 0.6088360548019409 0.8831645250320435 0.6272745529810587 0.8778442144393921 0.639932115872701 0.8707677125930786 0.6563146511713663 0.8632946014404297 0.6780720551808676 0.8591310977935791 0.6906971136728922 0.8453560471534729 0.6941895484924316 0.8302344083786011 0.6896483898162842 0.8176109194755554 0.6866508324941 0.8062702417373657 0.6828442414601644 0.8012619614601135 0.6797498861948649 0.8034453392028809 0.665900190671285 0.8028334379196167 0.6495315631230673 0.802114725112915 0.6331101258595785 0.8027542233467102 0.6295135021209717 0.8211684823036194 0.6265112559000651 0.8347505331039429 0.6261153221130371 0.8482677936553955 0.6193075180053711 0.8598300218582153 0.6105123360951742 0.8659517765045166 0.6031515598297119
1 0.9267597198486328 0.5786962906519572 0.9371954798698425 0.5874696572621664 0.9462553262710571 0.5922389030456543 0.9506862759590149 0.5815111001332601 0.9512526988983154 0.5739608208338419 0.942952573299408 0.5625701347986857 0.9381513595581055 0.5564845403035482 0.9348206520080566 0.5560228029886881 0.9304834604263306 0.5667653878529867
1 0.9598504304885864 0.5658145745595297 0.9760799407958984 0.5678627490997314 0.9864811897277832 0.563982089360555 0.9777448177337646 0.5981113513310751 0.9726722240447998 0.6224721272786459 0.9678584337234497 0.6380612055460612 0.9640807509422302 0.6150798797607422 0.9560133218765259 0.5998137791951498 0.9531542062759399 0.5940980116526285 0.9568709135055542 0.580561637878418
1 0.8930732011795044 0.5896764198939005 0.9015779495239258 0.5822285016377767 0.912878155708313 0.5788791179656982 0.9204378128051758 0.5819342931111654 0.9323173761367798 0.5908075173695883 0.9408062696456909 0.597603996594747 0.9489055871963501 0.6057514746983846 0.9576782584190369 0.6166975498199463 0.9640748500823975 0.6357322533925375 0.964481770992279 0.6495113770167033 0.964167594909668 0.6515853404998779 0.947759747505188 0.7046404679616293 0.9422286152839661 0.7084213892618815 0.9328190088272095 0.7034103870391846 0.9206597805023193 0.7007002830505371 0.9153665900230408 0.7046301364898682 0.9076646566390991 0.7142740885416666 0.9038878679275513 0.72554612159729 0.9067726135253906 0.7393361727396647 0.9086729288101196 0.7485160827636719 0.8264814615249634 0.1040276288986206 0.8879549503326416 0.7381166617075602 0.8799521923065186 0.7275683879852295 0.874736487865448 0.714740514755249 0.86873459815979 0.69662872950236 0.8667181134223938 0.6905829111735026 0.8713196516036987 0.6734330654144287 0.8793400526046753 0.6480339368184408 0.8875946998596191 0.632394552230835 0.8920167684555054 0.6191974480946859 0.8935672044754028 0.6122011343638102
1 0.6624330878257751 0.563412586847941 0.6730487942695618 0.5447049538294474 0.6772068738937378 0.5370936393737793 0.6867654323577881 0.537608782450358 0.7007383704185486 0.5451036294301351 0.7078919410705566 0.5564590692520142 0.7087467312812805 0.5828001896540324 0.7098395824432373 0.5985811154047648 0.705271303653717 0.6114288965861002 0.6625653505325317 0.305020809173584 0.6640671491622925 0.3171558181444804 0.6609552502632141 0.3256107767422994 0.6540647745132446 0.3340253035227458 0.6443271040916443 0.3319587707519531 0.6644093990325928 0.5959169467290243 0.6602316498756409 0.5809199810028076 0.6597440838813782 0.5698337157567342
1 0.6595836877822876 0.3399096330006917 0.6663979291915894 0.32694071531295776 0.6718869805335999 0.31890926758448285 0.6760483384132385 0.31515751282374066 0.6866813898086548 0.31945298115412396 0.695639967918396 0.3277653257052104 0.7051706910133362 0.3287328282992045 0.7111877202987671 0.32537118593851727 0.7146354913711548 0.317856768767039 0.7166262865066528 0.30415624380111694 0.7175062894821167 0.2991000811258952 0.7257271409034729 0.30764589707056683 0.7296966314315796 0.31538985172907513 0.7308447360992432 0.32589101791381836 0.7263566255569458 0.3445381323496501 0.7269647717475891 0.3516900936762492 0.7304632663726807 0.36187322934468585 0.7316720485687256 0.36956175168355304 0.7251425385475159 0.3761562506357829 0.7182868123054504 0.37727344036102295 0.7120143175125122 0.3717968861262004 0.7079982161521912 0.36552441120147705 0.6976363658905029 0.3695688247680664 0.6888518929481506 0.37563788890838623 0.6810221672058105 0.37857778867085773 0.6718648672103882 0.3745764493942261 0.6647118330001831 0.36215893427530926 0.6602214574813843 0.3524018923441569
1 0.7307590246200562 0.2756176193555196 0.7292703986167908 0.28673654794692993 0.730988621711731 0.2952609062194824 0.7331435084342957 0.30522964398066205 0.73732590675354 0.317999005317688 0.7391616106033325 0.3217087984085083 0.7421464920043945 0.324015736579895 0.7490487694740295 0.3241906563440959 0.7566186785697937 0.32552488644917804 0.7630490660667419 0.32494791348775226 0.7722500562667847 0.32231777906417847 0.7755237221717834 0.31702526410420734 0.7731198668479919 0.30281790097554523 0.7664629220962524 0.2884551485379537 0.754431962966919 0.2931876977284749 0.7437649369239807 0.2936045527458191 0.738362193107605 0.28626561164855957
1 0.7364757061004639 0.2233753800392151 0.7429501414299011 0.20880252122879028 0.7524757385253906 0.19316554069519043 0.8209689855575562 0.695348342259725 0.8349357843399048 0.6985631783803304 0.845458984375 0.7018142541249593 0.8517193794250488 0.7035156885782877 0.8593038320541382 0.7033276557922363 0.8662317991256714 0.7141070365905762 0.8063147068023682 0.13099400202433267 0.8145747184753418 0.1217265526453654 0.8315616846084595 0.10922237237294515 0.842984139919281 0.1200175682703654 0.8534632921218872 0.1319566567738851 0.8569825887680054 0.1499086618423462 0.8618000745773315 0.16296422481536865 0.8653548359870911 0.17096600929896036 0.8680213093757629 0.17922194798787436 0.8704236745834351 0.19928268591562906 0.8710105419158936 0.2108649214108785 0.8718003034591675 0.2328153451283773 0.8717072606086731 0.24517605702082315 0.874089241027832 0.2602051893870036 0.8769705891609192 0.27458353837331134 0.8806438446044922 0.28795482714970905 0.8872541189193726 0.304174800713857 0.8900481462478638 0.31367188692092896 0.8909922242164612 0.31895528237024945 0.8830944299697876 0.32846570014953613 0.88028883934021 0.32863909006118774 0.8734976053237915 0.31354175011316937 0.8675388097763062 0.29411792755126953 0.8588430881500244 0.2762814362843831 0.8504936099052429 0.26445088783899945 0.8445582389831543 0.26106778780619305 0.8334949612617493 0.25411226352055866 0.824937641620636 0.25144489606221515 0.8149257898330688 0.24972142775853476 0.7973614931106567 0.23914007345835367 0.7855263948440552 0.23796614011128744 0.7710080146789551 0.2342984676361084 0.7548713684082031 0.22682575384775797 0.7454816102981567 0.22510933876037598
1 0.8717026710510254 0.17144193251927695 0.8648809194564819 0.15508770942687988 0.8650141358375549 0.14422003428141275 0.8747646808624268 0.1372560660044352 0.8863238096237183 0.13549482822418213 0.8952717781066895 0.1476973295211792 0.912812352180481 0.1760517160097758 0.8967489004135132 0.1752733588218689 0.8856477737426758 0.17295930782953897 0.8777172565460205 0.17356924215952554
1 0.4984593689441681 0.9108344713846842 0.5031045079231262 0.8797985712687174 0.5066559910774231 0.8629472255706787 0.5180018544197083 0.8546301523844401 0.530143141746521 0.8503003120422363 0.5529301762580872 0.8601263364156088 0.570766270160675 0.8751180171966553 0.6006595492362976 0.8830610911051432 0.6132134199142456 0.8905929724375407 0.6180009841918945 0.9010101954142252 0.6245715022087097 0.9091779390970866 0.6257857084274292 0.9211877187093099 0.6258041858673096 0.9327568213144938 0.6274323463439941 0.9387178421020508 0.5953777432441711 0.9589458306630453 0.5756624341011047 0.9686903953552246 0.5616439580917358 0.9754697481791178 0.551500141620636 0.980067253112793 0.5421741008758545 0.9654005368550619 0.5266026854515076 0.947425365447998 0.5066003799438477 0.9266970157623291 0.5008820295333862 0.921907901763916
2 0.6190155148506165 0.8343095779418945 0.6226498484611511 0.8267575899759928 0.6318647861480713 0.8298830986022949 0.6295669078826904 0.8379348119099935 0.6232693195343018 0.8380972544352213
1 0.5243710279464722 0.8426062266031901 0.5375412702560425 0.825318177541097 0.5476756691932678 0.8137242794036865 0.5550823211669922 0.8072122732798258 0.5690639615058899 0.7981388568878174 0.5873226523399353 0.7912132740020752 0.6006248593330383 0.7848707834879557 0.6190468668937683 0.7767101923624674 0.6340465545654297 0.7703216870625814 0.6424778699874878 0.76495893796285 0.6519507169723511 0.759345531463623 0.669904351234436 0.7456099987030029 0.6755132675170898 0.7453136444091797 0.6818204522132874 0.7547961076100668 0.682344377040863 0.768826961517334 0.681364893913269 0.7866653601328532 0.677620530128479 0.801700750986735 0.677628219127655 0.8192200660705566 0.6894780397415161 0.8360816637674967 0.7071657180786133 0.8404694398244222 0.7154045104980469 0.8457748889923096 0.6995086073875427 0.8542790412902832 0.6923620700836182 0.856812318166097 0.6829380989074707 0.8642391363779703 0.6746509075164795 0.8700575828552246 0.6589496731758118 0.8761669794718424 0.6506239175796509 0.8771173159281412 0.6363510489463806 0.879213809967041 0.6283407807350159 0.8810443878173828 0.6172782182693481 0.8840198516845703 0.6031202673912048 0.8783756891886393 0.589012622833252 0.8744299411773682 0.5789760947227478 0.8705409367879232 0.5668109059333801 0.8638808727264404 0.5531801581382751 0.8546531995137533 0.5453892946243286 0.8504635492960612 0.54067063331604 0.8484423160552979
1 0.6079325675964355 0.7650961875915527 0.6128984689712524 0.7452696959177653 0.6168146133422852 0.7305757204691569 0.6110334396362305 0.7193517684936523 0.6069346070289612 0.7095983823140463 0.6218502521514893 0.7047502199808756 0.6282808780670166 0.7019237677256266 0.6309868097305298 0.7188847859700521 0.6388838887214661 0.7407018343607584 0.6449160575866699 0.7557888031005859 0.6338914632797241 0.7651035785675049 0.6200286746025085 0.7714314460754395 0.6083779335021973 0.7759405771891276
1 0.6900461912155151 0.7963740825653076 0.6891533732414246 0.7765428225199381 0.6887310147285461 0.7596564292907715 0.6874734163284302 0.7468084494272867 0.6939671039581299 0.7443085511525472 0.7009410858154297 0.74626358350118 0.7105803489685059 0.7586156527201334 0.718489944934845 0.7646884918212891 0.7261220216751099 0.7653593222300211 0.7234980463981628 0.7752644220987955 0.7216701507568359 0.7921001116434733 0.7200392484664917 0.8017274538675944 0.7082417011260986 0.800731897354126 0.6977579593658447 0.8034101327260336 0.6905679106712341 0.8041470050811768
1 0.6656699180603027 0.46177812417348224 0.6797506809234619 0.449623703956604 0.6931648254394531 0.44805137316385907 0.7020251750946045 0.44828800360361737 0.7144865989685059 0.44159531593322754 0.7192056179046631 0.41889627774556476 0.7202633619308472 0.401258905728658 0.7232244610786438 0.38945305347442627 0.7385247945785522 0.40757910410563153 0.7541158199310303 0.4259839455286662 0.7650473117828369 0.44338421026865643 0.7672320604324341 0.45671502749125165 0.7591120004653931 0.4635426998138428 0.7469928860664368 0.468874454498291 0.734614372253418 0.46575669447580975 0.7226430773735046 0.48396913210550946 0.7107114791870117 0.5027705430984497 0.6993770599365234 0.5113338629404703 0.6850876808166504 0.5121647516886393 0.6767169833183289 0.5080264409383138 0.6730312705039978 0.4916871388753255 0.669170618057251 0.4744269053141276
1 0.7341322898864746 0.38914485772450763 0.7324870824813843 0.3801143566767375 0.7384679317474365 0.37288983662923175 0.7490674257278442 0.3729715744654338 0.7624045610427856 0.3770805597305298 0.778480589389801 0.3833356300989787 0.7911912798881531 0.3917398452758789 0.8002404570579529 0.40173161029815674 0.8026703596115112 0.4150182008743286 0.7992686033248901 0.428860068321228 0.7920467853546143 0.4462081988652547 0.7859552502632141 0.45156967639923096 0.7766526937484741 0.44481106599171955 0.7686521410942078 0.43202606836954754 0.7594314217567444 0.41607574621836346 0.7525206804275513 0.4080650011698405 0.7432763576507568 0.4009793996810913
1 0.715709924697876 0.5175197124481201 0.723088264465332 0.4989648262659709 0.7361226081848145 0.4814457893371582 0.7381472587585449 0.4799794753392537 0.7463421821594238 0.48007599512736004 0.7551535367965698 0.4803291956583659 0.7620227932929993 0.47761523723602295 0.7682564854621887 0.4712803363800049 0.7726942300796509 0.46351222197214764 0.774349570274353 0.4545634984970093 0.7840970754623413 0.4668835401535034 0.7856379151344299 0.47815553347269696 0.7862074375152588 0.49219071865081787 0.7872227430343628 0.509878396987915 0.7898252010345459 0.520537813504537 0.7901269197463989 0.5261204242706299 0.7854148149490356 0.5364342530568441 0.7790509462356567 0.5443230072657267 0.7719197273254395 0.5505014657974243 0.7631366848945618 0.559213916460673 0.7577749490737915 0.5657370487848917 0.7526272535324097 0.576917290687561 0.7461020350456238 0.5653269290924072 0.7378547191619873 0.5497313340504965 0.7315383553504944 0.5426156520843506 0.7199398875236511 0.5321230093638102 0.7178564071655273 0.528581698735555
1 0.7985896468162537 0.47797385851542157 0.7909538149833679 0.46416982014973956 0.7944376468658447 0.452223539352417 0.8030997514724731 0.4376686414082845 0.8086769580841064 0.43022366364796955 0.8167534470558167 0.42782219250996906 0.8308432102203369 0.4254484971364339 0.8377653360366821 0.43061618010203045 0.8425190448760986 0.43918649355570477 0.8463685512542725 0.4584072430928548 0.852859616279602 0.4709360996882121 0.8591131567955017 0.47847358385721844 0.8590313792228699 0.5018221537272135 0.8586363792419434 0.5201912323633829 0.8590468168258667 0.5358180205027262 0.8561638593673706 0.551629106203715 0.8535650968551636 0.5619935989379883 0.8474881649017334 0.5719357331593832 0.8415006399154663 0.5808382034301758 0.8368805646896362 0.5865510702133179 0.8300492763519287 0.5898991425832113 0.8167394399642944 0.5854851404825846 0.8126858472824097 0.5554827451705933 0.8050108551979065 0.5229352712631226 0.8022218942642212 0.5022481282552084
1 0.8066800236701965 0.6193563540776571 0.8099194765090942 0.5991420745849609 0.8131585717201233 0.5924932956695557 0.8253867030143738 0.5956400235493978 0.8340475559234619 0.5929064750671387 0.8447277545928955 0.5870940685272217 0.8504334688186646 0.5826384623845419 0.8534698486328125 0.5988967418670654 0.8570900559425354 0.6127727031707764 0.8588736057281494 0.6237443288167318 0.8602399826049805 0.6311167478561401 0.8608155250549316 0.63929283618927 0.8515843749046326 0.6504604816436768 0.8441745042800903 0.6580681800842285 0.8382569551467896 0.640515128771464 0.8336119055747986 0.6262796719868978 0.8203731775283813 0.6233782768249512 0.8136398792266846 0.6216472784678141
1 0.8647611737251282 0.6247564156850179 0.8750556111335754 0.6178928216298422 0.8843488693237305 0.6152927478154501 0.8919191360473633 0.6177388032277426 0.8985860347747803 0.6219475666681925 0.9031844139099121 0.6251272360483805 0.9126495718955994 0.6255652109781901 0.9213749170303345 0.6203434467315674 0.9251390695571899 0.61635688940684 0.9319180846214294 0.6090028285980225 0.9399236440658569 0.597196618715922 0.9432293176651001 0.5845645268758138 0.9477126598358154 0.5671641031901041 0.9478069543838501 0.551125725110372 0.9449657201766968 0.5323466857274374 0.9394919276237488 0.5044538974761963 0.936590850353241 0.4862820307413737 0.929689884185791 0.46912964185078937 0.9245465993881226 0.4559341271718343 0.9148827791213989 0.4391586383183797 0.9062654376029968 0.42368245124816895 0.9004684686660767 0.4207522471745809 0.8928617835044861 0.4419958194096883 0.885757327079773 0.4555141528447469 0.8763834238052368 0.4689778486887614 0.8695979118347168 0.47766629854838055 0.865446925163269 0.48157358169555664 0.8651930689811707 0.49393479029337567 0.864919126033783 0.5028291940689087 0.8660683631896973 0.5185979604721069 0.8662225008010864 0.5311482747395834 0.8619124293327332 0.5561188459396362 0.8614017367362976 0.5625067154566447 0.8576186895370483 0.5765353043874105 0.8576668500900269 0.583010713259379 0.8613359332084656 0.5928341150283813 0.862682044506073 0.60523788134257 0.8634999990463257 0.6124233404795328
1 0.9142757654190063 0.422247052192688 0.9081873297691345 0.40990416208902997 0.9156404733657837 0.38235000769297284 0.9202916622161865 0.3615249792734782 0.9234837293624878 0.34867310523986816 0.938176155090332 0.34107697010040283 0.9454208612442017 0.3360390265782674 0.9528237581253052 0.3534335295359294 0.955264687538147 0.36673136552174884 0.9541867971420288 0.37429038683573407 0.9536925554275513 0.38739466667175293 0.9531530141830444 0.40493635336558026 0.9547338485717773 0.4181278944015503 0.9534550905227661 0.4266781012217204 0.9435588121414185 0.43997641404469806 0.9330527782440186 0.44868818918863934 0.9231249094009399 0.4427196184794108 0.9193285703659058 0.43485164642333984
1 0.9102582335472107 0.6409619649251302 0.9171013236045837 0.6297056277592977 0.9310644865036011 0.6213487386703491 0.9410341382026672 0.62044890721639 0.9488362073898315 0.6403654416402181 0.9560600519180298 0.6592525641123453 0.9485243558883667 0.6703658898671468 0.9369240403175354 0.6824403603871664 0.9322824478149414 0.6878655751546224 0.9271236658096313 0.6799200375874838 0.9284845590591431 0.6642123460769653 0.9209593534469604 0.6497310002644857
1 0.29396650195121765 0.7999803225199381 0.2875410318374634 0.78815229733785 0.28847551345825195 0.7765141328175863 0.295052170753479 0.7662099202473959 0.293437123298645 0.7537962595621744 0.29522275924682617 0.749330202738444 0.30051517486572266 0.7494370142618815 0.3094767928123474 0.7640913327534994 0.32084181904792786 0.7759919166564941 0.33255940675735474 0.7829979260762533 0.33392053842544556 0.7879482905069987 0.32016676664352417 0.7954437732696533 0.3123423457145691 0.7974194685618082 0.3042421340942383 0.8001104990641276
1 0.9422448873519897 0.6077123880386353 0.948080837726593 0.5908145904541016 0.9497610330581665 0.5782284339269003 0.9561595916748047 0.5653225580851237 0.96668541431427 0.5670281251271566 0.9845480918884277 0.5756429036458334 0.9992242455482483 0.5819305976231893 1.0 0.5914265712102255 1.0 0.6058231194814047 0.9889401793479919 0.6268678108851115 0.9787617921829224 0.6390881935755411 0.9630922079086304 0.6550425291061401 0.9552452564239502 0.6400156021118164 0.9497326612472534 0.6281386216481527
1 0.9620254039764404 0.5588001012802124 0.981372594833374 0.5682987372080485 0.9959367513656616 0.5730524063110352 1.0 0.5741930405298868 1.0 0.5606432755788168 1.0 0.5482169389724731 1.0 0.5353758335113525 1.0 0.518641471862793 1.0 0.48425038655598956 1.0 0.455391804377238 1.0 0.43194580078125 1.0 0.41407763957977295 1.0 0.3859662214914958 1.0 0.36916716893513996 1.0 0.3584115107854207 1.0 0.3735421101252238 0.9964035153388977 0.38332581520080566 0.9916853904724121 0.3968851963678996 0.9789667725563049 0.41535139083862305 0.9746589660644531 0.4221545457839966 0.9646525979042053 0.43295494715372723 0.9588843584060669 0.43791913986206055 0.9515511989593506 0.4464449882507324 0.9434120059013367 0.4567546049753825 0.9388458728790283 0.46203585465749103 0.9462385177612305 0.5001965363820394 0.9517948031425476 0.5220892826716105 0.9587695598602295 0.5439130465189616
1 1.0 0.5785931746164957 1.0 0.5645740826924642 1.0 0.5539659261703491 1.0 0.5478452841440836 1.0 0.5298364559809366 1.0 0.5227445761362711 1.0 0.5588081280390421 1.0 0.5737665096918741 1.0 0.5985364119211832 1.0 0.5933563709259033 1.0 0.5857364734013876
1 1.0 0.5348037878672282 1.0 0.5273154576619467 1.0 0.5180486838022867 1.0 0.5122731526692709 1.0 0.5107835133870443 1.0 0.4612642526626587 1.0 0.4262360731760661 1.0 0.45526572068532306 1.0 0.47630151112874347 1.0 0.4982309341430664 1.0 0.5183726151784261
