0 0.2754155397415161 0.36924294630686444 0.28494375944137573 0.379045049349467 0.29088330268859863 0.38550420602162677 0.3044201135635376 0.38749194145202637 0.3125765919685364 0.38950904210408527 0.32376980781555176 0.39514116446177167 0.33652350306510925 0.39579208691914874 0.3446334898471832 0.3902705907821655 0.3451020121574402 0.3750595649083455 0.3414422869682312 0.3601677417755127 0.341780424118042 0.3509334723154704 0.3396492302417755 0.34532304604848224 0.33534419536590576 0.3300604621569316 0.3323150873184204 0.31511712074279785 0.32662802934646606 0.2989619970321655 0.31901466846466064 0.30877335866292316 0.3070356249809265 0.3214790423711141 0.299053430557251 0.3283980091412862 0.2898862957954407 0.3350551128387451 0.2847122550010681 0.3398590882619222 0.27879995107650757 0.35089977582295734
0 0.0009765625 0.23458977540334067 0.0009765625 0.22841930389404297 0.0009765625 0.23398015896479288 0.0009765625 0.24159910281499228 0.0009765625 0.2550608515739441 0.0009765625 0.2630028525988261
0 0.0009765625 0.3021996815999349 0.0009765625 0.28487205505371094 0.0009765625 0.27860818306605023 0.0009765625 0.2786442041397095 0.0009765625 0.28558733065923053 0.0009765625 0.29959877332051593
0 0.0009765625 0.36375534534454346 0.0009765625 0.3512851397196452 0.0009765625 0.35305734475453693 0.0009765625 0.37323566277821857 0.0009765625 0.38890453179677326 0.0009765625 0.39304788907368976
0 0.0009765625 0.4445320765177409 0.015535116195678711 0.44042543570200604 0.025429904460906982 0.4417007764180501 0.03188714385032654 0.4525955518086751 0.03446444869041443 0.46135838826497394 0.030438125133514404 0.4712785482406616 0.032799988985061646 0.4851737817128499 0.03170427680015564 0.49572380383809406 0.025048881769180298 0.5089369217554728 0.0225544273853302 0.5282163619995117 0.019282907247543335 0.5392108758290609 0.005020022392272949 0.4743865728378296
0 0.0036159753799438477 0.38352052370707196 0.015816211700439453 0.39260125160217285 0.027669250965118408 0.3899669249852498 0.033789098262786865 0.36928343772888184 0.029626578092575073 0.3485712210337321 0.02368760108947754 0.3395546277364095 0.014677345752716064 0.3359162410100301 0.0074596107006073 0.34126869837443036 0.003953784704208374 0.3547305663426717 0.002288728952407837 0.3703105052312215
0 0.03737527132034302 0.3528054555257161 0.03198346495628357 0.3395947615305583 0.0394195020198822 0.3282503088315328 0.04698672890663147 0.3315774202346802 0.048935115337371826 0.3414713541666667 0.05055531859397888 0.34267715613047284 0.04863852262496948 0.3573581377665202 0.046578943729400635 0.3711503744125366 0.04046684503555298 0.37502098083496094 0.03683432936668396 0.35700031121571857
0 0.040196120738983154 0.318077286084493 0.04804745316505432 0.3193076252937317 0.056200385093688965 0.2969014843304952 0.0647667944431305 0.2383748690287272 0.07361596822738647 0.20633767048517862 0.08207455277442932 0.19098381201426187 0.08061763644218445 0.1792775789896647 0.07238104939460754 0.1800345778465271 0.0660281777381897 0.1953599452972412 0.05411249399185181 0.22969641288121542 0.04855221509933472 0.24876904487609863 0.04158654808998108 0.26367682218551636 0.04165300726890564 0.28608544667561847 0.03908511996269226 0.30879871050516766
0 0.09570816159248352 0.1735561490058899 0.09774142503738403 0.18887048959732056 0.09934523701667786 0.20148018995920816 0.11966025829315186 0.18582270542780557 0.13596346974372864 0.17000053326288858 0.15163379907608032 0.14985223611195883 0.1279742419719696 0.15639742215474448 0.11484664678573608 0.1621943712234497
0 0.026329338550567627 0.4034838279088338 0.03529304265975952 0.4002297321955363 0.04073983430862427 0.4165075222651164 0.039788633584976196 0.4348713954289754 0.04380840063095093 0.456906000773112 0.03823783993721008 0.4565622806549072 0.028644472360610962 0.43419285615285236 0.027846693992614746 0.420639435450236
0 0.03834614157676697 0.38492000102996826 0.04537895321846008 0.40239377816518146 0.06197541952133179 0.4094099203745524 0.07670482993125916 0.40738530953725177 0.08087286353111267 0.3974730173746745 0.056972891092300415 0.3850194215774536 0.04714697599411011 0.3807617823282878
0 0.05278018116950989 0.4666287899017334 0.06229478120803833 0.4881444772084554 0.07298076152801514 0.4960942268371582 0.0893065333366394 0.492308775583903 0.08020588755607605 0.46955978870391846 0.08417469263076782 0.4496512810389201 0.08172941207885742 0.4348445733388265 0.07587966322898865 0.41671868165334064 0.0589657723903656 0.414812167485555 0.052012503147125244 0.41115816434224445 0.04872691631317139 0.43161674340566 0.047091662883758545 0.4433601299921672
0 0.035409241914749146 0.5946630636850992 0.04086151719093323 0.6001489162445068 0.04457011818885803 0.6125319798787435 0.0438331663608551 0.6290564139684042 0.03792119026184082 0.6175034840901693
0 0.04828733205795288 0.5782082080841064 0.05708298087120056 0.5644753774007162 0.06522932648658752 0.5537756681442261 0.07617202401161194 0.5410580237706503 0.08380565047264099 0.5319625933965048 0.08913180232048035 0.5409970680872599 0.09533917903900146 0.553715705871582 0.10604161024093628 0.5656748612721761 0.11034420132637024 0.5759249130884806 0.11013075709342957 0.5903897682825724 0.10697668790817261 0.6021537383397421 0.10074520111083984 0.6126424471537272 0.08838576078414917 0.6301391919453939 0.07782426476478577 0.6454017957051595 0.06759721040725708 0.6618615388870239 0.0627707839012146 0.6648286581039429 0.056904345750808716 0.6546309391657511 0.06197252869606018 0.6378875176111857 0.06537821888923645 0.6198801199595133 0.058773964643478394 0.6100473403930664 0.05174878239631653 0.5983779033025106 0.05249634385108948 0.5918835798899332
0 0.08247175812721252 0.420626958211263 0.08613413572311401 0.39602522055308026 0.09690245985984802 0.39434516429901123 0.1174217164516449 0.3937442700068156 0.12831217050552368 0.396565039952596 0.1326240599155426 0.4139446020126343 0.14117825031280518 0.43625207742055255 0.1493869125843048 0.4565184911092122 0.14893338084220886 0.4729207356770833 0.140473872423172 0.48856691519419354 0.12115728855133057 0.5013080835342407 0.10996857285499573 0.5078281164169312 0.09978857636451721 0.49762694040934247 0.09564006328582764 0.4787822961807251 0.09887811541557312 0.4645321766535441 0.09978428483009338 0.4502704938252767 0.0937575101852417 0.44049378236134845
0 0.11638408899307251 0.3726077874501546 0.12313723564147949 0.3501466115315755 0.1294531226158142 0.3415237267812093 0.13670659065246582 0.3584851423899333 0.14753910899162292 0.3567822774251302 0.1499481201171875 0.3443336486816406 0.14833158254623413 0.331539511680603 0.15097808837890625 0.31565109888712567 0.15480473637580872 0.30150167147318524 0.14502012729644775 0.3094307581583659 0.14139506220817566 0.3201293349266052 0.13944455981254578 0.3052836060523987 0.14178183674812317 0.28288090229034424 0.14531227946281433 0.2667423089345296 0.15090256929397583 0.2575443585713704 0.1605737805366516 0.2532261212666829 0.1619434356689453 0.24263296524683634 0.16683703660964966 0.23385916153589884 0.17649587988853455 0.24275972445805868 0.17934650182724 0.26359111070632935 0.18529626727104187 0.2697380979855855 0.1926366090774536 0.260880986849467 0.2016412615776062 0.25684986511866253 0.20715102553367615 0.2698175509770711 0.20878514647483826 0.2789982557296753 0.19979438185691833 0.2830893397331238 0.19049575924873352 0.28063201904296875 0.18191683292388916 0.29119378328323364 0.1780034303665161 0.3008225162823995 0.16651886701583862 0.3128965695699056 0.16953745484352112 0.3249909480412801 0.17571860551834106 0.33675189812978107 0.18036600947380066 0.34021441141764325 0.1938401460647583 0.3350197474161784 0.2019938826560974 0.33570559819539386 0.2041478157043457 0.35615062713623047 0.20109868049621582 0.3655172983805339 0.1948196291923523 0.3787029981613159 0.20084160566329956 0.3974812825520833 0.19563254714012146 0.40338722864786786 0.18494495749473572 0.40162142117818195 0.17166626453399658 0.4067997932434082 0.16088709235191345 0.4085010290145874 0.1500236690044403 0.41367411613464355 0.14284548163414001 0.40565061569213867 0.1364000141620636 0.39729146162668866 0.13245341181755066 0.3854835033416748 0.1138840913772583 0.38402549425760907
0 0.1149376928806305 0.5636316140492758 0.12808549404144287 0.5690206289291382 0.1386631429195404 0.5569612185160319 0.14281973242759705 0.5409663915634155 0.15206775069236755 0.5365357001622518 0.16940483450889587 0.5328930219014486 0.18410366773605347 0.5211599270502726 0.19431856274604797 0.5104044675827026 0.19243696331977844 0.5265083710352579 0.18565449118614197 0.5449848175048828 0.17599046230316162 0.5543002684911092 0.1615796685218811 0.5635362068812052 0.15391913056373596 0.5777262846628824 0.1453920602798462 0.5946610371271769 0.13463005423545837 0.5927693049112955 0.1254907250404358 0.587775190671285 0.11890125274658203 0.5769057671229044
0 0.0644802451133728 0.6762276490529379 0.08065769076347351 0.6557533343633016 0.09092733263969421 0.646224856376648 0.10424518585205078 0.6609266599019369 0.11883333325386047 0.6680448055267334 0.12689539790153503 0.6864325205485026 0.11244827508926392 0.6920692920684814 0.09524819254875183 0.6873442331949869 0.08232924342155457 0.6806145509084066 0.07143312692642212 0.6845946311950684
0 0.05188211798667908 0.6705369154612223 0.06304019689559937 0.6920526027679443 0.06911206245422363 0.7089900970458984 0.07086622714996338 0.7244676748911539 0.06884902715682983 0.7347296873728434
0 0.07534593343734741 0.7584401766459147 0.08555492758750916 0.7489956219991049 0.0952174961566925 0.754937489827474 0.09583178162574768 0.7686100006103516 0.09343919157981873 0.7743815581003824 0.08547315001487732 0.7746242682139078 0.07799267768859863 0.7702150344848633 0.07450804114341736 0.7576700846354166
0 0.13411098718643188 0.7925670941670736 0.13606411218643188 0.774222215016683 0.14827916026115417 0.7801511287689209 0.1560359001159668 0.7928028106689453 0.16414132714271545 0.814551830291748 0.17304041981697083 0.8277832667032877 0.17470747232437134 0.8385715484619141 0.1692911684513092 0.8422446250915527 0.15526482462882996 0.8256305058797201 0.14460495114326477 0.8062503337860107
0 0.1376793086528778 0.7629980246225992 0.14432287216186523 0.7552388509114584 0.15212541818618774 0.7655649185180664 0.1640949249267578 0.7844055493672689 0.1728247106075287 0.7919577757517496 0.16437259316444397 0.7935671806335449 0.1551695168018341 0.78158966700236 0.14530909061431885 0.7699081897735596
0 0.09305736422538757 0.8217525482177734 0.10324698686599731 0.822686513264974 0.12837672233581543 0.8337179819742838 0.13999393582344055 0.8375406265258789 0.15936046838760376 0.8469752470652262 0.16975876688957214 0.8563070297241211 0.16812580823898315 0.870507001876831 0.16331255435943604 0.8776944478352865 0.15575703978538513 0.8776769638061523 0.14387419819831848 0.8782580693562826 0.1316395401954651 0.8825406233469645 0.11440041661262512 0.88844895362854
0 0.12371569871902466 0.9187417030334473 0.13270163536071777 0.9152577718098959 0.13833948969841003 0.9091008504231771 0.14129331707954407 0.8943069775899252 0.14616462588310242 0.8856774965922037 0.155036062002182 0.8850803375244141 0.16773992776870728 0.8805790742238363 0.17877018451690674 0.869088888168335 0.18416190147399902 0.8637548287709554 0.19057810306549072 0.8777128855387369 0.19756823778152466 0.8948850631713867 0.19339114427566528 0.9087880452473959 0.1856292188167572 0.9194389979044596 0.18489176034927368 0.9282112121582031 0.18150228261947632 0.9382180372873942 0.1694643497467041 0.946656068166097 0.15308517217636108 0.9430753389994303 0.1395687758922577 0.9451700846354166 0.1312706470489502 0.9413026173909506 0.1259044110774994 0.929008960723877
0 0.14224931597709656 0.9790409406026205 0.14686334133148193 0.977580706278483 0.14799824357032776 0.9700345993041992 0.14360001683235168 0.9594558080037435 0.15458667278289795 0.9557216962178549 0.1584673523902893 0.950395663579305 0.16926664113998413 0.9523615837097168 0.179002046585083 0.954112688700358 0.17669743299484253 0.9642990430196127 0.1675056517124176 0.9784121513366699 0.15978676080703735 0.9876344998677572 0.15679261088371277 0.9988358815511068 0.15345850586891174 1.0 0.1465129256248474 0.993863582611084
0 0.15534168481826782 1.0 0.15764376521110535 1.0 0.16142591834068298 1.0 0.17097917199134827 0.998458464940389 0.1843484342098236 0.9970526695251465 0.19478300213813782 0.9991083939870199 0.20138737559318542 1.0 0.19800853729248047 1.0 0.19033610820770264 1.0 0.19245487451553345 1.0 0.19667792320251465 1.0 0.19706866145133972 1.0 0.19612297415733337 1.0 0.19830289483070374 1.0 0.2037729024887085 1.0 0.20446226000785828 1.0 0.2009643316268921 1.0 0.18958744406700134 1.0 0.18698447942733765 1.0 0.1803334355354309 1.0 0.16408303380012512 1.0
0 0.20096617937088013 1.0 0.20657378435134888 1.0 0.21153312921524048 1.0 0.21616339683532715 1.0 0.22346609830856323 1.0 0.23427307605743408 1.0 0.23558273911476135 1.0 0.24317234754562378 1.0 0.23849111795425415 1.0 0.22561436891555786 1.0 0.21479561924934387 1.0 0.20334738492965698 1.0
0 0.18409603834152222 0.971324602762858 0.1827957034111023 0.9579388300577799 0.18288081884384155 0.9424827893575033 0.1892700493335724 0.9338827133178711 0.19186973571777344 0.9214398860931396 0.20313170552253723 0.9168782234191895 0.21155914664268494 0.9192479451497396 0.22365742921829224 0.9373680750528971 0.2295311689376831 0.9457778930664062 0.23323509097099304 0.9537957509358724 0.22961533069610596 0.9645600318908691 0.22490283846855164 0.9751408894856771 0.2263011336326599 0.9870065053304037 0.23135972023010254 0.9943448702494303 0.22965139150619507 1.0 0.22085511684417725 1.0 0.2075049877166748 0.9986755053202311 0.19516226649284363 0.9940493901570638 0.1878684163093567 0.9828296502431234
0 0.194472998380661 0.9153084754943848 0.19967961311340332 0.9030419985453287 0.19938874244689941 0.8862945238749186 0.19392499327659607 0.8691007296244303 0.20172059535980225 0.8633578618367513 0.21176311373710632 0.880530039469401 0.21895554661750793 0.8933439254760742 0.22232592105865479 0.9036981264750162 0.21297097206115723 0.9094731012980143 0.20844650268554688 0.9143937428792318 0.2019469439983368 0.9132213592529297
0 0.17453891038894653 0.8079741795857748 0.1761685311794281 0.7951235771179199 0.18523994088172913 0.7887727419535319 0.19788163900375366 0.7843270301818848 0.21104350686073303 0.7832051912943522 0.2229890525341034 0.7862064043680826 0.23378893733024597 0.791863759358724 0.244086354970932 0.8005738258361816 0.2512422800064087 0.8135355313618978 0.2538149356842041 0.8278722763061523 0.24822017550468445 0.8389267921447754 0.23892557621002197 0.8432446320851644 0.2333712875843048 0.8338305155436198 0.2301393449306488 0.8268515268961588 0.21593621373176575 0.8299035231272379 0.20659953355789185 0.8306969006856283 0.2009047269821167 0.8269650141398112 0.1911899447441101 0.8215476671854655 0.17868337035179138 0.8167076905568441
0 0.2035880982875824 0.8596663475036621 0.20670181512832642 0.8455053965250651 0.21419692039489746 0.8420248031616211 0.2276265025138855 0.8428503672281901 0.23268333077430725 0.8412078221638998 0.24011003971099854 0.8469220002492269 0.24887320399284363 0.8456649780273438 0.2558121681213379 0.8403282165527344 0.26665860414505005 0.8359902699788412 0.27673202753067017 0.8432421684265137 0.28198128938674927 0.8513069152832031 0.28456974029541016 0.8605926831563314 0.27629441022872925 0.8728533585866293 0.2651870846748352 0.8843453725179037 0.26756224036216736 0.9006891250610352 0.27352777123451233 0.9153033892313639 0.27927717566490173 0.9306703408559164 0.27871206402778625 0.9351058006286621 0.2567525804042816 0.9392234484354655 0.2434631884098053 0.9350365797678629 0.23908346891403198 0.9203445911407471 0.22919589281082153 0.9074921607971191 0.22463533282279968 0.8998138904571533 0.22071826457977295 0.886199951171875 0.2111247181892395 0.8737874031066895
0 0.2534029483795166 0.7948463757832845 0.25401315093040466 0.7775407632191976 0.2592107057571411 0.7715882460276285 0.2684709131717682 0.7673141161600748 0.27882376313209534 0.7696373462677002 0.28960660099983215 0.7731675306955973 0.29284006357192993 0.7815759976704916 0.28747496008872986 0.7995816071828207 0.28212788701057434 0.8098092079162598 0.26894038915634155 0.8053396542867025
0 0.29476433992385864 0.8123905658721924 0.29667866230010986 0.7995465596516927 0.3024592101573944 0.8046037356058756 0.3022950291633606 0.8180174827575684 0.29585134983062744 0.8203121821085612
0 0.28895285725593567 0.8459528287251791 0.292320191860199 0.8359788258870443 0.29892969131469727 0.8279950618743896 0.30826616287231445 0.8250454266866049 0.3160858154296875 0.8297872543334961 0.3183230757713318 0.8454864819844564 0.32444295287132263 0.8662710189819336 0.3284568786621094 0.8838133811950684 0.33336132764816284 0.8932720820109049 0.3215850591659546 0.8912247021993002 0.31086546182632446 0.8844845294952393 0.29375118017196655 0.870955228805542 0.2901687026023865 0.8572746912638346
0 0.3275378942489624 0.8495181401570638 0.3246961236000061 0.8306483427683512 0.3258155584335327 0.8217508792877197 0.3341748118400574 0.8157526652018229 0.34209439158439636 0.819022019704183 0.3468947410583496 0.8418060938517252 0.34950220584869385 0.8641556104024252 0.3527435064315796 0.8792265256245931 0.35108882188796997 0.8924530347188314 0.3452511131763458 0.892469565073649 0.33505815267562866 0.8786112467447916 0.3297082185745239 0.8693453470865885
0 0.2926388382911682 0.9527784983317057 0.29604655504226685 0.9414594968159994 0.3055117726325989 0.9279579321543375 0.31713709235191345 0.9085842768351237 0.3238026797771454 0.9005741278330485 0.3344079256057739 0.8962376912434896 0.3440016806125641 0.8979035218556722 0.3568028211593628 0.8980000813802084 0.3645768463611603 0.9107510248819987 0.3689756393432617 0.9215947786966959 0.35578393936157227 0.930834690729777 0.3462585210800171 0.9444003899892172 0.341061532497406 0.9551730155944824 0.32916930317878723 0.9740009307861328 0.32111555337905884 0.9827063878377279 0.3146325945854187 0.9823762575785319 0.31323617696762085 0.9664796193440756 0.31041985750198364 0.9540034929911295 0.2979934811592102 0.9606167475382487
0 0.27912288904190063 1.0 0.2885082960128784 1.0 0.2966076731681824 1.0 0.3048160970211029 0.9995060761769613 0.31453150510787964 0.9955251216888428 0.32303744554519653 0.995550791422526 0.3242911696434021 1.0 0.3242505192756653 1.0 0.32646384835243225 1.0 0.3319770097732544 1.0 0.33677029609680176 1.0 0.3320730924606323 1.0 0.31916719675064087 1.0 0.3059283494949341 1.0 0.2995021939277649 1.0 0.2905363142490387 1.0 0.28182244300842285 1.0
0 0.3267328143119812 0.991008440653483 0.3316463828086853 0.9734921455383301 0.3413078188896179 0.9633040428161621 0.3497873544692993 0.9721706708272299 0.3594885468482971 0.9783538182576498 0.36518412828445435 0.9823412895202637 0.3555852174758911 0.9987439314524332 0.35080355405807495 1.0 0.3470146656036377 1.0 0.3395420014858246 1.0 0.332584947347641 1.0 0.32922595739364624 1.0
0 0.34775882959365845 0.9560371239980062 0.3545944094657898 0.9423977533976237 0.36263757944107056 0.9336369832356771 0.37158840894699097 0.9272274971008301 0.37979772686958313 0.9203947385152181 0.38946640491485596 0.9115076065063477 0.39737534523010254 0.9212789535522461 0.3932926654815674 0.9308169682820638 0.38080671429634094 0.942460854848226 0.3695453703403473 0.9528355598449707 0.3609033226966858 0.9599013328552246 0.35243988037109375 0.9646965662638346 0.3479959964752197 0.9641525745391846
0 0.28746289014816284 1.0 0.29786449670791626 1.0 0.30382460355758667 1.0 0.31336742639541626 1.0 0.3234010934829712 1.0 0.33321481943130493 1.0 0.33978986740112305 1.0 0.321344792842865 1.0 0.31153982877731323 1.0 0.3033430576324463 1.0
0 0.34337329864501953 1.0 0.3491052985191345 1.0 0.3523653447628021 1.0 0.3543260097503662 1.0 0.36404597759246826 1.0 0.3726217448711395 1.0 0.38124313950538635 1.0 0.3893111050128937 1.0 0.3935752511024475 1.0 0.4009118378162384 1.0 0.4114986062049866 1.0 0.4152410328388214 0.9961069424947103 0.4313775300979614 0.9938969612121582 0.4425780475139618 0.9900862375895182 0.4486773610115051 0.9990727106730143 0.4498538374900818 1.0 0.44417813420295715 1.0 0.4416583776473999 1.0 0.4275886118412018 1.0 0.4168057441711426 1.0 0.4025996923446655 1.0 0.39241695404052734 1.0 0.3843151330947876 1.0 0.3710804879665375 1.0 0.3603960871696472 1.0 0.3481021821498871 1.0
0 0.43389302492141724 0.9844487508138021 0.43917545676231384 0.9647432963053385 0.44608503580093384 0.9523248672485352 0.4458882808685303 0.9341204961140951 0.4426722824573517 0.9181505044301351 0.4518282413482666 0.90729292233785 0.4638720750808716 0.8996252218882242 0.4762847125530243 0.8957440058390299 0.4867427945137024 0.8968825340270996 0.4954022467136383 0.9050103823343912 0.49929094314575195 0.9123349984486898 0.4987642467021942 0.930186907450358 0.5021015405654907 0.940504789352417 0.5035374760627747 0.9457891782124838 0.48841336369514465 0.9574743906656901 0.47629591822624207 0.9680999120076498 0.45903703570365906 0.9766596158345541 0.4414207339286804 0.9825582504272461
0 0.4762904644012451 1.0 0.4786161780357361 1.0 0.48560336232185364 1.0 0.4931482970714569 1.0 0.505398154258728 1.0 0.5101402401924133 1.0 0.49400025606155396 1.0 0.48457634449005127 1.0
0 0.516305148601532 0.9974212646484375 0.5073953866958618 0.9841693242390951 0.5024641156196594 0.966645081837972 0.5047274231910706 0.9593127568562826 0.5138112306594849 0.9596535364786783 0.5170945525169373 0.9713170528411865 0.5228528380393982 0.9836025238037109 0.5266321897506714 0.993617057800293 0.523105800151825 0.9976405302683512
0 0.4926894009113312 0.8963572184244791 0.49968835711479187 0.8911773363749186 0.510790228843689 0.8789599736531576 0.5200456976890564 0.8825508753458658 0.5375937819480896 0.8975253899892172 0.5522953867912292 0.900446891784668 0.5666180849075317 0.8932883739471436 0.5818626880645752 0.8914939562479655 0.5931703448295593 0.8912994066874186 0.5961631536483765 0.8962300618489584 0.5980677604675293 0.9133898417154948 0.5962009429931641 0.9220196406046549 0.5882278084754944 0.9174347718556722 0.5756440758705139 0.9081617991129557 0.5607941150665283 0.9184172948201498 0.5500105023384094 0.9288248221079508 0.5385191440582275 0.9327923456827799 0.5266037583351135 0.935558001200358 0.5188139081001282 0.9372623761494955 0.5110214352607727 0.9315007527669271 0.5043208003044128 0.9271206061045328 0.5023722052574158 0.9160408973693848 0.4988996684551239 0.9024179776509603
0 0.51889967918396 0.9567964871724447 0.5218442678451538 0.9497337341308594 0.5311887860298157 0.9417254130045573 0.5362394452095032 0.9401830832163492 0.5463389158248901 0.9370476404825846 0.556522786617279 0.931086540222168 0.5614490509033203 0.9261456330617269 0.5675537586212158 0.9198028246561686 0.5696579217910767 0.9178653558095297 0.5796425342559814 0.9172548453013102 0.5861523151397705 0.9254887898763021 0.5827393531799316 0.932992696762085 0.5739502906799316 0.9457526206970215 0.5664262771606445 0.9543068408966064 0.5545447468757629 0.9572617212931315 0.5480284690856934 0.9624174435933431 0.5404579639434814 0.9722043673197428 0.5302889347076416 0.9780313968658447 0.5238192081451416 0.9742772579193115 0.5204145312309265 0.966746966044108
0 0.6089422106742859 0.9453450838724772 0.606391429901123 0.9340235392252604 0.6066461801528931 0.9195857048034668 0.6071776747703552 0.9104084968566895 0.6097555160522461 0.9006128311157227 0.6145360469818115 0.8921212355295817 0.6198551654815674 0.8941710789998373 0.6197354793548584 0.9044812520345052 0.6231919527053833 0.9152278900146484 0.6255722045898438 0.9246171315511068 0.6236702799797058 0.9346944491068522
0 0.5233485698699951 0.8719062805175781 0.5255666971206665 0.8524165153503418 0.5365888476371765 0.8440661430358887 0.5495469570159912 0.8391874631245931 0.5645067691802979 0.8349660237630209 0.5791164636611938 0.8524738947550455 0.5881296396255493 0.8536686897277832 0.6002877950668335 0.8480383555094401 0.6105708479881287 0.8434812227884928 0.6192741990089417 0.8514992396036783 0.621157169342041 0.8687407175699869 0.6156884431838989 0.8845632870992025 0.6039264798164368 0.886597474416097 0.5892996191978455 0.8855522473653158 0.5785381197929382 0.8826785882314047 0.5687516927719116 0.8703327973683676 0.5585929155349731 0.8750778834025065 0.5482590198516846 0.8778064250946045 0.5401636958122253 0.8744211196899414 0.5302320718765259 0.8781162897745768
0 0.32229775190353394 0.7961007754007975 0.32748398184776306 0.7838730017344157 0.33185017108917236 0.7692050933837891 0.3317498564720154 0.7565755049387614 0.33703142404556274 0.7569615840911865 0.34813594818115234 0.7637892564137777 0.36263707280158997 0.77107834815979 0.3695257902145386 0.7727660338083903 0.35990720987319946 0.7828207810719808 0.35453522205352783 0.7929969628651937 0.3495802879333496 0.8043732643127441 0.3433445394039154 0.8044942220052084 0.3345012366771698 0.8030293782552084 0.3265060782432556 0.8039532502492269
0 0.35416626930236816 0.8084990183512369 0.3604688048362732 0.7874422073364258 0.36870402097702026 0.7794240315755209 0.3772561550140381 0.7782261371612549 0.38872194290161133 0.7687083085378011 0.39891257882118225 0.7570098241170248 0.4038165807723999 0.749863068262736 0.3955872654914856 0.7418527603149414 0.39019086956977844 0.7520178159077963 0.385729044675827 0.749901294708252 0.3876262903213501 0.7343558470408121 0.390822172164917 0.7209858099619547 0.3925957679748535 0.7110557556152344 0.3978355824947357 0.696015993754069 0.4001278281211853 0.7174174785614014 0.40609651803970337 0.7251493136088053 0.41207239031791687 0.7342157363891602 0.4182407259941101 0.745174249013265 0.4199032187461853 0.7615703741709391 0.43169111013412476 0.7655193010965983 0.437824547290802 0.7687182426452637 0.44198673963546753 0.7783130009969076 0.44273120164871216 0.7861423492431641 0.4435923099517822 0.7986794312795004 0.4336290955543518 0.7926658789316813 0.42332273721694946 0.7928893566131592 0.4160185754299164 0.8039837678273519 0.41008275747299194 0.8157947063446045 0.40112847089767456 0.8208165963490804 0.39179545640945435 0.8260605335235596 0.37853556871414185 0.8337883154551188 0.37418851256370544 0.8365446726481119 0.3652470111846924 0.8234533468882242
0 0.43121758103370667 0.7554532686869303 0.44271349906921387 0.7553873856862386 0.4582778513431549 0.7511492570241293 0.4724433720111847 0.7487579186757406 0.47832855582237244 0.7450547218322754 0.4722836911678314 0.7366193135579427 0.4687337875366211 0.7200552622477213 0.4634213149547577 0.707689126332601 0.45480120182037354 0.6954137484232584 0.44785624742507935 0.7062698205312093 0.43540453910827637 0.719775120417277 0.43007975816726685 0.7347165743509928 0.42958295345306396 0.7466286023457845
0 0.4465828835964203 0.8080878257751465 0.4628223180770874 0.8188454310099283 0.4779777526855469 0.8265071709950765 0.4882045388221741 0.8298497200012207 0.5013216137886047 0.836246649424235 0.5126492977142334 0.8333614667256674 0.5154974460601807 0.822993278503418 0.5052038431167603 0.7989993095397949 0.5007601976394653 0.7858982086181641 0.4920772314071655 0.7750450770060221 0.49358853697776794 0.7627454598744711 0.5015473365783691 0.7598053614298502 0.5004656910896301 0.7495858669281006 0.496802419424057 0.740074634552002 0.4904691278934479 0.7339785893758138 0.4851301908493042 0.7421964009602865 0.4858451783657074 0.7499438921610514 0.47670480608940125 0.7540281613667806 0.4604220688343048 0.7582480112711588 0.4511767625808716 0.7587626775105795 0.4461730420589447 0.7660072644551595 0.44539785385131836 0.7698040008544922 0.44722872972488403 0.7805037498474121 0.4467572867870331 0.7909668286641439
0 0.21853047609329224 0.32573505242665607 0.22361162304878235 0.30152491728464764 0.2312721312046051 0.285844345887502 0.23456382751464844 0.261353333791097 0.23744264245033264 0.25467489163080853 0.25156617164611816 0.25514769554138184 0.2662380337715149 0.2647952636082967 0.27524638175964355 0.267544428507487 0.2824130058288574 0.25907925764719647 0.290218710899353 0.2451020876566569 0.2988507151603699 0.2421239217122396 0.30586203932762146 0.24777334928512573 0.3003309369087219 0.2573866645495097 0.2922068238258362 0.2695172429084778 0.2955677807331085 0.28074918190638226 0.3015911281108856 0.2928452491760254 0.3040066361427307 0.3106090227762858 0.29787757992744446 0.3221762180328369 0.28740358352661133 0.3194679021835327 0.27566367387771606 0.30918099482854206 0.2621084451675415 0.3058241605758667 0.24864670634269714 0.31120922168095905 0.2360072135925293 0.3210768699645996 0.23128995299339294 0.3363202412923177 0.22559332847595215 0.33208630482355755
0 0.23516416549682617 0.33864760398864746 0.23712894320487976 0.32740994294484455 0.24377983808517456 0.32025444507598877 0.2550409436225891 0.31376010179519653 0.2624902129173279 0.31379586458206177 0.2755904793739319 0.3146475553512573 0.28066229820251465 0.3238959312438965 0.273315966129303 0.33882371584574383 0.2669592499732971 0.3561972777048747 0.260112464427948 0.364968736966451 0.2512251138687134 0.35391493638356525 0.2408582866191864 0.3456468979517619
0 0.22671425342559814 0.42425453662872314 0.23542919754981995 0.4039150873819987 0.2398672103881836 0.39899365107218426 0.2503918409347534 0.4002709786097209 0.25760912895202637 0.4073344866434733 0.26699239015579224 0.4154798189798991 0.2760438024997711 0.4167563120524089 0.28212404251098633 0.4229864676793416 0.28518444299697876 0.4413219690322876 0.2725321650505066 0.4439057906468709 0.2628445625305176 0.4514436721801758 0.25528159737586975 0.4643763303756714 0.2440842092037201 0.47123082478841144 0.23910152912139893 0.47292856375376385 0.2395244836807251 0.4563233455022176 0.23547425866127014 0.4412396748860677 0.2281263768672943 0.43133723735809326
0 0.12603744864463806 0.5989086627960205 0.13940522074699402 0.6018695036570231 0.1469985842704773 0.601127545038859 0.15236735343933105 0.5913933118184408 0.15746727585792542 0.590399980545044 0.16514214873313904 0.5939292112986246 0.16982999444007874 0.6010433038075765 0.17078766226768494 0.610654870669047 0.16470390558242798 0.6192933320999146 0.1538979411125183 0.6265719731648763 0.1473807990550995 0.6296606063842773 0.13890531659126282 0.6308062871297201 0.13077816367149353 0.6160122156143188
0 0.16001427173614502 0.5769772529602051 0.17369243502616882 0.5733209053675333 0.18557879328727722 0.576275904973348 0.19412535429000854 0.5873199303944906 0.20354017615318298 0.595811684926351 0.22080770134925842 0.5948181947072347 0.23384204506874084 0.5886197884877523 0.24090296030044556 0.5838116407394409 0.24543827772140503 0.5707860787709554 0.24436262249946594 0.560437798500061 0.23499652743339539 0.5497386852900187 0.23031193017959595 0.5339394807815552 0.23097747564315796 0.5220838387807211 0.21742525696754456 0.5242966810862223 0.2080918550491333 0.5237573782602946 0.2000836431980133 0.5268924633661906 0.19384464621543884 0.5334830284118652 0.18882429599761963 0.5452339251836141 0.18348383903503418 0.551387349764506 0.17669051885604858 0.5575145880381266 0.16424322128295898 0.5663410027821859
0 0.16835105419158936 0.6240338087081909 0.1748054027557373 0.6130629380544027 0.18024548888206482 0.601845383644104 0.18982389569282532 0.5915294885635376 0.1982685923576355 0.601921796798706 0.20709270238876343 0.6135960419972738 0.2153378129005432 0.619070847829183 0.2172127068042755 0.6225139697392782 0.21530938148498535 0.6356754302978516 0.21248993277549744 0.647095243136088 0.2048805058002472 0.6405914624532064 0.1968143880367279 0.6415137847264608 0.18790799379348755 0.6392383178075155 0.17694032192230225 0.6365065972010294 0.17200708389282227 0.6287728548049927
0 0.20616522431373596 0.6831653912862142 0.1986480951309204 0.673748254776001 0.19847506284713745 0.6623232364654541 0.20473527908325195 0.660102128982544 0.21708589792251587 0.6514196793238322 0.2187308967113495 0.6282912492752075 0.22365999221801758 0.6173005898793539 0.23599272966384888 0.602789044380188 0.24422624707221985 0.5930925607681274 0.2498304545879364 0.5940539042154948 0.2609252333641052 0.6177989641825358 0.2746012508869171 0.6338471174240112 0.28507858514785767 0.6448969841003418 0.28660517930984497 0.6485311190287272 0.2758222222328186 0.6643780469894409 0.2653907537460327 0.6728259722391764 0.2537601590156555 0.6666998863220215 0.23701494932174683 0.6543272336324056 0.22291773557662964 0.6602111657460531 0.21527954936027527 0.671708901723226
0 0.20855414867401123 0.7415572802225748 0.20788821578025818 0.7067734400431315 0.2102179229259491 0.6906115214029948 0.21504884958267212 0.6797290643056234 0.22512593865394592 0.669979969660441 0.23341530561447144 0.6697056293487549 0.2429998815059662 0.677476167678833 0.24761217832565308 0.6832470099131266 0.2556006610393524 0.6903271675109863 0.2661919593811035 0.6976399421691895 0.27152329683303833 0.7088131109873453 0.27874234318733215 0.7226711908976237 0.28310441970825195 0.7335206667582194 0.2828928530216217 0.7457341353098551 0.2731025218963623 0.7466820875803629 0.2579716444015503 0.7465314070383707 0.2502775192260742 0.7557884057362875 0.251213014125824 0.7653264999389648 0.24469804763793945 0.7718945344289144 0.23458394408226013 0.7765719095865885 0.2250886857509613 0.7766977151234945 0.21460142731666565 0.7751481533050537 0.20964446663856506 0.7703210512797037 0.2107696235179901 0.7591009934743246
0 0.09500119090080261 0.20754841963450113 0.11183977127075195 0.19933642943700156 0.1244172751903534 0.18633160988489786 0.13478723168373108 0.17431382338205972 0.14697131514549255 0.16089101632436117 0.15109962224960327 0.17920821905136108 0.1537412405014038 0.18880105018615723 0.1499083936214447 0.20128562053044638 0.13822397589683533 0.2112180789311727 0.12448057532310486 0.21730093161265054 0.11780503392219543 0.22440063953399658 0.10332289338111877 0.23156166076660156 0.09613856673240662 0.2355050245920817 0.09523123502731323 0.22231135765711466
0 0.1520918607711792 0.15865476926167807 0.1576661467552185 0.15022039413452148 0.1843322515487671 0.13881309827168783 0.1955021321773529 0.13344879945119223 0.20509713888168335 0.1426465113957723 0.21235328912734985 0.14687740802764893 0.2269604504108429 0.1467376947402954 0.23737674951553345 0.15165082613627115 0.23674768209457397 0.16310560703277588 0.22505590319633484 0.16865054766337076 0.2206973135471344 0.18175584077835083 0.2124074399471283 0.18928766250610352 0.1919763684272766 0.1901167631149292 0.1806173026561737 0.1910613775253296 0.1664862334728241 0.20200047890345255 0.1618107557296753 0.18926703929901123 0.1592537760734558 0.17427897453308105
0 0.22121092677116394 0.1908368468284607 0.23120835423469543 0.17532449960708618 0.24017229676246643 0.1715732216835022 0.2469913363456726 0.16084500153859457 0.2525186538696289 0.15135769049326578 0.2620463967323303 0.15993793805440268 0.26854830980300903 0.1717164715131124 0.27019351720809937 0.18483098347981772 0.2735716700553894 0.19922701517740884 0.2787860035896301 0.20628774166107178 0.2774614095687866 0.2167328397432963 0.2648857831954956 0.22933445374170938 0.2499537169933319 0.2304230531056722 0.24276462197303772 0.23554843664169312 0.22586262226104736 0.2483717997868856 0.22029536962509155 0.24208857615788779 0.22435325384140015 0.22752813498179117 0.23934906721115112 0.20302844047546387 0.23665332794189453 0.19289318720499674 0.2289324700832367 0.1888736089070638
0 0.2893034815788269 0.7169966697692871 0.28431254625320435 0.7068256537119547 0.28623318672180176 0.6988048553466797 0.2892493009567261 0.6902694702148438 0.28837335109710693 0.6790405909220377 0.28775733709335327 0.6685670216878256 0.29506704211235046 0.6598000526428223 0.30252140760421753 0.6599534749984741 0.31358474493026733 0.6638456583023071 0.32490622997283936 0.6622461477915446 0.3348565101623535 0.6702574888865153 0.32200518250465393 0.6913154125213623 0.31732630729675293 0.7103654543558756 0.3084292411804199 0.7259748776753744 0.29920971393585205 0.726658821105957
0 0.45914602279663086 0.691486120223999 0.45435672998428345 0.6790151596069336 0.4569726884365082 0.6651257673899332 0.46489623188972473 0.6501884460449219 0.4737437069416046 0.6432542006174723 0.4650311768054962 0.6211692094802856 0.4685988128185272 0.6039522488911947 0.4806462526321411 0.585944652557373 0.4858311414718628 0.5780755678812662 0.5004345774650574 0.5949265956878662 0.5061505436897278 0.6119370460510254 0.5043033361434937 0.6287521521250407 0.5108270645141602 0.6390020847320557 0.5206913352012634 0.6313803593317667 0.5253384709358215 0.6258950233459473 0.5371988415718079 0.6262276967366537 0.5498006343841553 0.6270991563796997 0.5576520562171936 0.6351634661356608 0.5657354593276978 0.6472733418146769 0.5670112371444702 0.660503625869751 0.5577144026756287 0.6645911931991577 0.5435134172439575 0.6764117876688639 0.5425160527229309 0.6832612355550131 0.544694185256958 0.6936973730723063 0.5427876710891724 0.7059335708618164 0.5374571084976196 0.709138552347819 0.5270826816558838 0.7007487614949545 0.5108521580696106 0.7002828121185303 0.5016444325447083 0.7115041414896647 0.49491119384765625 0.7213129997253418 0.48625361919403076 0.724484364191691 0.4749779999256134 0.7192012468973795 0.4644481837749481 0.7008032004038492
0 0.5459699630737305 0.6184290250142416 0.5518336892127991 0.6059383551279703 0.5577002763748169 0.596701463063558 0.561768114566803 0.608108123143514 0.5662631988525391 0.625619649887085 0.5768957734107971 0.6301194032033285 0.5899505615234375 0.6283768018086752 0.5935989022254944 0.6336228052775065 0.5832603573799133 0.6477324167887369 0.5782806873321533 0.656974991162618 0.576477587223053 0.6780238151550293 0.5729601383209229 0.6846183935801188 0.5641621947288513 0.6834390958150228 0.5601101517677307 0.6742072900136312 0.5713405013084412 0.6624905665715536 0.5723231434822083 0.6504984696706136 0.5643450021743774 0.6369185050328573 0.5568252205848694 0.6279683907826742
0 0.5838698148727417 0.6835490862528483 0.5812305212020874 0.6747646331787109 0.58280348777771 0.6644537846247355 0.5834305286407471 0.6547553539276123 0.5951831936836243 0.6396927833557129 0.6021811366081238 0.6329310337702433 0.6141748428344727 0.6354116598765055 0.6230951547622681 0.642466147740682 0.6292755603790283 0.643539031346639 0.6278870105743408 0.6542017062505087 0.6069075465202332 0.6656909783681234 0.5992923974990845 0.6755431493123373 0.5894052982330322 0.6889200210571289
0 0.5987555980682373 0.6837790012359619 0.6061283946037292 0.6748984654744467 0.6147249341011047 0.667842706044515 0.6229932308197021 0.6616151332855225 0.6297054886817932 0.6608704725901285 0.6296884417533875 0.6769406000773112 0.6294883489608765 0.6908651987711588 0.6271598935127258 0.7005150318145752 0.6331180334091187 0.7040630976359049 0.6425658464431763 0.7028433481852213 0.6401301622390747 0.7169210116068522 0.6328943967819214 0.7322087287902832 0.6248494982719421 0.7293844223022461 0.6174459457397461 0.7139747937520345 0.6022543907165527 0.7061976591746012 0.5936128497123718 0.6987452507019043
0 0.6326255202293396 0.6512583096822103 0.6358472108840942 0.6361123323440552 0.6403390765190125 0.6310165723164877 0.6561170816421509 0.627234935760498 0.6653006672859192 0.6196681261062622 0.6778541803359985 0.610707680384318 0.6860334873199463 0.6146010955174764 0.6708560585975647 0.6302890380223592 0.6567480564117432 0.644777774810791 0.6455404162406921 0.6566634972890218 0.6387454867362976 0.6634394327799479
0 0.5372989773750305 0.7920581499735514 0.5377169847488403 0.7731842994689941 0.5457969903945923 0.7573513189951578 0.5651135444641113 0.7475913365681967 0.5837221145629883 0.7405399481455485 0.5915498733520508 0.7409765720367432 0.586759090423584 0.7581213315327963 0.588123619556427 0.771196444829305 0.5894421935081482 0.7856880029042562 0.5965820550918579 0.7922306855519613 0.6081451773643494 0.7965428829193115 0.6155958771705627 0.7929948965708414 0.6155873537063599 0.7866800626118978 0.6028565168380737 0.7839302221934 0.5995557308197021 0.7735065619150797 0.6031602025032043 0.7627014319101969 0.6154027581214905 0.7593525250752767 0.6344913244247437 0.7524631023406982 0.6362593173980713 0.7398008505503336 0.6402267217636108 0.7283511161804199 0.6449974775314331 0.7191069920857748 0.6529262065887451 0.7074162165323893 0.6638242602348328 0.7071843147277832 0.6690288186073303 0.711983839670817 0.6747503280639648 0.7229572137196859 0.6841827034950256 0.7267324129740397 0.6904321908950806 0.7438692251841227 0.6915387511253357 0.7626520792643229 0.6762195825576782 0.7775601545969645 0.6666891574859619 0.7894539833068848 0.6686379313468933 0.7994829018910726 0.6906954050064087 0.7871152559916178 0.6959736347198486 0.798364003499349 0.6960504651069641 0.8205641905466715 0.6997967958450317 0.8307514985402426 0.7025030851364136 0.8381064732869467 0.6941134929656982 0.8419681390126547 0.6816104650497437 0.8472503026326498 0.6756634712219238 0.8577838738759359 0.6676861643791199 0.8675264517466227 0.6612101793289185 0.8719437917073568 0.6577070951461792 0.8609390258789062 0.6527208089828491 0.8396625518798828 0.6435391902923584 0.8290021419525146 0.6341703534126282 0.8304103215535482 0.6219074130058289 0.8287661870320638 0.6109488606452942 0.8212833404541016 0.6055241823196411 0.8255140781402588 0.5944156646728516 0.820812463760376 0.582136869430542 0.8285694122314453 0.5736650228500366 0.8324373563130697 0.569758951663971 0.8313722610473633 0.561246931552887 0.8289372126261393 0.551823616027832 0.8117872873942057
0 0.6707408428192139 0.8710800011952718 0.6846118569374084 0.8522467613220215 0.6979020833969116 0.8506820201873779 0.7289170622825623 0.8332412242889404 0.7409930229187012 0.8286314010620117 0.7574980854988098 0.8206008275349935 0.7657911777496338 0.8245232105255127 0.7683056592941284 0.8313640753428141 0.7606423497200012 0.8400452931722006 0.7477844953536987 0.8517909049987793 0.731959879398346 0.8633899688720703 0.7220410704612732 0.8676958084106445 0.7122513055801392 0.8661382993062338 0.7034388780593872 0.8610041936238607 0.6950321793556213 0.856992244720459 0.6860643029212952 0.8640074729919434 0.6779013872146606 0.8732184569040934
0 0.7085210084915161 0.7556671301523844 0.7064021825790405 0.7514383792877197 0.7171306014060974 0.7432093620300293 0.7300805449485779 0.7427370548248291 0.7460381984710693 0.7428207397460938 0.7580249309539795 0.7430200576782227 0.767132043838501 0.7462209065755209 0.7622376680374146 0.7560155391693115 0.7428738474845886 0.7652072906494141 0.7281011939048767 0.7685026327768961 0.7184945344924927 0.7641393343607584
0 0.7239318490028381 0.7135163148244222 0.7299888134002686 0.6960102717081705 0.7352444529533386 0.6887749036153158 0.7501804828643799 0.6849354108174642 0.7603181600570679 0.6864861647288004 0.7708761096000671 0.6922303040822347 0.7788410186767578 0.7046240965525309 0.7818502187728882 0.711227019627889 0.7772859334945679 0.7201828956604004 0.7688015699386597 0.7277469635009766 0.7644011974334717 0.7357354958852133 0.7574354410171509 0.7367982069651285 0.751548707485199 0.7377395629882812 0.7560432553291321 0.7222557862599691 0.7443055510520935 0.7226564884185791 0.7363030910491943 0.7178434530893961
0 0.6409952640533447 0.6953176657358805 0.6389289498329163 0.6816009680430094 0.6534328460693359 0.6689604123433431 0.6783405542373657 0.6430789232254028 0.6978725790977478 0.6238797108332316 0.7040950059890747 0.6178746223449707 0.7135872840881348 0.6345122655232748 0.7237094044685364 0.6497851610183716 0.7344745397567749 0.6622026364008585 0.7456647157669067 0.6559960842132568 0.7510591745376587 0.6675382455190023 0.7435033917427063 0.6790487766265869 0.7309459447860718 0.6832288901011149 0.7156437635421753 0.6955306529998779 0.7069740891456604 0.7076021830240885 0.6987465620040894 0.7147788206736246 0.6930316686630249 0.7147981325785319 0.6831888556480408 0.7003486156463623 0.6752856373786926 0.699120839436849 0.6694117784500122 0.7051119009653727 0.6608794331550598 0.700664202372233 0.6500694751739502 0.7059308687845866 0.6452577710151672 0.7102484703063965 0.6482044458389282 0.7007954120635986
0 0.3327523469924927 0.30018411080042523 0.336973637342453 0.2909239927927653 0.3361387848854065 0.282493789990743 0.3476477265357971 0.2663117249806722 0.35573554039001465 0.2643790046374003 0.36188068985939026 0.27658605575561523 0.3721977174282074 0.27180739243825275 0.37400102615356445 0.26314349969228107 0.3848089575767517 0.25768232345581055 0.404684841632843 0.24842528502146402 0.4097435772418976 0.24989895025889078 0.4140590727329254 0.2803550958633423 0.41130316257476807 0.3003841241200765 0.3973327875137329 0.31370359659194946 0.3854288160800934 0.3326093753178914 0.3822653293609619 0.33934609095255536 0.35958707332611084 0.34786319732666016 0.3463836908340454 0.3558944861094157 0.34241408109664917 0.33764855066935223 0.3386651575565338 0.3207891384760539
0 0.31038880348205566 0.7349161307017008 0.316430926322937 0.7197891076405843 0.3228306770324707 0.7073898315429688 0.3256181478500366 0.6966245969136556 0.33281150460243225 0.68016250928243 0.33965808153152466 0.6674947738647461 0.34610164165496826 0.6535101731618246 0.35114753246307373 0.6416027943293253 0.3622385263442993 0.634345531463623 0.37514543533325195 0.642592708269755 0.38040176033973694 0.657154361406962 0.3829859495162964 0.6727899710337321 0.37476426362991333 0.6859519481658936 0.37027108669281006 0.7039284706115723 0.35750240087509155 0.7176992893218994 0.34556829929351807 0.7260456879933676 0.3360182046890259 0.7383693854014078 0.3264288306236267 0.7442154884338379 0.31756651401519775 0.7410492897033691
0 0.3740119934082031 0.6058831214904785 0.3839847147464752 0.5915685892105103 0.3902062177658081 0.6053361097971598 0.3990376591682434 0.6311879952748617 0.4163208603858948 0.6338474353154501 0.42489486932754517 0.6308109760284424 0.4340461492538452 0.6231677532196045 0.44200533628463745 0.6255216598510742 0.4487116038799286 0.6448585589726766 0.44539594650268555 0.6627242565155029 0.44313666224479675 0.6715615590413412 0.43100449442863464 0.6627933184305826 0.4172446131706238 0.6639252106348673 0.4050294756889343 0.6643391847610474 0.3903801441192627 0.666553258895874 0.3866085410118103 0.6521729230880737 0.3792104423046112 0.6326300303141276 0.3742673993110657 0.6184893449147543
0 0.3928392231464386 0.6799577871958414 0.3957762122154236 0.6699419816335043 0.4069958031177521 0.669967254002889 0.4202233850955963 0.6661907037099203 0.42245543003082275 0.6723708311716715 0.41507405042648315 0.6835915247599283 0.40712499618530273 0.6886278788248698
0 0.29613882303237915 0.6409690380096436 0.28614479303359985 0.6322922309239706 0.28298136591911316 0.6226566632588705 0.2851031422615051 0.6045937140782675 0.29382532835006714 0.5923004547754923 0.30330324172973633 0.5922963619232178 0.31527891755104065 0.5941200256347656 0.32246720790863037 0.5855044921239217 0.3294833302497864 0.5874471664428711 0.3319658041000366 0.6020075082778931 0.3268545866012573 0.6178157726923624 0.31925779581069946 0.6265421311060587 0.31290555000305176 0.6272570292154948 0.3036867380142212 0.6426516771316528
0 0.30671146512031555 0.5630568663279215 0.3088166117668152 0.5575647751490275 0.31747186183929443 0.5504191716512045 0.3209666311740875 0.5382413069407145 0.32769131660461426 0.5289800564448038 0.3368312120437622 0.5320570468902588 0.34369727969169617 0.5400426387786865 0.34698548913002014 0.5611284176508585 0.33595579862594604 0.5588415463765463 0.3260699510574341 0.5688098669052124 0.3178914785385132 0.5756887594858805 0.3125234842300415 0.572250247001648
0 0.3249579966068268 0.5798358122507731 0.3325093388557434 0.5725139776865641 0.33969953656196594 0.5676036675771078 0.34642738103866577 0.5704496701558431 0.35146528482437134 0.5854204098383585 0.3498310148715973 0.592198888460795 0.3363817632198334 0.5962076584498087 0.3333100974559784 0.5886499087015787
0 0.3522911071777344 0.5623882611592611 0.35078442096710205 0.5426716009775797 0.3480065166950226 0.5311533212661743 0.35860151052474976 0.5381390253702799 0.3719075918197632 0.5316856304804484 0.38404417037963867 0.5326889753341675 0.38271772861480713 0.5548394123713175 0.3844364881515503 0.5792358716328939 0.3787263035774231 0.5909396409988403 0.3714600205421448 0.5972742239634196 0.35929161310195923 0.590068538983663 0.3541637063026428 0.5751097997029623
0 0.24561551213264465 0.5463030735651652 0.23876890540122986 0.5318851470947266 0.23765689134597778 0.509600838025411 0.23939242959022522 0.4882187048594157 0.2526245415210724 0.4759526252746582 0.2672402262687683 0.4652046362559001 0.27523714303970337 0.4774121840794881 0.28481823205947876 0.48523251215616864 0.28721654415130615 0.47303958733876544 0.29521644115448 0.4757404724756877 0.29313480854034424 0.48706603050231934 0.3041955828666687 0.4831293821334839 0.329428106546402 0.4707208077112834 0.34262311458587646 0.46198487281799316 0.35068240761756897 0.4675768216451009 0.35918593406677246 0.46777959664662677 0.3605707287788391 0.4872260093688965 0.3592553734779358 0.5067192713419596 0.3530641496181488 0.518850048383077 0.3451130986213684 0.5272736549377441 0.3375279903411865 0.5287062724431356 0.324930340051651 0.5213258663813273 0.3166796863079071 0.5305806001027426 0.304678738117218 0.5363931655883789 0.2975902557373047 0.5293868780136108 0.28480029106140137 0.5318595170974731 0.27706554532051086 0.5452468792597452 0.26811474561691284 0.545103112856547 0.25427666306495667 0.5473151206970215 0.2500615119934082 0.5441654125849406
0 0.3534783720970154 0.4588061173756917 0.36050379276275635 0.43703150749206543 0.3594963550567627 0.41656649112701416 0.3529859781265259 0.3990233341852824 0.3560076355934143 0.3835412661234538 0.36173197627067566 0.3613733450571696 0.3670145273208618 0.35211201508839923 0.3783493638038635 0.35122378667195636 0.38308781385421753 0.36486542224884033 0.3910571038722992 0.38262518246968585 0.40046682953834534 0.3928624788920085 0.4090425372123718 0.3869152069091797 0.40761515498161316 0.37389254570007324 0.41727781295776367 0.3637154897054036 0.4241105318069458 0.36626331011454266 0.4206518530845642 0.37913088003794354 0.4218100309371948 0.39424888292948407 0.4331980347633362 0.4062812328338623 0.43886345624923706 0.4119607210159302 0.4424916207790375 0.4185486634572347 0.44153571128845215 0.431459903717041 0.4389050304889679 0.4398175875345866 0.43083029985427856 0.45337923367818195 0.42344415187835693 0.46551771958669025 0.4149633049964905 0.4692422151565552 0.3998924791812897 0.4635450839996338 0.3894326388835907 0.4555153052012126 0.3735658526420593 0.462051788965861 0.36464303731918335 0.4650494654973348
0 0.39491209387779236 0.5304973920186361 0.3897722065448761 0.5214014848073324 0.39648324251174927 0.5095473527908325 0.40639591217041016 0.5162637233734131 0.41458576917648315 0.5153112014134725 0.41551536321640015 0.5014158089955648 0.424448698759079 0.48338063557942706 0.4342988133430481 0.4665077527364095 0.44836658239364624 0.4551955858866374 0.4601600468158722 0.44909385840098065 0.47621095180511475 0.44778136412302655 0.4722703993320465 0.46136438846588135 0.4609697163105011 0.4761269887288411 0.4454492926597595 0.49755434195200604 0.44287657737731934 0.511455257733663 0.44607821106910706 0.5207392374674479 0.4573453962802887 0.5099049011866251 0.4656664729118347 0.49335070451100665 0.4725368022918701 0.4860273202260335 0.4830574691295624 0.48978960514068604 0.4877253770828247 0.5082105795542399 0.4897623062133789 0.5287121931711832 0.4839853346347809 0.5418290297190348 0.4781394898891449 0.5490555763244629 0.4654407203197479 0.5334030389785767 0.4498935043811798 0.541374127070109 0.42866653203964233 0.5323503017425537 0.4083263874053955 0.5325749715169271 0.39992499351501465 0.5327280362447103
0 0.4945420026779175 0.5735505819320679 0.4915279448032379 0.5538175503412882 0.5035117268562317 0.5370645920435587 0.5151296854019165 0.5180179675420126 0.5184754729270935 0.4911802609761556 0.5072944164276123 0.47948161760965985 0.5017749071121216 0.4655446608861287 0.4926776885986328 0.4560830195744832 0.49155473709106445 0.44549059867858887 0.5038288235664368 0.43688420454661053 0.5175285339355469 0.4362773895263672 0.5260607600212097 0.44371827443440753 0.5323543548583984 0.4577185312906901 0.5344253778457642 0.47701557477315265 0.5356262922286987 0.4752006530761719 0.5410369634628296 0.4762032826741536 0.5506697297096252 0.49792412916819256 0.5549266338348389 0.5119097630182902 0.5606802105903625 0.5311116774876913 0.5608016848564148 0.5564476648966471 0.5599919557571411 0.5647460619608561 0.5401344895362854 0.5786277850468954 0.5263673067092896 0.5878980159759521 0.5123152732849121 0.5865894158681234 0.5025082230567932 0.5801065762837728
0 0.5699365139007568 0.5555680592854818 0.5650279521942139 0.5286720991134644 0.56297367811203 0.5109957853953043 0.56544029712677 0.5023598273595175 0.5754343867301941 0.4953182538350423 0.5850728750228882 0.49052345752716064 0.5895600318908691 0.4950193961461385 0.5946816205978394 0.5099714199701945 0.6006771326065063 0.5187238454818726 0.6077843904495239 0.522995392481486 0.6157171726226807 0.5190101067225138 0.6193504333496094 0.513998786608378 0.6271792054176331 0.5201167265574137 0.6282023191452026 0.5257908503214518 0.6128608584403992 0.5461372534434 0.609245777130127 0.5581468343734741 0.5991594791412354 0.5716050068537394 0.591589629650116 0.5780047575632731 0.5820401906967163 0.5722466707229614 0.5768064856529236 0.5620715618133545 0.5888000726699829 0.5500178337097168 0.5924950838088989 0.539435068766276 0.5834824442863464 0.534619410832723 0.5774223208427429 0.541792631149292 0.5744972825050354 0.5484235286712646
0 0.6530096530914307 0.5521791776021322 0.6541225910186768 0.5358877976735433 0.6647744178771973 0.5246729056040446 0.6742677092552185 0.5136725902557373 0.6864663362503052 0.5125371615091959 0.6903190016746521 0.5237705707550049 0.6955122947692871 0.5458594560623169 0.6989699006080627 0.5651820103327433 0.6844367384910583 0.5722728967666626 0.6720506548881531 0.5704096953074137 0.6587703824043274 0.5661814212799072 0.654623806476593 0.5595172246297201
0 0.1965893805027008 0.1284662882486979 0.20601323246955872 0.13868844509124756 0.2186187505722046 0.14017856121063232 0.23338910937309265 0.14214634895324707 0.23950937390327454 0.15104138851165771 0.24459093809127808 0.15365155537923178 0.2497948706150055 0.13813483715057373 0.2534443736076355 0.11931482950846355 0.2563209533691406 0.11151385307312012 0.2529352307319641 0.10354197025299072 0.2434675097465515 0.10597026348114014 0.23239058256149292 0.11108187834421794 0.21468651294708252 0.11962831020355225 0.2050403356552124 0.12360584735870361
0 0.26260966062545776 0.0990754763285319 0.26558738946914673 0.10454551378885905 0.28158038854599 0.0970301628112793 0.2923194169998169 0.0922861099243164 0.29893237352371216 0.08782780170440674 0.29210585355758667 0.08775488535563152 0.2804803252220154 0.09348730246225993 0.2706546187400818 0.09727060794830322
0 0.2547421157360077 0.14616151650746664 0.2561638355255127 0.12956035137176514 0.2595806121826172 0.11554491519927979 0.2680555582046509 0.10689775149027507 0.29963812232017517 0.09216924508412679 0.31270280480384827 0.08207988739013672 0.3411876857280731 0.06928730010986328 0.3559025526046753 0.0655217965443929 0.354003369808197 0.07656697432200114 0.35942116379737854 0.09031081199645996 0.36012497544288635 0.10437667369842529 0.3550158739089966 0.11527510484059651 0.3459201157093048 0.12764962514241537 0.3376472592353821 0.13523757457733154 0.33078962564468384 0.14170857270558676 0.3309038281440735 0.1521897315979004 0.3304125964641571 0.15566615263621011 0.3254633843898773 0.16083411375681558 0.3168492317199707 0.15950445334116617 0.3099106550216675 0.15225549538930258 0.30839842557907104 0.14291954040527344 0.31995391845703125 0.13325893878936768 0.32073134183883667 0.12507331371307373 0.31438350677490234 0.12481689453125 0.30864080786705017 0.12500580151875815 0.29824239015579224 0.11906127134958903 0.29055076837539673 0.12002793947855632 0.2724994421005249 0.12772770722707114 0.2655790448188782 0.1331313451131185 0.26129263639450073 0.13550921281178793
0 0.2899736166000366 0.23777331908543906 0.30143189430236816 0.23500015338261923 0.305195689201355 0.2421861489613851 0.3104928731918335 0.24603970845540366 0.3240174651145935 0.23310198386510214 0.33315691351890564 0.23142272233963013 0.32167714834213257 0.21535199880599976 0.32291150093078613 0.2035438815752665 0.33318236470222473 0.20548272132873535 0.3364132046699524 0.1863644520441691 0.3393667936325073 0.16547139485677084 0.34513241052627563 0.1521675984064738 0.34692561626434326 0.14692302544911703 0.33855140209198 0.1440896987915039 0.33457228541374207 0.1455608606338501 0.335277259349823 0.15318608283996582 0.3312146067619324 0.16063356399536133 0.32428738474845886 0.16656434535980225 0.3194374144077301 0.16578209400177002 0.3135964870452881 0.1620811621348063 0.30499690771102905 0.15746943155924478 0.30285537242889404 0.1636117696762085 0.2989778220653534 0.17511077721913657 0.2965669631958008 0.1827338139216105 0.2921339273452759 0.1938698689142863 0.29164373874664307 0.20679442087809244 0.2886675000190735 0.22348119815190634
0 0.33626869320869446 0.21488996346791586 0.34725475311279297 0.20797661940256754 0.3569032549858093 0.20233392715454102 0.3693830370903015 0.20754671096801758 0.37860730290412903 0.20548703273137411 0.3782263994216919 0.19319923718770346 0.3768422305583954 0.1780198613802592 0.3763556182384491 0.16514825820922852 0.37475788593292236 0.1552820603052775 0.37044501304626465 0.14831976095835367 0.3594185411930084 0.1456910769144694 0.3536165952682495 0.14580869674682617 0.34942254424095154 0.15584206581115723 0.34334784746170044 0.16727354129155478 0.34127023816108704 0.18055919806162515 0.3394010066986084 0.19512991110483804 0.3372364640235901 0.20456629991531372
0 0.3786807358264923 0.1532684564590454 0.3810034394264221 0.1446669896443685 0.39048081636428833 0.14081346988677979 0.40422773361206055 0.13693908850351968 0.41202622652053833 0.13895897070566812 0.41760024428367615 0.1468735933303833 0.419522762298584 0.15529918670654297 0.4120004177093506 0.16480541229248047 0.40307238698005676 0.1722636620203654 0.3962004482746124 0.16937716801961264 0.385611355304718 0.16648940245310465 0.3810824453830719 0.16480191548665366
0 0.39770644903182983 0.17535821596781412 0.4076271653175354 0.1739951173464457 0.4131115674972534 0.16832433144251505 0.41880279779434204 0.16391619046529135 0.42348742485046387 0.15341079235076904 0.42460957169532776 0.1472614606221517 0.4334609806537628 0.15227413177490234 0.4367207884788513 0.1557923158009847 0.43773800134658813 0.16513566176096597 0.4392625689506531 0.17754326264063516 0.4351682662963867 0.18845178683598837 0.43168652057647705 0.1966241995493571 0.42180466651916504 0.19524705410003662 0.4074667692184448 0.20256423950195312 0.3996840715408325 0.19741541147232056 0.396072119474411 0.18500389655431113
0 0.3639283776283264 0.06281383832295735 0.3726727366447449 0.0676800012588501 0.3838464319705963 0.06790339946746826 0.39322295784950256 0.06360169251759847 0.3998821973800659 0.05569692452748617 0.40523287653923035 0.04952418804168701 0.38938474655151367 0.05320278803507487 0.37830328941345215 0.056771437327067055 0.36995574831962585 0.060806711514790855
0 0.4007018208503723 0.10899718602498372 0.4043433964252472 0.10202566782633464 0.4195388853549957 0.11661545435587566 0.4325447678565979 0.1274587313334147 0.4414048492908478 0.13253811995188394 0.4477308988571167 0.13839836915334067 0.44702234864234924 0.14695354302724203 0.4390659034252167 0.14737172921498617 0.42593345046043396 0.1423428455988566 0.41679659485816956 0.13229171435038248 0.4069703221321106 0.12120099862416585 0.4037339985370636 0.1144851843516032
0 0.4440663456916809 0.1613145669301351 0.45314791798591614 0.14518384138743082 0.462952584028244 0.13985323905944824 0.47513505816459656 0.14230028788248697 0.4932054579257965 0.15105092525482178 0.5013760924339294 0.1643898884455363 0.49497005343437195 0.18007272481918335 0.4905199408531189 0.20105608304341635 0.48497676849365234 0.20953369140625 0.4792018532752991 0.21041915814081827 0.47145697474479675 0.19969981908798218 0.4646592438220978 0.18811998764673868 0.45347779989242554 0.185537318388621 0.44702959060668945 0.1726500391960144
0 0.4944295883178711 0.19878474871317545 0.4984910190105438 0.18496032555898032 0.5012267827987671 0.17595815658569336 0.505709171295166 0.16781973838806152 0.5074260234832764 0.162280003229777 0.5208815932273865 0.16297030448913574 0.5255010724067688 0.17732185125350952 0.5337529182434082 0.18192748228708902 0.5437735319137573 0.17851314942042032 0.5482458472251892 0.18595683574676514 0.5501528382301331 0.20296605428059897 0.554703950881958 0.2169089913368225 0.5503865480422974 0.23452923695246378 0.5463192462921143 0.24758023023605347 0.5371622443199158 0.25905104478200275 0.5308099389076233 0.2654857238133748 0.5213184356689453 0.2726170023282369 0.5151564478874207 0.28358755509058636 0.5104989409446716 0.27565068006515503 0.5086542963981628 0.2651749650637309 0.5100200176239014 0.251395841439565 0.5102391242980957 0.23724108934402466 0.5115998983383179 0.22346206506093344 0.5057571530342102 0.2145845890045166 0.5000803470611572 0.2159589727719625
0 0.4178730249404907 0.3534347216288249 0.4140603542327881 0.3389780521392822 0.4184459447860718 0.32205384969711304 0.42783302068710327 0.319870392481486 0.4421291649341583 0.317410945892334 0.4484732151031494 0.3126784364382426 0.44846251606941223 0.2990938623746236 0.44233614206314087 0.2881574034690857 0.4479345977306366 0.2824655572573344 0.46867918968200684 0.2729618748029073 0.47970274090766907 0.27052460114161175 0.48774251341819763 0.27927907307942706 0.49339795112609863 0.2835947275161743 0.4932248294353485 0.2951672871907552 0.48053058981895447 0.3138879140218099 0.4765129089355469 0.3227102557818095 0.4824853241443634 0.34155933062235516 0.49593979120254517 0.3546922604242961 0.5014302730560303 0.3572228749593099 0.5067671537399292 0.3528110980987549 0.512607991695404 0.348349134127299 0.5148577690124512 0.35753417015075684 0.5182587504386902 0.36976393063863117 0.5249107480049133 0.36986716588338214 0.5316211581230164 0.3648470640182495 0.5362425446510315 0.3634573618570964 0.5522788763046265 0.3604591290156047 0.5559508204460144 0.34872790177663165 0.5640113353729248 0.34961851437886554 0.5652531385421753 0.36813823382059735 0.5533153414726257 0.3916708628336589 0.5455588102340698 0.40936605135599774 0.5418908596038818 0.4151456356048584 0.5331443548202515 0.41464686393737793 0.5220239162445068 0.41726255416870117 0.5130401253700256 0.4152963161468506 0.49467164278030396 0.4081510305404663 0.4802691340446472 0.39549259344736737 0.4716535210609436 0.37755735715230304 0.4679323136806488 0.36841821670532227 0.45721596479415894 0.3713971773783366 0.4471215307712555 0.38169316450754803 0.4412859380245209 0.39066338539123535 0.4363478720188141 0.3793194691340129 0.4325692355632782 0.372178316116333 0.42790287733078003 0.36272990703582764
0 0.4789077639579773 0.21818755070368448 0.4865330755710602 0.21233147382736206 0.49312055110931396 0.2068012754122416 0.49576520919799805 0.22215092182159424 0.49312394857406616 0.23498431841532388 0.4891074299812317 0.24305417140324911 0.4790537357330322 0.2444231112798055 0.4796561300754547 0.23208491007486978
0 0.5479748249053955 0.2569515109062195 0.5562741160392761 0.23793458938598633 0.5600663423538208 0.22946417331695557 0.5700763463973999 0.22958205143610635 0.5806393027305603 0.2361928423245748 0.583538830280304 0.2559405167897542 0.5883751511573792 0.27485469977060956 0.5873883366584778 0.2960904637972514 0.5886696577072144 0.3184584975242615 0.5846904516220093 0.3283001979192098 0.5787965655326843 0.3330639600753784 0.5657320618629456 0.33878374099731445 0.5551143884658813 0.33831950028737384 0.5471239686012268 0.3264890710512797 0.5503988862037659 0.3181304732958476 0.5617088079452515 0.3163290818532308 0.5653534531593323 0.30135492483774823 0.5627361536026001 0.277642826239268 0.5568182468414307 0.26503296693166095
0 0.5882066488265991 0.24080576499303183 0.5977169275283813 0.23273410399754843 0.6066067814826965 0.23331220944722494 0.6164533495903015 0.23974104722340903 0.622185468673706 0.24949248631795248 0.6196872591972351 0.26838841040929157 0.6171249151229858 0.28397945562998456 0.6081650257110596 0.29122469822565716 0.59807950258255 0.30124255021413165 0.593887984752655 0.3038036028544108 0.5943666696548462 0.28254451354344684 0.5907778143882751 0.2587261199951172
0 0.4383400082588196 0.04094835122426351 0.44109928607940674 0.051069418589274086 0.4447726905345917 0.06028950214385986 0.4508737027645111 0.06177218755086263 0.45921966433525085 0.06393992900848389 0.46644288301467896 0.06260867913564046 0.47435399889945984 0.05279986063639323 0.4798220694065094 0.044312755266825356 0.4754091501235962 0.033939639727274575 0.4696025550365448 0.030997196833292644 0.4590409994125366 0.03449738025665283 0.44665390253067017 0.036657492319742836
0 0.4246135354042053 0.1118409236272176 0.4314086437225342 0.09500360488891602 0.43799641728401184 0.08021549383799235 0.44347137212753296 0.07157198588053386 0.45210930705070496 0.06912298997243245 0.46249428391456604 0.07073418299357097 0.4675058424472809 0.07834434509277344 0.465032160282135 0.10786255200703938 0.4558553099632263 0.11040822664896648 0.4418991506099701 0.11311999956766765 0.4344712495803833 0.1133792797724406
0 0.4697309732437134 0.07261701424916585 0.4766401946544647 0.0662911335627238 0.4955821931362152 0.06205113728841146 0.5082541704177856 0.06788718700408936 0.51545250415802 0.06038586298624674 0.5256366729736328 0.04259816805521647 0.5293651223182678 0.036601861317952476 0.5427141785621643 0.04062112172444662 0.5542373061180115 0.046430627504984535 0.551689088344574 0.05919027328491211 0.5448266863822937 0.08059982458750407 0.5377748012542725 0.09178868929545085 0.5413005352020264 0.09999696413675944 0.5483165383338928 0.09782803058624268 0.5543144345283508 0.08368770281473796 0.5570154190063477 0.07796951134999593 0.5624880790710449 0.07617199420928955 0.5715527534484863 0.08009012540181477 0.576774001121521 0.0861206849416097 0.5748606324195862 0.09939722220102946 0.5711578726768494 0.10529688994089763 0.5614973902702332 0.11627904574076335 0.5513585209846497 0.12160666783650716 0.5502327680587769 0.13342018922170004 0.5466663837432861 0.14639055728912354 0.5440089106559753 0.15852622191111246 0.5431259274482727 0.17478930950164795 0.5338083505630493 0.17613404989242554 0.5287431478500366 0.17146543661753336 0.5277310013771057 0.15949591000874838 0.5290661454200745 0.14572052160898843 0.5281891226768494 0.13757550716400146 0.5220550298690796 0.13897148768107095 0.5101995468139648 0.14431333541870117 0.5050956010818481 0.14874621232350668 0.4992488920688629 0.1488985220591227 0.4876267910003662 0.1403026580810547 0.479114830493927 0.13739720980326334 0.47397440671920776 0.12915396690368652 0.4707801640033722 0.11975967884063721 0.4690003991127014 0.10293614864349365 0.4688618779182434 0.08951425552368164
0 0.5176640748977661 0.4289960463841756 0.5263901948928833 0.42204399903615314 0.5420159101486206 0.41853439807891846 0.5507909655570984 0.4233040014902751 0.551533579826355 0.435907522837321 0.5474886298179626 0.4476378361384074 0.541046679019928 0.4515896240870158 0.5328435897827148 0.44475332895914715 0.5259594917297363 0.4382379452387492
0 0.5570352077484131 0.420723557472229 0.5585517287254333 0.40331558386484784 0.5672130584716797 0.38812053203582764 0.572539746761322 0.37736697991689044 0.5841370820999146 0.3733939329783122 0.5895487070083618 0.38790921370188397 0.5863190293312073 0.4055568377176921 0.5823043584823608 0.42492222785949707 0.5882383584976196 0.43941601117451984 0.5927128791809082 0.4564284880956014 0.5940674543380737 0.4695100386937459 0.5870110988616943 0.48072250684102374 0.581689715385437 0.4851226806640625 0.5713157653808594 0.4856465657552083 0.5675884485244751 0.47614530722300213 0.5643017292022705 0.46809856096903485 0.5582886934280396 0.47013052304585773 0.5580720901489258 0.4809691905975342 0.5536680221557617 0.48456303278605145 0.5455006957054138 0.48863697052001953 0.5437560081481934 0.46415003140767414 0.5448655486106873 0.455835501352946 0.5528478622436523 0.4495152235031128 0.5574121475219727 0.43764344851175946
0 0.5891249179840088 0.37286150455474854 0.5936073064804077 0.3601093292236328 0.6032716631889343 0.3542697032292684 0.6078965663909912 0.36125512917836505 0.6118555665016174 0.38074855009714764 0.6174092888832092 0.39195430278778076 0.6219184398651123 0.3998621304829915 0.6214268803596497 0.41469113032023114 0.6107969880104065 0.4150855541229248 0.6009783744812012 0.4146585861841838 0.5942702889442444 0.4089839458465576 0.592094361782074 0.3945616881052653 0.5924206972122192 0.38073277473449707
0 0.6000181436538696 0.4368332227071126 0.5929707884788513 0.4274929364522298 0.5894693732261658 0.4200092554092407 0.5907045602798462 0.4149504502614339 0.5973073244094849 0.41643087069193524 0.6129634380340576 0.420529047648112 0.6216493248939514 0.42033231258392334 0.6216513514518738 0.4324320952097575 0.619766891002655 0.4412284294764201 0.6107680797576904 0.4422001043955485
0 0.5401468873023987 0.46710121631622314 0.5546886920928955 0.49079378445943195 0.5611259937286377 0.4884292682011922 0.5663438439369202 0.48856087525685626 0.5642945170402527 0.447548508644104 0.5716068744659424 0.44647204875946045 0.5793253183364868 0.458398977915446 0.582690417766571 0.4660685459772746 0.5833032131195068 0.4726599454879761 0.5755696892738342 0.47905437151590985 0.5701882839202881 0.4832855860392253 0.56988525390625 0.4908328453699748 0.5637452006340027 0.4977329174677531 0.5580995678901672 0.4987768729527791 0.550087034702301 0.4889853398005168
0 0.6330264806747437 0.43118758996327716 0.645973265171051 0.42263702551523846 0.6528446674346924 0.41549718379974365 0.662558913230896 0.4080518881479899 0.6699838638305664 0.4015818039576213 0.6742064356803894 0.4137492577234904 0.6786854267120361 0.4294453461964925 0.6873875856399536 0.4517245292663574 0.7027304768562317 0.4596842924753825 0.7076007127761841 0.4675326347351074 0.6829303503036499 0.33976320425669354 0.6968034505844116 0.35443071524302167 0.7005273103713989 0.36458154519399005 0.7000667452812195 0.37423702081044513 0.6889609098434448 0.38494571050008136 0.6762855052947998 0.3970743815104167 0.6709176301956177 0.4094874858856201 0.6607084274291992 0.41863234837849933 0.6500706076622009 0.42563021183013916 0.6373571157455444 0.4147888819376628 0.6246482729911804 0.3986341555913289 0.6417397856712341 0.4666837851206462 0.6383860111236572 0.45560471216837567
0 0.7950434684753418 0.7590588728586832 0.799250066280365 0.7430009841918945 0.8096519708633423 0.728599468866984 0.8187012672424316 0.7257692019144694 0.8279678821563721 0.7386027177174886 0.8339992761611938 0.7397357622782389 0.840228796005249 0.7323957284291586 0.8441205024719238 0.7428229649861654 0.8475702404975891 0.7475622495015463 0.8553217649459839 0.7503133614857992 0.8662500381469727 0.7620212237040201 0.8555450439453125 0.7704517841339111 0.848642885684967 0.7700073719024658 0.8417105674743652 0.7785645325978597 0.8351924419403076 0.7852598826090494 0.828004002571106 0.7917123635609945 0.813784122467041 0.8036574522654215 0.8054522275924683 0.8086908658345541 0.8072763681411743 0.8013578255971273 0.8149427175521851 0.7960829734802246 0.8193286657333374 0.791141668955485 0.8206813335418701 0.7841246922810873 0.8146259188652039 0.7814839680989584 0.8061710596084595 0.7799966335296631 0.8040568232536316 0.7727499008178711 0.8030145168304443 0.7668783664703369
0 0.8247159123420715 0.7193457285563151 0.8293952941894531 0.7063895066579183 0.834358811378479 0.6808518568674723 0.8354451060295105 0.6629804372787476 0.8351197242736816 0.654742439587911 0.843530535697937 0.6476098299026489 0.8505746126174927 0.6486155986785889 0.8564362525939941 0.6436496178309122 0.8626695275306702 0.6468956470489502 0.8695739507675171 0.6635171969731649 0.8764569759368896 0.6816752751668295 0.8810783624649048 0.6924365361531576 0.898016095161438 0.7166715463002523 0.900006890296936 0.7234361171722412 0.9011561870574951 0.7324155966440836 0.8967376947402954 0.737062136332194 0.8845295906066895 0.7461246649424235 0.8772441744804382 0.7490619023640951 0.8703736066818237 0.7501360575358073 0.8578957319259644 0.7467079957326254 0.8520843386650085 0.7446446418762207 0.8473343253135681 0.7364258766174316 0.8483726978302002 0.7257269223531088 0.8510907888412476 0.7120784123738607 0.8478583097457886 0.7094157536824545 0.8427507877349854 0.7166784604390463 0.8372167348861694 0.7318301200866699 0.8322690725326538 0.7320866584777832 0.8279615044593811 0.7295538584391276
0 0.6430050134658813 0.49984292189280194 0.6442906260490417 0.47852245966593426 0.6489171385765076 0.4632986783981323 0.6595132946968079 0.4663443962732951 0.6657469272613525 0.4707786639531453 0.6628106832504272 0.48766430219014484 0.6568860411643982 0.49886421362559 0.6509914398193359 0.5033870538075765
0 0.6562991142272949 0.5085050662358602 0.6635834574699402 0.49776943524678546 0.668265163898468 0.4835520585378011 0.668987512588501 0.46279990673065186 0.6769362092018127 0.45308375358581543 0.6950289607048035 0.45435508092244464 0.7043860554695129 0.44926953315734863 0.7130181193351746 0.4515061378479004 0.7212819457054138 0.46068549156188965 0.732101321220398 0.4551212787628174 0.7420873641967773 0.45279141267140705 0.747760534286499 0.4584420522054036 0.7506135702133179 0.47315677007039386 0.7520200610160828 0.48989661534627277 0.7488915920257568 0.49838511149088544 0.7367054224014282 0.4994637568791707 0.7224177718162537 0.4967041015625 0.703937292098999 0.5026019811630249 0.698350191116333 0.5092422564824423 0.6910170912742615 0.5059961080551147 0.6799496412277222 0.5085599819819132 0.6704719662666321 0.5138098398844401 0.6653494834899902 0.5176059802373251
0 0.7155899405479431 0.5767666498819987 0.7251052856445312 0.5582124392191569 0.7405400276184082 0.5325283606847128 0.7449345588684082 0.5213677088419596 0.7509840726852417 0.5062774817148844 0.7594592571258545 0.49468191464742023 0.7692177891731262 0.4917030731836955 0.7693843245506287 0.5069747368494669 0.7722440958023071 0.5181854963302612 0.7720147371292114 0.5272556145985922 0.7625253796577454 0.5380459626515707 0.7512079477310181 0.5528364578882853 0.7358146905899048 0.5703221956888834 0.7257280349731445 0.5845636129379272 0.7129935026168823 0.5860978364944458
0 0.7295833230018616 0.5859506924947103 0.7420109510421753 0.5720562140146891 0.7530044317245483 0.5560566981633505 0.7625827789306641 0.5452206532160441 0.7782539129257202 0.5458507140477499 0.787899374961853 0.5493794282277426 0.8023325204849243 0.5566918055216471 0.8091000318527222 0.5627278089523315 0.8050949573516846 0.5765647888183594 0.7959707975387573 0.5915878216425577 0.7813129425048828 0.6096032460530599 0.7637999653816223 0.6190922657648722 0.7534885406494141 0.6138788859049479 0.7445691823959351 0.6020063161849976 0.738165020942688 0.6012465953826904
0 0.8029179573059082 0.6401921113332113 0.8069776892662048 0.6071610848108927 0.8151907920837402 0.581252654393514 0.8202580213546753 0.567304531733195 0.8374795913696289 0.5578230619430542 0.8492305874824524 0.5610942443211874 0.8578109741210938 0.5703103939692179 0.8625505566596985 0.5923456350962321 0.8618075847625732 0.6032388607660929 0.8391720056533813 0.6132451693216959 0.8291370272636414 0.6202893257141113 0.8244332075119019 0.6281233628590902 0.8325624465942383 0.630540688832601 0.8409163951873779 0.6335430939992269 0.8414604663848877 0.6392821470896403 0.8346058130264282 0.6489766836166382 0.8273018598556519 0.6605836550394694 0.8170067071914673 0.6569135586420695 0.8045241236686707 0.6489057938257853
0 0.8226885795593262 0.5524237553278605 0.8283992409706116 0.5418233076731364 0.8408525586128235 0.5316958824793497 0.857352614402771 0.5276276667912801 0.8741042613983154 0.520139733950297 0.8825182914733887 0.5151610771814982 0.8906750082969666 0.5136156479517618 0.9015752077102661 0.5120695432027181 0.907063364982605 0.5120648145675659 0.9113261699676514 0.517138401667277 0.899478554725647 0.5299131870269775 0.8863017559051514 0.5422399441401163 0.8666465282440186 0.5522470076878866 0.8566567301750183 0.5561974048614502 0.8354341387748718 0.5540308952331543 0.8297628164291382 0.5550068219502767
0 0.5822308659553528 0.3499884208043416 0.5874443650245667 0.33858736356099445 0.5986344218254089 0.3291459282239278 0.6049993634223938 0.32767945528030396 0.6136719584465027 0.3374600013097127 0.6105695962905884 0.34324634075164795 0.6019099950790405 0.34898825486501056 0.5939971804618835 0.35327967007954914
0 0.5997735261917114 0.3083186348279317 0.6094915866851807 0.30235932270685834 0.6233335733413696 0.29718321561813354 0.6292768716812134 0.2964314818382263 0.6348608732223511 0.2903546492258708 0.639812707901001 0.2803261677424113 0.6477550864219666 0.27327366669972736 0.6449398994445801 0.2555697162946065 0.6504746675491333 0.25549960136413574 0.6595405340194702 0.26841938495635986 0.671051025390625 0.28518998622894287 0.6762056350708008 0.2933581868807475 0.6781255006790161 0.3033085862795512 0.6781519651412964 0.3210269014040629 0.6846696734428406 0.33670632044474286 0.685470461845398 0.3428049882253011 0.6804655194282532 0.3454543352127075 0.6766293048858643 0.34590009848276776 0.6659494042396545 0.3320418397585551 0.6605622172355652 0.3183460235595703 0.6536667346954346 0.3218893011411031 0.6468664407730103 0.3295023838678996 0.6412299275398254 0.33493363857269287 0.6314323544502258 0.3292764226595561 0.6239621639251709 0.3294762174288432 0.6186789870262146 0.33416422208150226 0.6117852330207825 0.3288840651512146 0.603137731552124 0.3225439786911011
0 0.5659787654876709 0.1818004051844279 0.5759252309799194 0.16956639289855957 0.5917546153068542 0.1614654858907064 0.5952789783477783 0.16992106040318808 0.5905901193618774 0.1759490966796875 0.5858575105667114 0.18782820304234824 0.5884921550750732 0.19710499048233032 0.5730840563774109 0.18950827916463217
0 0.5905135273933411 0.1876523494720459 0.5973642468452454 0.17605257034301758 0.601762592792511 0.16228127479553223 0.6118499040603638 0.1729235847791036 0.6209544539451599 0.18712419271469116 0.6217485666275024 0.2040549317995707 0.6182557344436646 0.2229976455370585 0.6096781492233276 0.2210213541984558 0.5985879898071289 0.20449471473693848
0 0.6241057515144348 0.18138237794240317 0.6330503225326538 0.17341655492782593 0.6449790000915527 0.16500409444173178 0.6561589241027832 0.16463152567545572 0.6620728969573975 0.16968798637390137 0.6730429530143738 0.1687094767888387 0.6886070966720581 0.17170997460683188 0.6875499486923218 0.1778263250986735 0.6736404299736023 0.18516691525777182 0.663585901260376 0.19189157088597616 0.6555370092391968 0.19837705294291177 0.6438886523246765 0.1954676310221354 0.6316550374031067 0.19268131256103516 0.6261821985244751 0.18761195739110312
0 0.6020181775093079 0.15768694877624512 0.6102896928787231 0.1484384536743164 0.6193382740020752 0.13776469230651855 0.6149095296859741 0.12682302792867026 0.6135405898094177 0.1095293362935384 0.6140021681785583 0.09387588500976562 0.6130385398864746 0.0759057601292928 0.6030808687210083 0.053848663965861 0.6016232967376709 0.04831564426422119 0.6133205890655518 0.049959143002827965 0.6222756505012512 0.05087733268737793 0.6314318180084229 0.06542547543843587 0.6388099193572998 0.07256801923116048 0.6471583843231201 0.08871833483378093 0.6577385067939758 0.10920039812723796 0.6632351875305176 0.12079358100891113 0.6548517346382141 0.13194807370503744 0.6467061042785645 0.14765942096710205 0.6446996927261353 0.15716214974721274 0.6397362947463989 0.1612167755762736 0.6325880289077759 0.16758716106414795 0.6241428852081299 0.17548267046610513 0.6181970834732056 0.17383048931757608 0.6088060736656189 0.1610590616861979
0 0.6108936071395874 0.0013020833333333333 0.6195857524871826 0.004147807757059733 0.63224858045578 0.005633234977722168 0.6476504802703857 0.0021473964055379233 0.6552472710609436 0.0014257431030273438 0.6582726836204529 0.0013020833333333333 0.6572499871253967 0.0013020833333333333 0.6492602825164795 0.0013020833333333333 0.636073112487793 0.0013020833333333333 0.6245511174201965 0.0013020833333333333
0 0.6301621198654175 0.04554088910420736 0.634088397026062 0.03509839375813802 0.6398835778236389 0.02042388916015625 0.6449377536773682 0.013667980829874674 0.6670840978622437 0.007784247398376465 0.6756343841552734 0.003701170285542806 0.6806578636169434 0.0217591126759847 0.6792917847633362 0.03831350803375244 0.6697248816490173 0.05165660381317139 0.6610431671142578 0.06420306364695232 0.655638575553894 0.074897567431132 0.6475679278373718 0.06649231910705566 0.6392000913619995 0.059496800104777016
0 0.7105337381362915 0.010999639828999838 0.7262305021286011 0.013787070910135904 0.737373948097229 0.007462104161580403 0.7518742084503174 0.02296133836110433 0.7588744759559631 0.039045254389444985 0.7556542158126831 0.05403653780619303 0.7551174163818359 0.07993133862813313 0.7525061964988708 0.09225682417551677 0.7342997789382935 0.10083051522572835 0.7212907075881958 0.10080194473266602 0.7130885124206543 0.09015075365702312 0.7061920762062073 0.05632472038269043 0.7049782276153564 0.03942962487538656 0.7083793878555298 0.029050389925638836
0 0.654120147228241 0.0842892328898112 0.6654019355773926 0.07197089989980061 0.6684154272079468 0.06232531865437826 0.6848429441452026 0.05966301759084066 0.6948831677436829 0.07121626536051433 0.7013967037200928 0.08008527755737305 0.6994605660438538 0.08696309725443523 0.6845845580101013 0.08923745155334473 0.6783596277236938 0.09480031331380208 0.6793581247329712 0.10713581244150798 0.6789412498474121 0.11707031726837158 0.6675827503204346 0.11617819468180339 0.660173237323761 0.10226086775461833
0 0.6843481659889221 0.10966726144154866 0.6886573433876038 0.10177143414815266 0.6945551037788391 0.0942920446395874 0.6990271806716919 0.09690686066945393 0.7027359008789062 0.11082975069681804 0.711139440536499 0.12607208887736002 0.7136123776435852 0.1356281042098999 0.698642373085022 0.13589914639790854 0.6874300241470337 0.1256727377573649
0 0.657334566116333 0.2033854921658834 0.6685628890991211 0.19450720151265463 0.6801230907440186 0.18817400932312012 0.6898516416549683 0.18613998095194498 0.6908035278320312 0.1986766258875529 0.6915634870529175 0.21328657865524292 0.6926050186157227 0.22991482416788736 0.6960485577583313 0.2496551275253296 0.6986556649208069 0.26417497793833417 0.6996902227401733 0.2748741904894511 0.6907676458358765 0.28139962752660114 0.6818464994430542 0.28114865223566693 0.6628152132034302 0.2572508255640666 0.6525781750679016 0.24653629461924234 0.6526758670806885 0.23122372229894003 0.6584445238113403 0.2231051723162333 0.661942183971405 0.21332534154256186
0 0.693580150604248 0.20365109046300253 0.6986425518989563 0.19428511460622153 0.7036190032958984 0.18760432799657187 0.7094714045524597 0.21631224950154623 0.715162992477417 0.24858280022939047 0.7185588479042053 0.26575128237406415 0.7181254625320435 0.27326858043670654 0.7117465734481812 0.27677323420842487 0.7032623291015625 0.2757869362831116 0.7001281380653381 0.2538590629895528 0.6969090104103088 0.23204654455184937 0.6959861516952515 0.21605626742045084
0 0.6883048415184021 0.2952741781870524 0.695378839969635 0.2896532416343689 0.7057613730430603 0.29382769266764325 0.7158600687980652 0.2925979097684224 0.7166069149971008 0.28365182876586914 0.7226147651672363 0.27747126420338947 0.726725697517395 0.2681290904680888 0.7338651418685913 0.2523164947827657 0.7434920072555542 0.2511101961135864 0.743579626083374 0.2626405755678813 0.7385256290435791 0.2871045470237732 0.7423519492149353 0.29415619373321533 0.7536223530769348 0.2989494601885478 0.7574828863143921 0.3067142963409424 0.767349123954773 0.32065163056055707 0.776250958442688 0.3354390462239583 0.7773081064224243 0.34498918056488037 0.7721590995788574 0.3504600524902344 0.7546660900115967 0.35257800420125324 0.7413403391838074 0.34933193524678546 0.7369068264961243 0.3401808738708496 0.7271162867546082 0.3310001691182454 0.719152569770813 0.3291940887769063 0.7054075002670288 0.31298718849817914 0.6924324035644531 0.3002144495646159
0 0.6831503510475159 0.3040611942609151 0.6997954249382019 0.3184510866800944 0.7128120064735413 0.3327009479204814 0.7188397645950317 0.3423306147257487 0.7169726490974426 0.3508470058441162 0.7081826329231262 0.35395952065785724 0.6971654295921326 0.3469550609588623 0.6892133951187134 0.3416788578033447 0.6824673414230347 0.32393433650334674 0.6805980205535889 0.31390764315923053
0 0.7628757953643799 0.08814458052317302 0.7771075963973999 0.06353402137756348 0.7890231609344482 0.05654593308766683 0.799370527267456 0.06911281744639079 0.8111141920089722 0.08153645197550456 0.8121486306190491 0.09209704399108887 0.8034346699714661 0.08658889929453532 0.7888475060462952 0.0852348804473877 0.7776395082473755 0.09344069163004558 0.7715000510215759 0.10228776931762695 0.7667137980461121 0.1002739667892456
0 0.7724789381027222 0.10883100827534993 0.777836799621582 0.09808568159739177 0.7859242558479309 0.09231011072794597 0.7965306043624878 0.09019919236501057 0.8076803684234619 0.095376451810201 0.8116396069526672 0.09885867436726888 0.810222864151001 0.11311511198679607 0.8096976280212402 0.13734034697214761 0.8026219606399536 0.15709559122721353 0.8023333549499512 0.16925315062204996 0.7935984134674072 0.16635104020436606 0.7867199182510376 0.1558221975962321 0.7757699489593506 0.13112294673919678 0.7711157202720642 0.11636507511138916
0 0.6798239350318909 0.4081701437632243 0.6834856867790222 0.3979200522104899 0.6936652064323425 0.39463122685750324 0.6968218684196472 0.4061692953109741 0.7011215686798096 0.4302557309468587 0.7025042772293091 0.44559311866760254 0.6972223520278931 0.4448409080505371 0.689765989780426 0.43587509791056317 0.684369683265686 0.4195968707402547
0 0.6957217454910278 0.370678186416626 0.6985410451889038 0.36201779047648114 0.7049534320831299 0.3591875632603963 0.7116082310676575 0.3584054311116536 0.7184102535247803 0.35483113924662274 0.7235323190689087 0.3452288309733073 0.7305876612663269 0.3478478193283081 0.7258485555648804 0.36088164647420246 0.7173781394958496 0.3750895659128825 0.7179068922996521 0.3931565284729004 0.7201416492462158 0.41037782033284503 0.7189719676971436 0.4280594189961751 0.7158147692680359 0.44603554407755536 0.7083120346069336 0.44698039690653485 0.7042802572250366 0.42846107482910156 0.7023686170578003 0.4090158939361572 0.7005103230476379 0.3959246476491292 0.7022084593772888 0.3852432171503703 0.698900043964386 0.37726545333862305
0 0.7339909076690674 0.35228753089904785 0.7390437126159668 0.35445483525594074 0.7387760877609253 0.3648914098739624 0.7434950470924377 0.37753061453501385 0.7459828853607178 0.3876747687657674 0.7408385276794434 0.4078476031621297 0.7409389019012451 0.4295337200164795 0.7407224178314209 0.43797306219736737 0.7330454587936401 0.4424523115158081 0.72214275598526 0.4424234628677368 0.7223225235939026 0.42834699153900146 0.7234954833984375 0.40576895078023273 0.722480058670044 0.3912118275960286 0.7209194898605347 0.37675702571868896 0.7259982228279114 0.36641748746236164
0 0.7763091325759888 0.4111231565475464 0.7936331033706665 0.3929407596588135 0.7997685670852661 0.3824461301167806 0.7903813123703003 0.3600122928619385 0.7828020453453064 0.3470875819524129 0.7848198413848877 0.33923327922821045 0.7944183349609375 0.33944376309712726 0.8046602010726929 0.3368061383565267 0.8073317408561707 0.3261210123697917 0.8101573586463928 0.3126762310663859 0.8211870789527893 0.31269846359888714 0.8268430233001709 0.3251003623008728 0.8315976858139038 0.34315919876098633 0.8402304649353027 0.35799439748128253 0.8448508977890015 0.36641565958658856 0.8423745036125183 0.3909846941630046 0.8381321430206299 0.4074857234954834 0.8224831819534302 0.41295039653778076 0.8085920810699463 0.4168030023574829 0.7982770204544067 0.4236849943796794 0.783623456954956 0.429733673731486 0.77447909116745 0.43369078636169434 0.7779962420463562 0.4248646100362142
0 0.7070462703704834 0.410037636756897 0.70145583152771 0.40495840708414715 0.7045177221298218 0.39465824762980145 0.7081413269042969 0.3880668083826701 0.7073447704315186 0.37197768688201904 0.706358790397644 0.35690033435821533 0.7164482474327087 0.3429526487986247 0.7232339382171631 0.33612481753031415 0.7428948879241943 0.3446468909581502 0.7582206726074219 0.35608359177907306 0.7626935839653015 0.36460693677266437 0.7642708420753479 0.3790200551350911 0.7655304670333862 0.40532350540161133 0.7701860666275024 0.4235384464263916 0.7754638195037842 0.43451865514119464 0.7677434086799622 0.433158000310262 0.7649089097976685 0.4406423568725586 0.7550344467163086 0.44451340039571124 0.7500989437103271 0.4406616687774658 0.7467935085296631 0.4278739293416341 0.7372339367866516 0.41980040073394775 0.7309165596961975 0.42295606931050617 0.7241970300674438 0.4289763371149699 0.7177439332008362 0.4330952564875285 0.7140477895736694 0.4372473955154419 0.711916446685791 0.44249920050303143 0.7078508138656616 0.4419798056284587 0.7098682522773743 0.4276262919108073 0.711696207523346 0.4167754650115967
0 0.7691407203674316 0.3247564633687337 0.7617756128311157 0.31628288825352985 0.7635188698768616 0.30475831031799316 0.774516224861145 0.2950640122095744 0.7865587472915649 0.30271655321121216 0.7912725210189819 0.3126687208811442 0.7885280847549438 0.3234007755915324 0.7842303514480591 0.33800725142161053 0.7734637260437012 0.3458898464838664 0.7706080675125122 0.3409331639607747 0.7716706991195679 0.33250296115875244
0 0.7934144735336304 0.2925158143043518 0.7973513007164001 0.28323713938395184 0.8148906230926514 0.2802029848098755 0.831200361251831 0.28402350346247357 0.8450357913970947 0.28503809372584027 0.8467503786087036 0.29344379901885986 0.8318105340003967 0.30665632088979083 0.818820595741272 0.3073834379514058 0.8082517385482788 0.30263904730478924 0.8023449182510376 0.2995653748512268
0 0.7735306620597839 0.4512850840886434 0.7746917009353638 0.44204795360565186 0.7828240394592285 0.44310001532236737 0.7905396223068237 0.44489943981170654 0.7913938760757446 0.4378119309743245 0.7909992933273315 0.4329790274302165 0.799676775932312 0.4290819565455119 0.8041346669197083 0.4257258176803589 0.8104392290115356 0.43327705065409344 0.8171106576919556 0.43381281693776447 0.8204835653305054 0.4229416052500407 0.8249415159225464 0.4195903142293294 0.8359037041664124 0.41471536954243976 0.8405338525772095 0.4134296178817749 0.8434592485427856 0.4318109353383382 0.7910908460617065 0.24730191628138223 0.7922269105911255 0.2645329236984253 0.7925209999084473 0.27090662717819214 0.7917417883872986 0.27739771207173664 0.7780357599258423 0.28033653895060223 0.7695037126541138 0.28701527913411456 0.769011914730072 0.29409652948379517 0.7627274990081787 0.29963282744089764 0.7515655755996704 0.2928191622098287 0.7879542112350464 0.4605939785639445 0.7773397564888 0.4577827453613281
0 0.847202479839325 0.6297880808512369 0.8479391932487488 0.6159040133158366 0.8561711311340332 0.6143461068471273 0.8716302514076233 0.6214340527852377 0.8809832334518433 0.6484488646189371 0.8716471195220947 0.6602128346761068 0.8672631978988647 0.6430142720540365 0.8541165590286255 0.6347770690917969
0 0.8643597364425659 0.6112482150395712 0.8651610612869263 0.5877079963684082 0.8613910675048828 0.5640058517456055 0.8738971948623657 0.5538801749547323 0.8877413272857666 0.5513474543889364 0.8933746814727783 0.5655315717061361 0.8954952955245972 0.5961868762969971 0.9043142795562744 0.6302112738291422 0.9098208546638489 0.6456778049468994 0.891536295413971 0.6457489728927612 0.8852998614311218 0.6425079504648844 0.8792992830276489 0.6226929028828939
0 0.8924396634101868 0.6959852377573649 0.8953430652618408 0.6757777531941732 0.9025784730911255 0.6642459233601888 0.9094341397285461 0.6777945359547933 0.9133862257003784 0.6984103520711263 0.9092453718185425 0.7080504894256592 0.8981033563613892 0.7050849596659342
0 0.7635440826416016 0.0013020833333333333 0.7656400203704834 0.0013020833333333333 0.7719789743423462 0.0013020833333333333 0.7753984928131104 0.0013020833333333333 0.7799005508422852 0.0013020833333333333 0.7816610336303711 0.0013020833333333333 0.774336576461792 0.0013020833333333333
0 0.8359984159469604 0.0013020833333333333 0.8460555076599121 0.0013020833333333333 0.8559010624885559 0.0013020833333333333 0.8630067706108093 0.0013020833333333333 0.8648662567138672 0.0013020833333333333 0.8554163575172424 0.0013020833333333333 0.8446865081787109 0.0013020833333333333
0 0.790513813495636 0.21942381064097086 0.7844804525375366 0.19989365339279175 0.7823917865753174 0.18464583158493042 0.7941856384277344 0.17772483825683594 0.8063006401062012 0.17682995398839316 0.815493106842041 0.18712921937306723 0.8281236886978149 0.19431549310684204 0.8419709205627441 0.20001737276713052 0.8587743043899536 0.21830236911773682 0.8725174069404602 0.2363690733909607 0.8808759450912476 0.2503727873166402 0.8848649859428406 0.26015106836954754 0.880321204662323 0.2710043986638387 0.8711379170417786 0.26186110575993854 0.8613666296005249 0.24801504611968994 0.8521684408187866 0.23549685875574747 0.8460798859596252 0.24103583892186484 0.8453066349029541 0.2506988247235616 0.8396174907684326 0.2596144874890645 0.8385894298553467 0.27138519287109375 0.8157451152801514 0.2536888321240743 0.8063368201255798 0.24803427855173746 0.8019293546676636 0.24381208419799805 0.8075094223022461 0.23426403601964316 0.8043590784072876 0.22106645504633585 0.796309232711792 0.2227605183919271
0 0.7810375690460205 0.0013020833333333333 0.7820336818695068 0.0013020833333333333 0.7869113683700562 0.0013020833333333333 0.7974287271499634 0.0013020833333333333 0.8093621134757996 0.0013020833333333333 0.8108466863632202 0.009586731592814127 0.8051993250846863 0.025006731351216633 0.8069700598716736 0.04006568590799967 0.8002406358718872 0.0449972947438558 0.7929165363311768 0.04601943492889404 0.7881907224655151 0.028087417284647625 0.7884601354598999 0.01347362995147705 0.7865941524505615 0.00449824333190918
0 0.8131099939346313 0.04788060983022054 0.8100887537002563 0.03430438041687012 0.8101801872253418 0.024972995122273762 0.8154383897781372 0.010266423225402832 0.8183644413948059 0.0065301259358723955 0.8296778798103333 0.018926580746968586 0.8405778408050537 0.015417178471883139 0.845454752445221 0.004743695259094238 0.8540337085723877 0.0013020833333333333 0.8595893979072571 0.0013020833333333333 0.8638694286346436 0.0013020833333333333 0.8728720545768738 0.0013020833333333333 0.8657321929931641 0.007946928342183432 0.8630695343017578 0.02033046881357829 0.8467568159103394 0.030579169591267902 0.8307222127914429 0.03945442040761312
0 0.8215678930282593 0.05138850212097168 0.8329518437385559 0.041150410970052086 0.8513094186782837 0.03129096825917562 0.8640085458755493 0.02688276767730713 0.8702208995819092 0.022024909655253094 0.8783475160598755 0.020247618357340496 0.8818967342376709 0.0070650577545166016 0.8839902877807617 0.0013020833333333333 0.8925904035568237 0.0013020833333333333 0.8946490287780762 0.0013020833333333333 0.9073275327682495 0.0013020833333333333 0.9069647789001465 0.0013020833333333333 0.901839017868042 0.012367645899454752 0.8862395286560059 0.023854653040568035 0.8763354420661926 0.033896843592325844 0.8614303469657898 0.039934674898783364 0.8459950685501099 0.05273203055063883 0.8364851474761963 0.05870469411214193 0.8291299343109131 0.05569624900817871
0 0.8806569576263428 0.03665689627329508 0.8847464323043823 0.03074808915456136 0.8973338603973389 0.022348761558532715 0.9053708910942078 0.016573588053385418 0.9112424850463867 0.016447941462198894 0.9174667596817017 0.02968132495880127 0.9201599359512329 0.04270648956298828 0.9211488962173462 0.053355892499287925 0.915363609790802 0.0648794174194336 0.909529447555542 0.07237776120503743 0.9121955633163452 0.08885661760965984 0.9187443256378174 0.1055369774500529 0.929347574710846 0.11632545789082845 0.9302719831466675 0.12364967664082845 0.9150971174240112 0.15338146686553955 0.8996410369873047 0.17707822720209757 0.8910402059555054 0.18972633282343546 0.8860341310501099 0.18832021951675415 0.8765788078308105 0.17458033561706543 0.8629519939422607 0.1478968063990275 0.8721820116043091 0.13657057285308838 0.8740059733390808 0.12081686655680339 0.8836678862571716 0.1054014762242635 0.8938968181610107 0.09059011936187744 0.8902186155319214 0.06687851746877034 0.8840852379798889 0.054280718167622886
0 0.8271549940109253 0.09007585048675537 0.835408627986908 0.08226839701334636 0.8527203798294067 0.0759210189183553 0.8700993657112122 0.07023831208546956 0.8725099563598633 0.08065199851989746 0.861894965171814 0.0961671272913615 0.8579540252685547 0.10677011807759602 0.8465595841407776 0.11298167705535889 0.8335326910018921 0.1180655558904012 0.8305521607398987 0.10369483629862468
0 0.8173695206642151 0.0940707524617513 0.8268092274665833 0.11559983094533284 0.8331493139266968 0.12954254945119223 0.8417789936065674 0.12100787957509358 0.8557538986206055 0.11580304304758708 0.8522169589996338 0.13310003280639648 0.8402854204177856 0.14611534277598062 0.8414434194564819 0.16216142972310385 0.8457901477813721 0.18054413795471191 0.8562307953834534 0.1900625228881836 0.8647603988647461 0.19237512350082397 0.8703733682632446 0.18690866231918335 0.8758190870285034 0.18010602394739786 0.8821110129356384 0.1997006336847941 0.8839664459228516 0.21104641755421957 0.8765228986740112 0.21334592501322427 0.8689818382263184 0.21088802814483643 0.863517165184021 0.2136186162630717 0.8516274690628052 0.20355045795440674 0.8306936025619507 0.1878905693689982 0.8179295063018799 0.18343591690063477 0.8083449602127075 0.1738667090733846 0.8068122863769531 0.16260711352030435 0.8121771812438965 0.1410452922185262 0.8129950761795044 0.11877938111623128 0.8135472536087036 0.1052993933359782
0 0.8941492438316345 0.2747715711593628 0.9073358774185181 0.277244508266449 0.913813591003418 0.2888028820355733 0.9200599193572998 0.2845833698908488 0.9158315658569336 0.267256756623586 0.9132868051528931 0.24837676684061685 0.9169414043426514 0.24243966738382974 0.9217110872268677 0.23362837235132852 0.9231629371643066 0.22523828347524008 0.9163793325424194 0.22472262382507324 0.9042726159095764 0.23649859428405762 0.8964253664016724 0.24774614969889322
0 0.82465660572052 0.29232050975163776 0.8338974714279175 0.289119819800059 0.8403679132461548 0.3041360179583232 0.847571849822998 0.30875269571940106 0.8586106300354004 0.304629921913147 0.8657903075218201 0.2913559277852376 0.8783957362174988 0.28841322660446167 0.8875116109848022 0.28865238030751544 0.8925943374633789 0.2825208107630412 0.9005463123321533 0.2808408538500468 0.9091431498527527 0.2852633794148763 0.9130335450172424 0.2950895428657532 0.9024524688720703 0.3129354914029439 0.8923150300979614 0.3259221315383911 0.8881473541259766 0.3271341522534688 0.8796522617340088 0.3185441493988037 0.8777271509170532 0.30913827816645306 0.8671386241912842 0.3083902994791667 0.862429141998291 0.322759747505188 0.8628756403923035 0.3510132630666097 0.8551384210586548 0.3595899740854899 0.8435237407684326 0.3527403672536214 0.8367099165916443 0.3418338696161906 0.8296365737915039 0.31992775201797485 0.8285265564918518 0.30972856283187866
0 0.7764588594436646 0.35238130887349445 0.7840518355369568 0.34481294949849445 0.796053409576416 0.3540875514348348 0.8052122592926025 0.3608744144439697 0.7968106269836426 0.3691698710123698 0.789972186088562 0.37359289328257245 0.782543420791626 0.3669206698735555 0.7783806324005127 0.3589884042739868
0 0.7874393463134766 0.34014737606048584 0.7894255518913269 0.33008134365081787 0.7929682731628418 0.318641463915507 0.7961885929107666 0.31247299909591675 0.8041281700134277 0.31043046712875366 0.8177112340927124 0.3133354187011719 0.8250667452812195 0.3184189995129903 0.8289088606834412 0.33156804243723553 0.833586573600769 0.33817283312479657 0.821503758430481 0.34806474049886066 0.8124439716339111 0.3561074336369832 0.8083638548851013 0.3580748637517293 0.797358512878418 0.3520992596944173 0.7929368019104004 0.34606631596883136
0 0.8301661014556885 0.32466214895248413 0.8334101438522339 0.318479319413503 0.8410332202911377 0.31338385740915936 0.8490020632743835 0.3162467082341512 0.8509106636047363 0.3228173851966858 0.8435553312301636 0.32850873470306396 0.8376494646072388 0.3337436119715373 0.8340677618980408 0.3319580356280009
0 0.9240857362747192 0.24633840719858804 0.9331502914428711 0.25479694207509357 0.9447599053382874 0.26500141620635986 0.9455894231796265 0.2507810393969218 0.9434952735900879 0.231576939423879 0.9376438856124878 0.23025912046432495 0.930000364780426 0.230535089969635
0 0.9250333905220032 0.2818982005119324 0.9350910782814026 0.2868209679921468 0.9345797896385193 0.2772653301556905 0.9310389757156372 0.2708427707354228 0.9242182970046997 0.26963796218236286 0.9212757349014282 0.2734396457672119
0 0.8656883835792542 0.3313218355178833 0.8657276630401611 0.3223489125569661 0.8756213188171387 0.3211153944333394 0.8849908709526062 0.3337383270263672 0.8967854976654053 0.3474423090616862 0.9103881120681763 0.350558082262675 0.9257211089134216 0.3417169253031413 0.932052493095398 0.3485034704208374 0.9319214820861816 0.3574916919072469 0.9266884326934814 0.3733501434326172 0.919369101524353 0.38741596539815265 0.9137845039367676 0.3998885154724121 0.9131914973258972 0.415878693262736 0.9124879837036133 0.42496760686238605 0.8980727195739746 0.4282199939092 0.8883039355278015 0.41839738686879474 0.8809040784835815 0.40895533561706543 0.8748555183410645 0.3827128012975057 0.874805212020874 0.3716443379720052 0.870048463344574 0.35633520285288495 0.8670458793640137 0.344962477684021
0 0.9231017827987671 0.39800016085306805 0.927866518497467 0.38701876004536945 0.9349021911621094 0.3805903196334839 0.9391736388206482 0.36968469619750977 0.9371641874313354 0.3630368709564209 0.9375906586647034 0.35194047292073566 0.9432579278945923 0.3463916778564453 0.9496431350708008 0.3435109853744507 0.9554346799850464 0.35029133160909015 0.9572334289550781 0.3756587505340576 0.9573708772659302 0.3942819833755493 0.9533514976501465 0.40308860937754315 0.9468702673912048 0.4108354647954305 0.9351575374603271 0.41234950224558514 0.9274972677230835 0.41126465797424316 0.9221230149269104 0.4091912508010864
0 0.8266913890838623 0.23505290349324545 0.8283865451812744 0.2178611159324646 0.8957887291908264 0.44168007373809814 0.907656729221344 0.43597952524820965 0.9218119382858276 0.4355232318242391 0.8641051650047302 0.18979310989379883 0.8678455352783203 0.21124690771102905 0.8600203394889832 0.23794225851694742 0.8692836761474609 0.2561954657236735 0.8716005682945251 0.26818352937698364 0.861106276512146 0.2766260902086894 0.8548232316970825 0.2739139199256897 0.8454458117485046 0.2623543341954549 0.8352347612380981 0.2457245190938314
0 0.7979487180709839 0.37279359499613446 0.8071917295455933 0.3663957118988037 0.8193112015724182 0.3556296030680339 0.8304225206375122 0.34667519728342694 0.8357690572738647 0.34374717871348065 0.8444526195526123 0.341488242149353 0.8514038324356079 0.34076329072316486 0.8531805872917175 0.35277732213338214 0.8594048023223877 0.36263851324717206 0.8614010810852051 0.37532711029052734 0.8516942858695984 0.3848492701848348 0.8405904173851013 0.3829638163248698 0.824424147605896 0.3792226314544678 0.8124279975891113 0.3780953089396159
0 0.8078330755233765 0.41300320625305176 0.8041723966598511 0.3963314692179362 0.8147317171096802 0.3887484073638916 0.8213772177696228 0.38736939430236816 0.8301509618759155 0.39495575428009033 0.8403877019882202 0.41293732325236004 0.8459872603416443 0.42595966657002765 0.8345437049865723 0.43162866433461505 0.8187017440795898 0.4213985602060954
0 0.8520883321762085 0.44028298060099286 0.8513504266738892 0.4229956070582072 0.8564057350158691 0.40951597690582275 0.8640412092208862 0.4090353647867839 0.8752751350402832 0.41972510019938153 0.8785650134086609 0.4302479823430379 0.8667394518852234 0.4407232602437337 0.8586827516555786 0.44875375429789227
0 0.8570728302001953 0.3466072877248128 0.8700945377349854 0.34591905275980633 0.8776085376739502 0.3410653273264567 0.8832541108131409 0.3441956837972005 0.8966649174690247 0.3620881239573161 0.8991529941558838 0.3814910252888997 0.8982865810394287 0.39753425121307373 0.8913277983665466 0.4135674635569255 0.8856073617935181 0.42132341861724854 0.877374529838562 0.4133783181508382 0.8733510971069336 0.3998752435048421 0.8685612082481384 0.3861155112584432 0.8664556741714478 0.37445231278737384 0.8646082878112793 0.3607335090637207
0 0.8827616572380066 0.44440746307373047 0.8828035593032837 0.434544841448466 0.8848080635070801 0.42650826772054035 0.8947077989578247 0.41863584518432617 0.9013369679450989 0.40738968054453534 0.906441330909729 0.3885122934977214 0.909426748752594 0.37598252296447754 0.9157834649085999 0.373945951461792 0.9285358786582947 0.3824061155319214 0.9387043714523315 0.3877485990524292 0.9540647268295288 0.39116867383321124 0.9595615863800049 0.39971689383188885 0.9591622352600098 0.40721182028452557 0.9443284273147583 0.41763989130655926 0.9332764744758606 0.43274958928426105 0.9289348125457764 0.44814836978912354 0.9216024875640869 0.46083009243011475 0.914825975894928 0.46768879890441895 0.8999228477478027 0.46663109461466473 0.8934183716773987 0.4625992774963379 0.88544100522995 0.45362921555836994
0 0.9189149141311646 0.7058831850687662 0.9182125926017761 0.6767896811167399 0.917568564414978 0.6578240394592285 0.925315260887146 0.6494997342427572 0.9364496469497681 0.6580796639124552 0.9405934810638428 0.6748900413513184 0.9496924877166748 0.6748642921447754 0.9594830274581909 0.6639734109242758 0.9521994590759277 0.6531711022059122 0.9514263272285461 0.6418968836466471 0.9513565301895142 0.6230532725652059 0.9551776051521301 0.6111169258753458 0.9627233743667603 0.6071929931640625 0.9719676971435547 0.619978666305542 0.9743903279304504 0.6308369239171346 0.9817847013473511 0.6451312303543091 0.9905027151107788 0.648832639058431 0.9861835241317749 0.6610340277353922 0.9649698734283447 0.6798110802968343 0.9509639739990234 0.6907509167989095 0.9387378692626953 0.7002123991648356 0.9306588172912598 0.7078603903452555
0 0.9439153671264648 0.6397373676300049 0.9326260089874268 0.6356619993845621 0.9297749996185303 0.6252256631851196 0.9306915998458862 0.616679867108663 0.9408712387084961 0.6225858529408773 0.9457045793533325 0.6287702322006226
0 0.9603592157363892 0.5797140598297119 0.9525858759880066 0.5707948207855225 0.9514720439910889 0.560428261756897 0.9551793336868286 0.5440957148869833 0.9619804620742798 0.535538117090861 0.9708901643753052 0.5277607838312784 0.9868510961532593 0.5269651412963867 1.0 0.5385723908742269 1.0 0.5578145186106364 1.0 0.5702097415924072 1.0 0.5841705799102783 1.0 0.5927207469940186 1.0 0.5960139433542887 0.9927213191986084 0.5881534020105997 0.983603835105896 0.580413023630778 0.9701836705207825 0.5816240708033243
0 0.9849185943603516 0.6407357454299927 0.978826105594635 0.6313340663909912 0.9759491682052612 0.6208667755126953 0.9806219339370728 0.614240566889445 0.9874017238616943 0.6083816687266032 0.9982696771621704 0.6067828337351481 1.0 0.6129665374755859 1.0 0.6197938521703085 1.0 0.6215850909550985 1.0 0.6282864411671957 1.0 0.6372509002685547 1.0 0.6469789346059164 0.9989226460456848 0.6502177317937216 0.9945938587188721 0.6453390916188558
0 0.9180659055709839 0.42604021231333417 0.924166202545166 0.41765133539835614 0.9320613145828247 0.41890867551167804 0.9379620552062988 0.42801674207051593 0.9441326856613159 0.4340486129124959 0.9574506282806396 0.43155503273010254 0.9616102576255798 0.4386015733083089 0.892909049987793 0.17093499501546225 0.8974244594573975 0.18143794933954874 0.9040802717208862 0.21176868677139282 0.9051513671875 0.2307318647702535 0.9080688953399658 0.24987483024597168 0.9094712734222412 0.2567792733510335 0.901231050491333 0.26134192943573 0.8923603296279907 0.273704727490743 0.8917776346206665 0.28689422210057575 0.8780412673950195 0.28092479705810547 0.8750461935997009 0.2745090325673421 0.8760149478912354 0.26096485058466595 0.8687442541122437 0.245624045530955 0.8637377023696899 0.2364372213681539 0.8684984445571899 0.2258992592493693 0.8729467988014221 0.21473491191864014 0.8705328702926636 0.1933096448580424 0.9317760467529297 0.4424951871236165 0.9236726760864258 0.43139251073201496
0 0.9006240367889404 0.303496778011322 0.8965836763381958 0.28807459274927777 0.8959081768989563 0.27871644496917725 0.9031189680099487 0.2732481161753337 0.9140589237213135 0.27714576323827106 0.9212479591369629 0.2861548662185669 0.9250881671905518 0.29721025625864667 0.9299180507659912 0.3091832598050435 0.9389081001281738 0.32106248537699383 0.9412204027175903 0.3262224793434143 0.9367391467094421 0.3283880949020386 0.9255990982055664 0.31841907898585003 0.9168650507926941 0.30448665221532184 0.9078733325004578 0.30340929826100665
0 0.9156689643859863 0.369552214940389 0.9173375368118286 0.3527760903040568 0.9224292635917664 0.33294884363810223 0.9326916933059692 0.33016979694366455 0.9404885768890381 0.3340737422307332 0.9491676092147827 0.32639118035634357 0.9608803987503052 0.3160262902577718 0.9670648574829102 0.3312406738599141 0.9740694761276245 0.3456990321477254 0.9778718948364258 0.35847675800323486 0.9747228622436523 0.3720083236694336 0.963104248046875 0.38138628005981445 0.9607352018356323 0.38705968856811523 0.9502651691436768 0.3837897777557373 0.9376351833343506 0.3797322114308675 0.9277366399765015 0.3750365972518921
0 0.9362378716468811 0.5256057182947794 0.9293695688247681 0.513175884882609 0.9245102405548096 0.49983306725819904 0.9280098676681519 0.47910459836324054 0.9280049800872803 0.46317144234975177 0.9333133697509766 0.45139439900716144 0.9394187331199646 0.4415671428044637 0.942903995513916 0.4527061382929484 0.9424965381622314 0.46901631355285645 0.9449581503868103 0.4836463928222656 0.9404616951942444 0.4946499268213908 0.9410853385925293 0.5020302931467692 0.9451560974121094 0.5090200106302897 0.9461890459060669 0.5204128821690878 0.9429740905761719 0.5258557001749674
0 0.942986786365509 0.4357510010401408 0.9466012120246887 0.4272197484970093 0.953222393989563 0.4187008539835612 0.9624155759811401 0.41058266162872314 0.9659994840621948 0.4020642836888631 0.9729931354522705 0.39588626225789386 0.9806991815567017 0.3899717330932617 0.9868990778923035 0.38895972569783527 0.992148220539093 0.3941401243209839 0.9967726469039917 0.41055019696553546 0.9885093569755554 0.4222826560338338 0.9800103902816772 0.4306621551513672 0.9768224954605103 0.4387982686360677 0.9791889190673828 0.4544433355331421 0.9764094948768616 0.46219642957051593 0.9682762622833252 0.46580827236175537 0.9621753692626953 0.4685184558232625 0.9508742690086365 0.4775662422180176 0.949176549911499 0.46048152446746826 0.9467564821243286 0.4475359121958415
0 0.9472006559371948 0.5037111043930054 0.9464821815490723 0.4902486006418864 0.9624107480049133 0.48067816098531085 0.9704340696334839 0.4709831078847249 0.9809457659721375 0.46439898014068604 0.987000584602356 0.4687991142272949 0.9886358976364136 0.4770714044570923 0.984248161315918 0.5073164701461792 0.9806761741638184 0.5192136367162069 0.9710913896560669 0.5223272244135538 0.962475061416626 0.5263481537501017
0 0.9960222244262695 0.5154518683751425 0.990984320640564 0.5075715780258179 0.9925732016563416 0.48947874704996747 0.995063066482544 0.46790115038553876 0.995989203453064 0.4600207408269246 1.0 0.4476342598597209 1.0 0.43976787726084393 1.0 0.4578521251678467 1.0 0.4720543622970581 1.0 0.48625210920969647 1.0 0.49890772501627606 1.0 0.5074301560719808 1.0 0.523318370183309 1.0 0.5233303705851237
0 0.983656644821167 0.5942742824554443 0.986490786075592 0.5892113447189331 1.0 0.600271741549174 1.0 0.5978897412618002 1.0 0.601243257522583 1.0 0.6113465627034506 1.0 0.6174410184224447 1.0 0.6077836751937866 0.9964855909347534 0.6022568146387736 0.9894254207611084 0.5996935367584229
0 1.0 0.6221822500228882 1.0 0.6136516729990641 1.0 0.6074366172154745 1.0 0.6072922945022583 1.0 0.6115356286366781 1.0 0.6171143054962158
0 1.0 0.5973170598347982 1.0 0.5836062431335449 1.0 0.5775312185287476 1.0 0.5665574073791504 1.0 0.5574073791503906 1.0 0.540364940961202 1.0 0.524733821551005 1.0 0.504587451616923 1.0 0.484447717666626 1.0 0.47412268320719403 1.0 0.4752148787180583 1.0 0.5413423379262289 1.0 0.5574646790822347 1.0 0.5654606421788534 1.0 0.578388532002767 1.0 0.585874875386556 1.0 0.587530255317688 1.0 0.6021782557169596 1.0 0.6085416078567505 1.0 0.6063689390818278
1 0.0009765625 0.3125714659690857 0.0009765625 0.31688040494918823 0.0009765625 0.3268556197484334 0.0009765625 0.3368181387583415 0.0009765625 0.34274856249491376 0.0009765625 0.3517187833786011 0.0009765625 0.3557314872741699 0.0009765625 0.3358842134475708 0.0009765625 0.31676308314005536
1 0.0009765625 0.3214326898256938 0.003050476312637329 0.32006017367045086 0.008964180946350098 0.3250645597775777 0.008231580257415771 0.33240779240926105 0.0009765625 0.33924078941345215 0.0009765625 0.34277526537577313 0.0009765625 0.32902419567108154
1 0.010929912328720093 0.31559862693150836 0.015371739864349365 0.3018868962923686 0.02283298969268799 0.28369706869125366 0.030300498008728027 0.28254397710164386 0.028450846672058105 0.30431246757507324 0.032920002937316895 0.3216239809989929 0.027944236993789673 0.3325043320655823 0.01766383647918701 0.3303215106328328 0.0136127769947052 0.32366583744684857
1 0.0009765625 0.2237359086672465 0.0009765625 0.2353253960609436 0.0009765625 0.23605507612228394 0.0009765625 0.22735226154327393 0.011176079511642456 0.20969653129577637 0.0009765625 0.21577958265940347
1 0.0009765625 0.2652600606282552 0.0009765625 0.24994808435440063 0.0009765625 0.2424300710360209 0.009380817413330078 0.2328206499417623 0.020053505897521973 0.2486895521481832 0.02201080322265625 0.26784608761469525 0.02060219645500183 0.2777738769849141 0.011203229427337646 0.29453128576278687 0.006192266941070557 0.30539514621098834 0.0009765625 0.31340934832890827 0.0009765625 0.31238921483357746 0.0009765625 0.30573274691899616 0.0009765625 0.2896604736646016 0.0009765625 0.27546056111653644
1 0.01741856336593628 0.20759952068328857 0.009702712297439575 0.22266862789789835 0.016226381063461304 0.22812257210413614 0.021734386682510376 0.23404624064763388 0.026159167289733887 0.24894736210505167 0.02861320972442627 0.2678710420926412 0.03160834312438965 0.27497802178064984 0.03312385082244873 0.27427401145299274 0.037162452936172485 0.25773223241170246 0.04374295473098755 0.2246783177057902 0.057000935077667236 0.19723250468571982 0.06134331226348877 0.18771193424860635 0.04779776930809021 0.19529076417287192 0.032598257064819336 0.20295403401056925
1 0.08000993728637695 0.2021158536275228 0.08716827630996704 0.20498943328857422 0.09036380052566528 0.22253290812174478 0.09177002310752869 0.24253455797831217 0.08872133493423462 0.25315095980962116 0.07854700088500977 0.2609281341234843 0.06887412071228027 0.26232240597407025 0.06594038009643555 0.26136837402979535 0.06753870844841003 0.24907618761062622 0.07170191407203674 0.22337249914805093
1 0.17212823033332825 0.2072353959083557 0.18351846933364868 0.19842986265818277 0.1973506510257721 0.19388135274251303 0.20900964736938477 0.19631361961364746 0.22220009565353394 0.20108930269877115 0.23026278614997864 0.20210514465967813 0.22040840983390808 0.2205947438875834 0.21694785356521606 0.2334072987238566 0.21956515312194824 0.24886391560236612 0.2227250337600708 0.2542644540468852 0.21504274010658264 0.2584667404492696 0.21128898859024048 0.2593940695126851 0.20412757992744446 0.2535058259963989 0.1935601532459259 0.25369493166605633 0.18582773208618164 0.2571493983268738 0.17975682020187378 0.24168088038762411 0.17700567841529846 0.23230236768722534 0.17295250296592712 0.2250241239865621
2 0.19608283042907715 0.24573918183644614 0.19783034920692444 0.23965140183766684 0.2028706669807434 0.2396694819132487 0.201756089925766 0.24622873465220133
1 0.09726482629776001 0.2453829844792684 0.11759728193283081 0.2292999823888143 0.12820297479629517 0.22687745094299316 0.13025444746017456 0.23502373695373535 0.12654036283493042 0.2450411319732666 0.1150280237197876 0.25487516323725384 0.10736608505249023 0.2583961288134257 0.10059890151023865 0.2576707402865092
1 0.13683879375457764 0.2252092162768046 0.13536861538887024 0.23880396286646524 0.1362602412700653 0.24674765268961588 0.1431637406349182 0.25124605496724445 0.14507809281349182 0.2557099262873332 0.14968770742416382 0.25060097376505536 0.15761324763298035 0.24860342343648276 0.15898382663726807 0.2342892289161682 0.1624109447002411 0.22216119368871054 0.16835057735443115 0.22102224826812744 0.1626894474029541 0.20765483379364014 0.16035956144332886 0.19735405842463175 0.15015825629234314 0.20945948362350464
1 0.05819013714790344 0.3471156358718872 0.07746052742004395 0.3365142345428467 0.09098255634307861 0.32707013686498004 0.0969841480255127 0.32115715742111206 0.09816867113113403 0.28654255469640094 0.09871408343315125 0.2685461640357971 0.09346166253089905 0.2609638174374898 0.0888679027557373 0.260006844997406 0.07325500249862671 0.2710893750190735 0.06388852000236511 0.27698073784510296 0.06238797307014465 0.2923661271731059 0.05786636471748352 0.306088924407959 0.05388951301574707 0.3195811112721761 0.05262613296508789 0.32716206709543866 0.05628290772438049 0.34022390842437744
1 0.05247455835342407 0.3732224702835083 0.0564613938331604 0.3549434343973796 0.06919044256210327 0.3474006652832031 0.08819812536239624 0.3353675603866577 0.099355548620224 0.3278088967005412 0.111258864402771 0.3268938461939494 0.11903640627861023 0.3302384416262309 0.12644550204277039 0.3345324198404948 0.1255205273628235 0.341184139251709 0.11310639977455139 0.3563615878423055 0.10755807161331177 0.3699016571044922 0.10855048894882202 0.38586143652598065 0.09721171855926514 0.3865264256795247 0.08267837762832642 0.3902696371078491 0.06834012269973755 0.38686402638753253
1 0.10067632794380188 0.31167831023534137 0.1022481918334961 0.287736177444458 0.102548748254776 0.2713940540949504 0.10967415571212769 0.2650201916694641 0.12806782126426697 0.25350791215896606 0.13663583993911743 0.25495825211207074 0.1416149139404297 0.26415719588597614 0.13688483834266663 0.277845561504364 0.1343868374824524 0.29750951131184894 0.13551747798919678 0.3155483404795329 0.1362391710281372 0.32528752088546753 0.12967011332511902 0.3283628225326538 0.11424827575683594 0.32239119211832684
1 0.17899659276008606 0.33008166154225665 0.17269453406333923 0.31676514943440753 0.1767570972442627 0.308688759803772 0.18455010652542114 0.29967965682347614 0.1871199607849121 0.2923538088798523 0.1946745216846466 0.2911989490191142 0.20567947626113892 0.2938358783721924 0.21192914247512817 0.3039754827817281 0.2167806327342987 0.3094135522842407 0.2145824134349823 0.31888286272684735 0.212529718875885 0.32910388708114624 0.20870289206504822 0.33244166771570843 0.2023138403892517 0.3276890118916829 0.19288334250450134 0.33055317401885986 0.18486365675926208 0.33198457956314087
1 0.0009765625 0.39927788575490314 0.0009765625 0.38980694611867267 0.007103681564331055 0.39151982466379803 0.01478460431098938 0.39965518315633136 0.02163061499595642 0.4011245568593343 0.023920446634292603 0.41733336448669434 0.020889759063720703 0.4313756624857585 0.009211838245391846 0.43534735838572186 0.0009765625 0.43575910727183026 0.0009765625 0.4321557680765788 0.0009765625 0.41546380519866943
1 0.041217803955078125 0.48022739092508954 0.05414777994155884 0.5066399574279785 0.06622380018234253 0.5263732671737671 0.07146582007408142 0.5326483647028605 0.06545662879943848 0.5443041324615479 0.058616846799850464 0.5499661366144816 0.04724428057670593 0.5617833534876505 0.04290348291397095 0.5710447629292806 0.04316997528076172 0.5813100337982178 0.047361940145492554 0.5897104740142822 0.04164513945579529 0.5908324718475342 0.03337359428405762 0.5835776329040527 0.027328193187713623 0.5672843853632609 0.02528923749923706 0.5562828381856283 0.032228708267211914 0.5322383244832357 0.03157028555870056 0.5174190203348795 0.034381985664367676 0.5033476750055949 0.038517892360687256 0.4926307996114095
1 0.043899714946746826 0.47260260581970215 0.047348469495773315 0.47095759709676105 0.05863618850708008 0.49017806847890216 0.06904378533363342 0.5003192822138468 0.07737606763839722 0.5011135737101237 0.08963873982429504 0.500028928120931 0.09124219417572021 0.5096256732940674 0.0871451199054718 0.5227582454681396 0.07831907272338867 0.524583101272583 0.07276073098182678 0.5240473747253418 0.06230801343917847 0.5115013917287191 0.05110114812850952 0.4929815928141276
1 0.09090474247932434 0.522557258605957 0.09663170576095581 0.511834184328715 0.10757756233215332 0.5169758399327596 0.11771237850189209 0.51611856619517 0.12573257088661194 0.5082800388336182 0.13589224219322205 0.500213623046875 0.1371641457080841 0.5155955155690511 0.13899272680282593 0.5331433216730753 0.13659527897834778 0.5439162254333496 0.13290640711784363 0.5537058512369791 0.12527915835380554 0.560562531153361 0.11342248320579529 0.5517928997675577 0.10470724105834961 0.54474409421285 0.0971432626247406 0.5355574289957682
1 0.13967552781105042 0.4952041705449422 0.1493881344795227 0.4849568208058675 0.15906062722206116 0.4667673508326213 0.15423521399497986 0.4412918488184611 0.15795090794563293 0.4355568488438924 0.1684577763080597 0.42026690642038983 0.17927086353302002 0.4143187204996745 0.19161561131477356 0.4186728795369466 0.20261001586914062 0.42446569601694745 0.21275576949119568 0.4314651091893514 0.22068315744400024 0.43557965755462646 0.22596284747123718 0.4481257200241089 0.23302891850471497 0.46385014057159424 0.2335006594657898 0.4764275550842285 0.23186492919921875 0.49408288796742755 0.2311573028564453 0.5081172386805216 0.2197120189666748 0.5128362973531088 0.203529953956604 0.5158042510350546 0.19960644841194153 0.5152797698974609 0.19797703623771667 0.5080250104268392 0.18801432847976685 0.5047924518585205 0.1705189049243927 0.5236395597457886 0.1590869426727295 0.528323252995809 0.1464965045452118 0.5279436111450195 0.1432265341281891 0.5279076894124349 0.14141419529914856 0.5151581366856893
1 0.20138019323349 0.4100695848464966 0.20680952072143555 0.3902045488357544 0.2080964744091034 0.37394873301188153 0.21097832918167114 0.35699462890625 0.20733314752578735 0.34316424528757733 0.21229225397109985 0.3400592803955078 0.2223109006881714 0.35865318775177 0.23223793506622314 0.3765678405761719 0.23906946182250977 0.3866159915924072 0.228098064661026 0.4067564010620117 0.2196454405784607 0.41946732997894287 0.212514728307724 0.4220927953720093 0.2065202295780182 0.4194360574086507
1 0.21534979343414307 0.3386247555414836 0.22006776928901672 0.33409074942270917 0.2375757098197937 0.35145660241444904 0.24678480625152588 0.3626610040664673 0.25357598066329956 0.37269190947214764 0.2449989914894104 0.3830138047536214 0.23599782586097717 0.37010276317596436 0.2291923463344574 0.3600749969482422 0.2238042950630188 0.3517269690831502
1 0.24863094091415405 0.3906787633895874 0.2537423372268677 0.37963950634002686 0.2652968168258667 0.3702527681986491 0.27053025364875793 0.36855220794677734 0.2789686918258667 0.38170138994852704 0.28307047486305237 0.3891294797261556 0.2798176407814026 0.3985246817270915 0.2751946449279785 0.40624181429545086 0.26402485370635986 0.4053034782409668 0.2563452124595642 0.39954741795857746
1 0.2843852937221527 0.4112752676010132 0.2875751852989197 0.3987325032552083 0.289589524269104 0.3946293195088704 0.299782395362854 0.3928823073705037 0.3117847442626953 0.3980983893076579 0.3200860917568207 0.4011673132578532 0.3185846507549286 0.4144868055979411 0.31574392318725586 0.4348817666371663 0.30861717462539673 0.45193322499593097 0.2947778105735779 0.4482858180999756 0.28809475898742676 0.4308319886525472
1 0.2960198223590851 0.45728524525960285 0.3053535521030426 0.4575388431549072 0.31582117080688477 0.45241490999857586 0.3199723958969116 0.4455775022506714 0.33009272813796997 0.4526311159133911 0.3350839614868164 0.4558005730311076 0.32568538188934326 0.4636572202046712 0.31341642141342163 0.4704987208048503 0.30400627851486206 0.47511474291483563 0.2997857928276062 0.47314337889353436 0.29516199231147766 0.4665401379267375
1 0.2671849727630615 0.4577028751373291 0.2747514843940735 0.4492367108662923 0.2852930724620819 0.447310209274292 0.2895700931549072 0.44682713349660236 0.2923045754432678 0.4550905227661133 0.2918410301208496 0.46092891693115234 0.28866344690322876 0.4640849828720093 0.28312423825263977 0.4716107447942098 0.2757831811904907 0.47036127249399823
1 0.3221473693847656 0.4397217432657878 0.3215829133987427 0.42489298184712726 0.32480981945991516 0.4059605598449707 0.34133851528167725 0.40190943082173664 0.3471078872680664 0.40304768085479736 0.3520444631576538 0.41243569056193036 0.3548120856285095 0.42848559220631915 0.3540976047515869 0.4399956464767456 0.350401908159256 0.44983987013498944 0.34579771757125854 0.45453325907389325 0.338024765253067 0.45113396644592285 0.3288304805755615 0.4460356632868449
1 0.3865349292755127 0.35581783453623456 0.38632041215896606 0.33952776590983075 0.393543004989624 0.32619128624598187 0.4011705815792084 0.31508171558380127 0.4125262200832367 0.3049064675966899 0.416143000125885 0.31294379631678265 0.4114743769168854 0.32852206627527875 0.40983858704566956 0.34085861841837567 0.41149771213531494 0.3556077877680461 0.40650197863578796 0.3651046355565389 0.4038459062576294 0.3744557698567708 0.4049089252948761 0.3814898729324341 0.39971229434013367 0.3815460205078125 0.39410069584846497 0.3712414503097534
1 0.41617336869239807 0.24974546829859415 0.43017545342445374 0.24858901898066202 0.44289886951446533 0.24662452936172485 0.4528334438800812 0.24921890099843344 0.4636988341808319 0.26081440846125287 0.4648248553276062 0.26754037539164227 0.4500296711921692 0.27555084228515625 0.4382238984107971 0.28362443049748737 0.43648451566696167 0.2913296620051066 0.4208529591560364 0.29392369588216144 0.4161829650402069 0.2905815045038859 0.41973400115966797 0.2756803234418233 0.41857996582984924 0.26106059551239014
1 0.25840330123901367 0.14968339602152506 0.26219600439071655 0.14155101776123047 0.2746347188949585 0.137321670850118 0.2865467667579651 0.12608714898427328 0.2987824082374573 0.12717803319295248 0.3088812828063965 0.1291257937749227 0.3145422637462616 0.1320513884226481 0.3098876476287842 0.13888967037200928 0.3049130439758301 0.14370052019755045 0.30536970496177673 0.15006482601165771 0.2973014712333679 0.16049563884735107 0.29538843035697937 0.1663609743118286 0.29265156388282776 0.17769070466359457 0.28936928510665894 0.18560942014058432 0.285932719707489 0.19950606425603232 0.2826493978500366 0.2038038969039917 0.27759355306625366 0.2007258137067159 0.2761209011077881 0.19174476464589438 0.27678561210632324 0.1819013555844625 0.2736860513687134 0.16993111371994019 0.26726722717285156 0.15857823689778647
1 0.2092711329460144 0.2891863187154134 0.21256113052368164 0.2762744625409444 0.2125076949596405 0.266435444355011 0.22044262290000916 0.2605929772059123 0.22708949446678162 0.2568556269009908 0.22780948877334595 0.27094006538391113 0.22572442889213562 0.2878224849700928 0.2198847532272339 0.2958171566327413 0.21373555064201355 0.29857399066289264
1 0.23368549346923828 0.2493802309036255 0.24596336483955383 0.23870903253555298 0.2574116289615631 0.23972723881403604 0.2702553868293762 0.2319697936375936 0.28081175684928894 0.2237917979558309 0.2874518632888794 0.2365739941596985 0.2843512296676636 0.24532157182693481 0.27521610260009766 0.26195935408274335 0.2652851939201355 0.2565397024154663 0.25728684663772583 0.2525293827056885 0.24667003750801086 0.24967159827550253
1 0.297515332698822 0.2702566782633464 0.31049299240112305 0.2558031876881917 0.3231712579727173 0.24241942167282104 0.33729153871536255 0.23743484417597452 0.3413291275501251 0.24826802810033163 0.34063172340393066 0.26544952392578125 0.3348681926727295 0.27595547835032147 0.33128252625465393 0.28562039136886597 0.3232083320617676 0.29204914967219037 0.31204837560653687 0.3036586443583171 0.30746638774871826 0.31021666526794434 0.3072039484977722 0.2982689142227173 0.3047248125076294 0.2865893840789795 0.29983311891555786 0.2774801055590312
1 0.3405289649963379 0.23248732089996338 0.3434349298477173 0.21821719408035278 0.3554254174232483 0.2135977546374003 0.3675842881202698 0.21335802475611368 0.3806599974632263 0.22222753365834555 0.3903517723083496 0.23164876302083334 0.39851120114326477 0.2423566778500875 0.38555416464805603 0.24926056464513144 0.37367188930511475 0.2552145719528198 0.36972302198410034 0.26329437891642254 0.36415785551071167 0.26841042439142865 0.35903939604759216 0.26167498032251996 0.35327550768852234 0.25812313954035443 0.3488302230834961 0.2591756582260132 0.3449143171310425 0.2526889443397522
1 0.41733765602111816 0.30167486270268756 0.4292323589324951 0.29811487595240277 0.4368690252304077 0.3011842966079712 0.44270142912864685 0.30775996049245197 0.433880090713501 0.308651606241862 0.42419618368148804 0.3114003936449687
1 0.07319343090057373 0.7352875073750814 0.07537427544593811 0.7230494022369385 0.07226264476776123 0.7052868207295736 0.07468190789222717 0.6937273343404134 0.08323109149932861 0.6929012934366862 0.0938117504119873 0.693525473276774 0.10092827677726746 0.7078187465667725 0.09620937705039978 0.7228658199310303 0.0864441990852356 0.7354666392008463 0.07902669906616211 0.7445561091105143
1 0.09063392877578735 0.7407072385152181 0.0976649820804596 0.7261892159779867 0.10285139083862305 0.7149332364400228 0.10601076483726501 0.7022181351979574 0.11565470695495605 0.6992840766906738 0.12354239821434021 0.6979813575744629 0.13443303108215332 0.7097221215566 0.1429326832294464 0.7185779412587484 0.14803388714790344 0.7250158786773682 0.14575877785682678 0.7405175367991129 0.1404348611831665 0.7510207494099935 0.13097697496414185 0.7586452960968018 0.1170738935470581 0.7603440284729004 0.10434138774871826 0.758299986521403 0.10002729296684265 0.7547175884246826 0.09512984752655029 0.7490077018737793
1 0.09647548198699951 0.6384999752044678 0.10320153832435608 0.6240697304407755 0.11141839623451233 0.6089233557383219 0.1184217631816864 0.5975590944290161 0.12131434679031372 0.6114500363667806 0.1285143494606018 0.6249125003814697 0.13778340816497803 0.6398228406906128 0.1409834623336792 0.6479629278182983 0.1412447988986969 0.6615149180094401 0.13241508603096008 0.6737202803293864 0.12705504894256592 0.6762474377950033 0.123328298330307 0.6683635711669922 0.11546313762664795 0.6592239936192831 0.10727429389953613 0.6550641854604086
1 0.14430177211761475 0.6375418106714884 0.15599453449249268 0.632005532582601 0.16476401686668396 0.6278520425160726 0.17478492856025696 0.6432649294535319 0.17218157649040222 0.6541655858357748 0.16455185413360596 0.6625951528549194 0.15607723593711853 0.6657835642496744 0.1490904986858368 0.6642492612202963 0.14611703157424927 0.6592152913411459 0.1451820731163025 0.6451732317606608
1 0.38228708505630493 0.17786635955174765 0.38792985677719116 0.17661925156911215 0.3922276794910431 0.18871049086252847 0.40062415599823 0.20438923438390097 0.41386473178863525 0.20632829268773398 0.430530309677124 0.2037623922030131 0.43576550483703613 0.22124119599660239 0.43842068314552307 0.23740907510121664 0.42784595489501953 0.24153522650400797 0.41074079275131226 0.24162032206853232 0.4008662700653076 0.23506176471710205 0.3946855068206787 0.22578555345535278 0.3856377601623535 0.21682405471801758 0.38446152210235596 0.1985874573389689
1 0.360490083694458 0.0760872761408488 0.3686484694480896 0.06906803448994954 0.38224101066589355 0.07382996877034505 0.39043378829956055 0.07401788234710693 0.39498019218444824 0.08745773633321126 0.39841917157173157 0.09415940443674724 0.3961988687515259 0.1055155595143636 0.4007461667060852 0.11540516217549641 0.4086318016052246 0.12777650356292725 0.41207990050315857 0.13093499342600504 0.3986283540725708 0.13100175062815347 0.3897535800933838 0.1339286963144938 0.3770274221897125 0.13823199272155762 0.3657744526863098 0.14070741335550943 0.35510432720184326 0.1394700606664022 0.3469834327697754 0.13951929410298666 0.35422539710998535 0.13045771916707358 0.36413007974624634 0.11267268657684326 0.3655639886856079 0.10361023743947347 0.36578458547592163 0.09425898392995198 0.364349365234375 0.08190985520680745
1 0.3959740400314331 0.06870472431182861 0.40528643131256104 0.054459571838378906 0.4163895845413208 0.04753498236338297 0.43052172660827637 0.0482781728108724 0.43454718589782715 0.058390418688456215 0.4390214681625366 0.06767153739929199 0.43356889486312866 0.0770198901494344 0.42823004722595215 0.09060215950012207 0.4234430193901062 0.10052168369293213 0.41932213306427 0.1074366569519043 0.4116407334804535 0.1034470001856486 0.4041924476623535 0.09374384085337321 0.399638831615448 0.0838452974955241
1 0.4289137125015259 0.11582684516906738 0.437849223613739 0.11669166882832845 0.45015430450439453 0.11664422353108723 0.4626990854740143 0.11452925205230713 0.4702470004558563 0.1279536485671997 0.4715004861354828 0.13535737991333008 0.456570565700531 0.13737301031748453 0.45242050290107727 0.13714357217152914 0.4428911805152893 0.12932312488555908 0.43271180987358093 0.12104312578837077
1 0.43702977895736694 0.20739078521728516 0.44030776619911194 0.19152885675430298 0.444807231426239 0.1795763373374939 0.45368677377700806 0.19389603535334268 0.46202629804611206 0.19431678454081217 0.4676804840564728 0.20681631565093994 0.4704030454158783 0.21591927607854208 0.47189053893089294 0.2352261741956075 0.4732602536678314 0.2503400842348735 0.4707561433315277 0.256675918896993 0.4641643166542053 0.25292036930720013 0.4523947536945343 0.24299154678980509 0.4430306553840637 0.24020967880884805 0.4421684443950653 0.2241980234781901
1 0.4797537326812744 0.25349098443984985 0.4894413352012634 0.2509392301241557 0.49579891562461853 0.24299861987431845 0.5015199184417725 0.224705437819163 0.5060598850250244 0.22361260652542114 0.5041991472244263 0.2367247740427653 0.5039620399475098 0.2557823260625203 0.5062753558158875 0.2791664997736613 0.5003057718276978 0.27917786439259845 0.49008095264434814 0.27539680401484173 0.4805651307106018 0.2652374903361003 0.4740581512451172 0.2656130790710449
1 0.5241132378578186 0.28580576181411743 0.5357310175895691 0.2912666400273641 0.5480570793151855 0.30109188954035443 0.5525044202804565 0.30961660544077557 0.5592761635780334 0.30851083993911743 0.5623531341552734 0.296538770198822 0.5595199465751648 0.28055580457051593 0.5463162660598755 0.26513514916102093 0.5409820079803467 0.2647365927696228 0.5295010805130005 0.2762180765469869
1 0.49942803382873535 0.2878334919611613 0.5044784545898438 0.2859225670496623 0.5112701654434204 0.287174920241038 0.5184234380722046 0.29053640365600586 0.5256601572036743 0.2911387085914612 0.5390428304672241 0.299866517384847 0.5462165474891663 0.30711668729782104 0.5451933145523071 0.3144260247548421 0.5417015552520752 0.3243008454640706 0.5448666214942932 0.33520623048146564 0.5492444038391113 0.3431297143300374 0.5489533543586731 0.35109678904215497 0.5424391031265259 0.3571123679478963 0.532075822353363 0.35875916481018066 0.5223166942596436 0.3611711661020915 0.5224005579948425 0.35193367799123126 0.5170109868049622 0.34236741065979004 0.5077639222145081 0.34149956703186035 0.5005214214324951 0.3452650308609009 0.4903101921081543 0.33583498001098633 0.48344719409942627 0.3242868383725484 0.486577570438385 0.3142991860707601 0.49372535943984985 0.30331122875213623
1 0.6139990091323853 0.3548652728398641 0.6207215785980225 0.3451161781946818 0.6248914003372192 0.3401496410369873 0.632209300994873 0.34154951572418213 0.6383146643638611 0.3423442840576172 0.6446114778518677 0.3408660093943278 0.6518583297729492 0.3347692092259725 0.6585700511932373 0.32873167594273883 0.6684811115264893 0.34186331431070965 0.6750101447105408 0.3547251621882121 0.6704381704330444 0.36893363793691 0.6663988828659058 0.3877420822779338 0.6595650911331177 0.39696645736694336 0.6477570533752441 0.4044535160064697 0.6355184316635132 0.41276121139526367 0.6296688318252563 0.42584602038065594 0.6288565993309021 0.41038012504577637 0.62614905834198 0.3937120834986369 0.6184223294258118 0.3807928164800008 0.615915060043335 0.3674357732137044
1 0.6713729500770569 0.3894788424173991 0.6778135299682617 0.3995041449864705 0.6822371482849121 0.387464960416158 0.692996621131897 0.3892848889033 0.6975066661834717 0.3872230052947998 0.6936007142066956 0.37619225184122723 0.6929294466972351 0.36177269617716473 0.698040246963501 0.3558513323465983 0.6925797462463379 0.35041240851084393 0.6830354332923889 0.35076407591501874 0.6794523596763611 0.3519371747970581 0.677118718624115 0.36283918221791583 0.6719987392425537 0.3771511713663737
1 0.3486747741699219 0.8218109607696533 0.353976309299469 0.8201048374176025 0.3613409101963043 0.82754913965861 0.3676133155822754 0.8401323159535726 0.36430585384368896 0.8525617122650146 0.3582099378108978 0.8655374844868978 0.3544231057167053 0.8549129168192545
1 0.08585727214813232 0.7829537391662598 0.10056570172309875 0.7976504961649576 0.10805675387382507 0.8005407651265463 0.12216389179229736 0.7955524126688639 0.12603741884231567 0.7897497018178304 0.13083302974700928 0.7659171422322592 0.1211174726486206 0.7648560206095377 0.10779443383216858 0.7646869023640951 0.10025292634963989 0.7634165287017822 0.09875679016113281 0.7777158419291178 0.09074154496192932 0.7806674639383951
1 0.08805683255195618 0.7907158533732096 0.09970587491989136 0.8004485766092936 0.10634231567382812 0.8061327934265137 0.10565122961997986 0.8152356147766113 0.09810519218444824 0.8179603417714437 0.09055536985397339 0.8144481976826986 0.08724889159202576 0.8014791011810303
1 0.11225605010986328 0.8073636690775553 0.12163659930229187 0.8013892968495687 0.1308591365814209 0.7986849943796793 0.13691329956054688 0.8022507031758627 0.14413410425186157 0.8172384897867838 0.15014654397964478 0.8279881477355957 0.14586567878723145 0.8323697249094645 0.12983545660972595 0.8254923025767008 0.1155875027179718 0.8225657939910889 0.11014959216117859 0.8211143016815186
1 0.12773719429969788 0.6952050526936849 0.13198596239089966 0.6803518931070963 0.13931897282600403 0.6728773911794027 0.14527395367622375 0.6684621175130209 0.1587701141834259 0.6717579364776611 0.16253221035003662 0.6836671829223633 0.15891894698143005 0.7006415526072184 0.15621253848075867 0.7147642771402994 0.15319150686264038 0.7177851994832357 0.14438921213150024 0.7138815720876058 0.1336592435836792 0.7028597195943197
1 0.16364386677742004 0.6694635550181071 0.17302685976028442 0.6594072977701823 0.1816076934337616 0.6545584996541342 0.1917073130607605 0.6594804128011068 0.19481155276298523 0.666891892751058 0.1983337104320526 0.6797495683034261 0.20423343777656555 0.6890734831492106 0.2041338086128235 0.7044152418772379 0.20354750752449036 0.725586732228597 0.20444253087043762 0.7420212427775065 0.20398101210594177 0.7574574947357178 0.20523303747177124 0.7672778765360514 0.20502260327339172 0.7721724510192871 0.19954931735992432 0.7763106822967529 0.18559110164642334 0.7819934686024984 0.17381396889686584 0.787467877070109 0.1671883463859558 0.7801615397135416 0.15817159414291382 0.768364667892456 0.15266671776771545 0.7589245637257894 0.14707490801811218 0.7471162478129069 0.15139779448509216 0.7330693403879801 0.15302318334579468 0.7250879605611166 0.16003993153572083 0.7185930411020914 0.1643001139163971 0.7061556975046793 0.16594034433364868 0.6941320896148682 0.16623380780220032 0.6851463317871094
1 0.2671889662742615 0.6863745053609213 0.26630160212516785 0.6795207659403483 0.27604272961616516 0.6709651947021484 0.2789817452430725 0.6696036656697592 0.28365254402160645 0.6836047172546387 0.28149014711380005 0.6950848897298177 0.2785062789916992 0.7093348503112793 0.27371686697006226 0.7083274523417155
1 0.30896127223968506 0.648446520169576 0.314790815114975 0.635993242263794 0.3275291323661804 0.630112886428833 0.33595341444015503 0.6131382783253988 0.34066349267959595 0.6043920516967773 0.35023874044418335 0.5991360743840536 0.35841143131256104 0.5986616611480713 0.36514991521835327 0.6046402057011923 0.365945965051651 0.609217087427775 0.35984301567077637 0.6243000825246176 0.3515107035636902 0.6338096857070923 0.3402603268623352 0.6503281990687052 0.3363027274608612 0.659431258837382 0.3276049792766571 0.6585437456766764 0.3194922208786011 0.6557759046554565
1 0.3985847234725952 0.6109800736109415 0.3917180001735687 0.5925800005594889 0.38996028900146484 0.573356032371521 0.3880378305912018 0.5523685614267985 0.3888057470321655 0.5427005290985107 0.3970798850059509 0.5387393236160278 0.4100472927093506 0.5402629772822062 0.4251333475112915 0.5392359097798666 0.4354085922241211 0.5424160559972128 0.44640660285949707 0.5455295244852701 0.4544723927974701 0.5509777863820394 0.4561131000518799 0.5606449842453003 0.4528469145298004 0.5778326193491617 0.4479146897792816 0.5937705834706625 0.44447216391563416 0.6105531056722006 0.4415767788887024 0.6174031893412272 0.4343416690826416 0.6205329497655233 0.42409566044807434 0.624993085861206 0.41547664999961853 0.6271551450093588 0.40898630023002625 0.6251535813013712
1 0.4480246901512146 0.6249605417251587 0.45802465081214905 0.6253174146016439 0.46022528409957886 0.6149261395136515 0.46510159969329834 0.5986244678497314 0.4724206328392029 0.5852626164754232 0.47987523674964905 0.5750812689463297 0.47862085700035095 0.5612531503041586 0.4718570113182068 0.5496044556299845 0.46361735463142395 0.54212486743927 0.45875757932662964 0.5448875427246094 0.4617881774902344 0.5550280809402466 0.45909175276756287 0.5703649520874023 0.4554879069328308 0.5849441289901733 0.45181843638420105 0.5977960824966431 0.44943365454673767 0.6076351006825765 0.4470505714416504 0.6142487525939941
1 0.4522079527378082 0.6505801280339559 0.45853009819984436 0.6476786931355795 0.4684353768825531 0.6408066749572754 0.4613974690437317 0.6308360497156779 0.4534897804260254 0.631248672803243 0.4477057158946991 0.6322176059087118 0.44973745942115784 0.6391944487889608
1 0.5057119131088257 0.5907464027404785 0.5143795013427734 0.5913072029749552 0.5241275429725647 0.5946476856867472 0.5343746542930603 0.5903964042663574 0.5439783334732056 0.5845295985539755 0.5545164942741394 0.5758504072825114 0.5611054301261902 0.5697978337605795 0.569554328918457 0.5619472662607828 0.5748946070671082 0.5700587828954061 0.5821425318717957 0.5798916021982828 0.5792267918586731 0.5863975683848063 0.5674769878387451 0.599639892578125 0.5616658926010132 0.594446579615275 0.5560526847839355 0.5898969968159994 0.5482774376869202 0.6002529859542847 0.5427253246307373 0.6110254923502604 0.5395148992538452 0.6169801950454712 0.5320011973381042 0.618700901667277 0.5210987329483032 0.6222313642501831 0.5137013792991638 0.630982240041097 0.5095750689506531 0.6256977319717407 0.5093181133270264 0.6182802518208822 0.5124401450157166 0.6090123653411865 0.5114723443984985 0.5997283061345419
1 0.48113366961479187 0.03006430466969808 0.49976521730422974 0.02320750554402669 0.5127568244934082 0.018738071123758953 0.5207539200782776 0.020215868949890137 0.5243722796440125 0.027810335159301758 0.5185258984565735 0.04115915298461914 0.5137887001037598 0.05425612131754557 0.5084490776062012 0.060472329457600914 0.4978918433189392 0.053225040435791016 0.47977757453918457 0.05645179748535156 0.486126184463501 0.049175143241882324
1 0.5274450778961182 0.018641551335652668 0.5510705709457397 0.01468356450398763 0.5595291256904602 0.013536890347798666 0.5658360719680786 0.023475368817647297 0.5671697854995728 0.03802359104156494 0.5541180968284607 0.03588000933329264 0.5382400751113892 0.03094903628031413
1 0.5529393553733826 0.07282837231953938 0.5594275593757629 0.06014486153920492 0.5653499960899353 0.04759025573730469 0.5725749135017395 0.046079119046529136 0.5723653435707092 0.061676343282063804 0.5690584182739258 0.06589412689208984
1 0.5491654872894287 0.17180089155832926 0.5505083799362183 0.14607850710550943 0.5543015599250793 0.13115564982096353 0.5651969909667969 0.12397205829620361 0.5763854384422302 0.11536685625712077 0.5903809070587158 0.11336958408355713 0.597730815410614 0.11625238259633382 0.6040321588516235 0.1264843543370565 0.6092233061790466 0.1369636058807373 0.6087409257888794 0.1441861391067505 0.5979560613632202 0.15109264850616455 0.5809162855148315 0.15848716100056967 0.5650334358215332 0.1664950450261434
1 0.19270539283752441 1.0 0.1983138620853424 1.0 0.20949435234069824 1.0 0.2195121943950653 1.0 0.23047813773155212 1.0 0.24050840735435486 1.0 0.23692891001701355 1.0 0.2127847671508789 1.0 0.2032209038734436 1.0 0.19489172101020813 1.0
1 0.21601629257202148 1.0 0.23174291849136353 1.0 0.24633148312568665 1.0 0.255636066198349 1.0 0.2557719349861145 1.0 0.24530503153800964 1.0 0.23823466897010803 1.0 0.2231224775314331 1.0 0.21406102180480957 1.0 0.21136149764060974 1.0
1 0.19528767466545105 1.0 0.2022968828678131 1.0 0.2079848051071167 1.0 0.21760809421539307 1.0 0.2279728353023529 1.0 0.23379641771316528 1.0 0.2353469431400299 1.0 0.2282828986644745 1.0 0.21950307488441467 1.0 0.21067848801612854 1.0 0.2054872214794159 1.0 0.20224782824516296 1.0 0.19974827766418457 1.0 0.19871622323989868 1.0
1 0.27025821805000305 0.8945509592692057 0.2797698676586151 0.8814787864685059 0.2854596972465515 0.8725488980611166 0.2970535159111023 0.8827398618062338 0.31021708250045776 0.8921310901641846 0.31703895330429077 0.8982467651367188 0.3084840178489685 0.910851796468099 0.2998094856739044 0.9281824429829916 0.2950630187988281 0.938208262125651 0.2887425720691681 0.9419842561086019 0.286352276802063 0.9384500980377197 0.2829033136367798 0.9284055233001709 0.2767677307128906 0.9086859226226807
1 0.2636496424674988 0.8134572505950928 0.2690041661262512 0.8299362659454346 0.2798502743244171 0.8367125193277994 0.28797775506973267 0.8282086849212646 0.28966382145881653 0.8211267789204916 0.2861849367618561 0.8140716552734375 0.2760471701622009 0.81640625
1 0.17779314517974854 0.8540933132171631 0.17969274520874023 0.8365322748819987 0.18275856971740723 0.8263607819875082 0.1940740942955017 0.8338258266448975 0.20061418414115906 0.8403162956237793 0.20045414566993713 0.8578298091888428 0.19325768947601318 0.861967404683431 0.18466877937316895 0.8580360412597656
1 0.11464455723762512 0.8922175566355387 0.1261064112186432 0.8892567952473959 0.13560786843299866 0.8872100512186686 0.13361158967018127 0.9008223215738932 0.13144811987876892 0.9065831502278646 0.12553411722183228 0.9093397458394369 0.11975213885307312 0.9088666439056396
1 0.28536170721054077 0.7621658643086752 0.28766298294067383 0.7443701426188151 0.2854374051094055 0.7246017456054688 0.30368852615356445 0.7393969694773356 0.31751933693885803 0.7521344820658366 0.32418492436408997 0.7601612408955892 0.3200113773345947 0.7771022319793701 0.31897276639938354 0.7878351211547852 0.31356287002563477 0.7958564758300781 0.3027048110961914 0.7961572806040446 0.29845064878463745 0.790229082107544 0.29742106795310974 0.7835868199666342 0.29487836360931396 0.7704951763153076
1 0.3069711923599243 0.8020640214284261 0.31443050503730774 0.8001778920491537 0.3198099732398987 0.8023987611134847 0.325261652469635 0.8116375605265299 0.31960973143577576 0.8189765612284342 0.3138604760169983 0.8208725452423096 0.3072493076324463 0.8184554576873779
1 0.2504429221153259 0.584764321645101 0.2485383152961731 0.5661678314208984 0.25000321865081787 0.5565287272135416 0.2629436254501343 0.5560153325398763 0.27628859877586365 0.550423264503479 0.283295214176178 0.556855320930481 0.29555392265319824 0.5796282688776652 0.29619720578193665 0.5842335224151611 0.2871316075325012 0.5893449783325195 0.2831897437572479 0.5993720690409342 0.2803368866443634 0.6113156080245972 0.2794663906097412 0.6223102807998657 0.2765505909919739 0.6277438402175903 0.2689281105995178 0.623999834060669 0.25876927375793457 0.6043929656346639
1 0.2059830129146576 0.601036548614502 0.21499848365783691 0.5999908447265625 0.22522959113121033 0.5951302448908488 0.23387879133224487 0.5926411946614584 0.22811582684516907 0.6042957305908203 0.22338762879371643 0.6113971074422201 0.21832939982414246 0.6129823923110962 0.2136872112751007 0.61194376150767
1 0.1585017740726471 0.5832900206247965 0.16874590516090393 0.5784033934275309 0.17960065603256226 0.5804802974065145 0.18656179308891296 0.5844229857126871 0.1819624900817871 0.5922639767328898 0.1740880012512207 0.6000450849533081 0.17180490493774414 0.5930671691894531 0.16745328903198242 0.5886905193328857
1 0.16411623358726501 0.9914093017578125 0.1724465787410736 0.9835747083028158 0.18066257238388062 0.9718732833862305 0.1872226595878601 0.9883808294932047 0.1768263578414917 0.9917060534159342
1 0.2163410484790802 0.9213955402374268 0.22090426087379456 0.9090469678243002 0.2281130850315094 0.9135274887084961 0.23319384455680847 0.9236946105957031 0.23782330751419067 0.941089391708374 0.2369057536125183 0.9469941457112631 0.22858509421348572 0.9376090367635092
1 0.24302250146865845 1.0 0.2539140582084656 1.0 0.2619571089744568 1.0 0.26597023010253906 1.0 0.2559604048728943 0.9878754615783691 0.24670186638832092 0.9657892386118571 0.2411556839942932 0.9613904158274332 0.23727786540985107 0.9757045110066732 0.23517528176307678 0.9883924325307211 0.23585179448127747 0.9989765485127767 0.23398277163505554 1.0 0.23680543899536133 1.0
1 0.24234452843666077 0.9545851548512777 0.2443070411682129 0.9466313521067301 0.2559506297111511 0.9450403054555258 0.26880499720573425 0.945201555887858 0.2842107117176056 0.9441330432891846 0.28867870569229126 0.953675111134847 0.2938569188117981 0.9651908874511719 0.303030401468277 0.9677996635437012 0.30704227089881897 0.9674348831176758 0.31039583683013916 0.9836430549621582 0.3073520064353943 0.9951623280843099 0.2977181673049927 0.9997815291086832 0.2833169102668762 1.0 0.27183055877685547 1.0 0.26645687222480774 1.0 0.26135504245758057 0.989976723988851 0.25494763255119324 0.971235195795695 0.24929824471473694 0.9614424705505371
1 0.3601835370063782 0.8893756866455078 0.3654111623764038 0.8706293106079102 0.37063515186309814 0.8518787225087484 0.3771466016769409 0.8433543841044108 0.39219698309898376 0.8368703524271647 0.4078618288040161 0.8269220193227133 0.4124490022659302 0.8262142340342203 0.4210467040538788 0.8411941528320312 0.4173066020011902 0.8591343561808268 0.418217271566391 0.8747688134511312 0.42091140151023865 0.8902560869852701 0.42638030648231506 0.9065990447998047 0.41204631328582764 0.9191603660583496 0.4074411392211914 0.9199299812316895 0.39695805311203003 0.9113381703694662 0.3878321349620819 0.9012657801310221 0.3794838786125183 0.9130752086639404 0.37165090441703796 0.9130547841389974
1 0.414857417345047 0.821196715037028 0.42130112648010254 0.8072988192240397 0.42862623929977417 0.8006563186645508 0.4392632842063904 0.8076839447021484 0.4456595778465271 0.8197688261667887 0.4440406858921051 0.8335604667663574 0.43582552671432495 0.8445685704549154 0.4325094521045685 0.843935489654541 0.4244670569896698 0.8372096220652262
1 0.4387485980987549 0.9117245674133301 0.4322263300418854 0.9074433644612631 0.42604419589042664 0.8892079989115397 0.42302006483078003 0.866258462270101 0.42490220069885254 0.8515467643737793 0.4316025972366333 0.8497403462727865 0.4426221549510956 0.849537213643392 0.4552043378353119 0.8583285013834635 0.4638203978538513 0.8713289101918539 0.4692668616771698 0.8874449729919434 0.46985480189323425 0.8939650058746338 0.46084415912628174 0.8964418570200602 0.4484166204929352 0.9029269218444824
1 0.44533205032348633 0.8435856501261393 0.4478418529033661 0.835447629292806 0.45122966170310974 0.8230517705281576 0.4670507311820984 0.8270862102508545 0.47866466641426086 0.8346514701843262 0.48894742131233215 0.8435637156168619 0.49804070591926575 0.8575719992319742 0.5031823515892029 0.8744428952534994 0.49466627836227417 0.8851720492045084 0.48251107335090637 0.8894821802775065 0.47636404633522034 0.8897426923116049 0.4718356132507324 0.8777348200480143 0.4620724320411682 0.860084613164266 0.4561232924461365 0.8525274594624838
1 0.4987297058105469 0.7299334208170573 0.5054929852485657 0.722488005956014 0.5161828398704529 0.7233899434407552 0.5227834582328796 0.7287400563557943 0.5211389660835266 0.7463274002075195 0.5202802419662476 0.7642230987548828 0.5185301899909973 0.7780786355336508 0.5136882066726685 0.7838201522827148 0.5087099671363831 0.7858269214630127 0.5029628276824951 0.7791416645050049 0.49658843874931335 0.7757854461669922 0.4967246651649475 0.7711660067240397 0.5035784840583801 0.7674465974171957 0.5087627172470093 0.7593014240264893 0.5058304071426392 0.7450151443481445
1 0.5075293183326721 0.7160767714182535 0.5106412172317505 0.7090684572855631 0.5172983407974243 0.7061160405476888 0.5245628952980042 0.7080402374267578 0.5324043035507202 0.7148475646972656 0.52459716796875 0.7216471831003824 0.5181264281272888 0.7200274467468262
1 0.5261211395263672 0.7677135467529297 0.5317680239677429 0.7690056959788004 0.5410115122795105 0.7560128370920817 0.5535476803779602 0.7446668942769369 0.559463620185852 0.7311123212178549 0.565929651260376 0.7102133433024088 0.5569430589675903 0.7037120660146078 0.5512228012084961 0.6920527617136637 0.5477665066719055 0.7071426709493002 0.5397374033927917 0.7135333220163981 0.5326499342918396 0.7222811381022135 0.528046190738678 0.7272328535715739 0.5250632166862488 0.7380352814992269 0.5243986248970032 0.7497711976369222 0.5246645212173462 0.7571899096171061
1 0.4958840012550354 0.8435970147450765 0.5077667236328125 0.8416199684143066 0.5218472480773926 0.8352547486623129 0.5244057178497314 0.8436470031738281 0.5217834711074829 0.8534616629282633 0.5198771953582764 0.8651378949483236 0.5175495147705078 0.874019463857015 0.5088245868682861 0.8743505477905273 0.504693865776062 0.8667932351430258 0.499981552362442 0.8527227242787679
1 0.5108616352081299 0.7914488315582275 0.5188565254211426 0.7839504877726237 0.5243306159973145 0.7747928301493326 0.5292099118232727 0.7757840156555176 0.5342398881912231 0.7872666517893473 0.5385209918022156 0.805230458577474 0.5510605573654175 0.8213415145874023 0.555861234664917 0.8306167920430502 0.5477367043495178 0.8362036546071371 0.532625138759613 0.8434920310974121 0.5293006896972656 0.8431278069814047 0.5255123972892761 0.8331747849782308 0.521193265914917 0.8235112031300863 0.5155840516090393 0.8054703871409098
1 0.3545714020729065 0.5273769696553549 0.3586028814315796 0.5329129298528036 0.3680938482284546 0.5224287112553915 0.37673771381378174 0.5198545058568319 0.38249021768569946 0.5212316910425822 0.38973066210746765 0.5100268920262655 0.3962511122226715 0.5050509373346964 0.40769219398498535 0.5026443799336752 0.4129783809185028 0.49391599496205646 0.4216611087322235 0.47573089599609375 0.40863123536109924 0.47672077020009357 0.39876505732536316 0.46772793928782147 0.38719967007637024 0.4646139939626058 0.3770281970500946 0.46895090738932294 0.3671959638595581 0.47472357749938965 0.368438720703125 0.48644431432088214 0.36733025312423706 0.49943403402964276 0.36195626854896545 0.5145911375681559
1 0.28249412775039673 0.5490725835164388 0.2862858772277832 0.5398967663447062 0.2937815487384796 0.5370955864588419 0.3018694818019867 0.5413771470387777 0.3050212860107422 0.5521605809529623 0.30311840772628784 0.5620959997177124 0.30840492248535156 0.5743446350097656 0.31428205966949463 0.5822312037150065 0.310281366109848 0.5857630173365275 0.3002832531929016 0.583116332689921 0.2961258292198181 0.5711696147918701 0.2909436821937561 0.561366597811381
1 0.42623844742774963 0.37529444694519043 0.42423734068870544 0.38576002915700275 0.4275839924812317 0.3925047715504964 0.4388427734375 0.4047597646713257 0.4471116364002228 0.4123402039210002 0.4451671838760376 0.42900625864664715 0.4390222728252411 0.4492153724034627 0.42939984798431396 0.46158357461293537 0.4458000361919403 0.4520837068557739 0.4633970856666565 0.44327036539713544 0.47305092215538025 0.4441517194112142 0.4821750521659851 0.442681352297465 0.49372589588165283 0.43763625621795654 0.506439208984375 0.4299750328063965 0.5128481388092041 0.423249085744222 0.5092195272445679 0.41815213362375897 0.4969218373298645 0.41153375307718915 0.47364744544029236 0.3949464162190755 0.4689106345176697 0.38869794209798175 0.4608050286769867 0.38436981042226154 0.45178043842315674 0.3855420748392741 0.4477812349796295 0.39145978291829425 0.4435088634490967 0.39538689454396564 0.43980371952056885 0.3947154680887858 0.4335230588912964 0.3884874979654948
1 0.20284757018089294 1.0 0.21049284934997559 1.0 0.22642919421195984 1.0 0.23915252089500427 1.0 0.25278759002685547 1.0 0.2614855170249939 1.0 0.2854466438293457 1.0 0.2886084318161011 1.0 0.27852845191955566 1.0 0.27248716354370117 1.0 0.2730926275253296 1.0 0.2653578221797943 1.0 0.2593272924423218 1.0 0.24833416938781738 1.0 0.2428455352783203 1.0 0.24721026420593262 1.0 0.24626052379608154 1.0 0.2413691282272339 1.0 0.22943076491355896 1.0 0.2161942720413208 1.0
1 0.24430254101753235 1.0 0.26026272773742676 1.0 0.27444878220558167 1.0 0.2596566081047058 1.0 0.2540905177593231 1.0 0.24918314814567566 1.0 0.24598455429077148 1.0
1 0.2631300091743469 1.0 0.2612806558609009 1.0 0.2781102657318115 1.0 0.2895779311656952 1.0 0.29857951402664185 1.0 0.30114051699638367 1.0 0.2954028248786926 1.0 0.2886512875556946 1.0 0.2827208638191223 1.0 0.2751176059246063 1.0 0.26791125535964966 1.0
1 0.33020949363708496 1.0 0.33746129274368286 1.0 0.342851459980011 1.0 0.35822468996047974 1.0 0.3681929409503937 1.0 0.37793755531311035 1.0 0.39207422733306885 1.0 0.4066932201385498 1.0 0.4189443588256836 1.0 0.42743486166000366 1.0 0.400206983089447 1.0 0.3643302619457245 1.0 0.3510236144065857 1.0 0.34568145871162415 1.0 0.33894604444503784 1.0
1 0.44987455010414124 1.0 0.4686588943004608 1.0 0.47328293323516846 1.0 0.47814762592315674 1.0 0.49233579635620117 1.0 0.5050865411758423 0.9991085529327393 0.5107337236404419 0.9974775314331055 0.503663182258606 0.9870235125223795 0.5005391240119934 0.972089926401774 0.4988751709461212 0.959374189376831 0.4919031858444214 0.9624458948771158 0.4757730960845947 0.9742404619852701 0.46440622210502625 0.9803407192230225 0.45262080430984497 0.9835657278696696 0.4487738311290741 0.9848364194234213 0.45378851890563965 0.9966155687967936 0.45400768518447876 1.0 0.4526377320289612 1.0 0.4516315460205078 1.0
1 0.3598955571651459 1.0 0.3745163679122925 0.9891328811645508 0.38394811749458313 0.9867437680562338 0.394228458404541 0.9816112518310547 0.39787954092025757 0.9981203079223633 0.39463815093040466 1.0 0.38400572538375854 1.0 0.37701690196990967 1.0 0.37208640575408936 1.0
1 0.36195456981658936 0.9693272908528646 0.3730207085609436 0.9584479331970215 0.3862049877643585 0.9465524355570475 0.3999631106853485 0.9343682924906412 0.40546754002571106 0.9278008937835693 0.411704957485199 0.9330918788909912 0.4100135862827301 0.9499883651733398 0.40526825189590454 0.9668940703074137 0.3933146893978119 0.9774791399637858 0.3803093135356903 0.9801279703776041 0.37447404861450195 0.980724016825358 0.36901068687438965 0.977302630742391
1 0.4008403420448303 0.9813485940297445 0.41557180881500244 0.9616816838582357 0.4191724359989166 0.9400148391723633 0.4170551002025604 0.9227604866027832 0.42845338582992554 0.9154652754465739 0.43600568175315857 0.919227123260498 0.4394952058792114 0.941789468129476 0.43567517399787903 0.961270809173584 0.4305894076824188 0.9806476434071859 0.42460477352142334 0.9860227902730306 0.4104663133621216 0.9925045967102051 0.4040139317512512 0.9965461095174154
1 0.33827918767929077 0.7505092620849609 0.34304094314575195 0.7388257185618082 0.3539625108242035 0.7282749017079672 0.36536407470703125 0.7190993626912435 0.37650635838508606 0.7226913770039877 0.3796372711658478 0.7283444404602051 0.3794296979904175 0.7378727595011393 0.38227134943008423 0.7459750175476074 0.3834967017173767 0.7594938278198242 0.3777265250682831 0.7699889341990153 0.369032621383667 0.7654217084248861 0.35220083594322205 0.7590803305308024
1 0.3677227199077606 0.7140626112620035 0.3751890957355499 0.7035268147786459 0.3790031671524048 0.6890878677368164 0.3829384446144104 0.68014129002889 0.3922937214374542 0.6870412826538086 0.3931463062763214 0.6945716540018717 0.38940179347991943 0.7057536443074545 0.3836255967617035 0.7178546587626139 0.3783990144729614 0.7163023948669434
1 0.4019356071949005 0.6961029370625814 0.41940703988075256 0.6850222746531168 0.42414548993110657 0.6765905221303304 0.4285751283168793 0.6722338994344076 0.43806973099708557 0.6765427589416504 0.44420376420021057 0.6799075603485107 0.4461643695831299 0.686744769414266 0.4475274384021759 0.6969131628672282 0.4353903830051422 0.7103728453318278 0.42774251103401184 0.7225281397501627 0.4264437258243561 0.7355060577392578 0.42117080092430115 0.744215726852417 0.4173564314842224 0.7305124600728353 0.407366544008255 0.7179640134175619 0.40440627932548523 0.7130546569824219
1 0.5617339015007019 0.7388402620951334 0.5690466165542603 0.7219858169555664 0.571349561214447 0.7090013027191162 0.5839138627052307 0.7130048274993896 0.5913552045822144 0.7102990945180258 0.5954969525337219 0.707462469736735 0.6066428422927856 0.7183988094329834 0.6167310476303101 0.730049212773641 0.6233908534049988 0.7394163608551025 0.6322936415672302 0.7409408887227377 0.628570020198822 0.7482621669769287 0.6106954216957092 0.7520885467529297 0.5960156917572021 0.7611714998881022 0.5967094898223877 0.749163548151652 0.5920063257217407 0.7330352465311686 0.5828908085823059 0.7329231897989908 0.5694264769554138 0.7385663986206055
1 0.5694817900657654 0.6053115924199423 0.581516683101654 0.5911204020182291 0.6102428436279297 0.5874770482381185 0.6324422359466553 0.586499293645223 0.6452289819717407 0.5909308592478434 0.6512951850891113 0.6094702482223511 0.6490582227706909 0.6188444296518961 0.6383816599845886 0.6275491317113241 0.6307955980300903 0.6328151226043701 0.617796778678894 0.6284334262212118 0.6039532423019409 0.6254913012186686 0.5880135297775269 0.6224642992019653 0.5760428309440613 0.6218802134195963 0.5685795545578003 0.6194484233856201
1 0.5983098149299622 0.45127113660176593 0.6085351705551147 0.4485940933227539 0.6225449442863464 0.44704965750376385 0.6273678541183472 0.4480819304784139 0.6294693946838379 0.47713903586069745 0.6113579869270325 0.4065107504526774 0.6009063720703125 0.4243159294128418 0.586493194103241 0.4390818277994792 0.580264151096344 0.44662272930145264 0.5741819143295288 0.44027137756347656 0.5946646332740784 0.48397767543792725 0.5984175205230713 0.4673163890838623
1 0.5294837355613708 0.885429859161377 0.5355523824691772 0.879676342010498 0.5442125201225281 0.8807166417439779 0.5562211871147156 0.8804762363433838 0.5662870407104492 0.8767374356587728 0.5718702673912048 0.8847583134969076 0.563090443611145 0.8885238965352377 0.5532106161117554 0.8943898677825928 0.5417276620864868 0.8942856788635254
1 0.5283883213996887 0.9860146840413412 0.5393177270889282 0.9782490730285645 0.5482739806175232 0.968523899714152 0.5577871799468994 0.9652369817097982 0.568146288394928 0.9591106573740641 0.5792185664176941 0.9464008013407389 0.583459198474884 0.9407933553059896 0.5848146677017212 0.961246649424235 0.5749402046203613 0.9687142372131348 0.5591302514076233 0.9788516362508138 0.5580796599388123 0.9795369307200114 0.5389540195465088 0.9906457265218099 0.5337747931480408 0.9936145146687826
1 0.5886138081550598 0.9612188339233398 0.5880899429321289 0.9463349978129069 0.5876473784446716 0.9367213249206543 0.5942876935005188 0.9273188908894857 0.6012321710586548 0.9237753550211588 0.6025469899177551 0.937432607014974 0.6056936383247375 0.9491886297861735 0.5976744294166565 0.9549119472503662
1 0.5713808536529541 0.8394521077473959 0.5908325910568237 0.8281014760335287 0.6042404770851135 0.8279366493225098 0.6150249242782593 0.8293543656667074 0.6248738169670105 0.835163434346517 0.6368508338928223 0.836419423421224 0.6462924480438232 0.8377670447031657 0.6508772373199463 0.8501251538594564 0.6559995412826538 0.869076649347941 0.6573535203933716 0.881295363108317 0.6447762846946716 0.8920019467671713 0.6352069973945618 0.893685499827067 0.6262341141700745 0.8918561935424805 0.6220292448997498 0.8823183377583822 0.6250183582305908 0.8681082725524902 0.6222878694534302 0.8522391319274902 0.6180347800254822 0.8442744414011637 0.6096577644348145 0.8389888604482015 0.6012229919433594 0.8421213626861572 0.5909296870231628 0.8471215565999349 0.5827416181564331 0.8491896788279215 0.5774775147438049 0.8471175829569498
1 0.6317152380943298 0.5402320623397827 0.6334933638572693 0.5269671678543091 0.6345550417900085 0.5169400374094645 0.6410108208656311 0.5101456244786581 0.6482695937156677 0.5117272138595581 0.6571531891822815 0.5190594991048177 0.6565052270889282 0.5268437067667643 0.6495627164840698 0.5357874234517416 0.6479016542434692 0.544391910235087 0.6409527063369751 0.5470275481541952
1 0.6017123460769653 0.5811734994252523 0.6116703748703003 0.5684287150700887 0.6159669160842896 0.5594812631607056 0.6201532483100891 0.5487560431162516 0.6244815587997437 0.5404926935831705 0.630207359790802 0.5477689107259115 0.638460099697113 0.5518739223480225 0.644780158996582 0.5524501800537109 0.649587869644165 0.5604223012924194 0.6558243632316589 0.5740853548049927 0.6504388451576233 0.5813418626785278 0.6405162811279297 0.5830174287160238 0.6296206712722778 0.5820953845977783 0.6196528673171997 0.5803801616032919 0.6086657047271729 0.5812214612960815
1 0.7053458094596863 0.45729267597198486 0.7182905077934265 0.450226624806722 0.7312222719192505 0.44935405254364014 0.7415783405303955 0.4488034248352051 0.7440634965896606 0.4538791577021281 0.7393959760665894 0.4675910870234172 0.7022566795349121 0.3413230975468953 0.699550449848175 0.3446294069290161 0.6949248909950256 0.3477847973505656 0.6878461241722107 0.3383381764094035 0.7164180278778076 0.4659413496653239
1 0.7439841032028198 0.36487913131713867 0.7459163665771484 0.3585500717163086 0.7557846307754517 0.35736127694447833 0.7679635882377625 0.3581701119740804 0.7766172885894775 0.3555942376454671 0.7807641625404358 0.3550880750020345 0.7878667116165161 0.3679252465565999 0.7923916578292847 0.381855050722758 0.7880986928939819 0.3915502230326335 0.782546877861023 0.39912108580271405 0.7766379714012146 0.4029175440470378 0.773097038269043 0.4041239817937215 0.766632080078125 0.3965061505635579 0.7568192481994629 0.397716482480367 0.7510390281677246 0.38694167137145996 0.7463569045066833 0.3722232977549235
1 0.6495533585548401 0.4486970106760661 0.6491700410842896 0.43406184514363605 0.6606892943382263 0.4246234893798828 0.668456494808197 0.4176493088404338 0.6750597953796387 0.4108024040857951 0.6776083111763 0.40573517481486004 0.6827401518821716 0.3983677625656128 0.6936490535736084 0.38771994908650714 0.7034395933151245 0.3799337148666382 0.7021477222442627 0.3903173605600993 0.698769211769104 0.3988742033640544 0.6978334188461304 0.4061792294184367 0.7026774883270264 0.4129238923390706 0.7057629823684692 0.4239831368128459 0.7037334442138672 0.4359265963236491 0.6964861154556274 0.4442850748697917 0.6906996965408325 0.44765758514404297 0.6816248893737793 0.444774587949117 0.6733924746513367 0.4466567436854045 0.6684690713882446 0.45203526814778644 0.6629317402839661 0.4616852601369222 0.6563294529914856 0.4574693441390991
1 0.7157999873161316 0.44434316953023273 0.7295538783073425 0.43565956751505536 0.7379504442214966 0.4299638271331787 0.743683397769928 0.43486201763153076 0.747189462184906 0.4444590012232463 0.734441876411438 0.4513292709986369 0.7224432826042175 0.4557196299235026
1 0.584074854850769 0.4549456437428792 0.5998851656913757 0.43771231174468994 0.6112281084060669 0.41896700859069824 0.6187726855278015 0.41037710507710773 0.6272215843200684 0.41138442357381183 0.6350319981575012 0.42422235012054443 0.6426947712898254 0.4399120807647705 0.6431998610496521 0.4535312255223592 0.6388184428215027 0.4687587022781372 0.6392887830734253 0.4860060214996338 0.6408677697181702 0.49747200806935626 0.6382858753204346 0.5062433878580729 0.6324865221977234 0.5115412871042887 0.6258848309516907 0.503840168317159 0.621091365814209 0.5054859717686971 0.6150285005569458 0.5101563135782877 0.6087420582771301 0.5159701506296793 0.5974225997924805 0.5051730076471964 0.5944802165031433 0.4928225676218669 0.5900341272354126 0.4816439946492513 0.5871138572692871 0.46880531311035156
1 0.7112690210342407 0.33706120649973553 0.7127283811569214 0.32107293605804443 0.7166807651519775 0.3102602958679199 0.7684897780418396 0.4607234795888265 0.7325363159179688 0.29725660880406696 0.7470464706420898 0.2991405526796977 0.7567647695541382 0.3052128553390503 0.7567696571350098 0.3180108269055684 0.7626029253005981 0.32383328676223755 0.7638885974884033 0.3382430076599121 0.7685771584510803 0.3496316274007161 0.767349898815155 0.35620586077372235 0.7576318979263306 0.34836236635843915 0.7463911175727844 0.34000221888224286 0.7305852174758911 0.33379944165547687 0.721450686454773 0.33267927169799805
1 0.6499660611152649 0.5903033018112183 0.6595990657806396 0.5759931405385336 0.6692043542861938 0.5736963351567587 0.6788713932037354 0.5782781442006429 0.6873252391815186 0.5795917510986328 0.6836762428283691 0.589645783106486 0.6721816062927246 0.6020448207855225 0.6569648385047913 0.6148160696029663 0.6563305854797363 0.6010377407073975
1 0.683748722076416 0.6032780011494955 0.6881718039512634 0.5935080846150717 0.6932179927825928 0.5822621981302897 0.6966400742530823 0.5767196814219157 0.7018264532089233 0.5791425307591757 0.702987015247345 0.5953646500905355 0.7016865015029907 0.6101660331090292 0.6932177543640137 0.617329994837443 0.6903746128082275 0.6112582683563232
1 0.7037460803985596 0.5696938832600912 0.7092208862304688 0.5744500954945883 0.7172350287437439 0.5588022073109945 0.7285481691360474 0.540882428487142 0.7384916543960571 0.5276447137196859 0.7449116706848145 0.510391116142273 0.7459918260574341 0.504080573717753 0.7282663583755493 0.5019874175389608 0.715410590171814 0.5045040845870972 0.7066338658332825 0.5051751136779785 0.7001194953918457 0.5145891507466634 0.698365330696106 0.5224164326985677 0.6986830234527588 0.5372705062230428 0.7020537853240967 0.557244062423706
1 0.7579163312911987 0.48452162742614746 0.7660504579544067 0.48086512088775635 0.7719793319702148 0.4791739384333293 0.7720085382461548 0.471971074740092 0.7655487656593323 0.4651382366816203 0.7633304595947266 0.4526824951171875 0.7631341218948364 0.44652613004048664 0.7546298503875732 0.44778501987457275 0.7506970763206482 0.45130133628845215 0.7524940371513367 0.46416743596394855
1 0.7068701982498169 0.6108688116073608 0.7097927331924438 0.5955241521199545 0.7172263860702515 0.5908447504043579 0.7261876463890076 0.595175544420878 0.7350246906280518 0.6073335011800131 0.7465920448303223 0.6137064297993978 0.7530305981636047 0.6227413018544515 0.7578222155570984 0.6323012510935465 0.7583707571029663 0.6420204242070516 0.7548975944519043 0.6525308688481649 0.7395645380020142 0.6543721357981364 0.7312914133071899 0.6536889870961508 0.7180361151695251 0.6328035990397135
1 0.5656163096427917 0.008695840835571289 0.5690527558326721 0.022086580594380695 0.5739248394966125 0.033782402674357094 0.5806116461753845 0.03593830267588297 0.5900027751922607 0.043950517972310386 0.6118249893188477 0.0446700652440389 0.6224154829978943 0.04339241981506348 0.6276018619537354 0.03033749262491862 0.6322363018989563 0.017384886741638184 0.630095362663269 0.011382460594177246 0.6170534491539001 0.00817124048868815 0.6036088466644287 0.0013020833333333333 0.5925506949424744 0.0016690492630004883 0.5782641172409058 0.005314747492472331
1 0.5757851600646973 0.0715870459874471 0.5801697969436646 0.05017721652984619 0.5869405269622803 0.04951937993367513 0.5969095826148987 0.061018943786621094 0.6045687794685364 0.07587893803914388 0.6075724959373474 0.09024564425150554 0.608083963394165 0.11007956663767497 0.6065770387649536 0.11462652683258057 0.595770537853241 0.10808900992075603 0.5814083218574524 0.10445809364318848 0.5812838077545166 0.0903091033299764
1 0.6283543705940247 0.9264775911966959 0.6347410678863525 0.9231287638346354 0.6364588737487793 0.9089821974436442 0.6362555027008057 0.8999079068501791 0.6270008087158203 0.8990221818288168 0.6249178051948547 0.9087882041931152
1 0.6420144438743591 0.8999735514322916 0.6568723320960999 0.8885653813680013 0.6693576574325562 0.8793430328369141 0.6809157133102417 0.8745037714640299 0.6909692883491516 0.8690624237060547 0.6969221830368042 0.8680024147033691 0.7130501866340637 0.8722178141276041 0.716884970664978 0.8757524490356445 0.7070162296295166 0.8836074670155843 0.6808328032493591 0.9017164707183838 0.6456995010375977 0.9252041180928549 0.6409146189689636 0.9260228474934896 0.6396339535713196 0.9191869894663492 0.6405043601989746 0.9078760147094727
1 0.6615607142448425 0.0013020833333333333 0.6709840297698975 0.0013020833333333333 0.6780956387519836 0.0013020833333333333 0.6874231696128845 0.0013020833333333333 0.6719984412193298 0.0013020833333333333 0.6653143167495728 0.0013020833333333333
1 0.6823815703392029 0.0013020833333333333 0.693255603313446 0.0013020833333333333 0.7005811333656311 0.0013020833333333333 0.706141471862793 0.004590908686319987 0.7039783596992493 0.022205193837483723 0.7000938653945923 0.04298750559488932 0.7035212516784668 0.06410117944081624 0.701825737953186 0.07086320718129475 0.6888347864151001 0.05629189809163412 0.6821370124816895 0.0530464251836141 0.6877157688140869 0.03920400142669678 0.6872323751449585 0.019173423449198406
1 0.6531065106391907 0.15271941820780435 0.659223735332489 0.13878424962361655 0.6668657064437866 0.1238928238550822 0.6779274940490723 0.1265494426091512 0.6829137802124023 0.14027734597524008 0.6837223768234253 0.15606764952341715 0.6781381368637085 0.16271169980367026 0.6688033938407898 0.15977168083190918 0.6607980728149414 0.15517203013102213
1 0.5519481897354126 0.18113481998443604 0.5583468675613403 0.18127214908599854 0.5697891712188721 0.19396764039993286 0.5804535746574402 0.19912817080815634 0.5900570154190063 0.20171860853830972 0.5973519086837769 0.2176696260770162 0.6002072691917419 0.22438661257425943 0.58571457862854 0.22963366905848184 0.5723410844802856 0.22195732593536377 0.5620778799057007 0.21601523955663046 0.5524438619613647 0.1973145604133606
1 0.6204069256782532 0.22994826237360635 0.6251858472824097 0.21476268768310547 0.6280835270881653 0.19842396179835 0.640862762928009 0.2008590300877889 0.6549630761146545 0.20531256993611655 0.655815839767456 0.21395202477773032 0.6483398675918579 0.226587176322937 0.6466198563575745 0.23998035987218222 0.6364297270774841 0.24577091137568155 0.6276262402534485 0.24632863203684488
1 0.6174755096435547 0.2936653296152751 0.6247348189353943 0.27659966548283893 0.6260563135147095 0.25382230679194134 0.6391081809997559 0.2519761919975281 0.6401829719543457 0.2657107909520467 0.6373359560966492 0.2756305932998657 0.6292546987533569 0.28403306007385254
1 0.7083494663238525 0.8371136983235677 0.7274613976478577 0.825509786605835 0.7512508630752563 0.8148959477742513 0.739179253578186 0.8008286158243815 0.7251543998718262 0.798609733581543 0.7084085941314697 0.8062833150227865 0.7007025480270386 0.811139980951945 0.7064183354377747 0.8266985416412354
1 0.7640807628631592 0.8139729499816895 0.7702496647834778 0.7899169127146403 0.7749160528182983 0.7822488149007162 0.7886404991149902 0.7755667368570963 0.7941534519195557 0.7736680507659912 0.8014041185379028 0.7899436950683594 0.8010495901107788 0.800778309504191 0.7960661053657532 0.8159807523091634 0.7809756994247437 0.8275765577952067 0.7751080989837646 0.8320435682932535 0.7706739902496338 0.82339080174764
1 0.9005004167556763 0.6029587586720785 0.9002504348754883 0.5744945208231608 0.9066121578216553 0.5645927588144938 0.9257888197898865 0.5566111405690511 0.942436933517456 0.5665483872095743 0.9531598091125488 0.585965116818746 0.9578112363815308 0.5993050734202067 0.9503437280654907 0.6126953760782877 0.9476767778396606 0.6167257229487101 0.9360294938087463 0.6086157957712809 0.9277684092521667 0.6122881571451823 0.9242713451385498 0.6282214721043905 0.9267520904541016 0.6423555612564087 0.9166922569274902 0.6509612401326498 0.9110232591629028 0.6377847194671631
1 0.9644185900688171 0.6022588411966959 0.9636905789375305 0.5881288846333822 0.9789156913757324 0.5853515068689982 0.9801868200302124 0.5946762164433798 0.9835028648376465 0.6030857960383097 0.9722071290016174 0.612852931022644
1 0.8921175003051758 0.5448920329411825 0.904809832572937 0.5329175790150961 0.915583610534668 0.5252459049224854 0.9224216938018799 0.5227731466293335 0.9272154569625854 0.5212119023005167 0.9353232383728027 0.5307894945144653 0.9415085315704346 0.5341478188832601 0.9507827758789062 0.5242917935053507 0.952315092086792 0.5176879167556763 0.9578627347946167 0.5268718401590983 0.949705958366394 0.5409981807072958 0.9458177089691162 0.558370033899943 0.9385606646537781 0.5568343798319498 0.9242795705795288 0.5483129024505615 0.9068613052368164 0.5591362317403158 0.8974848985671997 0.5568288564682007
1 0.6788358688354492 0.7184669971466064 0.6731625199317932 0.7115583419799805 0.6764278411865234 0.7066399256388346 0.6910134553909302 0.7155477205912272 0.6972336769104004 0.7188093662261963 0.7135041356086731 0.7101465861002604 0.7225174903869629 0.697269598642985 0.7216549515724182 0.7102311452229818 0.7262861728668213 0.72287917137146 0.7410823106765747 0.7275060017903646 0.7474803328514099 0.7330541610717773 0.7354655861854553 0.7360006968180338 0.7200979590415955 0.7350266774495443 0.7073681950569153 0.744853655497233 0.7030280828475952 0.7553805510203043 0.7127395868301392 0.7664322853088379 0.730312705039978 0.7715005874633789 0.7337920069694519 0.779283364613851 0.7323229908943176 0.7924160957336426 0.7179539203643799 0.7944389979044596 0.6999557018280029 0.8022067546844482 0.6972711086273193 0.7828011512756348 0.6772205233573914 0.7903608481089274 0.6834542751312256 0.7779332796732584 0.6954129934310913 0.769086758295695 0.6955298185348511 0.7538518905639648 0.6929658055305481 0.7381860415140787 0.6881566047668457 0.7249968846638998
1 0.7379292249679565 0.7905693054199219 0.7392104864120483 0.773529052734375 0.7600444555282593 0.7638543446858724 0.7688478231430054 0.7691449324289957 0.7713770270347595 0.777713934580485 0.7624845504760742 0.7942947546641032 0.7601079344749451 0.8065689404805502 0.7521275281906128 0.8070288499196371
1 0.6876717805862427 0.15988397598266602 0.6915513277053833 0.14617840449015299 0.700756847858429 0.14124111334482828 0.716048002243042 0.14046494166056314 0.713191032409668 0.15400890509287515 0.6971732378005981 0.1679332454999288 0.691891074180603 0.16941495736440024
1 0.7549431324005127 0.6792740027109782 0.7582268118858337 0.6598455905914307 0.771403431892395 0.6555832227071127 0.7880640029907227 0.6508842309316 0.7957898378372192 0.6486028035481771 0.8045133352279663 0.6522678931554159 0.8203610181808472 0.6634930372238159 0.8271875381469727 0.6653672854105631 0.8271379470825195 0.6848375797271729 0.8237223625183105 0.703608512878418 0.8188104629516602 0.7168151537577311 0.8017789125442505 0.727362871170044 0.7884746193885803 0.733147144317627 0.7749288082122803 0.731680154800415 0.7861518859863281 0.7185281117757162 0.7842782735824585 0.7051483790079752 0.7767086029052734 0.6913944880167643 0.7665356397628784 0.6822529633839926
1 0.7626602649688721 0.650251309076945 0.763910174369812 0.6305400927861532 0.7750157117843628 0.6193699439366659 0.78880774974823 0.6076362133026123 0.8026434183120728 0.5914650758107504 0.8000579476356506 0.6100372870763143 0.7974978685379028 0.6352351109186808 0.7961965203285217 0.6431573232014974 0.7784186601638794 0.6496928532918295
1 0.7674950361251831 0.7620814641316732 0.7724602818489075 0.7434831460316976 0.7827246189117432 0.7410406271616617 0.7922368049621582 0.7416408856709799 0.7902158498764038 0.7596418857574463 0.7867944836616516 0.7688767115275065 0.7771834135055542 0.7731761932373047
1 0.7754132747650146 0.5339269638061523 0.7756842374801636 0.49554721514383954 0.790745198726654 0.5088859796524048 0.8005870580673218 0.525860587755839 0.8092643022537231 0.544650157292684 0.7986082434654236 0.5452199379603068 0.7827391624450684 0.5371728738149008
1 0.7816827893257141 0.43630528450012207 0.7723550200462341 0.41469939549763996 0.7681852579116821 0.39017701148986816 0.7681674957275391 0.3646201292673747 0.7784113883972168 0.37650903065999347 0.7901658415794373 0.3851782480875651 0.7975276708602905 0.3977104425430298 0.804632842540741 0.41675734519958496 0.7976064682006836 0.4284402132034302 0.7855429649353027 0.4482153256734212
1 0.7869378328323364 0.4935879707336426 0.7770551443099976 0.4710691769917806 0.7861142754554749 0.45671288172403973 0.798620343208313 0.43927141030629474 0.8096960783004761 0.4285096724828084 0.8256025910377502 0.43327903747558594 0.8368812799453735 0.43853406111399335 0.845289945602417 0.44272899627685547 0.8548413515090942 0.45394261678059894 0.8552425503730774 0.46785664558410645 0.8423879146575928 0.4818890492121379 0.8187643885612488 0.5036400556564331 0.8089223504066467 0.5061254103978475 0.7999664545059204 0.5078308582305908 0.793149471282959 0.5014325777689616
1 0.8086123466491699 0.5187886953353882 0.8291358351707458 0.5024617513020834 0.8451661467552185 0.4900907278060913 0.8577055335044861 0.478132963180542 0.8629516959190369 0.4574729601542155 0.8722305297851562 0.4465845823287964 0.8783732652664185 0.4482896327972412 0.8925288915634155 0.4749246835708618 0.9010168313980103 0.49400122960408527 0.8999559283256531 0.5046389102935791 0.8770775198936462 0.5106256802876791 0.8492679595947266 0.525358239809672 0.8300296068191528 0.5360897779464722 0.8210052251815796 0.5422526200612386 0.81671142578125 0.5451420545578003
1 0.9060701131820679 0.5063219865163168 0.9185686111450195 0.505926251411438 0.9207723736763 0.5127943356831869 0.9222670793533325 0.48415406545003253 0.9192157983779907 0.47534016768137616 0.9043890833854675 0.4715654452641805 0.8989002108573914 0.47285600503285724 0.9039294719696045 0.48790574073791504
1 0.7027483582496643 0.09747564792633057 0.7066142559051514 0.0903777281443278 0.7181265354156494 0.10747170448303223 0.7303802967071533 0.1085432767868042 0.745108425617218 0.1006091038386027 0.7560733556747437 0.09688178698221843 0.7583490610122681 0.1046132246653239 0.7479503154754639 0.11556037267049153 0.741859495639801 0.12957525253295898 0.7341352701187134 0.1364914576212565 0.7211874127388 0.13098502159118652 0.7128760814666748 0.12347161769866943 0.7075319886207581 0.11047164599100749
1 0.7423138618469238 0.13977495829264322 0.7544037103652954 0.11833743254343669 0.7596538066864014 0.11322363217671712 0.7671598196029663 0.1158687671025594 0.7734564542770386 0.13264715671539307 0.7817003726959229 0.15216382344563803 0.7862968444824219 0.1655787229537964 0.7892991304397583 0.1755352020263672 0.7769919633865356 0.18009495735168457 0.7688319683074951 0.17968122164408365 0.7569809556007385 0.1613292694091797
1 0.6952152252197266 0.1872096061706543 0.6949372887611389 0.17481557528177896 0.7177234888076782 0.15484726428985596 0.7272631525993347 0.14182686805725098 0.7394278645515442 0.1460338830947876 0.7510039210319519 0.1613861322402954 0.7608915567398071 0.1733407179514567 0.7603175044059753 0.18448591232299805 0.7472810745239258 0.20317594210306802 0.7356340885162354 0.22021323442459106 0.7236782908439636 0.23507306973139444 0.7164538502693176 0.2300743261973063 0.7120798826217651 0.21143891414006552 0.7093212008476257 0.18237396081288657 0.7046806812286377 0.1807970404624939
1 0.7221593856811523 0.24342119693756104 0.7431890964508057 0.2162813941637675 0.7545105218887329 0.20076086123784384 0.766242265701294 0.18814730644226074 0.7748491764068604 0.18407086531321207 0.7795357704162598 0.19456690549850464 0.7805286645889282 0.2137307325998942 0.7823390960693359 0.23136138916015625 0.7744532823562622 0.24055365721384683 0.7586690783500671 0.2507336735725403 0.7518162727355957 0.2515897750854492 0.7438616752624512 0.24439525604248047 0.7332782745361328 0.24572827418645224 0.7275075912475586 0.25463229417800903
1 0.7564808130264282 0.25847095251083374 0.7715408802032471 0.24688754479090372 0.7833955883979797 0.23943307002385458 0.7941702604293823 0.2485504945119222 0.8018441200256348 0.25883446137110394 0.8042665719985962 0.2743048667907715 0.807077169418335 0.2935408155123393 0.8071423172950745 0.3078794876734416 0.8023302555084229 0.32133082548777264 0.7995211482048035 0.3292517463366191 0.7906933426856995 0.33033061027526855 0.7775331139564514 0.3304171959559123 0.7645893096923828 0.31004589796066284 0.7564020156860352 0.29521193106969196 0.7503713369369507 0.2854272524515788 0.7535701990127563 0.26481006542841595
1 0.8047096133232117 0.2562297185262044 0.8195613622665405 0.26489943265914917 0.8360799551010132 0.27489306529362995 0.8350238800048828 0.2840660015741984 0.8218389749526978 0.28418485323588055 0.8221515417098999 0.3007463018099467 0.8152092695236206 0.3046221137046814 0.8096694946289062 0.3022802670796712 0.8079218864440918 0.27385467290878296
1 0.8397245407104492 0.2744422157605489 0.848414957523346 0.2538061738014221 0.8513646125793457 0.24743050336837769 0.8609095811843872 0.261275053024292 0.8737777471542358 0.27247633536656696 0.8809112906455994 0.27988260984420776 0.8739715814590454 0.2837635278701782 0.8618676066398621 0.2837586998939514 0.8567039966583252 0.29421114921569824 0.8482890725135803 0.2990306615829468 0.8404625058174133 0.290182630221049
1 0.8579463958740234 0.33815284570058185 0.8692895174026489 0.3348592122395833 0.8787977695465088 0.3241802255312602 0.8892045021057129 0.31383687257766724 0.8927583694458008 0.3050607244173686 0.8901598453521729 0.29609741767247516 0.8810548186302185 0.28950045506159466 0.8639401793479919 0.2820684512456258 0.8539116382598877 0.2785079876581828 0.8532352447509766 0.29491889476776123 0.8534243106842041 0.3116916020711263
1 0.8862276077270508 0.33560752868652344 0.8955451250076294 0.31947727998097736 0.9027234315872192 0.3119959632555644 0.9153350591659546 0.3098270893096924 0.9207748174667358 0.3218628764152527 0.9126862287521362 0.3391302426656087 0.9121211767196655 0.3530921936035156 0.9090205430984497 0.3648058573404948 0.903441309928894 0.36750976244608563 0.8984637260437012 0.35285596052805585
1 0.9314978122711182 0.2955244580904643 0.9269740581512451 0.2691735823949178 0.9330601692199707 0.2626710534095764 0.9475011825561523 0.28586222728093463 0.9540536403656006 0.3036310076713562 0.9502869844436646 0.31369123856226605 0.9365894794464111 0.30674149592717487
0 0.9187348484992981 0.27758103609085083 0.9195114374160767 0.26451834042867023 0.9228288531303406 0.25371138254801434 0.9257184267044067 0.23878310124079385 0.9309331178665161 0.24992976586023966 0.9245247840881348 0.2608128984769185 0.9240341186523438 0.28057966629664105
1 0.9082147479057312 0.26597026983896893 0.9126664400100708 0.2536246379216512 0.9119417071342468 0.23154664039611816 0.9050201177597046 0.19557331005732217 0.9215351939201355 0.22897392511367798 0.9201970100402832 0.23940626780192056 0.9194650650024414 0.2560325463612874 0.9138966798782349 0.26599782705307007 0.9113870859146118 0.27158021926879883
1 0.7006256580352783 0.0013020833333333333 0.7071065902709961 0.0013020833333333333 0.7128628492355347 0.005279024442036946 0.7233095169067383 0.005639394124348958 0.7332108020782471 0.0027550061543782554 0.7306205034255981 0.0013020833333333333 0.7213952541351318 0.0013020833333333333 0.7133917808532715 0.0013020833333333333
1 0.7291203737258911 0.0013020833333333333 0.7421004176139832 0.003394921620686849 0.7520791292190552 0.011252919832865397 0.7622470259666443 0.014330903689066568 0.770819902420044 0.009744485219319662 0.7763983011245728 0.0028241872787475586 0.7636607885360718 0.0013020833333333333 0.75779128074646 0.0013020833333333333 0.752948522567749 0.0013020833333333333 0.7389202117919922 0.0013020833333333333
1 0.7565722465515137 0.02060401439666748 0.7655351161956787 0.018630504608154297 0.7703055143356323 0.02999393145243327 0.7656188607215881 0.03609375158945719 0.7611343860626221 0.0334169069925944
1 0.7584003210067749 0.0790788729985555 0.7595491409301758 0.05656846364339193 0.7647268772125244 0.04364625612894694 0.7726128101348877 0.03842735290527344 0.7813240885734558 0.04529611269632975 0.783936619758606 0.05239276091257731 0.7751612663269043 0.06177739302317301 0.762985348701477 0.07232244809468587
1 0.8586429357528687 0.12710817654927573 0.8659111261367798 0.13304642836252847 0.8608881235122681 0.14403939247131348 0.8611538410186768 0.15366609891255698 0.8671672344207764 0.1694840987523397 0.8692679405212402 0.1782185435295105 0.8645087480545044 0.183675487836202 0.8584849834442139 0.18305649360020956 0.849452018737793 0.17451918125152588 0.84544837474823 0.1515581210454305 0.8519455790519714 0.1479579210281372
1 0.866237998008728 0.22167507807413736 0.8693063259124756 0.21850371360778809 0.8800696730613708 0.21784869829813638 0.8871026039123535 0.2148748834927877 0.8896709680557251 0.20341163873672485 0.8927285671234131 0.19606916109720865 0.9092459678649902 0.20651541153589884 0.9225560426712036 0.21529908974965414 0.9145645499229431 0.2183972398440043 0.9025251865386963 0.22898205121358237 0.8945943117141724 0.2411524256070455 0.8905420899391174 0.2486510674158732 0.8879530429840088 0.2517721851666768 0.8796769380569458 0.23533407847086588
1 0.892202615737915 0.3334201176961263 0.9000296592712402 0.32398368914922077 0.9107986688613892 0.30996304750442505 0.9208618402481079 0.29393821954727173 0.9239455461502075 0.29074132442474365 0.9348970055580139 0.29779595136642456 0.9392322897911072 0.3070908983548482 0.9393332004547119 0.3281848033269246 0.936412513256073 0.3384130001068115 0.9348824620246887 0.3428334792455037 0.9248493909835815 0.33424071470896405 0.9154291749000549 0.3424766461054484 0.9027339220046997 0.3469004233678182
1 0.9407955408096313 0.3385621706644694 0.9433352947235107 0.31923335790634155 0.943008303642273 0.3059118986129761 0.9485694169998169 0.30310165882110596 0.9530346393585205 0.32926605145136517 0.9544883966445923 0.33989477157592773
1 0.8442983627319336 0.40875311692555744 0.849468469619751 0.3691428105036418 0.8627933859825134 0.36110639572143555 0.8682852387428284 0.3731378714243571 0.8728572726249695 0.39731884002685547 0.8794556856155396 0.4184195200602214 0.8934853076934814 0.4307659864425659 0.8885977268218994 0.4427286783854167 0.8223149180412292 0.22700574000676474 0.8221209645271301 0.24068997303644815 0.8198966383934021 0.25616900126139325 0.8158197999000549 0.2690620422363281 0.8120924234390259 0.2731931209564209 0.7996032238006592 0.27573372920354206 0.7969497442245483 0.261982798576355 0.7953513860702515 0.24815553426742554 0.8501627445220947 0.4456015427907308 0.8473839163780212 0.4225441614786784
1 0.8961166143417358 0.191468874613444 0.9125518798828125 0.16438345114390054 0.9213159084320068 0.14732015132904053 0.9312173128128052 0.1315085490544637 0.9336692094802856 0.14748644828796387 0.9395126700401306 0.19642800092697144 0.9403641223907471 0.21654850244522095 0.9301297664642334 0.21713795264561972 0.9200682640075684 0.20654650529225668 0.9050322771072388 0.19590669870376587
1 0.8200400471687317 0.2754918535550435 0.8248246908187866 0.2569011648495992 0.8275196552276611 0.2435441811879476 0.8419749140739441 0.2629086176554362 0.8493499755859375 0.2724459369977315 0.8453357815742493 0.27598969141642254 0.8389906883239746 0.2782127261161804
1 0.8315680027008057 0.3894626299540202 0.8475255966186523 0.39125386873881024 0.8569519519805908 0.38456114133199054 0.8621952533721924 0.3824243148167928 0.8695822954177856 0.3993372917175293 0.8708394765853882 0.40742353598276776 0.8613570928573608 0.404963215192159 0.8553261160850525 0.40529338518778485 0.8506959080696106 0.4127542972564697 0.8484927415847778 0.4180580774943034 0.8445743322372437 0.408977746963501 0.8391526937484741 0.40037306149800617
1 0.9827933311462402 0.45447393258412677 0.9827375411987305 0.43968768914540607 0.9930522441864014 0.42564813296000165 1.0 0.4102925459543864 1.0 0.43168779214223224 1.0 0.44620684782663983 0.9914885759353638 0.45917248725891113
1 0.7709060311317444 0.017113685607910156 0.7777832746505737 0.008653640747070312 0.781969428062439 0.009360631306966146 0.7847771644592285 0.021094361941019695 0.7883049249649048 0.037520249684651695 0.7883235216140747 0.04770068327585856 0.7814115285873413 0.039182066917419434 0.7756049633026123 0.03460844357808431
1 0.7885944843292236 0.0013020833333333333 0.7990171313285828 0.0013020833333333333 0.8123076558113098 0.0013020833333333333 0.8221994638442993 0.005575219790140788 0.8283783197402954 0.00946823755900065 0.8344489336013794 0.009302735328674316 0.8439042568206787 0.0013020833333333333 0.8542648553848267 0.0013020833333333333 0.8382250070571899 0.0013020833333333333 0.8279434442520142 0.0013020833333333333 0.8101829290390015 0.0013020833333333333 0.7968364357948303 0.0013020833333333333
1 0.8427505493164062 0.05929875373840332 0.8580988049507141 0.0503841241200765 0.8711575269699097 0.043146729469299316 0.8783823251724243 0.05174748102823893 0.8848457336425781 0.06594979763031006 0.8906555771827698 0.08301822344462077 0.8827496767044067 0.09849262237548828 0.8761196136474609 0.1048657496770223 0.8705220222473145 0.11523036162058513 0.8700909614562988 0.12699011961619058 0.8620221614837646 0.1225368579228719 0.8703621625900269 0.1028750737508138 0.8778064250946045 0.08403527736663818 0.8759678602218628 0.07056387265523274 0.8711979389190674 0.06503661473592122 0.8588850498199463 0.06669123967488606 0.8438583016395569 0.0741891860961914
0 0.8089408874511719 0.07345398267110188 0.8058743476867676 0.06296205520629883 0.8109495043754578 0.056131323178609215 0.8162182569503784 0.05404520034790039 0.8311787843704224 0.059505343437194824 0.8380939364433289 0.061980207761128746 0.8368672132492065 0.07102970282236735 0.8299158811569214 0.07880496978759766 0.8157699108123779 0.07866919040679932
