0 0.07330505222950166 0.02963003431047712 0.0847270928540276 0.04709156581333705 0.10512360508002123 0.054730982594675834 0.1230725334685983 0.06127905907568994 0.1230725334685983 0.07655789759251978 0.10186016490158525 0.06782713060255174 0.0822795164237902 0.059096363612583705 0.06759402821364913 0.051456946831244924
0 0.18589376801425972 0.004529084478105817 0.17936688765738773 0.02853868905600015 0.17855103131636832 0.04381752509575385 0.18670963916963743 0.04818291106781402 0.19405237586752883 0.03181272481943106 0.19976339988338138 0.017625231557078177 0.20629028024025334 0.01216850404615526 0.2120013042561059 0.005620430042217304 0.20230889181488926 0.0012987012987012987
0 0.14918005489608616 0.04490887035023083 0.1695765671220798 0.051456946831244924 0.19160479203011227 0.0558223278491528 0.2128171605971253 0.059096363612583705 0.223423352287811 0.07437520708356585 0.2283185051482858 0.09183673610934963 0.2209757684503944 0.09838480763621145 0.21363303175250303 0.10493287916307326 0.21852818461297785 0.11366365110719359 0.2283185051482858 0.12785114436954648 0.2315819601410801 0.14203863763189936 0.22587093612522754 0.14422132814085328 0.21118544791508648 0.12457710365196327 0.20465856755821452 0.10929826018098113 0.20139512737977852 0.09620211712725751 0.18834135185167628 0.08528866458248782 0.17284000730051577 0.08310596911938159 0.15244349507452215 0.08528866458248782 0.14102146185717537 0.08856269539176644 0.13041527016648968 0.0929280764096743 0.11736150945274575 0.09729346733588677 0.10430774133182266 0.09729346733588677 0.09043811686988015 0.09074538590072037 0.08880639678066217 0.07655789759251978 0.10512360508002123 0.08092327861042765 0.12062494963118174 0.08310596911938159 0.13204699766288683 0.06782713060255174 0.13204699766288683 0.05800501835810674
0 0.43799462179535803 0.09551456996372767 0.4306518850974666 0.22279821618810877 0.4273884301046723 0.2457164615779728 0.4273884301046723 0.26426934576653816 0.42494086108161405 0.28173086983816964 0.42494086108161405 0.3057404753449675 0.4298359991277306 0.31883661839869115 0.4306518850974666 0.33411548168628247 0.4257567174226335 0.35157700575791395 0.4257567174226335 0.3712212104301948 0.42820428644569175 0.3843173733005276 0.506176046723301 0.42033176174411524 0.3955698846613319 0.4421586866502638 0.3865954056526851 0.46180289132254465 0.3923064296685376 0.47271637359222807 0.5086236157463592 0.43997600604961445 0.5192298666944781 0.41378368030894885 0.4339153104615443 0.39195679503601866 0.4526800951911408 0.3570337072595373 0.45594355018393506 0.34502892432274757 0.4543118078731796 0.3373895025872565 0.4453373584932494 0.3461202646230722 0.4371787654543386 0.36249044839437905 0.4388104781363774 0.3428462437220982 0.4388104781363774 0.3133798970804586 0.4420739035004551 0.2795481892375203 0.4469690711752882 0.2544472236137886 0.44452150215222996 0.23589435924183239 0.4461532148342688 0.22607225690569197
0 0.4902096646503337 0.34066352348823054 0.5195806706993326 0.32211065911627434 0.5310027187310377 0.31228855678013395 0.5399771384822513 0.31119719666320006 0.531818575072057 0.3362981622869318 0.5228440960634102 0.3777692918653612 0.4195806706993325 0.4050529182731331 0.4179488987598604 0.4159664005428166 0.40163171268203884 0.41378368030894885 0.5804193293006675 0.4006875570718344 0.47144487992073725 0.38104331276633524 0.47389247857251215 0.3570337072595373
0 0.004772783020167675 0.054730982594675834 0.03251203518469357 0.08856269539176644 0.13903891554156553 0.14967804945908583 0.16188301160497573 0.18569246762758726 0.06269886794599515 0.20315399169921874 0.04474993955741808 0.2086107130174513 0.03659133540773855 0.21952417547052558 0.020274128960174265 0.2184328351702009 0.01864240887095627 0.20315399169921874 0.12761686750986043 0.18023572649274552 0.12353757099040504 0.1507693996677151 0.10558864260182797 0.1540434403852983 0.10477278626080856 0.12239441314300933 0.004772783020167675 0.09074538590072037
0 0.01945826891556527 0.5152788434709822 0.03006445319907179 0.5043654008345171 0.03577547536312955 0.5098221023361404 0.03577547536312955 0.5272836264077719 0.029248593154462797 0.5371057683771306 0.02272171094579604 0.5327403675426137
0 0.017826548826347276 0.5873076599913758 0.025985151124232022 0.5578413133497362 0.033327895229302566 0.5414711295784294 0.04393407951280909 0.5283749667080966 0.06106714415318758 0.5327403675426137 0.06514644437623256 0.5534759521484375 0.08064779633457221 0.5600239939503856 0.09696499722675213 0.5578413133497362 0.11654564570454717 0.4534759521484375 0.1312311265075091 0.4458365304129464 0.14510075837663075 0.44911055131392047 0.15162763873350274 0.4611153738839286 0.15978624658677185 0.47748555765523537 0.16141795926881067 0.4905816808923498 0.14510075837663075 0.4982211026278409 0.2271518299880537 0.6047691840630073 0.21654565311172633 0.610225925197849 0.20267602124260467 0.6276874492694805 0.09941258106416868 0.6429662927404627 0.09206983695909815 0.6560624159775771 0.07901606883817507 0.6604278168120942 0.07004161205106568 0.645148973341112 0.05943542406396959 0.6396922322062703 0.039038915541565536 0.640783572506595 0.021905849049392256 0.6440576330407873 0.00966794467666774 0.640783572506595 0.005588643064776671 0.6386008919059456 0.0031410622365266373 0.6222307081346388 0.010483804721276737 0.6255047290356128 0.014563106796116505 0.6309614701704546 0.025985151124232022 0.6309614701704546 0.03659133540773855 0.6211393678343141 0.03251203518469357 0.6113172654981737
0 0.0072203640798920565 0.7357306938666802 0.02272171094579604 0.7259085518973214 0.04148649567539252 0.718269090528612 0.03251203518469357 0.7444614162692776 0.04556579960202708 0.7728364226105925 0.05943542406396959 0.7728364226105925 0.07004161205106568 0.7564662388392858 0.07820021249715564 0.7444614162692776 0.08554295660222619 0.7411873953683036 0.10512360508002123 0.749918117770901 0.1132822055261112 0.7575575791396104 0.11736150945274575 0.7728364226105925 0.11572978936352776 0.7859325854809254 0.10022843740518811 0.7968459884841721 0.08554295660222619 0.7892066063818993 0.07656849240793766 0.7881152660815747 0.06514644437623256 0.7990286690848214 0.05290854370709762 0.8066681304535308 0.039038915541565536 0.8175816127232143 0.023537570990405036 0.8153988528561282 0.013747246751507508 0.8055767901532062 0.006404503572334364 0.7793844644125406 0.014563106796116505 0.7630142806412338 0.014563106796116505 0.755374898538961
0 0.1944031946867415 0.640783572506595 0.30419353003640776 0.6429662927404627 0.31072041039327974 0.6538797353769278 0.3205107161142294 0.6516970547762784 0.3319327641459345 0.6506057144759537 0.3392755304725425 0.6560624159775771 0.33030105146389566 0.6778893408837257 0.33030105146389566 0.6975335455560064 0.33274862048695386 0.7160864099279627 0.3115362667342991 0.720451850395698 0.300114218702594 0.705173006924716 0.1944031946867415 0.6898941634537338 0.19277148200470268 0.6713412990817776 0.19195562566368327 0.6560624159775771
0 0.15570695006731644 0.25990396474863026 0.1736558636415352 0.24353378097732345 0.20547442389923393 0.2348030189415077 0.223423352287811 0.23043763792359984 0.2087378640776699 0.2500818425958807 0.18344619899120146 0.2588126244483056 0.1654972706026244 0.26754338648412135 0.1548910789119387 0.27081742720170454
0 0.29603490736878035 0.23916839995941558 0.300114218702594 0.2348030189415077 0.31561557806811286 0.2555385837307224 0.3278534824408374 0.2653606860668628 0.3409072431545813 0.2697260670847707 0.34661826717043387 0.2762741485199371 0.3392755304725425 0.28937029157366073 0.33438036279770933 0.2915529919909192 0.32214245842498485 0.28282221013849435 0.31235212307531857 0.26754338648412135 0.3017459313846329 0.25335588331346387
0 0.5024475690230582 0.164956892930068 0.5114220480317051 0.14967804945908583 0.5220282397223908 0.1507693996677151 0.54160885116429 0.18241842691000407 0.5522150428549757 0.1976972703809862 0.5587419528405643 0.21406745415229303 0.5701640008722694 0.22061551577085026 0.5840336179270328 0.23152897822392451 0.5954556659587379 0.24789916199523132 0.6060618576494236 0.26317800546621345 0.6085094266724818 0.28282221013849435 0.6003508040048544 0.28937029157366073 0.5889287559731493 0.2664520263671875 0.5783225642824636 0.24680782169490664 0.5652688035687197 0.23807703984248174 0.5432406231037621 0.23043763792359984 0.5350820004361347 0.23152897822392451 0.5228440960634102 0.20970205331777597 0.5212123833813713 0.1922405292461445 0.5114220480317051 0.17587034547483765
0 0.00436485253491448 0.21625013475294236 0.01578689686303 0.22825493750634132 0.03373582339981227 0.2522645430131392 0.047605451565344355 0.2762741485199371 0.04842131160995335 0.2839135702554282 0.03373582339981227 0.2937356725915686 0.01578689686303 0.30028375402673496 0.00436485253491448 0.30464913504464286 0.0051807130424721725 0.24680782169490664
0 0.005996573550029866 0.31883661839869115 0.027208941191145516 0.31119719666320006 0.04189442754949181 0.31228855678013395 0.04597372777253679 0.3352068219866071 0.03944684741566482 0.37012987012987014 0.04189442754949181 0.394139475636668 0.04842131160995335 0.4159664005428166 0.03128824326598528 0.4061442585734578 0.007628294102196555 0.390865454735694 0.0051807130424721725 0.34830294522372157
0 0.3094966258817506 0.5174615240716315 0.3127600512458283 0.496725979099026 0.3274455542703277 0.4858124968293425 0.3486579080229824 0.47599039449320213 0.36579098007054006 0.47599039449320213 0.37802888444326455 0.4825384759283685 0.3918985014980279 0.48799521706321025 0.5049522622117718 0.49781731939935064 0.41719016658449637 0.5196442046722809 0.4196377652362712 0.542562469878754 0.403320549529733 0.5632980544845779 0.40250469318871357 0.5873076599913758 0.4082157172045661 0.616773966999797 0.41719016658449637 0.637509551605621 0.4310598132679763 0.6593364765117695 0.4237170469413683 0.6680671989143668 0.4082157172045661 0.676798000583401 0.3951619564908222 0.6506057144759537 0.37802888444326455 0.6396922322062703 0.3560006447208738 0.6331441507711039 0.33642000365025787 0.6396922322062703 0.3258138119595722 0.6320528104707792 0.31520764989760314 0.6396922322062703 0.3021538595551426 0.6331441507711039 0.19154769749317355 0.6320528104707792 0.18910009884139867 0.645148973341112 0.1866525298183404 0.6669758586140422 0.18746838615935982 0.6844373826856737 0.17604633812765474 0.6691585392146916 0.17278291276357707 0.6527883950766031 0.1752304817866353 0.6320528104707792 0.19073184115215414 0.6200480275339895 0.3054173145479369 0.6080432049639813 0.316839362579642 0.5993124429281655 0.32989312329338594 0.5862163196910511 0.3323406923164442 0.5632980544845779 0.32336624293651395 0.5469278707132711 0.30704902722997574 0.5436538101790788 0.3062331708889563 0.5360143884435876
0 0.28012564946146845 0.033995415328384994 0.29562697919827063 0.04709156581333705 0.3127600512458283 0.054730982594675834 0.3258138119595722 0.07000982111150568 0.3274455542703277 0.08419731437385856 0.33152483597542476 0.11038961038961038 0.3339724346271996 0.12785114436954648 0.3331565782861802 0.14531266844117796 0.3307089796344053 0.1671395834390219 0.3307089796344053 0.17259630475725446 0.3217345302544751 0.18678380792791194 0.3127600512458283 0.18787514822823662 0.2980745778500455 0.17368766487418832 0.2874683861593598 0.16277420242111404 0.2874683861593598 0.13330786568777903 0.28012564946146845 0.10711556967202719 0.2744146254456159 0.09183673610934963 0.27359876910459646 0.07328385687493659 0.27686219446867416 0.054730982594675834
0 0.2474912328627503 0.14312997793222404 0.25238638572322514 0.11912037242542614 0.2678877450887439 0.10711556967202719 0.27523048178663534 0.11584634161614753 0.2809415058024879 0.14312997793222404 0.28502081713630156 0.164956892930068 0.2939952665162318 0.18241842691000407 0.30378560186589804 0.1911491889458198 0.31112833856378946 0.19878861068131087 0.30704902722997574 0.20424533199954342 0.2948111228572512 0.20097129128196023 0.28012564946146845 0.19005784864549513 0.26870360142976335 0.1813270667930702 0.26054500839085254 0.17150496445692978 0.2556498407160194 0.15950016170353085
0 0.2050664957287242 0.2871876109730114 0.21730440010144872 0.27409144810267855 0.22872644813315382 0.2653606860668628 0.24667537652173088 0.25662992403104706 0.2678877450887439 0.25335588331346387 0.27686219446867416 0.25662992403104706 0.28420493116656553 0.24462512127764813 0.2907318411521541 0.22716359720601664 0.2972587215090261 0.2184328351702009 0.2988904341910649 0.2086107130174513 0.2833890748255461 0.2053366722998681 0.2711511704528216 0.194423229663403 0.2646242900959496 0.1911491889458198 0.2532022420642445 0.1911491889458198 0.2434119215289366 0.19551456996372768 0.23362160099362864 0.19878861068131087 0.23362160099362864 0.2151587944526177 0.23443745733464805 0.22388955648843345 0.2197519839388653 0.248990502295556 0.21077751974457676 0.26099530504895496
0 0.2618258874393204 0.6342355307046469 0.2691686537659284 0.6298701298701299 0.2814065581386529 0.6418749128069197 0.29201272020062197 0.6582450965782265 0.10751407956614077 0.6440576330407873 0.1083299359071602 0.6386008919059456 0.11567267260505158 0.6342355307046469 0.13035816081519266 0.645148973341112 0.13688504117206463 0.6462403136414366 0.1434119215289366 0.6440576330407873 0.14422779268431432 0.6342355307046469 0.1319898883115898 0.6287787895698052 0.11485681626403216 0.6233220484349635 0.10996164858919903 0.6189566872336648 0.11893611278348756 0.6080432049639813 0.13035816081519266 0.6036778437626826 0.22709472063675668 0.5883990002917004 0.23443745733464805 0.5851249397575081 0.24259606518791718 0.5840335994571835 0.24993881670016688 0.5840335994571835 0.26217672107289136 0.5938557414265422 0.17278291276357707 0.602586503462358 0.17849390715071298 0.6156826266994724 0.16870360142976334 0.6320528104707792 0.1711511704528216 0.6593364765117695 0.17930979312044903 0.683346042385349 0.1866525298183404 0.6942595246550325 0.2948111228572512 0.7106297084263393 0.2711511704528216 0.7248172115969967 0.25891326608009707 0.7291825727982955 0.24422779268431433 0.7346392742999188 0.23851676866846178 0.718269090528612 0.22219955296192354 0.7095383681260146 0.2083299359071602 0.7160864099279627 0.2042506393877048 0.7248172115969967 0.18385412716171118 0.7237258712966721 0.1699844952925895 0.7237258712966721 0.16019417475728157 0.720451850395698 0.2585624620752427 0.6931681843547078 0.25937831841626213 0.6746153199827516 0.2650893424321147 0.6571537562779017
0 0.2833890748255461 0.7597402597402597 0.2964428355392901 0.7411873953683036 0.3013380032141232 0.7313652533989448 0.3078648835709951 0.7291825727982955 0.3192869316027002 0.7302739130986201 0.33152483597542476 0.7237258712966721 0.33886757267331613 0.7193605100953734 0.34784205168196297 0.7248172115969967 0.3535530756978155 0.7346392742999188 0.34784205168196297 0.752100877637987 0.33968345864305216 0.7706537420099432 0.3323406923164442 0.7837498256138393 0.32499795561855277 0.7892066063818993 0.3094966258817506 0.7837498256138393 0.2931794101752124 0.7695624017096185
0 0.28910009884139864 0.9692786278662744 0.2988904341910649 0.9747353293678978 0.30704902722997574 0.9791007698356331 0.3331565782861802 0.967095947265625 0.3470261953409436 0.9550911246956169 0.3519213630157767 0.9441776424259335 0.36415926738850124 0.9409036215249594 0.3649751237295206 0.9310815588220374 0.3715020040863926 0.9223507571530033 0.39597781283184164 0.9158027153510552 0.4131108848793993 0.8103459345829951 0.4065840045225273 0.9974025974025974 0.40005712416565536 0.9830623478084416 0.3829240521180977 0.8917930702110389 0.3706861477453732 0.8983411912794237 0.35763238703162925 0.9070719136820211 0.3486579080229824 0.9168940556513798 0.33968345864305216 0.9288987989549513 0.3258138119595722 0.9419949618252841 0.31520764989760314 0.9518171037946429 0.3046014582069175 0.9572738052962663
0 0.37313371676843143 0.9343555797230113 0.39353021418006673 0.9354469200233361 0.4106632862276244 0.83872094092431 0.42045362157729066 0.8398122812246347 0.4310598132679763 0.8398122812246347 0.44329771764070086 0.8256247780539773 0.4457452866637591 0.8070719136820211 0.42861221461620147 0.8081632539823458 0.4196377652362712 0.8158027153510552 0.40495226221177183 0.8190767362520293 0.3918985014980279 0.9201680765523539 0.38129230980734224 0.9256247780539772
0 0.008444154609754248 0.8896103896103896 0.016602756907638995 0.8743315461394074 0.028840663132158297 0.8765142267400569 0.04189442754949181 0.888519049310065 0.038630987371055824 0.9059805733816965 0.03373582339981227 0.9190767362520292 0.02639308114653652 0.929990139255276 0.01741861880404278 0.932172899122362 0.01089173566947863 0.9168940556513798 0.00436485253491448 0.9059805733816965
0 0.42942807095722085 0.5163701837713068 0.5441136036104369 0.49563459916548297 0.5571673050667476 0.4890865573635349 0.5767479757660801 0.49126923796418426 0.589801736479824 0.48035579532771916 0.5922493647603155 0.4705336533583604 0.5849065984337075 0.45525480988737826 0.5873541674567658 0.4410673463499391 0.40285549719356795 0.43888462611607143 0.42162031155188107 0.44761542778510555 0.4363057849476638 0.4519807889864042 0.44446440761529127 0.45416346958705356 0.45425468370752425 0.4410673463499391 0.45996573735209345 0.4301538640802557 0.47709877977093446 0.4345192649147727 0.4860732587795813 0.4377932858157468 0.48362568975652304 0.4596202107218953 0.4746512107478762 0.47926441539417614 0.46812436001972085 0.49454325886515826 0.5550705993059769 0.6043654008345171 0.5403850666527609 0.6076394217354911 0.5208044552108616 0.6141875031706575 0.5036713535345874 0.6272836264077719 0.4987762154884709 0.5338317078429383 0.48001143075887437 0.5371057683771306 0.4645100713933556 0.53928844897778 0.44411357398172024 0.5403797892781047 0.4310598132679763 0.5403797892781047 0.43024395692695694 0.5272836264077719
0 0.396793669172861 0.7029903263240666 0.40576811855279127 0.6909855037540584 0.4147425975614381 0.6855287229859984 0.43024395692695694 0.676798000583401 0.4384025499658677 0.676798000583401 0.4457452866637591 0.6964422052556818 0.44737699934579794 0.7193605100953734 0.44329771764070086 0.7368220341670049 0.42534878925212377 0.7324565936992695 0.4106632862276244 0.7237258712966721 0.4016888368476942 0.714995069627638
0 0.3445785966891687 0.7750191032112419 0.3494737643640018 0.7597402597402597 0.3600799560546875 0.7433700759689529 0.3763971717612257 0.7444614162692776 0.3796605971253034 0.7586489194399351 0.37721302810224516 0.7837498256138393 0.36171166873672633 0.7957546481838474 0.34621033899992415 0.7957546481838474 0.3421310276661104 0.7913892869825487
0 0.4889858801388046 0.8605478261972402 0.4995920718294903 0.8463603230265828 0.514277545225273 0.93872094092431 0.5232520242339199 0.9441776424259335 0.5305947905605279 0.9485430828936688 0.5395692103117415 0.9496344231939935 0.5444644076152912 0.9474517425933442 0.5436485512742718 0.9649132666649757 0.5477278329793689 0.9845574713372565 0.5420167793347997 0.9932881937398539 0.5265154495979976 0.9954709536069399 0.5134616888842536 0.9954709536069399 0.5012237845115292 0.9889228325385552 0.4922493351315989 0.8791007698356331
0 0.5199885988698423 0.9310815588220374 0.5371216412886832 0.9376296006239854 0.5452802639563107 0.9365382603236607 0.5501754020024272 0.9267161183543019 0.5624133063751517 0.932172899122362 0.5681243600197209 0.9452689827262581 0.5746512107478762 0.9518171037946429 0.5860732587795813 0.9561824649959415 0.5926001687651699 0.963821926364651 0.6023904448574029 0.9747353293678978 0.6089173548429915 0.9823747907366072 0.6236028282387742 0.9845574713372565 0.628498025542324 0.9692786278662744 0.6350248762704793 0.9332642394226867 0.6480786369842233 0.8917930702110389 0.6521579779467537 0.8677835043374594 0.6513420623483009 0.856870022067776 0.6325773072474211 0.863418063869724 0.6064697858199333 0.8645094041700487 0.576282923429915 0.7557786817674513 0.56486087539821 0.7481392203987419 0.5567023119880158 0.7448651994977679 0.5469119766383496 0.7677835043374595 0.5412009229937803 0.7819710075081169 0.5371216412886832 0.7983411912794237 0.5297788749620752 0.9059805733816965
0 0.728032973206159 0.903797892781047 0.7378233085558252 0.8808795879413556 0.7443501592839806 0.8699661849381087 0.7533246382926274 0.8776055670403815 0.7557722073156857 0.8961584314123376 0.7549563509746663 0.9223507571530033 0.7557722073156857 0.9452689827262581 0.7582197763387439 0.970369968166599 0.7516929256105886 0.9725526487672483 0.7435343029429612 0.963821926364651 0.7386391648968447 0.9463603230265828 0.7361915366163532 0.9354469200233361 0.7337439675932949 0.9245334377536526 0.7321122549112561 0.9158027153510552
0 0.765562542665352 0.8917930702110389 0.7761687343560376 0.8841536881087663 0.7875907823877427 0.8841536881087663 0.801460399442506 0.888519049310065 0.8112507347921724 0.8928844105113637 0.8194092982023665 0.8994325315797483 0.8047238248065838 0.9158027153510552 0.7933017767748787 0.9179853959517046 0.7786163033790958 0.9103459345829952 0.7704576807114685 0.9048892330813717
0 0.7688259680294296 0.9747353293678978 0.7900383514108009 0.9812834504362825 0.8096190221101335 0.9856488116375812 0.8243044955059162 0.9867401519379059 0.834910687196602 0.9834661310369318 0.8406216815837378 0.970369968166599 0.8479644479103459 0.9539997843952922 0.8610182086240898 0.9539997843952922 0.8757036820198726 0.9583651455965909 0.8659133466702064 0.9758266696682224 0.8569388676615595 0.9878314922382305 0.8495961605923847 0.9932881937398539 0.8373582562196602 0.9921968534395292 0.8210410108844053 0.9965622939072646 0.801460399442506 0.9965622939072646 0.7813576114987864 0.9974025974025974 0.7574039199977245 0.9965622939072646 0.7622991173012743 0.9834661310369318
0 0.8977319217422634 0.9463603230265828 0.908338113432949 0.9343555797230113 0.9156808205021237 0.9190767362520292 0.9238394431697512 0.9070719136820211 0.9328139221783981 0.895067091112013 0.9442359702101032 0.8852450284090909 0.9540262463023361 0.8808795879413556 0.9613690126289441 0.8797882476410308 0.9678959226145327 0.8961584314123376 0.9638165816520025 0.9059805733816965 0.945867682892142 0.9201680765523539 0.9377090602245146 0.932172899122362 0.9344456348604369 0.9430863021256087 0.9450518265511225 0.9518171037946429 0.970343491637591 0.9572738052962663 0.9711593479786105 0.9714613084669237 0.9613690126289441 0.9900141728388798 0.9238394431697512 0.9965622939072646 0.8716244003147755 0.9932881937398539 0.859386495942051 0.9954709536069399 0.8789671073839502 0.967095947265625
0 0.8536754422974818 0.7095383681260146 0.8683609156932646 0.680072021484375 0.876519538360892 0.6658845183137175 0.8830464483464806 0.6647931780133929 0.8887574427336165 0.705173006924716 0.8912050117566748 0.7390047147676542 0.8920208680976942 0.7673796418425325 0.8887574427336165 0.7815671450131899 0.8757036820198726 0.7837498256138393 0.863465777647148 0.7815671450131899 0.8495961605923847 0.7575575791396104 0.8528595859564624 0.7390047147676542 0.8536754422974818 0.7248172115969967
0 0.7745370216739987 0.7269998921976462 0.7867749260467233 0.7171777502282873 0.7965652021389563 0.7062643472250406 0.8055396811476031 0.7040816666243912 0.807171393829642 0.720451850395698 0.8136983038152306 0.7302739130986201 0.8210410108844053 0.7390047147676542 0.820225154543386 0.755374898538961 0.81451416015625 0.7619229403409091 0.7973811177374089 0.7651969612418831 0.7892224950697816 0.7586489194399351 0.7794321597201153 0.7510094580712257 0.7729052497345267 0.7422787356686282
0 0.7133474998103763 0.7859325854809254 0.7215060632205704 0.7586489194399351 0.7321122549112561 0.7542835582386364 0.7492453565875303 0.7608316000405844 0.7639308299833131 0.7651969612418831 0.7712735370524879 0.7750191032112419 0.7761687343560376 0.78702392578125 0.7786163033790958 0.8023027692522321 0.7778004470380765 0.8153988528561282 0.7680101116884102 0.8274036754261364 0.7582197763387439 0.8372258173954952 0.7402708775788835 0.8535960011668019 0.7312963985702366 0.8590527026684254 0.720690206879551 0.8535960011668019 0.7133474998103763 0.8448651994977678 0.7100840151888653 0.828495015726461 0.7092681588478459 0.8186729530235389 0.7092681588478459 0.8023027692522321
0 0.6798972120562803 0.7542835582386364 0.6945826854520631 0.7248172115969967 0.7100840151888653 0.5953508649553572 0.7215060632205704 0.5484229942420861 0.7304805422292172 0.5342355307046469 0.7435343029429612 0.5298701298701298 0.7574039199977245 0.5396922322062703 0.7737211653329794 0.5364182113052962 0.782695585084193 0.5298701298701298 0.8006445431014867 0.6516970547762784 0.8063555374886225 0.6680671989143668 0.7981969740784284 0.576798000583401 0.7892224950697816 0.5822547020850244 0.782695585084193 0.5898941634537338 0.7720893933935072 0.7073556875253653 0.7647466863243325 0.7106297084263393 0.7484294409890777 0.7073556875253653 0.7427184466019418 0.7095383681260146 0.7321122549112561 0.7269998921976462 0.7239536322436286 0.7357306938666802 0.7125316434693568 0.7466440968699269 0.7060047334837682 0.7630142806412338 0.7035571644607099 0.7968459884841721 0.6953985417930825 0.8099421513545049 0.6798972120562803 0.8121248319551542 0.6750020147527306 0.8099421513545049 0.6741861584117111 0.7924806272828734 0.67581787109375 0.7772017838118912 0.6782654993742415 0.7662883015422078
0 0.720690206879551 0.6294663466416396 0.7361915366163532 0.6065480814351664 0.7508770692695692 0.4934519185648336 0.7671942553473908 0.49017789766385955 0.7761687343560376 0.4890865573635349 0.7843272977662318 0.6065480814351664 0.7867749260467233 0.6251009458071226 0.7851431541072512 0.6458365304129464 0.7778004470380765 0.666572075385552 0.776984590697057 0.6916730608258929 0.7810638724021541 0.5124086057984983 0.7745370216739987 0.5255047290356128 0.7680101116884102 0.5276874492694805 0.7541404946336469 0.5265961089691559 0.7443501592839806 0.5222307081346388 0.7386391648968447 0.509134545264306 0.7337439675932949 0.6993124429281656 0.7288488295471784 0.6916730608258929 0.7272171168651396 0.6676634156858766 0.7223219195615898 0.6458365304129464
0 0.7924859204338592 0.47599039449320213 0.8039079684655643 0.45416346958705356 0.8022762557835255 0.4377932858157468 0.8079872501706614 0.42142310204443995 0.8177775855203276 0.4083269788073255 0.8308313462340716 0.4050529182731331 0.8414375379247573 0.4072356385070008 0.8406216815837378 0.4268798431792817 0.8406216815837378 0.4410673463499391 0.8430692506067962 0.4487067680854302 0.8479644479103459 0.4410673463499391 0.8536754422974818 0.42797118347960633 0.8602023522830704 0.42142310204443995 0.8699926283753034 0.4159664005428166 0.8773353947019114 0.4159664005428166 0.8846781610285194 0.4236058222783076 0.8854940173695388 0.4312452440137987 0.8846781610285194 0.4421586866502638 0.8797829637249697 0.4639856115564123 0.8748878256788531 0.47926441539417614 0.8724402566557949 0.49126923796418426 0.8716244003147755 0.5 0.8650974903291869 0.5152788434709822 0.8536754422974818 0.5207355846058238 0.8365423998786408 0.5218269249061486 0.8161458728382889 0.5010913403003247 0.8006445431014867 0.4890865573635349
0 0.8895732990746359 0.4072356385070008 0.900995347106341 0.394139475636668 0.9116015387970267 0.3865000539011769 0.9164966768431432 0.3832260330002029 0.9295504375568872 0.37340389103084415 0.9401566292475728 0.3679471895292208 0.9507628209382585 0.35266834605823866 0.9613690126289441 0.35921642749340504 0.9540262463023361 0.3777692918653612 0.945867682892142 0.389774074802151 0.9393407729065534 0.4083269788073255 0.9303662938979066 0.4246971625786323 0.9230235868287318 0.43233658431412336 0.9099698261149879 0.43888462611607143 0.8977319217422634 0.4410673463499391 0.8920208680976942 0.4246971625786323
0 0.3956269791982706 0.34502892432274757 0.20052214687310377 0.3242933595335329 0.2021538595551426 0.31556259749771715 0.21276005124582828 0.3275674002511161 0.21683936257964198 0.3384808428875812 0.21683936257964198 0.35594236695921266 0.20704902722997573 0.3744952709643872 0.3988904341910649 0.37667795156503653 0.3939952665162318 0.3744952709643872 0.39481112285725123 0.36249044839437905
0 0.34294688400712986 0.8055767901532062 0.36252752507774577 0.8044854498528815 0.37802888444326455 0.7946633078835227 0.3837399084591171 0.7772017838118912 0.38618747748217536 0.7531922179383117 0.38618747748217536 0.7400960550679789 0.38945093247496965 0.720451850395698 0.396793669172861 0.7248172115969967 0.41800602292551575 0.7390047147676542 0.43677083728382887 0.7444614162692776 0.4490087416565534 0.7379133744673295 0.45553562201342535 0.7139037293273133 0.46369421505233616 0.7073556875253653 0.47511626308404126 0.6997162261566559 0.4881700237977852 0.7008075664569805 0.49306519147261835 0.7139037293273133 0.489801736479824 0.7357306938666802 0.4857224547747269 0.7488267774705762 0.48001143075887437 0.7542835582386364 0.46695767004513045 0.7651969612418831 0.4571673346954642 0.7761104435115666 0.4457452866637591 0.7913892869825487 0.4375866936248483 0.916490193156453 0.4335073822910346 0.9263123351258117 0.409847429886605 0.931769036627435 0.39597781283184164 0.828495015726461 0.38455576480013653 0.821946973924513 0.3649751237295206 0.821946973924513 0.34784205168196297 0.8230383142248376 0.3437627403481493 0.8164901931564529
0 0.36334338141876515 0.8350431367948458 0.3763971717612257 0.8481392203987419 0.3878192197929308 0.8623267235693993 0.39108264515700847 0.8448651994977678 0.3870033338231948 0.8339517964945211 0.37802888444326455 0.8306776963271104
0 0.576282923429915 0.8084470278256899 0.5819939770744842 0.583346042385349 0.5909683968256978 0.5713412990817776 0.6007587321753641 0.6615191571124188 0.6105490675250304 0.6571537562779017 0.6178918338516384 0.6615191571124188 0.6219711155567355 0.6888028231534091 0.628498025542324 0.711721048726664 0.6333931635884406 0.7324565936992695 0.6350248762704793 0.7488267774705762 0.6252345409208131 0.7662883015422078 0.6121807802070691 0.7586489194399351 0.5966794504702669 0.8390047147676543 0.5868891151206007 0.8291825727982954 0.5811781207334648 0.8215431906960228
0 0.3943461001498028 0.0034377386043598127 0.38455576480013653 0.0034377386043598127 0.3804764534663228 0.019807923304570187 0.3796605971253034 0.03508676305993811 0.3763971717612257 0.04163483458679992 0.3796605971253034 0.053639637340198866 0.3943461001498028 0.06891847585702872 0.4082157172045661 0.17110116141183035 0.41719016658449637 0.17874058314732144 0.4220853342593295 0.19511076691862825 0.42861221461620147 0.0038415388627485794 0.4351390949730734 0.004932879163073255 0.4424818612996814 0.006024229371702516 0.4490087416565534 0.1918367460176542 0.4571673346954642 0.16673578039392248 0.46043076005954187 0.14054349428647525 0.4612466460292779 0.12308196030653916 0.4579831910364836 0.10780311683555702 0.4539038797026699 0.10234639551732447 0.43921840630688713 0.10343773581764915 0.4196377652362712 0.10343773581764915
0 0.5387533539707221 0.1376732467056869 0.551807114684466 0.12348575344333401 0.5599657373520934 0.10493287916307326 0.5738353544068568 0.09074538590072037 0.585257402438562 0.06891847585702872 0.5966794504702669 0.051456946831244924 0.6032063604558556 0.03181272481943106 0.6113649238660498 0.01544254104812424 0.621155259215716 0.01653388630260121 0.6350248762704793 0.02089926979758523 0.641551786256068 0.03072137956495409 0.6301297382243629 0.07110116636598265 0.6227869718977549 0.09620211712725751 0.6219711155567355 0.1267597941609172 0.6219711155567355 0.1376732467056869 0.6048380731378944 0.13112517517882508 0.5983111631523058 0.14422132814085328 0.6007587321753641 0.16168285221248477 0.6007587321753641 0.1704136241566051 0.585257402438562 0.17696168577516233 0.5730194980658374 0.1780530458920962 0.5713877853837985 0.1704136241566051 0.5738353544068568 0.15950016170353085 0.5664925880802488 0.16277420242111404 0.5534388273665048 0.164956892930068 0.5444644076152912 0.15840882140320617 0.5387533539707221 0.14967804945908583
0 0.6023904448574029 0.1474953589501319 0.6113649238660498 0.164956892930068 0.6276821692013046 0.16604823323039267 0.6391041579755764 0.164956892930068 0.6333931635884406 0.15622613089425222 0.6236028282387742 0.1474953589501319 0.6154442648285801 0.14203863763189936 0.6089173548429915 0.1398559471229454
0 0.6472627806432039 0.1573174711945769 0.658684828674909 0.1474953589501319 0.6750020147527306 0.1376732467056869 0.6864240627844357 0.1300338348785004 0.6880557754664746 0.1398559471229454 0.6864240627844357 0.15513478068562297 0.6741861584117111 0.17587034547483765 0.6668434513425364 0.18350976721032874 0.6554214033108313 0.18678380792791194 0.6488944933252427 0.18350976721032874 0.6431834989381068 0.17477900517451297
0 0.01905033889326077 0.86014404296875 0.016602756907638995 0.8426825188971185 0.021497919027087756 0.8328604561941965 0.03455168344442127 0.828495015726461 0.04515786772792779 0.8317690366274351 0.05657991205604331 0.8350431367948458 0.06637023629494083 0.8339517964945211 0.07534470048922937 0.821946973924513 0.07534470048922937 0.8055767901532062 0.08350330093531932 0.7968459884841721 0.09410948521882585 0.8033941095525569 0.10308394941311438 0.8044854498528815 0.10961083717716551 0.7990286690848214 0.11613771753403747 0.7924806272828734 0.12429631798012743 0.7826584853135146 0.13163906949237714 0.7793844644125406 0.13571836601183251 0.7837498256138393 0.13245492583339655 0.8055767901532062 0.13000734199597996 0.8295863560267858 0.12837562931394114 0.8459565397980925 0.12266459789090943 0.8590527026684254 0.10471566950233237 0.8612353832690747 0.09900465289365898 0.8688748446377841 0.09900465289365898 0.8863363687094156 0.09166190878858844 0.9005238718800731 0.08350330093531932 0.9048892330813717 0.07452884414820996 0.9147113750507305 0.07208126031079339 0.9278074586546267 0.06555437995392142 0.9365382603236607 0.05657991205604331 0.9419949618252841 0.04597372777253679 0.9398122812246348 0.03699926728183783 0.9310815588220374 0.0427102875941008 0.9125286151836445 0.049237171654562345 0.8939757508116883 0.04597372777253679 0.8765142267400569 0.03536754348903026 0.8688748446377841
0 0.07697642057844736 0.9365382603236607 0.08023986075688334 0.9223507571530033 0.09003018869937045 0.9092545942826704 0.10063637298287698 0.8994325315797483 0.11858530137145404 0.9059805733816965 0.12919148565496055 0.9092545942826704 0.12919148565496055 0.9256247780539772 0.13000734199597996 0.9365382603236607 0.12266459789090943 0.9496344231939935 0.11287427735560149 0.963821926364651 0.10063637298287698 0.9758266696682224 0.08758260486195388 0.9878314922382305 0.07616056423742794 0.9889228325385552 0.06718610004313941 0.9801921101359578 0.06555437995392142 0.9692786278662744 0.07126539656259481 0.9550911246956169 0.07616056423742794 0.9529084440949676 0.08105572450508192 0.9463603230265828
0 0.16672105511415353 0.9267161183543019 0.17161622278898664 0.9092545942826704 0.18059068698327518 0.903797892781047 0.1895651511775637 0.9070719136820211 0.20261891189130765 0.9016152121803978 0.2091457922481796 0.8961584314123376 0.21812025644246813 0.8830623478084415 0.22219955296192354 0.8732402058390828 0.23362160099362864 0.8961584314123376 0.2434119215289366 0.9059805733816965 0.24912296035914744 0.9147113750507305 0.24912296035914744 0.93872094092431 0.2393326250094812 0.9539997843952922 0.22954230447417323 0.967095947265625 0.22138369662090412 0.970369968166599 0.2009871843949105 0.9692786278662744 0.18385412716171118 0.9660046069653003 0.1732479354710255 0.9594564858969156
0 0.24422779268431433 0.8983411912794237 0.25238638572322514 0.8928844105113637 0.261360864731872 0.8786969073407062 0.2646242900959496 0.8699661849381087 0.2744146254456159 0.8994325315797483 0.28420493116656553 0.9147113750507305 0.2939952665162318 0.9267161183543019 0.30296974552487865 0.9409036215249594 0.29154769749317355 0.9507257634943181 0.2744146254456159 0.963821926364651 0.26380843375493024 0.9812834504362825 0.25075467304118626 0.9943795340401785 0.24178020884689774 0.9856488116375812 0.24178020884689774 0.9714613084669237 0.24178020884689774 0.963821926364651 0.2556498407160194 0.9409036215249594 0.2580974097390777 0.9179853959517046 0.2532022420642445 0.9081632539823458
0 0.6407359299150486 0.21952417547052558 0.6505262060072815 0.20642803241680194 0.6676593076835559 0.2053366722998681 0.6913192600879854 0.20424533199954342 0.8051888771427488 0.21406745415229303 0.8141633561513957 0.23371165882457387 0.8125316434693568 0.24680782169490664 0.6970302544751213 0.24680782169490664 0.6839764937613775 0.24135108056006493 0.6701068767066141 0.24244244067699877 0.6578689723338895 0.24244244067699877 0.6464469243021844 0.24025974025974026 0.6407359299150486 0.2326203185242492
0 0.8590356326797634 0.2053366722998681 0.8533246382926274 0.22061551577085026 0.8500612129285497 0.23807703984248174 0.8467977283070388 0.24353378097732345 0.8533246382926274 0.2588126244483056 0.869641824370449 0.27190876750202925 0.8786163033790959 0.28609625085607754 0.890038351410801 0.2839135702554282 0.8884066387287621 0.2697260670847707 0.8778004470380765 0.25335588331346387 0.8712735370524879 0.23698569954215706 0.8647466863243325 0.22388955648843345
0 0.8300154898930522 0.00998581229866325 0.8136983038152306 0.023081960306539164 0.8088031065116809 0.03836079882336901 0.7998286867604673 0.06127905907568994 0.8006445431014867 0.08092327861042765 0.8006445431014867 0.09620211712725751 0.8949334894569175 0.11366365110719359 0.8933017767748787 0.12239441314300933 0.7104348784511529 0.12130306293438008 0.7243044955059162 0.11038961038961038 0.7324630589161104 0.10602422937170251 0.8381741125606796 0.09183673610934963 0.8406216815837378 0.08310596911938159 0.8430692506067962 0.06018771382121297 0.8512278732744235 0.03072137956495409 0.8618340649651092 0.0034377386043598127 0.8422533942657767 0.006711775915963309
0 0.738989968901699 0.11475499140751827 0.7398058252427184 0.10275018865411932 0.852043729615443 0.09183673610934963 0.8610182086240898 0.09074538590072037 0.7716244003147755 0.11366365110719359 0.7757036820198726 0.11802903212510146 0.7846781610285194 0.11257230089856432 0.8879415863925971 0.0994761578448407 0.8977319217422634 0.09729346733588677 0.9075222570919296 0.10056749814516538 0.9132332514790655 0.11257230089856432 0.9132332514790655 0.11912037242542614 0.9173125331841626 0.12566845386059253 0.9171723300970874 0.14082792207792208 0.9173125331841626 0.1573174711945769 0.918128389525182 0.17368766487418832 0.908338113432949 0.17696168577516233 0.7920208680976941 0.16932228385628043 0.7797829637249697 0.16168285221248477 0.7618340649651092 0.15513478068562297 0.7504120169334041 0.14312997793222404 0.7455168196298544 0.13112517517882508
0 0.9230235868287318 0.33411548168628247 0.9303662938979066 0.3177452780983665 0.942604198270631 0.30355779474431815 0.9638165816520025 0.30137509432705967 0.9776861987067658 0.3057404753449675 0.9899241030794903 0.3242933595335329 0.9941747572815534 0.328895192332082 0.9941747572815534 0.3504856654575893 0.9882923903974514 0.3657644692953531 0.9801338269872573 0.37340389103084415 0.9687117789555522 0.3788606321656859 0.9613690126289441 0.38104331276633524 0.9646324379930219 0.36358178869470376 0.9638165816520025 0.3461202646230722 0.9532103899613168 0.3428462437220982 0.9442359702101032 0.35266834605823866 0.9344456348604369 0.3613991080940544 0.9230235868287318 0.3570337072595373 0.9189443051236347 0.3439375840224229
0 0.8887574427336165 0.4628942316228693 0.8952843527192051 0.4519807889864042 0.9099698261149879 0.44979810838575485 0.9230235868287318 0.4410673463499391 0.9344456348604369 0.429062523779931 0.9434201138690838 0.4246971625786323 0.9548421026433556 0.4126923400086242 0.9678959226145327 0.397413496537642 0.9752386296837076 0.3875913942015016 0.9817655396692961 0.3843173733005276 0.9866606777154127 0.390865454735694 0.9817655396692961 0.41050965940797485 0.9646324379930219 0.4356106052150974 0.9491311082562197 0.46180289132254465 0.9401566292475728 0.48799521706321025 0.9262870121928095 0.5207355846058238 0.9156808205021237 0.5469278707132711 0.9050746288114381 0.566572075385552 0.8920208680976942 0.5785768979555601 0.8830464483464806 0.5731201568207184 0.8805988200659891 0.5534759521484375 0.8789671073839502 0.5272836264077719 0.8757036820198726 0.507639421735491 0.8838623046875 0.48799521706321025 0.8871257300515777 0.47599039449320213
0 0.9050746288114381 0.5938557414265422 0.914049107820085 0.5720288165203937 0.9271028685338288 0.5545672924487621 0.9368932038834952 0.5523845722148945 0.9401566292475728 0.5698461359197443 0.9417883419296117 0.5862163196910511 0.9409724855885923 0.5993124429281655 0.9262870121928095 0.7156826266994724 0.9205760178056736 0.7244134283685065 0.9067064007509102 0.7418748731737013 0.8961002090602245 0.6495143345424107 0.8920208680976942 0.6418749128069197 0.8952843527192051 0.6244133887352882 0.900995347106341 0.7113172654981738
0 0.9564738745828276 0.7287787895698052 0.970343491637591 0.7189567268668832 0.9825813960103156 0.7364181716720779 0.9941747572815534 0.7598486962256493 0.9941747572815534 0.783346042385349 0.9941747572815534 0.7953508649553571 0.9744227733426881 0.7713412990817776 0.9654482943340412 0.7538797750101461 0.9597372999469054 0.745148973341112
0 0.8128824474742111 0.850321980265828 0.8340948308555826 0.8481392203987419 0.852043729615443 0.8415911785967938 0.8699926283753034 0.8394084979961445 0.8830464483464806 0.8557786817674513 0.8903891554156553 0.8645094041700487 0.9018112034473604 0.856870022067776 0.9189443051236347 0.8437738591974432 0.9368932038834952 0.8437738591974432 0.9466835392331614 0.8372258173954952 0.945867682892142 0.8186729530235389 0.9556580182418083 0.8132161722554789 0.9768703423657463 0.8055767901532062 0.9940034440420207 0.8088508110541802 0.9941747572815534 0.6933046018922484 0.9940034440420207 0.6531922179383117 0.9850289650333738 0.6477354371702516 0.9687117789555522 0.6510094580712257 0.9548421026433556 0.652100877637987 0.9368932038834952 0.6422787356686283 0.9295504375568872 0.6477354371702516 0.9156808205021237 0.661922940340909 0.9034429161293993 0.661922940340909 0.9018112034473604 0.6772017838118912 0.8912050117566748 0.790297946682224 0.8805988200659891 0.7957546481838474 0.8659133466702064 0.7957546481838474 0.8577547240025789 0.7957546481838474 0.8455168196298544 0.8132161722554789 0.8308313462340716 0.828495015726461 0.8194092982023665 0.8437738591974432
1 0.005996573550029866 0.005620430042217304 0.005996573550029866 0.042726179841276885 0.01741861880404278 0.05800501835810674 0.03291996335520328 0.07437520708356585 0.050053031699171344 0.08310596911938159 0.06963367647337682 0.08747135509144176 0.07779228432664594 0.0863800048828125 0.07942400441586392 0.07546655233804282 0.07534470048922937 0.06673578534807478 0.06310679611650485 0.05691367310362977 0.06229093236830628 0.03617810831441508 0.05984335593806887 0.01544254104812424 0.05576405201143431 0.004529084478105817 0.03536754348903026 0.002346393040248326 0.016602756907638995 0.002346393040248326
1 0.13944684371207525 0.10711556967202719 0.05086889174378034 0.09401942661830358 0.17616055683024878 0.10384153886274858 0.004715669502332372 0.10820691988065645 0.021848741549890017 0.11148096059823966 0.04632454288815989 0.10929826018098113 0.16672105511415353 0.0994761578448407 0.182222399665314 0.09838480763621145 0.09446030403803853 0.11038961038961038 0.21567267260505157 0.14640401864980723 0.22954230447417323 0.16059151191216012 0.2434119215289366 0.1704136241566051 0.24504364902533374 0.18569246762758726 0.22627886429573726 0.1922405292461445 0.22464713679934012 0.2151587944526177 0.21077751974457676 0.22279821618810877 0.19446030403803855 0.229346277806666 0.17243207913000608 0.23589435924183239 0.15693073457884557 0.24462512127764813 0.14714041404353762 0.2511732027128145 0.13163906949237714 0.2620866453492796 0.11858530137145404 0.2620866453492796 0.10716325333974894 0.24025974025974026 0.09247776512960786 0.22825493750634132 0.07534470048922937 0.2151587944526177 0.16963367647337682 0.194423229663403 0.15576405941861346 0.16277420242111404 0.1459737240689472 0.1474953589501319 0.1410785712084724 0.1300338348785004
1 0.02476136105731853 0.22716359720601664 0.04597372777253679 0.2217068560711749 0.06310679611650485 0.21734147505326704 0.08105572450508192 0.23043763792359984 0.095741212715223 0.24135108056006493 0.10961083717716551 0.25662992403104706 0.1136901336966209 0.28282221013849435 0.10634739699872953 0.2937356725915686 0.09410948521882585 0.2959183730088271 0.07534470048922937 0.2981010536094765 0.05576405201143431 0.29700971330915177 0.05576405201143431 0.2839135702554282 0.051684751788389334 0.26754338648412135 0.04107856750488281 0.248990502295556 0.03210410331059428 0.23916839995941558
1 0.12021702146067202 0.2795481892375203 0.13163906949237714 0.27190876750202925 0.14387697386510165 0.26754338648412135 0.1504038542219736 0.27845682912058645 0.16019417475728157 0.2795481892375203 0.16753691145517294 0.2795481892375203 0.15693073457884557 0.29700971330915177 0.14469283020612106 0.2991924137264103 0.13327078217441596 0.2948270128918933 0.12429631798012743 0.2937356725915686 0.11940115771247345 0.2904616318739854
1 0.05494819196682532 0.3133798970804586 0.06963367647337682 0.30792317576222605 0.0859508847727359 0.3068318156452922 0.10145222932389639 0.30137509432705967 0.1153218537858389 0.2991924137264103 0.13000734199597996 0.3090145160625507 0.1389818061902685 0.319927978515625 0.13000734199597996 0.34502892432274757 0.12266459789090943 0.36249044839437905 0.11858530137145404 0.3865000539011769 0.11776943762325547 0.5083269788073255 0.1153218537858389 0.52142310204444 0.10389981316131296 0.5225144423447646 0.08187158084610134 0.429062523779931 0.07208126031079339 0.42033176174411524 0.05413233192221632 0.4061442585734578 0.04842131160995335 0.3875913942015016 0.04597372777253679 0.3679471895292208 0.05413233192221632 0.3439375840224229 0.05657991205604331 0.32975008085176544
1 0.00436485253491448 0.4192404214437906 0.02639308114653652 0.43997600604961445 0.050053031699171344 0.45743753012124594 0.06392265986470343 0.47271637359222807 0.05821163584885088 0.49126923796418426 0.0427102875941008 0.5 0.027208941191145516 0.4934519185648336 0.01578689686303 0.5043654008345171 0.006812433594638861 0.5021826806006493 0.002912621359223301 0.4635796088676948 0.002912621359223301 0.43233658431412336
1 0.07208126031079339 0.45852887042157064 0.07697642057844736 0.4454327075512378 0.08839846861015246 0.43888462611607143 0.11042669351818492 0.5388846261160715 0.13163906949237714 0.5497981083857548 0.14877212672557646 0.5672596324573863 0.17569551930844204 0.5989086596996753 0.18711756734014715 0.4207355846058239 0.18303827082069174 0.4414711295784294 0.17895895948687804 0.44801921101359576 0.16427347127673694 0.46002399395038557 0.1495879978809542 0.43928844897778 0.13327078217441596 0.434923048143263 0.1136901336966209 0.434923048143263 0.08839846861015246 0.53928844897778 0.07697642057844736 0.5414711295784294 0.06718610004313941 0.5261922861074473 0.05250061183299833 0.5174615240716315 0.04189442754949181 0.5109134426364651 0.053316471877607324 0.5032740209009741 0.06718610004313941 0.4934519185648336 0.07452884414820996 0.48362981622869317 0.07371298040001138 0.4716250332919034
1 0.1275597581585634 0.3832260330002029 0.13979766253128792 0.3352068219866071 0.15366729440040958 0.31119719666320006 0.17569551930844204 0.3090145160625507 0.1895651511775637 0.3210193188159497 0.3001713132395328 0.33957218318790583 0.31077750493021844 0.35157700575791395 0.3189361275978459 0.3777692918653612 0.32219955296192354 0.39195679503601866 0.22627886429573726 0.4116009997082995 0.2393326250094812 0.41705774084314123 0.23606918483104522 0.4410673463499391 0.23198988831158981 0.48035579532771916 0.22791057697777609 0.49781731939935064 0.21485681626403216 0.49126923796418426 0.17977481582789745 0.5770817347935268 0.16264175859469812 0.565076951856737 0.1495879978809542 0.5454327075512378 0.1381659498492491 0.5377932858157467 0.12266459789090943 0.525788502878957 0.126743901817544 0.5017788973721591
1 0.17895895948687804 0.2730001078023539 0.19038100751858314 0.26754338648412135 0.19935547171287166 0.26426934576653816 0.1969078878754551 0.28500491055575283 0.20261891189130765 0.2959183730088271 0.21730440010144872 0.2904616318739854 0.23117401715621208 0.27409144810267855 0.24585950536635315 0.26754338648412135 0.26054500839085254 0.26426934576653816 0.2744146254456159 0.26426934576653816 0.28665252981834044 0.2697260670847707 0.2907318411521541 0.28937029157366073 0.39154769749317353 0.31119719666320006 0.38828424250037924 0.34175490342177356 0.38746838615935986 0.37012987012987014 0.37849390715071296 0.37995197246601053 0.371967026793841 0.3886827345018263 0.26217672107289136 0.40396157797280846 0.2515705293822057 0.40287023767248376 0.3368850263577063 0.394139475636668 0.32954231928853156 0.3744952709643872 0.323015409302943 0.354851026658888 0.31404095992301273 0.3384808428875812 0.3075140795661408 0.3242933595335329 0.3001713132395328 0.31556259749771715 0.18711756734014715 0.3057404753449675 0.1773272468048392 0.3024664346273843 0.16916863895157008 0.30137509432705967 0.17406380662640322 0.2915529919909192
1 0.24993881670016688 0.42797118347960633 0.25728155339805825 0.44434136725091317 0.2662560027779885 0.46507695185673703 0.2727829127635771 0.48035579532771916 0.25891326608009707 0.4923605782645089 0.2434119215289366 0.49890865969967535 0.24422779268431433 0.4770817347935268 0.24259606518791718 0.4596202107218953 0.2434119215289366 0.44325002695058846
1 0.20017132805389107 0.5087307620358158 0.21893611278348757 0.5098221023361404 0.23525332849002578 0.5196442046722809 0.2515705293822057 0.5305576869419643 0.2629925774139108 0.5523845722148945 0.25401809840526396 0.5578413133497362 0.24178020884689774 0.5502018916142452 0.22138369662090412 0.5491105513139205 0.21159337608559617 0.5491105513139205 0.2042506393877048 0.5447451901126218 0.1969078878754551 0.4229182652064732
1 0.24667537652173088 0.5130961628703328 0.2629925774139108 0.5010913403003247 0.27523048178663534 0.49563459916548297 0.28828424250037926 0.49781731939935064 0.29154769749317355 0.5120047829367897 0.2964428355392901 0.5294663466416396 0.3046014582069175 0.5491105513139205 0.31112833856378946 0.5556586327490869 0.3094966258817506 0.5807595785562094 0.3054173145479369 0.5894903405920252 0.2907318411521541 0.5763941777216923 0.2809415058024879 0.5654807350852272 0.2760463381276547 0.5502018916142452 0.26707188874772453 0.53928844897778 0.25891326608009707 0.5316490272422889
1 0.009260014654363243 0.6506057144759537 0.018234478848651776 0.6724326393821023 0.009260014654363243 0.6888028231534091 0.003548992490305484 0.6909855037540584 0.0051807130424721725 0.6735239796824269 0.0051807130424721725 0.6626104974127435
1 0.029656523176767292 0.6538797353769278 0.023129640968100537 0.6647931780133929 0.03128824326598528 0.6757066602830762 0.04597372777253679 0.676798000583401 0.059027495893459875 0.6724326393821023 0.06718610004313941 0.6669758586140422 0.06555437995392142 0.6538797353769278 0.06392265986470343 0.6473316539417614 0.05413233192221632 0.6473316539417614 0.04515786772792779 0.6473316539417614 0.03781512732644683 0.6473316539417614
1 0.0051807130424721725 0.7040816666243912 0.01578689686303 0.6920768440543831 0.023129640968100537 0.6855287229859984 0.03373582339981227 0.6877114828530844 0.047605451565344355 0.6909855037540584 0.0435261476387098 0.7073556875253653 0.03210410331059428 0.7160864099279627 0.01905033889326077 0.7193605100953734 0.008444154609754248 0.7259085518973214
1 0.050053031699171344 0.7062643472250406 0.059027495893459875 0.6888028231534091 0.06800195638415883 0.6746153199827516 0.07860814066766535 0.6789806811840503 0.09084604504038987 0.7029903263240666 0.0981887891454604 0.7226345309963474 0.09900465289365898 0.7335479339995942 0.08350330093531932 0.7357306938666802 0.06718610004313941 0.7411873953683036 0.059027495893459875 0.7619229403409091 0.047605451565344355 0.7564662388392858 0.0427102875941008 0.7433700759689529 0.04434200768331879 0.7324565936992695
1 0.09084604504038987 0.6691585392146916 0.2071632459325698 0.6506057144759537 0.2153218537858389 0.6320528104707792 0.23163906949237711 0.616773966999797 0.24714041404353762 0.6058605243633319 0.26427345646237865 0.6069518646636567 0.27243207913000606 0.616773966999797 0.2634576001213592 0.6244133887352882 0.2552990070824484 0.6342355307046469 0.2520355520896541 0.6582450965782265 0.2504038394076153 0.680072021484375 0.1504038542219736 0.7062643472250406 0.1504038542219736 0.7269998921976462 0.1422452463687045 0.7379133744673295 0.11450599744481949 0.7379133744673295 0.10226809307209496 0.714995069627638 0.09492534896702443 0.6931681843547078 0.09247776512960786 0.680072021484375
1 0.1977237442164745 0.04381752509575385 0.2091457922481796 0.021990615052062196 0.2197519839388653 0.006711775915963309 0.23998531600804004 0.0012987012987012987 0.261360864731872 0.0012987012987012987 0.28910009884139864 0.005620430042217304 0.3094966258817506 0.01871657805009322 0.3290772669523665 0.03836079882336901 0.3339724346271996 0.051456946831244924 0.32826141061134706 0.0558223278491528 0.31031248222277 0.04709156581333705 0.29562697919827063 0.03836079882336901 0.28012564946146845 0.026355996069970068 0.2744146254456159 0.03617810831441508 0.26870360142976335 0.0558223278491528 0.2678877450887439 0.0798319333559507 0.2678877450887439 0.09183673610934963 0.26054500839085254 0.10165884835379464 0.25075467304118626 0.10711556967202719 0.24504364902533374 0.1202117226340554 0.24259606518791718 0.13439921589640827 0.23280574465260923 0.1169376819164722 0.23035816081519267 0.10275018865411932 0.23606918483104522 0.08528866458248782 0.22464713679934012 0.0558223278491528 0.20996164858919902 0.04163483458679992
1 0.30296974552487865 0.004529084478105817 0.3356041473092385 0.0034377386043598127 0.3453944826589047 0.005620430042217304 0.3445785966891687 0.021990615052062196 0.33886757267331613 0.03072137956495409 0.3290772669523665 0.02853868905600015 0.31847107526168084 0.01871657805009322 0.31357590758684767 0.014351194555109198
1 0.35518478837985434 0.005620430042217304 0.36987029140435373 0.00998581229866325 0.36987029140435373 0.032904070073908026 0.37476542945047026 0.06018771382121297 0.3943461001498028 0.07764924284699676 0.403320549529733 0.1863800048828125 0.4114791425686438 0.0012987012987012987 0.403320549529733 0.022394413143009335 0.3992412381959193 0.15840882140320617 0.3992412381959193 0.19551456996372768 0.4016888368476942 0.22388955648843345 0.39353021418006673 0.22825493750634132 0.37802888444326455 0.2184328351702009 0.3608958123957069 0.19987995098163555 0.3437627403481493 0.1911491889458198 0.33152483597542476 0.1911491889458198 0.3453944826589047 0.15295209017666903 0.33968345864305216 0.10493287916307326 0.33478829096821905 0.08092327861042765 0.3339724346271996 0.06564444009359781 0.33968345864305216 0.04927425632229099 0.3470261953409436 0.03508676305993811 0.3519213630157767 0.021990615052062196
1 0.4685893827271693 0.1252646508154931 0.4840907124639715 0.10998580734451095 0.5093824071791565 0.00998581229866325 0.5297788749620752 0.021990615052062196 0.5363057849476638 0.04381752509575385 0.5387533539707221 0.06673578534807478 0.551807114684466 0.08201462386490463 0.5575181683290352 0.08528866458248782 0.5403850666527609 0.11038961038961038 0.534674072265625 0.12894248466987115 0.527331305939017 0.14312997793222404 0.5150934015662925 0.14312997793222404 0.5004079281705097 0.1474953589501319 0.49796035914745146 0.06277420242111405 0.49306519147261835 0.06713958343902192 0.479195574417855 0.06495689293006798 0.4661417840753944 0.04312997793222403 0.45064045433859223 0.021303062934380074 0.45145631067961167 0.006024229371702516 0.4645100713933556 0.18419732428216315 0.4661417840753944 0.1525482970398742 0.4661417840753944 0.13617811326856738
1 0.5354899286066445 0.01325984930063223 0.5444644076152912 0.04054348933232295 0.5444644076152912 0.062370404330166905 0.5558864556469963 0.07437520708356585 0.56486087539821 0.07764924284699676 0.5787304924529733 0.06891847585702872 0.5868891151206007 0.04490887035023083 0.5991270194933253 0.021990615052062196 0.6089173548429915 0.002346393040248326 0.589336684143659 0.002346393040248326 0.5681243600197209 0.002346393040248326 0.5501754020024272 0.0034377386043598127
1 0.3054173145479369 0.2217068560711749 0.32499795561855277 0.2086107130174513 0.34294688400712986 0.20970205331777597 0.36171166873672633 0.2184328351702009 0.37802888444326455 0.23589435924183239 0.378844740784284 0.25772126433137177 0.36579098007054006 0.26754338648412135 0.35518478837985434 0.2653606860668628 0.33642000365025787 0.2588126244483056 0.32255038659549456 0.2500818425958807 0.31112833856378946 0.23807703984248174
1 0.4106632862276244 0.03112517517882508 0.42698050193416265 0.014754991407518262 0.4384025499658677 0.019120372425426135 0.45879904737750304 0.0474953589501319 0.47348455040200244 0.07477900517451298 0.47511626308404126 0.09224052924614448 0.46206250237029733 0.2053366722998681 0.4539038797026699 0.2086107130174513 0.4416659753299454 0.08678380792791193 0.42861221461620147 0.0976972703809862 0.42698050193416265 0.22061551577085026 0.4220853342593295 0.23152897822392451 0.41229502853837985 0.22498089678875813 0.40739986086354674 0.2107934134347098 0.403320549529733 0.08241842691000406 0.40495226221177183 0.04640401864980723
1 0.45471976567240596 0.2184328351702009 0.465325927734375 0.21297609403535916 0.47348455040200244 0.20424533199954342 0.4808272870998938 0.08569246762758725 0.48164314344091325 0.07587034547483766 0.49388104781363773 0.07696168577516234 0.5044872098756068 0.18241842691000407 0.5159092579073119 0.20970205331777597 0.5232520242339199 0.22498089678875813 0.5265154495979976 0.2457164615779728 0.5175409705893508 0.26099530504895496 0.5150934015662925 0.28282221013849435 0.5101982635201759 0.2981010536094765 0.49469690415465717 0.2926443322912439 0.4808272870998938 0.28282221013849435 0.4661417840753944 0.27190876750202925 0.45471976567240596 0.26099530504895496 0.45227216702063106 0.23807703984248174
1 0.5175409705893508 0.2948270128918933 0.527331305939017 0.26317800546621345 0.5338582159246056 0.24789916199523132 0.5477278329793689 0.24353378097732345 0.5624133063751517 0.248990502295556 0.5746512107478762 0.26099530504895496 0.585257402438562 0.2795481892375203 0.5934160251061893 0.2937356725915686 0.604022216796875 0.29700971330915177 0.6097332111840109 0.2937356725915686 0.6154442648285801 0.2795481892375203 0.6219711155567355 0.28609625085607754 0.6244186845797937 0.30792317576222605 0.6260503972618325 0.32647604013418224 0.6252345409208131 0.35157700575791395 0.6236028282387742 0.37012987012987014 0.6170759775106189 0.3886827345018263 0.6105490675250304 0.5126923400086242 0.6064697858199333 0.5377932858157467 0.49423188144720875 0.4345192649147727 0.4779146361119539 0.4236058222783076 0.4615974500341323 0.425788502878957 0.45262297102548543 0.4312452440137987 0.4363057849476638 0.43342792461444807 0.4265154495979976 0.43233658431412336 0.42162031155188107 0.4246971625786323 0.5265154495979976 0.3952308159369927 0.5297788749620752 0.3646731289950284 0.5379374976297027 0.3428462437220982 0.5493595456614078 0.3362981622869318 0.5583340246700547 0.3275674002511161 0.5477278329793689 0.2991924137264103 0.5412009229937803 0.2981010536094765 0.527331305939017 0.3057404753449675 0.5191727425288228 0.31556259749771715 0.5167251142483313 0.3101058563628754
1 0.6382883016345571 0.00998581229866325 0.6577710790541565 0.0012987012987012987 0.6847923501023968 0.002346393040248326 0.7215060632205704 0.005620430042217304 0.7614832609602549 0.00998581229866325 0.7859590697057038 0.00998581229866325 0.8153300164972694 0.005620430042217304 0.8030921121245449 0.023081960306539164 0.794117633115898 0.04490887035023083 0.7916700640928398 0.07328385687493659 0.8867749260467233 0.10929826018098113 0.8859590697057039 0.13330786568777903 0.8794321597201152 0.14531266844117796 0.8712735370524879 0.164956892930068 0.8598514890207828 0.1813270667930702 0.8647466863243325 0.194423229663403 0.8525087819516081 0.20097129128196023 0.8459818719660194 0.21734147505326704 0.8419025902609223 0.23152897822392451 0.8345598239343143 0.24135108056006493 0.8239536322436286 0.24025974025974026 0.8092681588478459 0.20097129128196023 0.6913192600879854 0.19660591026405236 0.6750020147527306 0.1976972703809862 0.6619482540389866 0.19551456996372768 0.6839764937613775 0.17914438619242087 0.6970302544751213 0.15513478068562297 0.8035571644607099 0.13439921589640827 0.6896875474059466 0.12130306293438008 0.67581787109375 0.12566845386059253 0.666027595001517 0.13221652538745435 0.652973834287773 0.13658190640536222 0.6374724452935376 0.1398559471229454 0.6325773072474211 0.13330786568777903 0.6293138818833435 0.11148096059823966 0.6293138818833435 0.0929280764096743 0.641551786256068 0.05800501835810674 0.6456310679611651 0.03508676305993811 0.6464469243021844 0.01871657805009322
1 0.8740719693378337 0.006711775915963309 0.8642816339881675 0.02963003431047712 0.8577547240025789 0.042726179841276885 0.8577547240025789 0.05691367310362977 0.8626499213061286 0.07328385687493659 0.869176772034284 0.08747135509144176 0.7757036820198726 0.10602422937170251 0.8838623046875 0.08747135509144176 0.9034429161293993 0.0863800048828125 0.9197601614646541 0.10711556967202719 0.9303662938979066 0.10165884835379464 0.9368932038834952 0.08747135509144176 0.9409724855885923 0.06673578534807478 0.9434201138690838 0.04054348933232295 0.942604198270631 0.023081960306539164 0.9377090602245146 0.007803121170440278 0.9279187248748483 0.0034377386043598127 0.9026270597883799 0.007803121170440278 0.8887574427336165 0.007803121170440278
1 0.945867682892142 0.005620430042217304 0.9507628209382585 0.019807923304570187 0.9548421026433556 0.042726179841276885 0.949946964597239 0.06455309483912083 0.9442359702101032 0.08092327861042765 0.9442359702101032 0.09183673610934963 0.9474993955741808 0.11148096059823966 0.949946964597239 0.12457710365196327 0.9507628209382585 0.1409472874232701 0.9507628209382585 0.15840882140320617 0.9548421026433556 0.16386554272143872 0.963000725310983 0.1682309237393466 0.9719752043196298 0.1671395834390219 0.9793179113888046 0.1540434403852983 0.9866606777154127 0.14422132814085328 0.9941747572815534 0.13112517517882508 0.9941747572815534 0.10162610140713778 0.9941747572815534 0.026355996069970068 0.9941747572815534 0.0012987012987012987 0.9941747572815534 0.0012987012987012987 0.9638165816520025 0.0034377386043598127
1 0.9785020550477852 0.17259630475725446 0.9891082467384709 0.15513478068562297 0.9941747572815534 0.14680174790419542 0.9941747572815534 0.1813270667930702 0.9941747572815534 0.19987995098163555 0.9882923903974514 0.194423229663403 0.9833972523513349 0.18460110751065342
1 0.9254711558517901 0.12457710365196327 0.9344456348604369 0.11038961038961038 0.9401566292475728 0.10165884835379464 0.9401566292475728 0.12785114436954648 0.9434201138690838 0.1474953589501319 0.9401566292475728 0.16059151191216012 0.9295504375568872 0.16386554272143872 0.9246552995107706 0.16168285221248477
1 0.8724305384367415 0.2021943525834517 0.8766153576304612 0.1764442542930702 0.8849849367604672 0.15517241242644075 0.8958654311096784 0.14285714285714285 0.7092567814206614 0.13613971858829646 0.7209742277571298 0.13278101140802556 0.7318547221063411 0.13725928764838677 0.7418982052108617 0.14845499806589896 0.7469199763918386 0.16412897481546773 0.7435721684428095 0.18204208968521712 0.7469199763918386 0.2055530696720272 0.750267843598301 0.23018360881062297 0.7536156515473301 0.25145545067725245 0.7544526035345874 0.2760859898158482 0.7469199763918386 0.29959694998604913 0.7360394820426275 0.29959694998604913 0.8259959989381068 0.3085535222833807 0.810930685395176 0.31639051561231735 0.8008872022906554 0.3152709366439225 0.792517563903216 0.3040752262264103 0.8975393350841929 0.2839229831447849 0.8891697559541869 0.24697715462028205 0.8766153576304612 0.2290640298422281 0.8715935864494843 0.22010747736150568
1 0.7569635187537925 0.16972682011591925 0.7753766402457525 0.17980295156503653 0.7820723154012439 0.2066726288238129 0.7812353634139867 0.24025974025974026 0.7837462193757585 0.2626511412781554 0.7778874962075243 0.27720554896763394 0.7636591939092839 0.2928795356255073 0.7561265667665352 0.29959694998604913 0.7561265667665352 0.2884012593851461 0.7603113267028216 0.26153156230976055 0.7569635187537925 0.23018360881062297 0.7519417475728155 0.2033139315518466 0.750267843598301 0.18316166865361203
1 0.7929528097504551 0.1909986619825487 0.9130398352169297 0.18428122780539774 0.929779052734375 0.17420509635628043 0.9440073550326152 0.16972682011591925 0.9590726685755461 0.17980295156503653 0.9724640188865291 0.1865203857421875 0.9783227420547633 0.20107479343166598 0.9724640188865291 0.23018360881062297 0.9657683437310376 0.25369458879743306 0.9507030301881068 0.2727272727272727 0.9306160047216323 0.2884012593851461 0.9180616063979066 0.3018360881062297 0.9147137391914442 0.3096730814351664 0.9013223888804611 0.300716528954444 0.7946267137249696 0.2839229831447849 0.7879310385694781 0.24025974025974026 0.7896049425439927 0.21562920112114448
1 0.9875292731720267 0.2100313459123884 0.9816705500037924 0.23466188505098418 0.9791596940420206 0.26153156230976055 0.9833445132357402 0.2816838252079951 0.9866923211847695 0.3040752262264103 0.9925510443530037 0.311912219555347 0.9941747572815534 0.30157859108664775 0.9941747572815534 0.24585759546849634 0.9941747572815534 0.22010747736150568
1 0.8184633125379247 0.3264666272448255 0.8485938803663532 0.3141513576755276 0.863659193909284 0.3051948051948052 0.7787244481947816 0.28952081853693185 0.7862571345949636 0.28728168041675123 0.8954636657122269 0.311912219555347 0.9013223888804611 0.3242274891246449 0.9096920272679004 0.3488580480798498 0.9155506911787015 0.36341243595271916 0.9038333040996662 0.3779668634588068 0.8912788465185073 0.389162573876319 0.877050544220267 0.3981191263570414 0.863659193909284 0.4014778434456169 0.8519417475728155 0.3981191263570414 0.8385503972618326 0.3969995672052557 0.8285068548998786 0.3947604092684659 0.8193003237826153 0.3902821330281047 0.8142785526016384 0.3522167651684253
1 0.5556578404695085 0.1887595238623681 0.5631904676122573 0.18316166865361203 0.5732340099742111 0.1865203857421875 0.5891362755043993 0.18428122780539774 0.596668902647148 0.1809225305334314 0.6075493969963592 0.1764442542930702 0.6217776992945995 0.1730855372044947 0.633495145631068 0.17868339241325082 0.6410277727738167 0.1887595238623681 0.641864724761074 0.1988356553114854 0.6360060015928398 0.21898791820971997 0.6368430128375303 0.23914016129134538 0.6452125919675364 0.25145545067725245 0.6401908207865594 0.26041200315797486 0.6301472784246056 0.27160769375887783 0.6167559281136226 0.2693685556386972 0.6108972049453884 0.26153156230976055 0.6000167105961772 0.24249887837992087 0.5916471314661711 0.22570533257026176 0.5816035891042173 0.22010747736150568 0.5732340099742111 0.21227048403256898 0.5631904676122573 0.2066726288238129
1 0.2853197116296268 0.25705328606939937 0.2945262723756068 0.2559337269176136 0.30624371871207523 0.27384685169566764 0.31879811703580097 0.2928795356255073 0.23051556337226942 0.3040752262264103 0.34558084728648364 0.2962382527140828 0.3522765224419751 0.2839229831447849 0.35897222722618327 0.28952081853693185 0.24390694331196905 0.3141513576755276 0.24223300970873787 0.3331840614219765 0.2313525153595267 0.3343036205737622 0.22130900262628944 0.32534706809303976 0.2112654898930522 0.311912219555347 0.2020589291470722 0.3051948051948052 0.29787410995335256 0.293999094777293 0.2945262723756068 0.27720554896763394
1 0.2556243600197209 0.3343036205737622 0.2723635775371663 0.33766233766233766 0.29663542219736044 0.3432601730544846 0.41504854368932037 0.35333632432021106 0.42007031487029733 0.3399014955991274 0.4217442188448119 0.32198835100446427 0.4167224772925516 0.3051948051948052 0.4167224772925516 0.2794446870878145 0.4175594292798089 0.26041200315797486 0.4158854956765777 0.24697715462028205 0.40500503095608315 0.24137931922813516 0.39412453660687197 0.24137931922813516 0.38742886145138045 0.24921629274046267 0.375711415114912 0.27384685169566764 0.3673418063561893 0.2839229831447849 0.3631570167911863 0.2884012593851461 0.2564613416356948 0.3074339433149858 0.25395045604520633 0.3197492128842837
1 0.2677435421249241 0.41491267216670047 0.3811349220646238 0.39252129096489446 0.3970371579660953 0.3858038567877435 0.21210244188030947 0.3846842976359578 0.3229829362295206 0.4014778434456169 0.3388851721309921 0.4205105075588474 0.33386340095001515 0.4328257771281453 0.3263307738072664 0.45297804002637987 0.32800467778178094 0.4742499017096185 0.31461332747079795 0.4809672962535511 0.3020589291470722 0.4843260133421266 0.2886675492073726 0.4843260133421266 0.2794609884613926 0.46865202668425326 0.2677435421249241 0.4484997637860187 0.2685805237408981 0.44290192839387177 0.2669065901376669 0.43506493506493504
1 0.4133746100860892 0.5705329003272118 0.42592903803853155 0.5559785124543425 0.4393203883495146 0.552619795365767 0.464429184996966 0.5515002362139814 0.48535319207941446 0.5459023611886161 0.4928858488508799 0.5481415191254059 0.4912119152476487 0.5682937820236404 0.48284230648892595 0.5996417553393871 0.4753096793461772 0.6242722944779829 0.4652661666129399 0.6388266823508523 0.4493639010827518 0.6500223927683645 0.44015734033677184 0.6545006690087256 0.4284398940003034 0.6433049585912135 0.4217442188448119 0.6209135773894074 0.4117007061115746 0.6041200315797484 0.4083528685338289 0.5918047620104505
1 0.4451791115177488 0.6668159782112418 0.46359223300970875 0.6556202281605114 0.473635745742946 0.6612181031858766 0.4820053545016687 0.6813703264508929 0.4719618417684314 0.6892073197798295 0.4594074434447057 0.6914465173498376 0.4527117386604976 0.6802507672991072
1 0.5037663432000911 0.6436632428850446 0.5205055014601031 0.6268696970753855 0.5422664901585255 0.6167935458096591 0.5615165636377427 0.6111957104175122 0.5749079139487258 0.6111957104175122 0.5891362755043993 0.6223914208350243 0.6092233009708737 0.42239142083502434 0.6008537218408677 0.44814151912540584 0.596668902647148 0.6694133015422078 0.6058754337644114 0.6063591498833198 0.6175928801008799 0.6220331365411932 0.6209407473073423 0.6332288469587054 0.610060252958131 0.6455441165280033 0.588299323517142 0.5545006690087256 0.5723970579869538 0.5735333331219562 0.5665383348187196 0.5970443131087663 0.5707231540124393 0.8160770564884334 0.5640274788569478 0.8261531681209415 0.5514730212757888 0.841827154778815 0.5439403941330401 0.8463053913859578 0.5263642246283374 0.841827154778815 0.5121359223300971 0.8328706022980925 0.5020923799681432 0.821674852247362 0.4987445720191141 0.6824898856026785 0.4870271256826456 0.6690550965148133 0.47698358332069174 0.6556202281605114 0.473635745742946 0.6455441165280033 0.4861901440666717 0.6242722944779829 0.49372280083813713 0.5918047620104505 0.501255427980886 0.6649350649350649
1 0.6376799648247876 0.2906403975053267 0.6527452191102852 0.2693685556386972 0.6703213886149879 0.25817286503779424 0.6878975581196906 0.25369458879743306 0.8012889084306736 0.25817286503779424 0.8096585468181129 0.26153156230976055 0.8071476315989078 0.293999094777293 0.7121694027798847 0.3264666272448255 0.7113324507926274 0.3555754426237825 0.707984583586165 0.3902821330281047 0.7037998236498786 0.411553955078125 0.699615004456159 0.5249888234324269 0.6887345101069479 0.5272279417359984 0.6711583406022451 0.5249888234324269 0.6560930863167476 0.5126735142299107 0.6435386879930218 0.5070756788377638 0.6326581936438107 0.5003582446606128 0.6293103264373483 0.3813255805473823 0.633495145631068 0.3488580480798498 0.6309842896692961 0.32534706809303976 0.6309842896692961 0.3096730814351664
1 0.8230498971290958 0.2559337269176136 0.8381151514145935 0.25817286503779424 0.8489956457638046 0.27384685169566764 0.8648979112939927 0.2928795356255073 0.779126213592233 0.3051948051948052 0.792517563903216 0.32198835100446427 0.8042350102396845 0.33878189681412335 0.8067459254588896 0.36117331764914773 0.8100937334079187 0.3880429750913149 0.8100937334079187 0.4003582446606128 0.7992132390587076 0.42163010634385145 0.7916806119159587 0.4328257771281453 0.7782892616049757 0.4395432113052963 0.7582022361385012 0.441782369242086 0.7439738745828277 0.44626064548244726 0.7280716683100729 0.44402148754565746 0.7146802587416565 0.4294670996727881 0.713006354767142 0.4070756788377638 0.7163542219736043 0.37572770552201706 0.7205389819098907 0.3275862062132204 0.8180281259481189 0.2917599566571124 0.8180281259481189 0.2760859898158482
1 0.47825578115518813 0.48880428958248784 0.48746231227245146 0.4585759150517451 0.4941580466853762 0.44290192839387177 0.6083863489836165 0.5429019283938717 0.6192668433328277 0.5429019283938717 0.6226146512818568 0.5641737504438921 0.6167559281136226 0.5854455724939124 0.6117341569326457 0.4044782762403612 0.6058754337644114 0.4111957104175122 0.5975058546344053 0.6111957104175122 0.588299323517142 0.6078369933289367 0.5790927331424454 0.6033587170885755
1 0.12211248897811741 0.7474249505377435 0.13968864366846176 0.7463053913859578 0.15475392758267598 0.7373488389052354 0.16730834072076 0.7351097206016639 0.18739538100159284 0.7339901614498783 0.1991128273380613 0.7328706022980925 0.20246066491580703 0.7485445889559659 0.2066454692951684 0.765338134765625 0.21417811125227548 0.779892483005276 0.22422162398551274 0.7989252263849432 0.23175426594261983 0.8112404563210227 0.2351021035203656 0.8325123180042614 0.2417977934902154 0.847066745510349 0.24430866426634557 0.8672189687753653 0.23677602230923847 0.8840125145850244 0.2275694615632585 0.8672189687753653 0.21501506323953276 0.8705777254971591 0.20831938808404127 0.8840125145850244 0.1991128273380613 0.8907299487621754 0.18906929979046572 0.8907299487621754 0.17567793466512438 0.8929690670657467 0.16814529270801729 0.9030452579646916 0.16312353634139867 0.9187192446225649 0.16228656953978307 0.9310344745586445 0.1530800087938031 0.935512790432224 0.13968864366846176 0.9343932312804383 0.1371777728923316 0.9231974812297078 0.13382993531458587 0.9019256988129059 0.12043857018924455 0.898566942091112 0.11039504264164897 0.891849507913961 0.10872112385277609 0.8739364029525163 0.12043857018924455 0.8694581663453734 0.13466688730184315 0.8560232979910715 0.13885169168120448 0.8179578904981737 0.14136257727169296 0.7944469105113636 0.13885169168120448 0.7720555689427759 0.12713424534473605 0.7698163713727678 0.12043857018924455 0.7664576939174107 0.11960160338762894 0.7597402597402597
1 0.01749246652843883 0.9422301453429384 0.032557748590858235 0.9433497837611607 0.04343823182930067 0.9478280203683036 0.05515567446217953 0.9545454545454546 0.05682959325105241 0.9746976778104708 0.0643622389117491 0.9881325461647728 0.049732171216057344 0.9974025974025974 0.032557748590858235 0.9948499803419237 0.019166387169106493 0.993730421190138 0.013307666778564453 0.9702194412033279 0.013307666778564453 0.9523063362418831
1 0.12378640776699029 0.973578118658685 0.13382993531458587 0.9511867770900974 0.14722128562556888 0.9455889020647321 0.1589387319620373 0.9511867770900974 0.1664713739191444 0.9623824478743912 0.17400401587625153 0.9814151119876218 0.17400401587625153 0.9959695394937094 0.15056913801767294 0.9948499803419237 0.132156016525713 0.9914913028865665 0.12378640776699029 0.9858934278612013
1 0.2066454692951684 0.7317510431463068 0.21668898202840564 0.7205552930955763 0.22924339516648967 0.7261531681209416 0.2359390703219812 0.7373488389052354 0.24012387470134253 0.7496641481077516 0.23928690789972695 0.7742946872463474 0.23761298911085407 0.7944469105113636 0.2275694615632585 0.7854903580306413 0.2200368196061514 0.7709359305245536 0.2125041776490443 0.7541423847148945 0.20748242128242567 0.7440662730823864
1 0.2510043542361954 0.7474249505377435 0.2652326861631523 0.7429467139306006 0.2786240364741353 0.7317510431463068 0.2878305972201153 0.7306314047280844 0.2794609884613926 0.7530228255631087 0.28113492206462376 0.779892483005276 0.29285236840109224 0.7854903580306413 0.30624371871207523 0.7922077922077922 0.31879811703580097 0.7978056672331575 0.3263307738072664 0.8034034629920861 0.33553733455324636 0.8302731997006899 0.33470038256598905 0.8493058638139205 0.34892868486422934 0.8526645412692776 0.35646134163569476 0.8493058638139205 0.3673418063561893 0.8616211730164367 0.38324407188637744 0.8683385279271509 0.3916136510163835 0.8728168438007305 0.3740374815116808 0.8862517121550325 0.3598091792134405 0.8940887054839691 0.3422330097087379 0.9064039354200487 0.3321894969755006 0.9153604879007711 0.32381988821677793 0.9321540337104302 0.3171242130612864 0.9366323495840098 0.300384995543841 0.9276757971032873 0.2895045308233465 0.9064039354200487 0.2786240364741353 0.88513207373681 0.2744392469091323 0.8683385279271509 0.2685805237408981 0.8593819754464286 0.26021091498217536 0.8627407321682224 0.25602612541717235 0.8660994096235796 0.2510043542361954 0.8515449821174919 0.24681954985683405 0.8302731997006899 0.24430866426634557 0.810120897169237 0.24514563106796117 0.7877294763342126 0.24681954985683405 0.7675772530691964
1 0.3999832597751062 0.8437079887885552 0.4158854956765777 0.9425884296367695 0.43095077959079187 0.9369906338778409 0.44601606350500606 0.9358709954596185 0.460244395431963 0.9459471863585633 0.47279879375568873 0.9571428571428572 0.47782056493666564 0.9660994096235795 0.4502008826987257 0.970577725497159 0.4342986171685376 0.968338527927151 0.42509205642255765 0.9660994096235795 0.4083528685338289 0.9728168438007305 0.39914630778784893 0.8694581663453734 0.3949614885941293 0.8593819754464286
1 0.5046032951873483 0.8541423847148945 0.5205055014601031 0.8552619438666802 0.5380816709648059 0.8597402597402597 0.5447773461202974 0.865338134765625 0.5523100325204794 0.8832512397270698 0.5548208884822512 0.8944469105113636 0.5556578404695085 0.7123600154728085 0.548962165314017 0.7224362063717532 0.5338969110285194 0.7179578904981737 0.5188315974855886 0.7056426605620941 0.5112989703428398 0.7000447855367289 0.5046032951873483 0.8899686739042207 0.5029293319554005 0.8731751280945617
1 0.4585704618287318 0.7922077922077922 0.47865751692392294 0.7787729238534903 0.48870102965716017 0.7709359305245536 0.4953967048126517 0.7843707988788555 0.4970706384158829 0.7966861080813717 0.4928858488508799 0.9123600154728084 0.4744727273589199 0.9269144429788961 0.46359223300970875 0.9336318771560471 0.4535487202764715 0.9257948838271104 0.460244395431963 0.9157187721946023 0.4652661666129399 0.910120897169237
1 0.473635745742946 0.9392297521814124 0.4912119152476487 0.9246753246753247 0.5029293319554005 0.7145992130428166 0.5104620183555825 0.7145992130428166 0.5288751398475425 0.7257948838271104 0.5422664901585255 0.733631877156047 0.5456143573649879 0.740349311333198 0.5355708150030339 0.7660994096235796 0.5313859958093143 0.7840125145850243 0.5238533686665655 0.78513207373681 0.5071141511491202 0.7694581663453733 0.4962336864286256 0.9616211730164367 0.48451624009215716 0.9560232979910714
1 0.4117007061115746 0.9828929554332386 0.42676599002578886 0.9761755212560876 0.44768999710823726 0.9795342779778815 0.4669400705874545 0.9795342779778815 0.4861901440666717 0.9784147188260958 0.49455975282539444 0.9739364029525163 0.5154837895365595 0.7907299487621753 0.5205055014601031 0.9008060603946835 0.5104620183555825 0.9164800470525568 0.4970706384158829 0.8287953562550731 0.49037496326039137 0.8377519087357954 0.47782056493666564 0.850067138671875 0.4652661666129399 0.8545454545454545 0.4502008826987257 0.8657411253297483 0.44015734033677184 0.870219441203328 0.43095077959079187 0.8579041320008117 0.4351355987845115 0.8467084612165179 0.4451791115177488 0.8388714678875812 0.451037834685983 0.8243170403814936 0.45187478667324027 0.8064039354200487 0.44852694909549456 0.9974025974025974 0.4351355987845115 0.9963278237875406 0.4225811708320692 0.9974025974025974 0.4175594292798089 0.9974025974025974
1 0.3581352456102093 0.9881325461647728 0.3631570167911863 0.9679803228997564 0.36650485436893204 0.950067138671875 0.3790592526926578 0.9433497837611607 0.39412453660687197 0.9444693429129464 0.4075159165465716 0.8534258953936689 0.4167224772925516 0.8612628887226055 0.4292768756162773 0.8713390003551137 0.43011382760353456 0.8836543095576299 0.42509205642255765 0.8948499803419238 0.40918982052108616 0.8959695394937094 0.3840810238736347 0.9948499803419237 0.36817878797216325 0.9926108620383522
1 0.2802979700773665 0.9926108620383522 0.2861566932456007 0.9814151119876218 0.300384995543841 0.9836543095576299 0.31293939386756675 0.9836543095576299 0.3229829362295206 0.9814151119876218 0.33470038256598905 0.9769368753804789 0.343906943311969 0.9836543095576299 0.3472547808897148 0.9903716644683441 0.3413960577214806 0.993730421190138 0.3221459546135467 0.9970890986454951 0.3172246544106493 0.9974025974025974
1 0.4376464547462834 0.8948499803419238 0.4443421595304915 0.8847738687094155 0.45187478667324027 0.8758173162286932 0.4652661666129399 0.8668607637479708 0.47279879375568873 0.863502007026177 0.4811684025144114 0.8668607637479708 0.4820053545016687 0.8814151119876218 0.49037496326039137 0.893730421190138 0.4869434245581766 0.8974025974025974 0.4669400705874545 0.8959695394937094 0.4540843778443568 0.8974025974025974
1 0.5539839364949939 0.9836543095576299 0.5523100325204794 0.9635020070261769 0.5531469845077367 0.9489475795200892 0.5590057076759709 0.9478280203683036 0.5665383348187196 0.9579041320008117 0.5765818771806736 0.9668607637479708 0.5874623122724515 0.9746976778104708 0.5941580466853762 0.980295552835836 0.5866253602851942 0.9903716644683441 0.578255781155188 0.9914913028865665 0.5640274788569478 0.9914913028865665
1 0.5514730212757888 0.8552619438666802 0.5615165636377427 0.8407075956270292 0.5690491907804915 0.8306314047280844 0.5723970579869538 0.8440662730823864 0.569886202025182 0.8642185756138393 0.5615165636377427 0.8686968122209822 0.5556578404695085 0.865338134765625
1 0.5790927331424454 0.8362292797534496 0.5916471314661711 0.8541423847148945 0.6042015297898968 0.7686968122209822 0.6192668433328277 0.7742946872463474 0.6309842896692961 0.7698163713727678 0.6401908207865594 0.7563815822849026 0.6460495439547936 0.7619793780438312 0.6477234479293082 0.7910882330560065 0.6527452191102852 0.8123600154728084 0.660277846253034 0.8325123180042614 0.6611148574977245 0.8448275479403409 0.6485603999165656 0.847066745510349 0.6293103264373483 0.8526645412692776 0.6117341569326457 0.8549037388392857 0.5983428066216626 0.7481863046621348 0.5799296851297027 0.7459471863585633 0.5673752868059769 0.7414688704849838 0.5556578404695085 0.7313927588524757 0.5640274788569478 0.716838331346388 0.5631904676122573 0.893327351359578 0.562353515625 0.8810121214234984 0.5707231540124393 0.8709359305245535 0.5774188291679309 0.8619793780438312 0.5790927331424454 0.8507837072595373
1 0.6293103264373483 0.5294670996727882 0.6393538687993022 0.5227496654956372 0.6485603999165656 0.5216301063438514 0.6652996174340109 0.5294670996727882 0.6786909677449939 0.5384236521535105 0.691245425326153 0.535064935064935 0.7021258604179308 0.43170621797635955 0.713006354767142 0.44290192839387177 0.721375933897148 0.45633675711495536 0.7222129451418386 0.470891184621043 0.7247238011036105 0.48880428958248784 0.726397705078125 0.6022391579367897 0.7205389819098907 0.6145544275060877 0.7146802587416565 0.6190327037464488 0.699615004456159 0.5977608420632102 0.6878975581196906 0.5832064541903409 0.6703213886149879 0.5764890200131899 0.6535821710975425 0.5753694608614042 0.6351690496055825 0.5753694608614042 0.6309842896692961 0.5742499017096185 0.628473374450091 0.5484997637860187
1 0.17149313028576305 0.46941334117542616 0.17986273904448574 0.459337229542918 0.1982758605364457 0.459337229542918 0.20999330687291415 0.559337229542918 0.2284064283648741 0.559337229542918 0.23928690789972695 0.5615763478464895 0.2568630774044296 0.5682937820236404 0.2652326861631523 0.564935064935065 0.27611315088364685 0.5716524991122159 0.28699364523285803 0.5828481698965098 0.29201538678511835 0.5974025974025974 0.186993645232858 0.6063591498833198 0.27611315088364685 0.5873264857700893 0.26188484858540656 0.5828481698965098 0.24514563106796117 0.5761307753525771 0.2351021035203656 0.5761307753525771 0.21919986761889412 0.5839677686815138 0.21668898202840564 0.5985221565543831 0.1125041776490443 0.6063591498833198 0.10748242128242566 0.6141961432122565 0.10413458370467991 0.62763097193334 0.10413458370467991 0.6332288469587054 0.2982758457220874 0.639946241502638 0.29158017056659585 0.6433049585912135 0.28153665783335863 0.6287505707183442 0.2765149162810983 0.6074787090351055 0.16981921149689017 0.48620688698508524
1 0.21963509865177488 0.3622928768009334 0.22716772579452366 0.3466188901430601 0.24892868486422937 0.3466188901430601 0.2723635775371663 0.34997760723163557 0.2882658134386377 0.35445588347199675 0.40500503095608315 0.360053758497362 0.4117007061115746 0.3656515938895089 0.41839638126706613 0.38244513969916805 0.4158854956765777 0.3947604092684659 0.503331097352852 0.411553955078125 0.39579847021010317 0.42498882343242694 0.38240709027040354 0.4238692246474229 0.36566790238167474 0.4171518301034903 0.35143957045471785 0.41491267216670047 0.343906943311969 0.4104343959263393 0.2313525153595267 0.39923868550882713 0.22298293622952062 0.389162573876319 0.21796116504854368 0.3813255805473823
1 0.33637428654050366 0.4652933095956778 0.33972212411824937 0.44961936257102275 0.3547874080324636 0.43394537591314936 0.36566790238167474 0.43058665882457386 0.37320052952442356 0.4361844942167208 0.37822230070540047 0.4451410466974432 0.37822230070540047 0.4619346321403206 0.38157013828314623 0.47201074377282876 0.36566790238167474 0.46417375044389203 0.35060261846746055 0.46417375044389203
1 0.5024941453655947 0.47536946086140425 0.5066789053018811 0.4552171979631696 0.5192333036256068 0.43394537591314936 0.5309507499620753 0.41827138925527596 0.537646484375 0.40483656053419237 0.44183127394000304 0.3947604092684659 0.451037834685983 0.37908642261059255 0.46108134741922024 0.3723690280666599 0.46359223300970875 0.38244513969916805 0.5736357753716627 0.4070756788377638 0.5820053545016687 0.41827138925527596 0.4029293319554005 0.4272279417359984 0.582842306488926 0.43506493506493504 0.5778205353079491 0.44290192839387177 0.5778205353079491 0.4619346321403206 0.5820053545016687 0.47313030292461444 0.5736357753716627 0.4820868950385552 0.5585704618287318 0.4798477371017654 0.5443421595304915 0.48544557249391235 0.5384834363622573 0.49216300667106333 0.4234181524480431 0.5078369933289367 0.4158854956765777 0.5 0.5083528685338289 0.48880428958248784
1 0.4426682259272603 0.3231079299728592 0.44685301549226336 0.2962382527140828 0.4543856722637288 0.28280340417639 0.46359223300970875 0.2816838252079951 0.4811684025144114 0.2962382527140828 0.4962336864286256 0.3040752262264103 0.5079511031363775 0.3085535222833807 0.5079511031363775 0.3197492128842837 0.4979076200318568 0.3275862062132204 0.48535319207941446 0.33094492330179587 0.4753096793461772 0.33878189681412335 0.4711248601524575 0.3466188901430601 0.464429184996966 0.33766233766233766 0.4535487202764715 0.32870578518161525
1 0.6075493969963592 0.45821763075791394 0.6125711681773361 0.43470669040432225 0.6226146512818568 0.41567398665787336 0.6217776992945995 0.4033587170885755 0.628473374450091 0.5921630066710634 0.6393538687993022 0.5865651712789164 0.6527452191102852 0.5854455724939124 0.6694844366277306 0.5876847304307021 0.6786909677449939 0.5921630066710634 0.6878975581196906 0.4 0.7012889084306736 0.6167935458096591 0.7071476315989078 0.6268696970753855 0.7121694027798847 0.6459023611886161 0.7071476315989078 0.6772503741375812 0.6962671372496966 0.6063591498833198 0.6904084140814624 0.6186744194526177 0.6686474846404733 0.6220331365411932 0.6443756399802791 0.617554860300832 0.6293103264373483 0.6153157023640422 0.6175928801008799 0.6030004327947444 0.6092233009708737 0.4873264857700893 0.6058754337644114 0.47389161741578734
1 0.7891697559541869 0.493282565822849 0.7941914678777305 0.4955217237596388 0.8067459254588896 0.5 0.8151155045888956 0.506717434177151 0.8259959989381068 0.5145544275060877 0.8352025300553702 0.5279892562271713 0.8444091204300668 0.5335870916193182 0.8544526035345874 0.5358262495561079 0.8544526035345874 0.559337229542918 0.8418982052108617 0.581728610744724 0.8259959989381068 0.5962830382508116 0.8067459254588896 0.6074787090351055 0.7941914678777305 0.5097178669718953 0.7900067079414441 0.6918048016436689 0.7900067079414441 0.6783699332893669 0.7900067079414441 0.6626959069982752 0.7967023830969356 0.6268696970753855 0.7950284791224211 0.6100761116325081
1 0.7272346570653823 0.4574563558999594 0.7422999706083131 0.45633675711495536 0.7515065017255764 0.45409763881138393 0.7674087672557646 0.45073892172280844 0.7816370695540048 0.4484997637860187 0.7941914678777305 0.4451410466974432 0.7950284791224211 0.45297804002637987 0.7849849367604672 0.4697716254692573 0.7782892616049757 0.4776085791649756 0.7615500440875304 0.4832064541903409 0.7481586937765473 0.4865651712789164 0.7372781994273362 0.49216300667106333 0.7305825242718447 0.4944021646078531 0.7305825242718447 0.4820868950385552 0.7289086202973301 0.47201074377282876
1 0.6242885552563714 0.6500223927683645 0.6301472784246056 0.6309896890219155 0.6435386879930218 0.62763097193334 0.6661365694212682 0.6332288469587054 0.6862236541451759 0.634348406110491 0.6971040892369539 0.641065840287642 0.7104954988053701 0.5545006690087256 0.7063106796116505 0.5780116489955357 0.699615004456159 0.6914465173498376 0.6878975581196906 0.7194357339437906 0.6778540157577366 0.7395880364752435 0.6669735806659587 0.7485445889559659 0.6502343631485134 0.7485445889559659 0.6435386879930218 0.7451858322341721 0.6351690496055825 0.7194357339437906 0.6293103264373483 0.6903268789316153 0.6251255665010619 0.6668159782112418
1 0.6552561343294903 0.758620700588474 0.6669735806659587 0.7552619438666802 0.6719952925895024 0.758620700588474 0.6694844366277306 0.779892483005276 0.6694844366277306 0.8034034629920861 0.6761801117832221 0.8190774496499594 0.6870606061324332 0.8201970088017452 0.6987780524689017 0.8157187721946023 0.6962671372496966 0.8302731997006899 0.6878975581196906 0.8381101930296266 0.6786909677449939 0.8381101930296266 0.6719952925895024 0.8347514363078328 0.6619518094849818 0.8224362063717533 0.6560930863167476 0.8000447855367289 0.6527452191102852 0.7754142463981332
1 0.6594408942657767 0.8616211730164367 0.6711583406022451 0.8526645412692776 0.6862236541451759 0.8616211730164367 0.6979411004816444 0.8795342779778815 0.7104954988053701 0.891849507913961 0.7205389819098907 0.9086430537236201 0.7247238011036105 0.9254365995332792 0.7255607530908678 0.9422301453429384 0.7339303914783071 0.9590237704190341 0.7431369225955704 0.9713390003551137 0.752343512970267 0.9814151119876218 0.7464847898020328 0.9970890986454951 0.721375933897148 0.9970890986454951 0.6878975581196906 0.9959695394937094 0.6485603999165656 0.9959695394937094 0.628473374450091 0.9948499803419237 0.6343320976183252 0.9724585595068993 0.6443756399802791 0.9399910270393669 0.6502343631485134 0.9131213695971997 0.6577669902912622 0.8896103896103896 0.6586039422785194 0.8728168438007305
1 0.699615004456159 0.8437079887885552 0.7146802587416565 0.8627407321682224 0.7289086202973301 0.8716972846489448 0.7297455722845874 0.8828929554332386 0.7238868491163531 0.8896103896103896 0.7096585468181129 0.8761755212560877 0.699615004456159 0.8627407321682224
1 0.7515065017255764 0.8571428571428571 0.7590391881257585 0.847066745510349 0.7732674904239988 0.8325123180042614 0.7808001175667476 0.8291536405489042 0.7883328039669296 0.840349311333198 0.7900067079414441 0.8616211730164367 0.779126213592233 0.8705777254971591 0.7699196232175364 0.8750559621043019 0.7598761401130157 0.8716972846489448
1 0.8201372757698726 0.7183161747920048 0.8377134452745753 0.7171966156402192 0.8477569283790959 0.7026421881341315 0.858637422728307 0.6780116489955357 0.8695179170775182 0.6645768202744521 0.8795614594394721 0.65338110985694 0.8837462193757585 0.6377071231990665 0.89044189453125 0.6130765840604708 0.8971375696867415 0.5929243211622363 0.8921158577631978 0.588446044921875 0.8845831713630158 0.5839677686815138 0.8753766402457525 0.558217630757914 0.8745396882584952 0.5335870916193182 0.8737027362712378 0.5212718220500203 0.8628222419220267 0.5358262495561079 0.8628222419220267 0.5515002362139814 0.8594743747155643 0.5716524991122159 0.8469199763918386 0.5873264857700893 0.8335286260808555 0.6063591498833198 0.8226481317316444 0.6153157023640422 0.8050719622269418 0.6209135773894074 0.8008872022906554 0.6309896890219155 0.8033980582524272 0.639946241502638 0.8117676373824333 0.6556202281605114 0.8151155045888956 0.6690550965148133 0.8126046486271238 0.6802507672991072 0.8067459254588896 0.6847290831726867 0.8017241542779127 0.6903268789316153 0.810930685395176 0.6992835106787744
1 0.8963006176994842 0.6656963397930195 0.9046702560869235 0.7690550965148133 0.9105289792551577 0.7824898856026786 0.9188985583851639 0.798163872260552 0.9222464255916262 0.6093596223112825 0.9247572815533981 0.6317510431463068 0.9222464255916262 0.6395880364752435 0.9138767872041869 0.651903266411323 0.897974580931432 0.7552619438666802 0.8971375696867415 0.7407075956270293 0.8971375696867415 0.7138378589184253 0.8971375696867415 0.6914465173498376 0.8963006176994842 0.6824898856026785
1 0.9917140923657464 0.3981191263570414 0.977485790067506 0.4261083825842127 0.9624204765245753 0.4518584808745942 0.9515399821753641 0.4776085791649756 0.9456812590071298 0.5 0.9515399821753641 0.5134348287210836 0.9707901149120146 0.5235109799868101 0.9866923211847695 0.5358262495561079 0.9941747572815534 0.5425496287160105 0.9941747572815534 0.47648902001318993 0.9941747572815534 0.4283475008877841 0.9941747572815534 0.4104343959263393
1 0.9331268606834041 0.5156739866578733 0.9498660782008496 0.5223914208350243 0.9666052957182949 0.5347066904043223 0.9816705500037924 0.5470219599736201 0.9833445132357402 0.559337229542918 0.9741379228610437 0.5839677686815138 0.9733009708737864 0.7007612748579546 0.9582357165882889 0.5951634394658076 0.9490291262135923 0.5850873278332995 0.948192174226335 0.559337229542918 0.9473552222390776 0.5447828020368304 0.938148631864381 0.5403045257964691 0.9255942335406553 0.5403045257964691 0.9281051487598604 0.5291088153789569
1 0.9941747572815534 0.5548589533025569 0.9892032364039746 0.5615763478464895 0.9850184172102548 0.5750111765675731 0.9808335980165352 0.5906851632254464 0.9799966460292779 0.7074787090351056 0.9816705500037924 0.7186743798193993 0.9908771403784891 0.7354679256290585 0.9941747572815534 0.7421854390726461 0.9941747572815534 0.5985221565543831
1 0.9055072080741808 0.7556202281605113 0.9197355103724211 0.7354679256290585 0.9348008239153519 0.7209135773894074 0.9448443070198725 0.7063591498833198 0.956561753356341 0.7063591498833198 0.961583524537318 0.7108374657568993 0.9523769934200547 0.7220331365411932 0.9507030301881068 0.7388266823508522 0.9557248013690838 0.7600985440340909 0.977485790067506 0.7892073197798295 0.9858553691975122 0.7992835106787743 0.9799966460292779 0.6171966156402191 0.9766488380802488 0.6328706022980926 0.9632574285118325 0.6395880364752435 0.9440073550326152 0.6328706022980926 0.9331268606834041 0.6261531681209416 0.9264311855279126 0.6037617472859172 0.9230833775788835 0.7813703264508929 0.9138767872041869 0.7656963397930194
1 0.9833445132357402 0.6250336089691558 0.9900401883912318 0.6093596223112825 0.9941747572815534 0.6063115900213069 0.9941747572815534 0.6362292797534497 0.9941747572815534 0.6407075956270292
1 0.74732174178929 0.7227944113991477 0.7598761401130157 0.7272727272727273 0.7674087672557646 0.7429467139306006 0.7808001175667476 0.7630989371956168 0.8008872022906554 0.7754142463981332 0.8218111797443871 0.7686968122209822 0.8268329509253641 0.7496641481077516 0.8251590469508495 0.7339901614498783 0.8285068548998786 0.7261531681209416 0.8410612532236044 0.7261531681209416 0.8452460724173241 0.7440662730823864 0.8469199763918386 0.7720555689427759 0.8536156515473301 0.7877294763342126 0.8494308916110437 0.7978056672331575 0.8352025300553702 0.8157187721946023 0.8209742277571298 0.8313927588524757 0.8117676373824333 0.8414688704849838 0.8050719622269418 0.8515449821174919 0.7983762870714503 0.8448275479403409 0.7900067079414441 0.8213166472199676 0.7858218887477245 0.7933273513595779 0.7808001175667476 0.7776533647017045 0.770756634462227 0.7597402597402597 0.7540174169447815 0.7519032664113231 0.7414630186210558 0.7496641481077516 0.7247238011036105 0.7485445889559659 0.7372781994273362 0.7384683980570211
1 0.8017241542779127 0.8627407321682224 0.8276699029126213 0.8638602913200081 0.8352025300553702 0.8616211730164367 0.8594743747155643 0.8560232979910715 0.8695179170775182 0.8549037388392857 0.8787244481947816 0.8716972846489448 0.8829092673885012 0.8739364029525163 0.9021593408677184 0.8728168438007305 0.9147137391914442 0.8728168438007305 0.929779052734375 0.8750559621043019 0.9306160047216323 0.8806538371296672 0.9080180640359526 0.9142409287489854 0.8946267137249697 0.935512790432224 0.882072315401244 0.9444693429129464 0.8611483379475121 0.9411105861911526 0.8477569283790959 0.935512790432224 0.8444091204300668 0.9276757971032873 0.8393873492490898 0.9075234945718345 0.8301807588743932 0.8907299487621754 0.8167894085634102 0.8840125145850244 0.8000501910459648 0.8772950804078734 0.7933545158904733 0.8739364029525163
1 0.7632239480620449 0.9097626128754058 0.7757783463857706 0.9198388037743507 0.7916806119159587 0.9231974812297078 0.8033980582524272 0.922077922077922 0.8193003237826153 0.912001810445414 0.8285068548998786 0.9086430537236201 0.8326916740935983 0.9332735928622159 0.8385503972618326 0.9467084612165179 0.8385503972618326 0.9601433295708198 0.8293438068871359 0.9724585595068993 0.8176263605506675 0.9769368753804789 0.7983762870714503 0.9746976778104708 0.7824740807986954 0.9702194412033279 0.7715935864494842 0.9635020070261769 0.7648979112939928 0.956784572849026 0.760713092100273 0.9388714678875811 0.7598761401130157 0.9243170403814935
1 0.9448443070198725 0.8705777254971591 0.9440073550326152 0.8526645412692776 0.9540508973945692 0.8381101930296266 0.9548878493818265 0.8246753246753247 0.9758118268355582 0.8213166472199676 0.9917140923657464 0.8190774496499594 0.9941747572815534 0.837480421190138 0.9941747572815534 0.9008060603946835 0.9941747572815534 0.9467084612165179 0.9941747572815534 0.9758173162286932 0.9941747572815534 0.993730421190138 0.9941747572815534 0.9974025974025974 0.9674422477055522 0.993730421190138 0.9808335980165352 0.9791759936840503 0.9766488380802488 0.956784572849026 0.9632574285118325 0.9433497837611607 0.9515399821753641 0.9444693429129464 0.9465182702518203 0.9388714678875811 0.9607465725500607 0.9231974812297078 0.9716270668992718 0.9075234945718345 0.977485790067506 0.8896103896103896 0.9666052957182949 0.8716972846489448 0.9557248013690838 0.8694581663453734
2 0.009101941747572815 0.15399756493506495 0.01706614077669903 0.1494318181818182 0.02199635922330097 0.15551948051948053 0.021617111650485438 0.16109983766233765 0.014411407766990292 0.16109983766233765 0.011756674757281553 0.15805600649350648
2 0.5861953883495146 0.32648133116883116 0.5918841019417476 0.3224228896103896 0.5960558252427185 0.33053977272727275 0.5911256067961165 0.3325689935064935 0.5892293689320388 0.3300324675324675
2 0.4951034101467688 0.13404856099710835 0.5031236963364685 0.036307171412876676 0.5027015463819782 0.04308300266018161 0.4993245837757888 0.14647091952237215 0.49468128982099513 0.1447769561371246 0.4942591694952215 0.14082439472148944
2 0.6939214910118325 0.047035573984121344 0.7036302288759102 0.04195369869083553 0.7137610574370449 0.04647091952237216 0.7154495387401396 0.05832862854003906 0.7120725761339503 0.06679842069551542 0.7032080789214199 0.0690570286342076 0.6994090256181735 0.06510446226442015 0.6956099723149272 0.060022586971134335 0.6930772503602852 0.05268209878500406
