0 0.09451742079651472 0.12785114436954648 0.10920290159947664 0.10929826018098113 0.12552011730601487 0.09401942661830358 0.15652280640833585 0.08747135509144176 0.1654972706026244 0.09620211712725751 0.17120829461847695 0.12894248466987115 0.18344619899120146 0.14312997793222404 0.18752549551065686 0.1682309237393466 0.17936688765738773 0.18241842691000407 0.1581545190903747 0.18241842691000407 0.1459166147176502 0.18241842691000407 0.1434690308802336 0.16277420242111404 0.13938973436077823 0.14203863763189936 0.12633597364703428 0.13876459691431614 0.10593946142104066 0.13439921589640827
0 0.2323978164820995 0.05691367310362977 0.2397405531799909 0.042726179841276885 0.25361017023475424 0.02853868905600015 0.2666639605772148 0.019807923304570187 0.28787631432986954 0.007803121170440278 0.2984825060205552 0.006711775915963309 0.3180631470911711 0.019807923304570187 0.3319327641459345 0.04054348933232295 0.3417230994956007 0.059096363612583705 0.3547768602093447 0.06891847585702872 0.3564085728913835 0.09401942661830358 0.3417230994956007 0.10493287916307326 0.32295831476600423 0.10602422937170251 0.31072041039327974 0.11038961038961038 0.30093007504361347 0.10602422937170251 0.2984825060205552 0.0929280764096743 0.29113976932266383 0.08092327861042765 0.2870604579888501 0.07764924284699676 0.26911152960027307 0.07000982111150568 0.26013705059162623 0.06782713060255174 0.2470833046922406 0.06564444009359781
0 0.34484584771313714 0.2583691287350345 0.34716666508646843 0.24232938692167208 0.3603179635353459 0.2387075052632914 0.3765636555199484 0.24853830709085836 0.3978377851467688 0.2537124237456879 0.41988552056469963 0.26716510723163556 0.43922563571374396 0.27854814405565137 0.4523769045339047 0.29303565087256495 0.36359415887628943 0.3064883343585126 0.3782926689073877 0.31373207785866475 0.39028352904088287 0.323045487837358 0.3949251637875455 0.33287626984831575 0.39105713483199334 0.359781636820211 0.388736317458662 0.3799606917740463 0.3864155000853307 0.3918611204469359 0.37016980810072814 0.3939307671088677 0.35933932702518206 0.39548300210531656 0.34696166399613165 0.3970352371017654 0.3388388328181887 0.39651782543628245 0.3280083517426426 0.382547750101461 0.31524388581803703 0.3592642251547281 0.3125362655491505 0.3349459165102476 0.3059606163247118 0.30700574602399555 0.39861139093787923 0.29872715937626826 0.38932812144455403 0.29614012086546265 0.38081848737105584 0.2935530625380479 0.3692144005043993 0.28941376921418427 0.35954435774423543 0.28217002571403205 0.35335551141535193 0.2723392238864651 0.34910067956424456 0.26509546056970373
0 0.40345802677487863 0.3287369963410613 0.41119405505726636 0.3204584295099432 0.4177697042817051 0.3007968060382001 0.32125093034170205 0.283204849044998 0.3251189296685376 0.283204849044998 0.34020424259519116 0.2868267108867695 0.35219510272868626 0.2914834158761161 0.3637991599666262 0.29510529753449677 0.3715352178777306 0.2982097675273945 0.4827524722201153 0.3090753926859274 0.48778090986233313 0.3282195846755783 0.4889413185489988 0.34425932648894075 0.49358295329566143 0.3592642251547281 0.4997717996245449 0.3737517517882508 0.3086682365935983 0.3861695921266234 0.40596061632471175 0.4027267654220779 0.4044134047424909 0.41307495909851866 0.41176265975804005 0.4239406040736607 0.4144702800269266 0.44929373604910716 0.41408347713137134 0.4632638113839286 0.4090550394891535 0.4710249863661729 0.4024793902647148 0.46429863471489446 0.3935829532956614 0.44722408938717534 0.3870073040712227 0.4311843673904221 0.3773372613110589 0.4151446057604505 0.4680539918177336 0.3996222954291802 0.45606313168423845 0.38979147378500406 0.4444590448175819 0.38513476879565745 0.43246818468408676 0.3742691634537338 0.41893011296837074 0.3623686951476258 0.41003364637060075 0.3504682664747362 0.40616561741504853 0.34115485649604305 0.40384482967043384 0.3344285048447646
0 0.4148570829224818 0.5 0.4218195054137591 0.4922388250177557 0.4314895778026396 0.48809953169389203 0.4473484668916869 0.48706470836292615 0.46011293281629245 0.4844776896687297 0.47829266890738775 0.48189063134131493 0.48757590877199636 0.4798209846793831 0.4837078798164442 0.4896517666903409 0.47442463995183554 0.49482588334517047 0.46630177914517595 0.5031044699928977 0.45663173638501214 0.5134526636693385 0.44889567847390777 0.530009836964793 0.43574440965374694 0.5315620719612418 0.42297991410042474 0.5258705436409293 0.4164042945047027 0.5165571336622362
0 0.5695780041148362 0.34736379648183846 0.5749932446526093 0.322528076171875 0.5827293025637136 0.31580172452059657 0.5923993453238774 0.3142494895241477 0.606324190306432 0.3178713711825284 0.6167678981151395 0.32459772283380683 0.6264379408753034 0.3308066430029931 0.6334003929952974 0.34529414981990664 0.6337871662621359 0.3577119901582792 0.63804202774196 0.371682105126319 0.6395892393241809 0.38151292677049514 0.6364948161597391 0.39548300210531656 0.6306927430976942 0.4084182937423904 0.6245038967688107 0.4177316640878653 0.6357212103686286 0.4296321323939732 0.6411364509064017 0.43894550273944805 0.6395892393241809 0.4487763243836242 0.63804202774196 0.4565374993658685 0.6279851524575243 0.45912455769328325 0.6140602482175364 0.45808973436231737 0.606324190306432 0.45498526436941966 0.5978145858616505 0.4441196193942776 0.591625739532767 0.4291147207284903 0.5827293025637136 0.4146271940949675 0.5761536237105582 0.4032441770875609 0.5691911715905643 0.38409994546469156 0.5684175657994539 0.3659905768060065 0.5691911715905643 0.3546075597985998
0 0.5513982976524575 0.15112536541827312 0.5525586767104066 0.14232938692167207 0.5614551729368932 0.14025974025974025 0.5707383831727852 0.1454338569145698 0.5827293025637136 0.15060795375279018 0.5923993453238774 0.15629948207310268 0.6012957822929308 0.26147357891132306 0.607871401888653 0.2666476955661526 0.6036165996662621 0.2769959090592025 0.598201359128489 0.18941376921418426 0.5885313163683252 0.3059709226930296 0.5854368932038835 0.31011021601689326 0.5773140620259405 0.3116624510133421 0.571125215697057 0.3111450393478592 0.5664835809503944 0.30441868769658076 0.5684175657994539 0.18527449570692978 0.5660967484261226 0.17389143906630478 0.5579739172481796 0.1656128722351867 0.5537191150257889 0.15940395206600041
0 0.606324190306432 0.3095928043514103 0.6067110228307039 0.29614012086546265 0.6082582344129247 0.2837222607104809 0.6113526575773665 0.2738914390663048 0.6156074597997573 0.2687173422280844 0.622956744444023 0.2676825188971185 0.6291455315154733 0.26509546056970373 0.6384288010087985 0.26250840224228894 0.6523537052487864 0.26406063723873785 0.6627973538000607 0.25888654040051745 0.6705334117111651 0.2516427770837561 0.6790430754133798 0.23922491692877434 0.6871659065913228 0.22370258678089489 0.6929679203959345 0.2164588432807427 0.7007039783070388 0.2107673149604302 0.718110078978307 0.2118021382913961 0.7301009391118022 0.21542401994977678 0.7359030121738471 0.2257722334428267 0.7397710411293993 0.23663785860135958 0.7362897854406857 0.2552646587421368 0.7331953622762439 0.26819993056260144 0.7312613774271844 0.2914834158761161 0.7297141658449636 0.3064883343585126 0.7308745449029126 0.31890619451349433 0.7331953622762439 0.3297718196720272 0.7335821948005158 0.3349459165102476 0.7308745449029126 0.34995085480925325 0.7254593043651396 0.3582294018237622 0.7192705172936893 0.360299048485694 0.707279597902761 0.3571945784927963 0.7068928246359223 0.34425932648894075 0.699156766724818 0.3349459165102476 0.691033935546875 0.33598073984121346 0.6840714834268811 0.33391109317928164 0.6817506660535497 0.31942360617897725 0.6771090313068872 0.30700574602399555 0.6720806232933859 0.29924457104175123 0.6620237480089503 0.3111450393478592 0.6562217342043386 0.31942360617897725 0.6523537052487864 0.32408031116832386 0.6450044206045207 0.33132405466847603 0.6415232241732403 0.33235887799944197 0.6330135604710255 0.33028923133751015 0.6241171235019721 0.32149325284090907 0.6163810655908677 0.3147669011896307 0.6101922192619842 0.31011021601689326
0 0.22229792030112258 0.6506493506493507 0.22444348381560983 0.6312764749898538 0.2281982570018583 0.6169261585582386 0.23463497717403672 0.6018583619749391 0.23785335207448421 0.5810504467456372 0.23570777374563864 0.5609600513012378 0.23463497717403672 0.5530673733005276 0.25233598727624396 0.5516323337307224 0.26789141904960556 0.5602425315163352 0.2727189739930977 0.5659826501623376 0.2829104821658829 0.5817679665305397 0.28398327873748486 0.5975532828987419 0.28183768559428096 0.613338599266944 0.2791557237939927 0.6341465144962459 0.2796921220797937 0.6520843902191559 0.2775465289365898 0.6635646275111607 0.2662822538209193 0.6721747856635552 0.25233598727624396 0.6736098252333604 0.2367805555028823 0.6728923054484578 0.2319530153737485 0.67073974609375 0.22712546043025636 0.6571069890802557
0 0.36712439083358617 0.7654516443029626 0.3730247423486802 0.7589940455052759 0.37463390757736653 0.7503838873528815 0.3783886659492567 0.7403386896306818 0.3805342590924606 0.7360335709212662 0.3912621359223301 0.725270853414164 0.40467200418120447 0.7166606952617695 0.4127179192107858 0.7116380567674513 0.41808184281136224 0.7374686104910714 0.42022743595456613 0.7589940455052759 0.4213002325261681 0.7783669211647727 0.416472677582676 0.7934347573812905 0.5116451522679005 0.8041974748883929 0.501453584837682 0.8128076330407873 0.3880437758362409 0.819265231838474 0.3773158693776547 0.822852830762987 0.37409750929156554 0.7970222770393669 0.3698063526338744 0.7841070794439935
0 0.5491927359868022 0.8006098759638799 0.45241109607289137 0.7826720398741883 0.46260257461695997 0.7625816444297889 0.4754760445900334 0.7424912489853897 0.492104272934997 0.7274234127688718 0.5065869377654733 0.7238358138443588 0.5194603781098301 0.7295759721235795 0.5312610811400182 0.7396211698457792 0.5457437163417779 0.7539714070109578 0.5629083429725424 0.7719093223670861 0.5704178597163229 0.7855421190137987 0.46773586828731795 0.8020449155336851 0.45700802108616506 0.8049149946732954 0.4473529111991808 0.8006098759638799 0.5355522081689927 0.7970222770393669 0.519996776395631 0.7955873167359984 0.41356005622345265 0.8006098759638799 0.40980526822284585 0.8135251528256899 0.40444134462226944 0.8135251528256899 0.5974682261642901 0.8063500342431007 0.5883495145631068 0.8049149946732954 0.574939675932949 0.8128076330407873 0.5690392947891384 0.8156777121803978 0.5577750493021845 0.8163952319653003 0.5534838630157767 0.8142426726105926
0 0.44972913427260314 0.9132596895292208 0.5561658544447815 0.893886813869724 0.5636753711885619 0.8852765764508929 0.5717212862181432 0.8824065765777191 0.5872767179915048 0.886711616020698 0.40444134462226944 0.8895816951603085 0.6146328527950546 0.9010619324523134 0.622142369538835 0.911107130174513 0.6296518862826153 0.9254574466061283 0.6344794115973907 0.9433952826958198 0.6339430133115898 0.9584631189123377 0.6242879626820388 0.9706607967228085 0.6167783866808253 0.9742483956473215 0.6006865566216626 0.974965915432224 0.4862039510486195 0.9699432769379058 0.46903932441785495 0.9606155990006088 0.4642117694743629 0.9548755199878247 0.4577750493021845 0.9455478420505276 0.45080190121548847 0.9297624860491072 0.4475835411293993 0.9225873674665178
0 0.6382341995979975 0.944830322265625 0.6494984450849515 0.9505704012784091 0.6580807584003338 0.9541580002029221 0.6693450631447209 0.9634856781402191 0.6773909781743022 0.9699432769379058 0.6832913000606796 0.974965915432224 0.6843640966322816 0.9835760735846185 0.6650539361157464 0.9764009550020292 0.6553988262287621 0.9706607967228085 0.6409161910270025 0.9670732770647321 0.6387705978837985 0.9634856781402191 0.6393069961695995 0.9548755199878247
0 0.004107542871271522 0.43386614910967936 0.00933532529664271 0.4218781310242492 0.01904406316072038 0.409890112938819 0.02651232191659872 0.3959041050502232 0.03398058252427184 0.3929070807122565 0.04443614552321943 0.39990008465655436 0.06609409665598452 0.409890112938819 0.08028379273646086 0.41588412198153407 0.09148618087027836 0.4218781310242492 0.09820761819487636 0.4348651440112622 0.11165048543689321 0.46683317902800325 0.11986557303123103 0.4898101806640625 0.11015683516715337 0.4958041897067776 0.09671396792513653 0.49680318460836037 0.0892457091692582 0.5047952230874594 0.07804331362826153 0.5097901975953734 0.06908140460264335 0.5027971936510754 0.05713218763036635 0.493806199903612 0.03995519101041035 0.4898101806640625 0.0257654967817288 0.4828171767197646 0.007841673175108086 0.46383615469003653 0.004107542871271522 0.45484516094257305 0.0033607170419785583 0.44585412756189124
0 0.02010517861079244 0.5043966318105723 0.01454288056753214 0.493574147410207 0.02010517861079244 0.48478084415584416 0.032241099089094734 0.4915449266309862 0.04488268731867225 0.49695616883116883 0.05398462906624507 0.5010146103896104 0.06359223300970873 0.505073051948052 0.05752427184466019 0.5172483766233766 0.055501619357507206 0.5206303980443385 0.04286003112792969 0.5213068181818182 0.03325242718446602 0.5172483766233766 0.027184466019417475 0.5138663552024147 0.023644821389207562 0.5098079136439733
0 0.031229774697313032 0.578125 0.043871359223300974 0.5659496753246753 0.056007281553398056 0.5639204545454546 0.07572815533980583 0.5639204545454546 0.0823017824043348 0.561214813628754 0.09544902912621359 0.5632440344079749 0.10202265619074256 0.5564799915660511 0.11466423701314093 0.548363108449168 0.11972087378640776 0.5388933850573255 0.12174352997715034 0.5287472811612216 0.12983414733294144 0.5098079136439733 0.13387944490006826 0.5030438311688312 0.14500405024556282 0.49898538961038963 0.15764563106796117 0.49425052791446833 0.16523058252427184 0.4888392857142857 0.1682645631067961 0.4983089694729099 0.16877022159909738 0.5172483766233766 0.17129854368932038 0.540246225332285 0.17129854368932038 0.5537743506493507 0.164219250725311 0.5727137577998174 0.1566342992690003 0.589623904537845 0.14803803082808709 0.6011228487089083 0.13387944490006826 0.6004464285714286 0.1212378640776699 0.5923295454545454 0.10556229526556811 0.596387987012987 0.09089805825242718 0.5943587662337663 0.07673947973158753 0.5936823460962866 0.06763753798401471 0.5984172077922078 0.05701860964876934 0.6065340909090909 0.050444982584240364 0.6072105110465706 0.04286003112792969 0.6045048701298701 0.034263755279837306 0.5970644071504667 0.030218446601941746 0.5855654629794034
0 0.2370347847058935 0.5138663552024147 0.24006876528841778 0.4908685064935065 0.24512540946886377 0.4746347402597403 0.25625 0.4800459824599229 0.2876011228098453 0.48342804351410307 0.30327669902912624 0.47734038117644073 0.30985033350083435 0.47531116039722 0.3128843140833586 0.48410442401836445 0.31187296747003945 0.4915449266309862 0.3149069480525637 0.6125135149274553 0.317435284957145 0.6199540175400771 0.34221277329528216 0.6287472811612216 0.3533373786407767 0.6267180603820008 0.37052994515131976 0.6186011772651177 0.37760922330097085 0.613189935064935 0.38721683835520326 0.6050730519480519 0.3998584043632433 0.6003381902521306 0.4084547024328732 0.5016910305270901 0.4130056733066596 0.5226596188235593 0.40896034611081616 0.5449810473949879 0.40390373155908676 0.5652732551871956 0.3983414140719812 0.6903003246753247 0.3912621359223301 0.5058576707716113 0.38772248203314624 0.5092397318257914 0.37760922330097085 0.5058576707716113 0.36547330097087377 0.5017992292131697 0.3492920810736499 0.5038284499923904 0.3315938412564472 0.6997699688007305 0.3295712072872421 0.6936823064630682 0.3270428703826608 0.688947563666802 0.3113673237920965 0.6862418831168832 0.3012540354312045 0.6862418831168832 0.29063510339236953 0.571360917524858 0.279004854368932 0.5558035714285714 0.2693972393146996 0.5524215500076096 0.25625 0.548363108449168 0.24411407766990292 0.5449810473949879 0.23905744830381523 0.5395698051948052 0.23652912621359223 0.5321293422154018 0.23652912621359223 0.52468883960278
0 0.4003640776699029 0.24330357142857142 0.40643203883495144 0.21962932239879263 0.4049150485436893 0.20610119708172686 0.40592636552829187 0.19122023148970171 0.4114886830153974 0.17972132695185675 0.4256472393146996 0.16281115048891537 0.4312095568018052 0.1607819297096946 0.43930015193605887 0.16484037126813617 0.445873786407767 0.17972132695185675 0.4433454791319023 0.19527867304814325 0.43272654709306735 0.2115124392819095 0.4322208737864078 0.21895292207792208 0.4322208737864078 0.23653950877003854 0.4312095568018052 0.2520968548663251 0.4296925665105431 0.2629193788999087 0.42311893203883494 0.25750811688311687 0.4119943266933404 0.25142045454545453 0.40643203883495144 0.2453327922077922
0 0.7361245757167779 0.27982954545454547 0.7396642592346784 0.25480249578302555 0.7518001815647755 0.2372159090909091 0.7644417475728156 0.232481067211597 0.7760720262249696 0.2318046470741173 0.7902305825242718 0.23383386785333807 0.8074231194060983 0.24397997174944197 0.8170307640890473 0.25615529642476664 0.8069174757281553 0.27171266233766234 0.8013551582410497 0.2811823659128957 0.7993325242718446 0.2994453529258827 0.8003438708851638 0.3177083399388697 0.8079288223414746 0.3339420863560268 0.8079288223414746 0.3400297486936891 0.7892192359109527 0.3400297486936891 0.7765776699029127 0.3400297486936891 0.7598907766990292 0.33867694805194803 0.7492718446601941 0.3359713071352476 0.7401699029126214 0.3319128853934152 0.735618932038835 0.31229707792207795 0.7361245757167779 0.3001217532467532 0.7366302786521541 0.28794642857142855
0 0.42677991552260314 0.8953598220627029 0.435376213592233 0.8784496753246753 0.44650078930901094 0.8601866883116883 0.4535800970873786 0.8480113636363636 0.468244356322057 0.8324539779068587 0.4753236048429915 0.822984333781453 0.4839199029126214 0.822984333781453 0.49251620098225124 0.820278653231534 0.6046521233123483 0.8168966714437906 0.6167880456424454 0.8108090091061283 0.6157766990291262 0.8216314935064936 0.612742718446602 0.8385416402445212 0.6081917475728156 0.8534226454697647 0.6036407766990292 0.8635687493658685 0.48948222039972694 0.8716856324827517 0.47582930777836774 0.8798025155996347 0.4662216630954187 0.8913013805042613 0.4540857407653216 0.8994182636211445 0.6424555213706007 0.9041531649502841 0.6328478766876517 0.9055059259588069 0.6272856184579794 0.9021239441710633
0 0.7401699029126214 0.8162202116730926 0.7421925368818264 0.8026921259892451 0.7543284592119236 0.7898403415432224 0.7603964203769721 0.7695481337510146 0.7679813718332827 0.7587256493506493 0.7826456310679611 0.7634604714133523 0.7932645631067962 0.7573728090756899 0.8064118320502124 0.7451974844003653 0.8155137737977852 0.7384334415584416 0.8256270029012439 0.7377570610541802 0.8327063106796116 0.7506087662337663 0.8316949640662925 0.7681953727424918 0.8301779737750303 0.8168966714437906 0.8296723300970874 0.8419237012987013 0.8301779737750303 0.8581574675324676 0.814502427184466 0.8615395285866477 0.8033778514676881 0.8622159090909091 0.7902305825242718 0.8628922895951705 0.7801172941633798 0.8615395285866477 0.7694983621245449 0.854099025974026 0.7629247572815534 0.8473349831321023 0.7533171718560376 0.8365124194653003 0.7462378640776699 0.8317775974025974 0.7406755465905643 0.8236607142857143
0 0.5516788223414745 0.950148783101664 0.5668487252540959 0.9487960220931413 0.5820186281667172 0.9406791389762581 0.5880865893317658 0.9352678571428571 0.5971885310793386 0.9183577104048295 0.7002225116618629 0.908887987012987 0.7037621359223301 0.903476705179586 0.7133697213478458 0.9000947233918425 0.7239886533866808 0.8946834415584416 0.7325849514563106 0.890625 0.7371359223300971 0.8865665584415584 0.7447208737864077 0.8784496753246753 0.7467435077556128 0.8683035714285714 0.748260498046875 0.8568046272575082 0.7492718446601941 0.8432765415736607 0.7421925368818264 0.835836038961039 0.735113288360892 0.8317775974025974 0.7265169902912622 0.8317775974025974 0.7184263951570085 0.8365124194653003 0.7093244534094357 0.8480113636363636 0.7067961165048544 0.8588338480367289 0.7012337990177487 0.8703327922077922 0.6885922330097087 0.8818317363788555 0.6719053398058252 0.8953598220627029 0.5638147446715716 0.9082116065087257 0.5602750611536711 0.9183577104048295 0.558758070862409 0.9257981337510146 0.5572410805711469 0.9366206974178165 0.5557240902798847 0.9447375805346997
0 0.06156958052255575 0.7250135545606737 0.06662621359223302 0.7155438311688311 0.0833131067961165 0.7108090091061282 0.09494336322673316 0.7006629052100244 0.1 0.794575242872362 0.10758495145631068 0.7823999181970374 0.11264158822957752 0.7722538143009334 0.11820388349514563 0.7648133116883117 0.12427184466019417 0.7634604714133523 0.13185679611650486 0.7648133116883117 0.13843041577385468 0.7790178571428571 0.14348705995430067 0.7925460220931413 0.14601536723016534 0.8060741077769886 0.1455097087378641 0.8209551130022321 0.14197006966303855 0.831101216898336 0.13236245460880613 0.8365124194653003 0.12932847402628186 0.8466585233614042 0.12680016675041716 0.8527461856990666 0.1176982175956652 0.8466585233614042 0.10859627584809238 0.8432765415736607 0.09696601941747574 0.7398944805194805 0.08735841177042249 0.7365124194653003 0.07724514563106796 0.7338068181818181 0.06713187949171344 0.7331304376775568 0.06409789890918917 0.7311012168983361
0 0.29012945971442655 0.9075351467380276 0.2956917475728155 0.8953598220627029 0.30175970873786406 0.8845373376623377 0.3113673237920965 0.8831844973873783 0.3204692655396693 0.8953598220627029 0.3346278218389715 0.8987418831168831 0.3477750907823877 0.9041531649502841 0.35687703252996056 0.8980655026126217 0.36395631067961165 0.8973890428419237 0.37356392573384406 0.9068587662337663 0.38266586748141684 0.9136228090756899 0.39227345290693266 0.9210633116883117 0.3932847995202518 0.932562255859375 0.39277912621359223 0.9440611207640016 0.38519417475728157 0.9596185064935064 0.3786205402855734 0.9859983766233766 0.3776732805863168 0.9974025974025974 0.34019013932607706 0.9954681000152191 0.3213895631067961 0.9974025974025974 0.3194579189263501 0.9839691558441559 0.3224918995088744 0.9697646103896104 0.3159182946658829 0.9521780038808847 0.3058050063049909 0.937297077922078 0.29619742087947515 0.9244453727424918 0.2941747572815534 0.9197104714133523
0 0.4625606796116505 0.02482413502482625 0.4716626213592233 0.013325216863062475 0.4822815533980582 0.004531926303714901 0.4934061587435528 0.0025027056793113806 0.502508070862409 0.0025027056793113806 0.502508070862409 0.01670725066940506 0.4994740902798847 0.035646644195952974 0.4994740902798847 0.04917478189839945 0.5045307640890473 0.05932088579450335 0.5040250611536711 0.0789366883116883 0.49492314903481494 0.09381764399540889 0.48480986067392295 0.10869858977082487 0.47773058252427186 0.1120806310083959 0.4726739383438259 0.1066693689916041 0.4696399577613016 0.10396374789151279 0.468628640776699 0.0965232650955002 0.4726739383438259 0.08231872459510704 0.47520227524840714 0.06879058441558442 0.4716626213592233 0.05796807524445769 0.4671116504854369 0.04646915584415585 0.46458334320957223 0.034970238920930145
0 0.678984647584193 0.039705085754394534 0.6739279737750303 0.02279491424560547 0.6774676572929308 0.00926677468535188 0.6810072815533981 0.0038555194805194805 0.69112056991429 0.00317911265732406 0.7062904728269114 0.0038555194805194805 0.713875424283222 0.014001623376623376 0.7179206922216322 0.030911797362488586 0.7189320388349515 0.04985119212757457 0.7260113466133191 0.08299512987012987 0.7270226339692051 0.09787608555385045 0.7209546728041566 0.11546266233766234 0.7088187504740595 0.11140422077922078 0.7067961165048544 0.10802218944995434 0.7037621359223301 0.0965232650955002 0.6992111650485436 0.07961309358671113 0.69112056991429 0.06540854813216569 0.6875808863963896 0.05796807524445769 0.6805016378754551 0.04646915584415585
0 0.8025186186855279 0.5781102960759943 0.8102575209534284 0.5734048422280844 0.8018151144379551 0.626105766791802 0.8018151144379551 0.6581027736911526 0.8011115509329491 0.6778656402191559 0.8018151144379551 0.7032749720982143 0.8039256864381068 0.7173912940087257 0.8004080466853762 0.7249200201653815 0.7884480004171723 0.7277432528409091 0.7778950219015474 0.7286843832437094 0.7722667508912318 0.7230378386262175 0.7687491111385012 0.7079803863129058 0.7680456068909284 0.6929230132660309 0.7750808863963896 0.683512105570211 0.7800056531591323 0.6712779651988636 0.7835232929118628 0.6468097240893872 0.7898550681697513 0.6270468575613839 0.7954833391800668 0.6119894448812906 0.7990009789327973 0.5959909810648336 0.8011115509329491 0.5894033456777598
0 0.7741918471253034 0.7352409858208198 0.7802375867528822 0.7338137936282467 0.7898396019796723 0.7338137936282467 0.7987304094925668 0.7309594885095373 0.807976820862409 0.726202392578125 0.812244363432949 0.729532375583401 0.807976820862409 0.7385709688260957 0.8029979520631068 0.7438038219105113 0.7969522124355279 0.7485609971083604 0.7912621359223301 0.7518909801136363 0.7862832671230279 0.7542695280793426 0.7795263197815534 0.757123833198052 0.7763255887818568 0.757123833198052 0.7738361840109224 0.7528424151532062 0.7720580462113168 0.745706691989651
0 0.8303815823156857 0.7395224038656656 0.8374941927715412 0.736192341593953 0.8513638690837378 0.7319109235491071 0.865589089995449 0.7219209745332792 0.8705679587947512 0.7171637993354302 0.8815925079641991 0.7176394772219967 0.8847931797064624 0.7200181044541396 0.8883495145631068 0.7333381157416802 0.887993910706159 0.7461823698762176 0.8833706457638046 0.7566480760450487 0.871990492737409 0.769968166599026 0.8591877465109223 0.7904239010501217 0.8545645408260012 0.8013652851055195 0.8492300681697512 0.8108796355012176 0.8446068624848301 0.817063923625203 0.8378498558859223 0.8251510025618912 0.8353604511149879 0.8203939066304788 0.8350047880006068 0.8061224603033685 0.834649184143659 0.7966081891741071 0.8353604511149879 0.781385307807427 0.8353604511149879 0.7656866692877435 0.8357160549719357 0.7518909801136363
0 0.5604573370183555 0.08636601435673702 0.5686368775599211 0.08018172127859934 0.5778832889297634 0.08065743879838423 0.5860628294713289 0.08684173187652192 0.5967317747838289 0.09350173752029221 0.6052669191823422 0.10587032367656757 0.6095344617528823 0.11538461462243811 0.6159358644948423 0.12680176573914367 0.6212703371510923 0.13251034625164873 0.6312280154922634 0.13917035189541904 0.6394074967763956 0.1524903631829596 0.6440307024613168 0.16818895216112012 0.6433194354899878 0.17532467532467533 0.6358512211771845 0.17627611036424512 0.6266048098073422 0.1738975227653206 0.6184252692657767 0.17294610754235998 0.6063337900106189 0.17056751994343547 0.5960205078125 0.2705675199434355 0.5853515625 0.2705675199434355 0.5796614267293689 0.2615289465173498 0.5704150153595267 0.22585033069957386 0.5654362058176577 0.21443318949117288 0.5611686039896845 0.2011131782036323
0 0.6447419694326456 0.1439274973683543 0.6546996477738167 0.13821892676415382 0.663946059143659 0.13488892394226867 0.6717699958282767 0.13441320642248378 0.6895515515966323 0.1367917841131037 0.702354297823119 0.1367917841131037 0.7094669082789745 0.1358403490735339 0.7222696545054612 0.12394748043704343 0.7304491357895935 0.11823889992453836 0.7382730724742111 0.12109319513494318 0.7457412867870146 0.13298606377143365 0.7510757594432645 0.14773321771002434 0.7521426895289746 0.15391751574231433 0.7514314225576456 0.1667618194183746 0.7482307508153823 0.17817896062677557 0.7443188121017901 0.18626611882990057 0.7404068141307646 0.19387755951324068 0.7354280045888957 0.2033918504591112 0.7297379280756978 0.20719757080078124 0.7197801904770934 0.20624613576121145 0.7108894422216323 0.20481898320185674 0.6998648337947512 0.20481898320185674 0.6945303611385012 0.20053756515701096 0.6895515515966323 0.18626611882990057 0.6842170789403823 0.17580039284446022 0.6785270024271844 0.1715189549830053 0.6707030657425668 0.16961610472047484 0.6589672496017901 0.16818895216112012 0.6500764420888956 0.16723751712155033 0.6468757703466322 0.15439322335379466
0 0.7542764904429612 0.13536463155374898 0.7638785056697512 0.1287046259099787 0.7692129783260012 0.11681175727348823 0.7738361840109224 0.1077731838474026 0.7802375867528822 0.09825888299322748 0.7859276632660801 0.0996860256442776 0.7830825953807645 0.1149088971026532 0.781304457581159 0.12680176573914367 0.7869945340943568 0.1367917841131037 0.7965966085785801 0.14678179257875912 0.8051317529770935 0.15534465839336445 0.8072655538910801 0.15677180104441457 0.8101106217763956 0.1601018038662997 0.8101106217763956 0.1667618194183746 0.8065542869197512 0.17199467250279019 0.7987304094925668 0.17532467532467533 0.791973402893659 0.1824603984882305 0.7852163962947513 0.188168969092431 0.7756143810679612 0.18674183634968547 0.7674348405263957 0.18055752840909092 0.7624559717270935 0.17580039284446022 0.7578327660421723 0.16818895216112012 0.75498775741429 0.15486894087357955 0.75498775741429 0.14345178975687398
0 0.8399836567999089 0.22004186456853694 0.8467406633988167 0.2095761385830966 0.8570539455969357 0.20672185328099635 0.8680784947663835 0.20862470354352677 0.8737686305370146 0.21338185892476663 0.8844375758495145 0.22812902277166194 0.8911945824484223 0.23716759619774758 0.8951065211620146 0.2462061696238332 0.8986627967612257 0.25762333064884335 0.898307192904278 0.27237049449573864 0.8979515890473301 0.2776033475801542 0.8837263088781857 0.2695161893770292 0.8673672870524879 0.2571476131290584 0.8588320833965413 0.25096332500507307 0.8524307399120146 0.24477903688108765 0.8478075342270934 0.2395461639800629 0.8410505276281857 0.23003187303419237 0.8382054597428702 0.22432330242999188
0 0.18064797410687197 0.7666569697392451 0.1882840647280795 0.7637385380732549 0.20137449097864837 0.7724938330712257 0.2166466722210634 0.7717641855215097 0.22755535829414442 0.7637385380732549 0.24119123440344356 0.7557128113585633 0.24773644012154886 0.7710346172382305 0.24500927971404732 0.7973004229657061 0.24119123440344356 0.8024077180144075 0.22428274802791262 0.8031372862976867 0.20519253628925213 0.8067853655133929 0.20028362088990442 0.8053261496803977 0.19046580490556736 0.7936524230164367 0.18392058437310377 0.7819786963524756
0 0.7413548738053701 0.4135269363205154 0.7571724604634406 0.4113381125710227 0.7691720314396238 0.41717497590300323 0.7833533425932949 0.42082301548549106 0.7969891890738774 0.42884866293374596 0.8122613703162925 0.4412519975142045 0.8253518113812197 0.45365533209466313 0.826988086885619 0.4711659220906047 0.8166248506712682 0.5054574545327719 0.8117159649006371 0.5193200049462257 0.7997163939244539 0.5280752999441964 0.788262228363926 0.5258864761947037 0.7800807323270631 0.5127535336977476 0.7757172519720874 0.49597255161830356 0.7680811613508799 0.4886764724533279 0.7615359408184162 0.49232451203581573 0.7533544447815534 0.4886764724533279 0.7506272399309769 0.4864876883370536 0.7517181100197209 0.4667882745916193 0.7549907202859527 0.452196116261668 0.7484454997534891 0.44490003709669235 0.7386276689547937 0.4339559183492289 0.7364459287773059 0.4222822313184862
0 0.7168103264373483 0.9672990278764204 0.7108105113205401 0.9497884378804788 0.7124468460823725 0.937385063666802 0.7211737475348908 0.9176856895545861 0.728264432740443 0.9089303945566153 0.7391731336278823 0.9016343153916396 0.7506272399309769 0.8936086679433848 0.7620814054915048 0.8899605887276786 0.7735355117945996 0.8892310204443994 0.7811716024158071 0.894338236226664 0.7920803033032464 0.9023639629413556 0.79862552383571 0.9191449053875812 0.803534409606341 0.939573927049513 0.8040798742794296 0.9585437328784496 0.8013526694288532 0.9724062436586851 0.7937165788076457 0.9724062436586851 0.7855350827707828 0.9643805962104302 0.7724446417058556 0.962921380377435 0.7615359408184162 0.9651101644937095 0.7457183541603458 0.9672990278764204 0.7326279130954186 0.9702174595424107 0.7288098381560983 0.97094702782569 0.7233554877123787 0.9716766753754058
0 0.17792079888501214 0.9877279702719156 0.1866477595949636 0.9614621645444399 0.19537472030491504 0.9454107903814936 0.21446493204357556 0.9519772219967533 0.2308279685603762 0.9570845170454545 0.2373731890928398 0.9731358912084009 0.23573688395972392 0.9906464019379059 0.22482818307228458 0.9928352653206168 0.21228319186608768 0.9957536969866071 0.20137449097864837 0.9964832652698864 0.18882949977245145 0.994294481153612
0 0.24282753953655947 0.743309516411323 0.24991819511339503 0.7272581422483766 0.2608268663721177 0.7155844155844155 0.27009926212644114 0.7206916313666802 0.2788262228363926 0.7309061421976462 0.28646231345760015 0.7425798688616071 0.2968255793006675 0.7579016747412743 0.3011890596556432 0.7666569697392451 0.2951892741675516 0.7739530489042208 0.2820988331026244 0.7827082646357548 0.2755536125701608 0.7929227754667207 0.27119013221518506 0.7973004229657061 0.2602814313277457 0.7980300705154221 0.24773644012154886 0.8002188546316964 0.25264537033525486 0.7812490488027597
0 0.24610013498843294 0.8206478762936282 0.24937276006902306 0.8067853655133929 0.2597359962833738 0.8067853655133929 0.272281002303929 0.808244581346388 0.27828078779202065 0.8140814446783685 0.28646231345760015 0.8359696821732955 0.29137122885694783 0.8556690562855114 0.2957347092119235 0.8688019987824676 0.2962801442562955 0.8797460778967127 0.29246209894569175 0.8899605887276786 0.28646231345760015 0.9001750995586445 0.27937165788076457 0.906011962890625 0.2744627424814169 0.906011962890625 0.2646449116827215 0.9096600421063312 0.25864512619462987 0.9016343153916396 0.2537362404239988 0.8921494521103897 0.24937276006902306 0.860776272067776 0.24828187516592082 0.8461841137378247 0.24446384466967536 0.8374288980062906 0.24337297458093143 0.8286736030083198
0 0.005798274105034986 0.817352057122565 0.01321467057015132 0.8020201844054383 0.030744335952314357 0.6848845246550325 0.038834951456310676 0.6749639337713068 0.04962243756044258 0.6605339149376015 0.06445522863888047 0.6857864181716721 0.07456850218541414 0.8038239714387175 0.07793959089853231 0.811038961038961 0.07187162973348377 0.8281746207893669 0.070523189803929 0.8408008922230114 0.08198489587283829 0.8489177753398944 0.09614347439367794 0.8489177753398944 0.11434735788882358 0.7344877168729708 0.13187701771560226 0.7272727272727273 0.14333872378451154 0.7272727272727273 0.14670981990480886 0.7389971051897322 0.14199029126213591 0.7462120947899756 0.13457389757471178 0.7534271636566559 0.11771844660194175 0.7588383662236201 0.11299891795926881 0.7624458610237419 0.10086299562917173 0.7768759194906656 0.09412081820293537 0.8940115792410714 0.08805285703788683 0.7003246753246753 0.07726537463734451 0.7048340636414366 0.0691747572815534 0.7057359571580762 0.05703883495145631 0.7057359571580762 0.04220604016942885 0.890404005174513 0.028047465352178776 0.8741702389407467 0.01186623527008353 0.8597402597402597 0.006472491755068881 0.850721483106737 0.003775620229035905 0.8344877168729707
0 0.814185518431432 0.9572510558289367 0.8269956718370752 0.9671717259790991 0.8371089601979672 0.9725830078125 0.8485706514525182 0.9770923168628247 0.8620550359337075 0.9861110934963474 0.8681229970987561 0.9770923168628247 0.8708198621435073 0.9590548428622159 0.8741909582638047 0.9419191831118101 0.8741909582638047 0.9301948051948052 0.8768878233085559 0.913961038961039 0.878910457277761 0.8932178844105113 0.8762135922330098 0.8823954000101462 0.8661003038721177 0.8787879052100244 0.8526159786483617 0.8778860116933848 0.8431769213630158 0.8814935064935064 0.8330636330021238 0.8950216714437906 0.8269956718370752 0.9103535441609172 0.8222761728231189 0.922077922077922 0.8189050767028216 0.9428210766284497
0 0.9132955902988471 0.8652597402597403 0.9254315126289442 0.8652597402597403 0.9348705699142901 0.8652597402597403 0.9456580300932949 0.8580447506594967 0.9517259912583435 0.8499278675426136 0.9631876825128944 0.8400071973924513 0.9692556436779429 0.8300866065087257 0.9746494330248786 0.8147546545251624 0.9800431631143811 0.7994227818080357 0.991504854368932 0.7931096857244319 0.9941747572815534 0.7834157968496347 0.9941747572815534 0.7606421532568993 0.9941747572815534 0.730880222072849 0.9800431631143811 0.7543289779068587 0.9746494330248786 0.7606421532568993 0.9645361446639866 0.7678571428571429 0.955771318454187 0.7795815207741478 0.9503775883646844 0.7831890155742695 0.9389158378527003 0.775974025974026 0.9261057437044903 0.7732684246905438 0.9159924553435983 0.7795815207741478 0.9072276291337985 0.8039321701247971 0.9058791669827063 0.8219697233918425 0.9085760320274575 0.8409090909090909
0 0.8303667679573725 0.5667388123351258 0.8283441339881675 0.5532106870180601 0.8391315941671723 0.5315656389508928 0.8613808048581614 0.4891774759664164 0.8708198621435073 0.4792568454494724 0.8748651300819175 0.5171356597504059 0.8809330912469661 0.5450938039011769 0.877562054384102 0.5793650837687703 0.879584688353307 0.6109307227196632 0.8782362262022148 0.647907643503957 0.8620550359337075 0.6524170318207183 0.8505932854217233 0.6470057896205357 0.8526159786483617 0.608225121436181 0.8485706514525182 0.5892857142857143 0.8391315941671723 0.5811688311688312
0 0.845873786407767 0.007575757782180588 0.857335477662318 0.0021645021128964114 0.8977885718484526 0.0021645021128964114 0.9113808048581614 0.0012987012987012987 0.9200377825394418 0.0066738816050740035 0.9294767805673544 0.003968254002657804 0.9368932038834952 0.003968254002657804 0.9436353961240898 0.019300143749682933 0.9497033572891384 0.04004329086898209 0.9510517601827974 0.05717893327985491 0.9449837990177488 0.07521645186783431 0.9220604165086469 0.0824314563305347 0.9079018602093447 0.08062770397632153 0.8944174757281553 0.08152958263050426 0.8809330912469661 0.09145021314744825 0.8782362262022148 0.10407647467278815 0.8755393611574636 0.11399711509803673 0.8647519009784588 0.11129148408964083 0.857335477662318 0.10858586298954952 0.8667745349476639 0.07431457321365158 0.8640776699029126 0.05808080697988535 0.855987074768659 0.04094516704608868 0.8512675164972694 0.028318903043672634 0.8472222485588592 0.02020201992678952
0 0.9449837990177488 0.09956709626433137 0.9497033572891384 0.07882395162210835 0.9577939524233919 0.07251082085943841 0.9672330097087378 0.0824314563305347 0.9786947009632888 0.10407647467278815 0.9861111242794296 0.12121212451488941 0.9908306232933859 0.13293651234019888 0.9888079893241808 0.14826839496563007 0.9820657970835862 0.16269841379933542 0.9692556436779429 0.17352092792461446 0.9577939524233919 0.16630591850776177 0.9503775883646844 0.13113275503183341 0.9463322611688411 0.11399711509803673
0 0.9631876825128944 0.22402597402597402 0.9733009708737864 0.21139970259232954 0.9807173941899272 0.19336218895850243 0.9827400281591323 0.18524530584161933 0.991504854368932 0.17081528700791396 0.9941747572815534 0.16630591850776177 0.9941747572815534 0.1713564191545759 0.9941747572815534 0.22402597402597402 0.9847626621283374 0.2285353623427354 0.9786947009632888 0.23755411915964894 0.9706041058290352 0.2384559928596794 0.9638619135884405 0.23394660454291802
0 0.7953074631181736 0.41702742143110794 0.8040722893279733 0.4007936551973417 0.8155339805825242 0.3926767720804586 0.8290183650637136 0.38365799544693585 0.8512675164972694 0.3782467532467532 0.8714940932190534 0.38906927728033686 0.8890237456386529 0.3935786259638799 0.90115966796875 0.4007936551973417 0.922734647584193 0.4098123921976461 0.9288026087492415 0.41883116883116883 0.9207119543575546 0.4332611876648742 0.9004854368932039 0.43867242986505683 0.8843041873672634 0.44227992466517857 0.8708198621435073 0.43506493506493504 0.8586839398134102 0.4278499454646916 0.8478964203769721 0.4296536928647524 0.8337378640776699 0.43957432338169644 0.8283441339881675 0.4440837116984578 0.8222761728231189 0.4431818181818182 0.810814481568568 0.43506493506493504 0.8000269621321299 0.42424241103135146
0 0.9429611650485437 0.43867242986505683 0.9483548951380462 0.42424241103135146 0.955771318454187 0.4098123921976461 0.9611650485436893 0.3998917616807021 0.9706041058290352 0.39087302468039775 0.9780204698877427 0.38546174284699675 0.9874595271730886 0.3827561415635146 0.9941747572815534 0.3782467532467532 0.9941747572815534 0.4179292753145292 0.9941747572815534 0.4416215772752638 0.9941747572815534 0.4711399623325893 0.9881337582486347 0.480158738966112 0.9786947009632888 0.4828643402495942 0.9618392796192354 0.4612193318156453 0.9470064922443872 0.4522005948153409
0 0.005798274105034986 0.21771283830915178 0.024002156674283223 0.2050865866921165 0.038834951456310676 0.20147907207538554 0.04355447639539404 0.20959595519226867 0.04355447639539404 0.22763346882609578 0.0374865152303455 0.2465728759765625 0.03613807900438031 0.27904040844409495 0.0374865152303455 0.3051948051948052 0.03816073519512288 0.3313492019455154 0.04018338768227586 0.36562048181310874 0.03411542651722732 0.36922797661323054 0.029395901578143962 0.35028860909598214 0.026024811013230998 0.3331529493455763 0.02063106796116505 0.3069985525948661 0.021979504187130235 0.288961038961039 0.02063106796116505 0.26551226331042005 0.01321467057015132 0.2483766233766234 0.011192017157100937 0.2357503519429789
0 0.11839266286312955 0.21139970259232954 0.12850593640966324 0.1978715772752638 0.13929342621738472 0.1960678298752029 0.15951995849609374 0.19155844155844157 0.17030744830381522 0.19336218895850243 0.17435274587094204 0.20689033409217736 0.16963323204262742 0.23304473084288757 0.1676105684447057 0.2573953801935369 0.1676105684447057 0.2853535441609172 0.1689590009670813 0.3133116883116883 0.17030744830381522 0.33495669674563716 0.15951995849609374 0.34758296817928164 0.13524811383589957 0.34758296817928164 0.14199029126213591 0.31601730941177963 0.1514293485474818 0.28264790324421674 0.14805825242718446 0.2582972538935674 0.13187701771560226 0.2285353623427354
0 0.39327431095456616 0.9958481825791397 0.38673474950697817 0.9830630612063718 0.3887469245392142 0.9662405038808848 0.400316908753034 0.9521095176795861 0.4063534338497421 0.9406701818689124 0.41742038171268203 0.9399972890878653 0.4395543070672785 0.9399972890878653 0.44810604354710254 0.9420160466974432 0.45816691870828274 0.9601843895850244 0.4737612529865746 0.9696049677861202 0.4843251644986347 0.9770069469105114 0.49589517834117114 0.9803714108157467 0.6059560238736347 0.9817172756442776 0.6185321104179309 0.9938295042359984 0.48885255091398666 0.9965210753601866 0.4541425686438107 0.9931566114549513 0.42496604549074635 0.9951752897980926 0.40836560888197815 0.9958481825791397
0 0.16539564410459648 0.36601170131138394 0.1779717306488926 0.35389947271966316 0.18903867851183254 0.35322657993861606 0.20312390373748482 0.36130141221083606 0.21167564021730886 0.3754323587789164 0.2187182380157767 0.3929278088854505 0.22676693814472088 0.4016755339387175 0.21922128918101486 0.4137877625304383 0.2046330276044827 0.425227098341112 0.1970873786407767 0.42253548758370535 0.18702650347959648 0.4023484267197646 0.18098999319724665 0.3868716945895901 0.1739473805844205 0.37879686231737014 0.16841390665295056 0.37206781560724433
0 0.18853564216095267 0.3397685261515828 0.19004476602795053 0.32160016344739245 0.20563911512060074 0.3094879150390625 0.21318476408430673 0.3054504989029525 0.217712165314017 0.31621694193257915 0.22475476311248482 0.3310208010983157 0.22525781427772298 0.3438059224710836 0.2277730256608389 0.36130141221083606 0.22676693814472088 0.37072203004515014 0.21469390276566291 0.36130141221083606 0.20060867754001063 0.3505349691812094 0.19507520360854066 0.3451517476663961
0 0.17595955561665655 0.3390956333705357 0.18098999319724665 0.3330395190746753 0.19054781719318872 0.3135253311751725 0.1996025900238926 0.29872149182604507 0.21368781524954492 0.28862796139407465 0.23230041207619084 0.2852634380390118 0.24789476116884102 0.2792073237431514 0.25594346129778517 0.27718860576679183 0.24739172481796118 0.25700154490285104 0.23632476214066292 0.24085190017502028 0.22576085062860285 0.23008545714539366 0.21519693911654278 0.20384226216898335 0.21016650153595268 0.1856739192814022 0.1996025900238926 0.1823093959263393 0.1895417296770707 0.18432811390269888 0.1855173796125986 0.1876926174411526 0.18149302954812652 0.1971132550920759 0.1804869420320085 0.21931901411576704 0.1804869420320085 0.23950609479631696 0.17948085451589046 0.2596931556602577 0.17897781816501063 0.2798802165241985 0.1779717306488926 0.2993943846070921 0.17746867948365444 0.31487113655387583 0.17595955561665655 0.3316936938793628
0 0.05104102347660991 0.5326551957563921 0.06282619735569629 0.5213948039265422 0.07012177995107706 0.5176413003500406 0.08134575260495677 0.5161399147727272 0.0869577426354862 0.514638529195414 0.098742912810983 0.5086329868861608 0.11389528293054081 0.5026274445769074 0.12119086552592157 0.5011260589995942 0.12062966800430446 0.5206441111378856 0.11277288048012743 0.5311538101790787 0.10659970033516004 0.5416635488534902 0.09200852773721936 0.5499211695287135 0.07966216004010543 0.5521732478946835 0.06002020234043158 0.5559267514711851 0.05272461974505082 0.5566774442598417 0.05104102347660991 0.5446663200081169
0 0.9559975040769114 0.9958525422331574 0.9528656302146541 0.9866359165736607 0.9547447426805219 0.9765814446783685 0.9691512913379854 0.969040670023336 0.9766676819440231 0.9790950626521916 0.9879423567392294 0.9891495345474838 0.9706670964805825 0.9974025974025974
0 0.9259317046230279 0.665731058492289 0.9453491803511832 0.6699203689377029 0.9503601666793082 0.672433986911526 0.968524881011074 0.6715961406757305 0.9804259068757585 0.6648931726232752 0.9904478795320085 0.657352318701806 0.9929533430673544 0.6330540248325893 0.9941747572815534 0.603787865576806 0.9941747572815534 0.5501047505960837 0.9929533430673544 0.5408881249365869 0.9823050193416262 0.5400502787007914 0.9760413308745449 0.548428978858056 0.9697776424074636 0.561834954596185 0.9641403050098605 0.5777545086749188 0.9610084311476031 0.5928361768846387 0.9553711530074332 0.6146208527800324 0.9428437168158373 0.6330540248325893 0.9347009158828884 0.6431084967278815 0.9290635784852852 0.6565144724660106
0 0.3358910125436135 0.0038123167954482043 0.3471656873388198 0.020569753027581548 0.35468210757357405 0.032299958266221084 0.36720951413645325 0.02140762527267654 0.37911054000113775 0.013866778782435826 0.38787975126099816 0.0063259322921951095 0.36533040167058556 0.0038123167954482043 0.3540557565040959 0.00465018842127416 0.346539306640625 0.00465018842127416
0 0.1836830509519114 0.005488060047100117 0.17616661590279883 0.018894009775929636 0.17867209425250302 0.043192291259765626 0.18681490999981037 0.0599497262533609 0.19370497916508647 0.051571011233639406 0.19808956998065838 0.036489318253157974 0.2024741607962303 0.028948471762917257 0.21124334242737408 0.018894009775929636 0.2206389047567127 0.014704649788992746 0.2312871840393659 0.01135316328568892 0.24193547813637742 0.010515291040593927 0.2425618588345722 0.0029744448599877296 0.23003445227169297 0.0012987012987012987 0.21688067982497725 0.0029744448599877296 0.2024741607962303 0.0038123167954482043 0.19370497916508647 0.00465018842127416
0 0.4808017767748786 0.6933807769379059 0.4876918163114381 0.6799748408329951 0.49646102757129856 0.6808127663352272 0.6046038285042475 0.6925429307021104 0.6071092920395934 0.7059488668070211 0.608362053435983 0.7218684208857549 0.5989664911066445 0.7109761027546672 0.5901972798467839 0.7025974025974026
1 0.003914813625002371 0.005488060047100117 0.016442217410189433 0.007163803918021066 0.02270591883983427 0.013028906537340833 0.010804885567970646 0.0465437802401456 0.010804885567970646 0.06162547322062703 0.019574069050909245 0.08843736524705763 0.03147510047097808 0.13033095520812196 0.03961791251469585 0.14960201312969257 0.04212339456798961 0.16133221712979404 0.042749764155415655 0.17976539909065545 0.03961791251469585 0.19233346914316152 0.025837770480554082 0.19903645701222605 0.012057625668720134 0.20909090909090908 0.002912621359223301 0.2131685529436384 0.002912621359223301 0.16384583510361708 0.002912621359223301 0.11357352516867898 0.002912621359223301 0.0641390862402978 0.002912621359223301 0.020569753027581548
1 0.03084873088355203 0.01135316328568892 0.04901346743685528 0.0029744448599877296 0.07156279480573043 0.0038123167954482043 0.09912307887401396 0.0038123167954482043 0.1279361169315079 0.0029744448599877296 0.14735359265966322 0.0012987012987012987 0.1705292785051957 0.0038123167954482043 0.16865016603932798 0.02392124076942345 0.1705292785051957 0.05073314022708249 0.181803953300402 0.06581482825341163 0.17929846013633952 0.08257226820115919 0.16990291262135923 0.08592375718153916 0.15549639359261225 0.08005865022733614 0.14171625526206008 0.07922077922077922 0.12355151870875683 0.08257226820115919 0.11039774626204112 0.0917888591815899 0.09599122723329415 0.10519480519480519 0.08722204560215033 0.12111436918184355 0.08095834972788987 0.13200670712954038 0.06717820399015853 0.142061169116528 0.052771688665001135 0.14708839515586952 0.04588161579613547 0.14373691112964185 0.037738803752417706 0.13033095520812196 0.03147510047097808 0.10603268115551441 0.025211399041333245 0.08173439224044998 0.017694958436836317 0.06162547322062703 0.016442217410189433 0.044868033272879464 0.02395865986648115 0.032299958266221084 0.025837770480554082 0.02140762527267654
1 0.056529909893147 0.22082111309101055 0.07031005563087833 0.22082111309101055 0.08784841889316596 0.21746962906478287 0.10350766968958586 0.21495601109095983 0.10977137297102549 0.20741515716949066 0.1172878154273172 0.19317133519556615 0.12605700446564017 0.1822790170644785 0.131694327048885 0.17976539909065545 0.1323207077470798 0.15211563110351561 0.1141559637865974 0.14541265314275567 0.09849671299017748 0.142061169116528 0.09035389724287014 0.14038541719510958 0.07720012479615443 0.14457477718204648 0.06467271823327518 0.15211563110351561 0.05527716701470532 0.15714285714285714 0.049639837024281326 0.17054881306437703 0.049639837024281326 0.19233346914316152 0.05026620661170737 0.20657729111708603
1 0.04462887662128338 0.26271471296037946 0.052771688665001135 0.24344365503880885 0.0609145007087189 0.23422706901253043 0.08221108890274197 0.23003769911728897 0.09974945216502958 0.2266862150910613 0.1129032246117453 0.2266862150910613 0.12480425788360892 0.23338918314351664 0.13482618609678398 0.24930875703885957 0.1392107769123559 0.27193129898665785 0.13983714279619236 0.28952660498681004 0.13357343951475273 0.3046082930131392 0.12981521458301729 0.33058231898716517 0.12041966706803701 0.35571847890878655 0.11227685872790882 0.37834100103997564 0.10413404298060149 0.3900712050400771 0.09473848805844205 0.40347718077820616 0.08722204560215033 0.4059907987520292 0.06905731645602624 0.40263929490919237 0.056529909893147 0.395936326856737 0.045255246208709424 0.39090909090909093 0.03836517333984375 0.3858818549614448 0.0433761337428417 0.3716380329875203 0.04650798538356151 0.34901551085633115 0.04400250703385733 0.30628404493455763 0.04588161579613547 0.28366150298675935
1 0.003288443574627626 0.23674068698635348 0.012057625668720134 0.26187682709136567 0.017694958436836317 0.29706743909167005 0.020200438638335292 0.3272308349609375 0.025837770480554082 0.34817762498731736 0.029595991708699938 0.3724759188565341 0.02771688109462701 0.3808546190137987 0.018321328024262364 0.3976120589615463 0.007673034853148229 0.41185588093547076 0.002912621359223301 0.4090257520799513 0.002912621359223301 0.3716380329875203 0.002912621359223301 0.33560953511820213 0.003288443574627626 0.29204022296063314 0.002912621359223301 0.2789694253500406
1 0.09912307887401396 0.41353161304028 0.10476041627161711 0.3967742127257508 0.1129032246117453 0.38336823698762174 0.12417789199977246 0.367448682908888 0.12856248281534435 0.35990782898741885 0.1385843962141611 0.35739421101359575 0.14735359265966322 0.35990782898741885 0.15862825264051122 0.36912441501369725 0.16927654673752277 0.3883954729352679 0.17992484083453428 0.4051529128830154 0.1886940224656781 0.42023462072595374 0.1999686824465261 0.4311269388570414 0.2062323857279657 0.439505639014306 0.18556216341777912 0.4562630789620536 0.16990291262135923 0.47134478680499187 0.1567491401746435 0.4805613728312703 0.1435953677279278 0.48810222675273945 0.1323207077470798 0.49229157683137176 0.1273097362333131 0.4906158447265625 0.11791418871833283 0.4696690547001826 0.11039774626204112 0.44704649293577514 0.10413404298060149 0.43364055683086444
1 0.20748511749563867 0.03397570275641107 0.21688067982497725 0.024759111775980367 0.23191356473756067 0.018894009775929636 0.24193547813637742 0.01554252203408774 0.2519574211639108 0.018056137530834643 0.24005638048486802 0.031462087259664165 0.2312871840393659 0.051571011233639406 0.2375508873208055 0.06832844622723468 0.2563419971651244 0.07754503720766538 0.27701220466095267 0.08424800526012075 0.28891326015435376 0.09346460119470373 0.29392421685376213 0.12111436918184355 0.29267145545737255 0.14541265314275567 0.2857813862920965 0.15798073310356636 0.2676166719603307 0.15630498118214792 0.2519574211639108 0.1546292391690341 0.2275289739219888 0.16049434116908481 0.2206389047567127 0.16635944316913556 0.21186970831121055 0.17473816314300933 0.20310052668006676 0.17557602919541396 0.19621045751479066 0.17306243103820007 0.19307861328125 0.16635944316913556 0.19307861328125 0.14792627111657874 0.18994675423335103 0.13535819115576805 0.18243031918423847 0.12111436918184355 0.17616661590279883 0.1194386271687297 0.17303475685489988 0.10603268115551441 0.17679298178663533 0.09597821916852678 0.1861885441159739 0.08173439224044998 0.19433134504892294 0.06749057522067776 0.19746320409682191 0.056598242227133215 0.2024741607962303 0.0465437802401456
1 0.21625429912678246 0.18479263503830154 0.2250234955722846 0.17306243103820007 0.2381772680190003 0.16635944316913556 0.2532101529315837 0.16635944316913556 0.2626056856322057 0.16300795914290786 0.27513309219508497 0.16384583510361708 0.28390227382622873 0.16803519509055398 0.2895396112238319 0.178089647169237 0.2907923726202215 0.19987432306463068 0.2970560610873028 0.22165897914341517 0.29956155425136527 0.23674068698635348 0.29956155425136527 0.25014662309126423 0.29517694862143506 0.26271471296037946 0.28202316136036104 0.26606619698660716 0.27074851619387136 0.27528278301288556 0.2638584470285953 0.27109341311764407 0.25508926539745147 0.2560117250913149 0.24882554730165352 0.2409300370649858 0.24005638048486802 0.23338918314351664 0.23253993062139716 0.22501048298625204 0.22627622733995753 0.21579387714336445 0.22189163652438562 0.20322580709085836 0.2200125240585179 0.19903645701222605
1 0.2713748968920661 0.28449936903916395 0.2807704295926881 0.27528278301288556 0.29204510438789444 0.27109341311764407 0.30018790532084344 0.2685798149604302 0.3077043551843143 0.27025554706523947 0.3127153118837227 0.27528278301288556 0.31083619941785495 0.2953917069868608 0.4083307358825091 0.30963552896078533 0.4045725109507737 0.3171763630656453 0.2989351735531705 0.31968998103946833 0.29267145545737255 0.3163384970132407 0.2832759227567506 0.30544615906554384 0.27826496605734224 0.29790532496068384
1 0.2225180024082221 0.29622957303926545 0.23316629650523363 0.2903644710392147 0.24882554730165352 0.28868873893440544 0.2588474903291869 0.287012987012987 0.27074851619387136 0.30209467503931614 0.2795176978250152 0.3171763630656453 0.28891326015435376 0.3289065868823559 0.2958033293196299 0.3330959171443791 0.40206701778671117 0.34817762498731736 0.40707797448611954 0.36074571485643264 0.4051988620202518 0.37415165096134334 0.4001879053208435 0.38755758706625404 0.296429680389108 0.3967742127257508 0.28640776699029125 0.39928779106635554 0.2701221354956766 0.4001256769353693 0.2626056856322057 0.4059907987520292 0.2500783086980431 0.41269376680448455 0.24444097130043993 0.4101801488306615 0.23942999978667323 0.40347718077820616 0.2337926772034284 0.3883954729352679 0.2337926772034284 0.3766652689351664 0.23567177485493782 0.36409717906605116 0.23191356473756067 0.3381231530920252 0.2275289739219888 0.3213657329608868 0.2243971148740898 0.31047339501318993
1 0.3571876007376365 0.044868033272879464 0.3715941197663835 0.032299958266221084 0.3841215263292627 0.026434856266170353 0.391637946564017 0.033137829272778 0.4004071281951608 0.0465437802401456 0.4072972269891535 0.05827398424024706 0.4098026905244994 0.07251780621417157 0.4029126213592233 0.08005865022733614 0.3922643272622118 0.08592375718153916 0.38161603316520026 0.08341013920771612 0.3734732322322512 0.07922077922077922 0.3659567823687803 0.07000418824034851 0.35906671320350425 0.06162547322062703 0.3540557565040959 0.052408882240196325
1 0.39727528396162015 0.02727272727272727 0.4104290712226942 0.013028906537340833 0.42170371638918386 0.008001675543847023 0.4436266852814017 0.0029744448599877296 0.4567804429137591 0.0029744448599877296 0.4649232734754248 0.005488060047100117 0.4592859360778216 0.02392124076942345 0.4567804429137591 0.036489318253157974 0.4605386678454945 0.05408462425331017 0.46304416100955703 0.06665270421412084 0.46241778031136227 0.08173439224044998 0.4592859360778216 0.09346460119470373 0.44487941704907463 0.09765396118164063 0.43360477188258495 0.09681608522093141 0.4223300970873786 0.08592375718153916 0.4141872961544296 0.07838290821422231 0.41230818368856187 0.05911185524680398 0.4085499587568265 0.043192291259765626 0.4029126213592233 0.03481357376296799
1 0.29956155425136527 0.14373691112964185 0.309583467650182 0.1236279871556666 0.3214844935148665 0.11776288515561587 0.3352646318454187 0.11189778315556514 0.34278108170888955 0.10854628922103288 0.3596930642729824 0.09765396118164063 0.36846227553284283 0.08927524120776684 0.38787975126099816 0.0917888591815899 0.39727528396162015 0.0917888591815899 0.4104290712226942 0.08843736524705763 0.4179454914574484 0.09932970319475447 0.4223300970873786 0.11105990719485592 0.4285937855544599 0.13452031519505886 0.4285937855544599 0.14708839515586952 0.42170371638918386 0.1546292391690341 0.4116818029903671 0.1646837011560217 0.4054181145232858 0.1739002970906047 0.4010335088933556 0.1914956030907569 0.39978077712568266 0.21495601109095983 0.3922643272622118 0.23003769911728897 0.3853742580969357 0.23506493506493506 0.37284685153405644 0.2283619670124797 0.35593486896996357 0.23087558498630276 0.346539306640625 0.23422706901253043 0.3421547010106948 0.2417679031173904 0.338396505707676 0.2560117250913149 0.3446601941747573 0.2744449169604809 0.3521766440382282 0.2861751209605824 0.3221108742130613 0.27193129898665785 0.3077043551843143 0.261038961038961 0.3033197495543841 0.261038961038961 0.3051988620202518 0.2375785530387581 0.3020670177867112 0.20741515716949066 0.29956155425136527 0.18311688311688312 0.2976824417854976 0.16384583510361708 0.2976824417854976 0.15379137311662947
1 0.43986846034966626 0.11189778315556514 0.45490136007660803 0.10938416518174209 0.4661760052430977 0.11357352516867898 0.4730660744083738 0.12279011119495739 0.47369245510656854 0.14038541719510958 0.46868149840716017 0.15546711512974332 0.4605386678454945 0.15965647511668019 0.4511431351448726 0.15798073310356636 0.4436266852814017 0.1462505191951603 0.440494841047861 0.13870967518199573 0.43798934788379856 0.13033095520812196
1 0.4517694862143507 0.1671973092215402 0.4649232734754248 0.17222454516918628 0.46993423017483316 0.17892753303825082 0.4730660744083738 0.19233346914316152 0.4680551177089654 0.196522839038403 0.46116504854368934 0.19819857114321227 0.45364859868021845 0.1914956030907569 0.449890373748483 0.17976539909065545 0.449890373748483 0.17557602919541396
1 0.006420294289450044 0.576916622805905 0.024585029453907198 0.6045664205179586 0.03272784334941975 0.6246753246753247 0.03272784334941975 0.6498114647803368 0.01894769761168841 0.6506493506493507 0.009552145467221159 0.6514872365183645 0.002912621359223301 0.6189219289011769 0.002912621359223301 0.5953497948584618
1 0.04901346743685528 0.6347297965706169 0.05527716701470532 0.6179723566228693 0.07281553398058252 0.6121072348062094 0.08972753135903368 0.6079178847275771 0.1072658946213213 0.605404266753754 0.12229877953390474 0.6079178847275771 0.1341998053985892 0.6171344707538555 0.13607891786445692 0.6364055286754261 0.13607891786445692 0.6640552867542614 0.13357343951475273 0.6799748408329951 0.11791418871833283 0.6908671589640828 0.10789226791233693 0.6975701666497565 0.09098027053388577 0.698408012885552 0.08346382807759406 0.8017595563616071 0.06905731645602624 0.6799748408329951 0.06028813112129285 0.6623795546494521 0.05402442783985323 0.6489736185445414
1 0.1435953677279278 0.6221617067015016 0.15737550605847997 0.5987012987012987 0.16677106838781858 0.579430240779728 0.1749138693207676 0.5584834507533483 0.18055120671837074 0.5392123928317776 0.17428750343693114 0.5191034886744115 0.16990291262135923 0.4822371049360795 0.17679298178663533 0.4730205189098011 0.1843094316501062 0.4663175508573458 0.20936422996150636 0.45793885070008117 0.22564986145612106 0.4596145828048904 0.23316629650523363 0.46715543672635956 0.23191356473756067 0.49312946270038555 0.22940808638785648 0.5375366607269684 0.22878170568966172 0.5526183685699066 0.2243971148740898 0.5777545086749188 0.22627622733995753 0.5928361768846387 0.22564986145612106 0.6062421526227678 0.2225180024082221 0.6238374388063109 0.21813341159265018 0.6389191466492492 0.21374882077707827 0.6523250827541599 0.19871593586449485 0.6615416687804383 0.18055120671837074 0.668244676466112 0.17178202508722695 0.674947604885349 0.16238647757224667 0.6782991483614043 0.15424366182493932 0.6757855303875812 0.146100846077632 0.6690825227019075 0.14234262114589655 0.6640552867542614 0.14108988937822362 0.6431084967278815
1 0.08659567971831386 0.8151654924665178 0.1003758254560452 0.7109761027546672 0.1172878154273172 0.698408012885552 0.12355151870875683 0.694218702440138 0.1392107769123559 0.6850020767806413 0.14672721196146846 0.6808127663352272 0.15111180277704034 0.698408012885552 0.15111180277704034 0.7076246385450488 0.1367052985626517 0.7193548029119318 0.12918884869918082 0.7235441926237824 0.11540870296144948 0.7277335823356331 0.11039774626204112 0.7285714285714285 0.09536486134945768 0.8352744362571023 0.09098027053388577 0.8377880542309253 0.08534294054346177 0.8377880542309253 0.07907923726202215 0.8361122824928977 0.07720012479615443 0.8268956568334009 0.08095834972788987 0.8201927284141639
1 0.4991543964274879 0.3381231530920252 0.3035390020574181 0.3423125428038758 0.3123081836885619 0.36577295080407873 0.3260883220191141 0.3925848230139002 0.4361102354179308 0.4001256769353693 0.4511431351448726 0.40347718077820616 0.46554965417361954 0.40263929490919237 0.47995614357364985 0.40263929490919237 0.48997808660118325 0.40766653085683846 0.5012527613963895 0.4311269388570414 0.5093955623293386 0.45877669693587664 0.5106482644682949 0.4705069009359781 0.49749453646465414 0.47134478680499187 0.47932979250417174 0.476372022752638 0.46304416100955703 0.4797234869622565 0.4517694862143507 0.4813992587002841 0.43986846034966626 0.48307499080509336 0.41982460392331616 0.4805613728312703 0.41731914038797024 0.476372022752638 0.4204509846215109 0.44704649293577514 0.4210773653197057 0.43280267096185066 0.4148136472239078 0.4185588489879261 0.4104290712226942 0.41185588093547076 0.31481364722390776 0.3900712050400771 0.3091763098263046 0.3766652689351664 0.3022862406610285 0.36409717906605116 0.49790169428853154 0.3498533570921266
1 0.39185719906705097 0.3917469767781047 0.3981208875341323 0.37415165096134334 0.39874723860361044 0.35320486093496345 0.5037582249317354 0.3314201850395698 0.5100219133988168 0.31801424893465907 0.5275602766611044 0.3087976629083807 0.545098639923392 0.30209467503931614 0.5526150897868629 0.3037704269607346 0.5613843010467233 0.31885211498706373 0.5670216384443264 0.32639296890853287 0.5638897645820692 0.35236697506594966 0.563263413512591 0.3808546190137987 0.5676479895138046 0.39844994483056007 0.578922664309011 0.41688311688311686 0.5895709287773059 0.439505639014306 0.5870654652419599 0.44704649293577514 0.5745380290503641 0.45374946098823055 0.5645161156515474 0.46296604701450894 0.558252427184466 0.4663175508573458 0.5469777523892597 0.4688311688311688 0.5357030775940534 0.46799328296215503 0.5244284620562804 0.465479664988332 0.5156592507964199 0.4596145828048904 0.5087692112598604 0.44704649293577514 0.5043845760012136 0.42945120675223214 0.49937364893052183 0.4101801488306615 0.4949890433005916 0.4009635628043831
1 0.21500156735910952 0.4411814107523336 0.22564986145612106 0.4177210027521307 0.2375508873208055 0.4101801488306615 0.2406827463687045 0.4177210027521307 0.2406827463687045 0.43447844269987823 0.23253993062139716 0.4453707608309659 0.22564986145612106 0.4462086466999797 0.22126527064054916 0.4462086466999797
1 0.24130911225254095 0.45039799677861203 0.24569370306811286 0.4302890529880276 0.2519574211639108 0.4177210027521307 0.2669902912621359 0.4143694989092938 0.2857813862920965 0.40850441672585225 0.29204510438789444 0.421910352830763 0.29830879285497575 0.439505639014306 0.3020670177867112 0.45793885070008117 0.29956155425136527 0.4705069009359781 0.28703414768848606 0.4780477548574472 0.2788913171268204 0.4780477548574472 0.2644847980980734 0.4730205189098011 0.25696837786331916 0.46715543672635956 0.2500783086980431 0.4612903149096997
1 0.3008142860190382 0.4143694989092938 0.40707797448611954 0.3925848230139002 0.4152208050477852 0.3808546190137987 0.423989986678929 0.3816925048828125 0.4371437443112864 0.3883954729352679 0.4446601941747573 0.395936326856737 0.3615721767388501 0.4068286449878247 0.37472596399992414 0.4177210027521307 0.38161603316520026 0.43866779277851053 0.39101159549453884 0.46715543672635956 0.3947698204262743 0.48307499080509336 0.38787975126099816 0.493967308936181 0.3734732322322512 0.604859666700487 0.3615721767388501 0.6098869026481332 0.3440338134765625 0.6165898707005885 0.33463828077594054 0.6165898707005885 0.32712183091246966 0.6132383668577516 0.31897902997952066 0.6056975129362825 0.3177262685831311 0.4889400729885349 0.3177262685831311 0.465479664988332 0.31208893118552794 0.4604524686739042 0.3058252427184466 0.4495601109095982 0.30457251095077364 0.4353162889356737 0.3020670177867112 0.4260997029093953
1 0.5895709287773059 0.519941334910207 0.5732853269114078 0.5031838949624594 0.5651425259784587 0.48391287667410715 0.5638897645820692 0.476372022752638 0.5764171415162318 0.4663175508573458 0.5858127038455704 0.45793885070008117 0.5939555047785194 0.4554252327262581 0.6027247160383798 0.4646418187525365 0.6139993908335861 0.4738584047788149 0.6309113437689624 0.47469629064782876 0.6390542039593446 0.48307499080509336 0.6415596674946905 0.502346048726664 0.6340432176312196 0.5165898707005885 0.6208894303701457 0.52245495288403 0.6096147555749393 0.5232928387530438 0.5989664911066445 0.5207792207792208
1 0.6152520929725425 0.5408881249365869 0.6352959790276093 0.530833692674513 0.6497024684276396 0.52832007470069 0.6559661568947208 0.5383745465959822 0.6584716796875 0.5467532467532468 0.6490761173581614 0.5609970687271713 0.6346695687006978 0.5735651585962865 0.6259004166982707 0.5693757688844359 0.6202630793006675 0.556807718648539
1 0.2914187236896996 0.5886468268060064 0.31020984834837684 0.6953497552252436 0.3208581128166717 0.6978634524655033 0.33150640691368327 0.5129451206752232 0.34090196924302185 0.5154587386490462 0.3628249381352397 0.513783006544237 0.37911054000113775 0.5204859745966923 0.382242413863395 0.5355676428064123 0.3740995833017294 0.5715961406757305 0.37034135836999393 0.594218702440138 0.36533040167058556 0.7067867923092532 0.3509238826418386 0.7084624847808442 0.3352646318454187 0.7067867923092532 0.3258690991447967 0.7059488668070211 0.31647353681545815 0.5984080128855519 0.30269339848490595 0.5891914664924919 0.29392421685376213 0.6816506125710228 0.288286879456159 0.6757855303875812 0.2851550352226183 0.6648931726232752 0.2876604987579642 0.6464600005707184 0.29267145545737255 0.6179723566228693 0.29204510438789444 0.6037285346489448 0.29204510438789444 0.5970255665964894
1 0.5069348381560983 0.023690102317116477 0.5150652542854975 0.012814279036088424 0.5241522631598908 0.0044974729612276155 0.5370654059845267 0.0044974729612276155 0.5514132897830704 0.006416735711035791 0.5581089649385619 0.012814279036088424 0.562891573118932 0.021131084491680194 0.5777177236612561 0.018572067904781987 0.586326465791869 0.010895016905549285 0.5920656074597997 0.008975753536472073 0.6045004835406553 0.010895016905549285 0.6217179085444479 0.013454033492447493 0.6298483839312803 0.009615507373562107 0.6365440590867718 0.008335999080113001 0.6408484597807949 0.010255261829921177 0.6422832007547027 0.021770838948039266 0.6456310679611651 0.02880813796798904 0.6508919428853155 0.041603222141018165 0.6614137519910498 0.03392617114178546 0.6661963601714199 0.02880813796798904 0.6700224941216626 0.03264666470614347 0.6757616357895935 0.04224297659737723 0.6781529695084951 0.05247904789912236 0.683892111176426 0.06335487365722656 0.6872399191254551 0.07295118554846033 0.6939356535383798 0.09150406478287337 0.69871826171875 0.10429915391005479 0.7058922036180219 0.11261595688857041 0.7111530785421724 0.12029301036487926 0.7039791366429005 0.12733030443067675 0.6953703945122877 0.12860981334339489 0.6834138444326456 0.12860981334339489 0.6599789517597088 0.12860981334339489 0.6528050098604369 0.12860981334339489 0.6379788593181128 0.12860981334339489 0.6303266506750607 0.12860981334339489 0.6121526329262743 0.10685816182718648 0.6016308830779733 0.08958479645964387 0.5949352079224818 0.08510652021928267 0.5858481990480886 0.07998848456841011 0.5729351154808859 0.0755102033738966 0.562891573118932 0.0755102033738966 0.5542828309883192 0.07934873011205104 0.5485436893203883 0.07934873011205104 0.5380218802146541 0.07870897565569196 0.5275001303663531 0.07487044891753754 0.519847921723301 0.07231143109210125 0.5155435210292779 0.06335487365722656 0.511239179592688 0.05439831126819957 0.5069348381560983 0.0473610122482498 0.5045435044371966 0.041603222141018165 0.5045435044371966 0.030727401337066255
2 0.5791525238925971 0.04480199442281352 0.5791525238925971 0.03840445233629895 0.5815438576114987 0.031367155793425326 0.58776126602321 0.03264666470614347 0.589196066254551 0.03840445233629895 0.586326465791869 0.0473610122482498
2 0.7790664228420813 0.08062823902476918 0.780022956329642 0.06847290435394683 0.7867186314851335 0.0646343825699447 0.796283907103307 0.07614995783025569 0.7967621738470874 0.08574626972148945 0.7915012396655037 0.08958479645964387 0.7848055645100122 0.08958479645964387 0.781457756560983 0.08638602913200082
1 0.43710842688106794 0.22393321247843953 0.4414127979463744 0.2098586045302354 0.4509780439358313 0.20602008770038555 0.4586302525788835 0.20602008770038555 0.4720216028898665 0.204740588695972 0.4839781825982251 0.19962255304509943 0.4887608204073119 0.19514425698812907 0.49832609602548544 0.19962255304509943 0.5136305133115898 0.1092188649363332 0.5251087966474515 0.11945493623807833 0.530369671571602 0.1424860768503957 0.5275001303663531 0.15400166697316356 0.5251087966474515 0.16679675610034497 0.5121957130802488 0.17895208581701502 0.5035869709496359 0.18982789671266234 0.4944999620752427 0.2987844690099939 0.38971735389487255 0.3013434868354302 0.4796738115329187 0.29942422842050526 0.46723899470949637 0.29174717494419644 0.4557606817449181 0.28790863829773744 0.44476063552412015 0.2757533085810674 0.4356736266497269 0.2687160145152699 0.4347170931621663 0.25847994321352474 0.4356736266497269 0.24568485408634336
0 0.5002391037431736 0.30646152248630276 0.5021521707182949 0.196865210595069 0.5088478458737864 0.18918815711876014 0.5174565880043993 0.1815111036424513 0.5227174629285497 0.18215086305296266 0.5227174629285497 0.19558569177404628 0.5217609886984224 0.30454226407137786 0.5179348547481796 0.31093979872666394 0.508369579130006 0.31413857596261163 0.5011956372307342 0.31413857596261163
0 0.6427614674984831 0.0038577185048685445 0.6470658681925061 0.012814279036088424 0.6494571426539745 0.02624912014255276 0.6523267431166565 0.031367155793425326 0.6566311438106797 0.0275286290552709 0.6614137519910498 0.021770838948039266 0.6633268189661711 0.012174524579729352 0.6633268189661711 0.0012987012987012987 0.6508919428853155 0.0044974729612276155
1 0.4772825074427336 0.15803850842760755 0.4873260201759709 0.17787089162058645 0.49593476230658373 0.19130574015827922 0.5050217711809769 0.2964237758091518 0.5160217877730583 0.10218157087053571 0.5308479383153822 0.11177788276176948 0.5370654059845267 0.12137419465300325 0.5408914806773362 0.1098586045302354 0.5456740888577063 0.2989827936345881 0.5552393644758798 0.28618770450740666 0.5648046400940534 0.2727528559697139 0.5719785819933253 0.2573987688337054 0.5715003152495449 0.2458831787109375 0.565761173581614 0.235007347998681 0.5609785061438107 0.22413153710303368 0.5557176312196602 0.20813767073990463 0.5547610977320995 0.0934233231977983 0.5475871558328277 0.08766553804471895 0.5380218802146541 0.08574626972148945 0.5298914048278216 0.08126799348112825 0.5188913882357403 0.07742946674297382 0.5145870467991505 0.07678971228661476 0.5107609128489078 0.08190774793748731 0.5069348381560983 0.08766553804471895 0.49880436276926576 0.09598234102323458 0.49497822881902304 0.1017401360846185 0.4897173538948726 0.10813767073990463 0.48684778306090715 0.11645448362672484 0.4863695163171268 0.12669055492846998 0.48445644934200544 0.1414049024705763
1 0.5451958221139259 0.1290512481293121 0.5557176312196602 0.13225002536525973 0.5676741812993021 0.1380078006100345 0.584891665560528 0.14440535508192978 0.5920656074597997 0.15080288973721592 0.604022216796875 0.2533619075626522 0.6102396252085862 0.25464142638367493 0.6217179085444479 0.25592092538808847 0.630804917418841 0.25847994321352474 0.6360657923429915 0.25272214815214084 0.6341527846253034 0.23928731943105722 0.6375005925743326 0.2290512481293121 0.6312831841626214 0.21753565800654423 0.6293701171875 0.2092188649363332 0.6298483839312803 0.19514425698812907 0.6365440590867718 0.1855479450968953 0.6394136595494538 0.1823491876775568 0.6265005759822512 0.18170942826704545 0.6121526329262743 0.18170942826704545 0.6016308830779733 0.18106966885653408 0.5935004076911408 0.2797901698521205 0.584891665560528 0.2759516332056615 0.576282923429915 0.2682745797293527 0.5719785819933253 0.26955409855037543 0.565761173581614 0.2759516332056615 0.5557176312196602 0.2945045173942269 0.5509350230392901 0.10410082928546063 0.5490219560641687 0.11049836394074675 0.5447176146275788 0.12009467583198052
1 0.5380218802146541 0.13608854219510957 0.5442393478837986 0.13992705902495942 0.5475871558328277 0.15016313032670456 0.5499784895517293 0.16103896103896104 0.5557176312196602 0.17063527293019481 0.5633698398627124 0.18343036205737623 0.5624133063751517 0.1923869145380986 0.5557176312196602 0.1949459323635349 0.5447176146275788 0.19110741553368507 0.5389784137022148 0.18534962047230114 0.536108872496966 0.1770328274020901 0.5341958055218446 0.16935577392578124 0.5327610052905036 0.1616787204494724 0.5322827385467233 0.15080288973721592 0.534674072265625 0.1418463372564935
1 0.6346309921116505 0.2002622926390016 0.6456310679611651 0.18618770450740665 0.6528050098604369 0.17723115202668424 0.6642833524537318 0.1740323747907366 0.6752833690458131 0.17595163320566154 0.6848486446639866 0.18746720351182022 0.6867616523816747 0.19898279363458807 0.6877181858692354 0.21433690058720575 0.6815007774575242 0.2264922303038758 0.6743268355582525 0.23608854219510958 0.6661963601714199 0.24312583626090706 0.659022418272148 0.24952339073280236 0.6494571426539745 0.25400166697316356 0.6446745344736043 0.25464142638367493 0.6413267265245752 0.24760411250126826 0.6379788593181128 0.2405668184354708 0.6408484597807949 0.2290512481293121 0.6379788593181128 0.22137419465300326 0.6341527846253034 0.21305738176618302
1 0.06262853677990367 0.7400166300984172 0.07697642057844736 0.7387371112773945 0.09036778570378869 0.7444949459719967 0.1056721955827139 0.849612941989651 0.11667224921069098 0.8540912578632305 0.12432445044656401 0.8566502162388393 0.13628103015492263 0.8547310172737419 0.14106365314965108 0.8604887727019075 0.14919412853648362 0.8752031598772322 0.15445501827499242 0.8924765054281656 0.15445501827499242 0.8975945014458198 0.14919412853648362 0.9129486480316559 0.14202018663721178 0.9257436777090098 0.13484624473793994 0.9372592678317776 0.12480271719034436 0.9455760609019886 0.11762877529107252 0.9500543767755681 0.10375914342195085 0.9519736550071023 0.08941125962340717 0.9526134144176136 0.0774546873222277 0.9519736550071023 0.06597637435764943 0.9506941361860796 0.06262853677990367 0.9500543767755681 0.04914217458187955 0.9450809627384334 0.04714722864836165 0.9272904829545454 0.05047213730302829 0.9006048821783685 0.05047213730302829 0.7810354257558847 0.05379704595769493 0.7650240018770292 0.05778694152832031 0.7490126572646104
1 0.005253358026152676 0.86806616845069 0.014563106796116505 0.8742928641183035 0.03318260341014677 0.8911937366832386 0.04714722864836165 0.706315632609578 0.055127012382433255 0.716989888773336 0.05246708323654619 0.7347802892907873 0.04648224543599249 0.757907857523336 0.04382231629010543 0.764134473924513 0.025867801036649537 0.7596869134283685 0.019217981875521466 0.7552392736657874 0.014563106796116505 0.7454545454545455 0.012568160862598604 0.7249955610795454 0.009243250356137173 0.7116527210582386 0.006583322136147508 0.706315632609578 0.005253358026152676 0.8938623205407873 0.0045883762026296075 0.8840775923295454
1 0.155539295974287 0.6862302309506899 0.1655140256418765 0.6871197589032062 0.17615374222542476 0.682672119140625 0.18546349979141383 0.6782244793780439 0.1987631344100804 0.668439751166802 0.21139779692714655 0.662213134765625 0.2187125937452594 0.6631026627181412 0.22469743154581312 0.6737769188818994 0.22935231032880765 0.6808930632355925 0.23666710714692052 0.6871197589032062 0.24331693186343295 0.6888987355418019 0.2539566484469812 0.6942359032568993 0.2546216353629399 0.7040206314681412 0.24531187779695085 0.7146948876318994 0.24065699901395632 0.7280377276532062 0.23733209406287925 0.7387119838169642 0.23068226934636682 0.7493862399807224 0.22270248561229522 0.7565023843344156 0.2027530262771162 0.7600604961444806 0.1907833506760088 0.7538338004768669 0.18014363409246056 0.7467176561231738 0.17016890442487106 0.7342643440543831 0.1635190797083586 0.7244796158431412 0.1595291878413228 0.7155844155844155 0.1568692698062045 0.703131103515625
1 0.1575342419078049 0.7360433999594156 0.17016890442487106 0.7484967120282062 0.17548875530946603 0.7582814402394481 0.17415879629190686 0.7707347523082386 0.17748370124298393 0.7831880643770293 0.18014363409246056 0.7903042087307224 0.18346853904353763 0.7956413764458198 0.1907833506760088 0.80898413720069 0.1927782966095267 0.8178794167258523 0.18812341782653216 0.8330012333857548 0.1808086210084193 0.8490126572646104 0.1748237832078656 0.8587973854758523 0.1648490535402761 0.8650240018770292 0.1575342419078049 0.864134473924513 0.1488894860721329 0.8570183295708198 0.14223966135562044 0.8490126572646104 0.14024471542210254 0.8401173777394481 0.1475595122402154 0.8321117054332386 0.1488894860721329 0.816989888773336 0.1488894860721329 0.7929727925882711 0.1455645663066975 0.778740424614448 0.14223966135562044 0.7662871125456575 0.1435696203731796 0.7556128563818993 0.1528793779391687 0.7458281281706575
1 0.1628541076067582 0.8730296741832386 0.17548875530946603 0.8721402254971591 0.18147359311001973 0.8748087300882711 0.1907833506760088 0.881924953708401 0.20607793122819326 0.8943781865107548 0.21804760682930066 0.9014944101308847 0.24198697284587378 0.9059419706270292 0.24996675657994538 0.9112791383421266 0.24930176966398665 0.9237324504109172 0.23799708097883798 0.9344067065746753 0.23400718911180218 0.9406333229758522 0.22469743154581312 0.9424123788808847 0.2027530262771162 0.9379647391183036 0.19410825562708586 0.9344067065746753 0.18147359311001973 0.9219533945058848 0.17548875530946603 0.9157267781047078 0.16418406662431737 0.9103896103896104 0.1608591616732403 0.908610554484578 0.1588642157397224 0.8961572424157873
1 0.18346853904353763 0.8570183295708198 0.1907833506760088 0.8383384011008522 0.1967681884765625 0.8241060331270292 0.20408298529467536 0.816989888773336 0.2147227018782236 0.8161003608208198 0.23533714812936135 0.8178794167258523 0.23999202691235588 0.8241060331270292 0.24132198592991505 0.8552392736657873 0.24464689088099212 0.8765877859933036 0.24597686471290958 0.8854829862520293 0.23866205308043842 0.8925992098721591 0.22735736439528975 0.8925992098721591 0.21139779692714655 0.8881515701095779 0.2027530262771162 0.8837039303469968 0.1927782966095267 0.8739192021357549 0.18546349979141383 0.8685821136870941
1 0.25927651414593444 0.6862302309506899 0.27324112086620145 0.67911400733056 0.2818858915162318 0.676445502739448 0.2911956490822209 0.6906777914468344 0.30117036393545205 0.5995729917055601 0.3157999872003944 0.7120263037743506 0.32178481018658983 0.717363471489448 0.32643968896958436 0.7342643440543831 0.32510971513766684 0.7493862399807224 0.31845990523551276 0.7529443517907873 0.3098151345854824 0.7547233284293832 0.30117036393545205 0.7502757679332387 0.2965154851524575 0.7458281281706575 0.2832158653481493 0.7315958394632711 0.27324112086620145 0.7138053596793831 0.2659263240480886 0.7084682712307224 0.26127144526509405 0.703131103515625 0.2586115272299757 0.6951254312094156
1 0.3317595546685376 0.7164739435369318 0.35037904017179916 0.717363471489448 0.3550339189547937 0.7182529994419643 0.36168372885694783 0.7262586717481737 0.3676685814718598 0.7342643440543831 0.37032849950697816 0.7422700956270292 0.36035378465374696 0.782298536424513 0.36567362072398363 0.8045365767045455 0.3689985256750607 0.8249955610795454 0.3670035945559011 0.8365593451958198 0.36168372885694783 0.8507917131696429 0.3570288500739533 0.8659135298295455 0.35037904017179916 0.878366841898336 0.33774437765473303 0.884593458299513 0.3324245119557797 0.8863725142045454 0.3197898790674302 0.8801458978033685 0.3038302819705704 0.8694716416396104 0.2958504982364988 0.8552392736657873 0.2898656752503034 0.8285536728896103 0.2832158653481493 0.8036470487520292 0.2838808226353914 0.7965309043983361 0.30250033776736956 0.7814090084719968 0.30782020346632283 0.7698452243557224 0.31314003953655944 0.76806616845069 0.323779770934466 0.7636186079545455 0.33375448578769723 0.7529443517907873 0.33441947270365596 0.7422700956270292 0.3330894988717385 0.7324852881493507
1 0.3909429457581159 0.5275217824168019 0.5075675297709344 0.6310798942268668 0.5208671495752427 0.6248532381924716 0.5288469333093143 0.6204056380631088 0.5421465531136226 0.6239637102399553 0.5461364153519418 0.6381960385805601 0.5401516516231796 0.6533179345068993 0.5301768478837986 0.6586550625887784 0.5255219987295207 0.6631026627181412 0.506237555939017 0.6960149591619318 0.40424259519114075 0.7084682712307224 0.39426785070919296 0.7146948876318994 0.38628806697512136 0.7182529994419643 0.38030324398892595 0.7227005599381088 0.37631335212189015 0.7262586717481737 0.36833356838781856 0.7200320553469968 0.3676685814718598 0.7146948876318994 0.3736534044580552 0.7004625196580763 0.3829631620240443 0.5764455027394481 0.3829631620240443 0.5604340788605925 0.3869530538910801 0.5462017505199879
1 0.45012633684769415 0.5785981017273741 0.46342598628071907 0.5981675977830763 0.5567762060072815 0.6052837421367695 0.5501263368476942 0.612399926123681 0.5461364153519418 0.6141789820287135 0.5388216777912621 0.6088418539468344 0.44214655311362255 0.5990571257355926 0.4481314057285346 0.5937199976537135
1 0.4195371757433252 0.5341220608005276 0.4335017824635922 0.536790605024858 0.440151621994463 0.5394591888824066 0.4434765269455401 0.5563600614473417 0.4441415138614988 0.5634762454342532 0.4434765269455401 0.577708573774858 0.4394866350785043 0.583045701856737 0.4361617301274272 0.5919409417486811 0.4308418644284739 0.5990571257355926 0.5255219987295207 0.6115103981711648 0.5182072019114078 0.6150685099812297 0.5082325166868932 0.6195161101105925 0.3969277687443113 0.5195161101105925 0.39825774257622876 0.5097313818993506 0.5029126213592233 0.6008361420074066 0.40889747397413534 0.583045701856737 0.4135523231284132 0.5670343176110998 0.4155472838762894 0.5528019892704952 0.41820720191140776 0.5456858052835836
1 0.5122223789252124 0.6969044871144481 0.5248570710709951 0.6871197589032062 0.5374917039593446 0.6719978629768669 0.5468014022679005 0.6639921906706575 0.5614310551615594 0.668439751166802 0.5714057996435072 0.6737769188818994 0.5753956618818264 0.6995729917055601 0.4760606487977852 0.723590087890625 0.46608590431583735 0.7431595443131087 0.45478121563068874 0.7582814402394481 0.44613644498065835 0.7734033361657874 0.4388216481625455 0.7885251528256899 0.437491674330628 0.7983098810369318 0.4308418644284739 0.7956413764458198 0.4281819463933556 0.778740424614448 0.4268519725614381 0.7689556964032062 0.4255219987295206 0.7520548238382712 0.4255219987295206 0.7342643440543831 0.4241920545263198 0.723590087890625 0.417542214995449 0.7102472478693181
1 0.035842532556033826 0.9886675153459822 0.03118765747662887 0.9726560914671266 0.03983242442306963 0.9584238027597403 0.04648224543599249 0.9584238027597403 0.06377177562528444 0.9664294750659497 0.08438622187642218 0.9682085309709821 0.1056656476363395 0.9690980589234984 0.11231546494567278 0.9904465712510147 0.11426553078068113 0.9974025974025974 0.09236600561049378 0.9966731876521916 0.075741458633571 0.9966731876521916 0.06177683339535611 0.9966731876521916 0.05196169880987371 0.9974025974025974 0.03916744121070047 0.9974025974025974
1 0.003923393916157843 0.7703611695921266 0.009243250356137173 0.7659135298295454 0.017223034090208776 0.7668030577820617 0.027862746970167437 0.7668030577820617 0.035842532556033826 0.7712506975446428 0.04116238714421837 0.784593458299513 0.04448729950247459 0.9103896103896104 0.04049740763543879 0.9281800109070617 0.04049740763543879 0.9424123788808847 0.03916744121070047 0.9495285232345779 0.03251762019777761 0.9584238027597403 0.027862746970167437 0.9717665635146104 0.028527730182536598 0.9824408196783685 0.029857694755480127 0.9957836596996753 0.0072483044226192735 0.9966731876521916 0.002912621359223301 0.9931933910815747 0.002912621359223301 0.9246219783634334 0.002912621359223301 0.7970467703683036
1 0.45411622871472995 0.5439067890117695 0.46076606824560074 0.5252268209085836 0.47074078309883194 0.5101049646154626 0.48271045869993934 0.5003202364042207 0.49534512121700547 0.48519838011109984 0.5019949607478762 0.4816402683010349 0.5152945805521845 0.47986125202922075 0.5272642857820085 0.4763031402191558 0.5425588663341929 0.47719266817167205 0.5525336108161408 0.48252979625355114 0.5611783222087379 0.49676212459415586 0.5664982175364077 0.5163316206498579 0.5691581059428095 0.5359010770723417 0.5611783222087379 0.5688133735161323 0.44521875474059464 0.6079523259943181 0.4392339317543993 0.6257427661449878 0.4339140956841626 0.6301903662743507 0.4093097575659891 0.6542074228261973 0.4039899214957524 0.6631026627181412 0.5813804848680219 0.6675502232142857 0.5654209173998787 0.6639921906706575 0.5541162583434466 0.6559864787312297 0.5487963630157767 0.641754150390625 0.5474663891838593 0.6266322544642857 0.5567762060072815 0.61773705420556 0.5640909435679612 0.6097313818993506 0.4700757961828732 0.5946094859730113 0.46608590431583735 0.5848247577617695 0.45943609441368327 0.57681908545556 0.45544620254664747 0.5679238455636161 0.45345127142748787 0.5572495893998579 0.4521212975955704 0.5528019892704952
1 0.5800505110361044 0.67911400733056 0.5906902424340109 0.6773350306919643 0.4039899214957524 0.6702188070718345 0.41861951513197815 0.6595445509080763 0.4332491087682039 0.6444226946149554 0.44056390558631675 0.6390855665330762 0.4458837416565534 0.647091278472504 0.4478787024044296 0.6666607745282062 0.4232743642862561 0.6960149591619318 0.5179545282160194 0.7004625196580763 0.4973400523361651 0.717363471489448 0.48869531131485133 0.720921583299513 0.48470541944781553 0.7191425273944805 0.48071552758077973 0.7049101594206575 0.5787205372041869 0.6951254312094156
1 0.513964606720267 0.7182529994419643 0.5345790826001213 0.7289272556057224 0.5492086762363471 0.7369329279119318 0.5578534468863774 0.7556128563818993 0.5691581059428095 0.7725138082132711 0.5778028765928398 0.7858566482345779 0.47846786350879855 0.8045365767045455 0.4764729620183556 0.8152108328683035 0.49176754257054006 0.8080946092481737 0.6037371885429308 0.806315632609578 0.6163718806887136 0.8054261046570617 0.6270115528291869 0.7965309043983361 0.6296715004930219 0.7840775923295454 0.633661362731341 0.7627290800020292 0.6349913365632585 0.7484967120282062 0.6329964350728156 0.7342643440543831 0.6243516644227852 0.7218110319855925 0.6157068937727549 0.7191425273944805 0.6103869984450849 0.7307063115107548 0.599082339388653 0.720921583299513 0.593762444060983 0.7129158317268669 0.5817927980885922 0.7013520476105926 0.47248304052260315 0.6951254312094156 0.4711530666906857 0.6871197589032062 0.4591834207182949 0.6800035352830763 0.45053865006826455 0.6746664468344156 0.4418938794182342 0.6871197589032062 0.43457908260012135 0.6951254312094156 0.5272642857820085 0.703131103515625 0.5186195151319781 0.7075787432782061
1 0.5804628242566747 0.5563600614473417 0.5924325294864988 0.5439067890117695 0.6063971362067658 0.5554705731280438 0.6163718806887136 0.5634762454342532 0.6270115528291869 0.5812666855849229 0.6369862973111348 0.5937199976537135 0.6296715004930219 0.6079523259943181 0.6137119330248786 0.6132894540761973 0.6063971362067658 0.6204056380631088 0.49974732630461166 0.6230741822874392 0.4891075949067051 0.6195161101105925 0.4651682437044903 0.6141789820287135 0.4551934992225425 0.6061732700892857 0.5645032567885315 0.5857142857142857 0.5671632044523665 0.57681908545556 0.5711530666906857 0.5670343176110998 0.5738130143545206 0.5608077012099228
1 0.6383162711430522 0.4647393561028815 0.6509509040314017 0.43538517146915584 0.6429711202973301 0.4202633151760349 0.6369862973111348 0.4113680752840909 0.6469610417930826 0.38290337896966314 0.6436361072132888 0.35710726651278407 0.6409762188068872 0.3455434823965097 0.6582657008495145 0.3322006820084213 0.6675754584155036 0.3188578618037236 0.6715653799112561 0.3179683338512074 0.6742252683176577 0.3322006820084213 0.6795451636453277 0.3428749381721794 0.6901848357858009 0.34910159420657466 0.7014895540996663 0.35177013843090504 0.7081393640018204 0.3633339225471794 0.7181141084837682 0.3740081787109375 0.7274238660497573 0.38913003500405846 0.7307487413721178 0.40425193093039774 0.7307487413721178 0.4407222995510349 0.742053459685983 0.4549546278916396 0.742053459685983 0.47274506804230926 0.7500332434200546 0.4976516525466721 0.7573480402381675 0.5065468924386161 0.75601806640625 0.518110636921672 0.7533581779998483 0.5234478046367694 0.7440484204338592 0.5341220608005276 0.7174491215678095 0.5394591888824066 0.6994945933517901 0.5394591888824066 0.6855299866315231 0.5412382051542208 0.6728953537431736 0.5412382051542208 0.664915570009102 0.5394591888824066 0.6569357862750304 0.5287849327186486 0.6509509040314017 0.518110636921672 0.6489560025409588 0.5101049646154626 0.6469610417930826 0.4940935803698255 0.6436361072132888 0.47986125202922075
1 0.7234339445540049 0.003077744199083997 0.7513632172519721 0.002188222748892648 0.7866072867680521 0.003077744199083997 0.807886690306432 0.010193915800614791 0.8238462577745752 0.006635829999849394 0.833821002256523 0.009304394040788923 0.850445556640625 0.04221668986531047 0.8564303796268203 0.06267567919446276 0.8517755304725425 0.08046610943682782 0.850445556640625 0.09825653472504059 0.8371458775788835 0.10804127284458705 0.8324910284246055 0.1196050569608614 0.8130187395706917 0.15371105639965504 0.8019518213364685 0.14462687504755986 0.7954122302601638 0.13823430445287135 0.790381807493932 0.1335239856274097 0.7888726984412925 0.12713141503272118 0.7891241869880158 0.11939303905932934 0.7898787711430522 0.10357984072202212 0.7896272233388957 0.09685081382850548 0.7825846551691444 0.09449565936992695 0.7757935755461165 0.09584146474863027 0.7735298823384406 0.10257048173384233 0.771014641326608 0.10694435416878044 0.7677448754171723 0.11468273014217228 0.7596961752882282 0.12107530073686079 0.7566778979255158 0.12578560965401786 0.7531565842119236 0.12612206595284597 0.747120088743932 0.122084649816736 0.7423411545244235 0.11872013636997768 0.7383168044599514 0.11468273014217228 0.7352985270972391 0.10694435416878044 0.7379414086202973 0.08453051084047788 0.7323567510808556 0.06154465118011871 0.7319271346897754 0.048902427376090706 0.7267720342839806 0.03626020109498656 0.7241945137097997 0.024192621800806616 0.7224761666603459 0.01614756893801999 0.7216169931356189 0.010401102784392121
1 0.7267720342839806 0.3649580522017045 0.7396597556697512 0.34771867231889203 0.7516883035307949 0.3436961384562703 0.7817596139259708 0.3465693486201299 0.7929289290048543 0.3448454225218141 0.8131196549795207 0.3471439906529018 0.8122604814547937 0.3299046107700893 0.804527860474818 0.30864267720804583 0.804527860474818 0.29025399344308034 0.8191339289100424 0.26554418786779627 0.8311624767710861 0.2494540920505276 0.8410430611915959 0.24658086207005886 0.8577970338099211 0.2615216738217837 0.8711143715867719 0.269566721730418 0.8784173761756675 0.27416389762581167 0.890875481170358 0.2793357155539773 0.8977489286256068 0.2896793514103084 0.9046223760808556 0.30232157521433645 0.9106366500113774 0.3304792528028612 0.9119254399271844 0.35748762650923294 0.9145029605013653 0.3747270460252638 0.9153621340260922 0.3839213978160511 0.9157917504171723 0.39886220956777596 0.9136437869766384 0.4034593854631696 0.8857204400219963 0.3856453239143669 0.866388887572057 0.37932422192065746 0.8504940292210255 0.3758763300908076 0.8212818923505765 0.37932422192065746 0.8083941709648058 0.38966785777698865 0.8010911663759102 0.39828756753500405 0.7912105819554005 0.41035512948965097 0.7843371345001517 0.4132283792867289 0.7731678194212682 0.40920584542410715 0.7546954404960559 0.40690723765980114 0.7430965090260923 0.4034593854631696 0.7375117922292173 0.4023100617644075 0.7345046552639564 0.3856453239143669 0.7323567510808556 0.37760025618912335
1 0.7379414086202973 0.2121020626712155 0.7495403400902609 0.18796689912870332 0.7555546140207827 0.17819790530514407 0.7705902395896541 0.18969084504362824 0.7791820340943568 0.191414771141944 0.7976544130195692 0.1873922570959314 0.8062462667817051 0.17877254733791598 0.8169860247269417 0.17532467532467533 0.8247186457069174 0.1919894329913251 0.831592033904733 0.20463165679535308 0.8345991708699939 0.21669923856660916 0.836317577176881 0.22819215848848418 0.8376063078352548 0.2368118682464996 0.8272961662810983 0.244282274122362 0.8217115087416565 0.24658086207005886 0.8105421344053398 0.24140902432528408 0.8023799562917172 0.23278933438387783 0.7830483445843447 0.22819215848848418 0.7718790295054612 0.22704287442294033 0.7619984450849514 0.22761751645571227 0.748681166565534 0.23336397641664974 0.7430965090260923 0.23106538846895291 0.742237276243932 0.22244569852754667
1 0.8174155818605886 0.1609585056057224 0.8208523352169296 0.14486840978845372 0.8345991708699939 0.12590506417410716 0.8427614082410497 0.12015860421316964 0.8509236456121055 0.11613608025885247 0.8595154401168082 0.11843465829824472 0.869396024537318 0.12188254021978998 0.8758398556014867 0.13395012199104606 0.8797061660914746 0.14659234579507407 0.8818541295320085 0.167279627416041 0.8822836866656554 0.18049649325284092 0.8758398556014867 0.18911620301085633 0.8719735451114988 0.19601194703733765 0.866388887572057 0.20060912293273134 0.8620929606909891 0.20233306884765626 0.8479165086468446 0.205206298828125 0.8406134448005158 0.2069302447430499 0.8354583443947209 0.20060912293273134 0.8290145133305522 0.18969084504362824 0.8247186457069174 0.18049649325284092 0.8230002394000303 0.17475003329190342
1 0.8809949560072815 0.12303183419363839 0.8895867505119842 0.10176991053989955 0.9037632025561286 0.0920009167163403 0.9162213075508192 0.09602344067065746 0.935070563751517 0.09684486884575386 0.9428137325546116 0.1287148413720069 0.9487700527154126 0.1494303220278257 0.9559175657994539 0.1701458026836445 0.9690213990442961 0.1860807939009233 0.9731907520479369 0.18847103366604098 0.964851986783222 0.2067962646484375 0.9577044736991809 0.2171540099304992 0.9463874890966323 0.22352800245408888 0.9291143028481492 0.225121495630834 0.9142236209610134 0.225121495630834 0.9040979477965716 0.2195442496956169 0.8981416276357707 0.20998327081853693 0.8933766189130764 0.19643853918298498 0.8909941145517294 0.18528404731255074 0.8874203580097088 0.16775556291852678 0.8844421979293082 0.14863357543945313 0.8826552900295813 0.13907258665406858
1 0.9501928236878034 0.0057463082400235265 0.9734671879740595 0.002188222748892648 0.9941747572815534 0.003967265649275346 0.9941747572815534 0.012924746723918171 0.9941747572815534 0.08669276051707082 0.9941747572815534 0.11871552900834517 0.9827769455400486 0.09291940664316152 0.9721372733995752 0.07334993535822087 0.9601675681697512 0.06534424323540229 0.9548477320995146 0.05911759710931159 0.9575076205059163 0.038658602826007 0.956177705931432 0.021757695582005885
1 0.8724247312082828 0.20468022730443386 0.8831104463743932 0.1891611470804586 0.8925749250986044 0.20590540898310675 0.9008182266383495 0.22101608870865463 0.9057031131485134 0.23122600208629263 0.9014288152305825 0.23653516893262988 0.8956279865746359 0.2353099674373478 0.8892165693264563 0.22428327287946428 0.8809733270441444 0.21489014068207182 0.8763937348300971 0.20876419265548904
1 0.904018009519114 0.2492325819932021 0.910742661559466 0.23855061716847606 0.920829639619994 0.23686400574523134 0.933018123293386 0.23292854606331168 0.9414239679725425 0.23236632904449067 0.9519312590071298 0.2312419148234578 0.9599167907122269 0.23855061716847606 0.9729458410763047 0.2424860768503957 0.9851342654922634 0.24023724840832994 0.9901777841512439 0.23573959152419846 0.9941747572815534 0.23573959152419846 0.9941747572815534 0.2516613650631595 0.9941747572815534 0.33290044611150565 0.9941747572815534 0.37012987012987014 0.9731391388235741 0.37792207792207794 0.962135922330097 0.3900433032543628 0.9524271844660194 0.391774878563819 0.9466019417475728 0.38831168831168833 0.9401294300857099 0.382251095462155 0.9349514563106797 0.3683982551871956 0.9284789446488168 0.3476190344079748 0.9187702067847391 0.3242424308479606 0.9116504854368932 0.30692640032087054 0.9064725116618628 0.2852813918869217 0.9058252427184466 0.2593073659128957
1 0.9310679611650485 0.4056277188387784 0.9381876825128944 0.3969696837586242 0.9498381679497876 0.404761891550832 0.9472492106909891 0.41255409934303977 0.9407766990291262 0.42813851492745536 0.9349514563106797 0.4264069396179992 0.9343041873672634 0.41688311688311686
1 0.13559871043973756 0.9900432636211445 0.12847895946317506 0.9666666402445211 0.13495145631067962 0.9467532467532468 0.1433657007309997 0.9346320610541802 0.1550161861678929 0.9242424506645698 0.16278317645915505 0.9207792207792208 0.17378640776699028 0.929437255859375 0.18349514563106797 0.9380952116730925 0.18155339805825244 0.9623376623376624 0.17313915363793234 0.9831168831168832 0.16278317645915505 0.9839827104048295 0.15566342548259254 0.990909090909091 0.1483818720845343 0.9974025974025974 0.14142395315818415 0.9961038961038962
1 0.24304206625929156 0.9432900168678977 0.2605178092289897 0.9285714285714286 0.26763753057683554 0.9155844155844156 0.28511325873217536 0.9138528402749594 0.3045307344603307 0.9467532467532468 0.3129449936950091 0.9675324675324676 0.31359223300970873 0.9848484584263393 0.27993528495714504 0.9969697233918425 0.2540452975671268 0.9952380688159497 0.24239482694459194 0.9961038961038962 0.2449838138321071 0.9709956974178166 0.24239482694459194 0.9571428571428572
1 0.3640776699029126 0.8844155844155844 0.363430430588213 0.870562744140625 0.3757281553398058 0.8367965103743913 0.38543689320388347 0.8307359571580762 0.5009708737864078 0.8238094973873783 0.5139158971101335 0.8151515415736608 0.5249190543461771 0.807359333781453 0.5365695397830704 0.8090909090909091 0.5475728155339806 0.8246753246753247 0.5589245842498483 0.8332381607650162 0.5637255622345267 0.8574996353743912 0.5594580196639867 0.8789068048650568 0.55732421875 0.8881832766842532 0.5514563106796116 0.897459669237013 0.4455884026092233 0.9174397258015422 0.4450549375663683 0.9352790337104302 0.43011842005461165 0.9345653979809253 0.4173157034568416 0.9345653979809253 0.40718019355847995 0.9331382850547889 0.4002453850310983 0.9267161183543019 0.39331057650371665 0.9131583077566964 0.38637576797633494 0.9053089488636363 0.3789074944060983 0.8981732257000812 0.36930544955059164 0.8903239460734578
1 0.570660400390625 0.8360924658837257 0.581329345703125 0.8296702991832386 0.5935986565154733 0.8246753246753247 0.408001708984375 0.826816073330966 0.4229382561248483 0.8360924658837257 0.4320068359375 0.8482232428216315 0.4357409430939017 0.8596403840300325 0.4320068359375 0.8689167765827922 0.4250719977814017 0.8839017793729708 0.41600341796875 0.8874696409547483 0.5951989627578883 0.8810475535206981 0.5855968882736651 0.8781932484019886 0.575994873046875 0.8724846381645698 0.5722607658904733 0.8603539404931007 0.5727942013046117 0.8510774686739042
1 0.41546998255461165 0.8189667144379058 0.4176037834685983 0.8039817116477272 0.4304064704376517 0.8018410422585227 0.4432092166641384 0.8046952681107955 0.4533447265625 0.8104038783482143 0.46454710728913834 0.8161124885856331 0.464013671875 0.8310974913758117 0.44694332382054003 0.8467960506290585 0.44267578125 0.8553589659851867 0.43680787317961167 0.8418010761211445 0.42613892786711166 0.8303839349127435
1 0.4464098884064017 0.6291565734070617 0.45547852747648665 0.6184529886617289 0.47895015975804006 0.6263022682883522 0.6045556522110134 0.6291565734070617 0.6104235602814017 0.6255887118252841 0.62696041366429 0.6134579745205966 0.6418969608047633 0.598472971730418 0.6466979387894417 0.5792065112621754 0.6605676151016383 0.5606536468902191 0.6712365011567051 0.553517923726664 0.6877734137970267 0.5499500621448864 0.7085778097504551 0.5463822005631087 0.7288488295471784 0.5435278954443994 0.7427184466019418 0.5378193248401989 0.76032223007054 0.5328243106990666 0.7656567027267901 0.5413871864219765 0.7720580462113168 0.562794355912642 0.7875280287659284 0.5792065112621754 0.7891283350083435 0.5877693869850852 0.7752587179535801 0.6106036694018872 0.7677904443833434 0.6334379914519075 0.7619225363129551 0.6512772993607955 0.7528539565003034 0.6612672880098417 0.7405846456879551 0.6648351495916193 0.7219139913910801 0.6691166072696835 0.7075109389221784 0.6769658868963068 0.6984423591095267 0.6812473049411526 0.6851061774689017 0.6855287229859984 0.6771044684845267 0.6876694716416396 0.6627013567581918 0.6883830281047078 0.6530993415314017 0.689096584567776 0.6440307024613168 0.6855287229859984 0.6381627943909284 0.6762523304332386 0.6344286872345267 0.6684030508066152 0.6285607791641383 0.6826744971337256 0.6258935428360134 0.6998001693131087 0.6232263065078884 0.7055087795505276 0.6205590701797633 0.7140716156402191 0.6152245975235133 0.7076495282061688 0.606689453125 0.684101610059862 0.60028805038304 0.6755387739701705 0.48855223424226335 0.6741115817775974 0.48001708984375 0.6769658868963068 0.477349853515625 0.677679443359375 0.46881470911711165 0.6741115817775974 0.46454710728913834 0.6705437201958198 0.46027950546116503 0.6676894150771104 0.4533447265625 0.6605537315467735 0.4496105601486651 0.6405737146154626
1 0.6445641971328884 0.7447552569500812 0.6530993415314017 0.7483231185318587 0.6595006850159284 0.7297702541599026 0.6691027595001517 0.7033680308948863 0.6771044684845267 0.695518751268263 0.6947081926956917 0.6883830281047078 0.7165795187348301 0.6855287229859984 0.7304491357895935 0.6783929998224432 0.7475194838440534 0.671257276658888 0.76032223007054 0.6719709123883929 0.762989466398665 0.6855287229859984 0.76032223007054 0.6998001693131087 0.7613891008988167 0.7176394772219967 0.7709911161256068 0.7319109235491071 0.7677904443833434 0.7433280647575081 0.7571214990708435 0.7661624264407467 0.7475194838440534 0.7854288472757711 0.7395177748596784 0.7961324320211038 0.7357836084458435 0.8011274065290178 0.7325829367035801 0.8161124885856331 0.7192467550629551 0.8232482117491883 0.7075109389221784 0.8318110478388798 0.6952416281098301 0.8396603274655032 0.6787047747269418 0.8353789094206575 0.6701696303284284 0.8318110478388798 0.6600341204300667 0.8239617682122565 0.6504321052032767 0.8146852963930601 0.6456310679611651 0.8046952681107955 0.6397631598907767 0.7982731806767451 0.6392297244766384 0.7825745421570617 0.64296383163304 0.7633081213220373
1 0.6237597419220267 0.8118309912743507 0.6354955580628034 0.808976765422078 0.6440307024613168 0.8189667144379058 0.6488317397034284 0.8239617682122565 0.6290942145782767 0.8360924658837257 0.6221593764221784 0.8396603274655032 0.62162594100804 0.8275296297940341
1 0.7581884291565534 0.6641215931285511 0.7688573744690534 0.6405737146154626 0.7805931906098301 0.6205936976841517 0.7864610986802184 0.6163122400060876 0.7784593896958435 0.6548451609425731 0.7736583524537318 0.671257276658888 0.7699242452973301 0.6791066355519481 0.7645897726410801 0.666262302150974
1 0.7651232080552185 0.5035678615817776 0.7731249170395934 0.5021407090224229 0.7811266260239684 0.5242614349761566 0.7869945340943568 0.5335379067953531 0.7981969740784284 0.5328243106990666 0.8072655538910801 0.5306836016766436 0.8126000265473301 0.5214071694906656 0.8248692781022452 0.5014271525593547 0.8312706808442051 0.47431141246448866 0.8376720243287318 0.4571856610186688 0.8483409696412318 0.44362781078784497 0.8606102804535801 0.4400599492060674 0.8712792257660801 0.44291421469155845 0.8755467683366202 0.4578992571149554 0.8680784947663835 0.4714571073457792 0.8547423723831917 0.4878692626953125 0.8451402978989685 0.5021407090224229 0.8350047880006068 0.520693573394379 0.8243358426881068 0.544955048003754 0.8190013700318568 0.564935064935065 0.8195348054459951 0.5706436355392654 0.8067321184769417 0.5692164829799107 0.7976634794068568 0.5685029265168425 0.7885948995942051 0.5685029265168425 0.7827269915238168 0.5642215084719967 0.7752587179535801 0.5570857853084416 0.7677904443833434 0.5363921722808441 0.7651232080552185 0.529256449117289 0.7608556654846784 0.5185528643719561 0.7608556654846784 0.5078492796266234
1 0.8755467683366202 0.47787927404626623 0.8814146764070085 0.4586128135780235 0.8904833154770935 0.44719567236962254 0.9048863679459952 0.44362781078784497 0.9219566567430219 0.4386327966467127 0.9315733678132585 0.4362746994216721 0.9388881646313714 0.4469489555854302 0.9521877844356796 0.46651841200791394 0.9621625289176274 0.4780821961241883 0.970142312651699 0.48608786843039775 0.9900917423581614 0.49854118049918833 0.986766867035801 0.521668748731737 0.9834419324560073 0.5323430048954951 0.9688123388197816 0.542127733106737 0.9601675681697512 0.5545810451755276 0.9568426928473908 0.57681908545556 0.9568426928473908 0.5910514137961648 0.9422130399537318 0.6141789820287135 0.9368932038834952 0.6266322544642857 0.9309083808972998 0.6426436387099229 0.920933636415352 0.6604340788605926 0.9076340166110437 0.6719978629768669 0.8989892459610134 0.6782244793780439 0.8836946654088289 0.6595445509080763 0.8863545538152305 0.6399750944855925 0.8863545538152305 0.6106208702186485 0.8916744491429005 0.5785981017273741 0.8910094622269418 0.5519124613179789 0.8883495145631068 0.5234478046367694 0.8850245799833131 0.5047678365335836 0.8783747700811589 0.486977396382914
1 0.8152014871245449 0.5821562135374391 0.8285011069288531 0.5785981017273741 0.8418007859905947 0.5946094859730113 0.8437957467384709 0.6159579983005276 0.8451256613129551 0.6390855665330762 0.8511105435565838 0.6577655346362622 0.8637451764449332 0.6631026627181412 0.8723899470949636 0.6666607745282062 0.8843595930673543 0.67911400733056 0.8930043637173847 0.6880092868557224 0.8910094622269418 0.703131103515625 0.8870195407311893 0.7120263037743506 0.8717249601790048 0.7129158317268669 0.8624152026130157 0.7164739435369318 0.852440458131068 0.7244796158431412 0.8404708121586771 0.7307063115107548 0.8331560153405643 0.7315958394632711 0.821851297026699 0.7253691437956574 0.8132065263766687 0.7200320553469968 0.8098816510543082 0.7084682712307224 0.8092166641383495 0.6782244793780439 0.8112116248862258 0.6515388786018669 0.8098816510543082 0.6293008383218344 0.8138715132926274 0.6079523259943181 0.8118765525447512 0.5954990139255276
1 0.9003192197929308 0.6880092868557224 0.9102939050174453 0.6773350306919643 0.9269184594015474 0.6719978629768669 0.9448729876175668 0.6808930632355925 0.9488629091133192 0.682672119140625 0.9634925027495449 0.682672119140625 0.9754621487219357 0.6800035352830763 0.9880968408677184 0.6711083350243506 0.9941747572815534 0.66497826514306 0.9940816638539138 0.7049101594206575 0.9940816638539138 0.7271481997006899 0.9721372733995752 0.744049072265625 0.9588375943378338 0.7653975845931412 0.9501928236878034 0.7716242802607549 0.9342332562196602 0.7565023843344156 0.9249234986536711 0.7493862399807224 0.9082990035270024 0.7449386002181413 0.8949993244652609 0.7396015117694805 0.8930043637173847 0.720921583299513 0.8956643113812197 0.7049101594206575
1 0.6591834207182949 0.9406333229758522 0.6578534468863775 0.9210638665533685 0.6638382698725728 0.902383938083401 0.4817927980885922 0.8943781865107548 0.6037371885429308 0.8801458978033685 0.6183667821791565 0.8570183295708198 0.625016651338744 0.8534602177607549 0.6462960548771238 0.8445650175020292 0.6602606615973908 0.8410069056919642 0.6728953537431736 0.8445650175020292 0.6875249473793993 0.8499021852171266 0.6875249473793993 0.8668030577820617 0.6782151898134102 0.8765877859933036 0.6675754584155036 0.8925992098721591 0.5536108516952366 0.9095000824370941 0.5476260287090413 0.9264010342684659 0.5423061333813713 0.943301906833401 0.5423061333813713 0.9619818353033686 0.5329964350728156 0.9682085309709821 0.5236866775068264 0.9753246753246754 0.5157068937727548 0.9771037312297078 0.5037371885429308 0.9744351473721591 0.6904375687386226 0.967319003018466 0.6751429881864381 0.953976162997159
1 0.5110519853610437 0.9948941317471591 0.5157068937727548 0.9957836596996753 0.5369862973111347 0.9922255478896104 0.5589306877654733 0.9940046037946428 0.5768852159814927 0.9940046037946428 0.5895199081272755 0.9922255478896104 0.7081393640018204 0.9886675153459822 0.7101343247496966 0.977993259182224 0.7081393640018204 0.9619818353033686 0.7034845148475425 0.9450809627384334 0.5868599604634406 0.9513075791396104 0.5715653799112561 0.9602027793983361 0.5556058124431129 0.9664294750659497 0.5356563234792172 0.9815512917258523 0.5236866775068264 0.9886675153459822
1 0.714124246245449 0.9966731876521916 0.7247639183859224 0.9940046037946428 0.7440484204338592 0.9966731876521916 0.7653278239722391 0.9957836596996753 0.7839473391042172 0.9957836596996753 0.7984705656477549 0.9974025974025974 0.7972469589085255 0.9859989314884334 0.7925921097542475 0.9753246753246754 0.772642620790352 0.9735456194196429 0.7580130271541262 0.9717665635146104 0.7400584989381068 0.9788827871347403 0.7287538398816747 0.9824408196783685 0.7207740561476031 0.9877779873934659 0.7194658297936893 0.9974025974025974
1 0.8065567164745145 0.9922255478896104 0.8285011069288531 0.9922255478896104 0.852440458131068 0.9966731876521916 0.8570953665427792 0.9957836596996753 0.8424657729065534 0.9859989314884334 0.8238462577745752 0.977993259182224 0.8132065263766687 0.9708770355620941 0.8025668542361953 0.9788827871347403
1 0.8324910284246055 0.8739192021357549 0.852440458131068 0.8694716416396104 0.8697299994311286 0.8685821136870941 0.8770447962492415 0.8694716416396104 0.8923394360588592 0.8685821136870941 0.901649134367415 0.8659135298295455 0.9009841474514563 0.8481231293120941 0.9003192197929308 0.8276641449370942 0.8996542328769721 0.8134317769632711 0.9089639311855279 0.7849671202820617 0.9242585709951456 0.7653975845931412 0.9275834463175061 0.7653975845931412 0.9076340166110437 0.7520548238382712 0.8989892459610134 0.7502757679332387 0.8943343375493021 0.7511652958857549 0.8836946654088289 0.7671766404981737 0.8737199209268811 0.778740424614448 0.8650751502768508 0.7929727925882711 0.8604202418651395 0.8072051605620941 0.852440458131068 0.8223269772219968 0.8444606743969963 0.8321117054332386 0.8398058252427184 0.8427859615969967 0.8384758514108009 0.8534602177607549
1 0.7753025684541869 0.878366841898336 0.7806224045244236 0.8685821136870941 0.8005718934883191 0.8703611695921266 0.8152014871245449 0.8730296741832386 0.8211863101107403 0.8792563698508523 0.8191914086202974 0.9014944101308847 0.8132065263766687 0.9290695388595779 0.795916985076608 0.9006048821783685 0.7899321620904126 0.8899306260146104
1 0.8850245799833131 0.8801458978033685 0.9029791081993325 0.8765877859933036 0.9196036625834345 0.8748087300882711 0.9402181384632888 0.8721402254971591 0.9541827451835558 0.8668030577820617 0.9688123388197816 0.8516811618557224 0.9814469717081311 0.8392279290533685 0.9934166769379551 0.8596869134283686 0.9941747572815534 0.8632983715503246 0.9941747572815534 0.8988258262733361 0.9941747572815534 0.9335171786221591 0.9941747572815534 0.9467176561231737 0.9941747572815534 0.9690980589234984 0.9787870833017294 0.9646504191609172 0.9575076205059163 0.9628713632558847 0.9501928236878034 0.969987507609578 0.9462029614494842 0.9815512917258523 0.9428780268696906 0.9922255478896104 0.9309083808972998 0.9957836596996753 0.9176087018355582 0.9957836596996753 0.8983242590450546 0.9957836596996753 0.8657401371928095 0.9966731876521916 0.8737199209268811 0.9859989314884334 0.8797047439130764 0.9682085309709821 0.8836946654088289 0.9424123788808847 0.8890145014790656 0.9121686662946429 0.8870195407311893 0.8934887378246753
