1 0.10885208278026395 0.11107715755314022 0.12924859500625757 0.13399541285130884 0.14964510723225122 0.1525482970398742 0.1569878439301426 0.14381752509575385 0.15617198758912318 0.11216850776176948 0.14801337973585407 0.10671177653523234 0.13115226967820842 0.1012987012987013 0.1129313867068985 0.1012987012987013
0 0.2744717199825546 0.26932228385628043 0.289157223007054 0.23549055619673295 0.10302684006181735 0.21148095068993505 0.21526474443454188 0.09183673610934963 0.23729296934257432 0.08092327861042765 0.1397405531799909 0.203841528954444 0.1323978164820995 0.2376732367973823 0.12913437630366353 0.24858671906706575 0.10955372041868933 0.2540434403852983 0.10384269640283678 0.2649569028383726 0.29160479203011225 0.2780530458920962 0.28263034265018205 0.2824184269100041
0 0.0863588129432456 0.05186073996803977 0.21491392561532918 0.25295208026836447 0.2189932221347846 0.2758703454748377 0.20104429374620753 0.2682309237393466
0 0.1259851548278216 0.07736548882026177 0.13332789152571298 0.05990396474863027 0.1414864993789821 0.05444722361378856 0.14882923607687348 0.0730001078023539 0.15209267625530948 0.08609625085607751 0.15617198758912318 0.09155299199091924 0.16759403562082828 0.09155299199091924 0.1798319399935528 0.08937029157366072 0.06433058803521313 0.40137511414366883 0.05372440375170662 0.4133798970804586 0.04638165964663608 0.4155626173143263 0.03577547536312955 0.41228855678013393 0.025985151124232022 0.4035577947443182 0.12435342733142446 0.09373567259156859
0 0.22062494963118173 0.24531265853287337 0.23367871034492566 0.23658189649705763 0.24754834221404734 0.2376732367973823 0.2614179592688107 0.24531265853287337 0.2736558636415352 0.2507693996677151 0.2654972706026244 0.2780530458920962 0.2728400073005158 0.2976972703809862 0.054891078911938715 0.20970205331777597 0.04183731819819478 0.2184328351702009 0.0344945815003034 0.22061551577085026 0.029599413825470267 0.2086107130174513 0.22144080597220114 0.2878751482282366 0.22633597364703428 0.274779005174513 0.22225667712757888 0.2605915020038555
0 0.2438198645138046 0.0034377386043598127 0.23892469683897147 0.023081960306539164 0.2397405531799909 0.04054348933232295 0.24463572085482402 0.059096363612583705 0.2634005055844205 0.04927425632229099 0.26829567325925363 0.04490887035023083 0.2723749549643507 0.026355996069970068 0.2748225536161256 0.011077157553140218 0.2748225536161256 0.0012987012987012987 0.2552419125455097 0.002346393040248326
0 0.7041935300364077 0.0896540456003957 0.7229583443947208 0.07874058810147372 0.7409072431545813 0.07874058810147372 0.7531451475273059 0.0798319333559507 0.3596720278841778 0.10384153886274858 0.36701476458206916 0.1267597941609172 0.35885617154315835 0.13439921589640827 0.3417230994956007 0.12457710365196327 0.33274862048695386 0.1169376819164722 0.31969485977320994 0.10384153886274858
0 0.36048788422519723 0.14640401864980723 0.3727257885979217 0.13112517517882508 0.38170026760656856 0.12130306293438008 0.3939381719792931 0.11802903212510146 0.4094395017160953 0.0994761578448407 0.4159663820729672 0.08419731437385856 0.42167740608881976 0.07546655233804282 0.44044219081841623 0.07655789759251978 0.4526800951911408 0.07764924284699676 0.4567594065249545 0.0896540456003957 0.43962633447739685 0.21038961038961038 0.42657257376365293 0.23221653529575892 0.4192298370657615 0.2507693996677151 0.40862364537507584 0.27041362415660514 0.40046505233616503 0.27696168577516234 0.38822714796344054 0.17914438619242087 0.375989243590716 0.17477900517451297 0.3694623336051274 0.16932228385628043
0 0.40128090867718447 0.007803121170440278 0.4094395017160953 0.002346393040248326 0.4208615497478004 0.017625231557078177 0.4290201427867112 0.019807923304570187 0.4388104781363774 0.03072137956495409 0.4388104781363774 0.04381752509575385 0.42330911877085864 0.04709156581333705 0.41515052573194783 0.046000220558860085 0.4110712143981341 0.032904070073908026 0.4061760763520176 0.023081960306539164
0 0.4534959515321602 0.007803121170440278 0.44778492751630766 0.027447343801523184 0.4486008134860437 0.050365601576767956 0.4551276938429157 0.06673578534807478 0.4657338559048847 0.08310596911938159 0.4796035025883647 0.07655789759251978 0.4804193589293841 0.0558223278491528 0.47062902357971786 0.03508676305993811 0.47062902357971786 0.017625231557078177 0.47144487992073725 0.0034377386043598127 0.4594517383760619 0.0012987012987012987
0 0.4796035025883647 0.002346393040248326 0.47797176027760924 0.017625231557078177 0.4804193589293841 0.03617810831441508 0.4885779519682949 0.04818291106781402 0.4951048323251669 0.04381752509575385 0.307342766326608 0.02853868905600015 0.31794889875986043 0.01871657805009322 0.33181857507205703 0.014351194555109198 0.3383454258002124 0.011077157553140218 0.33671371311817355 0.005620430042217304 0.3146854733957828 0.004529084478105817 0.49592068866618627 0.004529084478105817
0 0.831353522735892 0.042726179841276885 0.8509341341777913 0.04490887035023083 0.8713306612181432 0.046000220558860085 0.8786734275447512 0.0525482920857219 0.8843844219318872 0.07000982111150568 0.8917271882584952 0.08856269539176644 0.6974381826456311 0.0027501886541193184 0.8064126616542779 0.12566845386059253 0.8129395716398665 0.1398559471229454 0.817834709685983 0.15295209017666903 0.8072285179952974 0.15950016170353085 0.6941747572815534 0.05513478068562297 0.6778575712037318 0.05513478068562297 0.6631720385505158 0.05186073996803977 0.6533817624582827 0.052952090176669034 0.6386962298050668 0.05840882140320617 0.6346169480999697 0.04858670915876116 0.6362486607820085 0.03439921589640828 0.6370645171230279 0.021303062934380074 0.6419597144265776 0.007115569672027191 0.8501182778367719 0.09838480763621145 0.8452231397906553 0.08419731437385856 0.8395120861460862 0.07110116636598265 0.8362486607820085 0.06455309483912083 0.8321693790769114 0.054730982594675834
0 0.8819368529088288 0.04163483458679992 0.8933589009405339 0.026355996069970068 0.5072285179952973 0.03181272481943106 0.5202822787090413 0.050365601576767956 0.5284409013766687 0.06455309483912083 0.5317043267407464 0.07764924284699676 0.5406788057493932 0.0896540456003957 0.5521008537810983 0.0994761578448407 0.8578118481682342 0.1202117226340554 0.8643387581538228 0.13876459691431614 0.8651546144948422 0.1474953589501319 0.8529167101221177 0.1474953589501319 0.8390470930673544 0.1474953589501319 0.8235457040731189 0.14531266844117796 0.8153871406629247 0.12566845386059253 0.8072285179952974 0.10602422937170251 0.897438182645631 0.08310596911938159 0.8909113319174757 0.062370404330166905 0.8868319909549454 0.0525482920857219
0 0.8724973215640169 0.12239441314300933 0.8863669978762136 0.10929826018098113 0.6018683276130158 0.10493287916307326 0.6206330827138956 0.10165884835379464 0.7508199451039138 0.1994761677531453 0.6638737058176578 0.10275018865411932 0.673664041167324 0.11038961038961038 0.6769274665314017 0.12894248466987115 0.666321274840716 0.1398559471229454 0.6459248070577973 0.14967804945908583 0.6402137534132282 0.16604823323039267 0.6418454660952669 0.18569246762758726 0.8426613224362864 0.2053366722998681 0.8410296097542476 0.22825493750634132 0.8304234180635619 0.24244244067699877 0.8116586629626821 0.2588126244483056 0.800236614930977 0.27190876750202925 0.7839193695957221 0.280639529537845 0.7765766625265473 0.25772126433137177 0.772497321564017 0.2457164615779728 0.7814718005726639 0.229346277806666 0.7863669978762136 0.21297609403535916 0.7839193695957221 0.20097129128196023 0.8765766625265473 0.17696168577516233 0.8733132371624697 0.16386554272143872 0.8716814652229976 0.14531266844117796
0 0.787182854217233 0.2871876109730114 0.7977890459079187 0.27845682912058645 0.8083951783411711 0.27081742720170454 0.8173696573498179 0.2620866453492796 0.8247124236764259 0.25662992403104706 0.8353186153671116 0.248990502295556 0.8442930351183252 0.24244244067699877 0.8524516577859527 0.25772126433137177 0.8540833704679915 0.2664520263671875 0.8369503280491505 0.27518280821961244 0.8304234180635619 0.28500491055575283 0.717369657349818 0.30137509432705967 0.7092110346821905 0.3090145160625507 0.8986049022489381 0.3101058563628754 0.8888145668992719 0.31119719666320006
0 0.3833319802886074 0.26754338648412135 0.39312228600955706 0.2500818425958807 0.40862364537507584 0.1457164615779728 0.4290201427867112 0.14789916199523134 0.4543118078731796 0.15117320271281454 0.475524191254551 0.1424424406769988 0.493473119643128 0.129346277806666 0.6016317126820389 0.20751937271712662 0.5089744790086469 0.29551456996372766 0.6146854733957827 0.21406745415229303 0.6032634253640776 0.24135108056006493 0.4983682873179612 0.16208664534927963 0.49918414365898056 0.17845682912058644 0.4910255506200698 0.18500491055575283 0.4771559039365898 0.19264433229124392 0.4616545741997876 0.1959183730088271 0.4486008134860437 0.1937356725915686 0.43636290911331915 0.18718761097301137 0.4143346693909284 0.18173086983816963 0.40046505233616503 0.17409144810267857
0 0.4175980947550061 0.45703370725953735 0.42494086108161405 0.43411548168628245 0.4420739035004551 0.42320199941659903 0.45594355018393506 0.41228855678013393 0.4641021432228459 0.40574047534496754 0.48286692795244235 0.4068318156452922 0.4910255506200698 0.4297500808517654 0.49592068866618627 0.44175490342177354 0.48613038294523664 0.4472116049233969 0.46654971224590414 0.4472116049233969 0.4551276938429157 0.45266834605823864 0.44941666982706313 0.46794718952922076 0.44044219081841623 0.4843173733005276 0.43309945412052486 0.48650005390117695 0.4257567174226335 0.4766779515650365
0 0.38053357763197815 0.4705336533583604 0.3976666496795358 0.45525480988737826 0.21479969209837682 0.4487067680854302 0.2213266020839654 0.4530721292867289 0.21235212307531856 0.4661682921570617 0.21072041039327974 0.48035579532771916 0.21153626673429915 0.4934519185648336 0.3927714820047027 0.4890865573635349 0.3862446016478307 0.4825384759283685
0 0.2294851951228762 0.46180289132254465 0.2449865248596784 0.44761542778510555 0.2604878842251972 0.43233658431412336 0.26946233360512745 0.41378368030894885 0.47598924359071604 0.3875913942015016 0.4784368126137743 0.36903852982954544 0.4955698846613319 0.3679471895292208 0.4094395017160953 0.46903852982954547 0.42004569340678094 0.4843173733005276 0.42494086108161405 0.4952308159369927 0.520861579376517 0.5116009997082995 0.513518813049909 0.5312452440137987 0.5012809086771844 0.5519807889864042 0.2914905733275182 0.4694423130580357 0.27925266895479367 0.48472115652901787 0.26783062092308857 0.496725979099026 0.06211959690723604 0.5054567411348417 0.05477686020934466 0.5174615240716315 0.042538955836620145 0.5141875031706574 0.027037596471101336 0.5010913403003247 0.2213266020839654 0.49563459916548297 0.22295831476600425 0.4825384759283685
0 0.06048788422519721 0.5796682382558848 0.07843681261377428 0.566572075385552 0.09638574100235134 0.5567499730494115 0.30536019038228157 0.6436538101790787 0.30699193269303704 0.6261922861074473 0.2947540283203125 0.4858124968293425 0.2817002676065686 0.4934519185648336 0.07762095627275485 0.5010913403003247 0.0719099322569023 0.5120047829367897 0.06619890824104975 0.5294663466416396 0.06456719555901093 0.542562469878754 0.06293545324825546 0.5556586327490869
0 0.5089744790086469 0.28023572649274553 0.5146854733957827 0.26277420242111404 0.5301868031325849 0.25840882140320615 0.5497674738319175 0.2638655427214387 0.5636370908866808 0.26932228385628043 0.5611895218636226 0.2824184269100041 0.5824019052449939 0.2900578486454951 0.5970873786407767 0.2976972703809862 0.5027983730279126 0.11079341343470982 0.6970873786407767 0.2348030189415077 0.6954556659587379 0.24789916199523132 0.6791384798809162 0.26317800546621345 0.6701640008722695 0.27081742720170454 0.6554785274764866 0.28173086983816964 0.6440564794447815 0.288278951273336 0.6334502877540958 0.288278951273336 0.6228440960634102 0.28173086983816964 0.6097903353496663 0.27845682912058645 0.607342766326608 0.2664520263671875 0.6089744790086469 0.2511732027128145 0.6163171860778216 0.23807703984248174 0.6212123833813714 0.21952417547052558 0.620396527040352 0.20315399169921874 0.5155013297368022 0.2878751482282366
0 0.4910255506200698 0.46794718952922076 0.5024475690230582 0.3613991080940544 0.5179488987598604 0.36249044839437905 0.5261075214274878 0.37995197246601053 0.6301868031325849 0.40396157797280846 0.6195806706993325 0.4159664005428166 0.6 0.4192404214437906 0.5934731492718447 0.5268798431792816 0.5869462392862561 0.5323365843141233 0.5861303829452367 0.5039615779728085 0.48776209562727546 0.4843173733005276
0 0.5383454258002124 0.3744952709643872 0.5562943838175061 0.3744952709643872 0.5758749952594053 0.3788606321656859 0.5905604686551881 0.3821346530666599 0.6889287559731493 0.4017788973721591 0.6758749952594053 0.4181490811434659 0.6628212345456614 0.42797118347960633 0.648951617490898 0.4246971625786323 0.64160885116429 0.4126923400086242 0.5399771384822513 0.394139475636668
0 0.5979032349817961 0.3875913942015016 0.6125887083775788 0.3865000539011769 0.6207473310452063 0.397413496537642 0.1158521929990898 0.3225144423447646 0.1199314747041869 0.34434136725091313 0.12645832543234223 0.36725963245738635 0.12890595371283373 0.38472115652901784 0.6199314747041869 0.5 0.6060618576494236 0.5043654008345171 0.6946398096177184 0.49890865969967535 0.6856653306090716 0.4814471356280438 0.6840336179270328 0.45743753012124594 0.6766908516004247 0.4421586866502638 0.6848494742680522 0.4246971625786323 0.6921922405946602 0.41378368030894885 0.5987190913228155 0.39959621677150975
0 0.813755427980886 0.1682309237393466 0.8227298477320996 0.16168285221248477 0.8325201830817658 0.15513478068562297 0.8488374284170206 0.15513478068562297 0.8618911891307646 0.15950016170353085 0.8684180398589199 0.17587034547483765 0.8651546144948422 0.1911491889458198 0.755364279145176 0.20642803241680194 0.7521008537810983 0.2217068560711749 0.7455739437955097 0.23807703984248174 0.7341518957638046 0.25662992403104706 0.7268091886946298 0.27081742720170454 0.7210981350500607 0.2795481892375203 0.7015175236081614 0.2773654888202618 0.593358900940534 0.16754338648412134 0.5909113319174757 0.15772126433137176 0.5974381826456311 0.14462512127764812 0.710491943359375 0.229346277806666 0.7170188533449636 0.2086107130174513 0.8186505660270025 0.1922405292461445 0.8194664223680218 0.18023572649274552
0 0.6475565197398362 0.16386554272143872 0.6557150831500304 0.1540434403852983 0.666321274840716 0.14967804945908583 0.6818226045775182 0.15840882140320617 0.6899812272451457 0.17259630475725446 0.6956922808897148 0.19551456996372768 0.8924287962682039 0.2217068560711749 0.8842702328580098 0.23698569954215706 0.8744798975083434 0.2500818425958807 0.8589785677715412 0.25335588331346387 0.8524516577859527 0.23589435924183239 0.8500040887628945 0.21625013475294236 0.849188232421875 0.20097129128196023 0.6467406633988168 0.18787514822823662
0 0.9046667006409284 0.08350976721032874 0.9193522332941444 0.0736876648741883 0.9258790840222998 0.07477900517451298 0.9332218503489078 0.0846011075106534 0.9438280420395935 0.09987995098163555 0.9544341744728458 0.21734147505326704 0.9691197071260619 0.23589435924183239 0.9813576114987864 0.2544472236137886 0.9813576114987864 0.2697260670847707 0.9650403661635315 0.27081742720170454 0.9519866054497876 0.2730001078023539 0.9438280420395935 0.27845682912058645 0.9307742220684163 0.2620866453492796 0.9209839459761833 0.2555385837307224 0.899771562594812 0.2457164615779728 0.8981398499127731 0.22716359720601664 0.9014032752768507 0.21297609403535916 0.903850844299909 0.09660591026405235
0 0.9503548927677488 0.2871876109730114 0.9601452281174151 0.2773654888202618 0.9723831324901395 0.27845682912058645 0.9780941268772755 0.28500491055575283 0.9756465578542173 0.2926443322912439 0.9634086534814927 0.3024664346273843 0.9519866054497876 0.3068318156452922
0 0.817834709685983 0.4116009997082995 0.8219139913910801 0.3755866112647119 0.8398629494083738 0.35266834605823866 0.8504691410990595 0.3668558492288961 0.84965328475804 0.39195679503601866 0.848021512818568 0.4126923400086242 0.8406788057493932 0.43997600604961445 0.8341518957638047 0.45743753012124594 0.8259933323536104 0.4421586866502638 0.8194664223680218 0.429062523779931
0 0.8586277045092536 0.40287023767248376 0.8684180398589199 0.4017788973721591 0.879840087890625 0.38104331276633524 0.8879987105582524 0.37012987012987014 0.8986049022489381 0.35921642749340504 0.711658662962682 0.3657644692953531 0.7198172263728763 0.37667795156503653 0.7279758490405036 0.389774074802151 0.7377661843901699 0.390865454735694 0.7557150831500303 0.3886827345018263 0.7581627114305218 0.397413496537642 0.9508199451039139 0.5203317617441152 0.9377661843901699 0.5334279246144481 0.9296075617225424 0.5432500269505884 0.9190013700318568 0.5585288704215706 0.9165538010087986 0.5705336533583604 0.9018683276130158 0.5803557953277192 0.8928938486043689 0.48472115652901787 0.8814718005726638 0.4814471356280438 0.862707045471784 0.48035579532771916 0.8537325664631371 0.4825384759283685 0.8455739437955098 0.47599039449320213 0.8414946620904126 0.4661682921570617 0.8472056564775485 0.44979810838575485 0.8521008537810983 0.42797118347960633
0 0.7646895621586772 0.3886827345018263 0.7752957538493629 0.3821346530666599 0.7891653709041262 0.37995197246601053 0.9022191316178702 0.3777692918653612 0.9128253233085558 0.3744952709643872 0.9332218503489078 0.3679471895292208 0.9299583657273969 0.3875913942015016 0.7169046050136529 0.5050529182731331 0.7030349879588895 0.5148750602424919 0.9883495145631068 0.5279711834796064 0.9777433228724212 0.5377932858157467 0.9646895621586772 0.5312452440137987 0.9581627114305219 0.5236058222783077 0.9597944241125607 0.5083269788073255
0 0.8937097049453884 0.4934519185648336 0.917369657349818 0.5836298162286931 0.9353186153671117 0.572716373592228 0.9524516577859526 0.5639856115564124 0.9638737058176577 0.5585288704215706 0.9842702328580097 0.5530721292867289 0.9916129399271845 0.5497981083857548 0.9941747572815534 0.5388846261160715 0.7103777542854975 0.5203317617441152 0.7185363176956917 0.5279711834796064 0.7266949403633192 0.5508894486860796 0.7307742220684162 0.572716373592228 0.7258790840222997 0.5912692379641843 0.7152728923316141 0.5934519185648336 0.7014032752768508 0.5901778976638595 0.9924287962682039 0.5978173193993507 0.8850860891990291 0.5043654008345171 0.8785591792134405 0.507639421735491 0.8638737058176578 0.5065480814351664 0.8410296097542476 0.5043654008345171 0.8230807109943872 0.5 0.8165538010087986 0.5065480814351664 0.8059476093181128 0.5120047829367897 0.800236614930977 0.5098221023361404
0 0.6917271882584951 0.5491105513139205 0.7129395716398665 0.43274036754261364 0.7276250450356493 0.4272836264077719 0.7357836084458435 0.44911055131392047 0.7398629494083738 0.4676634156858766 0.7463898001365291 0.4818509188565341 0.7618911891307646 0.4982211026278409 0.7659704708358617 0.616773966999797 0.7651546144948422 0.6331441507711039 0.7594435608502731 0.6495143345424107 0.7439422311134709 0.6593364765117695 0.7325201830817658 0.6669758586140422 0.7227298477320995 0.6931681843547078 0.7194664223680218 0.7160864099279627 0.7202822787090413 0.7335479339995942 0.7186505660270024 0.7488267774705762 0.7080443743363167 0.7466440968699269 0.5966223263046116 0.7390047147676542 0.586016134613926 0.7368220341670049 0.5770417148627124 0.7259085518973214 0.5599086131864381 0.7008075664569805 0.35256590611726335 0.5789806811840503 0.3517500497762439 0.5626104974127435 0.3713306612181432 0.5538797353769278 0.3819368529088289 0.5462403136414367 0.3892796192354369 0.5276874492694805 0.39091133191747574 0.5069518646636566 0.6892796192354369 0.5840335994571835 0.6892796192354369 0.570937476220069
0 0.7676021835179004 0.6473316539417614 0.7765766625265473 0.645148973341112 0.7831035132547026 0.6560624159775771 0.7879987105582524 0.6724326393821023 0.7806559442316444 0.6778893408837257 0.7733132371624697 0.6680671989143668 0.7700497525409588 0.6582450965782265
0 0.8704006158032463 0.7193605100953734 0.8810067482364988 0.7139037293273133 0.8842702328580098 0.7226345309963474 0.8932446526092233 0.7226345309963474 0.9111936106265169 0.8095383681260147 0.9250632276812804 0.49535086495535713 0.9397487010770631 0.483346042385349 0.9511707491087682 0.48225470208502436 0.9691197071260619 0.49971622615665584 0.9862527495449029 0.8095383681260147 0.9941747572815534 0.8217178146560471 0.9941747572815534 0.849918117770901 0.9878844622269417 0.8597402597402597 0.9683038507850424 0.8695624017096185 0.9642245098225122 0.8881152660815747 0.9544341744728458 0.8881152660815747 0.9324059940078884 0.8772017838118913 0.9169046050136529 0.8695624017096185 0.9022191316178702 0.8641056209415584 0.8932446526092233 0.7542835582386364 0.8850860891990291 0.7411873953683036 0.8752957538493629 0.7400960550679789 0.8704006158032463 0.7390047147676542 0.8704006158032463 0.7302739130986201
0 0.9324059940078884 0.7143075125558036 0.9405645574180825 0.8990286690848214 0.9552500900712986 0.8946633078835228 0.9683038507850424 0.7012114289519075 0.980541755157767 0.7143075125558036 0.9862527495449029 0.7328604561941964 0.9821734678398059 0.7579613623681006 0.9887003185679611 0.7863363687094156 0.9911478875910195 0.903797892781047 0.9764624141952366 0.9027065524807224 0.9650403661635315 0.7852450284090909 0.9544341744728458 0.7819710075081169 0.9454597547216322 0.7896103896103897 0.9421962701001214 0.9005238718800731 0.9373011320540049 0.9114372748833198 0.9291425093863774 0.9136199554839691 0.9217998023172027 0.9092545942826704 0.9250632276812804 0.7928844105113636 0.928326653045358 0.7732402058390828 0.9307742220684163 0.7590527026684253 0.9364852757129855 0.7481392203987419 0.9364852757129855 0.7328604561941964 0.9364852757129855 0.7263123351258117
0 0.25861955661218144 0.6807595785562094 0.2765684850007585 0.6873076996245941 0.29370155704831613 0.6949470817268669 0.11001876534767521 0.4113172654981737 0.11572978936352776 0.43750955160562094 0.12144080597220115 0.4615191571124188 0.14428490203561134 0.48225470208502436 0.16141795926881067 0.4931681843547078 0.17528759113793235 0.8051730069247159 0.17936688765738773 0.820451850395698 0.1777351749753489 0.8346392742999188 0.16060210292779126 0.8368220341670048 0.14428490203561134 0.8291825727982954 0.1230725334685983 0.8237258712966721 0.10593946142104066 0.820451850395698 0.09533327713753413 0.6160864099279627 0.10186016490158525 0.8018989067573052 0.09125398061807873 0.7888028231534091 0.07901606883817507 0.7735239796824269 0.07167333214028368 0.7604278168120941 0.06514644437623256 0.7462403136414367 0.05535612384092461 0.7364181716720779 0.05454026379631561 0.7233220880681818 0.0561719838855336 0.7058604847301136 0.2561719875891232 0.6960384220271916
0 0.003956922512609982 0.7975335455560065 0.014563106796116505 0.7888028231534091 0.027616871213450016 0.7898941634537338 0.040670635630783526 0.6008075664569805 0.0423023594235911 0.6204518503956981 0.039038915541565536 0.6455527565696023 0.039038915541565536 0.6673796418425325 0.03414375527391156 0.6979373287844968 0.03251203518469357 0.9110334916548295 0.02435343103501403 0.9230383142248376 0.013747246751507508 0.9208556336241883 0.00803622458744975 0.9175816127232143 0.0031410622365266373 0.6477354371702516 0.005588643064776671 0.6160864099279627
0 0.04801337973585407 0.6018989067573052 0.06351472428701456 0.614995069627638 0.07167333214028368 0.6411873953683036 0.07656849240793766 0.6772017838118912 0.07738434874895707 0.9121248319551543 0.06759402821364913 0.9186729530235389 0.052092679958899046 0.9132161722554789 0.039038915541565536 0.9044854498528815 0.03985477558617453 0.68702392578125 0.04393407951280909 0.6739277629109172 0.04556579960202708 0.652100877637987 0.04556579960202708 0.6379133744673295 0.04556579960202708 0.6226345309963474
0 0.08391123651300819 0.9448651994977678 0.10430774133182266 0.7404998382964691 0.11246634918509178 0.7612353832690747 0.11899322954196374 0.7852450284090909 0.11817736579376517 0.7983411912794237 0.11246634918509178 0.9092545942826704 0.10349188499080325 0.9059805733816965 0.09370155704831615 0.9896103896103896 0.08554295660222619 0.9743315461394074
0 0.16876071078106036 0.8531922179383117 0.17936688765738773 0.8466440968699269 0.19242066318548998 0.8510094580712256 0.19813168720134253 0.8542835582386363 0.21118544791508648 0.8466440968699269 0.2209757684503944 0.8400960550679789 0.22995023264468295 0.8357306938666802 0.23892469683897147 0.8226345309963474 0.24463572085482402 0.818269090528612 0.25687362522754853 0.8313652533989448 0.26992738594129245 0.8510094580712256 0.25687362522754853 0.8673796418425325 0.24871503218863775 0.8837498256138393 0.24300399335842687 0.8924806272828734 0.24055640952101032 0.9033941095525568 0.23402952916413836 0.9230383142248376 0.2323978164820995 0.9426825188971185 0.23321367282311894 0.9579613623681007 0.22913437630366354 0.9656008237368101 0.21689647193093903 0.9666921640371348 0.20302684006181734 0.9568700220677759 0.19078893568909283 0.7372258173954951 0.1809986151537849 0.7132161722554788 0.17120829461847695 0.893571967583198 0.16468139944724666 0.8837498256138393 0.17447173479691291 0.8717450823102678 0.17120829461847695 0.8662883015422078
0 0.08589376801425971 0.2348030189415077 0.09323651952650941 0.21406745415229303 0.20384269640283678 0.10642803241680195 0.11200130425610588 0.29551456996372766 0.1275026488072664 0.294423229663403 0.23810884049795206 0.10097129128196022 0.24055640952101032 0.11625013475294237 0.23729296934257432 0.13807703984248174 0.2315819601410801 0.15008184259588067 0.2209757684503944 0.16208664534927963 0.20221098372079793 0.17409144810267857 0.09323651952650941 0.288278951273336 0.08670963916963743 0.2937356725915686 0.08181447149480431 0.2839135702554282 0.08181447149480431 0.2664520263671875 0.08834135185167627 0.25335588331346387
0 0.07528759113793235 0.10671177653523234 0.06794485444004096 0.12089926979758522 0.06794485444004096 0.12963003183340097 0.08181447149480431 0.13399541285130884 0.0973158160459648 0.13617811326856738 0.20302684006181734 0.03508676305993811 0.09894754354236196 0.11762522908000203 0.09323651952650941 0.10998580734451095 0.08589376801425971 0.10562042632660308
0 0.26747981691823425 0.8160864099279627 0.27155909862333133 0.5789806811840503 0.28298114665503643 0.5647931780133929 0.4041935300364078 0.648422994242086 0.4221424584249848 0.648422994242086 0.4400913868135619 0.6342355307046469 0.44661826717043385 0.6244133887352882 0.45477686020934466 0.6462403136414366 0.4694623336051274 0.6637018377130682 0.4808843816368325 0.6909855037540584 0.3841478366296268 0.7095383681260146 0.37517335762098 0.718269090528612 0.36701476458206916 0.7291825727982955 0.368646477264108 0.7411873953683036 0.375989243590716 0.7630142806412338 0.38985886064547937 0.7651969612418831 0.3955698846613319 0.7739277629109172 0.3939381719792931 0.7892066063818993 0.3865954056526851 0.8012114289519074 0.37517335762098 0.7979373287844967 0.3637513392179915 0.7913892869825487 0.3531451475273058 0.7848412451806006 0.34253895583662014 0.7848412451806006 0.3278534824408374 0.7793844644125406 0.3147996920983768 0.7695624017096185 0.30093007504361347 0.7597402597402597 0.2903238833529278 0.8488267774705763 0.28298114665503643 0.8422787356686282 0.275638409957145 0.8302739130986201
0 0.003956922512609982 0.9579613623681007 0.0153789668407255 0.9470478800984172 0.03169617514008457 0.9437738591974432 0.04801337973585407 0.9470478800984172 0.05535612384092461 0.9514133205661526 0.06269886794599515 0.9590527026684253 0.07004161205106568 0.9710575252384335 0.07656849240793766 0.9776055670403815 0.0847270928540276 0.9874277090097403 0.09288570070729672 0.8016152121803978 0.10022843740518811 0.9190767362520292 0.10022843740518811 0.9332642394226867 0.09696499722675213 0.8441776424259334 0.08391123651300819 0.8518171037946428 0.07493677231871966 0.8550911246956169 0.06433058803521313 0.8605478261972402 0.05454026379631561 0.8692786278662743 0.04638165964663608 0.8791007698356331 0.03659133540773855 0.8758266696682224 0.03577547536312955 0.8485430828936689 0.03251203518469357 0.8376296006239854 0.02680101116884102 0.8332642394226867 0.00966794467666774 0.8201680765523539 0.006404503572334364 0.8136199554839691 0.003956922512609982 0.9974025974025974 0.0031410622365266373 0.9819710075081168 0.002912621359223301 0.9749426903662743
0 0.22796768632907313 0.3832260330002029 0.23531043784132283 0.37340389103084415 0.2467324858730279 0.3832260330002029 0.25325936622989986 0.389774074802151 0.2622338156098301 0.39632215623731737 0.16794485444004095 0.5072356385070008 0.15897039024575244 0.5192404214437906 0.15244349507452215 0.5312452440137987 0.14673248587302792 0.5508894486860796 0.13938973436077823 0.557437530121246 0.13531043784132282 0.5356106052150974 0.13531043784132282 0.5137836803089488 0.13204699766288683 0.5028702376724837
0 0.13694215052336164 0.6447451901126218 0.14673248587302792 0.6469278707132711 0.15325936622989988 0.6567499730494115 0.15978624658677185 0.6709374365868507 0.16468139944724666 0.6862163593242695 0.17528759113793235 0.6993124429281656 0.1809986151537849 0.42004802753398945 0.18426205533222087 0.4506057144759537 0.18589376801425972 0.48116336178469965 0.18589376801425972 0.8008075664569805 0.1769193186343295 0.49644220525568183 0.16386554310622725 0.48116336178469965 0.1499959260514639 0.4680671989143669 0.13694215052336164 0.4549710756772524 0.12878355748445086 0.4396922322062703 0.12388838980961772 0.41349994609882307 0.12144080597220115 0.6916730608258929 0.12470424615063713 0.6720287768871753 0.1344945815003034 0.6556586327490869
0 0.4143346693909284 0.583346042385349 0.4175980947550061 0.573523979682427 0.42820428644569175 0.5680671989143669 0.4469690711752882 0.5713412990817776 0.45594355018393506 0.573523979682427 0.4649179995638653 0.5789806811840503 0.47389247857251215 0.588802823153409 0.47878764624734527 0.5986248858563312 0.4812352152704035 0.718269090528612 0.47797176027760924 0.7302739130986201 0.47470833491353154 0.7422787356686282 0.4526800951911408 0.7313652533989448 0.44288978947019114 0.7237258712966721 0.43146774143848604 0.711721048726664 0.42167740608881976 0.5975335455560065
2 0.41535194174757284 0.5156655844155844 0.4244538834951456 0.5083603896103897 0.42991504854368934 0.5132305194805195 0.43052184466019416 0.5237824675324675 0.42688106796116504 0.5286525974025974 0.4226334951456311 0.5278409090909091
2 0.43530889714805826 0.5472560733943791 0.4389986797443871 0.5447882317877435 0.44199663180749393 0.5457136674360795 0.43969051027760925 0.5515747862976866 0.43646195791300063 0.5531171922559862
2 0.33091051416489686 0.8471978521966315 0.3339718420528671 0.8425178032416802 0.33615850059731495 0.8477828384993913 0.33309717270934464 0.853632860059862
0 0.40460110266231797 0.7857142857142857 0.4223300970873786 0.7857142857142857 0.4358379178834193 0.7755505054028003 0.44681298709610134 0.7540937151227679 0.45272267165693264 0.7450593230012176 0.46876318477889867 0.7507057883522728 0.48058252427184467 0.7608695686637581 0.49240186376479067 0.7721626578987418 0.49577879674226333 0.7800677410967938 0.4864921792039593 0.7947487571022728 0.47551710999127733 0.9083003849178165 0.4662304628242567 0.9274985573508523 0.46285352984678396 0.9478261179738231 0.4544111529600273 0.9625070547128652 0.4341494365803246 0.9523432744013799 0.4214858564358313 0.9410502644328328 0.4130434795490746 0.9286278662743507 0.40628958396541265 0.9162055473823052 0.4003798994045813 0.9071710759943182
0 0.47551710999127733 0.5727837104301948 0.4873364198555067 0.5603613915381493 0.4983115186969053 0.5637492786754261 0.605065443909284 0.6806888728946835 0.6092866471670206 0.7077922077922078 0.6160405131219661 0.7247317623782468 0.6303925449408374 0.746188631924716 0.6379907108047633 0.7619988775872565 0.6312367855923847 0.7676454222047484 0.6194174757281553 0.7597402597402597 0.6143520318188713 0.7450593230012176 0.6042212032577366 0.7292489980722403 0.4940903450678853 0.7247317623782468 0.4898691418101487 0.7134387524096997 0.485647938552412 0.5998870453277192 0.4822710055749393 0.5885940353591721
0 0.4822710055749393 0.748447170505276 0.488180660507054 0.7348955426897321 0.6008442406515473 0.7360248516132305 0.6092866471670206 0.746188631924716 0.6118193098642294 0.7608695686637581 0.607598165863926 0.7699040400517452 0.4983115186969053 0.7687747311282468 0.4915576231132433 0.7597402597402597
0 0.6151962724704186 0.7947487571022728 0.6244829196374393 0.7845849767907873 0.632081026243932 0.7778091232497971 0.6422119140625 0.7642574954342533 0.647277357971784 0.7597402597402597 0.6489657800174454 0.774421196479302 0.647277357971784 0.7913608303317776 0.5413676734109527 0.9083003849178165 0.5329252668954794 0.9195934741528003 0.5227944383343447 0.9218520919997971 0.5151962724704187 0.9150762384588068
1 0.5650063523968447 0.6474308162540584 0.5666948336999393 0.6745341511515828 0.565850593048392 0.695991020698052 0.6785141435641687 0.6084133395900974 0.686956550079642 0.6208356981153612 0.6920219347314928 0.6400338705483969 0.30552978515625 0.553585537997159 0.31988181697512136 0.5569734647676542 0.3342338487939927 0.5581027736911526 0.3418320146579187 0.5603613915381493 0.3553398058252427 0.550197611226664 0.36715911568947207 0.5422924883953937 0.37729000350804004 0.533258056640625 0.38066696611422934 0.5197063891918628 0.6815112067657767 0.5903444364473417 0.6781342441595873 0.5496894341010552 0.6713803189472087 0.5338791488052963 0.6477416399613167 0.5316205705915179 0.6317011268393508 0.5180689031427557 0.6232587795813107 0.5146809763722605 0.6063740258077973 0.5135516674487621 0.5911776940799454 0.6158102852957589 0.5802026248672634 0.6304912616680195
2 0.5042212032577367 0.31027667553393873 0.5075981658639259 0.3001129348556717 0.5168847537735134 0.3023715328860593 0.5177289944250607 0.3147939112279322 0.5118193098642294 0.31931112710531656
2 0.9496419073308556 0.6136044192623783 0.9531434290617415 0.6101979837789164 0.9556899579983313 0.6161592557832792 0.9540983625986044 0.6191398719688515 0.9515518336620146 0.6195656912667411
2 0.2564634156458586 0.9286736030083198 0.26355404159397755 0.9228367396763393 0.2673720869045813 0.9330512505073052 0.26191773646086164 0.94107689795556 0.2564634156458586 0.9381584662895698
0 0.8942082377313411 0.5626959069982752 0.8176431304042779 0.6548589533025568 0.8402410710899575 0.6503806374289772 0.8511215061817354 0.6503806374289772 0.8519584581689927 0.6772503741375812 0.9502845541944781 0.40412003157974835 0.9553063253754551 0.42875057071834416 0.9561432773627124 0.44106584028764206 0.9452627830135012 0.44890283361657873 0.9352192999089806 0.43658756404728083 0.9184800823915352 0.42651141278155436 0.9050887320805522 0.42651141278155436 0.9941747572815534 0.6153157023640422 0.8967190936931129 0.5962830382508116 0.8967190936931129 0.5794894924411526
0 0.1388684319060983 0.2686072609641335 0.160629390975804 0.26972682011591925 0.1765316268772755 0.2686072609641335 0.1756946748900182 0.2809225305334314 0.1773686084932494 0.2954769382229099 0.2773686084932494 0.10891178676060267 0.27402077091550364 0.12570533257026176 0.2765316268772755 0.14249887837992087 0.2756946748900182 0.15369458879743303 0.2664881141440382 0.15705328606939936 0.2522597822170813 0.15033587170885754 0.24221626948384406 0.14697715462028207 0.24305323628545966 0.13242274693080358 0.24723802585046267 0.1145096221527496 0.24389018827271694 0.1033139315518466 0.13468362752673696 0.2921182211343344 0.13217274193624848 0.2820420896852171
0 0.15182456599855887 0.993730421190138 0.15433545158904732 0.9769368753804789 0.16019417475728157 0.9556650136972402 0.17274857308100727 0.9511867770900974 0.1945095469650713 0.9534258953936688 0.207063945288797 0.7556650136972403 0.20790089727605432 0.7735781186586851 0.21208570165541565 0.787012987012987 0.20790089727605432 0.7970890986454952 0.19199866137458282 0.9948499803419237 0.18111818183972997 0.993730421190138 0.16270506034777002 0.9903716644683441
0 0.04720455280785422 0.8926108620383523 0.07733512063628262 0.8881325461647728 0.10746568105753186 0.9914913028865665 0.11834616799956386 0.9926108620383522 0.11248744483132964 0.980295552835836 0.10244392469091324 0.9679803228997564 0.09574824212824257 0.8601433295708198 0.08486776259338971 0.8601433295708198 0.07649816124184618 0.8668607637479708 0.0672916004958662 0.8713390003551137 0.05975895483516953 0.880295552835836 0.05390023537052488 0.8858934278612013
0 0.27402077091550364 0.718719244622565 0.2849012356359982 0.7097626128754059 0.29996651955021236 0.9974025974025974 0.31084701389942354 0.8862517121550325 0.3234014122231493 0.8806538371296672 0.33177102098187194 0.8795342779778815 0.3418145337151092 0.8817733962814529 0.35353198005157765 0.8940887054839691 0.3568798176293234 0.8996865012428977 0.349347160857858 0.9131213695971997 0.3342818769436438 0.9243170403814935 0.3275862017881523 0.9276757971032873 0.3217274786199181 0.9321540337104302 0.31586875545168386 0.9299149154068588 0.30164045315344357 0.9332735928622159 0.2932708443947209 0.7388714678875812 0.2840642836487409 0.7343932312804383
0 0.2966186819724666 0.7523063362418831 0.3033143571279581 0.9455889020647321 0.31084701389942354 0.9433497837611607 0.3200535746454035 0.9444693429129464 0.3242383642104065 0.9556650136972402 0.32507531619766383 0.9679803228997564 0.3192165930294296 0.9746976778104708 0.31168396588668085 0.9769368753804789 0.3058252427184466 0.9758173162286932 0.29996651955021236 0.770219441203328
0 0.5054234773209951 0.8008060603946835 0.4146300676956918 0.9739364029525163 0.42132574285118324 0.9593819754464286 0.4347170931621663 0.9593819754464286 0.4539671962701001 0.9716972846489448 0.4673585465810831 0.9795342779778815 0.48158687850804005 0.9952082646357548 0.5891195056507889 0.8153604879007711 0.5924673728572513 0.8321540337104302 0.5874456016762742 0.8455889020647321 0.5765651073270631 0.8299149154068588 0.5665215649651092 0.8287953562550731 0.552293262666869 0.8366323495840098 0.5414127683176577 0.8467084612165179 0.5322062372003944 0.8601433295708198 0.5313692259557039 0.8746976778104708 0.533880141174909 0.8914913028865665 0.5238366580703884 0.8959695394937094 0.5079343925402002 0.8948499803419238 0.3962169462037318 0.9959695394937094 0.5062604293082524 0.870219441203328 0.5087713445274575 0.8467084612165179 0.5096082965147148 0.8265562379515016 0.5096082965147148 0.8142409287489853
0 0.6016739039745146 0.7933273513595779 0.4899564872667627 0.9034034629920861 0.48158687850804005 0.9145992130428166 0.47572815533980584 0.9291536405489043 0.47070638415882887 0.9437079887885552 0.46652159459382586 0.9593819754464286 0.4673585465810831 0.9694581663453734 0.47572815533980584 0.9750559621043019 0.4899564872667627 0.9761755212560876 0.5 0.9638602913200082 0.5041848191937197 0.9493058638139205 0.5041848191937197 0.9381101930296266 0.5075326271427488 0.9235557655235389 0.5058587231682342 0.9067622197138798
0 0.6627719916186287 0.7731751280945617 0.6778373051615595 0.779892483005276 0.6945765226790048 0.7854903580306413 0.5096417769645024 0.7922077922077922 0.5247070905074332 0.7933273513595779 0.5339136216246966 0.7955664696631494 0.4431202119993932 0.8201970088017452 0.4481419239229369 0.840349311333198 0.437261488831159 0.8515449821174919 0.4205222713137136 0.8660994096235796 0.4029461018090109 0.8772950804078734 0.5853699323043082 0.9840125145850244 0.6652829068378338 0.9041648171164772 0.645195822113926 0.9097626128754058 0.6217609886984223 0.9108822512936282 0.6108804943492112 0.9108822512936282 0.5974891440382282 0.8086430537236201 0.49497822881902304 0.9952082646357548 0.495815210434997 0.9840125145850244 0.5033478672064624 0.9750559621043019 0.5117174463364684 0.9593819754464286 0.5175761695047026 0.9403493113331981 0.5167392175174453 0.9291536405489043 0.5359892909966626 0.9302731997006899 0.5460328333586165 0.9224362063717533 0.552728508514108 0.9022839038403003 0.6552393644758798 0.7877294763342126
0 0.6778373051615595 0.9064039354200487 0.5903917034852852 0.9963278237875406 0.40043524584723905 0.8873712713068181 0.4104787289517597 0.8828929554332386 0.4171744041072512 0.8873712713068181 0.6339136216246966 0.805284376268263 0.6389353928056736 0.8108822512936282 0.6473049719356796 0.8299149154068588 0.6355875255992112 0.8411105861911526 0.6155005001327366 0.8523063362418831 0.6054569577707828 0.8590237704190341 0.6962504266535194 0.9545454545454546 0.6920656074597997 0.9433497837611607 0.6870438362788228 0.935512790432224 0.6820221243552791 0.9276757971032873
0 0.4565115623103762 0.8123600154728084 0.4791095029960558 0.8034034629920861 0.48915298610057645 0.8011643446885146 0.49250085330703886 0.8123600154728084 0.4866421301388046 0.8235557655235389 0.47241376858313106 0.833631877156047 0.4632072374658677 0.8526645412692776 0.4573485142976335 0.8437079887885552 0.4540006470911711 0.8257948838271104
0 0.46906596063410194 0.8582624162946428 0.4707398646086165 0.8772950804078734 0.47827249175136527 0.8940887054839691 0.6874790821260619 0.8019256988129059 0.6941747572815534 0.8041648171164772 0.7025443364115594 0.8806538371296672 0.7100770228117415 0.8627407321682224 0.7226314211354672 0.847066745510349 0.7268161810717536 0.8358709954596185 0.716772697967233 0.8235557655235389 0.70338134765625 0.8257948838271104 0.48915298610057645 0.8313927588524757 0.4799464549833131 0.8381101930296266 0.4732507798278216 0.8481863046621347
0 0.5296953219811893 0.5294670996727882 0.5430866722921723 0.547380204634233 0.5614998530415656 0.5675324675324676 0.5740542513652913 0.5854455724939124 0.3815868785080401 0.6145544275060877 0.39581521043499696 0.6279892562271713 0.5100435423619539 0.6380653678596794 0.5242718446601942 0.6548589533025568 0.5343153870221481 0.6772503741375812 0.5426849661521541 0.695163479099026 0.6485436893203883 0.6074787090351055 0.6493806413076456 0.6197940182376217 0.6393370989456918 0.6354679652622768 0.6284566638539139 0.6455441165280033 0.6192500734792172 0.6522615507051542 0.6117174463364684 0.6455441165280033 0.605021771180977 0.6153157023640422 0.5008369519872573 0.6862068473518669 0.3824238304952973 0.6694133015422078 0.3715433657748028 0.6503806374289772 0.35982591943833436 0.6391849666446835 0.3389019123558859 0.6246305391385958 0.33220623720039444 0.6100761116325081 0.5229997060831311 0.5988804408482142 0.5045865253337378 0.5888042895824879 0.5004017653974514 0.5742499017096185 0.5070973812955097 0.5552171979631696 0.5163039716702064 0.5373040930017249 0.5196518388766687 0.5305866588245739
0 0.7812185935603763 0.8526645412692776 0.7912621359223301 0.840349311333198 0.8004687262970267 0.9549037388392857 0.8063273902078276 0.9784147188260958 0.8163709325697815 0.9974025974025974 0.82808837890625 0.8164800470525568 0.8389688732554612 0.8231974812297078 0.8481754043727245 0.8332735928622159 0.8632407179156554 0.8467084612165179 0.8732842602776092 0.8523063362418831 0.8841646953693871 0.8556650136972402 0.9000669608995753 0.9612628887226056 0.9092734920168386 0.9713390003551137 0.9109474552487864 0.9836543095576299 0.907599588042324 0.9948499803419237 0.9009039128868325 0.9970890986454951 0.893170403045358 0.8974025974025974 0.8456645484109526 0.8948499803419238 0.8314362461127124 0.8926108620383523 0.812186113376062 0.887012987012987 0.7987947630650789 0.9690998820515422 0.7912621359223301 0.950067138671875 0.7895882319478156 0.9310344745586445 0.7879142687158677 0.912001810445414 0.7870773167286105 0.8963278237875406 0.7845664607668386 0.8806538371296672 0.7837295087795814 0.8649798504717938
0 0.7418814946146844 0.9970890986454951 0.7360227714464502 0.9858934278612013 0.7427184466019418 0.9623824478743912 0.7527619889638957 0.9545454545454546 0.7703381584685983 0.9523063362418831 0.7820555455476335 0.9534258953936688 0.7920990879095874 0.9668607637479708 0.7979578110778216 0.9791759936840503 0.8021426302715413 0.8948499803419238
0 0.8732842602776092 0.7496641481077516 0.8841646953693871 0.7575011414366883 0.899230008912318 0.7709359305245536 0.912621359223301 0.879892483005276 0.9134583112105582 0.893327351359578 0.9042517800932949 0.8966861080813717 0.8908603705248787 0.788849114752435 0.8766320682266383 0.7787729238534903 0.8682624890966323 0.7608598188920455
1 0.10451958665570009 0.12418271349622058 0.11623702558498938 0.13985669024578937 0.1220957487532236 0.15888938408393363 0.1145631067961165 0.18128079501065342 0.10954134302231872 0.19919389997209822 0.10368262726126365 0.19919389997209822 0.1029126213592233 0.18734885872184456 0.1029126213592233 0.15217195981508724 0.1029126213592233 0.12866099964488636
1 0.16226984412924758 0.11186744392692269 0.1748242424529733 0.1051500196580763 0.18654168878944175 0.11186744392692269 0.19742215350993628 0.11970443725585937 0.19993303910042476 0.14209582836596996 0.19742215350993628 0.16224809126420456 0.17817208003071905 0.16448723929268974 0.1681285672974818 0.15553067690366273 0.16143287732763198 0.14657411451463576 0.16143287732763198 0.13090013776506695
1 0.130465342697588 0.15553067690366273 0.14804151220229064 0.15888938408393363 0.16059591052601638 0.16784594647296064 0.06059591422960596 0.0025526170606737014 0.062269836722068414 0.029422304227754666 0.04301975213208245 0.028302735167664368 0.03130230949920358 0.02606358713917918 0.022932708147660043 0.01150917944970069 0.02042182811255594 0.0012987012987012987 0.12460663434371208 0.18016121604225852
1 0.16980247127199635 0.17232422271332185 0.1898895263671875 0.17232422271332185 0.0041178434797861044 0.17120466356153613 0.012487444831329643 0.1902373474913758 0.22838968813998028 0.21486788662997158 0.2342484113082145 0.22270487995890828 0.2208570461828732 0.23278101140802557 0.2108135334496359 0.24285714285714285 0.09240040455049682 0.04397671191723316 0.07649816124184618 0.040618004736962254 0.07063943807361195 0.03166144234793527 0.06812855989030264 0.00927004132952009 0.1681285672974818 0.1935960645799513
1 0.003682624715045818 0.012628748509790991 0.013726146475782672 0.01038961038961039 0.022932708147660043 0.030541873287844967 0.019584866866324713 0.048454998065898945 0.008704385479677071 0.07420509635628043 0.002912621359223301 0.07199156129515016 0.003682624715045818 0.046215850037413755 0.002912621359223301 0.039005824497767856 0.002912621359223301 0.013748317569881291
1 0.004519584803905302 0.08540080677379261 0.009541345800010903 0.08763994489397321 0.11958486316273513 0.007792207792207792 0.12879142390871512 0.02346619445008117 0.12460663434371208 0.03914016129134537 0.12042182996435073 0.05705328606939935 0.11791094437386225 0.0839229831447849 0.021258787506992376 0.42310791015625 0.027954470069663038 0.43766233766233764 0.021258787506992376 0.44549933099127437 0.013726146475782672 0.44885804807984986 0.003682624715045818 0.42758622602982954 0.1029126213592233 0.09050604089514001 0.1029126213592233 0.049216292740462665 0.1029126213592233 0.02346619445008117
1 0.03130230949920358 0.03949843567687195 0.050552394089189545 0.03949843567687195 0.062269836722068414 0.04509628097732346 0.07566120184740974 0.05629198148653105 0.09156344515606038 0.06860726096413353 0.20662871425591625 0.27980295156503654 0.21750920860512743 0.2965964973746956 0.02085704618287318 0.2133900630009639 0.003280884085349666 0.21562920112114448 0.1823568695957221 0.016748760272930194 0.17147640487522756 0.017868339241325082 0.14804151220229064 0.018987918209719967 0.13716103266743782 0.02010747736150568 0.12795447192145784 0.005553069672027192 0.021258787506992376 0.0909986619825487 0.01707398683122061 0.07868339241325081 0.021258787506992376 0.06188983669528714 0.026280549428995374 0.04957456712598925
1 0.00913960725358389 0.12194357537603998 0.018346167999563866 0.11522615110719359 0.037596248885960255 0.1073891577782569 0.04094408646370601 0.11970443725585937 0.04345497205419448 0.14881326254312094 0.047639776433555825 0.17456336083350243 0.05098761401130158 0.194715623731737 0.24512889084306735 0.2003134789404931 0.23759624888596026 0.2081504722694298 0.027552721338364686 0.1958352027001319 0.019183127394000302 0.18016121604225852 0.010813526042456766 0.16672636750456574 0.00579176226865898 0.15665024596375304 0.00579176226865898 0.14097626921418424
1 0.04680280963194023 0.1073891577782569 0.05015064720968598 0.12530228255631087 0.05182456599855886 0.14769368357472606 0.05433545158904733 0.16560680835278002 0.06019417475728155 0.19247648561155642 0.26354201233502733 0.20367217621245942 0.2727485730810073 0.21710704456676136 0.28446601941747574 0.2193461628703328 0.2869769050079642 0.2059113341492492 0.09534649895232858 0.19135690664316152 0.20790089727605432 0.08351993313083401 0.22129226240139563 0.07680250886198763 0.2313357899489912 0.07008508954729353 0.2304988231473756 0.05105239570914925 0.22631403358237256 0.04097626426003196 0.21459658724590414 0.04097626426003196 0.20622697848718144 0.04097626426003196 0.2003682553189472 0.04321540733436485 0.0861399382063486 0.14209582836596996 0.07358553988262288 0.13985669024578937 0.06521593112390019 0.13537841400542816 0.05935720795566596 0.12082400631594968 0.061868093546154426 0.10962830580674209
1 0.20287914090943568 0.006269592433780819 0.20790089727605432 0.019704433540245155 0.21543353923316141 0.02866099469073407 0.22129226240139563 0.032019704348081116 0.22966187116011832 0.03313927340817142 0.23217274193624848 0.017465292942988406 0.23468362752673697 0.01074787238975624 0.22631403358237256 0.0040304524557931085 0.21208570165541565 0.0040304524557931085
1 0.2815533980582524 0.007389162732409193 0.2815533980582524 0.02082400383887353 0.2823903500455097 0.03649798554259461 0.28908602520100124 0.05217196476923955 0.2974556339597239 0.057769815023843346 0.7141948811058859 0.05888938408393365 0.7208904970039441 0.057769815023843346 0.7367927625341323 0.05329153382932985 0.7485102088706007 0.05217196476923955 0.7535319800515776 0.04321540733436485 0.7518580760770631 0.02978056375082437 0.7485102088706007 0.02194357289896383 0.7418145337151092 0.009628302710396903 0.7334448953276699 0.0017913121681708793 0.717542689054915 0.002910882157164735 0.7049882907311893 0.0040304524557931085 0.2915969107914897 0.0040304524557931085
1 0.7485102088706007 0.002910882157164735 0.7602276552070691 0.023063144436130275 0.7644124744007889 0.038737126139851356 0.7685972343370753 0.04881325758896865 0.7870104150864684 0.04993282664905895 0.40040173576873483 0.05105239570914925 0.4037495733464806 0.045454545454545456 0.4012386877559921 0.02866099469073407 0.7953799942164745 0.015226153584269734 0.7895212710482403 0.005150022444786963 0.7736190055180522 0.0040304524557931085
1 0.7568797880006068 0.06672637741287034 0.7685972343370753 0.06112852715826654 0.7836625478800061 0.05888938408393365 0.797053898190989 0.06000895809817624 0.40793439254020025 0.06560680835278003 0.4096082965147148 0.07792207792207792 0.40040173576873483 0.0947156336400416 0.3953799942164745 0.1047917551808543 0.3895212710482403 0.1115091794497007 0.38031471030226033 0.11262874850979099 0.37361900551805216 0.11262874850979099 0.7660863783753034 0.0980743408203125 0.7619015591815838 0.0913569165514661
1 0.2464010738632054 0.07344379672756443 0.25309676383305524 0.06560680835278003 0.26732506613129553 0.056650245963753044 0.2832273316614836 0.06000895809817624 0.2932708443947209 0.07344379672756443 0.2966186819724666 0.09023734749137581 0.19661868197246662 0.2059113341492492 0.19327084439472086 0.22158532080712257 0.18657516923922937 0.23949842576856736 0.18071644607099516 0.25517241242644073 0.1673250661312955 0.2585311295150162 0.1547706678075698 0.2585311295150162 0.13719451311722541 0.2585311295150162 0.13635754631560984 0.24061800473696227 0.14054235069497117 0.22494401807908887 0.14305323628545966 0.2092700512378247 0.24472715507433251 0.08799820937119521
1 0.3066621947057039 0.10591133414924919 0.3024774051407009 0.12718316610757407 0.19578172998520935 0.24957457703429384 0.18741212122648665 0.26636812284395295 0.18824907321374393 0.27644425429307024 0.1991295675629551 0.29883565531148537 0.3049882907311893 0.21562920112114448 0.3083361283089351 0.22682489172204748 0.3192165930294296 0.2290640298422281 0.33846669613736347 0.23242274693080356 0.3468363048960862 0.23242274693080356 0.35604286564206616 0.23242274693080356 0.37027116794030646 0.23690102317116477 0.3769668430957979 0.23354232589919846 0.3778038247117718 0.2145096221527496 0.3769668430957979 0.2021943525834517 0.37361900551805216 0.18987908301415382 0.3644124447720722 0.17420509635628043 0.35855372160383797 0.16300940575537742 0.35436893203883496 0.15293327430626014 0.3501841424738319 0.14397671191723316 0.3418145337151092 0.13725928764838677 0.3300970873786408 0.12606358713917917 0.31670573706765776 0.1137483175698813
1 0.29702041774120147 0.30295566707462457 0.20539002649992416 0.18280340417639002 0.2171074728363926 0.1738468516956676 0.22798795237124544 0.16377072024655032 0.24054235069497118 0.15705328606939936 0.25811850538531556 0.16600985836673093 0.2689989997345267 0.17048813460709214 0.27318378929952974 0.1962382527140828 0.3756946748900182 0.31639051561231735 0.36397722855354975 0.3275862062132204 0.34807499265207825 0.3399014955991274 0.33384666072512137 0.3522167651684253 0.32129226240139563 0.35669504140878655 0.31124874966815835 0.34549933099127433 0.3028791409094357 0.3275862062132204
1 0.004519584803905302 0.46677115304129463 0.01623702743678417 0.4578146005605722 0.017910948077451836 0.4835646988509537 0.025443588182764147 0.3081952379895495 0.014563106796116505 0.31379311301491475 0.004519584803905302 0.3104343959263393 0.0053565451242391345 0.4925212909648945
1 0.022095748753223603 0.460053758497362 0.03130230949920358 0.45221676516842535 0.04301975213208245 0.46677115304129463 0.06310679611650485 0.482445139699168 0.06980247867917552 0.49476040926846593 0.062269836722068414 0.3014778434456169 0.04553063401898134 0.4969995672052557 0.033813191386102476 0.30035824466061284 0.027954470069663038 0.4958799684202516 0.024606628788327707 0.4835646988509537
1 0.0053565451242391345 0.3216301063438515 0.022932708147660043 0.3216301063438515 0.032976231991666036 0.3373040930017248 0.04887847159672709 0.37313030292461447 0.25808502493552793 0.605597835392147 0.26310679611650484 0.6335870916193181 0.2605959105260164 0.6570980716061282 0.24636759341341777 0.6772503741375812 0.044693670920955324 0.7119570249086851 0.044693670920955324 0.7287505707183441 0.03046535010476714 0.7354679256290585 0.014563106796116505 0.7365875640472809 0.002912621359223301 0.7261979536576705 0.2029126213592233 0.6716524991122159 0.002912621359223301 0.3921630066710633 0.002912621359223301 0.34849976378601866
1 0.032976231991666036 0.3160322313184862 0.050552394089189545 0.30931483677455357 0.07063943807361195 0.30931483677455357 0.0815199176084648 0.3025974025974026 0.10244392469091324 0.5070756788377638 0.1191831273940003 0.5149126721667004 0.13090057373046876 0.541782369242086 0.13675929689870298 0.5798477371017654 0.13759624888596025 0.6100761116325081 0.12755272133836468 0.6246305391385958 0.10997656664802033 0.6279892562271713 0.2915634599704187 0.629108815378957 0.27063942325925366 0.6223914208350243 0.26394374810376214 0.6111957104175122 0.05892199544073309 0.3876847304307021 0.051389353483625985 0.3574563558999594 0.044693670920955324 0.34178236924208605 0.039671910850747116 0.3305866588245739
1 0.15055239779277912 0.026824891722047484 0.18654168878944175 0.02794447069044237 0.011650485436893204 0.22346619445008117 0.023367924366182492 0.23018360881062297 0.030063606928853154 0.24473801650010146 0.04010713447644872 0.25257500982903813 0.0568463371795358 0.2760859898158482 0.06521593112390019 0.2973578118658685 0.2660528979255158 0.31303179852374186 0.25349849960179005 0.3365427785105519 0.24261800525257887 0.34997760723163557 0.23090057373046874 0.36117331764914773 0.2200200941956159 0.3768473043070211 0.2208570461828732 0.3969995672052557 0.20913959984640473 0.39587996842025164 0.09323736394493325 0.489162573876319 0.08235687700290124 0.4813255805473823 0.05724807665186021 0.4645320347377232 0.044693670920955324 0.45333632432021104 0.03465015078053891 0.43766233766233764 0.03799799206187424 0.4264666272448255 0.05975895483516953 0.41751007476410307 0.07315031625692127 0.41079268022017046 0.1831938363973377 0.09847739083426339 0.18570472198782614 0.08504254229657061 0.17733512804346177 0.08056426605620942 0.1672916004958662 0.07608598981584822 0.16226984412924758 0.07496641084745333 0.15641112096101334 0.06489027939833604 0.14804151220229064 0.05257500982903815 0.14134583704679915 0.04473801650010146 0.13381319508969206 0.038020602139559656 0.13967190344356797 0.030183608810622972
1 0.24680280963194023 0.3645320347377232 0.2551724035763046 0.3690103109780844 0.26354201233502733 0.3723690280666599 0.27442247705552186 0.36677115304129465 0.2936725801634557 0.3622928768009334 0.30455304488395024 0.35445588347199675 0.29116169457296726 0.33094492330179587 0.29032474258570995 0.3074339433149858 0.08362905261586014 0.29959694998604913 0.07442249186988016 0.2783251279360288 0.06688984991277305 0.26489027939833604 0.055172418390662926 0.25033587170885757 0.05015064720968598 0.25705328606939937 0.06103114155889715 0.2727272727272727 0.06856378351600424 0.28952081853693185 0.27191162109375 0.30631438416320006 0.27023771711923544 0.32198835100446427 0.2660528979255158 0.33094492330179587 0.258520270782767 0.3432601730544846 0.25182456599855885 0.35445588347199675
1 0.26856378351600424 0.3846842976359578 0.2878138569952215 0.3768473043070211 0.3028791409094357 0.37012987012987014 0.31375963525864686 0.36789071219308034 0.32129226240139563 0.3947604092684659 0.3263140335823726 0.42498882343242694 0.32715098556962985 0.4451410466974432 0.33384666072512137 0.4585759150517451 0.3464010590488471 0.4697716254692573 0.3388684319060983 0.4876847304307021 0.5288248895441444 0.41231526956929787 0.5204553104141384 0.4201522628982346 0.5028791409094356 0.4212718220500203 0.1878138569952215 0.6201522628982346 0.17023770230487711 0.6134348287210836 0.1560093703779202 0.6123152695692979 0.14596585764468295 0.6078369933289367 0.1426180052525789 0.5798477371017654 0.1426180052525789 0.5675324675324676 0.1560093703779202 0.5518584808745941 0.1635420123350273 0.5339453759131494 0.17023770230487711 0.5216301063438514 0.17525945867149575 0.5070756788377638
1 0.27147640487522756 0.6324675324675325 0.287378640776699 0.6391849666446835 0.2990960871131675 0.6391849666446835 0.12420489116779809 0.6347066904043223 0.12838968813998028 0.6403045257964691 0.1258788025494918 0.6537393545175527 0.12002008678843674 0.6649350649350649 0.11750920860512742 0.6806090515929383 0.11499832301463896 0.6918048016436689 0.10662872166309542 0.6906851632254464 0.2898895263671875 0.681728610744724 0.27984601363395023 0.6772503741375812 0.2672916153102245 0.6705328606939935 0.26896551928473905 0.6593372295429181 0.26896551928473905 0.6470219599736201
1 0.13508536329547177 0.6335870916193181 0.1426180052525789 0.6201522628982346 0.1560093703779202 0.6223914208350243 0.17442249186988015 0.629108815378957 0.18111818183972997 0.6335870916193181 0.16940073550326154 0.6459023611886161 0.15349849960179004 0.6391849666446835
1 0.16772681671438866 0.6593372295429181 0.18111818183972997 0.6470219599736201 0.19283562817619843 0.6335870916193181 0.5095748160649272 0.4302283745307427 0.5263140335823726 0.4391849666446834 0.5330097087378641 0.459337229542918 0.543053251099818 0.4772503345043628 0.5589554573725728 0.4929243211622362 0.264814180540807 0.5141961432122565 0.25895548700128945 0.5265114127815543 0.24974892625530948 0.541065840287642 0.24137931749658678 0.5522615507051543 0.23217274193624848 0.5634572214894481 0.2171074728363926 0.5757725306919643 0.20790089727605432 0.5780116489955357 0.19702041774120146 0.47689208984375 0.19032474258570994 0.45785938609730115 0.1878138569952215 0.41979401823762175 0.18111818183972997 0.6996417157061688 0.17274857308100727 0.6828481698965098 0.16856378351600423 0.6738916174157873
1 0.18948777578409437 0.8194357339437905 0.19283562817619843 0.8037617472859172 0.2012052221205628 0.5925660765016234 0.21292266845703126 0.5869682014762582 0.22966187116011832 0.5757725306919643 0.24305323628545966 0.5634572214894481 0.25811850538531556 0.5365875640472808 0.27234683731227244 0.5141961432122565 0.2765316268772755 0.5074787090351055 0.2991295675629551 0.5041200315797484 0.41837964104217235 0.6030004327947444 0.43260797296912923 0.6063591498833198 0.435955810546875 0.6164353011490462 0.4367927625341323 0.6287505707183442 0.4217274786199181 0.6365875640472809 0.40247740514070085 0.6377071231990665 0.28992300681697514 0.5455441165280033 0.2773686084932494 0.5623376623376624 0.26397722855354977 0.5791312081473214 0.26314027656629246 0.8205552930955763 0.25142283022982403 0.8183161747920049 0.23719451311722542 0.814957418070211 0.225477066780757 0.8227944113991478 0.21794442482364987 0.8306314047280844 0.20539002649992416 0.835109720601664 0.19702041774120146 0.8395880364752435 0.19032474258570994 0.8384683980570211
1 0.004519584803905302 0.7377071231990665 0.017910948077451836 0.7444245573762175 0.0371610326674378 0.7444245573762175 0.04804151220229066 0.7444245573762175 0.05892199544073309 0.7545006690087257 0.07147639746804839 0.7724137739701704 0.08570472198782615 0.7914465173498376 0.09240040455049682 0.6026421881341315 0.09323736394493325 0.6127182997666396 0.08821560017113547 0.6250336089691558 0.0790090394251555 0.6295118455762987 0.07231335686248483 0.6149574180702111 0.06310679611650485 0.60040306983056 0.04887847159672709 0.7925660765016234 0.03799799206187424 0.7847290831726866 0.02042182811255594 0.77689208984375 0.007030465301958102 0.7824898856026786 0.002912621359223301 0.7861621410815747 0.0053565451242391345 0.770174655666599 0.002912621359223301 0.756008395900974 0.002912621359223301 0.7444245573762175
1 0.2840642836487409 0.10107479343166599 0.2915969107914897 0.1021943525834517 0.2982926155756978 0.11786833924132509 0.2991295675629551 0.13242274693080358 0.2915969107914897 0.14585759546849636 0.2823903500455097 0.15593372691761365 0.2815533980582524 0.13242274693080358 0.2823903500455097 0.11898791820971996
1 0.2773686084932494 0.17608598981584822 0.28908602520100124 0.16377072024655032 0.30164045315344357 0.24585759546849634 0.3074991763216778 0.23914016129134538 0.3275862017881523 0.23802060213955967 0.3510210944610892 0.24361845734831575 0.36357549278481494 0.24697715462028205 0.36859726396579184 0.26712941751851665 0.36859726396579184 0.2962382527140828 0.4660863783753034 0.3175100747641031 0.46022765520706915 0.3331840614219765 0.44348843768962376 0.3365427785105519 0.42926013539138347 0.3275862062132204 0.40917308029619237 0.3208687918526786 0.3907599588042324 0.31303179852374186 0.3823903500455097 0.3018360881062297
1 0.3263140335823726 0.37124942928165583 0.3363575463156098 0.358934159712358 0.3556076197948271 0.34773844929484576 0.3748577229027609 0.33206448245358156 0.3849012356359982 0.3231079299728592 0.40247740514070085 0.3264666272448255 0.4200535746454035 0.33766233766233766 0.43511885855961774 0.34214061390269884 0.4535319800515777 0.34214061390269884 0.46273854079755766 0.34773844929484576 0.4694342159530491 0.3690103109780844 0.4644124447720722 0.3947604092684659 0.25687981762932344 0.4171518301034903 0.24767325688334343 0.4328257771281453 0.23762971452138956 0.4451410466974432 0.22507531619766383 0.44738020463423295 0.20666219470570388 0.441782369242086 0.3890860252010012 0.44738020463423295 0.3782055604805067 0.45633675711495536 0.3664881141440382 0.46081503335531654 0.35058587824256676 0.46081503335531654 0.3413793174965868 0.4552171979631696 0.33384666072512137 0.43730409300172485 0.3296618711601183 0.4014778434456169
1 0.3786407766990291 0.2794446870878145 0.4029126213592233 0.1850425422965706 0.424673580428929 0.1928795356255073 0.4397388643431432 0.4018360881062297 0.4355540747781402 0.4152709168273133 0.42299967645441444 0.42758622602982954 0.41211918210520326 0.44661889014306005 0.40626045893696905 0.45893415971235796 0.4853364518545206 0.35781460056057224 0.4736190055180522 0.35445588347199675 0.4685972639657919 0.34102105475091316 0.4685972639657919 0.329825344333401 0.4744559871340261 0.3107926604035613 0.37612989110854067 0.2951186737456879
1 0.3878473374450091 0.1921182211343344 0.39035822303549755 0.22122705632990056 0.40207566937196604 0.13802060213955966 0.42132574285118324 0.14025974025974025 0.44392368353686285 0.14025974025974025 0.46066287142559165 0.13914016129134538 0.48074992652078274 0.12570533257026176 0.4941412768317658 0.10779220779220779 0.5008369519872573 0.2842812278053977 0.49497822881902304 0.25181369533786524 0.486608649689017 0.2204657418387277 0.47991294490480885 0.0969547717602222 0.4631737570160801 0.09247648561155641 0.45898893782236044 0.0969547717602222 0.4472715211146086 0.21710704456676136 0.4313692555844205 0.24621585994571835 0.42132574285118324 0.26748768199573864 0.4096082965147148 0.2854008067737926 0.3987278317942203 0.18987908301415382
1 0.4849347160857858 0.07008508954729353 0.49246737285725123 0.05553067690366274 0.30418481919371965 0.045454545454545456 0.31339135031098303 0.03537841400542817 0.3284566638539138 0.025302285033387023 0.3435219181394114 0.019704433540245155 0.35523936447587984 0.017465292942988406 0.36277199161862866 0.030900135287990817 0.3602611356568568 0.05105239570914925 0.35021759329490293 0.06896551553305093 0.3401741101903823 0.08240035911659141 0.32594574863470877 0.09247648561155641 0.30753262714274876 0.09247648561155641 0.49497822881902304 0.0958352027001319 0.48744560167627426 0.0958352027001319 0.4840977640985285 0.09023734749137581
1 0.5008369519872573 0.2059113341492492 0.5200870254664746 0.2059113341492492 0.34101106217763955 0.0980743408203125 0.3518915565268507 0.08240035911659141 0.36528290683783377 0.057769815023843346 0.36946766677412013 0.02978056375082437 0.37867425714881675 0.024182713496220577 0.3937395114343143 0.024182713496220577 0.8129896441709648 0.03313927340817142 0.8171744041072512 0.04769368357472605 0.8171744041072512 0.07456336578765473 0.8121526329262743 0.0991939098804028 0.6071309210027306 0.01710703465845678 0.6029461018090109 0.03502014952820617 0.5945765226790048 0.25069413618607955 0.5770003531743022 0.2585311295150162 0.557750279695085 0.25293327430626017 0.5418480141648968 0.25069413618607955 0.5284566638539139 0.24845499806589894 0.5100435423619539 0.25069413618607955 0.5025108559617718 0.24621585994571835 0.495815210434997 0.23390059037642044 0.4941412768317658 0.21822660371854707
1 0.6146635481454794 0.027183166107574066 0.6288918504437196 0.027183166107574066 0.6280548984564623 0.05517241242644075 0.6305658136756674 0.06972682011591924 0.6247070905074332 0.08763994489397321 0.5171744041072512 0.1033139315518466 0.6046200057835255 0.0954769382229099 0.592902559447057 0.2854008067737926 0.5845329803170509 0.2775638134448559 0.5845329803170509 0.26972682011591925 0.592902559447057 0.26300940575537746 0.6037830537962682 0.052933274306260145 0.6071309210027306 0.041737573797052556
1 0.8021091498217536 0.005150022444786963 0.8088048249772452 0.02082400383887353 0.8238700792627427 0.03313927340817142 0.8389353928056735 0.038737126139851356 0.8606963222466626 0.038737126139851356 0.8765985877768507 0.03649798554259461 0.8916639013197816 0.017465292942988406 0.5209574579035194 0.03313927340817142 0.5259792290844963 0.017465292942988406 0.5176096499544903 0.007389162732409193 0.8933378052942961 0.0040304524557931085 0.8648811414403823 0.005150022444786963 0.8380984408184162 0.008508732411768529 0.8238700792627427 0.007389162732409193 0.8155005001327367 0.005150022444786963
1 0.6251087966474514 0.2973578118658685 0.6376631949711772 0.29959694998604913 0.5401741101903823 0.32198835100446427 0.5385001469584345 0.35109716638342126 0.5351523390094053 0.36341243595271916 0.5225979406856797 0.35109716638342126 0.508369579130006 0.3399014955991274 0.5 0.3242274891246449 0.4933043248445085 0.4040752460430195 0.49497822881902304 0.1951186737456879 0.605021771180977 0.2906403975053267
1 0.6485436893203883 0.29959694998604913 0.6644459548505764 0.2850425422965706 0.6828590763425364 0.2693685556386972 0.6962504266535194 0.25929242418957993 0.5037830537962682 0.15593372691761365 0.5171744041072512 0.16153156230976054 0.5330766696374393 0.17160769375887783 0.5397723447929308 0.18168382520799514 0.6431202119993932 0.3074339433149858 0.6422832007547027 0.32870578518161525 0.632239717650182 0.34214061390269884 0.6263809944819478 0.34773844929484576 0.6029461018090109 0.3466188901430601 0.5862068842915655 0.34997760723163557 0.5719785819933253 0.35781460056057224 0.5585872316823423 0.360053758497362 0.5493806413076456 0.360053758497362 0.5468697853458738 0.34437977183948865 0.5485436893203883 0.32534706809303976
1 0.5146635481454793 0.1145096221527496 0.5247070905074332 0.10779220779220779 0.6330766696374394 0.0909986619825487 0.6364244775864685 0.07756381344485593 0.6464680199484223 0.06636812284395292 0.6581854662848908 0.06412897481546774 0.6816203589578277 0.06524854387555803 0.6975226244880158 0.06524854387555803 0.8067291556052791 0.18316166865361203 0.7067291556052792 0.20891178676060268 0.5991965284625304 0.13242274693080358 0.5866421301388046 0.14361845734831574 0.5824573109450849 0.16153156230976054 0.5782724917513653 0.17608598981584822 0.577435539764108 0.1928795356255073 0.677435539764108 0.3141513576755276 0.6682290086468446 0.32534706809303976 0.650652839142142 0.3197492128842837 0.5481419239229369 0.1895208185369318 0.5422832007547027 0.17160769375887783 0.5330766696374393 0.16153156230976054 0.5138265961582221 0.15033587170885754 0.5037830537962682 0.14697715462028207 0.5088048249772451 0.13242274693080358
1 0.6230331272754854 0.37124942928165583 0.6330766696374394 0.3555754426237825 0.6447941159739078 0.34214061390269884 0.6573485142976335 0.3343036205737622 0.669065960634102 0.3343036205737622 0.6799464549833131 0.3331840614219765 0.6916639013197815 0.34773844929484576 0.80338134765625 0.3555754426237825 0.8109139747989987 0.37012987012987014 0.8109139747989987 0.39587996842025164 0.8134248307607707 0.4171518301034903 0.8100770228117415 0.4283475008877841 0.18664213013880462 0.3373040930017248 0.1740877318150789 0.35073892172280846 0.15985937025940533 0.36081503335531656 0.14563106796116504 0.3720107437728287 0.1347505736119539 0.3753694608614042 0.12805489845646237 0.3496193625710227 0.12387007926274272 0.32610838258421265 0.12470709050743325 0.3070756788377638 0.6263809944819478 0.3880429750913149
1 0.5866421301388046 0.17608598981584822 0.5975226244880157 0.1850425422965706 0.7100770228117415 0.2884012593851461 0.7226314211354672 0.28728168041675123 0.7360227714464502 0.27048813460709215 0.7443923505764564 0.25705328606939937 0.7544358929384102 0.23802060213955967 0.7586207121321299 0.22570533257026176 0.7611315680939017 0.21227048403256898 0.7678272432493932 0.2033139315518466 0.8736859664176274 0.1932378001027293 0.7761968816368325 0.21227048403256898 0.7770338336240898 0.22122705632990056 0.7686641952366505 0.23690102317116477 0.7678272432493932 0.2559337269176136 0.7745229184048847 0.28056426605620943 0.777870785611347 0.29959694998604913 0.8770338336240898 0.3152709366439225 0.8661533392748786 0.329825344333401 0.8569467489001821 0.3432601730544846 0.8502510737446906 0.34437977183948865 0.8335118562272451 0.34102105475091316 0.8276531923164442 0.3522167651684253 0.8192835539290049 0.36341243595271916 0.8092400115670509 0.35445588347199675 0.80338134765625 0.3365427785105519 0.6883160341133192 0.32870578518161525 0.6816203589578277 0.3208687918526786 0.6841312149195995 0.3018360881062297 0.5858051781515473 0.1884012593851461
1 0.8586207121321299 0.35669504140878655 0.8661533392748786 0.34437977183948865 0.875359870392142 0.33206448245358156 0.882892556792324 0.3264666272448255 0.8946100031287925 0.32534706809303976 0.7021426302715412 0.3354231797255479 0.8946100031287925 0.3522167651684253 0.8870773167286105 0.3622928768009334 0.8736859664176274 0.3768473043070211 0.8644794353003641 0.39252129096489446 0.8577837008874393 0.3869234159395292 0.8577837008874393 0.37012987012987014
1 0.7071644014525182 0.3208687918526786 0.719718799776244 0.3074339433149858 0.8314362461127124 0.2973578118658685 0.8448275964236954 0.2839229831447849 0.8557080907729065 0.28280340417639 0.8665885258646845 0.2973578118658685 0.7716102970456614 0.3208687918526786 0.7699363930711468 0.34102105475091316 0.7624037659283981 0.35781460056057224 0.7624037659283981 0.3768473043070211 0.7523602235664442 0.3768473043070211 0.7331101500872269 0.37012987012987014 0.7188818477889867 0.3622928768009334 0.7071644014525182 0.35109716638342126 0.7080013534397754 0.3354231797255479
1 0.8690994410838896 0.27160769375887783 0.880816887420358 0.26041200315797486 0.8908603705248787 0.25705328606939937 0.9000669608995753 0.26041200315797486 0.9134583112105582 0.2660098583667309 0.9235018535725121 0.27048813460709215 0.9360562518962379 0.2850425422965706 0.9427519270517294 0.293999094777293 0.9452627830135012 0.3040752262264103 0.946936746245449 0.31639051561231735 0.9452627830135012 0.3231079299728592 0.9318714327025182 0.34437977183948865 0.9293605767407463 0.35669504140878655 0.9159692264297633 0.3622928768009334 0.7975561049378034 0.36789071219308034 0.7783059722011529 0.3690103109780844 0.7724472490329187 0.36789071219308034 0.7766320682266383 0.35333632432021106 0.7791429241884102 0.329825344333401 0.7774690202138956 0.3074339433149858 0.8732842602776092 0.2917599566571124 0.8707733450584041 0.28280340417639
1 0.5279879375568871 0.42798925622717127 0.338031479918841 0.4988804408482143 0.34807499265207825 0.4809672962535511 0.3614663429630613 0.470891184621043 0.37150988532501517 0.4787281779499797 0.3731837892995297 0.4899238883674919 0.5681620477472694 0.4044782762403612 0.5606293613470874 0.4268696970753856 0.5472380110361044 0.4369458087078937 0.5363575166868932 0.4369458087078937
1 0.5422162991125606 0.45038063742897727 0.5530967934617719 0.4682937820236404 0.5614663133343447 0.4839677686815138 0.569835951721784 0.49852215655438314 0.5890860252010012 0.49852215655438314 0.013357869861195389 0.5951634394658076 0.027586201788152305 0.5940438803140219 0.040977581727851944 0.5974025974025974 0.045162371292854976 0.588446044921875 0.04934716085785801 0.5806090515929383 0.0510210944610892 0.5615763478464895 0.05353198005157767 0.5414240849482549 0.05604286564206614 0.5324675324675324 0.045162371292854976 0.5235109799868101 0.03260797296912925 0.5167935458096591 0.009173080296192354 0.506717434177151 0.5982926155756978 0.4011195591517857 0.3882490732137439 0.4988804408482143 0.5807164460709952 0.4011195591517857 0.5731837596708131 0.41903270374644885 0.5656511917854976 0.43470669040432225 0.5547706974362864 0.44366324288504466
1 0.0790090394251555 0.651903266411323 0.09323736394493325 0.6384683980570212 0.10244392469091324 0.8317510431463068 0.12085704618287318 0.8339901614498783 0.13090057373046876 0.8384683980570211 0.15266153280017444 0.8463053913859578 0.15852025596840869 0.8619793780438312 0.15852025596840869 0.8776533647017045 0.16521593112390018 0.7067622197138799 0.17860729624924152 0.7302731997006899 0.1869769050079642 0.7481863046621348 0.1945095469650713 0.7660994096235796 0.21292266845703126 0.9795342779778815 0.21627050603477702 0.9918495079139611 0.2171074728363926 0.7086430537236201 0.21627050603477702 0.7254365995332792 0.2095748308792855 0.7343932312804383 0.1945095469650713 0.9343932312804383 0.18111818183972997 0.9310344745586445 0.1635420123350273 0.9321540337104302 0.1493136952224287 0.9321540337104302 0.13759624888596025 0.928795356255073 0.12002008678843674 0.922077922077922 0.12169400557730962 0.9164800470525568 0.12755272133836468 0.791849507913961 0.12420489116779809 0.7694581663453733 0.11750920860512742 0.7448275479403409 0.11165048543689321 0.7358709954596185 0.10077000590204035 0.7313927588524757 0.08821560017113547 0.9325123180042614 0.08235687700290124 0.9235557655235389 0.08570472198782615 0.9045231014103084 0.08486776259338971 0.6810121214234984 0.08235687700290124 0.6630989371956169
1 0.038834951456310676 0.916838331346388 0.06310679611650485 0.9280340021306818 0.07566120184740974 0.9358709954596185 0.07566120184740974 0.9537841796875 0.05641111355383419 0.9437079887885552 0.04301975213208245 0.9381101930296266 0.03046535010476714 0.9358709954596185 0.033813191386102476 0.9280340021306818
1 0.11081352604245677 0.9265562379515017 0.12504185056223452 0.9377519087357955 0.14094408646370601 0.9399910270393669 0.14680280963194023 0.9467084612165179 0.1426180052525789 0.9623824478743912 0.13927016767483313 0.973578118658685 0.1325744925193416 0.9780564345322647 0.12336792436618249 0.9758173162286932 0.10997656664802033 0.9635020070261769 0.1016069652964768 0.9556650136972402 0.10746568105753186 0.9399910270393669
1 0.21543353923316141 0.7444693429129464 0.22882490435850272 0.7276757971032873 0.24054235069497118 0.718719244622565 0.25728155339805825 0.7254365995332792 0.26314027656629246 0.7299149154068587 0.2765316268772755 0.7366323495840097 0.2849012356359982 0.750067138671875 0.2874121212264866 0.7679803228997565 0.3033143571279581 0.9858934278612013 0.3058252427184466 0.993730421190138 0.27234683731227244 0.7914913028865666 0.256444601410801 0.793730421190138 0.23300970873786409 0.7926108620383523 0.22129226240139563 0.793730421190138 0.21627050603477702 0.7758173162286932 0.21627050603477702 0.7612628887226055
1 0.3200535746454035 0.9948499803419237 0.32674924980089504 0.9836543095576299 0.3334449249563865 0.9668607637479708 0.3300970873786408 0.950067138671875 0.3351188585596177 0.9377519087357955 0.34851020887060075 0.9276757971032873 0.36190155918158373 0.9164800470525568 0.3719451015435376 0.9086430537236201 0.3861734038417779 0.9086430537236201 0.3962169462037318 0.9131213695971997 0.5004017653974514 0.8265562379515016 0.5004017653974514 0.850067138671875 0.3937060606132433 0.9780564345322647 0.3878473374450091 0.993730421190138 0.3782390409302943 0.9974025974025974 0.35436893203883496 0.9974025974025974 0.3434884376896238 0.9974025974025974
1 0.27904251246776396 0.8563815822849026 0.2974556339597239 0.8675772530691964 0.31586875545168386 0.779892483005276 0.31754268905491506 0.7989252263849432 0.31586875545168386 0.8347514363078328 0.31503180346442655 0.8649798504717938 0.3133578698611954 0.8772950804078734 0.2907599588042324 0.9862517121550325 0.28071644607099516 0.9974025974025974 0.2664881141440382 0.7064039354200488 0.25058587824256673 0.7064039354200488 0.23719451311722542 0.7041648171164773 0.22798795237124544 0.7008060603946834 0.2246400999791414 0.9873712713068182 0.23300970873786409 0.9772950804078734 0.24221626948384406 0.9571428571428572 0.24305323628545966 0.9369906338778409 0.2464010738632054 0.9157187721946023 0.25058587824256673 0.8966861080813717 0.26397722855354977 0.8731751280945617 0.27067290370904123 0.8642185756138393
1 0.32591229781363773 0.7899686739042208 0.3434884376896238 0.7933273513595779 0.36190155918158373 0.7989252263849432 0.3786407766990291 0.8056426605620941 0.3945430126005006 0.8090013380174513 0.40626045893696905 0.9302731997006899 0.4171409532861802 0.9537841796875 0.41211918210520326 0.9638602913200082 0.4037495733464806 0.9817733962814529 0.3970538981909891 0.8952082646357549 0.37947772868628643 0.8940887054839691 0.37110814955628035 0.891849507913961 0.35353198005157765 0.8795342779778815 0.33846669613736347 0.8716972846489448 0.32507531619766383 0.8683385279271509 0.32256446023589197 0.847066745510349 0.3242383642104065 0.816838331346388
1 0.4476732568833435 0.6074787090351055 0.05436893203883495 0.5929243211622363 0.07947772868628641 0.5839677686815138 0.09537999421647451 0.5682937820236404 0.3079343925402002 0.6526197953657671 0.3121191821052033 0.6246305391385958 0.3070974109242263 0.6089565524807224 0.3070974109242263 0.6011195591517857 0.3238366284416717 0.6111957104175122 0.3330431891876517 0.6302283745307427 0.34643453949863473 0.6447828020368304 0.3606628714255916 0.6593372295429181 0.3715433657748028 0.6716524991122159 0.386608649689017 0.6918048016436689 0.4941412768317658 0.5052395907315341 0.4933043248445085 0.5153157023640422 0.47154336577480277 0.5153157023640422 0.4564780818605886 0.5074787090351055 0.3397388643431432 0.6996417157061688 0.420488790863926 0.5018808736429586 0.41295613409246057 0.5063591498833198 0.4029126213592233 0.5220331365411932 0.4045865549624545 0.5298701298701298 0.41044524850197206 0.5455441165280033 0.411282230117946 0.5567398269455154 0.4054235069497118 0.5780116489955357 0.4045865549624545 0.593685635653409 0.4953799942164745 0.698163872260552 0.4895212710482403 0.698163872260552 0.4811516622895176 0.6780116489955357 0.4727820535307949 0.6589789452490868 0.46273854079755766 0.6365875640472809 0.45687981762932345 0.62763097193334
1 0.3769668430957979 0.7429467139306006 0.3786407766990291 0.7227944113991477 0.39119517502275486 0.7127182997666396 0.39956478378147753 0.7093596223112825 0.41044524850197206 0.7082400631594967 0.420488790863926 0.7149574180702111 0.4305323035971632 0.7250336089691558 0.4422497499336317 0.7362292797534497 0.4414127979463744 0.7496641481077516 0.4355540747781402 0.7630989371956168 0.42885839962264866 0.7698163713727678 0.4188148572606948 0.7731751280945617 0.40626045893696905 0.7698163713727678 0.3978908501782464 0.7597402597402597 0.3870103854577518 0.7552619438666802 0.3819886142767749 0.7530228255631087
1 0.43806496036862863 0.5074787090351055 0.4539671962701001 0.5153157023640422 0.4698694321715716 0.5231526956929788 0.4891195056507888 0.5287505707183442 0.4991630480127427 0.5287505707183442 0.6083695791300061 0.6545006690087256 0.6092065903746966 0.6612181031858766 0.49497822881902304 0.5533811098569399 0.4849347160857858 0.5522615507051543 0.47154336577480277 0.5600985044008726 0.45815198583510314 0.5623376623376624 0.4472715211146086 0.5612181031858766 0.4255105324161863 0.5589789452490869 0.41630397167020633 0.5533811098569399 0.411282230117946 0.5332288469587053 0.409044462037318 0.5219412271078531 0.4100664157311893 0.5157894778561283 0.4182421934257433 0.5082706600040584 0.427950931289821 0.5041695334694603
1 0.6112416684048847 0.6711551814884334 0.6178845451873483 0.6684210442877435 0.6337250644720874 0.67730689110694 0.6444558152874696 0.6827750862418831 0.6556974836923544 0.6889268751268263 0.6536535763046116 0.7025974025974026 0.6459887458282767 0.7231032334364854 0.6424118486422937 0.7415584415584415 0.639856905150182 0.7538619400618912 0.629126213592233 0.7313055657721185 0.6204394294220267 0.7183185527851055 0.6137966118969964 0.7019138881138393 0.6112416684048847 0.6875598461596997
1 0.621972419220267 0.6602187119521103 0.63065914413304 0.6492822820490057 0.6444558152874696 0.6376623376623377 0.6521205865063714 0.626725907759233 0.6577414503375303 0.6130553802886567 0.6643842678625607 0.6041695334694602 0.673071052032767 0.6103212430879668 0.6786918566064927 0.6246753246753247 0.6827797898968446 0.638345852145901 0.6868676639297634 0.6540670023336039 0.680224846404733 0.6656869070870536 0.668983118742415 0.6779904055905033 0.660296393829642 0.685509223442573 0.6505876559655643 0.6814080572747565 0.645477768981341 0.6779904055905033 0.6332140876251517 0.67252221045556 0.629126213592233 0.6697880732548701
1 0.8251916385391384 0.04367737708153663 0.8211037052487864 0.059398497544325794 0.8211037052487864 0.0812713623046875 0.818548821014108 0.09835953155121246 0.6139499108768204 0.015447710706042004 0.6154829006750607 0.021599450049462256 0.6251916385391384 0.01818181818181818 0.6338783634519114 0.006561863886845576 0.8420541707751821 0.09630895837560877 0.8379662967422633 0.08605605286437196 0.8328564097580401 0.07375256426922687 0.8277465227738168 0.06008202193619369
1 0.528972914612409 0.5182501854834618 0.43510475529050363 0.4997949377282873 0.4458354764771693 0.4915926053926542 0.45196728752654736 0.4792891465224229 0.45963208837416564 0.4574162867162135 0.4713847632547027 0.45468214951552355 0.483648444610892 0.4587833156833401 0.48415942145782764 0.46766916250253654 0.48109350111878035 0.48544085614092936 0.5805825242718446 0.5025290352957589 0.5805825242718446 0.5203007685673702 0.580071547424909 0.5373889080889813 0.5739397067468143 0.5483253776253044 0.563208955931432 0.5537935727602475 0.5550332078655946 0.5531100582766842 0.5443025163076456 0.5339712960379465 0.5340827423391991 0.5244018951019683
1 0.5698518327138956 0.5619959050958807 0.582115514070085 0.5531100582766842 0.5948901130157767 0.5606288364955357 0.609197761017142 0.4818181818181818 0.616351555389108 0.4975392923726664 0.5250383395593143 0.6132604425603693 0.538323974609375 0.6289815531148539 0.5495656430142597 0.6412850119850853 0.5592743808783374 0.648803829837155 0.559785357725273 0.6706766500101461 0.5592743808783374 0.6877649084314124 0.5587634040314017 0.6946001325334822 0.5449667921344054 0.6788789823457793 0.534747077423392 0.6597402597402597 0.5250383395593143 0.640601497501522 0.514307588743932 0.6310321361987622 0.5030659203390473 0.624196872463474 0.3913132454585103 0.6187286376953125 0.383648444610892 0.603007527140828 0.580071547424909 0.585235833502435 0.5764945909814927 0.575666432566457
1 0.5918242519341627 0.5421736283735795 0.605620863831159 0.4312371984704748 0.6183955220342839 0.4230348661348417 0.629126213592233 0.42098428305093344 0.638323974609375 0.42508544921875 0.6495656430142597 0.43670539360541805 0.6613183475235134 0.4408065597732346 0.6700051316937197 0.4469583090249594 0.674603982573574 0.4633629340630073 0.678180879759557 0.4784005301339286 0.6832907667437803 0.4948051948051948 0.5858457102358919 0.6057416247082995 0.583801743590716 0.6159945401278409 0.5735820288797027 0.6248803869470373 0.565406221556432 0.635816816850142 0.5572304734905946 0.6385509144176137 0.547521735626517 0.6303485820819805 0.5362800079641991 0.6159945401278409 0.5275932830514259 0.603007527140828 0.6194174757281553 0.48796993106990666 0.6132856350500607 0.4736158494825487 0.605620863831159 0.462679419579444 0.5984670694591929 0.5558441558441558 0.5943791954262743 0.5503759210759943
1 0.6323454329111043 0.5064251391918628 0.13592233009708737 0.38591934798599836 0.14256514762211772 0.3797675987342735 0.16044969280946603 0.3715652663986404 0.17118038436741506 0.3619959050958807 0.1870209629095874 0.35311005827668424 0.8003065979596481 0.4408065597732346 0.8110372895175971 0.43397129603794643 0.8202350505347391 0.4387559766893263 0.8273888449067051 0.45447708724381086 0.8324987318909284 0.4681476543476055 0.8381195957220874 0.47566643256645696 0.842207469755006 0.48728641658634336 0.8411855160611347 0.4989063609730114 0.7330097087378641 0.41189337396002434 0.7243229245676578 0.4173615690949675 0.7120593024689017 0.42761448451450895 0.6997956211127124 0.5330827192826705 0.6890648702973301 0.5378673999340503 0.6839550425705401 0.5365003313337053 0.6742463047064624 0.5296650675984172 0.6609606696564017 0.5276144845145089 0.6492079651471481 0.5221462893795658 0.6405211809769418 0.5173615690949676
1 0.660296393829642 0.6978127219460227 0.6700051316937197 0.6861927379261363 0.683801743590716 0.6738892394226866 0.689422607421875 0.6656869070870536 0.6960654249469054 0.660902266068892 0.3226366950470267 0.5704716670048702 0.3394992272830704 0.5738892394226867 0.347675034606341 0.5793575138240665 0.5568727363660497 0.7080655977323458 0.5665814742301274 0.7258372913707386 0.574757281553398 0.7429254705255682 0.5578947493173544 0.750444288377638 0.545631067961165 0.7627477868810877 0.53285640975804 0.7771018288352273 0.5231476718939624 0.7825700239701705 0.5078180701987257 0.7798359660359172 0.692999504607858 0.771633633700284 0.67664794921875 0.7641148158482143 0.6643842678625607 0.763431301364651 0.6531425402002428 0.7613807579139611 0.649054666167324 0.7470266366933848 0.6526315633533071 0.7265208851207386 0.656719496643659 0.7128502783837256
1 0.5415431939282463 0.7812029950030438 0.5507409549453883 0.7695830109831575 0.561982623350273 0.7600136496803978 0.5722023380612864 0.7511278028612013 0.5834440657236044 0.750444288377638 0.5870209629095874 0.7661654385653409 0.591108836942506 0.784620646687297 0.5875319397565231 0.7928229790229302 0.5696473945691748 0.7948735224736201 0.556361759519114 0.799658203125 0.44920796514714806 0.8017088258421267 0.5440981374203581 0.7935064935064935
1 0.7370975827707827 0.42009570629565746 0.7462953437879247 0.4050581102247362 0.8544711511111954 0.4920710972377232 0.8677567861612561 0.4907040286373782 0.8861522489381068 0.4941216803216315 0.7927950664631371 0.4091592763925528 0.7933061025675061 0.4296650675984172 0.7907511590753944 0.4501708984375 0.7907511590753944 0.473410787210836 0.7938170794144418 0.49186603496601056 0.9019928274802791 0.6075871455204951 0.9147674856834042 0.628092976359578 0.9214103032084344 0.6465481844815341 0.920388349514563 0.6581681288682021 0.906080760770631 0.6574846143846388 0.7933061025675061 0.6588516829849838 0.7810424212113167 0.6424470183137175 0.7718446601941747 0.6362952690619927 0.7718446601941747 0.6198906440239448 0.7677567861612561 0.49528364701704547 0.7534491381598908 0.4822966340300325 0.7462953437879247 0.4693096210430195 0.7432294234488774 0.4385509144176136 0.7386305725690231 0.42761448451450895
1 0.8035258172785195 0.5262474555473823 0.8137455319895328 0.5173615690949676 0.8229432930066748 0.511209859476461 0.8367399049036711 0.5118933739600243 0.8484926094129247 0.515994540127841 0.8694430156818871 0.522829803863129 0.8796627303929004 0.5282979989980723 0.8842616405301881 0.561790842824168 0.8868165840222998 0.5857142857142857 0.9898824451039139 0.6000683673016437 0.9924373885960255 0.6164729923396916 0.9941747572815534 0.6308270739270495 0.9077669902912622 0.43971292074624596 0.9203946900599211 0.43961463036475246 0.9324513259443264 0.45064935064935063 0.9362586752882281 0.4591375970221185 0.9330858545395935 0.4701722776734984 0.9222983943605886 0.4829046868658685 0.9096072298809162 0.4964858810622971 0.8981851818492111 0.7032764781605113 0.8912050117566748 0.7092182109882306 0.8797829637249697 0.7032764781605113 0.8645535663493629 0.7041252631645698 0.8531315183176578 0.7015788288859578 0.942344058138653 0.6896952839640828 0.9296528936589806 0.6778117390422078 0.9264801321677791 0.6667769791243913 0.9252110157198119 0.6387658057274757 0.9118852633874394 0.6031151709618506 0.8004632153557342 0.5742551729276583 0.7985595703125 0.4487904338093547
1 0.947046135467233 0.09398183451070415 0.9552953627503034 0.20671420406985594 0.9673519986347088 0.22199304754083807 0.9844850410535497 0.2508530653916396 0.9933688561893204 0.2584924871271307 0.9941747572815534 0.2151226489574878 0.9941747572815534 0.09398183451070415 0.9736975808745449 0.09228418523615056 0.9622755328428398 0.09228418523615056
1 0.9362586752882281 0.3501655083198052 0.9571990670509709 0.3255496136553876 0.9749666973225122 0.31196841945895903 0.9889269782501517 0.3051778223607447 0.9941747572815534 0.3127341926871956 0.9941747572815534 0.3620490532416802 0.9941747572815534 0.39854851264458196 0.7961165048543689 0.529955024223823 0.7961165048543689 0.5562685483461851 0.7844850410535498 0.5656056193562297 0.7756012259177791 0.5774891642781047 0.7705247601259102 0.5936168323863636 0.764179177886074 0.5995586048473012 0.8533917177070691 0.6038027280336851 0.7400659653746966 0.5995586048473012 0.7375277324787621 0.5825821121017655 0.7362586752882282 0.5622103208071225 0.7318167380916262 0.5418385691456981 0.7242020394038228 0.5180714793019481 0.7356240874355279 0.5027926358309659 0.9400659653746966 0.38411849381087665 0.9394314367794296 0.3654443517907873
1 0.9838505124582828 0.2763178045099432 0.9889269782501517 0.26698073349989854 0.9941747572815534 0.26698073349989854 0.9941747572815534 0.2873525247945414 0.9941747572815534 0.3026313484489144 0.9882923903974514 0.2932942972554789
1 0.8848594295168386 0.519930396141944 0.8937432446526092 0.508046851220069 0.8057998805370146 0.6021050787591314 0.8159528121207524 0.6063492019455154 0.829913093048392 0.6071980265827922 0.8362586752882282 0.6071980265827922 0.842604198270631 0.6114421497691761 0.842604198270631 0.6267209932401583 0.8432387861233314 0.6386045381620333 0.8324513259443265 0.6428486613484172 0.8216638065078884 0.6462439598975244 0.8077035255802488 0.6487904338093547 0.8975505939965109 0.5504880830839083 0.8905704831614077 0.5445463106229708 0.886763133817506 0.536058064250203
1 0.8533917177070691 0.6139886236810065 0.8648137657387742 0.6105933251318993 0.8775049302184466 0.6165350975928369 0.8787740466664138 0.6326627657010958 0.8679865272299757 0.6377557135247565 0.8591027120942051 0.6394533627993101 0.8552953627503034 0.6250233439656047
1 0.8724284644265776 0.6029539033964083 0.7825813960103155 0.5868262352881494 0.7895615068454187 0.5749426903662743 0.7961165048543689 0.5693628484552556 0.8961165048543689 0.6012562541218547 0.8946380318947209 0.6173839222301136 0.8863887453542172 0.6173839222301136 0.8787740466664138 0.6114421497691761
1 0.8686211150826759 0.6530345569957386 0.8667174107820085 0.6453951352602476 0.8775049302184466 0.6411510120738636 0.8838505124582827 0.636058064250203 0.8863887453542172 0.6284186425147118 0.8961165048543689 0.6284186425147118 0.8961165048543689 0.6547322062702922 0.8959070890852548 0.6632204526430601 0.88511962890625 0.6572786801821225 0.8756012259177791 0.6538833816330154
1 0.8597372999469053 0.6606739787312297 0.8667174107820085 0.6606739787312297 0.8775049302184466 0.6640692772803368 0.8901960946981189 0.6700110497412743 0.8952725604899878 0.6835922439377029 0.8961165048543689 0.6926237032010958 0.9920997397413531 0.4124522419718953 0.9844850410535497 0.4226381376192167 0.9743321094698119 0.42688226080560066 0.9629100614381068 0.429428734717431 0.9578335956462378 0.40990576806006496 0.8559299506030036 0.6912316260399757 0.8571990670509708 0.6776505111099838
1 0.9489497805104672 0.46677697912439126 0.9552953627503034 0.4523469999239042 0.9603718285421723 0.4421611042765828 0.9654482943340412 0.4379169810901989 0.9800431631143811 0.43452168254109175 0.9863887453542173 0.4302775593547078 0.9941747572815534 0.4203268472250406 0.9941747572815534 0.43367285790381493 0.9941747572815534 0.4778117390422078 0.9941747572815534 0.8041252631645698 0.9768703423657463 0.49309058251318993 0.9648137657387743 0.48375347186992695 0.9546608341550364 0.4752652254971591
1 0.42151785544978765 0.8755878398944805 0.4348436077821602 0.8628554307021103 0.44499653936589806 0.8518207500507305 0.45388029524423545 0.8535183993252841 0.46212958178473906 0.8670995935217126 0.46593693112864076 0.8823784369926948 0.46974428047254246 0.8951107669186282 0.6672060475766081 0.801052579012784 0.6526111787962682 0.8078431761109984 0.646265596556432 0.8078431761109984 0.4367472528253944 0.8993549297382305 0.428498025542324 0.8925643326400162 0.4227869718977549 0.8857737355418019
1 0.5444761405870753 0.8935744248427354 0.5393996747952063 0.8808420156503652 0.5387651461999393 0.8664120364498783 0.5463798448877427 0.8553772765320616 0.5552636600235134 0.8451913808847402 0.563512946564017 0.8417960823356331 0.5711276452518204 0.8434937316101867 0.5768386396389563 0.8485866794338474 0.580645988982858 0.8579237900771104 0.5850878669220267 0.8706561200030438 0.5907989205665959 0.8782955813717532 0.6003172642976335 0.9867838277445211 0.6100875113774272 0.9974025974025974 0.5819151054308253 0.8935744248427354 0.564147475159284 0.8952720741172889 0.5508217820843446 0.8944232098467938
1 0.005996573550029866 0.8443425958806818 0.016784060580059164 0.8587725750811688 0.024398755564272984 0.8774467171012581 0.03201345425207638 0.885934963474026 0.037724474564339354 0.8944232098467938 0.032648012476059994 0.8969697233918426 0.011073037490104009 0.8944232098467938 0.004727457102062633 0.8944232098467938 0.004727457102062633 0.8774467171012581 0.004727457102062633 0.8596214393516639
1 0.5895298041186287 0.8587725750811688 0.5977790314016991 0.8384007837865259 0.6034900850462682 0.926517238864651 0.6092010794334042 0.923970804586039 0.6256995932569781 0.9222731553114853 0.640294462037318 0.923970804586039 0.65235103866429 0.9248195895900974 0.6675804360398968 0.9299125374137581 0.6796370126668689 0.9434937316101867 0.6872517113546723 0.9519819779829546 0.6980392307911104 0.9647143871753247 0.6145377446146845 0.8664120364498783 0.6304016705855583 0.850284328708401 0.6494384173050668 0.8392496480570211 0.6633986982327064 0.8417960823356331 0.6760898627123786 0.8528308422534496 0.6849736778481492 0.8647143871753247 0.6951266094318871 0.874051418552151 0.6982993709230886 0.885934963474026 0.6951266094318871 0.8944232098467938 0.6748207462644114 0.8969697233918426 0.6707531975310983 0.9969697233918425 0.6536201551122572 0.9969697233918425 0.6428326949332525 0.9969697233918425 0.6357129143279733 0.9974025974025974 0.6206231274651092 0.9974025974025974 0.6072974343901699 0.9825396649249188 0.596509974211165 0.874051418552151
1 0.6513420623483009 0.8205755060369319 0.6602258774840716 0.8112383953936688 0.672282513368477 0.8052966625659497 0.6811663285042475 0.8044478775618913 0.6887810271920509 0.8103896103896104 0.6944920215791869 0.8248195895900974 0.7021067202669903 0.9485866794338474 0.700837603819023 0.9630167379007711 0.6887810271920509 0.8511331929788961 0.6754552748596784 0.8426449466061282 0.6646678146806736 0.8358543495079139 0.6564185281401699 0.8333078359628653
1 0.6989339587757888 0.8171802074878247 0.705279541015625 0.9010525790127841 0.7078177739115594 0.8891690340909091 0.7154324725993628 0.8679483785257711 0.7236816998824332 0.8552160485998377 0.73891109725804 0.8467278022270698 0.7598514890207828 0.8467278022270698 0.7738117699484224 0.8509718857802354 0.7788882357402913 0.8670995935217126 0.7788882357402913 0.8891690340909091 0.7801573521882585 0.9129360446682224 0.7807919400409588 0.9299125374137581 0.7757154742490898 0.9417960823356332 0.7585823725728156 0.9443425958806818 0.7477949123938107 0.9528308422534497 0.7351037479141384 0.9587725750811689 0.7230471712871662 0.9613190886262175 0.7109905354027609 0.9630167379007711 0.7084523025068264 0.9536796272575081 0.7071831860588592 0.9409472973315747 0.7033758367149575 0.9282148881392045
1 0.5900501436400182 0.7499617935775162 0.5976648423278216 0.7448688457538555 0.705914069610892 0.7508106578480114 0.7186052340905643 0.7550547414011769 0.7243162877351335 0.758450039950284 0.7268545206310679 0.7737288834212662 0.7211434669864988 0.7907053761668019 0.7173361176425971 0.7957983239904627 0.705279541015625 0.7915541611708604 0.5995684873710558 0.7856124283431413 0.5944920215791869 0.7711824491426542 0.5932229051312197 0.7601476892248377
1 0.722412583434466 0.8042865703632305 0.7268545206310679 0.7898565118963068 0.7319309864229369 0.7754265326958198 0.7363728643621056 0.7720312341467127 0.7528713781856796 0.7711824491426542 0.7712735370524879 0.7703335848721591 0.7858684058328277 0.7686359355976056 0.7991940989077669 0.7660895013189936 0.8080779140435376 0.7677871505935471 0.8118852633874393 0.7754265326958198 0.8049051525523362 0.7966471089945211 0.7979249824597997 0.8144724660105519 0.7915794002199636 0.8280536602069806 0.782061056488926 0.8390883408583604 0.7738117699484224 0.8424836394074675 0.7579478439775486 0.8416348544034091 0.7433529751972088 0.8390883408583604 0.7363728643621056 0.8356930423092532 0.7287581656743022 0.8195654138342127
1 0.7249508163304005 0.7474153592989042 0.727489049226335 0.7227994051846591 0.727489049226335 0.6956370167918019 0.7351037479141384 0.6786605240462662 0.744622091645176 0.6684746283989448 0.7560441396768811 0.6599864216593953 0.7630243097694175 0.6633817202085024 0.7719081249051881 0.6786605240462662 0.7839647015321602 0.6820558225953733 0.7922139880726639 0.6769628747717127 0.7960213374165656 0.6693234926694399 0.9049051525523362 0.6676258433948864 0.915058084136074 0.6676258433948864 0.92076907852321 0.6710211419439935 0.9258455443150789 0.6820558225953733 0.9296528936589806 0.6913929332386364 0.8207690785232099 0.7075205617136769 0.8131543798354065 0.7244970544592126 0.8112507347921724 0.7414735472047483 0.8074433854482707 0.7567523906757305 0.7922139880726639 0.7592989042207792 0.7801573521882585 0.7609965534953328 0.7617551933214503 0.7626942027698863 0.7414493301539745 0.7660895013189936 0.7332001028709041 0.7635429877739448
1 0.8315565979596481 0.7024276138900163 0.937267592346784 0.699032315340909 0.8499587568264563 0.7066717767096186 0.8607462170054612 0.7143111588118912 0.8645535663493629 0.7236482694551543 0.8645535663493629 0.7448688457538555 0.8645535663493629 0.7652406370484984 0.8670917992452973 0.7728800984172078 0.8550352226183252 0.7805194805194805 0.8398058252427184 0.7796706955154221 0.8283837772110133 0.776275396966315 0.8188654334799758 0.7728800984172078 0.8137889676881068 0.7618453384993913 0.815692612731341 0.7482641443029626 0.8194999620752427 0.7312876515574269 0.8245764278671116 0.7185553216314935 0.8277492486157464 0.7109158602627841
1 0.8169617291793082 0.778821831244927 0.8245764278671116 0.7830659147980925 0.8258455443150788 0.7974959732650162 0.8239418992718447 0.9187165495637175 0.8220381949711771 0.9433325036779626 0.8207690785232099 0.9560648336038962 0.820134549927943 0.9704948920708198 0.8214036663759102 0.9832272219967533 0.8163272005840413 0.9874713848163555 0.8049051525523362 0.9569136978743913 0.7985595703125 0.8373906915838069 0.8010978032084345 0.9204141988382711 0.8068087975955703 0.9034377060927354 0.8118852633874393 0.7873100776176948
1 0.8334602430028822 0.7873100776176948 0.8524969897223907 0.7864612133471997 0.8639190377540958 0.7830659147980925 0.8721682650371663 0.781368265523539 0.8854940173695388 0.7924030254413555 0.8969160654012439 0.9017400568181818 0.9108763463288835 0.7034377060927354 0.9172219285687196 0.8991936225395698 0.9229329229558556 0.705135355367289 0.9273748601524575 0.7212630631087662 0.924836627256523 0.7450301529525163 0.9203946900599211 0.7637042949726055 0.9184910450166869 0.7832272219967532 0.913414579224818 0.9078431761109984 0.9115108749241505 0.9290637524096996 0.9102417584761833 0.9426449466061283 0.9045307640890473 0.9511331929788961 0.891839599609375 0.847737894429789 0.8696300321412318 0.8341567002333604 0.8524969897223907 0.8248195895900974 0.8404403538379854 0.8154825582132711 0.8226727828238775 0.9974025974025974 0.8283837772110133 0.9747389756239854 0.8283837772110133 0.940785990132914 0.8302874815116809 0.9153212510146104 0.8302874815116809 0.9008912718141234
1 0.9185097703655947 0.8781833400974026 0.9219566567430219 0.8920156503652598 0.930573931944023 0.8981633966619318 0.9386166470722087 0.8950895235135958 0.9443614774537318 0.8912472415280033 0.9340208183214502 0.8850994952313311 0.9259780439358313 0.8820257013494318
0 0.9725110692885316 0.8850994952313311 0.9776813988546723 0.8743410581118101 0.9941747572815534 0.8653738046621348 0.9941747572815534 0.7089218337814529 0.9941747572815534 0.7258280171976461 0.985724113982858 0.7127641950334821 0.9771068980392901 0.7012371905438312
1 0.6858509248900182 0.12066463123668324 0.6822815533980583 0.13880825290432225 0.6779983076077063 0.1464476746398133 0.6908481042361954 0.1598166527686181 0.9029840265662925 0.06650115174132508 0.9172615717915655 0.06268144087357955 0.9265419969280947 0.05695187457196124 0.9351084885087986 0.038808252904322244 0.9415334164517597 0.026394197538301543 0.9308252427184466 0.020664631236683238 0.9158338231947816 0.022574486670556008 0.6987007215185073 0.12161955399946733
1 0.9493860929915049 0.027349120301085633 0.9422472907501517 0.042627963772067776 0.9365362371055825 0.05886173000583401 0.9351084885087986 0.06936592002967736 0.9415334164517597 0.08177997539569805 0.9500999672898969 0.0846447635006595 0.9672330097087378 0.0846447635006595 0.9829383035307949 0.0836898407378754 0.9941747572815534 0.0846447635006595 0.9941747572815534 0.055042019138088476 0.993646477264108 0.024484342104428774 0.9793689320388349 0.022574486670556008 0.9608080817657767 0.025439264867212864
1 0.9179754460899575 0.9390374518060065 0.9236864404770935 0.9275782993861608 0.9329668656136225 0.9237586083350243 0.9451027879437197 0.9161191469663149 0.9508138415882889 0.7960656896814123 0.9550970873786407 0.7912910758674919 0.9643775125151699 0.7932009213930601 0.9700885069023059 0.9075248421012582 0.981510554934011 0.9142093014407467 0.9886493571753641 0.9237586083350243 0.9929326029657161 0.9466768339082792 0.9922187286673241 0.9667302911931818 0.9879354828769721 0.9762795980874595 0.977227309143659 0.982964057426948 0.9672330097087378 0.9886936732700893 0.9543832130802488 0.9944232098467938 0.9386779192581918 0.9925133643212256 0.9315391170168386 0.9886936732700893 0.9208309432835254 0.9810542119013799 0.9165476974931736 0.9667302911931818 0.9136922002996056 0.9552712180397728
1 0.9251713132395327 0.5653934231052151 0.9415905406174151 0.5625286548168629 0.9765705590109224 0.5501145796342329 0.9829954276964502 0.5482047341086648 0.9708595053663531 0.5405653123731737 0.9572958344394721 0.5319709678748985 0.9537264629475122 0.5310160451121144 0.945159912109375 0.5386554668476056 0.9365933612712378 0.5462948885830966 0.9280268696905339 0.5548892330813717
1 0.5357836084458435 0.01325984930063223 0.5333360394227852 0.033995415328384994 0.5325201830817657 0.046000220558860085 0.5455739437955097 0.06346174958464387 0.5537325664631372 0.08201462386490463 0.559443560850273 0.09401942661830358 0.8651546144948422 0.11038961038961038 0.8790242315496056 0.10056749814516538 0.5806559442316445 0.08092327861042765 0.5765766625265474 0.04163483458679992 0.572497321564017 0.01544254104812424 0.5733132371624696 0.004529084478105817 0.5569959918272148 0.008894467044186283 0.5472056564775486 0.00998581229866325
1 0.5831035132547027 0.007803121170440278 0.579840087890625 0.02963003431047712 0.5855511415351942 0.053639637340198866 0.5896304232402912 0.07655789759251978 0.5945255612864078 0.09074538590072037 0.7132903756447209 0.19074538590072038 0.7328709870866201 0.18856268548346186 0.7540833704679915 0.1918367460176542 0.7728481848263046 0.19511076691862825 0.6859019455400486 0.10165884835379464 0.9185363176956918 0.004932879163073255 0.9438280420395935 0.007115569672027191 0.9609610844584344 0.004932879163073255 0.9846210368628641 0.1994761677531453 0.9756465578542173 0.1732838618290889 0.9617769407994539 0.14818291602196632 0.9536183181318264 0.12308196030653916 0.9495390364267293 0.10671177653523234 0.9120094669675364 0.10671177653523234 0.7671371311817354 0.10562042632660308 0.7345027590260922 0.1045290860262784 0.7124745193037014 0.1045290860262784 0.5937097049453883 0.005620430042217304
1 0.9609610844584344 0.11107715755314022 0.9666720788455704 0.1285386915330763 0.980541755157767 0.149274256322291 0.9911478875910195 0.168918480811181 0.993595515871511 0.13072138204203024 0.9927796595304915 0.10343773581764915 0.9715672761491202 0.1045290860262784
