0 0.07330505222950166 0.02963003431047712 0.0847270928540276 0.04709156581333705 0.10512360508002123 0.15473097764052354 0.1230725334685983 0.16127905907568993 0.1230725334685983 0.17655790254667209 0.10186016490158525 0.16782714051085634 0.0822795164237902 0.059096363612583705 0.06759402821364913 0.051456946831244924
0 0.18589376801425972 0.1045290860262784 0.17936688765738773 0.1285386915330763 0.17855103131636832 0.14381752509575385 0.18670963916963743 0.14818291602196632 0.19405237586752883 0.13181272234235492 0.19976339988338138 0.11762522908000203 0.20629028024025334 0.01216850404615526 0.2120013042561059 0.005620430042217304 0.20230889181488926 0.0012987012987012987
0 0.14918005489608616 0.14490887530438312 0.1695765671220798 0.15145694683124492 0.19160479203011227 0.15582232784915281 0.2128171605971253 0.059096363612583705 0.223423352287811 0.07437520708356585 0.2283185051482858 0.09183673610934963 0.2209757684503944 0.09838480763621145 0.21363303175250303 0.10493287916307326 0.21852818461297785 0.11366365110719359 0.2283185051482858 0.12785114436954648 0.2315819601410801 0.14203863763189936 0.22587093612522754 0.14422132814085328 0.21118544791508648 0.12457710365196327 0.20465856755821452 0.10929826018098113 0.20139512737977852 0.09620211712725751 0.18834135185167628 0.18528866458248783 0.17284000730051577 0.1831059641652293 0.15244349507452215 0.18528866458248783 0.14102146185717537 0.18856268548346186 0.13041527016648968 0.1929280863179789 0.11736150945274575 0.19729346733588676 0.10430774133182266 0.19729346733588676 0.09043811686988015 0.09074538590072037 0.08880639678066217 0.07655789759251978 0.10512360508002123 0.18092328356457996 0.12062494963118174 0.1831059641652293 0.13204699766288683 0.16782714051085634 0.13204699766288683 0.15800501835810674
0 0.43799462179535803 0.19551456996372768 0.4306518850974666 0.3227982161881088 0.4273884301046723 0.3457164417613636 0.4273884301046723 0.36426934576653813 0.42494086108161405 0.3817308698381696 0.5249408610816141 0.3057404753449675 0.5298359991277306 0.31883661839869115 0.53065185546875 0.33411548168628247 0.5257567174226335 0.35157700575791395 0.5257567174226335 0.3712212104301948 0.5282042864456917 0.3843173733005276 0.4061760763520176 0.42033176174411524 0.3955698846613319 0.3421586866502638 0.3865954056526851 0.3618028913225446 0.3923064296685376 0.3727163735922281 0.40862364537507584 0.43997600604961445 0.4192298370657615 0.41378368030894885 0.5339152808328277 0.39195679503601866 0.5526800951911408 0.3570337072595373 0.5559435205552185 0.34502892432274757 0.5543118078731796 0.3373895025872565 0.545337388121966 0.3461202646230722 0.5371787654543386 0.36249044839437905 0.5388104781363774 0.3428462437220982 0.5388104781363774 0.3133798970804586 0.4420739035004551 0.3795481892375203 0.4469690711752882 0.35444724343039774 0.44452150215222996 0.33589437905844155 0.4461532148342688 0.32607225690569197
0 0.5902096646503338 0.34066352348823054 0.4195806706993325 0.22211065911627434 0.4310027187310376 0.21228855678013392 0.43997713848225123 0.21119719666320008 0.43181857507205706 0.23629816228693182 0.42284409606341017 0.2777692918653612 0.5195806706993326 0.5050529182731331 0.5179488987598604 0.5159664005428165 0.5016317126820389 0.5137836803089488 0.4804193589293841 0.4006875570718344 0.5714449095494539 0.38104331276633524 0.5738924785725121 0.3570337072595373
0 0.004772783020167675 0.054730982594675834 0.03251203518469357 0.08856269539176644 0.039038915541565536 0.14967804945908583 0.06188300419779657 0.18569246762758726 0.06269886794599515 0.30315399169921875 0.04474993955741808 0.3086107130174513 0.03659133540773855 0.3195241754705256 0.020274128960174265 0.3184328351702009 0.01864240887095627 0.30315399169921875 0.027616871213450016 0.18023572649274552 0.023537570990405036 0.1507693996677151 0.005588643064776671 0.1540434403852983 0.004772783020167675 0.12239441314300933 0.004772783020167675 0.09074538590072037
0 0.01945826891556527 0.21527884347098214 0.03006445319907179 0.20436540083451704 0.03577547536312955 0.20982210233614043 0.03577547536312955 0.22728362640777192 0.029248593154462797 0.23710576837713068 0.02272171094579604 0.23274036754261362
0 0.017826548826347276 0.2873076599913758 0.025985151124232022 0.2578413133497362 0.033327895229302566 0.2414711295784294 0.04393407951280909 0.2283749667080966 0.06106714415318758 0.23274036754261362 0.06514644437623256 0.2534759521484375 0.08064779633457221 0.26002399395038556 0.09696499722675213 0.2578413133497362 0.11654564570454717 0.5534759521484375 0.1312311265075091 0.5458365304129464 0.14510075837663075 0.5491105513139205 0.15162763873350274 0.5611153738839286 0.15978624658677185 0.5774855576552353 0.16141795926881067 0.5905816808923499 0.14510075837663075 0.5982211026278409 0.2271518299880537 0.6047691840630073 0.21654565311172633 0.610225925197849 0.20267602124260467 0.6276874492694805 0.09941258106416868 0.6429662927404627 0.09206983695909815 0.6560624159775771 0.07901606883817507 0.6604278168120942 0.07004161205106568 0.645148973341112 0.05943542406396959 0.6396922322062703 0.039038915541565536 0.640783572506595 0.021905849049392256 0.6440576330407873 0.00966794467666774 0.640783572506595 0.005588643064776671 0.6386008919059456 0.0031410622365266373 0.6222307081346388 0.010483804721276737 0.6255047290356128 0.014563106796116505 0.6309614701704546 0.025985151124232022 0.6309614701704546 0.03659133540773855 0.6211393678343141 0.03251203518469357 0.6113172654981737
0 0.10722036269104597 0.7357306938666802 0.12272171464938562 0.7259085518973214 0.1414864993789821 0.718269090528612 0.13251203518469357 0.7444614162692776 0.1455657958984375 0.7728364226105925 0.15943542776755917 0.7728364226105925 0.17004160464388654 0.7564662388392858 0.17820021249715565 0.7444614162692776 0.18554296400940534 0.7411873953683036 0.005123605080021238 0.749918117770901 0.013282205526111195 0.7575575791396104 0.01736150945274575 0.7728364226105925 0.01572978936352776 0.7859325854809254 0.000970873786407767 0.7968459884841721 0.18554296400940534 0.7892066063818993 0.1765684850007585 0.7881152660815747 0.1651464369690534 0.7990286690848214 0.05290854370709762 0.8066681304535308 0.039038915541565536 0.8175816127232143 0.023537570990405036 0.8153988528561282 0.013747246751507508 0.8055767901532062 0.10640450635002655 0.7793844644125406 0.1145631067961165 0.7630142806412338 0.1145631067961165 0.755374898538961
0 0.3944031946867415 0.640783572506595 0.10419353003640777 0.6429662927404627 0.11072041039327973 0.6538797353769278 0.12051071611422937 0.6516970547762784 0.13193276414593447 0.6506057144759537 0.13927553047254249 0.6560624159775771 0.13030105146389562 0.6778893408837257 0.13030105146389562 0.6975335455560064 0.23274862048695388 0.8160864099279627 0.21153626673429915 0.820451850395698 0.20011421870259405 0.8051730069247159 0.3944031946867415 0.6898941634537338 0.3927714820047027 0.6713412990817776 0.39195562566368325 0.6560624159775771
0 0.15570695006731644 0.3599039449320211 0.1736558636415352 0.34353376116071427 0.30547443871359226 0.2348030189415077 0.32342333747345264 0.23043763792359984 0.3087378640776699 0.2500818425958807 0.18344619899120146 0.35881260463169645 0.1654972706026244 0.3675434063007305 0.1548910789119387 0.3708174272017045
0 0.39603490736878033 0.23916839995941558 0.20011421870259405 0.2348030189415077 0.21561557806811285 0.2555385837307224 0.2278534824408374 0.2653606860668628 0.2409072431545813 0.2697260670847707 0.24661826717043386 0.2762741485199371 0.23927553047254246 0.28937029157366073 0.23438036279770935 0.2915529919909192 0.22214245842498484 0.28282221013849435 0.21235212307531856 0.26754338648412135 0.2017459313846329 0.25335588331346387
0 0.6024475690230583 0.164956892930068 0.6114220480317051 0.14967804945908583 0.6220282397223907 0.1507693996677151 0.64160885116429 0.18241842691000407 0.6522150428549758 0.1976972703809862 0.5587419528405643 0.21406745415229303 0.5701640008722694 0.22061551577085026 0.5840336179270328 0.23152897822392451 0.5954556659587379 0.24789916199523132 0.6060618576494236 0.26317800546621345 0.6085094266724818 0.28282221013849435 0.6003508040048544 0.28937029157366073 0.5889287559731493 0.2664520263671875 0.5783225642824636 0.24680782169490664 0.5652688035687197 0.23807703984248174 0.5432406231037621 0.23043763792359984 0.5350820004361347 0.23152897822392451 0.5228440960634102 0.20970205331777597 0.6212123833813714 0.1922405292461445 0.6114220480317051 0.17587034547483765
0 0.00436485253491448 0.3162501347529424 0.01578689686303 0.3282549375063413 0.03373582339981227 0.3522645628297484 0.047605451565344355 0.37627412870332794 0.04842131160995335 0.38391359007203735 0.03373582339981227 0.3937356527749594 0.01578689686303 0.4002837738433442 0.00436485253491448 0.40464913504464284 0.0051807130424721725 0.34680782169490665
0 0.005996573550029866 0.4188366382153003 0.027208941191145516 0.4111971768465909 0.04189442754949181 0.41228855678013393 0.04597372777253679 0.43520682198660715 0.03944684741566482 0.4701298701298701 0.04189442754949181 0.49413947563666805 0.04842131160995335 0.5159664005428165 0.03128824326598528 0.5061442585734578 0.007628294102196555 0.490865454735694 0.0051807130424721725 0.4483029452237216
0 0.4094966258817506 0.5174615240716315 0.3127600512458283 0.39672597909902596 0.3274455542703277 0.38581249682934254 0.3486579080229824 0.3759903944932021 0.36579098007054006 0.3759903944932021 0.37802888444326455 0.3825384759283685 0.3918985014980279 0.3879952170632102 0.40495226221177183 0.49781731939935064 0.31719016658449634 0.5196442046722809 0.31963776523627124 0.542562469878754 0.30332054952973303 0.5632980544845779 0.3025046931887136 0.5873076599913758 0.4082157172045661 0.616773966999797 0.41719016658449637 0.637509551605621 0.4310598132679763 0.6593364765117695 0.4237170469413683 0.6680671989143668 0.4082157172045661 0.676798000583401 0.1951619564908222 0.6506057144759537 0.17802888444326456 0.6396922322062703 0.1560006447208738 0.6331441507711039 0.1364200036502579 0.6396922322062703 0.1258138119595722 0.6320528104707792 0.11520764989760315 0.6396922322062703 0.1021538595551426 0.6331441507711039 0.39154769749317353 0.6320528104707792 0.3891000988413987 0.645148973341112 0.3866525298183404 0.6669758586140422 0.38746838615935986 0.6844373826856737 0.37604633812765476 0.6691585392146916 0.37278291276357706 0.6527883950766031 0.3752304817866353 0.6320528104707792 0.39073184115215415 0.6200480275339895 0.10541731454793689 0.6080432049639813 0.416839362579642 0.5993124429281655 0.4298931232933859 0.5862163196910511 0.4323406923164442 0.5632980544845779 0.423366242936514 0.5469278707132711 0.4070490272299757 0.5436538101790788 0.40623317088895633 0.5360143884435876
0 0.28012564946146845 0.033995415328384994 0.29562697919827063 0.04709156581333705 0.3127600512458283 0.054730982594675834 0.3258138119595722 0.07000982111150568 0.3274455542703277 0.08419731437385856 0.33152483597542476 0.11038961038961038 0.3339724346271996 0.12785114436954648 0.3331565782861802 0.14531266844117796 0.3307089796344053 0.1671395834390219 0.3307089796344053 0.17259630475725446 0.3217345302544751 0.18678380792791194 0.3127600512458283 0.18787514822823662 0.2980745778500455 0.17368766487418832 0.2874683861593598 0.16277420242111404 0.2874683861593598 0.13330786568777903 0.28012564946146845 0.10711556967202719 0.2744146254456159 0.09183673610934963 0.27359876910459646 0.07328385687493659 0.27686219446867416 0.054730982594675834
0 0.2474912328627503 0.14312997793222404 0.25238638572322514 0.11912037242542614 0.2678877450887439 0.10711556967202719 0.27523048178663534 0.11584634161614753 0.2809415058024879 0.14312997793222404 0.28502081713630156 0.164956892930068 0.2939952665162318 0.18241842691000407 0.30378560186589804 0.1911491889458198 0.31112833856378946 0.19878861068131087 0.20704902722997573 0.20424533199954342 0.39481112285725123 0.20097129128196023 0.28012564946146845 0.19005784864549513 0.26870360142976335 0.1813270667930702 0.26054500839085254 0.17150496445692978 0.2556498407160194 0.15950016170353085
0 0.30506651054308254 0.2871876109730114 0.317304414915807 0.27409144810267855 0.3287264629475121 0.2653606860668628 0.34667536170737256 0.25662992403104706 0.36788774508874394 0.25335588331346387 0.37686219446867414 0.25662992403104706 0.3842049311665655 0.24462512127764813 0.39073184115215415 0.22716359720601664 0.3972587215090261 0.2184328351702009 0.3988904341910649 0.2086107130174513 0.38338907482554613 0.2053366722998681 0.2711511704528216 0.194423229663403 0.2646242900959496 0.1911491889458198 0.2532022420642445 0.1911491889458198 0.2434119215289366 0.19551456996372768 0.23362160099362864 0.19878861068131087 0.33362160099362864 0.2151587944526177 0.3344374573346481 0.22388955648843345 0.3197519839388653 0.248990502295556 0.31077750493021844 0.26099530504895496
0 0.2618258874393204 0.6342355307046469 0.2691686537659284 0.6298701298701299 0.2814065581386529 0.6418749128069197 0.29201272020062197 0.6582450965782265 0.3075140795661408 0.6440576330407873 0.3083299359071602 0.6386008919059456 0.31567267260505155 0.6342355307046469 0.330358175629551 0.645148973341112 0.3368850263577063 0.6462403136414366 0.3434119363432949 0.6440576330407873 0.3442277926843143 0.6342355307046469 0.3319898883115898 0.6287787895698052 0.31485681626403217 0.6233220484349635 0.309961648589199 0.6189566872336648 0.3189361275978459 0.6080432049639813 0.330358175629551 0.6036778437626826 0.22709472063675668 0.3883990002917005 0.23443745733464805 0.3851249397575081 0.24259606518791718 0.38403359945718346 0.24993881670016688 0.38403359945718346 0.26217672107289136 0.3938557414265422 0.37278291276357706 0.602586503462358 0.37849390715071296 0.6156826266994724 0.36870360142976333 0.6320528104707792 0.3711511704528216 0.6593364765117695 0.37930979312044905 0.683346042385349 0.3866525298183404 0.6942595246550325 0.39481112285725123 0.7106297084263393 0.3711511704528216 0.7248172115969967 0.3589132660800971 0.7291825727982955 0.3442277926843143 0.7346392742999188 0.33851676866846175 0.718269090528612 0.32219955296192354 0.7095383681260146 0.3083299359071602 0.7160864099279627 0.3042506542020631 0.7248172115969967 0.08385412716171116 0.7237258712966721 0.0699844952925895 0.7237258712966721 0.06019417475728155 0.720451850395698 0.2585624620752427 0.6931681843547078 0.25937831841626213 0.6746153199827516 0.2650893424321147 0.6571537562779017
0 0.38338907482554613 0.7597402597402597 0.39644283553929005 0.7411873953683036 0.20133800321412318 0.8313652533989448 0.20786488357099514 0.8291825727982954 0.21928693160270024 0.8302739130986201 0.23152483597542475 0.8237258712966721 0.23886757267331615 0.8193605100953734 0.247842051681963 0.8248172115969967 0.25355307569781554 0.8346392742999188 0.247842051681963 0.852100877637987 0.23968345864305218 0.8706537420099432 0.23234069231644416 0.8837498256138393 0.2249979556185528 0.8892066063818993 0.2094966258817506 0.8837498256138393 0.39317941017521235 0.7695624017096185
0 0.08910009884139866 0.9692786278662744 0.09889043419106493 0.9747353293678978 0.20704902722997573 0.9791007698356331 0.23315657828618022 0.967095947265625 0.24702619534094356 0.9550911246956169 0.2519213630157767 0.9441776424259335 0.2641592673885012 0.9409036215249594 0.26497512372952065 0.9310815588220374 0.2715020040863926 0.9223507571530033 0.2959778128318416 0.9158027153510552 0.4131108848793993 0.8103459345829951 0.4065840045225273 0.9974025974025974 0.40005712416565536 0.9830623478084416 0.3829240521180977 0.8917930702110389 0.3706861477453732 0.8983411912794237 0.2576323870316293 0.9070719136820211 0.2486579080229824 0.9168940556513798 0.23968345864305218 0.9288987989549513 0.2258138119595722 0.9419949618252841 0.21520764989760316 0.9518171037946429 0.20460145820691747 0.9572738052962663
0 0.27313371676843146 0.9343555797230113 0.29353021418006675 0.9354469200233361 0.4106632862276244 0.83872094092431 0.42045362157729066 0.8398122812246347 0.4310598132679763 0.8398122812246347 0.44329771764070086 0.8256247780539773 0.4457452866637591 0.8070719136820211 0.42861221461620147 0.8081632539823458 0.4196377652362712 0.8158027153510552 0.40495226221177183 0.8190767362520293 0.29189850149802793 0.9201680765523539 0.2812923098073422 0.9256247780539772
0 0.008444154609754248 0.8896103896103896 0.016602756907638995 0.8743315461394074 0.028840663132158297 0.8765142267400569 0.04189442754949181 0.888519049310065 0.13863098737105584 0.9059805733816965 0.1337358196962227 0.9190767362520292 0.12639308299833132 0.929990139255276 0.11741861880404278 0.932172899122362 0.11089173844717082 0.9168940556513798 0.1043648506831197 0.9059805733816965
0 0.3294280709572209 0.5163701837713068 0.44411357398172024 0.49563459916548297 0.4571673346954642 0.4890865573635349 0.4767479757660801 0.49126923796418426 0.489801736479824 0.48035579532771916 0.4922493351315989 0.4705336533583604 0.48490659843370754 0.45525480988737826 0.4873541674567658 0.4410673463499391 0.5028554971935679 0.5388846261160715 0.521620311551881 0.5476154277851055 0.5363057849476638 0.5519807889864042 0.5444644076152912 0.5541634695870535 0.5542546837075243 0.5410673463499391 0.5599657373520934 0.5301538640802557 0.5770987797709345 0.5345192649147728 0.5860732587795813 0.5377932858157467 0.5836256897565231 0.5596202107218953 0.5746512107478762 0.5792644153941762 0.5681243600197209 0.5945432588651582 0.5550705993059769 0.40436540083451705 0.5403850666527609 0.40763942173549106 0.5208044552108616 0.41418750317065745 0.5036713535345874 0.4272836264077719 0.39877621548847086 0.5338317078429383 0.3800114307588744 0.5371057683771306 0.36451007139335556 0.53928844897778 0.34411357398172027 0.5403797892781047 0.33105981326797634 0.5403797892781047 0.3302439569269569 0.5272836264077719
0 0.29679366917286104 0.8029903263240665 0.40576811855279127 0.6909855037540584 0.4147425975614381 0.6855287229859984 0.43024395692695694 0.676798000583401 0.4384025499658677 0.676798000583401 0.4457452866637591 0.6964422052556818 0.44737699934579794 0.7193605100953734 0.44329771764070086 0.7368220341670049 0.42534878925212377 0.7324565936992695 0.4106632862276244 0.7237258712966721 0.4016888368476942 0.714995069627638
0 0.24457859668916868 0.8750191032112419 0.24947376436400182 0.8597402597402597 0.2600799560546875 0.843370075968953 0.27639717176122575 0.8444614162692776 0.2796605971253034 0.858648919439935 0.27721302810224513 0.8837498256138393 0.26171166873672636 0.8957546481838474 0.24621033899992414 0.8957546481838474 0.24213102766611044 0.8913892869825487
0 0.4889858801388046 0.8605478261972402 0.4995920718294903 0.8463603230265828 0.514277545225273 0.93872094092431 0.5232520242339199 0.9441776424259335 0.5305947905605279 0.9485430828936688 0.5395692103117415 0.9496344231939935 0.5444644076152912 0.9474517425933442 0.5436485512742718 0.9649132666649757 0.5477278329793689 0.9845574713372565 0.5420167793347997 0.9932881937398539 0.5265154495979976 0.9954709536069399 0.5134616888842536 0.9954709536069399 0.5012237845115292 0.9889228325385552 0.4922493351315989 0.8791007698356331
0 0.5199885988698423 0.9310815588220374 0.5371216412886832 0.9376296006239854 0.5452802639563107 0.9365382603236607 0.5501754020024272 0.9267161183543019 0.5624133063751517 0.932172899122362 0.5681243600197209 0.9452689827262581 0.5746512107478762 0.9518171037946429 0.5860732587795813 0.9561824649959415 0.5926001687651699 0.963821926364651 0.6023904448574029 0.9747353293678978 0.6089173548429915 0.9823747907366072 0.6236028282387742 0.9845574713372565 0.628498025542324 0.9692786278662744 0.6350248762704793 0.9332642394226867 0.6480786369842233 0.8917930702110389 0.6521579779467537 0.8677835043374594 0.6513420623483009 0.856870022067776 0.6325773072474211 0.863418063869724 0.6064697858199333 0.8645094041700487 0.576282923429915 0.8557786817674513 0.56486087539821 0.8481392203987419 0.5567023119880158 0.8448651994977678 0.5469119766383496 0.8677835043374594 0.5412009229937803 0.8819710075081169 0.5371216412886832 0.8983411912794237 0.5297788749620752 0.9059805733816965
0 0.728032973206159 0.903797892781047 0.7378233085558252 0.8808795879413556 0.7443501592839806 0.8699661849381087 0.7533246382926274 0.8776055670403815 0.7557722073156857 0.8961584314123376 0.7549563509746663 0.9223507571530033 0.7557722073156857 0.9452689827262581 0.7582197763387439 0.970369968166599 0.7516929256105886 0.9725526487672483 0.7435343029429612 0.963821926364651 0.7386391648968447 0.9463603230265828 0.7361915366163532 0.9354469200233361 0.7337439675932949 0.9245334377536526 0.7321122549112561 0.9158027153510552
0 0.765562542665352 0.8917930702110389 0.7761687343560376 0.8841536881087663 0.7875907823877427 0.8841536881087663 0.801460399442506 0.888519049310065 0.8112507347921724 0.8928844105113637 0.8194092982023665 0.8994325315797483 0.8047238248065838 0.9158027153510552 0.7933017767748787 0.9179853959517046 0.7786163033790958 0.9103459345829952 0.7704576807114685 0.9048892330813717
0 0.7688259680294296 0.9747353293678978 0.7900383514108009 0.9812834504362825 0.8096190221101335 0.9856488116375812 0.8243044955059162 0.9867401519379059 0.834910687196602 0.9834661310369318 0.8406216815837378 0.970369968166599 0.8479644479103459 0.9539997843952922 0.8610182086240898 0.9539997843952922 0.8757036820198726 0.9583651455965909 0.8659133466702064 0.9758266696682224 0.8569388676615595 0.9878314922382305 0.8495961605923847 0.9932881937398539 0.8373582562196602 0.9921968534395292 0.8210410108844053 0.9965622939072646 0.801460399442506 0.9965622939072646 0.7813576114987864 0.9974025974025974 0.7574039199977245 0.9965622939072646 0.7622991173012743 0.9834661310369318
0 0.8977319217422634 0.9463603230265828 0.908338113432949 0.9343555797230113 0.9156808205021237 0.9190767362520292 0.9238394431697512 0.9070719136820211 0.9328139221783981 0.895067091112013 0.9442359702101032 0.8852450284090909 0.9540262463023361 0.8808795879413556 0.9613690126289441 0.8797882476410308 0.9678959226145327 0.8961584314123376 0.9638165816520025 0.9059805733816965 0.945867682892142 0.9201680765523539 0.9377090602245146 0.932172899122362 0.9344456348604369 0.9430863021256087 0.9450518265511225 0.9518171037946429 0.970343491637591 0.9572738052962663 0.9711593479786105 0.9714613084669237 0.9613690126289441 0.9900141728388798 0.9238394431697512 0.9965622939072646 0.8716244003147755 0.9932881937398539 0.859386495942051 0.9954709536069399 0.8789671073839502 0.967095947265625
0 0.8536754422974818 0.7095383681260146 0.8683609156932646 0.680072021484375 0.876519538360892 0.6658845183137175 0.8830464483464806 0.6647931780133929 0.8887574427336165 0.705173006924716 0.8912050117566748 0.7390047147676542 0.8920208680976942 0.7673796418425325 0.8887574427336165 0.7815671450131899 0.8757036820198726 0.7837498256138393 0.863465777647148 0.7815671450131899 0.8495961605923847 0.7575575791396104 0.8528595859564624 0.7390047147676542 0.8536754422974818 0.7248172115969967
0 0.7745370216739987 0.7269998921976462 0.7867749260467233 0.7171777502282873 0.7965652021389563 0.7062643472250406 0.8055396811476031 0.7040816666243912 0.807171393829642 0.720451850395698 0.8136983038152306 0.7302739130986201 0.8210410108844053 0.7390047147676542 0.820225154543386 0.755374898538961 0.81451416015625 0.7619229403409091 0.7973811177374089 0.7651969612418831 0.7892224950697816 0.7586489194399351 0.7794321597201153 0.7510094580712257 0.7729052497345267 0.7422787356686282
0 0.7133474998103763 0.7859325854809254 0.7215060632205704 0.7586489194399351 0.7321122549112561 0.7542835582386364 0.7492453565875303 0.7608316000405844 0.7639308299833131 0.7651969612418831 0.7712735370524879 0.7750191032112419 0.7761687343560376 0.78702392578125 0.7786163033790958 0.8023027692522321 0.7778004470380765 0.8153988528561282 0.7680101116884102 0.8274036754261364 0.7582197763387439 0.8372258173954952 0.7402708775788835 0.8535960011668019 0.7312963985702366 0.8590527026684254 0.720690206879551 0.8535960011668019 0.7133474998103763 0.8448651994977678 0.7100840151888653 0.828495015726461 0.7092681588478459 0.8186729530235389 0.7092681588478459 0.8023027692522321
0 0.6798972120562803 0.7542835582386364 0.6945826854520631 0.7248172115969967 0.7100840151888653 0.6953508649553571 0.7215060632205704 0.648422994242086 0.7304805422292172 0.6342355307046469 0.7435343029429612 0.6298701298701299 0.7574039199977245 0.6396922322062703 0.7737211653329794 0.6364182113052963 0.782695585084193 0.6298701298701299 0.8006445431014867 0.6516970547762784 0.8063555374886225 0.6680671989143668 0.7981969740784284 0.676798000583401 0.7892224950697816 0.6822547020850244 0.782695585084193 0.6898941634537338 0.7720893933935072 0.7073556875253653 0.7647466863243325 0.7106297084263393 0.7484294409890777 0.7073556875253653 0.7427184466019418 0.7095383681260146 0.7321122549112561 0.7269998921976462 0.7239536322436286 0.7357306938666802 0.7125316434693568 0.7466440968699269 0.7060047334837682 0.7630142806412338 0.7035571644607099 0.7968459884841721 0.6953985417930825 0.8099421513545049 0.6798972120562803 0.8121248319551542 0.6750020147527306 0.8099421513545049 0.6741861584117111 0.7924806272828734 0.67581787109375 0.7772017838118912 0.6782654993742415 0.7662883015422078
0 0.720690206879551 0.5294663466416396 0.7361915366163532 0.5065480814351664 0.7508770692695692 0.4934519185648336 0.7671942553473908 0.49017789766385955 0.7761687343560376 0.4890865573635349 0.7843272977662318 0.5065480814351664 0.7867749260467233 0.5251009458071225 0.7851431541072512 0.5458365304129464 0.7778004470380765 0.566572075385552 0.776984590697057 0.5916730211926745 0.7810638724021541 0.6124086057984984 0.7745370216739987 0.6255047290356128 0.7680101116884102 0.6276874492694805 0.7541404946336469 0.6265961089691559 0.7443501592839806 0.6222307081346388 0.7386391648968447 0.609134545264306 0.7337439675932949 0.5993124429281655 0.7288488295471784 0.5916730211926745 0.7272171168651396 0.5676634156858766 0.7223219195615898 0.5458365304129464
0 0.7924859204338592 0.47599039449320213 0.8039079684655643 0.45416346958705356 0.8022762557835255 0.4377932858157468 0.8079872501706614 0.42142310204443995 0.8177775855203276 0.4083269788073255 0.8308313462340716 0.4050529182731331 0.8414375379247573 0.4072356385070008 0.8406216815837378 0.4268798431792817 0.8406216815837378 0.4410673463499391 0.8430692506067962 0.4487067680854302 0.8479644479103459 0.4410673463499391 0.8536754422974818 0.42797118347960633 0.8602023522830704 0.42142310204443995 0.8699926283753034 0.4159664005428166 0.8773353947019114 0.4159664005428166 0.8846781610285194 0.4236058222783076 0.8854940173695388 0.4312452440137987 0.8846781610285194 0.4421586866502638 0.8797829637249697 0.4639856115564123 0.8748878256788531 0.47926441539417614 0.8724402566557949 0.49126923796418426 0.8716244003147755 0.5 0.8650974903291869 0.5152788434709822 0.8536754422974818 0.5207355846058238 0.8365423998786408 0.5218269249061486 0.8161458728382889 0.5010913403003247 0.8006445431014867 0.4890865573635349
0 0.8895732990746359 0.4072356385070008 0.900995347106341 0.29413947563666804 0.9116015387970267 0.28650005390117694 0.9164966768431432 0.28322603300020294 0.9295504375568872 0.27340389103084417 0.9401566292475728 0.26794718952922075 0.9507628209382585 0.2526683460582386 0.9613690126289441 0.259216427493405 0.9540262463023361 0.2777692918653612 0.945867682892142 0.28977407480215095 0.9393407729065534 0.4083269788073255 0.9303662938979066 0.4246971625786323 0.9230235868287318 0.43233658431412336 0.9099698261149879 0.43888462611607143 0.8977319217422634 0.4410673463499391 0.8920208680976942 0.4246971625786323
0 0.29562697919827063 0.44502892432274754 0.30052214687310375 0.4242933397169237 0.3021538595551426 0.4155626173143263 0.3127600512458283 0.42756740025111606 0.316839362579642 0.43848084288758116 0.316839362579642 0.45594236695921264 0.30704902722997574 0.47449527096438715 0.2988904341910649 0.4766779515650365 0.2939952665162318 0.47449527096438715 0.2948111228572512 0.4624904483943791
0 0.34294688400712986 0.8055767901532062 0.36252752507774577 0.8044854498528815 0.27802888444326457 0.8946633078835228 0.2837399084591171 0.8772017838118913 0.2861874774821754 0.8531922179383117 0.2861874774821754 0.8400960550679789 0.28945093247496967 0.820451850395698 0.29679366917286104 0.8248172115969967 0.41800602292551575 0.7390047147676542 0.43677083728382887 0.7444614162692776 0.4490087416565534 0.7379133744673295 0.45553562201342535 0.7139037293273133 0.46369421505233616 0.7073556875253653 0.47511626308404126 0.6997162261566559 0.4881700237977852 0.7008075664569805 0.49306519147261835 0.7139037293273133 0.489801736479824 0.7357306938666802 0.4857224547747269 0.7488267774705762 0.48001143075887437 0.7542835582386364 0.46695767004513045 0.7651969612418831 0.4571673346954642 0.7761104435115666 0.4457452866637591 0.7913892869825487 0.4375866936248483 0.916490193156453 0.4335073822910346 0.9263123351258117 0.409847429886605 0.931769036627435 0.39597781283184164 0.828495015726461 0.38455576480013653 0.821946973924513 0.3649751237295206 0.821946973924513 0.34784205168196297 0.8230383142248376 0.3437627403481493 0.8164901931564529
0 0.36334338141876515 0.8350431367948458 0.3763971717612257 0.8481392203987419 0.3878192197929308 0.8623267235693993 0.39108264515700847 0.8448651994977678 0.3870033338231948 0.8339517964945211 0.37802888444326455 0.8306776963271104
0 0.576282923429915 0.7084470278256899 0.5819939770744842 0.683346042385349 0.5909683968256978 0.6713412990817776 0.6007587321753641 0.6615191571124188 0.6105490675250304 0.6571537562779017 0.6178918338516384 0.6615191571124188 0.6219711155567355 0.6888028231534091 0.628498025542324 0.711721048726664 0.6333931635884406 0.7324565936992695 0.6350248762704793 0.7488267774705762 0.6252345409208131 0.7662883015422078 0.6121807802070691 0.7586489194399351 0.5966794504702669 0.7390047147676542 0.5868891151206007 0.7291825727982955 0.5811781207334648 0.7215431906960227
0 0.3943461001498028 0.0034377386043598127 0.38455576480013653 0.0034377386043598127 0.3804764534663228 0.019807923304570187 0.3796605971253034 0.03508676305993811 0.3763971717612257 0.04163483458679992 0.3796605971253034 0.053639637340198866 0.3943461001498028 0.06891847585702872 0.4082157172045661 0.07110116636598265 0.41719016658449637 0.07874058810147372 0.4220853342593295 0.09511076691862824 0.42861221461620147 0.10384153886274858 0.4351390949730734 0.10493287916307326 0.4424818612996814 0.10602422937170251 0.4490087416565534 0.09183673610934963 0.4571673346954642 0.06673578534807478 0.46043076005954187 0.04054348933232295 0.4612466460292779 0.023081960306539164 0.4579831910364836 0.007803121170440278 0.4539038797026699 0.002346393040248326 0.43921840630688713 0.0034377386043598127 0.4196377652362712 0.0034377386043598127
0 0.6387533539707221 0.1376732467056869 0.6518071146844661 0.12348575344333401 0.6599657373520934 0.10493287916307326 0.5738353544068568 0.09074538590072037 0.585257402438562 0.06891847585702872 0.5966794504702669 0.051456946831244924 0.6032063604558556 0.03181272481943106 0.6113649238660498 0.01544254104812424 0.621155259215716 0.01653388630260121 0.6350248762704793 0.02089926979758523 0.641551786256068 0.03072137956495409 0.6301297382243629 0.07110116636598265 0.6227869718977549 0.09620211712725751 0.5219711155567355 0.1267597941609172 0.5219711155567355 0.1376732467056869 0.5048380731378944 0.13112517517882508 0.6983111631523058 0.14422132814085328 0.500758732175364 0.16168285221248477 0.500758732175364 0.1704136241566051 0.6852574024385619 0.17696168577516233 0.6730194980658374 0.1780530458920962 0.6713877853837985 0.1704136241566051 0.6738353544068568 0.15950016170353085 0.6664925880802488 0.16277420242111404 0.6534388273665048 0.164956892930068 0.6444644076152912 0.15840882140320617 0.6387533539707221 0.14967804945908583
0 0.5023904448574029 0.1474953589501319 0.5113649238660497 0.164956892930068 0.5276821692013046 0.16604823323039267 0.5391041579755764 0.164956892930068 0.5333931635884406 0.15622613089425222 0.5236028282387742 0.1474953589501319 0.5154442648285801 0.14203863763189936 0.5089173548429915 0.1398559471229454
0 0.5472627806432039 0.1573174711945769 0.558684828674909 0.1474953589501319 0.5750020147527306 0.1376732467056869 0.5864240627844357 0.1300338348785004 0.5880557754664745 0.1398559471229454 0.5864240627844357 0.15513478068562297 0.5741861584117112 0.17587034547483765 0.5668434513425364 0.18350976721032874 0.5554214033108313 0.18678380792791194 0.5488944933252428 0.18350976721032874 0.5431834989381068 0.17477900517451297
0 0.01905033889326077 0.86014404296875 0.016602756907638995 0.8426825188971185 0.021497919027087756 0.8328604561941965 0.03455168344442127 0.828495015726461 0.04515786772792779 0.8317690366274351 0.05657991205604331 0.8350431367948458 0.06637023629494083 0.8339517964945211 0.07534470048922937 0.821946973924513 0.07534470048922937 0.8055767901532062 0.18350329352814018 0.7968459884841721 0.09410948521882585 0.8033941095525569 0.10308394941311438 0.8044854498528815 0.009610837177165503 0.7990286690848214 0.01613771753403747 0.7924806272828734 0.02429631798012743 0.7826584853135146 0.031639069492377124 0.7793844644125406 0.03571836601183252 0.7837498256138393 0.13245492583339655 0.8055767901532062 0.13000734199597996 0.8295863560267858 0.12837562931394114 0.8459565397980925 0.12266459789090943 0.8590527026684254 0.10471566950233237 0.8612353832690747 0.09900465289365898 0.8688748446377841 0.09900465289365898 0.8863363687094156 0.19166191619576758 0.9005238718800731 0.18350329352814018 0.9048892330813717 0.17452884414820996 0.9147113750507305 0.17208126031079338 0.9278074586546267 0.16555437995392142 0.9365382603236607 0.1565799157596329 0.9419949618252841 0.1459737240689472 0.9398122812246348 0.136999274689017 0.9310815588220374 0.1427102838905112 0.9125286151836445 0.049237171654562345 0.8939757508116883 0.04597372777253679 0.8765142267400569 0.03536754348903026 0.8688748446377841
0 0.1769764131712682 0.9365382603236607 0.1802398681640625 0.9223507571530033 0.19003018869937044 0.9092545942826704 0.10063637298287698 0.8994325315797483 0.3185852939642749 0.9059805733816965 0.32919148565496054 0.9092545942826704 0.32919148565496054 0.9256247780539772 0.33000734199598 0.9365382603236607 0.3226646052980886 0.9496344231939935 0.3128742699484223 0.963821926364651 0.30063636557569784 0.9758266696682224 0.18758260486195388 0.9878314922382305 0.17616055683024878 0.9889228325385552 0.16718610745031856 0.9801921101359578 0.16555437995392142 0.9692786278662744 0.17126538915541564 0.9550911246956169 0.17616055683024878 0.9529084440949676 0.18105572450508192 0.9463603230265828
0 0.36672105511415354 0.9267161183543019 0.37161622278898665 0.9092545942826704 0.3805907017976335 0.903797892781047 0.38956515117756374 0.9070719136820211 0.0026189118913076456 0.9016152121803978 0.2091457922481796 0.7961584314123377 0.21812025644246813 0.7830623478084415 0.22219955296192354 0.7732402058390828 0.23362160099362864 0.7961584314123377 0.04341192152893659 0.9059805733816965 0.04912296035914745 0.9147113750507305 0.04912296035914745 0.93872094092431 0.03933262500948119 0.9539997843952922 0.02954230447417324 0.967095947265625 0.021383696620904127 0.970369968166599 0.0009871843949104976 0.9692786278662744 0.3838541271617112 0.9660046069653003 0.37324793547102547 0.9594564858969156
0 0.24422779268431433 0.7983411912794237 0.25238638572322514 0.7928844105113636 0.261360864731872 0.7786969073407062 0.2646242900959496 0.7699661849381088 0.2744146254456159 0.7994325315797484 0.08420493116656554 0.9147113750507305 0.0939952665162318 0.9267161183543019 0.20296974552487865 0.9409036215249594 0.09154769749317354 0.9507257634943181 0.0744146254456159 0.963821926364651 0.06380843375493021 0.9812834504362825 0.050754673041186284 0.9943795340401785 0.04178020884689775 0.9856488116375812 0.04178020884689775 0.9714613084669237 0.04178020884689775 0.963821926364651 0.055649840716019416 0.9409036215249594 0.05809740973907767 0.9179853959517046 0.05320224206424454 0.9081632539823458
0 0.6407359299150486 0.21952417547052558 0.6505262060072815 0.20642803241680194 0.6676593076835559 0.2053366722998681 0.6913192600879854 0.20424533199954342 0.7051888771427488 0.21406745415229303 0.7141633561513956 0.23371165882457387 0.7125316434693568 0.24680782169490664 0.6970302544751213 0.24680782169490664 0.6839764937613775 0.24135108056006493 0.6701068767066141 0.24244244067699877 0.6578689723338895 0.24244244067699877 0.6464469243021844 0.24025974025974026 0.6407359299150486 0.2326203185242492
0 0.7590356326797634 0.2053366722998681 0.7533246382926274 0.22061551577085026 0.7500612129285498 0.23807703984248174 0.7467977283070388 0.24353378097732345 0.7533246382926274 0.2588126244483056 0.769641824370449 0.27190876750202925 0.7786163033790958 0.28609625085607754 0.7900383514108009 0.2839135702554282 0.7884066387287622 0.2697260670847707 0.7778004470380765 0.25335588331346387 0.7712735370524879 0.23698569954215706 0.7647466863243325 0.22388955648843345
0 0.7300154898930522 0.00998581229866325 0.7136983038152306 0.023081960306539164 0.7088031065116809 0.03836079882336901 0.8998286867604672 0.06127905907568994 0.7006445431014866 0.08092327861042765 0.7006445431014866 0.09620211712725751 0.7949334894569174 0.11366365110719359 0.7933017767748787 0.12239441314300933 0.8104348784511529 0.12130306293438008 0.8243044955059162 0.11038961038961038 0.8324630589161104 0.10602422937170251 0.7381741125606797 0.09183673610934963 0.7406216815837379 0.08310596911938159 0.7430692506067961 0.06018771382121297 0.7512278732744235 0.03072137956495409 0.7618340649651092 0.0034377386043598127 0.7422533942657767 0.006711775915963309
0 0.8389899689016991 0.11475499140751827 0.8398058252427184 0.10275018865411932 0.752043729615443 0.09183673610934963 0.7610182086240898 0.09074538590072037 0.8716244003147755 0.11366365110719359 0.8757036820198726 0.11802903212510146 0.8846781610285194 0.11257230089856432 0.787941586392597 0.0994761578448407 0.7977319217422634 0.09729346733588677 0.9075222570919296 0.0012987012987012987 0.9132332514790655 0.012572300898564327 0.9132332514790655 0.019120372425426135 0.9173125331841626 0.025668453860592532 0.9171723300970874 0.04082792207792208 0.9173125331841626 0.057317471194576905 0.918128389525182 0.0736876648741883 0.908338113432949 0.07696168577516234 0.8920208680976942 0.16932228385628043 0.8797829637249697 0.16168285221248477 0.8618340649651092 0.15513478068562297 0.8504120169334042 0.14312997793222404 0.8455168196298544 0.13112517517882508
0 0.9230235868287318 0.23411548168628246 0.9303662938979066 0.21774527809836647 0.942604198270631 0.20355779474431818 0.9638165816520025 0.20137509432705966 0.9776861987067658 0.20574047534496753 0.9899241030794903 0.22429335953353288 0.9941747572815534 0.22889519233208197 0.9941747572815534 0.25048566545758927 0.9882923903974514 0.2657644692953531 0.9801338269872573 0.27340389103084417 0.9687117789555522 0.27886063216568585 0.9613690126289441 0.2810433127663352 0.9646324379930219 0.2635817886947037 0.9638165816520025 0.24612026462307224 0.9532103899613168 0.2428462437220982 0.9442359702101032 0.2526683460582386 0.9344456348604369 0.26139910809405437 0.9230235868287318 0.25703370725953734 0.9189443051236347 0.24393758402242288
0 0.8887574427336165 0.4628942316228693 0.8952843527192051 0.4519807889864042 0.9099698261149879 0.44979810838575485 0.9230235868287318 0.4410673463499391 0.9344456348604369 0.429062523779931 0.9434201138690838 0.4246971625786323 0.9548421026433556 0.4126923400086242 0.9678959226145327 0.29741349653764204 0.9752386296837076 0.28759139420150165 0.9817655396692961 0.2843173733005276 0.9866606777154127 0.290865454735694 0.9817655396692961 0.41050965940797485 0.9646324379930219 0.4356106052150974 0.9491311082562197 0.46180289132254465 0.9401566292475728 0.48799521706321025 0.9262870121928095 0.5207355846058238 0.9156808205021237 0.5469278707132711 0.9050746288114381 0.566572075385552 0.8920208680976942 0.5785768979555601 0.8830464483464806 0.5731201568207184 0.8805988200659891 0.5534759521484375 0.8789671073839502 0.5272836264077719 0.8757036820198726 0.507639421735491 0.8838623046875 0.48799521706321025 0.8871257300515777 0.47599039449320213
0 0.9050746288114381 0.5938557414265422 0.914049107820085 0.5720288165203937 0.9271028685338288 0.5545672924487621 0.9368932038834952 0.5523845722148945 0.9401566292475728 0.5698461359197443 0.9417883419296117 0.5862163196910511 0.9409724855885923 0.5993124429281655 0.9262870121928095 0.6156826266994724 0.9205760178056736 0.6244133887352882 0.9067064007509102 0.6418749128069197 0.8961002090602245 0.6495143345424107 0.8920208680976942 0.6418749128069197 0.8952843527192051 0.6244133887352882 0.900995347106341 0.6113172654981737
0 0.9564738745828276 0.6287787895698052 0.970343491637591 0.6189566872336648 0.9825813960103156 0.6364182113052963 0.9941747572815534 0.6598487358588677 0.9941747572815534 0.683346042385349 0.9941747572815534 0.6953508649553571 0.9744227733426881 0.6713412990817776 0.9654482943340412 0.6538797353769278 0.9597372999469054 0.645148973341112
0 0.8128824474742111 0.850321980265828 0.8340948308555826 0.8481392203987419 0.852043729615443 0.8415911785967938 0.8699926283753034 0.8394084979961445 0.8830464483464806 0.8557786817674513 0.8903891554156553 0.8645094041700487 0.9018112034473604 0.856870022067776 0.9189443051236347 0.8437738591974432 0.9368932038834952 0.8437738591974432 0.9466835392331614 0.8372258173954952 0.945867682892142 0.8186729530235389 0.9556580182418083 0.8132161722554789 0.9768703423657463 0.8055767901532062 0.9940034440420207 0.8088508110541802 0.9941747572815534 0.7933046018922484 0.9940034440420207 0.7531922179383117 0.9850289650333738 0.7477354371702516 0.9687117789555522 0.7510094580712257 0.9548421026433556 0.752100877637987 0.9368932038834952 0.7422787356686282 0.9295504375568872 0.7477354371702516 0.9156808205021237 0.7619229403409091 0.9034429161293993 0.7619229403409091 0.9018112034473604 0.7772017838118912 0.8912050117566748 0.790297946682224 0.8805988200659891 0.7957546481838474 0.8659133466702064 0.7957546481838474 0.8577547240025789 0.7957546481838474 0.8455168196298544 0.8132161722554789 0.8308313462340716 0.828495015726461 0.8194092982023665 0.8437738591974432
1 0.005996573550029866 0.005620430042217304 0.005996573550029866 0.042726179841276885 0.01741861880404278 0.05800501835810674 0.03291996335520328 0.07437520708356585 0.050053031699171344 0.08310596911938159 0.06963367647337682 0.08747135509144176 0.07779228432664594 0.0863800048828125 0.07942400441586392 0.07546655233804282 0.07534470048922937 0.06673578534807478 0.06310679611650485 0.05691367310362977 0.06229093236830628 0.03617810831441508 0.05984335593806887 0.01544254104812424 0.05576405201143431 0.004529084478105817 0.03536754348903026 0.002346393040248326 0.016602756907638995 0.002346393040248326
1 0.03944684741566482 0.10711556967202719 0.05086889174378034 0.09401942661830358 0.07616056423742794 0.10384153886274858 0.10471566950233237 0.008206919880656452 0.12184874154989002 0.01148096059823965 0.14632454288815988 0.009298260180981129 0.16672105511415353 0.1994761677531453 0.182222399665314 0.19838480763621144 0.19446030403803855 0.01038961038961039 0.21567267260505157 0.14640401864980723 0.22954230447417323 0.16059151191216012 0.2434119215289366 0.1704136241566051 0.24504364902533374 0.18569246762758726 0.22627886429573726 0.1922405292461445 0.3246471219849818 0.2151587944526177 0.31077750493021844 0.22279821618810877 0.19446030403803855 0.329346277806666 0.17243207913000608 0.33589437905844155 0.15693073457884557 0.344625101461039 0.14714041404353762 0.3511732225294237 0.13163906949237714 0.36208662553267046 0.11858530137145404 0.36208662553267046 0.10716325333974894 0.34025974025974026 0.09247776512960786 0.3282549375063413 0.07534470048922937 0.3151587944526177 0.06963367647337682 0.194423229663403 0.05576405201143431 0.16277420242111404 0.04597372777253679 0.1474953589501319 0.04107856750488281 0.1300338348785004
1 0.02476136105731853 0.3271635972060166 0.04597372777253679 0.32170685607117494 0.06310679611650485 0.31734147505326704 0.08105572450508192 0.3304376379235998 0.095741212715223 0.3413510805600649 0.10961083717716551 0.3566299240310471 0.1136901336966209 0.3828222101384943 0.10634739699872953 0.3937356527749594 0.09410948521882585 0.3959183730088271 0.07534470048922937 0.39810105360947645 0.05576405201143431 0.3970097133091518 0.05576405201143431 0.38391359007203735 0.051684751788389334 0.3675434063007305 0.04107856750488281 0.348990502295556 0.03210410331059428 0.3391683999594156
1 0.12021702146067202 0.3795481892375203 0.13163906949237714 0.3719087675020292 0.14387697386510165 0.3675434063007305 0.1504038542219736 0.3784568093039773 0.16019417475728157 0.3795481892375203 0.16753691145517294 0.3795481892375203 0.15693073457884557 0.3970097133091518 0.14469283020612106 0.3991924335430195 0.13327078217441596 0.39482699307528407 0.12429631798012743 0.3937356527749594 0.11940115771247345 0.3904616318739854
1 0.05494819196682532 0.4133798970804586 0.06963367647337682 0.4079231559456169 0.0859508847727359 0.4068318156452922 0.10145222932389639 0.20137509432705966 0.1153218537858389 0.3991924335430195 0.13000734199597996 0.20901451606255073 0.1389818061902685 0.219927978515625 0.13000734199597996 0.24502892432274756 0.12266459789090943 0.2624904483943791 0.11858530137145404 0.28650005390117694 0.11776943762325547 0.4083269788073255 0.1153218537858389 0.42142310204443995 0.10389981316131296 0.4225144423447646 0.08187158084610134 0.529062523779931 0.07208126031079339 0.5203317617441152 0.05413233192221632 0.5061442585734578 0.04842131160995335 0.4875913942015016 0.04597372777253679 0.46794718952922076 0.05413233192221632 0.4439375840224229 0.05657991205604331 0.4297500808517654
1 0.00436485253491448 0.5192404214437906 0.02639308114653652 0.5399760060496145 0.050053031699171344 0.557437530121246 0.06392265986470343 0.572716373592228 0.05821163584885088 0.5912692379641843 0.0427102875941008 0.2 0.027208941191145516 0.5934519185648336 0.01578689686303 0.20436540083451704 0.006812433594638861 0.20218268060064934 0.002912621359223301 0.5635796088676948 0.002912621359223301 0.5323365843141233
1 0.07208126031079339 0.5585288704215706 0.07697642057844736 0.5454327075512378 0.08839846861015246 0.5388846261160715 0.11042669351818492 0.43888462611607143 0.13163906949237714 0.44979810838575485 0.14877212672557646 0.4672596324573864 0.17569551930844204 0.49890865969967535 0.18711756734014715 0.5207355846058238 0.18303827082069174 0.5414711295784294 0.17895895948687804 0.5480192110135957 0.16427347127673694 0.5600239939503856 0.1495879978809542 0.53928844897778 0.13327078217441596 0.534923048143263 0.1136901336966209 0.534923048143263 0.08839846861015246 0.23928844897778004 0.07697642057844736 0.2414711295784294 0.06718610004313941 0.22619228610744724 0.05250061183299833 0.2174615240716315 0.04189442754949181 0.2109134426364651 0.053316471877607324 0.20327402090097402 0.06718610004313941 0.5934519185648336 0.07452884414820996 0.5836298162286931 0.07371298040001138 0.5716250332919034
1 0.1275597581585634 0.28322603300020294 0.13979766253128792 0.23520682198660714 0.15366729440040958 0.21119719666320008 0.17569551930844204 0.20901451606255073 0.1895651511775637 0.2210193188159497 0.20017132805389107 0.43957218318790586 0.21077751974457676 0.451577005757914 0.21893611278348757 0.4777692918653612 0.22219955296192354 0.4919567950360187 0.22627886429573726 0.5116009997082995 0.2393326250094812 0.5170577408431413 0.23606918483104522 0.5410673463499391 0.23198988831158981 0.5803557953277192 0.22791057697777609 0.5978173193993507 0.21485681626403216 0.5912692379641843 0.17977481582789745 0.4770817347935268 0.16264175859469812 0.46507695185673703 0.1495879978809542 0.4454327075512378 0.1381659498492491 0.4377932858157468 0.12266459789090943 0.425788502878957 0.126743901817544 0.4017788973721591
1 0.17895895948687804 0.3730001078023539 0.19038100751858314 0.3675434063007305 0.19935547171287166 0.36426934576653813 0.1969078878754551 0.385004930372362 0.30261891189130763 0.2959183730088271 0.317304414915807 0.2904616318739854 0.3311740319705704 0.27409144810267855 0.3458595053663532 0.26754338648412135 0.3605450083908526 0.26426934576653816 0.3744146254456159 0.26426934576653816 0.3866525298183404 0.2697260670847707 0.39073184115215415 0.28937029157366073 0.29154769749317355 0.4111971768465909 0.28828424250037926 0.44175490342177354 0.2874683861593598 0.4701298701298701 0.278493907150713 0.47995197246601057 0.271967026793841 0.4886827345018263 0.26217672107289136 0.5039615779728085 0.2515705293822057 0.5028702376724837 0.23688504117206463 0.49413947563666805 0.22954230447417323 0.47449527096438715 0.22301542411730127 0.454851026658888 0.21404095992301275 0.43848084288758116 0.20751407956614076 0.4242933397169237 0.20017132805389107 0.4155626173143263 0.18711756734014715 0.20574047534496753 0.1773272468048392 0.20246643462738434 0.16916863895157008 0.20137509432705966 0.17406380662640322 0.39155297217431007
1 0.24993881670016688 0.5279711834796064 0.25728155339805825 0.5443413672509132 0.2662560027779885 0.565076951856737 0.2727829127635771 0.5803557953277192 0.25891326608009707 0.5923605782645089 0.2434119215289366 0.5989086596996753 0.24422779268431433 0.5770817347935268 0.24259606518791718 0.5596202107218953 0.2434119215289366 0.5432500269505884
1 0.20017132805389107 0.30873076203581573 0.21893611278348757 0.30982210233614044 0.23525332849002578 0.31964420467228083 0.2515705293822057 0.3305576869419643 0.2629925774139108 0.3523845722148945 0.25401809840526396 0.3578413133497362 0.24178020884689774 0.35020189161424514 0.22138369662090412 0.34911055131392044 0.21159337608559617 0.34911055131392044 0.2042506393877048 0.3447451901126218 0.1969078878754551 0.5229182652064732
1 0.24667537652173088 0.3130961628703328 0.2629925774139108 0.3010913403003247 0.27523048178663534 0.595634599165483 0.28828424250037926 0.5978173193993507 0.29154769749317355 0.3120047829367898 0.2964428355392901 0.3294663466416396 0.40460145820691745 0.5491105513139205 0.41112833856378944 0.5556586327490869 0.4094966258817506 0.5807595785562094 0.4054173145479369 0.5894903405920252 0.2907318411521541 0.37639417772169237 0.2809415058024879 0.36548073508522727 0.2760463381276547 0.35020189161424514 0.26707188874772453 0.33928844897778004 0.25891326608009707 0.33164902724228895
1 0.009260014654363243 0.6506057144759537 0.018234478848651776 0.6724326393821023 0.009260014654363243 0.6888028231534091 0.003548992490305484 0.6909855037540584 0.0051807130424721725 0.6735239796824269 0.0051807130424721725 0.6626104974127435
1 0.029656523176767292 0.6538797353769278 0.023129640968100537 0.6647931780133929 0.03128824326598528 0.6757066602830762 0.04597372777253679 0.676798000583401 0.059027495893459875 0.6724326393821023 0.06718610004313941 0.6669758586140422 0.06555437995392142 0.6538797353769278 0.06392265986470343 0.6473316539417614 0.05413233192221632 0.6473316539417614 0.04515786772792779 0.6473316539417614 0.03781512732644683 0.6473316539417614
1 0.10518071443131827 0.7040816666243912 0.01578689686303 0.6920768440543831 0.023129640968100537 0.6855287229859984 0.03373582339981227 0.6877114828530844 0.047605451565344355 0.6909855037540584 0.14352615504588895 0.7073556875253653 0.13210410701418385 0.7160864099279627 0.11905033889326078 0.7193605100953734 0.10844415460975425 0.7259085518973214
1 0.1500530354027609 0.7062643472250406 0.059027495893459875 0.6888028231534091 0.06800195638415883 0.6746153199827516 0.07860814066766535 0.6789806811840503 0.19084604504038988 0.7029903263240666 0.19818879655263957 0.7226345309963474 0.19900465289365898 0.7335479339995942 0.18350329352814018 0.7357306938666802 0.16718610745031856 0.7411873953683036 0.15902749959704945 0.7619229403409091 0.14760545156534435 0.7564662388392858 0.1427102838905112 0.7433700759689529 0.1443420113869084 0.7324565936992695
1 0.09084604504038987 0.6691585392146916 0.2071632459325698 0.6506057144759537 0.2153218537858389 0.6320528104707792 0.23163906949237711 0.616773966999797 0.24714041404353762 0.6058605243633319 0.26427345646237865 0.6069518646636567 0.27243207913000606 0.616773966999797 0.2634576001213592 0.6244133887352882 0.2552990070824484 0.6342355307046469 0.2520355520896541 0.6582450965782265 0.2504038394076153 0.680072021484375 0.050403854221973604 0.7062643472250406 0.050403854221973604 0.7269998921976462 0.04224524636870449 0.7379133744673295 0.014505997444819478 0.7379133744673295 0.002268093072094964 0.714995069627638 0.09492534896702443 0.6931681843547078 0.09247776512960786 0.680072021484375
1 0.1977237442164745 0.14381752509575385 0.2091457922481796 0.021990615052062196 0.2197519839388653 0.006711775915963309 0.23998531600804004 0.0012987012987012987 0.261360864731872 0.0012987012987012987 0.28910009884139864 0.005620430042217304 0.3094966258817506 0.01871657805009322 0.3290772669523665 0.03836079882336901 0.3339724346271996 0.051456946831244924 0.32826141061134706 0.0558223278491528 0.31031248222277 0.04709156581333705 0.29562697919827063 0.03836079882336901 0.28012564946146845 0.026355996069970068 0.2744146254456159 0.03617810831441508 0.26870360142976335 0.0558223278491528 0.2678877450887439 0.0798319333559507 0.2678877450887439 0.09183673610934963 0.26054500839085254 0.10165884835379464 0.25075467304118626 0.10711556967202719 0.24504364902533374 0.1202117226340554 0.24259606518791718 0.13439921589640827 0.23280574465260923 0.1169376819164722 0.23035816081519267 0.10275018865411932 0.23606918483104522 0.08528866458248782 0.22464713679934012 0.0558223278491528 0.20996164858919902 0.04163483458679992
1 0.30296974552487865 0.004529084478105817 0.3356041473092385 0.0034377386043598127 0.3453944826589047 0.005620430042217304 0.3445785966891687 0.021990615052062196 0.33886757267331613 0.03072137956495409 0.3290772669523665 0.02853868905600015 0.31847107526168084 0.01871657805009322 0.31357590758684767 0.014351194555109198
1 0.35518478837985434 0.005620430042217304 0.36987029140435373 0.00998581229866325 0.36987029140435373 0.032904070073908026 0.37476542945047026 0.06018771382121297 0.3943461001498028 0.07764924284699676 0.403320549529733 0.0863800048828125 0.4114791425686438 0.10056749814516538 0.403320549529733 0.12239441314300933 0.3992412381959193 0.15840882140320617 0.3992412381959193 0.19551456996372768 0.4016888368476942 0.3238895564884334 0.29353021418006675 0.22825493750634132 0.27802888444326457 0.2184328351702009 0.3608958123957069 0.19987995098163555 0.3437627403481493 0.1911491889458198 0.33152483597542476 0.1911491889458198 0.3453944826589047 0.15295209017666903 0.33968345864305216 0.10493287916307326 0.33478829096821905 0.08092327861042765 0.3339724346271996 0.06564444009359781 0.33968345864305216 0.04927425632229099 0.3470261953409436 0.03508676305993811 0.3519213630157767 0.021990615052062196
1 0.4685893827271693 0.0252646508154931 0.4840907124639715 0.00998581229866325 0.5093824071791565 0.00998581229866325 0.5297788749620752 0.021990615052062196 0.5363057849476638 0.04381752509575385 0.5387533539707221 0.06673578534807478 0.551807114684466 0.08201462386490463 0.5575181683290352 0.08528866458248782 0.640385066652761 0.11038961038961038 0.634674072265625 0.12894248466987115 0.627331305939017 0.14312997793222404 0.6150934015662924 0.14312997793222404 0.6004079281705097 0.1474953589501319 0.49796035914745146 0.16277420242111404 0.49306519147261835 0.1671395834390219 0.479195574417855 0.164956892930068 0.4661417840753944 0.14312997793222404 0.45064045433859223 0.12130306293438008 0.45145631067961167 0.10602422937170251 0.4645100713933556 0.08419731437385856 0.4661417840753944 0.0525482920857219 0.4661417840753944 0.03617810831441508
1 0.5354899286066445 0.01325984930063223 0.5444644076152912 0.04054348933232295 0.5444644076152912 0.062370404330166905 0.5558864556469963 0.07437520708356585 0.56486087539821 0.07764924284699676 0.5787304924529733 0.06891847585702872 0.5868891151206007 0.04490887035023083 0.5991270194933253 0.021990615052062196 0.6089173548429915 0.002346393040248326 0.589336684143659 0.002346393040248326 0.5681243600197209 0.002346393040248326 0.5501754020024272 0.0034377386043598127
1 0.20541731454793688 0.2217068560711749 0.2249979556185528 0.2086107130174513 0.24294688400712985 0.20970205331777597 0.26171166873672636 0.2184328351702009 0.27802888444326457 0.23589435924183239 0.278844740784284 0.25772126433137177 0.26579098007054003 0.26754338648412135 0.25518478837985437 0.2653606860668628 0.2364200036502579 0.2588126244483056 0.22255038659549453 0.2500818425958807 0.21112833856378943 0.23807703984248174
1 0.4106632862276244 0.13112517517882508 0.42698050193416265 0.11475499140751827 0.4384025499658677 0.11912037242542614 0.45879904737750304 0.1474953589501319 0.47348455040200244 0.17477900517451297 0.47511626308404126 0.1922405292461445 0.46206250237029733 0.3053366722998681 0.4539038797026699 0.3086107130174513 0.4416659753299454 0.18678380792791194 0.42861221461620147 0.1976972703809862 0.42698050193416265 0.32061551577085023 0.4220853342593295 0.3315289782239245 0.41229502853837985 0.32498089678875813 0.40739986086354674 0.31079341343470984 0.403320549529733 0.18241842691000407 0.40495226221177183 0.14640401864980723
1 0.45471976567240596 0.3184328351702009 0.465325927734375 0.3129760940353592 0.47348455040200244 0.3042453319995434 0.4808272870998938 0.18569246762758726 0.48164314344091325 0.17587034547483765 0.49388104781363773 0.17696168577516233 0.6044872098756068 0.18241842691000407 0.5159092579073119 0.20970205331777597 0.5232520242339199 0.22498089678875813 0.5265154495979976 0.2457164615779728 0.5175409705893508 0.26099530504895496 0.5150934015662925 0.28282221013849435 0.5101982635201759 0.2981010536094765 0.49469690415465717 0.3926443124746347 0.4808272870998938 0.3828222101384943 0.4661417840753944 0.3719087675020292 0.45471976567240596 0.36099528523234575 0.45227216702063106 0.3380770596590909
1 0.5175409705893508 0.2948270128918933 0.527331305939017 0.26317800546621345 0.5338582159246056 0.24789916199523132 0.5477278329793689 0.24353378097732345 0.5624133063751517 0.248990502295556 0.5746512107478762 0.26099530504895496 0.585257402438562 0.2795481892375203 0.5934160251061893 0.2937356725915686 0.604022216796875 0.29700971330915177 0.6097332111840109 0.2937356725915686 0.6154442648285801 0.2795481892375203 0.6219711155567355 0.28609625085607754 0.6244186845797937 0.30792317576222605 0.6260503972618325 0.32647604013418224 0.6252345409208131 0.35157700575791395 0.6236028282387742 0.37012987012987014 0.6170759775106189 0.3886827345018263 0.6105490675250304 0.4126923400086242 0.6064697858199333 0.4377932858157468 0.5942318814472087 0.5345192649147728 0.5779146361119539 0.5236058222783077 0.5615974500341323 0.525788502878957 0.5526229710254854 0.5312452440137987 0.5363057849476638 0.5334279246144481 0.5265154495979976 0.5323365843141233 0.521620311551881 0.5246971625786323 0.4265154495979976 0.2952308159369927 0.42977887496207523 0.26467312899502843 0.4379374976297027 0.2428462437220982 0.4493595456614078 0.23629816228693182 0.45833402467005463 0.22756740025111608 0.5477278329793689 0.2991924137264103 0.5412009229937803 0.2981010536094765 0.42733130593901697 0.20574047534496753 0.4191727425288228 0.21556259749771714 0.4167251142483313 0.2101058563628754
1 0.6382883016345571 0.00998581229866325 0.6577710790541565 0.0012987012987012987 0.6847923501023968 0.002346393040248326 0.8215060632205704 0.005620430042217304 0.8614832609602548 0.00998581229866325 0.8859590697057039 0.00998581229866325 0.7153300164972695 0.005620430042217304 0.7030921121245449 0.023081960306539164 0.8941176331158981 0.04490887035023083 0.8916700640928398 0.07328385687493659 0.7867749260467233 0.10929826018098113 0.7859590697057038 0.13330786568777903 0.7794321597201153 0.14531266844117796 0.7712735370524879 0.164956892930068 0.7598514890207828 0.1813270667930702 0.7647466863243325 0.194423229663403 0.752508781951608 0.20097129128196023 0.7459818719660194 0.21734147505326704 0.7419025902609223 0.23152897822392451 0.7345598239343143 0.24135108056006493 0.7239536322436286 0.24025974025974026 0.7092681588478459 0.20097129128196023 0.5913192600879854 0.19660591026405236 0.5750020147527306 0.1976972703809862 0.5619482540389866 0.19551456996372768 0.5839764937613774 0.17914438619242087 0.5970302544751214 0.15513478068562297 0.7035571644607099 0.13439921589640827 0.5896875474059466 0.12130306293438008 0.57581787109375 0.12566845386059253 0.566027595001517 0.13221652538745435 0.552973834287773 0.13658190640536222 0.5374724452935377 0.1398559471229454 0.5325773072474211 0.13330786568777903 0.5293138818833435 0.11148096059823966 0.6293138818833435 0.0929280764096743 0.641551786256068 0.05800501835810674 0.6456310679611651 0.03508676305993811 0.6464469243021844 0.01871657805009322
1 0.7740719693378337 0.006711775915963309 0.7642816339881675 0.02963003431047712 0.7577547240025789 0.042726179841276885 0.7577547240025789 0.05691367310362977 0.7626499213061286 0.07328385687493659 0.769176772034284 0.08747135509144176 0.8757036820198726 0.10602422937170251 0.7838623046875 0.08747135509144176 0.9034429161293993 0.1863800048828125 0.9197601614646541 0.007115569672027191 0.9303662938979066 0.0016588483537946428 0.9368932038834952 0.18747134518313718 0.9409724855885923 0.16673578039392248 0.9434201138690838 0.14054349428647525 0.942604198270631 0.12308196030653916 0.9377090602245146 0.10780311683555702 0.9279187248748483 0.10343773581764915 0.9026270597883799 0.10780311683555702 0.7887574427336165 0.007803121170440278
1 0.945867682892142 0.10562042632660308 0.9507628209382585 0.11980791958895597 0.9548421026433556 0.1427261748871246 0.949946964597239 0.16455309979327312 0.9442359702101032 0.18092328356457996 0.9442359702101032 0.1918367460176542 0.9474993955741808 0.01148096059823965 0.949946964597239 0.02457710365196327 0.9507628209382585 0.04094728742327009 0.9507628209382585 0.05840882140320617 0.9548421026433556 0.06386554272143871 0.963000725310983 0.0682309237393466 0.9719752043196298 0.06713958343902192 0.9793179113888046 0.0540434403852983 0.9866606777154127 0.044221328140853285 0.9941747572815534 0.03112517517882508 0.9941747572815534 0.001626101407137784 0.9941747572815534 0.12635599111581777 0.9941747572815534 0.1012987012987013 0.9941747572815534 0.1012987012987013 0.9638165816520025 0.10343773581764915
1 0.9785020550477852 0.07259630475725447 0.9891082467384709 0.05513478068562297 0.9941747572815534 0.04680174790419541 0.9941747572815534 0.08132706679307021 0.9941747572815534 0.09987995098163555 0.9882923903974514 0.094423229663403 0.9833972523513349 0.0846011075106534
1 0.9254711558517901 0.02457710365196327 0.9344456348604369 0.01038961038961039 0.9401566292475728 0.0016588483537946428 0.9401566292475728 0.027851144369546468 0.9434201138690838 0.0474953589501319 0.9401566292475728 0.060591511912160105 0.9295504375568872 0.06386554272143871 0.9246552995107706 0.06168285221248478
1 0.7724305384367415 0.2021943525834517 0.7766153576304612 0.1764442542930702 0.7849849367604672 0.15517241242644075 0.7958654311096784 0.14285714285714285 0.8092567814206614 0.13613971858829646 0.8209742277571298 0.13278101140802556 0.831854722106341 0.13725928764838677 0.8418982052108617 0.14845499806589896 0.8469199763918386 0.16412897481546773 0.8435721684428095 0.18204208968521712 0.8469199763918386 0.2055530696720272 0.850267843598301 0.23018360881062297 0.8536156515473301 0.25145545067725245 0.8544526035345874 0.2760859898158482 0.8469199763918386 0.29959694998604913 0.8360394820426275 0.29959694998604913 0.8259959989381068 0.3085535222833807 0.810930685395176 0.31639051561231735 0.8008872022906554 0.3152709366439225 0.792517563903216 0.3040752262264103 0.797539335084193 0.2839229831447849 0.7891697559541869 0.24697715462028205 0.7766153576304612 0.2290640298422281 0.7715935864494842 0.22010747736150568
1 0.8569635187537925 0.16972682011591925 0.8753766402457525 0.17980295156503653 0.882072315401244 0.2066726288238129 0.8812353634139867 0.24025974025974026 0.8837462193757585 0.2626511412781554 0.8778874962075243 0.27720554896763394 0.863659193909284 0.2928795356255073 0.8561265667665352 0.29959694998604913 0.8561265667665352 0.2884012593851461 0.8603113267028216 0.26153156230976055 0.8569635187537925 0.23018360881062297 0.8519417475728155 0.2033139315518466 0.850267843598301 0.18316166865361203
1 0.8929528097504551 0.1909986619825487 0.9130398352169297 0.08428122780539772 0.929779052734375 0.07420509635628043 0.9440073550326152 0.06972682011591924 0.9590726685755461 0.07980295156503653 0.9724640188865291 0.0865203857421875 0.9783227420547633 0.301074793431666 0.9724640188865291 0.330183608810623 0.9657683437310376 0.3536946086140422 0.9507030301881068 0.37272727272727274 0.9306160047216323 0.3884012593851461 0.9180616063979066 0.20183608810622972 0.9147137391914442 0.2096730814351664 0.9013223888804611 0.200716528954444 0.8946267137249697 0.2839229831447849 0.8879310385694782 0.24025974025974026 0.8896049425439927 0.21562920112114448
1 0.9875292731720267 0.3100313459123884 0.9816705500037924 0.334661865234375 0.9791596940420206 0.3615315623097606 0.9833445132357402 0.38168382520799515 0.9866923211847695 0.2040752262264103 0.9925510443530037 0.211912219555347 0.9941747572815534 0.20157859108664772 0.9941747572815534 0.3458576152851055 0.9941747572815534 0.3201074773615057
1 0.8184633125379247 0.3264666272448255 0.8485938803663532 0.3141513576755276 0.863659193909284 0.3051948051948052 0.8787244481947816 0.28952081853693185 0.8862571345949636 0.28728168041675123 0.8954636657122269 0.311912219555347 0.9013223888804611 0.22422748912464488 0.9096920272679004 0.24885804807984985 0.9155506911787015 0.2634124359527192 0.9038333040996662 0.27796686345880683 0.8912788465185073 0.389162573876319 0.877050544220267 0.3981191263570414 0.863659193909284 0.4014778434456169 0.8519417475728155 0.3981191263570414 0.8385503972618326 0.3969995672052557 0.8285068548998786 0.3947604092684659 0.8193003237826153 0.3902821330281047 0.8142785526016384 0.3522167651684253
1 0.6556578404695085 0.1887595238623681 0.6631904676122573 0.18316166865361203 0.6732340099742111 0.1865203857421875 0.6891362755043993 0.18428122780539774 0.6966689026471481 0.1809225305334314 0.5075493969963593 0.1764442542930702 0.5217776992945995 0.1730855372044947 0.5334951456310679 0.17868339241325082 0.5410277727738168 0.1887595238623681 0.5418647247610741 0.1988356553114854 0.6360060015928398 0.21898791820971997 0.6368430128375303 0.23914016129134538 0.6452125919675364 0.25145545067725245 0.6401908207865594 0.26041200315797486 0.6301472784246056 0.27160769375887783 0.6167559281136226 0.2693685556386972 0.6108972049453884 0.26153156230976055 0.6000167105961772 0.24249887837992087 0.5916471314661711 0.22570533257026176 0.5816035891042173 0.22010747736150568 0.5732340099742111 0.21227048403256898 0.5631904676122573 0.2066726288238129
1 0.3853197116296268 0.25705328606939937 0.3945262723756068 0.2559337269176136 0.20624371871207525 0.27384685169566764 0.21879811703580096 0.2928795356255073 0.3305155633722694 0.4040752460430195 0.2455808472864836 0.2962382527140828 0.2522765224419751 0.2839229831447849 0.25897222722618324 0.28952081853693185 0.343906943311969 0.4141513576755276 0.3422330097087379 0.43318406142197646 0.3313525153595267 0.43430362057376215 0.3213090026262894 0.4253470680930398 0.3112654898930522 0.41191223937195615 0.3020589291470722 0.4051948051948052 0.39787410995335254 0.293999094777293 0.3945262723756068 0.27720554896763394
1 0.35562436001972086 0.43430362057376215 0.37236357753716626 0.43766233766233764 0.3966354221973604 0.44326017305448456 0.5150485436893204 0.35333632432021106 0.5200703148702973 0.3399014955991274 0.5217442188448119 0.32198835100446427 0.5167224476638349 0.3051948051948052 0.4167224772925516 0.3794447069044237 0.4175594292798089 0.36041200315797484 0.4158854956765777 0.34697717443689124 0.40500503095608315 0.34137929941152595 0.294124536606872 0.24137931922813516 0.28742886145138047 0.24921629274046267 0.27571141511491204 0.27384685169566764 0.2673418063561893 0.2839229831447849 0.2631570167911863 0.2884012593851461 0.35646134163569476 0.40743392349837665 0.3539504560452063 0.41974923270089287
1 0.2677435421249241 0.5149126721667004 0.28113492206462376 0.4925212909648945 0.29703715796609526 0.4858038567877435 0.31210244188030944 0.4846842976359578 0.3229829362295206 0.3014778434456169 0.3388851721309921 0.3205105075588474 0.33386340095001515 0.3328257771281453 0.3263307738072664 0.3529780400263799 0.32800467778178094 0.3742499017096185 0.31461332747079795 0.38096729625355114 0.3020589291470722 0.3843260133421266 0.2886675492073726 0.5843260133421266 0.2794609884613926 0.5686520266842533 0.2677435421249241 0.5484997637860187 0.2685805237408981 0.5429019283938717 0.2669065901376669 0.535064935064935
1 0.3133746100860892 0.5705329003272118 0.32592903803853157 0.5559785124543425 0.33932038834951456 0.552619795365767 0.364429184996966 0.5515002362139814 0.38535319207941443 0.5459023611886161 0.39288584885087985 0.5481415191254059 0.39121191524764864 0.5682937820236404 0.382842306488926 0.5996417553393871 0.4753096793461772 0.6242722944779829 0.4652661666129399 0.6388266823508523 0.4493639010827518 0.6500223927683645 0.44015734033677184 0.6545006690087256 0.4284398940003034 0.6433049585912135 0.4217442188448119 0.6209135773894074 0.4117007061115746 0.6041200315797484 0.30835286853382887 0.5918047620104505
1 0.4451791115177488 0.6668159782112418 0.46359223300970875 0.6556202281605114 0.473635745742946 0.6612181031858766 0.4820053545016687 0.6813703264508929 0.4719618417684314 0.6892073197798295 0.4594074434447057 0.6914465173498376 0.4527117386604976 0.6802507672991072
1 0.5037663432000911 0.44366324288504466 0.5205055014601031 0.4268696970753856 0.5422664901585255 0.4167935458096591 0.5615165636377427 0.4111957104175122 0.5749079139487258 0.4111957104175122 0.5891362755043993 0.42239142083502434 0.6092233009708737 0.5223914208350243 0.6008537218408677 0.5481415191254059 0.596668902647148 0.46941334117542616 0.6058754337644114 0.6063591498833198 0.6175928801008799 0.6220331365411932 0.6209407473073423 0.6332288469587054 0.610060252958131 0.6455441165280033 0.588299323517142 0.6545006690087256 0.5723970579869538 0.6735333331219562 0.5665383348187196 0.6970443131087662 0.5707231540124393 0.7160770564884334 0.5640274788569478 0.7261531681209416 0.5514730212757888 0.7418271547788149 0.5439403941330401 0.7463053913859578 0.5263642246283374 0.7418271547788149 0.5121359223300971 0.7328706022980925 0.5020923799681432 0.721674852247362 0.4987445720191141 0.6824898856026785 0.4870271256826456 0.6690550965148133 0.47698358332069174 0.6556202281605114 0.473635745742946 0.6455441165280033 0.4861901440666717 0.6242722944779829 0.39372280083813715 0.5918047620104505 0.501255427980886 0.4649350649350649
1 0.6376799648247876 0.2906403975053267 0.6527452191102852 0.2693685556386972 0.6703213886149879 0.25817286503779424 0.6878975581196906 0.25369458879743306 0.7012889084306736 0.25817286503779424 0.7096585468181129 0.26153156230976055 0.7071476315989078 0.293999094777293 0.7121694027798847 0.3264666272448255 0.7113324507926274 0.3555754426237825 0.707984583586165 0.3902821330281047 0.7037998236498786 0.411553955078125 0.699615004456159 0.42498882343242694 0.6887345101069479 0.4272279417359984 0.6711583406022451 0.42498882343242694 0.6560930863167476 0.4126735142299107 0.6435386879930218 0.4070756788377638 0.6326581936438107 0.4003582446606128 0.6293103264373483 0.3813255805473823 0.633495145631068 0.3488580480798498 0.6309842896692961 0.32534706809303976 0.6309842896692961 0.3096730814351664
1 0.7230498971290958 0.2559337269176136 0.7381151514145935 0.25817286503779424 0.7489956457638046 0.27384685169566764 0.7648979112939928 0.2928795356255073 0.779126213592233 0.3051948051948052 0.792517563903216 0.32198835100446427 0.8042350102396845 0.33878189681412335 0.8067459254588896 0.36117331764914773 0.8100937334079187 0.3880429750913149 0.8100937334079187 0.4003582446606128 0.7992132390587076 0.42163010634385145 0.7916806119159587 0.4328257771281453 0.7782892616049757 0.4395432113052963 0.7582022361385012 0.441782369242086 0.7439738745828277 0.44626064548244726 0.7280716683100729 0.44402148754565746 0.7146802587416565 0.4294670996727881 0.713006354767142 0.4070756788377638 0.7163542219736043 0.37572770552201706 0.7205389819098907 0.3275862062132204 0.7180281259481189 0.2917599566571124 0.7180281259481189 0.2760859898158482
1 0.578255781155188 0.5888042895824879 0.5874623122724515 0.5585759150517451 0.5941580466853762 0.5429019283938717 0.6083863489836165 0.44290192839387177 0.6192668433328277 0.44290192839387177 0.6226146512818568 0.46417375044389203 0.6167559281136226 0.48544557249391235 0.6117341569326457 0.5044782762403612 0.6058754337644114 0.5111957104175122 0.5975058546344053 0.4111957104175122 0.588299323517142 0.4078369933289367 0.5790927331424454 0.4033587170885755
1 0.022112488978117417 0.7474249505377435 0.039688643668461775 0.7463053913859578 0.05475392758267597 0.7373488389052354 0.06730834072076002 0.7351097206016639 0.08739538100159285 0.7339901614498783 0.09911282733806129 0.7328706022980925 0.30246066491580703 0.7485445889559659 0.3066454841095267 0.765338134765625 0.31417811125227546 0.779892483005276 0.32422162398551274 0.7989252263849432 0.23175426594261983 0.7112404563210227 0.2351021035203656 0.7325123180042613 0.2417977934902154 0.747066745510349 0.24430866426634557 0.7672189687753652 0.23677602230923847 0.7840125145850243 0.2275694615632585 0.7672189687753652 0.21501506323953276 0.7705777254971591 0.20831938808404127 0.7840125145850243 0.1991128273380613 0.8907299487621754 0.18906929979046572 0.8907299487621754 0.17567793466512438 0.8929690670657467 0.368145277893659 0.9030452579646916 0.36312353634139866 0.9187192446225649 0.36228655472542476 0.9310344745586445 0.35308002360816143 0.935512790432224 0.3396886436684618 0.9343932312804383 0.3371777580779733 0.9231974812297078 0.3338299501289442 0.9019256988129059 0.12043857018924455 0.898566942091112 0.11039504264164897 0.891849507913961 0.10872112385277609 0.8739364029525163 0.12043857018924455 0.8694581663453734 0.13466688730184315 0.8560232979910715 0.13885169168120448 0.8179578904981737 0.041362577271692964 0.7944469105113636 0.03885169168120449 0.7720555689427759 0.027134245344736043 0.7698163713727678 0.02043857018924454 0.7664576939174107 0.019601603387628945 0.7597402597402597
1 0.11749246838023361 0.9422301453429384 0.13255775229444783 0.9433497837611607 0.14343823182930066 0.9478280203683036 0.1551556781657691 0.9545454545454546 0.156829596954642 0.9746976778104708 0.1643622389117491 0.9881325461647728 0.14973217121605734 0.9974025974025974 0.13255775229444783 0.9948499803419237 0.11916638716910649 0.993730421190138 0.11330766400087226 0.9702194412033279 0.11330766400087226 0.9523063362418831
1 0.3237864077669903 0.973578118658685 0.3338299501289442 0.9511867770900974 0.34722130043992716 0.9455889020647321 0.35893874677639565 0.9511867770900974 0.3664713739191444 0.9623824478743912 0.3740040010618932 0.9814151119876218 0.3740040010618932 0.9959695394937094 0.3505691380176729 0.9948499803419237 0.33215601652571297 0.9914913028865665 0.3237864077669903 0.9858934278612013
1 0.3066454841095267 0.7317510431463068 0.3166889672140473 0.7205552930955763 0.3292433951664897 0.7261531681209416 0.33593907032198117 0.7373488389052354 0.34012385988698424 0.7496641481077516 0.33928690789972693 0.7742946872463474 0.3376130039252124 0.7944469105113636 0.3275694615632585 0.7854903580306413 0.32003683442050973 0.7709359305245536 0.3125041776490443 0.7541423847148945 0.307482436096784 0.7440662730823864
1 0.3510043542361954 0.7474249505377435 0.3652326861631523 0.7429467139306006 0.37862403647413534 0.7317510431463068 0.3878305972201153 0.7306314047280844 0.3794609884613926 0.7530228255631087 0.3811349220646238 0.779892483005276 0.3928523684010922 0.7854903580306413 0.20624371871207525 0.8922077922077922 0.21879811703580096 0.8978056672331575 0.3263307738072664 0.8034034629920861 0.33553733455324636 0.8302731997006899 0.33470038256598905 0.8493058638139205 0.34892868486422934 0.8526645412692776 0.35646134163569476 0.8493058638139205 0.3673418063561893 0.8616211730164367 0.38324407188637744 0.8683385279271509 0.3916136510163835 0.8728168438007305 0.3740374815116808 0.8862517121550325 0.3598091792134405 0.8940887054839691 0.24223300970873787 0.9064039354200487 0.23218949697550062 0.9153604879007711 0.22381988821677792 0.9321540337104302 0.2171242130612864 0.9366323495840098 0.200384995543841 0.9276757971032873 0.08950453082334649 0.9064039354200487 0.2786240364741353 0.78513207373681 0.2744392469091323 0.768338527927151 0.2685805237408981 0.7593819754464286 0.26021091498217536 0.7627407321682224 0.25602612541717235 0.7660994096235796 0.2510043542361954 0.7515449821174919 0.24681954985683405 0.7302731997006899 0.24430866426634557 0.710120897169237 0.34514563106796114 0.7877294763342126 0.3468195350424757 0.7675772530691964
1 0.3999832597751062 0.8437079887885552 0.4158854956765777 0.9425884296367695 0.43095077959079187 0.9369906338778409 0.44601606350500606 0.9358709954596185 0.460244395431963 0.9459471863585633 0.47279879375568873 0.9571428571428572 0.47782056493666564 0.9660994096235795 0.4502008826987257 0.970577725497159 0.4342986171685376 0.968338527927151 0.42509205642255765 0.9660994096235795 0.4083528685338289 0.9728168438007305 0.39914630778784893 0.8694581663453734 0.3949614885941293 0.8593819754464286
1 0.5046032951873483 0.7541423847148945 0.5205055014601031 0.7552619438666802 0.5380816709648059 0.7597402597402597 0.5447773461202974 0.765338134765625 0.5523100325204794 0.7832512397270698 0.5548208884822512 0.7944469105113636 0.5556578404695085 0.8123600154728084 0.548962165314017 0.8224362063717533 0.5338969110285194 0.8179578904981737 0.5188315974855886 0.8056426605620941 0.5112989703428398 0.8000447855367289 0.5046032951873483 0.7899686739042208 0.5029293319554005 0.7731751280945617
1 0.4585704618287318 0.7922077922077922 0.47865751692392294 0.7787729238534903 0.48870102965716017 0.7709359305245536 0.4953967048126517 0.7843707988788555 0.4970706384158829 0.7966861080813717 0.4928858488508799 0.9123600154728084 0.4744727273589199 0.9269144429788961 0.46359223300970875 0.9336318771560471 0.4535487202764715 0.9257948838271104 0.460244395431963 0.9157187721946023 0.4652661666129399 0.910120897169237
1 0.473635745742946 0.9392297521814124 0.4912119152476487 0.9246753246753247 0.5029293319554005 0.8145992130428166 0.5104620183555825 0.8145992130428166 0.5288751398475425 0.8257948838271104 0.5422664901585255 0.833631877156047 0.5456143573649879 0.840349311333198 0.5355708150030339 0.8660994096235796 0.5313859958093143 0.8840125145850244 0.5238533686665655 0.88513207373681 0.5071141511491202 0.8694581663453734 0.4962336864286256 0.9616211730164367 0.48451624009215716 0.9560232979910714
1 0.4117007061115746 0.9828929554332386 0.42676599002578886 0.9761755212560876 0.44768999710823726 0.9795342779778815 0.4669400705874545 0.9795342779778815 0.4861901440666717 0.9784147188260958 0.49455975282539444 0.9739364029525163 0.5154837895365595 0.8907299487621754 0.5205055014601031 0.9008060603946835 0.5104620183555825 0.9164800470525568 0.4970706384158829 0.8287953562550731 0.49037496326039137 0.8377519087357954 0.47782056493666564 0.850067138671875 0.4652661666129399 0.8545454545454545 0.4502008826987257 0.8657411253297483 0.44015734033677184 0.870219441203328 0.43095077959079187 0.8579041320008117 0.4351355987845115 0.8467084612165179 0.4451791115177488 0.8388714678875812 0.451037834685983 0.8243170403814936 0.45187478667324027 0.8064039354200487 0.44852694909549456 0.9974025974025974 0.4351355987845115 0.9963278237875406 0.4225811708320692 0.9974025974025974 0.4175594292798089 0.9974025974025974
1 0.25813524561020934 0.9881325461647728 0.2631570167911863 0.9679803228997564 0.26650485436893206 0.950067138671875 0.27905925269265774 0.9433497837611607 0.294124536606872 0.9444693429129464 0.4075159165465716 0.8534258953936689 0.4167224772925516 0.8612628887226055 0.4292768756162773 0.8713390003551137 0.43011382760353456 0.8836543095576299 0.42509205642255765 0.8948499803419238 0.40918982052108616 0.8959695394937094 0.2840810238736347 0.9948499803419237 0.2681787879721632 0.9926108620383522
1 0.0802979700773665 0.9926108620383522 0.08615669324560073 0.9814151119876218 0.200384995543841 0.9836543095576299 0.21293939386756675 0.9836543095576299 0.22298293622952062 0.9814151119876218 0.23470038256598907 0.9769368753804789 0.24390694331196905 0.9836543095576299 0.2472547808897148 0.9903716644683441 0.2413960577214806 0.993730421190138 0.22214595461354672 0.9970890986454951 0.21722465441064928 0.9974025974025974
1 0.4376464547462834 0.8948499803419238 0.4443421595304915 0.8847738687094155 0.45187478667324027 0.8758173162286932 0.4652661666129399 0.8668607637479708 0.47279879375568873 0.863502007026177 0.4811684025144114 0.8668607637479708 0.4820053545016687 0.8814151119876218 0.49037496326039137 0.893730421190138 0.4869434245581766 0.8974025974025974 0.4669400705874545 0.8959695394937094 0.4540843778443568 0.8974025974025974
1 0.5539839364949939 0.9836543095576299 0.5523100325204794 0.9635020070261769 0.5531469845077367 0.9489475795200892 0.5590057076759709 0.9478280203683036 0.5665383348187196 0.9579041320008117 0.5765818771806736 0.9668607637479708 0.5874623122724515 0.9746976778104708 0.5941580466853762 0.980295552835836 0.5866253602851942 0.9903716644683441 0.578255781155188 0.9914913028865665 0.5640274788569478 0.9914913028865665
1 0.5514730212757888 0.7552619438666802 0.5615165636377427 0.7407075956270293 0.5690491907804915 0.7306314047280844 0.5723970579869538 0.7440662730823864 0.569886202025182 0.7642185756138393 0.5615165636377427 0.7686968122209822 0.5556578404695085 0.765338134765625
1 0.5790927331424454 0.7362292797534497 0.5916471314661711 0.7541423847148945 0.6042015297898968 0.7686968122209822 0.6192668433328277 0.7742946872463474 0.6309842896692961 0.7698163713727678 0.6401908207865594 0.7563815822849026 0.6460495439547936 0.7619793780438312 0.6477234479293082 0.7910882330560065 0.6527452191102852 0.8123600154728084 0.660277846253034 0.8325123180042614 0.6611148574977245 0.8448275479403409 0.6485603999165656 0.847066745510349 0.6293103264373483 0.8526645412692776 0.6117341569326457 0.8549037388392857 0.5983428066216626 0.8481863046621347 0.5799296851297027 0.8459471863585634 0.5673752868059769 0.8414688704849838 0.5556578404695085 0.8313927588524757 0.5640274788569478 0.816838331346388 0.5631904676122573 0.7933273513595779 0.562353515625 0.7810121214234984 0.5707231540124393 0.7709359305245536 0.5774188291679309 0.7619793780438312 0.5790927331424454 0.7507837072595374
1 0.6293103264373483 0.4294670996727881 0.6393538687993022 0.4227496654956372 0.6485603999165656 0.42163010634385145 0.6652996174340109 0.4294670996727881 0.6786909677449939 0.43842365215351053 0.691245425326153 0.43506493506493504 0.7021258604179308 0.43170621797635955 0.713006354767142 0.44290192839387177 0.721375933897148 0.45633675711495536 0.7222129451418386 0.470891184621043 0.7247238011036105 0.48880428958248784 0.726397705078125 0.5022391579367897 0.7205389819098907 0.5145544275060877 0.7146802587416565 0.5190327037464488 0.699615004456159 0.49776084206321025 0.6878975581196906 0.4832064541903409 0.6703213886149879 0.47648902001318993 0.6535821710975425 0.47536946086140425 0.6351690496055825 0.47536946086140425 0.6309842896692961 0.4742499017096185 0.628473374450091 0.4484997637860187
1 0.17149313028576305 0.5694133411754262 0.17986273904448574 0.559337229542918 0.1982758605364457 0.559337229542918 0.20999330687291415 0.359337229542918 0.2284064283648741 0.359337229542918 0.23928690789972695 0.36157634784648945 0.2568630774044296 0.36829378202364044 0.2652326861631523 0.36493506493506495 0.27611315088364685 0.37165249911221593 0.28699364523285803 0.3828481698965097 0.29201538678511835 0.3974025974025974 0.386993645232858 0.6063591498833198 0.27611315088364685 0.38732648577008927 0.26188484858540656 0.3828481698965097 0.24514563106796117 0.3761307753525771 0.2351021035203656 0.3761307753525771 0.21919986761889412 0.3839677686815138 0.21668898202840564 0.3985221565543831 0.3125041776490443 0.6063591498833198 0.307482436096784 0.6141961432122565 0.3041345688903216 0.62763097193334 0.3041345688903216 0.6332288469587054 0.2982758457220874 0.639946241502638 0.29158017056659585 0.6433049585912135 0.28153665783335863 0.6287505707183442 0.2765149162810983 0.6074787090351055 0.16981921149689017 0.5862068869850853
1 0.31963509865177486 0.46229287680093345 0.3271677257945237 0.44661889014306005 0.34892868486422934 0.44661889014306005 0.37236357753716626 0.44997760723163555 0.38826581343863775 0.4544558834719968 0.5050050013273665 0.360053758497362 0.5117007357402913 0.3656515938895089 0.5183963516383495 0.38244513969916805 0.5158854956765777 0.3947604092684659 0.40333109735285194 0.411553955078125 0.39579847021010317 0.32498882343242697 0.38240709027040354 0.3238692246474229 0.36566790238167474 0.31715183010349024 0.35143957045471785 0.3149126721667005 0.343906943311969 0.3104343959263393 0.3313525153595267 0.4992386855088271 0.3229829362295206 0.489162573876319 0.3179611650485437 0.4813255805473823
1 0.33637428654050366 0.36529330959567774 0.33972212411824937 0.3496193625710227 0.3547874080324636 0.3339453759131494 0.36566790238167474 0.3305866588245739 0.37320052952442356 0.33618449421672075 0.37822230070540047 0.34514104669744317 0.37822230070540047 0.3619346321403206 0.38157013828314623 0.3720107437728287 0.36566790238167474 0.36417375044389205 0.35060261846746055 0.36417375044389205
1 0.40249414536559464 0.47536946086140425 0.4066789349305977 0.4552171979631696 0.41923333325432344 0.43394537591314936 0.43095077959079187 0.41827138925527596 0.4376464547462834 0.40483656053419237 0.5418312443112864 0.3947604092684659 0.551037834685983 0.37908642261059255 0.5610813770479369 0.3723690280666599 0.5635922330097087 0.38244513969916805 0.473635745742946 0.4070756788377638 0.4820053545016687 0.41827138925527596 0.5029293319554005 0.5272279417359984 0.48284230648892595 0.43506493506493504 0.47782056493666564 0.44290192839387177 0.47782056493666564 0.4619346321403206 0.4820053545016687 0.47313030292461444 0.473635745742946 0.4820868950385552 0.4585704618287318 0.4798477371017654 0.4443421595304915 0.48544557249391235 0.4384834363622573 0.49216300667106333 0.32341815244804306 0.5078369933289367 0.31588549567657764 0.5 0.4083528685338289 0.48880428958248784
1 0.5426681962985437 0.3231079299728592 0.44685301549226336 0.3962382527140828 0.4543856722637288 0.38280338435978084 0.46359223300970875 0.38168382520799515 0.4811684025144114 0.3962382527140828 0.5962337160573422 0.3040752262264103 0.40795110313637745 0.20855352228338067 0.40795110313637745 0.21974921288428367 0.5979076200318568 0.3275862062132204 0.5853532217081311 0.33094492330179587 0.5753096793461772 0.33878189681412335 0.5711248601524576 0.3466188901430601 0.564429184996966 0.33766233766233766 0.5535486906477548 0.32870578518161525
1 0.6075493969963592 0.558217630757914 0.6125711681773361 0.5347066904043223 0.6226146512818568 0.5156739866578733 0.6217776992945995 0.5033587170885755 0.628473374450091 0.49216300667106333 0.6393538687993022 0.4865651712789164 0.6527452191102852 0.48544557249391235 0.6694844366277306 0.4876847304307021 0.6786909677449939 0.49216300667106333 0.6878975581196906 0.5 0.7012889084306736 0.5167935458096591 0.7071476315989078 0.5268696970753856 0.7121694027798847 0.5459023611886161 0.7071476315989078 0.5772503345043628 0.6962671372496966 0.6063591498833198 0.6904084140814624 0.6186744194526177 0.6686474846404733 0.6220331365411932 0.6443756399802791 0.617554860300832 0.6293103264373483 0.6153157023640422 0.6175928801008799 0.6030004327947444 0.6092233009708737 0.5873264857700893 0.6058754337644114 0.5738916174157873
1 0.7891697559541869 0.493282565822849 0.7941914678777305 0.4955217237596388 0.8067459254588896 0.5 0.8151155045888956 0.506717434177151 0.8259959989381068 0.5145544275060877 0.8352025300553702 0.5279892562271713 0.8444091204300668 0.5335870916193182 0.8544526035345874 0.5358262495561079 0.8544526035345874 0.559337229542918 0.8418982052108617 0.581728610744724 0.8259959989381068 0.5962830382508116 0.8067459254588896 0.6074787090351055 0.7941914678777305 0.6097178669718953 0.7900067079414441 0.5918047620104505 0.7900067079414441 0.5783698936561485 0.7900067079414441 0.5626959069982752 0.7967023830969356 0.5268696970753856 0.7950284791224211 0.5100761116325081
1 0.7272346570653823 0.4574563558999594 0.7422999706083131 0.45633675711495536 0.7515065017255764 0.45409763881138393 0.7674087672557646 0.45073892172280844 0.7816370695540048 0.4484997637860187 0.7941914678777305 0.4451410466974432 0.7950284791224211 0.45297804002637987 0.7849849367604672 0.4697716254692573 0.7782892616049757 0.4776085791649756 0.7615500440875304 0.4832064541903409 0.7481586937765473 0.4865651712789164 0.7372781994273362 0.49216300667106333 0.7305825242718447 0.4944021646078531 0.7305825242718447 0.4820868950385552 0.7289086202973301 0.47201074377282876
1 0.6242885552563714 0.6500223927683645 0.6301472784246056 0.6309896890219155 0.6435386879930218 0.62763097193334 0.6661365694212682 0.6332288469587054 0.6862236541451759 0.634348406110491 0.6971040892369539 0.641065840287642 0.7104954988053701 0.6545006690087256 0.7063106796116505 0.6780116489955357 0.699615004456159 0.6914465173498376 0.6878975581196906 0.7194357339437906 0.6778540157577366 0.7395880364752435 0.6669735806659587 0.7485445889559659 0.6502343631485134 0.7485445889559659 0.6435386879930218 0.7451858322341721 0.6351690496055825 0.7194357339437906 0.6293103264373483 0.6903268789316153 0.6251255665010619 0.6668159782112418
1 0.6552561343294903 0.758620700588474 0.6669735806659587 0.7552619438666802 0.6719952925895024 0.758620700588474 0.6694844366277306 0.779892483005276 0.6694844366277306 0.8034034629920861 0.6761801117832221 0.8190774496499594 0.6870606061324332 0.8201970088017452 0.6987780524689017 0.8157187721946023 0.6962671372496966 0.8302731997006899 0.6878975581196906 0.8381101930296266 0.6786909677449939 0.8381101930296266 0.6719952925895024 0.8347514363078328 0.6619518094849818 0.8224362063717533 0.6560930863167476 0.8000447855367289 0.6527452191102852 0.7754142463981332
1 0.6594408942657767 0.8616211730164367 0.6711583406022451 0.8526645412692776 0.6862236541451759 0.8616211730164367 0.6979411004816444 0.8795342779778815 0.7104954988053701 0.891849507913961 0.7205389819098907 0.9086430537236201 0.7247238011036105 0.9254365995332792 0.7255607530908678 0.9422301453429384 0.7339303914783071 0.9590237704190341 0.7431369225955704 0.9713390003551137 0.752343512970267 0.9814151119876218 0.7464847898020328 0.9970890986454951 0.721375933897148 0.9970890986454951 0.6878975581196906 0.9959695394937094 0.6485603999165656 0.9959695394937094 0.628473374450091 0.9948499803419237 0.6343320976183252 0.9724585595068993 0.6443756399802791 0.9399910270393669 0.6502343631485134 0.9131213695971997 0.6577669902912622 0.8896103896103896 0.6586039422785194 0.8728168438007305
1 0.699615004456159 0.8437079887885552 0.7146802587416565 0.8627407321682224 0.7289086202973301 0.8716972846489448 0.7297455722845874 0.8828929554332386 0.7238868491163531 0.8896103896103896 0.7096585468181129 0.8761755212560877 0.699615004456159 0.8627407321682224
1 0.7515065017255764 0.8571428571428571 0.7590391881257585 0.847066745510349 0.7732674904239988 0.8325123180042614 0.7808001175667476 0.8291536405489042 0.7883328039669296 0.840349311333198 0.7900067079414441 0.8616211730164367 0.779126213592233 0.8705777254971591 0.7699196232175364 0.8750559621043019 0.7598761401130157 0.8716972846489448
1 0.8201372757698726 0.7183161747920048 0.8377134452745753 0.7171966156402192 0.8477569283790959 0.7026421881341315 0.858637422728307 0.6780116489955357 0.8695179170775182 0.6645768202744521 0.8795614594394721 0.65338110985694 0.8837462193757585 0.6377071231990665 0.89044189453125 0.6130765840604708 0.8971375696867415 0.5929243211622363 0.8921158577631978 0.588446044921875 0.8845831713630158 0.5839677686815138 0.8753766402457525 0.558217630757914 0.8745396882584952 0.5335870916193182 0.8737027362712378 0.5212718220500203 0.8628222419220267 0.5358262495561079 0.8628222419220267 0.5515002362139814 0.8594743747155643 0.5716524991122159 0.8469199763918386 0.5873264857700893 0.8335286260808555 0.6063591498833198 0.8226481317316444 0.6153157023640422 0.8050719622269418 0.6209135773894074 0.8008872022906554 0.6309896890219155 0.8033980582524272 0.639946241502638 0.8117676373824333 0.6556202281605114 0.8151155045888956 0.6690550965148133 0.8126046486271238 0.6802507672991072 0.8067459254588896 0.6847290831726867 0.8017241542779127 0.6903268789316153 0.810930685395176 0.6992835106787744
1 0.8963006176994842 0.6656963397930195 0.9046702560869235 0.6690550965148133 0.9105289792551577 0.6824898856026785 0.9188985583851639 0.698163872260552 0.9222464255916262 0.7093596223112825 0.9247572815533981 0.7317510431463068 0.9222464255916262 0.7395880364752435 0.9138767872041869 0.7519032664113231 0.897974580931432 0.7552619438666802 0.8971375696867415 0.7407075956270293 0.8971375696867415 0.7138378589184253 0.8971375696867415 0.6914465173498376 0.8963006176994842 0.6824898856026785
1 0.9917140923657464 0.2981191263570414 0.977485790067506 0.4261083825842127 0.9624204765245753 0.4518584808745942 0.9515399821753641 0.4776085791649756 0.9456812590071298 0.5 0.9515399821753641 0.5134348287210836 0.9707901149120146 0.5235109799868101 0.9866923211847695 0.5358262495561079 0.9941747572815534 0.5425496287160105 0.9941747572815534 0.47648902001318993 0.9941747572815534 0.4283475008877841 0.9941747572815534 0.4104343959263393
1 0.9331268606834041 0.5156739866578733 0.9498660782008496 0.5223914208350243 0.9666052957182949 0.5347066904043223 0.9816705500037924 0.5470219599736201 0.9833445132357402 0.559337229542918 0.9741379228610437 0.5839677686815138 0.9733009708737864 0.6007613144911729 0.9582357165882889 0.5951634394658076 0.9490291262135923 0.5850873278332995 0.948192174226335 0.559337229542918 0.9473552222390776 0.5447828020368304 0.938148631864381 0.5403045257964691 0.9255942335406553 0.5403045257964691 0.9281051487598604 0.5291088153789569
1 0.9941747572815534 0.5548589533025569 0.9892032364039746 0.5615763478464895 0.9850184172102548 0.5750111765675731 0.9808335980165352 0.5906851632254464 0.9799966460292779 0.6074787090351055 0.9816705500037924 0.6186744194526177 0.9908771403784891 0.6354679652622768 0.9941747572815534 0.6421853994394278 0.9941747572815534 0.5985221565543831
1 0.9055072080741808 0.6556202281605114 0.9197355103724211 0.6354679652622768 0.9348008239153519 0.6209135773894074 0.9448443070198725 0.6063591498833198 0.956561753356341 0.6063591498833198 0.961583524537318 0.610837426123681 0.9523769934200547 0.6220331365411932 0.9507030301881068 0.6388266823508523 0.9557248013690838 0.6600985044008726 0.977485790067506 0.6892073197798295 0.9858553691975122 0.6992835106787744 0.9799966460292779 0.7171966156402192 0.9766488380802488 0.7328706022980925 0.9632574285118325 0.7395880364752435 0.9440073550326152 0.7328706022980925 0.9331268606834041 0.7261531681209416 0.9264311855279126 0.7037617472859172 0.9230833775788835 0.6813703264508929 0.9138767872041869 0.6656963397930195
1 0.9833445132357402 0.7250336089691558 0.9900401883912318 0.7093596223112825 0.9941747572815534 0.7063115900213068 0.9941747572815534 0.7362292797534497 0.9941747572815534 0.7407075956270293
1 0.74732174178929 0.7227944113991477 0.7598761401130157 0.7272727272727273 0.7674087672557646 0.7429467139306006 0.7808001175667476 0.7630989371956168 0.8008872022906554 0.7754142463981332 0.8218111797443871 0.7686968122209822 0.8268329509253641 0.7496641481077516 0.8251590469508495 0.7339901614498783 0.8285068548998786 0.7261531681209416 0.8410612532236044 0.7261531681209416 0.8452460724173241 0.7440662730823864 0.8469199763918386 0.7720555689427759 0.8536156515473301 0.7877294763342126 0.8494308916110437 0.7978056672331575 0.8352025300553702 0.8157187721946023 0.8209742277571298 0.8313927588524757 0.8117676373824333 0.8414688704849838 0.8050719622269418 0.8515449821174919 0.7983762870714503 0.8448275479403409 0.7900067079414441 0.8213166472199676 0.7858218887477245 0.7933273513595779 0.7808001175667476 0.7776533647017045 0.770756634462227 0.7597402597402597 0.7540174169447815 0.7519032664113231 0.7414630186210558 0.7496641481077516 0.7247238011036105 0.7485445889559659 0.7372781994273362 0.7384683980570211
1 0.8017241542779127 0.8627407321682224 0.8276699029126213 0.8638602913200081 0.8352025300553702 0.8616211730164367 0.8594743747155643 0.8560232979910715 0.8695179170775182 0.8549037388392857 0.8787244481947816 0.8716972846489448 0.8829092673885012 0.8739364029525163 0.9021593408677184 0.8728168438007305 0.9147137391914442 0.8728168438007305 0.929779052734375 0.8750559621043019 0.9306160047216323 0.8806538371296672 0.9080180640359526 0.9142409287489854 0.8946267137249697 0.935512790432224 0.882072315401244 0.9444693429129464 0.8611483379475121 0.9411105861911526 0.8477569283790959 0.935512790432224 0.8444091204300668 0.9276757971032873 0.8393873492490898 0.9075234945718345 0.8301807588743932 0.8907299487621754 0.8167894085634102 0.8840125145850244 0.8000501910459648 0.8772950804078734 0.7933545158904733 0.8739364029525163
1 0.7632239480620449 0.9097626128754058 0.7757783463857706 0.9198388037743507 0.7916806119159587 0.9231974812297078 0.8033980582524272 0.922077922077922 0.8193003237826153 0.912001810445414 0.8285068548998786 0.9086430537236201 0.8326916740935983 0.9332735928622159 0.8385503972618326 0.9467084612165179 0.8385503972618326 0.9601433295708198 0.8293438068871359 0.9724585595068993 0.8176263605506675 0.9769368753804789 0.7983762870714503 0.9746976778104708 0.7824740807986954 0.9702194412033279 0.7715935864494842 0.9635020070261769 0.7648979112939928 0.956784572849026 0.760713092100273 0.9388714678875811 0.7598761401130157 0.9243170403814935
1 0.9448443070198725 0.8705777254971591 0.9440073550326152 0.8526645412692776 0.9540508973945692 0.8381101930296266 0.9548878493818265 0.8246753246753247 0.9758118268355582 0.8213166472199676 0.9917140923657464 0.8190774496499594 0.9941747572815534 0.837480421190138 0.9941747572815534 0.9008060603946835 0.9941747572815534 0.9467084612165179 0.9941747572815534 0.9758173162286932 0.9941747572815534 0.993730421190138 0.9941747572815534 0.9974025974025974 0.9674422477055522 0.993730421190138 0.9808335980165352 0.9791759936840503 0.9766488380802488 0.956784572849026 0.9632574285118325 0.9433497837611607 0.9515399821753641 0.9444693429129464 0.9465182702518203 0.9388714678875811 0.9607465725500607 0.9231974812297078 0.9716270668992718 0.9075234945718345 0.977485790067506 0.8896103896103896 0.9666052957182949 0.8716972846489448 0.9557248013690838 0.8694581663453734
2 0.10910194174757282 0.05399756493506493 0.11706614077669902 0.04943181818181818 0.12199635922330097 0.05551948051948052 0.12161711165048544 0.06109983766233766 0.1144114077669903 0.06109983766233766 0.11175667475728156 0.05805600649350649
2 0.4861953883495146 0.22648133116883118 0.4918841019417476 0.2224228896103896 0.49605582524271846 0.23053977272727272 0.4911256067961165 0.23256899350649352 0.48922936893203883 0.23003246753246753
2 0.4951034101467688 0.03404856099710836 0.5031236963364685 0.036307171412876676 0.5027015463819782 0.04308300266018161 0.4993245837757888 0.04647091952237216 0.49468128982099513 0.044776961091276886 0.4942591694952215 0.0408243922444133
2 0.6939214910118325 0.047035573984121344 0.8036302288759102 0.04195369869083553 0.8137610574370449 0.04647091952237216 0.8154495387401396 0.05832862854003906 0.8120725761339502 0.06679842069551542 0.8032080789214199 0.0690570286342076 0.6994090256181735 0.06510446226442015 0.6956099723149272 0.060022586971134335 0.6930772503602852 0.05268209878500406
