1 0.015625 0.03125 0.026490284129977226 0.03278186172246933 0.04700630158185959 0.05138305202126503 0.054392069578170776 0.04262955114245415 0.0535714291036129 0.03125 0.045365020632743835 0.03125 0.02840511128306389 0.03125 0.015625 0.03125
0 0.1725643426179886 0.1684611439704895 0.18733587861061096 0.134541317820549 0.20128676295280457 0.11046919226646423 0.213596373796463 0.0907738134264946 0.23575367033481598 0.07983193546533585 0.2382155954837799 0.10280987620353699 0.23082983493804932 0.13672968745231628 0.2275472730398178 0.14767156541347504 0.20785188674926758 0.153142511844635 0.20210739970207214 0.16408438980579376 0.1897977888584137 0.1772146373987198 0.18077073991298676 0.18159139156341553
0 0.08393513411283493 0.15095412731170654 0.1126575618982315 0.15204831957817078 0.11676076799631119 0.17502625286579132 0.0987066701054573 0.16736693680286407
0 0.02320772036910057 0.2767857015132904 0.03059348650276661 0.25927871465682983 0.038799893110990524 0.25380775332450867 0.04618566110730171 0.27240896224975586 0.04946822300553322 0.2855392098426819 0.0535714291036129 0.29101017117500305 0.06506039947271347 0.29101017117500305 0.07737001031637192 0.2888217866420746 0.061777837574481964 0.3008578419685364 0.05110950767993927 0.31289389729499817 0.04372373968362808 0.31508228182792664 0.03305540978908539 0.3117997348308563 0.02320772036910057 0.30304622650146484 0.021566439419984818 0.29319852590560913
0 0.11840204894542694 0.14438900351524353 0.13153229653835297 0.13563551008701324 0.14548319578170776 0.13672968745231628 0.15943408012390137 0.14438900351524353 0.17174369096755981 0.1498599499464035 0.16353729367256165 0.1772146373987198 0.17092305421829224 0.19691002368927002 0.15286895632743835 0.20894606411457062 0.13973870873451233 0.2176995873451233 0.13235294818878174 0.21988795697689056 0.12742909789085388 0.20785188674926758 0.11922268569469452 0.1870623230934143 0.12414653599262238 0.17393207550048828 0.1200433298945427 0.15970763564109802
0 0.24231880903244019 0.03125 0.23739495873451233 0.03125 0.2382155954837799 0.03934698924422264 0.24313944578170776 0.05794817581772804 0.2620141804218292 0.048100490123033524 0.2669380307197571 0.043723735958337784 0.27104121446609497 0.03125 0.2735031545162201 0.03125 0.2735031545162201 0.03125 0.25380778312683105 0.03125
0 0.30304622650146484 0.08858543634414673 0.3219209611415863 0.07764355838298798 0.3399750590324402 0.07764355838298798 0.35228466987609863 0.07873774319887161 0.35884979367256165 0.10280987620353699 0.36623555421829224 0.12578780949115753 0.35802915692329407 0.13344712555408478 0.34079569578170776 0.12359943985939026 0.33176863193511963 0.11594012379646301 0.3186383843421936 0.10280987620353699
0 0.3596704304218292 0.14548319578170776 0.37198004126548767 0.13016456365585327 0.3810071051120758 0.12031687051057816 0.39331671595573425 0.11703431606292725 0.408908873796463 0.09843312948942184 0.415473997592926 0.08311449736356735 0.42121848464012146 0.07436099648475647 0.4400932192802429 0.0754551813006401 0.45240283012390137 0.07654937356710434 0.45650604367256165 0.08858543634414673 0.43927258253097534 0.109375 0.4261423349380493 0.1312587559223175 0.4187565743923187 0.1498599499464035 0.40808823704719543 0.16955532133579254 0.39988183975219727 0.17612044513225555 0.3875722289085388 0.17830882966518402 0.37526261806488037 0.17393207550048828 0.36869746446609497 0.1684611439704895
0 0.40070247650146484 0.03125 0.408908873796463 0.03125 0.4203978478908539 0.03125 0.42860424518585205 0.03125 0.43845194578170776 0.03125 0.43845194578170776 0.04262955114245415 0.4228597581386566 0.04591211676597595 0.41465336084365845 0.04481792822480202 0.41055014729499817 0.031687673181295395 0.4056263267993927 0.03125
0 0.45322346687316895 0.03125 0.4474789798259735 0.03125 0.4482996463775635 0.04919467866420746 0.4548647701740265 0.06560749560594559 0.4655330777168274 0.08202030509710312 0.4794839918613434 0.0754551813006401 0.48030462861061096 0.054665613919496536 0.47045692801475525 0.033876050263643265 0.47045692801475525 0.03125 0.4712775647640228 0.03125 0.45921415090560913 0.03125
0 0.4794839918613434 0.03125 0.47784268856048584 0.03125 0.48030462861061096 0.0349702388048172 0.48851102590560913 0.04700630530714989 0.49507614970207214 0.04262955114245415 0.507385790348053 0.03125 0.5180540680885315 0.03125 0.5320050120353699 0.03125 0.5385701060295105 0.03125 0.5369288325309753 0.03125 0.5147715210914612 0.03125 0.4958967864513397 0.03125
0 0.6321231722831726 0.04153536632657051 0.6518185138702393 0.043723735958337784 0.6723345518112183 0.04481792822480202 0.6797203421592712 0.05138305202126503 0.6854647994041443 0.0688900575041771 0.6928505897521973 0.0874912440776825 0.6985950469970703 0.10171568393707275 0.7076221108436584 0.12469363212585449 0.7141872644424438 0.13891807198524475 0.7191110849380493 0.15204831957817078 0.708442747592926 0.1586134433746338 0.6953125 0.15423668920993805 0.6788997054100037 0.15423668920993805 0.6641281247138977 0.15095412731170654 0.6542804837226868 0.15204831957817078 0.6395089030265808 0.15751926600933075 0.6354057192802429 0.14767156541347504 0.6370469927787781 0.13344712555408478 0.6378676295280457 0.12031687051057816 0.6427915096282959 0.1060924306511879 0.6509978771209717 0.09733893722295761 0.6460740566253662 0.08311449736356735 0.6403295397758484 0.06998424232006073 0.6370469927787781 0.06341911852359772 0.6329438090324402 0.0535714291036129
0 0.6830028891563416 0.04044117406010628 0.6944918632507324 0.03125 0.708442747592926 0.03125 0.721572995185852 0.04919467866420746 0.7297794222831726 0.06341911852359772 0.7330619692802429 0.07654937356710434 0.742089033126831 0.08858543634414673 0.7535780072212219 0.09843312948942184 0.759322464466095 0.11922269314527512 0.7658876180648804 0.13782387971878052 0.766708254814148 0.1465773731470108 0.7543986439704895 0.1465773731470108 0.7404477596282959 0.1465773731470108 0.7248555421829224 0.14438900351524353 0.7166491746902466 0.12469363212585449 0.708442747592926 0.10499825328588486 0.6985950469970703 0.08202030509710312 0.6920299530029297 0.061230745166540146 0.687926709651947 0.05138305202126503
0 0.7740939855575562 0.12141106277704239 0.7880449295043945 0.10828080773353577 0.8036370873451233 0.10390406101942062 0.8225117921829224 0.10062149912118912 0.8528755307197571 0.09843312948942184 0.8660057783126831 0.10171568393707275 0.8758534789085388 0.109375 0.8791360259056091 0.127976194024086 0.8684676885604858 0.13891807198524475 0.8479517102241516 0.14876575767993927 0.8422071933746338 0.1651785671710968 0.843848466873169 0.18487395346164703 0.8446691036224365 0.20456932485103607 0.8430278301239014 0.2275472730398178 0.8323594927787781 0.24177171289920807 0.813484787940979 0.2581845223903656 0.8019958138465881 0.2713147699832916 0.785582959651947 0.2800682783126831 0.7781972289085388 0.25709033012390137 0.7740939855575562 0.24505425989627838 0.7831210494041443 0.22864145040512085 0.7880449295043945 0.21222864091396332 0.785582959651947 0.20019257068634033 0.7781972289085388 0.17612044513225555 0.7749146819114685 0.16299019753932953 0.7732733488082886 0.14438900351524353
0 0.7888655662536621 0.2866334021091461 0.7995339035987854 0.27787989377975464 0.8102021813392639 0.2702206075191498 0.819229245185852 0.2614670693874359 0.826615035533905 0.25599613785743713 0.8372833728790283 0.24833683669567108 0.8463103771209717 0.24177171289920807 0.8545168042182922 0.25709033012390137 0.8561580777168274 0.26584383845329285 0.8389246463775635 0.2745973467826843 0.8323594927787781 0.28444501757621765 0.819229245185852 0.3008578419685364 0.8110228180885315 0.3085171580314636 0.800354540348053 0.30961135029792786 0.7905068397521973 0.3107055127620697
0 0.38264837861061096 0.2669380307197571 0.3924960494041443 0.24943101406097412 0.40808823704719543 0.24505425989627838 0.42860424518585205 0.24724264442920685 0.4540441036224365 0.25052520632743835 0.4753807783126831 0.24177171289920807 0.493434876203537 0.22864145040512085 0.5016412734985352 0.20675770938396454 0.5090270638465881 0.19472163915634155 0.5147715210914612 0.21332283318042755 0.5032825469970703 0.24067752063274384 0.49835872650146484 0.2614670693874359 0.4991793632507324 0.27787989377975464 0.49097296595573425 0.28444501757621765 0.47702205181121826 0.2921043336391449 0.4614298939704895 0.2953869104385376 0.4482996463775635 0.29319852590560913 0.43599003553390503 0.2866334021091461 0.41383272409439087 0.28116247057914734 0.39988183975219727 0.2735031545162201
0 0.4171152710914612 0.3566614091396332 0.42450106143951416 0.33368349075317383 0.4417344927787781 0.3227415978908539 0.45568540692329407 0.3117997348308563 0.46389180421829224 0.3052345812320709 0.4827665388584137 0.30632877349853516 0.49097296595573425 0.3293067216873169 0.4958967864513397 0.3413428068161011 0.4860491156578064 0.34681370854377747 0.46635371446609497 0.34681370854377747 0.4548647701740265 0.35228466987609863 0.44912028312683105 0.3676033020019531 0.4400932192802429 0.38401612639427185 0.43270745873451233 0.38620448112487793 0.42532169818878174 0.3763568103313446
0 0.2792476415634155 0.47045692801475525 0.29648110270500183 0.45513829588890076 0.31371453404426575 0.44857320189476013 0.32027968764305115 0.4529499113559723 0.311252623796463 0.4660801887512207 0.30961135029792786 0.48030462861061096 0.31043198704719543 0.493434876203537 0.291557252407074 0.48905813694000244 0.28499212861061096 0.48249301314353943
0 0.3284860849380493 0.46170341968536377 0.3440782427787781 0.4474790096282959 0.3596704304218292 0.4321603775024414 0.36869746446609497 0.4135591685771942 0.37526261806488037 0.38729867339134216 0.3777245283126831 0.36869749426841736 0.3949579894542694 0.3676033020019531 0.408908873796463 0.36869749426841736 0.4195772111415863 0.38401612639427185 0.42450106143951416 0.3949579894542694 0.4203978478908539 0.41137078404426575 0.4130120873451233 0.4310661852359772 0.40070247650146484 0.45185574889183044 0.39085477590560913 0.469362735748291 0.3785451650619507 0.4846813678741455 0.3670561909675598 0.4967174530029297 0.3613117039203644 0.5054709315299988 0.3539259433746338 0.517507016658783 0.34161633253097534 0.5142244696617126 0.3260241448879242 0.5010941624641418 0.32027968764305115 0.49562323093414307 0.3219209611415863 0.48249301314353943
0 0.3596704304218292 0.5798757076263428 0.3777245283126831 0.5667454600334167 0.395778626203537 0.556897759437561 0.40480566024780273 0.543767511844635 0.4064469635486603 0.526260495185852 0.39413735270500183 0.48577556014060974 0.3810071051120758 0.493434876203537 0.3769038915634155 0.5010941624641418 0.3711594045162201 0.5120360255241394 0.36541491746902466 0.5295431017875671 0.3637736439704895 0.5426732897758484 0.36213234066963196 0.5558035969734192
0 0.5090270638465881 0.17940300703048706 0.5147715210914612 0.1618960052728653 0.5303636789321899 0.15751926600933075 0.5500590801239014 0.16299019753932953 0.564009964466095 0.1684611439704895 0.5615480542182922 0.18159139156341553 0.5828847289085388 0.18925070762634277 0.59765625 0.19691002368927002 0.603400707244873 0.21004027128219604 0.59765625 0.23411239683628082 0.5960149765014648 0.24724264442920685 0.5796021819114685 0.26256129145622253 0.5705751180648804 0.2702206075191498 0.5558035969734192 0.28116247057914734 0.5443146228790283 0.28772759437561035 0.533646285533905 0.28772759437561035 0.5229779481887817 0.28116247057914734 0.5098477005958557 0.27787989377975464 0.507385790348053 0.26584383845329285 0.5090270638465881 0.25052520632743835 0.5164127945899963 0.23739494383335114 0.5213366746902466 0.21879376471042633 0.520516037940979 0.2023809552192688 0.5155921578407288 0.1870623230934143
0 0.49097296595573425 0.3676033020019531 0.5024619102478027 0.3610381782054901 0.5180540680885315 0.36213234066963196 0.526260495185852 0.3796393573284149 0.5303636789321899 0.4037114679813385 0.5196954011917114 0.4157475531101227 0.5 0.419030100107193 0.493434876203537 0.42668941617012024 0.486869752407074 0.4321603775024414 0.4860491156578064 0.4037114679813385 0.48769038915634155 0.38401612639427185
0 0.5385701060295105 0.37416842579841614 0.5566242337226868 0.37416842579841614 0.5763195753097534 0.3785451650619507 0.5910910964012146 0.381827712059021 0.5894498229026794 0.4015231132507324 0.5763195753097534 0.41793593764305115 0.5631893277168274 0.4277836084365845 0.5492384433746338 0.42450106143951416 0.5418526530265808 0.41246497631073 0.5402113795280457 0.3938637971878052
0 0.5984768867492676 0.38729867339134216 0.6132484078407288 0.38620448112487793 0.6214548349380493 0.3971463441848755 0.6165310144424438 0.4223126471042633 0.6206341981887817 0.4441964328289032 0.6271992921829224 0.46717438101768494 0.6296612620353699 0.4846813678741455 0.6206341981887817 0.5 0.6066833138465881 0.5043767690658569 0.5951943397521973 0.49890580773353577 0.5861672759056091 0.4813988208770752 0.584526002407074 0.4573266804218292 0.577140212059021 0.44200804829597473 0.5853466391563416 0.42450106143951416 0.5927324295043945 0.4135591685771942 0.5992975234985352 0.39933475852012634
0 0.7150079011917114 0.16736693680286407 0.7240349054336548 0.16080181300640106 0.7338826060295105 0.15423668920993805 0.7502954602241516 0.15423668920993805 0.7634257078170776 0.1586134433746338 0.7699908018112183 0.17502625286579132 0.766708254814148 0.1903448849916458 0.7568605542182922 0.2056635171175003 0.7535780072212219 0.2209821343421936 0.7470128536224365 0.23739494383335114 0.7355238795280457 0.25599613785743713 0.7281381487846375 0.2702206075191498 0.7223936319351196 0.27897408604621887 0.702698290348053 0.2767857015132904 0.6944918632507324 0.2669380307197571 0.6920299530029297 0.25709033012390137 0.6985950469970703 0.24396008253097534 0.7117252945899963 0.22864145040512085 0.7182904481887817 0.20785188674926758 0.7199317216873169 0.19143907725811005 0.7207523584365845 0.17940300703048706
0 0.8495929837226868 0.16299019753932953 0.8577993512153625 0.153142511844635 0.8684676885604858 0.14876575767993927 0.8840598464012146 0.15751926600933075 0.8922662734985352 0.17174369096755981 0.898010790348053 0.19472163915634155 0.8947281837463379 0.2209821343421936 0.8865218162536621 0.2363007664680481 0.8766741156578064 0.24943101406097412 0.8610819578170776 0.2527135908603668 0.8545168042182922 0.23520658910274506 0.8520548939704895 0.21551120281219482 0.8512342572212219 0.20019257068634033 0.8487723469734192 0.1870623230934143
0 0.9070377945899963 0.18268556892871857 0.9218093752861023 0.17283789813518524 0.9283744692802429 0.17393207550048828 0.9357602596282959 0.1837797611951828 0.9464285969734192 0.1990983933210373 0.9570968747138977 0.21660538017749786 0.9718684554100037 0.23520658910274506 0.9841780662536621 0.25380775332450867 0.9841780662536621 0.26912638545036316 0.967765212059021 0.2702206075191498 0.954634964466095 0.27240896224975586 0.9464285969734192 0.27787989377975464 0.9332982897758484 0.2614670693874359 0.9234506487846375 0.2549019753932953 0.9021139740943909 0.24505425989627838 0.9004727005958557 0.22645308077335358 0.903755247592926 0.21222864091396332 0.9062171578407288 0.1958158165216446
0 0.9529936909675598 0.2866334021091461 0.9628413915634155 0.2767857015132904 0.975151002407074 0.27787989377975464 0.980895459651947 0.28444501757621765 0.9784335494041443 0.2921043336391449 0.9661239385604858 0.3019520342350006 0.954634964466095 0.30632877349853516
0 0.7191110849380493 0.41137078404426575 0.7232142686843872 0.37526261806488037 0.7412683963775635 0.35228466987609863 0.7519367337226868 0.3665091097354889 0.7511160969734192 0.3916754424571991 0.7494747638702393 0.41246497631073 0.742089033126831 0.43981969356536865 0.7355238795280457 0.4573266804218292 0.7273175120353699 0.44200804829597473 0.7207523584365845 0.4288778007030487
0 0.7601431012153625 0.40261730551719666 0.7699908018112183 0.4015231132507324 0.7814797759056091 0.38073351979255676 0.7896862030029297 0.3697916567325592 0.800354540348053 0.35884979367256165 0.813484787940979 0.36541488766670227 0.8216911554336548 0.3763568103313446 0.8298975825309753 0.38948702812194824 0.839745283126831 0.39058125019073486 0.8577993512153625 0.388392835855484 0.8602613210678101 0.3971463441848755 0.8528755307197571 0.4201242923736572 0.839745283126831 0.43325456976890564 0.8315388560295105 0.44310224056243896 0.8208705186843872 0.45842087268829346 0.8184086084365845 0.47045692801475525 0.8036370873451233 0.48030462861061096 0.7946100234985352 0.4846813678741455 0.7831210494041443 0.4813988208770752 0.7642463445663452 0.48030462861061096 0.7552192807197571 0.48249301314353943 0.7470128536224365 0.47592785954475403 0.7429096698760986 0.4660801887512207 0.7486541271209717 0.449667364358902 0.7535780072212219 0.4277836084365845
0 0.8668264150619507 0.388392835855484 0.877494752407074 0.381827712059021 0.8914456367492676 0.3796393573284149 0.9045758843421936 0.37745097279548645 0.9152442216873169 0.37416842579841614 0.9357602596282959 0.3676033020019531 0.9324776530265808 0.38729867339134216 0.9193474054336548 0.40480566024780273 0.9053965210914612 0.41465339064598083 0.890625 0.4277836084365845 0.8799566626548767 0.4376312792301178 0.8668264150619507 0.4310661852359772 0.8602613210678101 0.4234068691730499 0.8619025945663452 0.40808823704719543
0 0.7954306602478027 0.493434876203537 0.819229245185852 0.4835871756076813 0.8372833728790283 0.4726453125476837 0.8545168042182922 0.4638918340206146 0.8660057783126831 0.45842087268829346 0.8865218162536621 0.4529499113559723 0.8939075469970703 0.449667364358902 0.9004727005958557 0.43872547149658203 0.9127823114395142 0.4201242923736572 0.9209886789321899 0.4277836084365845 0.9291951060295105 0.4507615566253662 0.9332982897758484 0.4726453125476837 0.9283744692802429 0.4912464916706085 0.9177061319351196 0.493434876203537 0.903755247592926 0.4901523292064667 0.8947281837463379 0.4978116452693939 0.8873424530029297 0.5043767690658569 0.8807772994041443 0.5076593160629272 0.8660057783126831 0.5065651535987854 0.8430278301239014 0.5043767690658569 0.8249737620353699 0.5 0.8184086084365845 0.5065651535987854 0.8077402710914612 0.5120360255241394 0.8019958138465881 0.5098477005958557
0 0.6928505897521973 0.5492384433746338 0.7141872644424438 0.5328256487846375 0.728958785533905 0.5273546576499939 0.7371651530265808 0.5492384433746338 0.7412683963775635 0.5678396224975586 0.7478334903717041 0.5820640921592712 0.7634257078170776 0.5984768867492676 0.7675288915634155 0.6170780658721924 0.766708254814148 0.6334908604621887 0.7609637379646301 0.6499037146568298 0.7453715801239014 0.6597514152526855 0.7338826060295105 0.667410671710968 0.7240349054336548 0.6936712265014648 0.7207523584365845 0.7166491150856018 0.721572995185852 0.7341561317443848 0.7199317216873169 0.7494747638702393 0.7092633843421936 0.7472863793373108 0.6977744102478027 0.7396271228790283 0.6871060729026794 0.7374387383460999 0.6780790686607361 0.7264968752861023 0.6608455777168274 0.7013304829597473 0.6534598469734192 0.6794467568397522 0.6526392102241516 0.6630339622497559 0.6723345518112183 0.6542804837226868 0.6830028891563416 0.6466211676597595 0.6903886795043945 0.6280199885368347 0.6920299530029297 0.6072303652763367 0.6903886795043945 0.5842524170875549 0.6903886795043945 0.5711222290992737
0 0.7691701650619507 0.6477153301239014 0.7781972289085388 0.6455269455909729 0.7847623229026794 0.6564688086509705 0.7896862030029297 0.6728816628456116 0.7823004126548767 0.6783525943756104 0.7749146819114685 0.6685048937797546 0.7716320753097534 0.6586571931838989
0 0.8725709319114685 0.7199317812919617 0.883239209651947 0.7144607901573181 0.8865218162536621 0.723214328289032 0.8955488204956055 0.723214328289032 0.9136029481887817 0.7100840210914612 0.9275538325309753 0.6958596110343933 0.9423253536224365 0.6838235259056091 0.9538143277168274 0.6827293038368225 0.9718684554100037 0.7002363204956055 0.9891018867492676 0.7100840210914612 0.9990234375 0.7222952246665955 0.9989495873451233 0.7505689263343811 0.9907431602478027 0.7604166865348816 0.9710478186607361 0.7702643871307373 0.9669445753097534 0.7888655662536621 0.9570968747138977 0.7888655662536621 0.9349396228790283 0.7779236435890198 0.9193474054336548 0.7702643871307373 0.9045758843421936 0.7647933959960938 0.8955488204956055 0.7549457550048828 0.8873424530029297 0.7418155074119568 0.877494752407074 0.7407212853431702 0.8725709319114685 0.7396271228790283 0.8725709319114685 0.7308735847473145
0 0.9349396228790283 0.8151260018348694 0.9431459903717041 0.7998073697090149 0.9579175710678101 0.7954306602478027 0.9710478186607361 0.8019958138465881 0.9833574295043945 0.8151260018348694 0.9891018867492676 0.8337273001670837 0.9849987030029297 0.8588935732841492 0.9915637969970703 0.8873424530029297 0.994025707244873 0.9048494696617126 0.9792541861534119 0.903755247592926 0.967765212059021 0.8862482905387878 0.9570968747138977 0.8829657435417175 0.9480698704719543 0.890625 0.9447872638702393 0.9015669226646423 0.9398634433746338 0.9125087261199951 0.9316570162773132 0.9146971106529236 0.924271285533905 0.9103203415870667 0.9275538325309753 0.8939075469970703 0.9308363795280457 0.8742122054100037 0.9332982897758484 0.859987735748291 0.9390428066253662 0.8490458130836487 0.9390428066253662 0.8337273001670837 0.9390428066253662 0.8271620869636536
0 0.05603335052728653 0.5809698700904846 0.07408744841814041 0.58753502368927 0.09132090210914612 0.5951943397521973 0.10773371905088425 0.6116071343421936 0.11347820609807968 0.6378676295280457 0.11922268569469452 0.661939799785614 0.14220063388347626 0.6827293038368225 0.15943408012390137 0.6936712265014648 0.17338497936725616 0.705707311630249 0.17748817801475525 0.7210259437561035 0.1758469045162201 0.7352502942085266 0.1586134433746338 0.7374387383460999 0.14220063388347626 0.7297794222831726 0.12086397409439087 0.7243084907531738 0.10363051295280457 0.7210259437561035 0.09296218305826187 0.7166491150856018 0.09952731430530548 0.7024247050285339 0.08885898441076279 0.6892945170402527 0.07654936611652374 0.6739758849143982 0.06916360557079315 0.6608455777168274 0.06259847432374954 0.6466211676597595 0.05275078862905502 0.6367734670639038 0.05193014815449715 0.6236432194709778 0.0535714291036129 0.6061362028121948 0.0535714291036129 0.5962885022163391
0 0.015625 0.698047935962677 0.015625 0.6892945170402527 0.024849001318216324 0.6903886795043945 0.03797925263643265 0.7013304829597473 0.0396205373108387 0.7210259437561035 0.036337971687316895 0.746192216873169 0.036337971687316895 0.7680759429931641 0.031414128839969635 0.798713207244873 0.029772846028208733 0.8118434548377991 0.021566439419984818 0.8238795399665833 0.015625 0.8216912150382996 0.015625 0.8184086680412292 0.015625 0.7483806014060974 0.015625 0.7166491150856018
0 0.045365020632743835 0.7024247050285339 0.06095719709992409 0.71555495262146 0.06916360557079315 0.7418155074119568 0.07408744841814041 0.7779236435890198 0.07490808516740799 0.8129376769065857 0.06506039947271347 0.8195028305053711 0.04946822300553322 0.8140318393707275 0.036337971687316895 0.8052783608436584 0.03715861216187477 0.7877714037895203 0.04126181825995445 0.7746410965919495 0.042903099209070206 0.7527573704719543 0.042903099209070206 0.7385329604148865 0.042903099209070206 0.723214328289032
0 0.0814732164144516 0.8457632660865784 0.10198923200368881 0.8413865566253662 0.11019564419984818 0.8621761202812195 0.11676076799631119 0.8862482905387878 0.11594012379646301 0.8993785381317139 0.11019564419984818 0.9103203415870667 0.10116859525442123 0.9070377945899963 0.09132090210914612 0.890625 0.08311449736356735 0.8753063678741455
0 0.16681985557079315 0.753851592540741 0.17748817801475525 0.7472863793373108 0.19061844050884247 0.7516631484031677 0.1963629275560379 0.7549457550048828 0.20949317514896393 0.7472863793373108 0.21934086084365845 0.7407212853431702 0.2283679097890854 0.736344575881958 0.23739495873451233 0.723214328289032 0.24313944578170776 0.7188374996185303 0.2554490566253662 0.7319677472114563 0.26857930421829224 0.7516631484031677 0.2554490566253662 0.7680759429931641 0.24724264442920685 0.7844887375831604 0.2414981573820114 0.7932422757148743 0.23903623223304749 0.8041841983795166 0.23247110843658447 0.8238795399665833 0.23082983493804932 0.8435749411582947 0.2316504716873169 0.8588935732841492 0.2275472730398178 0.8665528893470764 0.21523766219615936 0.867647111415863 0.20128676295280457 0.8577993512153625 0.18897715210914612 0.8381040096282959 0.1791294664144516 0.8140318393707275 0.16928178071975708 0.7943364977836609 0.16271664202213287 0.7844887375831604 0.1725643426179886 0.7724527716636658 0.16928178071975708 0.7669817805290222
0 0.18405330181121826 0.23411239683628082 0.19143907725811005 0.21332283318042755 0.20210739970207214 0.2056635171175003 0.2103138118982315 0.19472163915634155 0.22590598464012146 0.1936274617910385 0.23657432198524475 0.20019257068634033 0.23903623223304749 0.21551120281219482 0.23575367033481598 0.23739494383335114 0.23000919818878174 0.24943101406097412 0.21934086084365845 0.2614670693874359 0.200466126203537 0.2735031545162201 0.19143907725811005 0.28772759437561035 0.18487395346164703 0.29319852590560913 0.17995010316371918 0.2833508551120758 0.17995010316371918 0.26584383845329285 0.1865152269601822 0.2527135908603668
0 0.17338497936725616 0.03125 0.16599921882152557 0.03125 0.16599921882152557 0.03125 0.17995010316371918 0.03278186172246933 0.19554227590560913 0.0349702388048172 0.20128676295280457 0.033876050263643265 0.19718356430530548 0.03125 0.19143907725811005 0.03125 0.18405330181121826 0.03125
0 0.2661173939704895 0.7166491150856018 0.2702205777168274 0.6794467568397522 0.28170955181121826 0.6652223467826843 0.30304622650146484 0.6488094925880432 0.3211003243923187 0.6488094925880432 0.3391544222831726 0.6345850825309753 0.3457195460796356 0.6247373819351196 0.3539259433746338 0.6466211676597595 0.36869746446609497 0.6641281247138977 0.38018643856048584 0.6914828419685364 0.38346901535987854 0.7100840210914612 0.3744419515132904 0.7188374996185303 0.36623555421829224 0.7297794222831726 0.3678768277168274 0.7418155074119568 0.37526261806488037 0.7636992335319519 0.389213502407074 0.7658875584602356 0.3949579894542694 0.7746410965919495 0.39331671595573425 0.789959728717804 0.3859309256076813 0.8019958138465881 0.3744419515132904 0.798713207244873 0.3629530072212219 0.7921481132507324 0.35228466987609863 0.7855830192565918 0.34161633253097534 0.7855830192565918 0.32684481143951416 0.7801120281219482 0.31371453404426575 0.7702643871307373 0.29976364970207214 0.7604166865348816 0.28909531235694885 0.7494747638702393 0.28170955181121826 0.7429096698760986 0.27432379126548767 0.7308735847473145
0 0.015625 0.8588935732841492 0.015625 0.8479516506195068 0.028952205553650856 0.8446691036224365 0.045365020632743835 0.8479516506195068 0.05275078862905502 0.8523284792900085 0.06013655290007591 0.859987735748291 0.0675223246216774 0.8720238208770752 0.07408744841814041 0.8785889148712158 0.08229385316371918 0.8884366154670715 0.09050026535987854 0.9026610851287842 0.09788602590560913 0.9201681017875671 0.09788602590560913 0.934392511844635 0.09460346400737762 0.9453343749046326 0.0814732164144516 0.9529936909675598 0.07244616746902466 0.9562762379646301 0.061777837574481964 0.9617471694946289 0.05193014815449715 0.9705007076263428 0.04372373968362808 0.9803484082221985 0.033876050263643265 0.9770658016204834 0.03305540978908539 0.9497111439704895 0.029772846028208733 0.9387692809104919 0.024028360843658447 0.934392511844635 0.015625 0.921262264251709 0.015625 0.9146971106529236 0.015625 0.8993785381317139 0.015625 0.8829657435417175 0.015625 0.8759191036224365
0 0.12578780949115753 0.3829219341278076 0.13317358493804932 0.3730742037296295 0.14466255903244019 0.3829219341278076 0.1512276828289032 0.38948702812194824 0.16025473177433014 0.39605215191841125 0.16599921882152557 0.4069940745830536 0.15697216987609863 0.419030100107193 0.15040703117847443 0.4310661852359772 0.14466255903244019 0.4507615566253662 0.1372767835855484 0.4573266804218292 0.13317358493804932 0.4354429244995117 0.13317358493804932 0.4135591685771942 0.1298910230398178 0.40261730551719666
0 0.13481485843658447 0.5448617339134216 0.14466255903244019 0.5470500588417053 0.1512276828289032 0.556897759437561 0.1577928066253662 0.5711222290992737 0.16271664202213287 0.5864408612251282 0.17338497936725616 0.5995710492134094 0.1791294664144516 0.6203606724739075 0.1824120283126831 0.6509979367256165 0.18405330181121826 0.6816351413726807 0.18405330181121826 0.7013304829597473 0.17502626776695251 0.6969537734985352 0.1618960052728653 0.6816351413726807 0.1479451209306717 0.6685048937797546 0.13481485843658447 0.6553746461868286 0.1266084611415863 0.6400560140609741 0.12168461084365845 0.6137955188751221 0.11922268569469452 0.5919117331504822 0.12250525504350662 0.5722163915634155 0.13235294818878174 0.5558035969734192
0 0.41383272409439087 0.6838235259056091 0.4171152710914612 0.6739758849143982 0.4277836084365845 0.6685048937797546 0.44665834307670593 0.6717875003814697 0.45568540692329407 0.6739758849143982 0.4647124409675598 0.6794467568397522 0.47373950481414795 0.6892945170402527 0.4786633551120758 0.6991421580314636 0.48112526535987854 0.7188374996185303 0.47784268856048584 0.7308735847473145 0.4745601415634155 0.7429096698760986 0.45240283012390137 0.7319677472114563 0.44255515933036804 0.7243084907531738 0.4310661852359772 0.7122724056243896 0.42121848464012146 0.698047935962677
2 0.41485595703125 0.615966796875 0.42401123046875 0.608642578125 0.42950439453125 0.613525390625 0.43011474609375 0.6241047978401184 0.42645263671875 0.6289876103401184 0.42218017578125 0.628173828125
2 0.43492984771728516 0.6476395726203918 0.4386412501335144 0.6451652646064758 0.44165676832199097 0.6460931301116943 0.4393371343612671 0.6519694924354553 0.4360896646976471 0.6535159349441528
2 0.3299197554588318 0.8481020331382751 0.33299902081489563 0.8434097766876221 0.3351984918117523 0.848688542842865 0.3321192264556885 0.854553759098053
0 0.40404212474823 0.7864583134651184 0.421875 0.7864583134651184 0.43546196818351746 0.7762680649757385 0.44650134444236755 0.754755437374115 0.4524456560611725 0.7456974983215332 0.4685801565647125 0.751358687877655 0.48046875 0.7615489363670349 0.4923573434352875 0.7728714346885681 0.49575406312942505 0.7807970643043518 0.48641303181648254 0.795516312122345 0.47537365555763245 0.80910325050354 0.46603259444236755 0.8283514380455017 0.46263587474823 0.8487319350242615 0.45414403080940247 0.8634510636329651 0.4337635934352875 0.8532608151435852 0.421025812625885 0.8419384360313416 0.4125339686870575 0.829483687877655 0.40574049949645996 0.8170289993286133 0.39979618787765503 0.8079710006713867
0 0.47537365555763245 0.673233687877655 0.48726221919059753 0.6607789993286133 0.49830162525177 0.6641756892204285 0.5050951242446899 0.6811594367027283 0.5093410611152649 0.7083333134651184 0.51613450050354 0.7253170013427734 0.5305706262588501 0.7468297481536865 0.538213312625885 0.7626811861991882 0.5314198136329651 0.7683424353599548 0.51953125 0.7604166865348816 0.5144361257553101 0.7456974983215332 0.504245936870575 0.7298460006713867 0.49405571818351746 0.7253170013427734 0.4898097813129425 0.713994562625885 0.48556384444236755 0.7004075646400452 0.48216712474823 0.6890851855278015
0 0.48216712474823 0.7490941882133484 0.4881114065647125 0.7355072498321533 0.500849187374115 0.7366394996643066 0.5093410611152649 0.7468297481536865 0.5118885636329651 0.7615489363670349 0.5076426863670349 0.7706069350242615 0.49830162525177 0.7694746851921082 0.4915081560611725 0.7604166865348816
0 0.515285313129425 0.795516312122345 0.5246263742446899 0.7853260636329651 0.5322690010070801 0.7785325646400452 0.54245924949646 0.7649456858634949 0.5475543737411499 0.7604166865348816 0.5492526888847351 0.7751358151435852 0.5475543737411499 0.792119562625885 0.541610062122345 0.80910325050354 0.5331181883811951 0.8204257488250732 0.52292799949646 0.8226902484893799 0.515285313129425 0.81589674949646
1 0.5653872489929199 0.5475543141365051 0.5670856237411499 0.57472825050354 0.5662364363670349 0.5962409377098083 0.578974187374115 0.6086956858634949 0.5874660611152649 0.6211503744125366 0.5925611257553101 0.6403985619544983 0.6061481237411499 0.6539855003356934 0.62058424949646 0.6573822498321533 0.63502037525177 0.6585144996643066 0.6426630616188049 0.6607789993286133 0.65625 0.6505887508392334 0.6681385636329651 0.6426630616188049 0.678328812122345 0.6336050629615784 0.6817255616188049 0.6200181245803833 0.6825747489929199 0.5905796885490417 0.67917799949646 0.5498188138008118 0.67238450050354 0.5339673757553101 0.6486073136329651 0.5317029356956482 0.632472813129425 0.5181159377098083 0.6239809989929199 0.5147191882133484 0.6069973111152649 0.5135869383811951 0.5917119383811951 0.5158514380455017 0.580672562122345 0.5305706858634949
2 0.504245936870575 0.30978259444236755 0.5076426863670349 0.29959240555763245 0.516983687877655 0.3018568754196167 0.51783287525177 0.31431159377098083 0.5118885636329651 0.3188405930995941
2 0.8516905903816223 0.6139002442359924 0.8552126288414001 0.6104849576950073 0.8577740788459778 0.6164617538452148 0.8561731576919556 0.6194501519203186 0.8536117076873779 0.6198770403862
2 0.25503644347190857 0.8295295238494873 0.26216861605644226 0.8236774802207947 0.26600903272628784 0.833918571472168 0.260522723197937 0.8419651389122009 0.25503644347190857 0.8390390872955322
0 0.8965180516242981 0.5628591775894165 0.9200902581214905 0.5550017952919006 0.9428206086158752 0.5505118370056152 0.953764796257019 0.5505118370056152 0.9546066522598267 0.5774515271186829 0.9529229402542114 0.6043911576271057 0.9579741358757019 0.6290858387947083 0.9588159918785095 0.6414331793785095 0.947871744632721 0.6492906212806702 0.9377694129943848 0.6369432806968689 0.9209321141242981 0.6268408894538879 0.9074622988700867 0.6268408894538879 0.899043619632721 0.6156160235404968 0.899043619632721 0.5965337753295898 0.899043619632721 0.5796964764595032
0 0.2373383641242981 0.16774426400661469 0.25922682881355286 0.16886673867702484 0.2752222418785095 0.16774426400661469 0.2743803858757019 0.18009160459041595 0.2760641276836395 0.19468390941619873 0.2760641276836395 0.20815373957157135 0.27269667387008667 0.22499102354049683 0.2752222418785095 0.2418283075094223 0.2743803858757019 0.2530531585216522 0.26511988043785095 0.2564206123352051 0.2508081793785095 0.24968570470809937 0.24070581793785095 0.24631823599338531 0.24154768884181976 0.23172593116760254 0.24575699865818024 0.2137661576271057 0.24238954484462738 0.2025413066148758 0.23312903940677643 0.19131644070148468 0.2306034415960312 0.1812140792608261
0 0.14978447556495667 0.9950161576271057 0.1523100733757019 0.9781789183616638 0.158203125 0.9568516612052917 0.1708310842514038 0.9523617625236511 0.19271956384181976 0.9546067118644714 0.20534752309322357 0.9568516612052917 0.2061893790960312 0.9748113751411438 0.21039870381355286 0.98828125 0.2061893790960312 0.9983835816383362 0.19019396603107452 0.9961386322975159 0.17924973368644714 0.9950161576271057 0.16072872281074524 0.9916486740112305
0 0.04455145448446274 0.9938936829566956 0.07485856860876083 0.9894037246704102 0.10516567528247833 0.9927712082862854 0.11610991507768631 0.9938936829566956 0.11021686345338821 0.9815463423728943 0.10011449456214905 0.969199001789093 0.09337957948446274 0.9613416194915771 0.08243534713983536 0.9613416194915771 0.07401670515537262 0.9680765271186829 0.06475619971752167 0.9725664258003235 0.057179417461156845 0.9815463423728943 0.05128636956214905 0.9871587753295898
0 0.27269667387008667 0.9198096394538879 0.28364089131355286 0.9108297228813171 0.2987944483757019 0.8984823822975159 0.3097386956214905 0.8872575759887695 0.3223666548728943 0.881645143032074 0.3307853043079376 0.8805226683616638 0.3408876657485962 0.8827676177024841 0.3526737689971924 0.8951149582862854 0.35604122281074524 0.9007273316383362 0.3484644293785095 0.9141972064971924 0.3333108723163605 0.9254220128059387 0.32657596468925476 0.9287895560264587 0.32068291306495667 0.9332794547080994 0.31478986144065857 0.931034505367279 0.3004781901836395 0.9344019293785095 0.2920595407485962 0.9400143623352051 0.28279903531074524 0.9355244636535645
0 0.29542699456214905 0.9534842371940613 0.30216190218925476 0.9467492699623108 0.3097386956214905 0.9445043206214905 0.31899920105934143 0.9456267952919006 0.3232085108757019 0.9568516612052917 0.3240503668785095 0.969199001789093 0.3181573152542114 0.975933849811554 0.3105805516242981 0.9781789183616638 0.3046875 0.9770564436912537 0.2987944483757019 0.9714439511299133
0 0.40486934781074524 0.9018498063087463 0.4141298532485962 0.8749101758003235 0.4208647608757019 0.8603178858757019 0.43433457612991333 0.8603178858757019 0.45369747281074524 0.8726652264595032 0.46716728806495667 0.8805226683616638 0.4814789891242981 0.8962374329566956 0.4890557527542114 0.9164421558380127 0.49242323637008667 0.9332794547080994 0.4873720407485962 0.9467492699623108 0.4764277935028076 0.931034505367279 0.46632543206214905 0.9299120306968689 0.4520137310028076 0.9377694129943848 0.44106951355934143 0.947871744632721 0.4318090081214905 0.9613416194915771 0.4309671223163605 0.975933849811554 0.4334927201271057 0.9927712082862854 0.42339035868644714 0.997261106967926 0.4073949456214905 0.9961386322975159 0.3956088423728943 0.997261106967926 0.40571120381355286 0.9714439511299133 0.4082368016242981 0.947871744632721 0.4090786576271057 0.9276670813560486 0.4090786576271057 0.9153196811676025
0 0.5016837120056152 0.7940912246704102 0.48989763855934143 0.8041935563087463 0.4814789891242981 0.8154184818267822 0.4755859375 0.8300108313560486 0.4705347418785095 0.8446030616760254 0.46632543206214905 0.8603178858757019 0.46716728806495667 0.8704202771186829 0.4755859375 0.8760326504707336 0.48989763855934143 0.8771551251411438 0.5 0.8648078441619873 0.5042093396186829 0.850215494632721 0.5042093396186829 0.8389906883239746 0.5075767636299133 0.8243983387947083 0.5058930516242981 0.8075610995292664
0 0.563139796257019 0.773886501789093 0.5782933831214905 0.780621349811554 0.5951306819915771 0.7862338423728943 0.6102842092514038 0.79296875 0.6254377961158752 0.7940912246704102 0.6346982717514038 0.7963361740112305 0.6439588069915771 0.821030855178833 0.6490099430084229 0.8412356376647949 0.638065755367279 0.8524604439735413 0.6212284564971924 0.8670527935028076 0.6035493016242981 0.878277599811554 0.5858701467514038 0.8850125670433044 0.5656654238700867 0.9052173495292664 0.5454606413841248 0.9108297228813171 0.5218884944915771 0.9119522571563721 0.5109442472457886 0.9119522571563721 0.49747440218925476 0.909707248210907 0.4949488043785095 0.8962374329566956 0.4957906901836395 0.8850125670433044 0.5033674836158752 0.8760326504707336 0.5117861032485962 0.8603178858757019 0.5176791548728943 0.8412356376647949 0.5168372988700867 0.8300108313560486 0.5362001657485962 0.8311333060264587 0.5463025569915771 0.8232758641242981 0.5530374646186829 0.8030710816383362 0.5555630326271057 0.7884787917137146
0 0.5782933831214905 0.9074622988700867 0.5909213423728943 0.8973599076271057 0.6010237336158752 0.8883800506591797 0.6111260652542114 0.8838900923728943 0.6178609728813171 0.8883800506591797 0.6346982717514038 0.9063398241996765 0.6397494673728943 0.9119522571563721 0.6481680870056152 0.931034505367279 0.636381983757019 0.9422593116760254 0.6161772608757019 0.9534842371940613 0.606074869632721 0.960219144821167 0.5968143939971924 0.9557291865348816 0.5926050543785095 0.9445043206214905 0.587553858757019 0.9366469383239746 0.5825027227401733 0.9287895560264587
0 0.6574286222457886 0.8131734728813171 0.6801589727401733 0.8041935563087463 0.6902613043785095 0.801948606967926 0.6936287879943848 0.8131734728813171 0.6877357363700867 0.8243983387947083 0.6734240055084229 0.8345007300376892 0.6641635298728943 0.8535829186439514 0.6582704782485962 0.8446030616760254 0.654902994632721 0.8266432881355286
0 0.6700565814971924 0.8591954112052917 0.6717402935028076 0.878277599811554 0.679317057132721 0.8951149582862854 0.6885775923728943 0.902972400188446 0.6953125 0.9052173495292664 0.703731119632721 0.881645143032074 0.711307942867279 0.8636853694915771 0.7239359021186829 0.8479705452919006 0.728145182132721 0.8367456793785095 0.7180428504943848 0.8243983387947083 0.7045730352401733 0.8266432881355286 0.6902613043785095 0.8322557806968689 0.681000828742981 0.8389906883239746 0.6742659211158752 0.8490930199623108
0 0.42928341031074524 0.42928341031074524 0.44275322556495667 0.44724318385124207 0.46127423644065857 0.4674479067325592 0.4739021956920624 0.48540768027305603 0.4814789891242981 0.5145923495292664 0.4957906901836395 0.5280621647834778 0.510102391242981 0.538164496421814 0.5244140625 0.5550017952919006 0.534516453742981 0.5774515271186829 0.5429350733757019 0.5954112410545349 0.548828125 0.6077585816383362 0.5496699810028076 0.6201059818267822 0.5395675897598267 0.635820746421814 0.5286234021186829 0.6459231376647949 0.5193628668785095 0.6526580452919006 0.5117861032485962 0.6459231376647949 0.5050511956214905 0.6156160235404968 0.5008418560028076 0.5864313840866089 0.4823208451271057 0.5695940852165222 0.4713766276836395 0.5505118370056152 0.45959052443504333 0.5392870306968689 0.4385439157485962 0.5246946811676025 0.4318090081214905 0.5101023316383362 0.4225485026836395 0.49887752532958984 0.4040274918079376 0.4887751340866089 0.39981815218925476 0.4741828441619873 0.4065530598163605 0.45510056614875793 0.4158135652542114 0.4371408224105835 0.41918104887008667 0.4304058849811554
0 0.782866358757019 0.8535829186439514 0.79296875 0.8412356376647949 0.8022292852401733 0.8558279871940613 0.8081222772598267 0.8794001936912537 0.8182246685028076 0.8984823822975159 0.8300107717514038 0.9175646305084229 0.8409550189971924 0.9242995381355286 0.850215494632721 0.9344019293785095 0.8653690814971924 0.947871744632721 0.8754714727401733 0.9534842371940613 0.8864156603813171 0.9568516612052917 0.9024111032485962 0.9624640941619873 0.9116715788841248 0.9725664258003235 0.9133553504943848 0.9849138259887695 0.9099878668785095 0.9961386322975159 0.9032529592514038 0.9983835816383362 0.8954741358757019 0.9986979365348816 0.8476899266242981 0.9961386322975159 0.833378255367279 0.9938936829566956 0.8140153288841248 0.98828125 0.8005455136299133 0.9703214764595032 0.79296875 0.9512391686439514 0.7912850379943848 0.9321569800376892 0.7896012663841248 0.9130747318267822 0.7887594103813171 0.8973599076271057 0.7862338423728943 0.881645143032074 0.7853919863700867 0.8659303188323975
0 0.7432987689971924 0.9983835816383362 0.7374057173728943 0.9871587753295898 0.744140625 0.9635865688323975 0.754243016242981 0.9557291865348816 0.7719221711158752 0.9534842371940613 0.7837082147598267 0.9546067118644714 0.7938106060028076 0.9680765271186829 0.7997036576271057 0.9804238677024841 0.8039129972457886 0.9961386322975159
0 0.8754714727401733 0.7503142952919006 0.8864156603813171 0.7581717371940613 0.9015692472457886 0.7716414928436279 0.9150390625 0.780621349811554 0.9158809185028076 0.7940912246704102 0.906620442867279 0.7974587082862854 0.8931505680084229 0.7896013259887695 0.8788388967514038 0.7794988751411438 0.8704202771186829 0.7615391612052917
1 0.015625 0.03125 0.015625 0.03865840658545494 0.019295528531074524 0.05774065852165222 0.015625 0.08019037544727325 0.015625 0.09815014153718948 0.015625 0.09815014153718948 0.015625 0.08627424389123917 0.015625 0.05100574716925621 0.015625 0.03125
1 0.059705011546611786 0.03125 0.0723329707980156 0.03125 0.08411907404661179 0.03125 0.09506330639123917 0.03125 0.0975889042019844 0.040903378278017044 0.09506330639123917 0.06110811606049538 0.07570043206214905 0.06335309147834778 0.06559806317090988 0.054373204708099365 0.05886314809322357 0.04539331793785095 0.05886314809322357 0.03125
1 0.027714170515537262 0.054373204708099365 0.04539331793785095 0.05774065852165222 0.05802128091454506 0.06672054529190063 0.05802128091454506 0.10151759535074234 0.059705011546611786 0.12845726311206818 0.04034213349223137 0.12733477354049683 0.028556033968925476 0.12508979439735413 0.020137391984462738 0.11049748212099075 0.017611799761652946 0.09927263110876083 0.021821120753884315 0.0790678858757019
1 0.06728179007768631 0.07121048867702484 0.08748652786016464 0.07121048867702484 0.10179822146892548 0.07008800655603409 0.11021686345338821 0.08917025476694107 0.12621228396892548 0.11386493593454361 0.13210533559322357 0.12172234058380127 0.11863550543785095 0.13182471692562103 0.10853313654661179 0.1419270783662796 0.09001212567090988 0.14304956793785095 0.07401670515537262 0.1396821141242981 0.06812365353107452 0.13070222735404968 0.06559806317090988 0.10825251787900925 0.06559806317090988 0.09253770858049393
1 0.015625 0.1116199716925621 0.015625 0.109375 0.020137391984462738 0.12957973778247833 0.016769934445619583 0.14753951132297516 0.015625 0.17335666716098785 0.015625 0.17113737761974335 0.015625 0.14529453217983246 0.015625 0.13806574046611786 0.015625 0.11274245381355286
1 0.015625 0.18458153307437897 0.015625 0.18682651221752167 0.016769934445619583 0.20703125 0.026030441746115685 0.22274605929851532 0.021821120753884315 0.23846083879470825 0.017611799761652946 0.2564206123352051 0.015625 0.2833602726459503 0.01845366321504116 0.3226472735404968 0.02518857829272747 0.3372395932674408 0.01845366321504116 0.34509697556495667 0.015625 0.3484644591808319 0.015625 0.32713720202445984 0.015625 0.28996047377586365 0.015625 0.24856321513652802 0.015625 0.22274605929851532
1 0.028556033968925476 0.13855962455272675 0.04791891202330589 0.13855962455272675 0.059705011546611786 0.1441720575094223 0.0731748417019844 0.15539690852165222 0.08917026221752167 0.16774426400661469 0.10432381182909012 0.1789691001176834 0.1152680516242981 0.1958063840866089 0.11863550543785095 0.21264368295669556 0.10095635801553726 0.21488864719867706 0.07990974932909012 0.21601112186908722 0.06896551698446274 0.21713362634181976 0.04539331793785095 0.2182561159133911 0.03444908559322357 0.21937859058380127 0.02518857829272747 0.2047862857580185 0.01845366321504116 0.19019396603107452 0.015625 0.17784662544727325 0.01845366321504116 0.16100934147834778 0.023504849523305893 0.1486620008945465
1 0.10684940963983536 0.03125 0.11610991507768631 0.03125 0.13547278940677643 0.03125 0.13884024322032928 0.03125 0.14136584103107452 0.047638293355703354 0.1455751657485962 0.07345546036958694 0.14894261956214905 0.09366020560264587 0.14304956793785095 0.09927263110876083 0.13547278940677643 0.1071300283074379 0.12537041306495667 0.09478268772363663 0.11695177853107452 0.0790678858757019 0.10853313654661179 0.06559806317090988 0.1034819483757019 0.05549569055438042 0.1034819483757019 0.039780888706445694
1 0.14473329484462738 0.03125 0.14810074865818024 0.03125 0.14978447556495667 0.046515803784132004 0.1523100733757019 0.06447557359933853 0.158203125 0.09141522645950317 0.16157057881355286 0.10264008492231369 0.1708310842514038 0.11610991507768631 0.1826171875 0.11835488677024841 0.18514278531074524 0.10488506406545639 0.19356141984462738 0.09029274433851242 0.2061893790960312 0.08243534713983536 0.2196592092514038 0.07570043206214905 0.22976158559322357 0.06896551698446274 0.22891971468925476 0.04988326132297516 0.2247104048728943 0.039780888706445694 0.2129243016242981 0.039780888706445694 0.20450565218925476 0.039780888706445694 0.19861260056495667 0.042025864124298096 0.18430091440677643 0.040903378278017044 0.17167295515537262 0.03865840658545494 0.16325430572032928 0.034168463200330734 0.1573612540960312 0.03125 0.15988685190677643 0.03125
1 0.2011381983757019 0.03125 0.2061893790960312 0.03125 0.2137661576271057 0.03125 0.2196592092514038 0.03125 0.22807785868644714 0.03192349150776863 0.2306034415960312 0.03125 0.23312903940677643 0.03125 0.2247104048728943 0.03125 0.21039870381355286 0.03125
1 0.2802734375 0.03125 0.2802734375 0.03125 0.2811152935028076 0.035290949046611786 0.28785020112991333 0.05100574716925621 0.29626885056495667 0.05661817267537117 0.31310614943504333 0.05774065852165222 0.31984105706214905 0.05661817267537117 0.3358364701271057 0.052128229290246964 0.3476225733757019 0.05100574716925621 0.3526737689971924 0.042025864124298096 0.35099002718925476 0.03125 0.3476225733757019 0.03125 0.3408876657485962 0.03125 0.33246901631355286 0.03125 0.3164736032485962 0.03125 0.3038456439971924 0.03125 0.29037579894065857 0.03125
1 0.3476225733757019 0.03125 0.3594086766242981 0.03125 0.36361798644065857 0.03753592073917389 0.36782732605934143 0.047638293355703354 0.38634833693504333 0.04876077547669411 0.39981815218925476 0.04988326132297516 0.4031856060028076 0.0442708320915699 0.4006600081920624 0.03125 0.39476698637008667 0.03125 0.3888739347457886 0.03125 0.3728784918785095 0.03125
1 0.35604122281074524 0.06559806317090988 0.36782732605934143 0.05998563393950462 0.3829808831214905 0.05774065852165222 0.3964506983757019 0.05886314809322357 0.4073949456214905 0.06447557359933853 0.4090786576271057 0.0768229141831398 0.39981815218925476 0.09366020560264587 0.39476698637008667 0.10376256704330444 0.3888739347457886 0.11049748212099075 0.3796134293079376 0.1116199716925621 0.3728784918785095 0.1116199716925621 0.3653017282485962 0.09702765941619873 0.36109238862991333 0.09029274433851242
1 0.24491514265537262 0.0723329707980156 0.2516500651836395 0.06447557359933853 0.26596173644065857 0.05549569055438042 0.2819571793079376 0.05886314809322357 0.2920595407485962 0.0723329707980156 0.29542699456214905 0.08917025476694107 0.29542699456214905 0.10488506406545639 0.2920595407485962 0.12059985846281052 0.2853246331214905 0.13855962455272675 0.2794315814971924 0.15427441895008087 0.26596173644065857 0.15764187276363373 0.25333377718925476 0.15764187276363373 0.23565463721752167 0.15764187276363373 0.23481276631355286 0.1396821141242981 0.23902209103107452 0.12396731227636337 0.24154768884181976 0.10825251787900925 0.2432314157485962 0.08692529052495956
1 0.3055293560028076 0.10488506406545639 0.30132004618644714 0.12621228396892548 0.29458513855934143 0.1486620008945465 0.2861664891242981 0.16549928486347198 0.2870083451271057 0.17560166120529175 0.2979525923728943 0.19805137813091278 0.3038456439971924 0.21488864719867706 0.30721309781074524 0.22611349821090698 0.3181573152542114 0.2283584624528885 0.33752021193504333 0.23172593116760254 0.34593886137008667 0.23172593116760254 0.3551993668079376 0.23172593116760254 0.36951103806495667 0.23621587455272675 0.3762459456920624 0.2328484207391739 0.3770878314971924 0.2137661576271057 0.3762459456920624 0.20141881704330444 0.3728784918785095 0.18907147645950317 0.36361798644065857 0.17335666716098785 0.3577249348163605 0.16213183104991913 0.353515625 0.15202945470809937 0.3493063151836395 0.14304956793785095 0.3408876657485962 0.13631464540958405 0.3291015625 0.12508979439735413 0.3156317472457886 0.11274245381355286
1 0.1952451467514038 0.3024425208568573 0.20366379618644714 0.28223779797554016 0.21544989943504333 0.27325791120529175 0.22639413177967072 0.2631555497646332 0.23902209103107452 0.2564206123352051 0.2567012310028076 0.2654004991054535 0.2676454782485962 0.2698904573917389 0.27185478806495667 0.2957076132297516 0.2743803858757019 0.3159123659133911 0.2625942826271057 0.32713720202445984 0.24659886956214905 0.3394845724105835 0.2322871834039688 0.35183191299438477 0.2196592092514038 0.3563218414783478 0.20955684781074524 0.34509697556495667 0.2011381983757019 0.32713720202445984
1 0.015625 0.36642420291900635 0.015625 0.35744431614875793 0.015625 0.38326147198677063 0.02266298420727253 0.40795615315437317 0.015625 0.4135686159133911 0.015625 0.41020116209983826 0.015625 0.39224138855934143
1 0.019295528531074524 0.359689325094223 0.028556033968925476 0.35183191299438477 0.04034213349223137 0.36642420291900635 0.060546875 0.3821389973163605 0.06728179007768631 0.39448633790016174 0.059705011546611786 0.40122127532958984 0.04286772757768631 0.39673134684562683 0.031081628054380417 0.4000987708568573 0.02518857829272747 0.3956088125705719 0.021821120753884315 0.38326147198677063
1 0.015625 0.42142602801322937 0.020137391984462738 0.42142602801322937 0.030239762738347054 0.4371408224105835 0.046235181391239166 0.47306033968925476 0.05549569055438042 0.5056124329566956 0.060546875 0.5336745381355286 0.05802128091454506 0.557246744632721 0.043709591031074524 0.5774515271186829 0.0420258603990078 0.6122485995292664 0.0420258603990078 0.6290858387947083 0.027714170515537262 0.635820746421814 0.015625 0.6369432806968689 0.015625 0.6265265941619873 0.015625 0.5718390941619873 0.015625 0.49214258790016174 0.015625 0.4483656585216522
1 0.030239762738347054 0.4158135652542114 0.04791891202330589 0.4090786874294281 0.06812365353107452 0.4090786874294281 0.0790678858757019 0.40234375 0.10011449456214905 0.406833678483963 0.11695177853107452 0.41469109058380127 0.12873788177967072 0.4416307508945465 0.1346309334039688 0.4797952473163605 0.13547278940677643 0.5101023316383362 0.12537041306495667 0.5246946811676025 0.10769127309322357 0.5280621647834778 0.08917026221752167 0.5291846394538879 0.06812365353107452 0.5224497318267822 0.061388738453388214 0.5112248659133911 0.05633755400776863 0.48765265941619873 0.04876077547669411 0.457345575094223 0.0420258603990078 0.4416307508945465 0.036974675953388214 0.4304058849811554
1 0.04791891202330589 0.22611349821090698 0.08411907404661179 0.22723598778247833 0.109375 0.22274605929851532 0.1211610957980156 0.22948096692562103 0.1278960108757019 0.2440732717514038 0.13799838721752167 0.25193068385124207 0.15483567118644714 0.27550289034843445 0.16325430572032928 0.29683008790016174 0.1640961766242981 0.31254491209983826 0.1514682173728943 0.33611711859703064 0.1405239701271057 0.34958693385124207 0.12873788177967072 0.3608117997646332 0.11779364198446274 0.3765265941619873 0.11863550543785095 0.39673134684562683 0.10684940963983536 0.3956088125705719 0.0908539891242981 0.3888739347457886 0.07990974932909012 0.3810165226459503 0.0546538271009922 0.36417925357818604 0.0420258603990078 0.3529543876647949 0.03192349150776863 0.3372395932674408 0.035290949046611786 0.3260147273540497 0.057179417461156845 0.31703484058380127 0.07064924389123917 0.31029993295669556 0.08075161278247833 0.2979525923728943 0.08327721059322357 0.2844827473163605 0.07485856860876083 0.27999281883239746 0.06475619971752167 0.27550289034843445 0.059705011546611786 0.2743803858757019 0.05381195992231369 0.26427802443504333 0.04539331793785095 0.25193068385124207 0.03865840658545494 0.2440732717514038 0.031081628054380417 0.2373383641242981 0.036974675953388214 0.22948096692562103
1 0.14473329484462738 0.36417925357818604 0.15315194427967072 0.36866918206214905 0.16157057881355286 0.3720366656780243 0.17251481115818024 0.36642420291900635 0.19187769293785095 0.36193427443504333 0.20282192528247833 0.3540768623352051 0.1893520951271057 0.3305046856403351 0.1885102391242981 0.3069324791431427 0.1817753165960312 0.29907506704330444 0.17251481115818024 0.27774783968925476 0.1649380326271057 0.26427802443504333 0.15315194427967072 0.24968570470809937 0.14810074865818024 0.2564206123352051 0.1590449959039688 0.2721354067325592 0.16662177443504333 0.2889727056026459 0.1699892282485962 0.30581000447273254 0.16830550134181976 0.3215247690677643 0.1640961766242981 0.3305046856403351 0.15651939809322357 0.34285199642181396 0.14978447556495667 0.3540768623352051
1 0.16662177443504333 0.38438400626182556 0.18598464131355286 0.3765265941619873 0.2011381983757019 0.3697916567325592 0.21208243072032928 0.3675466775894165 0.2196592092514038 0.39448633790016174 0.2247104048728943 0.4247934818267822 0.2255522608757019 0.444998174905777 0.2322871834039688 0.4584680497646332 0.24491514265537262 0.4696929156780243 0.2373383641242981 0.48765265941619873 0.22723598778247833 0.5123473405838013 0.2188173532485962 0.5202047228813171 0.2011381983757019 0.5213271975517273 0.18598464131355286 0.5202047228813171 0.16830550134181976 0.5134698152542114 0.15399380028247833 0.5123473405838013 0.14389143884181976 0.5078573822975159 0.1405239701271057 0.4797952473163605 0.1405239701271057 0.4674479067325592 0.15399380028247833 0.4517331123352051 0.16157057881355286 0.43377336859703064 0.16830550134181976 0.42142602801322937 0.17335668206214905 0.406833678483963
1 0.06896551698446274 0.5325520634651184 0.0849609375 0.5392870306968689 0.0967470332980156 0.5392870306968689 0.1220029667019844 0.5347970724105835 0.12621228396892548 0.540409505367279 0.12368669360876083 0.5538793206214905 0.11779364198446274 0.5651041865348816 0.1152680516242981 0.5808189511299133 0.11274245381355286 0.5920438170433044 0.10432381182909012 0.5909213423728943 0.08748652786016464 0.5819414258003235 0.07738415896892548 0.5774515271186829 0.06475619971752167 0.5707165598869324 0.0664399266242981 0.559491753578186 0.0664399266242981 0.5471444129943848
1 0.1329471915960312 0.5336745381355286 0.1405239701271057 0.5202047228813171 0.15399380028247833 0.5224497318267822 0.17251481115818024 0.5291846394538879 0.17924973368644714 0.5336745381355286 0.16746363043785095 0.5460218787193298 0.1514682173728943 0.5392870306968689
1 0.16577990353107452 0.559491753578186 0.17924973368644714 0.5471444129943848 0.19103583693504333 0.5336745381355286 0.2078731209039688 0.5303071141242981 0.2247104048728943 0.5392870306968689 0.2314453125 0.559491753578186 0.24154768884181976 0.5774515271186829 0.2575431168079376 0.5931662917137146 0.26343613862991333 0.6144935488700867 0.2575431168079376 0.6268408894538879 0.24828259646892548 0.6414331793785095 0.23986396193504333 0.6526580452919006 0.2306034415960312 0.6638829112052917 0.21544989943504333 0.676230251789093 0.2061893790960312 0.6784752011299133 0.1952451467514038 0.6773527264595032 0.1885102391242981 0.6582704782485962 0.18598464131355286 0.6201059818267822 0.17924973368644714 0.5999012589454651 0.1708310842514038 0.5830639004707336 0.16662177443504333 0.5740840435028076
1 0.18766836822032928 0.7200071811676025 0.19103583693504333 0.704292356967926 0.19945447146892548 0.6930675506591797 0.21124057471752167 0.6874551177024841 0.22807785868644714 0.676230251789093 0.24154768884181976 0.6638829112052917 0.2567012310028076 0.6369432806968689 0.27101293206214905 0.6144935488700867 0.2752222418785095 0.6077585816383362 0.2979525923728943 0.6043911576271057 0.3173154592514038 0.6032686829566956 0.33162716031074524 0.606636106967926 0.3349946141242981 0.616738498210907 0.3358364701271057 0.6290858387947083 0.32068291306495667 0.6369432806968689 0.30132004618644714 0.638065755367279 0.28869208693504333 0.6459231376647949 0.2760641276836395 0.6627604365348816 0.2625942826271057 0.6795976758003235 0.2617524266242981 0.7211296558380127 0.2499663233757019 0.7188847064971924 0.23565463721752167 0.7155172228813171 0.22386853396892548 0.723374605178833 0.21629175543785095 0.7312319874763489 0.20366379618644714 0.735722005367279 0.1952451467514038 0.7402119636535645 0.1885102391242981 0.7390894293785095
1 0.015625 0.638065755367279 0.015625 0.6448006629943848 0.03444908559322357 0.6448006629943848 0.04539331793785095 0.6448006629943848 0.05633755400776863 0.654902994632721 0.06896551698446274 0.6728627681732178 0.08327721059322357 0.6919450759887695 0.09001212567090988 0.7031698822975159 0.0908539891242981 0.7132722735404968 0.08580280095338821 0.7256196141242981 0.07654229551553726 0.7301095128059387 0.06980738043785095 0.7155172228813171 0.060546875 0.7009249329566956 0.046235181391239166 0.6930675506591797 0.035290949046611786 0.6852101683616638 0.017611799761652946 0.6773527264595032 0.015625 0.682965099811554 0.015625 0.6866469383239746 0.015625 0.6706178188323975 0.015625 0.6564146280288696 0.015625 0.6448006629943848
1 0.28279903531074524 0.2002963423728943 0.29037579894065857 0.20141881704330444 0.29711073637008667 0.21713362634181976 0.2979525923728943 0.23172593116760254 0.29037579894065857 0.24519576132297516 0.2811152935028076 0.2552981376647949 0.2802734375 0.23172593116760254 0.2811152935028076 0.2182561159133911
1 0.2760641276836395 0.27550289034843445 0.28785020112991333 0.2631555497646332 0.3004781901836395 0.24519576132297516 0.3063712418079376 0.23846083879470825 0.32657596468925476 0.2373383641242981 0.35014817118644714 0.24295079708099365 0.36277613043785095 0.24631823599338531 0.36782732605934143 0.26652297377586365 0.36782732605934143 0.2957076132297516 0.3653017282485962 0.31703484058380127 0.3594086766242981 0.3327496349811554 0.3425713777542114 0.33611711859703064 0.3282597064971924 0.32713720202445984 0.30805495381355286 0.3204022943973541 0.28953394293785095 0.31254491209983826 0.2811152935028076 0.30132004618644714
1 0.2247104048728943 0.37091413140296936 0.23481276631355286 0.3585667908191681 0.2541756331920624 0.347341924905777 0.2735385298728943 0.33162716031074524 0.28364089131355286 0.3226472735404968 0.30132004618644714 0.3260147273540497 0.31899920105934143 0.3372395932674408 0.3341527581214905 0.3417295217514038 0.3526737689971924 0.3417295217514038 0.36193427443504333 0.347341924905777 0.36866918206214905 0.36866918206214905 0.36361798644065857 0.39448633790016174 0.35604122281074524 0.41693606972694397 0.3467807173728943 0.4326508343219757 0.33667832612991333 0.444998174905777 0.3240503668785095 0.44724318385124207 0.3055293560028076 0.4416307508945465 0.28785020112991333 0.44724318385124207 0.27690598368644714 0.4562230408191681 0.26511988043785095 0.4607129991054535 0.2491244673728943 0.4607129991054535 0.23986396193504333 0.45510056614875793 0.2322871834039688 0.4371408224105835 0.22807785868644714 0.40122127532958984
1 0.3779296875 0.2788703143596649 0.40234375 0.2844827473163605 0.42423221468925476 0.29234015941619873 0.4393857717514038 0.30132004618644714 0.43517646193504333 0.31478986144065857 0.4225485026836395 0.32713720202445984 0.41160425543785095 0.3462194502353668 0.40571120381355286 0.3585667908191681 0.3846645951271057 0.35744431614875793 0.3728784918785095 0.3540768623352051 0.36782732605934143 0.34060704708099365 0.36782732605934143 0.32938218116760254 0.3737203776836395 0.31029993295669556 0.37540408968925476 0.29458513855934143
1 0.38719019293785095 0.19131644070148468 0.3897157907485962 0.22050108015537262 0.4015018939971924 0.2373383641242981 0.4208647608757019 0.2395833283662796 0.44359511137008667 0.2395833283662796 0.46043238043785095 0.23846083879470825 0.4806371331214905 0.22499102354049683 0.4941069483757019 0.20703125 0.5008418560028076 0.18345904350280762 0.4949488043785095 0.15090696513652802 0.4865301847457886 0.11947736889123917 0.4797952473163605 0.09590517729520798 0.4629579782485962 0.09141522645950317 0.45874863862991333 0.09590517729520798 0.4469625651836395 0.11610991507768631 0.4309671223163605 0.14529453217983246 0.4208647608757019 0.16662175953388214 0.4090786576271057 0.18458153307437897 0.3981344401836395 0.18907147645950317
1 0.48484644293785095 0.06896551698446274 0.49242323637008667 0.054373204708099365 0.5042093396186829 0.0442708320915699 0.5134698152542114 0.034168463200330734 0.5286234021186829 0.03125 0.5437769293785095 0.03125 0.5555630326271057 0.03125 0.563139796257019 0.03125 0.5606142282485962 0.04988326132297516 0.5505118370056152 0.06784302741289139 0.540409505367279 0.08131285756826401 0.5260977745056152 0.09141522645950317 0.5075767636299133 0.09141522645950317 0.4949488043785095 0.09478268772363663 0.4873720407485962 0.09478268772363663 0.48400458693504333 0.08917025476694107
1 0.5008418560028076 0.10488506406545639 0.5202047228813171 0.10488506406545639 0.5412513613700867 0.09702765941619873 0.5521956086158752 0.08131285756826401 0.5656654238700867 0.05661817267537117 0.5698747038841248 0.03125 0.5791352391242981 0.03125 0.5942887663841248 0.03125 0.613651692867279 0.03192349150776863 0.6178609728813171 0.046515803784132004 0.6178609728813171 0.07345546036958694 0.6128097772598267 0.09815014153718948 0.607758641242981 0.11610991507768631 0.6035493016242981 0.13406968116760254 0.5951306819915771 0.14978449046611786 0.5774515271186829 0.15764187276363373 0.5580886602401733 0.15202945470809937 0.5420932173728943 0.14978449046611786 0.5286234021186829 0.14753951132297516 0.510102391242981 0.14978449046611786 0.5025255680084229 0.14529453217983246 0.4957906901836395 0.1329471915960312 0.4941069483757019 0.11723240464925766
1 0.6153354048728943 0.12621228396892548 0.6296470761299133 0.12621228396892548 0.6288052201271057 0.15427441895008087 0.6313308477401733 0.16886673867702484 0.6254377961158752 0.18682651221752167 0.6178609728813171 0.2025413066148758 0.6052330136299133 0.19468390941619873 0.5934469103813171 0.18458153307437897 0.5850282907485962 0.1767241358757019 0.5850282907485962 0.16886673867702484 0.5934469103813171 0.16213183104991913 0.6043911576271057 0.15202945470809937 0.607758641242981 0.14080460369586945
1 0.6027074456214905 0.03125 0.6094423532485962 0.03125 0.6245958805084229 0.03192349150776863 0.6397494673728943 0.03753592073917389 0.6616379022598267 0.03753592073917389 0.6776333451271057 0.035290949046611786 0.6927869319915771 0.03125 0.7222521305084229 0.03192349150776863 0.7273033261299133 0.03125 0.7188847064971924 0.03125 0.6944706439971924 0.03125 0.6658472418785095 0.03125 0.6389076113700867 0.03125 0.6245958805084229 0.03125 0.6161772608757019 0.03125
1 0.5252559185028076 0.29683008790016174 0.5378838777542114 0.29907506704330444 0.540409505367279 0.3215247690677643 0.538725733757019 0.3507094085216522 0.5353583097457886 0.3630567491054535 0.5227303504943848 0.3507094085216522 0.508418619632721 0.3394845724105835 0.5 0.323769748210907 0.4932650923728943 0.30356499552726746 0.4949488043785095 0.29458513855934143 0.5050511956214905 0.29009518027305603
1 0.548828125 0.29907506704330444 0.564823567867279 0.2844827473163605 0.583344578742981 0.26876795291900635 0.5968143939971924 0.2586655914783478 0.6043911576271057 0.2552981376647949 0.6178609728813171 0.2609105408191681 0.6338564157485962 0.27101293206214905 0.6405913233757019 0.2811152935028076 0.6439588069915771 0.3069324791431427 0.6431168913841248 0.3282597064971924 0.6330145597457886 0.3417295217514038 0.6271215081214905 0.347341924905777 0.6035493016242981 0.3462194502353668 0.5867120027542114 0.34958693385124207 0.5724003314971924 0.35744431614875793 0.558930516242981 0.359689325094223 0.5496699810028076 0.359689325094223 0.5471444129943848 0.3439745008945465 0.548828125 0.3248922526836395
1 0.6153354048728943 0.2137661576271057 0.6254377961158752 0.20703125 0.6338564157485962 0.19019396603107452 0.6372238397598267 0.1767241358757019 0.6473262310028076 0.16549928486347198 0.6591123342514038 0.16325430572032928 0.6826845407485962 0.16437679529190063 0.6986799836158752 0.16437679529190063 0.7079404592514038 0.18233656883239746 0.7079404592514038 0.20815373957157135 0.7003636956214905 0.23172593116760254 0.6877357363700867 0.24295079708099365 0.6835263967514038 0.2609105408191681 0.679317057132721 0.27550289034843445 0.6784752011299133 0.29234015941619873 0.6784752011299133 0.3136673867702484 0.6692147254943848 0.3248922526836395 0.6515355706214905 0.31927981972694397 0.6490099430084229 0.2889727056026459 0.6431168913841248 0.27101293206214905 0.6338564157485962 0.2609105408191681 0.6144935488700867 0.24968570470809937 0.6043911576271057 0.24631823599338531 0.6094423532485962 0.23172593116760254
1 0.6237540245056152 0.37091413140296936 0.6338564157485962 0.35519933700561523 0.6456425189971924 0.3417295217514038 0.6582704782485962 0.33387210965156555 0.6700565814971924 0.33387210965156555 0.681000828742981 0.3327496349811554 0.6927869319915771 0.347341924905777 0.7045730352401733 0.35519933700561523 0.7121497988700867 0.3697916567325592 0.7121497988700867 0.3956088125705719 0.7146753668785095 0.41693606972694397 0.711307942867279 0.4281609058380127 0.6877357363700867 0.4371408224105835 0.6751077771186829 0.4506106376647949 0.660796046257019 0.4607129991054535 0.646484375 0.4719378650188446 0.6355401277542114 0.47530531883239746 0.6288052201271057 0.44948816299438477 0.6245958805084229 0.4259159564971924 0.6254377961158752 0.406833678483963 0.6271215081214905 0.38775143027305603
1 0.6877357363700867 0.27550289034843445 0.6986799836158752 0.2844827473163605 0.711307942867279 0.2878502309322357 0.7239359021186829 0.2867277264595032 0.7374057173728943 0.2698904573917389 0.7458243370056152 0.2564206123352051 0.7559267282485962 0.2373383641242981 0.760136067867279 0.22499102354049683 0.7626616358757019 0.2115211933851242 0.7693965435028076 0.2025413066148758 0.7752895951271057 0.19243894517421722 0.7778152227401733 0.2115211933851242 0.778657078742981 0.22050108015537262 0.7702383995056152 0.23621587455272675 0.7693965435028076 0.2552981376647949 0.7761314511299133 0.27999281883239746 0.7794989347457886 0.29907506704330444 0.778657078742981 0.31478986144065857 0.7677128314971924 0.32938218116760254 0.758452296257019 0.34285199642181396 0.7517173886299133 0.3439745008945465 0.7348800897598267 0.34060704708099365 0.7289870977401733 0.35183191299438477 0.7205684185028076 0.3630567491054535 0.7104660272598267 0.3540768623352051 0.7045730352401733 0.33611711859703064 0.6894194483757019 0.3282597064971924 0.6826845407485962 0.3204022943973541 0.685210108757019 0.30132004618644714 0.686893880367279 0.2878502309322357
1 0.760136067867279 0.3563218414783478 0.7677128314971924 0.3439745008945465 0.776973307132721 0.33162716031074524 0.784550130367279 0.3260147273540497 0.7963362336158752 0.3248922526836395 0.8039129972457886 0.3349945843219757 0.7963362336158752 0.35183191299438477 0.7887594103813171 0.36193427443504333 0.7752895951271057 0.3765265941619873 0.7660291194915771 0.39224138855934143 0.7592941522598267 0.3866289556026459 0.7592941522598267 0.3697916567325592
1 0.808964192867279 0.3204022943973541 0.8215921521186829 0.3069324791431427 0.833378255367279 0.29683008790016174 0.8468480706214905 0.2833602726459503 0.857792317867279 0.28223779797554016 0.8687365055084229 0.29683008790016174 0.8737877011299133 0.3204022943973541 0.8721039891242981 0.34060704708099365 0.8645272254943848 0.35744431614875793 0.8645272254943848 0.3765265941619873 0.8544248342514038 0.3765265941619873 0.8350619673728943 0.3697916567325592 0.8207502961158752 0.36193427443504333 0.808964192867279 0.3507094085216522 0.8098060488700867 0.3349945843219757
1 0.8712621331214905 0.27101293206214905 0.8830482363700867 0.25978806614875793 0.8931505680084229 0.2564206123352051 0.9024111032485962 0.25978806614875793 0.9158809185028076 0.2654004991054535 0.9259833097457886 0.2698904573917389 0.9386112689971924 0.2844827473163605 0.9453461766242981 0.2934626340866089 0.947871744632721 0.30356499552726746 0.949555516242981 0.3159123659133911 0.947871744632721 0.3226472735404968 0.9344019293785095 0.3439745008945465 0.9318763613700867 0.3563218414783478 0.9184065461158752 0.36193427443504333 0.8998855352401733 0.3675466775894165 0.880522608757019 0.36866918206214905 0.874629557132721 0.3675466775894165 0.8788388967514038 0.3529543876647949 0.8813644647598267 0.32938218116760254 0.8796807527542114 0.3069324791431427 0.8754714727401733 0.2912176549434662 0.8729458451271057 0.28223779797554016
1 0.22639413177967072 0.5280621647834778 0.23649649322032928 0.49887752532958984 0.24659886956214905 0.48091772198677063 0.2600686848163605 0.47081539034843445 0.27017107605934143 0.4786727726459503 0.27185478806495667 0.48989763855934143 0.2668036222457886 0.5044899582862854 0.25922682881355286 0.5269396901130676 0.24575699865818024 0.5370420217514038 0.23481276631355286 0.5370420217514038
1 0.24070581793785095 0.5505118370056152 0.2516500651836395 0.5684716105461121 0.2600686848163605 0.5841864347457886 0.2684873342514038 0.5987787246704102 0.28785020112991333 0.5987787246704102 0.31226426362991333 0.5954112410545349 0.32657596468925476 0.5942887663841248 0.3400458097457886 0.59765625 0.34425511956214905 0.588676393032074 0.3484644293785095 0.5808189511299133 0.35014817118644714 0.5617367029190063 0.3526737689971924 0.5415319800376892 0.3551993668079376 0.5325520634651184 0.34425511956214905 0.5235722064971924 0.33162716031074524 0.5168372988700867 0.30805495381355286 0.5067349076271057 0.29711073637008667 0.5011224746704102 0.2870083451271057 0.49887752532958984 0.2794315814971924 0.5011224746704102 0.27185478806495667 0.519082248210907 0.26427802443504333 0.5347970724105835 0.25333377718925476 0.5437769293785095
1 0.07654229551553726 0.752559244632721 0.0908539891242981 0.7390894293785095 0.10011449456214905 0.7323545813560486 0.11863550543785095 0.7345995306968689 0.12873788177967072 0.7390894293785095 0.15062634646892548 0.7469468116760254 0.15651939809322357 0.7626616358757019 0.15651939809322357 0.7783764004707336 0.16325430572032928 0.8075610995292664 0.1767241358757019 0.8311333060264587 0.18514278531074524 0.8490930199623108 0.19271956384181976 0.8670527935028076 0.21124057471752167 0.8805226683616638 0.21460802853107452 0.8928699493408203 0.21544989943504333 0.909707248210907 0.21460802853107452 0.9265444874763489 0.2078731209039688 0.9355244636535645 0.19271956384181976 0.9355244636535645 0.17924973368644714 0.9321569800376892 0.16157057881355286 0.9332794547080994 0.14725889265537262 0.9332794547080994 0.13547278940677643 0.9299120306968689 0.11779364198446274 0.9231770634651184 0.11947736889123917 0.9175646305084229 0.12537041306495667 0.8928699493408203 0.1220029667019844 0.8704202771186829 0.1152680516242981 0.8457255363464355 0.109375 0.8367456793785095 0.09843076765537262 0.8322557806968689 0.08580280095338821 0.833378255367279 0.07990974932909012 0.8243983387947083 0.08327721059322357 0.805316150188446 0.08243534713983536 0.7817439436912537 0.07990974932909012 0.7637841105461121
1 0.0361328125 0.8176634311676025 0.060546875 0.8288882374763489 0.0731748417019844 0.8367456793785095 0.0731748417019844 0.8547055125236511 0.05381195992231369 0.8446030616760254 0.04034213349223137 0.8389906883239746 0.027714170515537262 0.8367456793785095 0.031081628054380417 0.8288882374763489
1 0.10853313654661179 0.9276670813560486 0.12284483015537262 0.9388918876647949 0.13884024322032928 0.9411368370056152 0.14473329484462738 0.947871744632721 0.1405239701271057 0.9635865688323975 0.13715651631355286 0.9748113751411438 0.13042160868644714 0.979301393032074 0.1211610957980156 0.9770564436912537 0.10769127309322357 0.9647090435028076 0.09927263110876083 0.9568516612052917 0.10516567528247833 0.9411368370056152
1 0.2137661576271057 0.9456267952919006 0.22723598778247833 0.9287895560264587 0.23902209103107452 0.9198096394538879 0.255859375 0.9265444874763489 0.2617524266242981 0.931034505367279 0.2752222418785095 0.9377694129943848 0.28364089131355286 0.9512391686439514 0.2861664891242981 0.969199001789093 0.30216190218925476 0.9871587753295898 0.3046875 0.9950161576271057 0.27101293206214905 0.9927712082862854 0.2550175189971924 0.9950161576271057 0.2314453125 0.9938936829566956 0.2196592092514038 0.9950161576271057 0.21460802853107452 0.9770564436912537 0.21460802853107452 0.9624640941619873
1 0.31899920105934143 0.9961386322975159 0.32573410868644714 0.9849138259887695 0.33246901631355286 0.9680765271186829 0.3291015625 0.9512391686439514 0.3341527581214905 0.9388918876647949 0.3476225733757019 0.9287895560264587 0.36109238862991333 0.9175646305084229 0.3711947798728943 0.909707248210907 0.38550645112991333 0.909707248210907 0.3956088423728943 0.9141972064971924 0.39981815218925476 0.9276670813560486 0.39981815218925476 0.9512391686439514 0.39308324456214905 0.979301393032074 0.38719019293785095 0.9950161576271057 0.37752559781074524 0.9986979365348816 0.353515625 0.9986979365348816 0.3425713777542114 0.9986979365348816
1 0.27774783968925476 0.7570492625236511 0.29626885056495667 0.7682740688323975 0.31478986144065857 0.780621349811554 0.3164736032485962 0.7997036576271057 0.31478986144065857 0.8356232047080994 0.31394800543785095 0.8659303188323975 0.31226426362991333 0.878277599811554 0.28953394293785095 0.8872575759887695 0.2794315814971924 0.9007273316383362 0.26511988043785095 0.9074622988700867 0.2491244673728943 0.9074622988700867 0.23565463721752167 0.9052173495292664 0.22639413177967072 0.9018498063087463 0.22302666306495667 0.8883800506591797 0.2314453125 0.878277599811554 0.24070581793785095 0.8580729365348816 0.24154768884181976 0.8378682136535645 0.24491514265537262 0.8165409564971924 0.2491244673728943 0.7974587082862854 0.2625942826271057 0.773886501789093 0.2693291902542114 0.764906644821167
1 0.3248922526836395 0.7907238006591797 0.3425713777542114 0.7940912246704102 0.36109238862991333 0.7997036576271057 0.3779296875 0.8064386248588562 0.39392510056495667 0.8098060488700867 0.40571120381355286 0.8311333060264587 0.41665545105934143 0.8547055125236511 0.41160425543785095 0.8648078441619873 0.4031856060028076 0.8827676177024841 0.3964506983757019 0.8962374329566956 0.3787715435028076 0.8951149582862854 0.37035292387008667 0.8928699493408203 0.3526737689971924 0.8805226683616638 0.33752021193504333 0.8726652264595032 0.3240503668785095 0.8692977428436279 0.32152479887008667 0.8479705452919006 0.3232085108757019 0.8176634311676025
1 0.3467807173728943 0.6077585816383362 0.353515625 0.5931662917137146 0.3787715435028076 0.5841864347457886 0.39476698637008667 0.5684716105461121 0.4073949456214905 0.5527568459510803 0.41160425543785095 0.5246946811676025 0.4065530598163605 0.508979856967926 0.4065530598163605 0.5011224746704102 0.42339035868644714 0.5112248659133911 0.4326508641242981 0.5303071141242981 0.4461206793785095 0.5448994040489197 0.46043238043785095 0.559491753578186 0.4713766276836395 0.5718390941619873 0.4865301847457886 0.5920438170433044 0.4941069483757019 0.6055136322975159 0.4932650923728943 0.6156160235404968 0.4713766276836395 0.6156160235404968 0.4562230706214905 0.6077585816383362 0.4393857717514038 0.5999012589454651 0.4200229048728943 0.6021462082862854 0.41244611144065857 0.606636106967926 0.40234375 0.6223509311676025 0.4040274918079376 0.6302083134651184 0.40992051362991333 0.6459231376647949 0.41076239943504333 0.657148003578186 0.40486934781074524 0.6784752011299133 0.4040274918079376 0.6941900253295898 0.39476698637008667 0.6986799240112305 0.3888739347457886 0.6986799240112305 0.38045528531074524 0.6784752011299133 0.3720366358757019 0.6593929529190063 0.36193427443504333 0.6369432806968689 0.35604122281074524 0.6279633641242981
1 0.3762459456920624 0.7435793876647949 0.3779296875 0.723374605178833 0.3905576467514038 0.7132722735404968 0.39897629618644714 0.7099048495292664 0.40992051362991333 0.7087823748588562 0.4200229048728943 0.7155172228813171 0.43012526631355286 0.7256196141242981 0.44191136956214905 0.7368444800376892 0.44106951355934143 0.7503142952919006 0.43517646193504333 0.7637841105461121 0.4284415543079376 0.7705190181732178 0.41833916306495667 0.773886501789093 0.40571120381355286 0.7705190181732178 0.3972925543785095 0.7604166865348816 0.38634833693504333 0.7559266686439514 0.38129714131355286 0.7536817193031311
1 0.4377020597457886 0.6077585816383362 0.45369747281074524 0.6156160235404968 0.4696928858757019 0.6234734058380127 0.4890557527542114 0.6290858387947083 0.4991581439971924 0.6290858387947083 0.508418619632721 0.654902994632721 0.5092605352401733 0.6616379618644714 0.4949488043785095 0.6537805199623108 0.48484644293785095 0.6526580452919006 0.4713766276836395 0.6605154275894165 0.4579067826271057 0.6627604365348816 0.4469625651836395 0.6616379618644714 0.4250740706920624 0.6593929529190063 0.4158135652542114 0.6537805199623108 0.41076239943504333 0.6335757970809937 0.40851151943206787 0.6222587823867798 0.40953946113586426 0.6160910129547119 0.4177631437778473 0.6085526347160339 0.4275287687778473 0.6044408082962036
1 0.5113075375556946 0.671600878238678 0.5179893374443054 0.6688596606254578 0.5339226722717285 0.6777686476707458 0.5447162985801697 0.6832510828971863 0.5560238361358643 0.6894188523292542 0.5539679527282715 0.703125 0.5462582111358643 0.7236842513084412 0.5426603555679321 0.7421875 0.5400904417037964 0.7545230388641357 0.529296875 0.7319079041481018 0.5205591917037964 0.7188870906829834 0.5138774514198303 0.7024397253990173 0.5113075375556946 0.6880483031272888
1 0.5221011638641357 0.6606359481811523 0.5308387875556946 0.6496710181236267 0.5447162985801697 0.6380208134651184 0.5524259805679321 0.6270559430122375 0.5580797791481018 0.6133497953414917 0.5647615194320679 0.6044408082962036 0.5734992027282715 0.6106085181236267 0.5791529417037964 0.625 0.5832648277282715 0.6387061476707458 0.5873766541481018 0.6544682383537292 0.5806949138641357 0.6661184430122375 0.5693873167037964 0.6784539222717285 0.5606496930122375 0.6859923005104065 0.5508840680122375 0.6818804740905762 0.5457442402839661 0.6784539222717285 0.5334087014198303 0.6729714870452881 0.529296875 0.6702302098274231
1 0.6259251832962036 0.04248903691768646 0.6218132972717285 0.05825109779834747 0.6218132972717285 0.08018092066049576 0.6192434430122375 0.09731359034776688 0.6146175861358643 0.11444627493619919 0.6161595582962036 0.12061402946710587 0.6259251832962036 0.1171875 0.6346628069877625 0.1055372878909111 0.6428865194320679 0.09525767713785172 0.6387746930122375 0.08497807383537292 0.6336348652839661 0.07264254242181778 0.6284950375556946 0.05893640220165253
1 0.42855674028396606 0.4180372953414917 0.43472450971603394 0.3995339870452881 0.4455181062221527 0.39131030440330505 0.4516858458518982 0.3789747953414917 0.45939555764198303 0.3570449650287628 0.4712170958518982 0.3543037176132202 0.48355263471603394 0.3584155738353729 0.48406660556793213 0.367324560880661 0.4809827208518982 0.3851425349712372 0.48046875 0.4022752046585083 0.48046875 0.42009320855140686 0.4799547791481018 0.4372258484363556 0.47378700971603394 0.4481908082962036 0.46299341320991516 0.45367324352264404 0.45476973056793213 0.452987939119339 0.44397616386413574 0.4337993562221527 0.43369653820991516 0.4242050349712372
1 0.4696751534938812 0.4618969261646271 0.48201069235801697 0.452987939119339 0.4948602020740509 0.46052631735801697 0.5092516541481018 0.4817708432674408 0.5164473652839661 0.4975328743457794 0.5251850485801697 0.5132949948310852 0.5385485291481018 0.5290570259094238 0.5498560667037964 0.5413925051689148 0.5596216917037964 0.5489309430122375 0.5601356625556946 0.570860743522644 0.5596216917037964 0.5879934430122375 0.5591077208518982 0.5948464870452881 0.5452302694320679 0.5790844559669495 0.5349506735801697 0.5598958134651184 0.5251850485801697 0.5407072305679321 0.5143914222717285 0.5311129689216614 0.5030838847160339 0.5242598652839661 0.4912623465061188 0.5187774300575256 0.48355263471603394 0.5030153393745422 0.4799547791481018 0.48519739508628845 0.4763568937778473 0.4756030738353729
1 0.49177631735801697 0.44202303886413574 0.5056537985801697 0.4310581386089325 0.5185033082962036 0.4228344261646271 0.529296875 0.4207785129547119 0.5385485291481018 0.4248903691768646 0.5498560667037964 0.4365405738353729 0.5616776347160339 0.44065240025520325 0.5704153180122375 0.4468201696872711 0.5750411152839661 0.4632675349712372 0.5786389708518982 0.47834429144859314 0.5837787985801697 0.4947916567325592 0.5863487124443054 0.5057565569877625 0.5842927694320679 0.5160362124443054 0.5740131735801697 0.5249451994895935 0.5657894611358643 0.5359100699424744 0.5575658082962036 0.5386512875556946 0.5478001832962036 0.5304276347160339 0.5364925861358643 0.5160362124443054 0.5277549624443054 0.5030153393745422 0.51953125 0.48793861269950867 0.5133634805679321 0.4735471308231354 0.5056537985801697 0.46258223056793213 0.49845805764198303 0.4557291567325592 0.4943462312221527 0.4502466917037964
1 0.6331208944320679 0.5064418911933899 0.63671875 0.4858826696872711 0.6434004902839661 0.47971490025520325 0.6613898277282715 0.4714912176132202 0.6721833944320679 0.4618969261646271 0.6881167888641357 0.452987939119339 0.7014802694320679 0.44065240025520325 0.7122738361358643 0.4337993562221527 0.7215254902839661 0.4385964870452881 0.7287212014198303 0.4543585479259491 0.7338610291481018 0.46806469559669495 0.7395148277282715 0.4756030738353729 0.7436266541481018 0.4872533082962036 0.7425987124443054 0.4989035129547119 0.734375 0.5119243264198303 0.7256373167037964 0.5174067616462708 0.7133018374443054 0.5276864171028137 0.7009662985801697 0.5331688523292542 0.6901726722717285 0.5379660129547119 0.6850329041481018 0.5365954041481018 0.6752672791481018 0.5297423005104065 0.6619037985801697 0.5276864171028137 0.6500822305679321 0.5222039818763733 0.6413445472717285 0.5174067616462708
1 0.5606496930122375 0.6983278393745422 0.5704153180122375 0.6866776347160339 0.5842927694320679 0.6743420958518982 0.5899465680122375 0.6661184430122375 0.5966283082962036 0.6613212823867798 0.6233552694320679 0.6709156036376953 0.6403166055679321 0.6743420958518982 0.6485403180122375 0.6798245906829834 0.6577919125556946 0.7086074352264404 0.6675575375556946 0.7264254093170166 0.67578125 0.7435581088066101 0.6588199138641357 0.7510964870452881 0.646484375 0.7634320259094238 0.6336348652839661 0.7778234481811523 0.6238692402839661 0.7833058834075928 0.6084498167037964 0.7805647253990173 0.5935444235801697 0.7723410129547119 0.5770970582962036 0.7648026347160339 0.5647615194320679 0.7641173005104065 0.5534539222717285 0.7620614171028137 0.5493420958518982 0.7476699352264404 0.5529399514198303 0.7271108031272888 0.5570518374443054 0.7134045958518982
1 0.6423725485801697 0.7819352746009827 0.6516242027282715 0.7702850699424744 0.6629317402839661 0.7606907486915588 0.6732113361358643 0.7517817616462708 0.6845189332962036 0.7510964870452881 0.6881167888641357 0.7668585777282715 0.6922286152839661 0.7853618264198303 0.6886307597160339 0.7935855388641357 0.6706414222717285 0.7956414222717285 0.6572779417037964 0.8004385828971863 0.6500822305679321 0.8024945259094238 0.6449424624443054 0.7942708134651184
1 0.7384868264198303 0.5201480388641357 0.7477384805679321 0.5050712823867798 0.7559621930122375 0.492050439119339 0.7693256735801697 0.4906798303127289 0.7878289222717285 0.49410638213157654 0.7945106625556946 0.5091831088066101 0.7950246930122375 0.5297423005104065 0.7924547791481018 0.5503015518188477 0.7924547791481018 0.5736019611358643 0.7955386638641357 0.5921052694320679 0.8037623167037964 0.6078673005104065 0.8166118264198303 0.6284265518188477 0.8232935667037964 0.6469298005104065 0.822265625 0.6585800051689148 0.8078742027282715 0.6578947305679321 0.7950246930122375 0.6592653393745422 0.7826891541481018 0.6428179740905762 0.7734375 0.6366502046585083 0.7734375 0.6202028393745422 0.7693256735801697 0.5955317616462708 0.7549341917037964 0.5825109481811523 0.7477384805679321 0.5694901347160339 0.7446545958518982 0.5386512875556946 0.7400287985801697 0.5276864171028137
1 0.8053042888641357 0.5263158082962036 0.8155838847160339 0.5174067616462708 0.8248355388641357 0.5112390518188477 0.8387129902839661 0.5119243264198303 0.8505345582962036 0.5160362124443054 0.8716077208518982 0.522889256477356 0.8818873167037964 0.5283716917037964 0.8865131735801697 0.561951756477356 0.8890830874443054 0.5859375 0.8921669125556946 0.6003289818763733 0.8947368264198303 0.6167762875556946 0.9009045958518982 0.6311677694320679 0.91015625 0.640076756477356 0.922857940196991 0.6399782299995422 0.9349852204322815 0.6510416865348816 0.9388148784637451 0.6595520377159119 0.9356234669685364 0.6706154346466064 0.9247727990150452 0.6833810210227966 0.9120072722434998 0.6969975829124451 0.9005182981491089 0.7038058638572693 0.8934972286224365 0.7097630500793457 0.8820082545280457 0.7038058638572693 0.8666896224021912 0.7046568393707275 0.8552006483078003 0.7021037936210632 0.8443499803543091 0.6901893019676208 0.8315844535827637 0.6782748103141785 0.8283931016921997 0.6672112941741943 0.8271165490150452 0.6391271948814392 0.8137127161026001 0.6033837199211121 0.8022237420082092 0.5744485259056091 0.8003089427947998 0.5489174723625183
1 0.9496655464172363 0.19318491220474243 0.9579631090164185 0.20595043897628784 0.970090389251709 0.22126907110214233 0.9873238205909729 0.2502042353153229 0.9962596893310547 0.2578635513782501 0.9990234375 0.21438078582286835 0.9988127946853638 0.19318491220474243 0.9764731526374817 0.19148284196853638 0.9649841785430908 0.19148284196853638
1 0.9388148784637451 0.3497753143310547 0.9598779678344727 0.3250953257083893 0.9777497053146362 0.31147876381874084 0.9917917847633362 0.3046704828739166 0.9990234375 0.31224653124809265 0.9990234375 0.36168980598449707 0.9990234375 0.39828431606292725 0.9990234375 0.42977261543273926 0.9990234375 0.4561546742916107 0.9873238205909729 0.465516060590744 0.9783879518508911 0.4774305522441864 0.973281741142273 0.4936002194881439 0.9668989777565002 0.4995574653148651 0.956048309803009 0.5038126111030579 0.942644476890564 0.4995574653148651 0.9400913715362549 0.48253676295280457 0.9388148784637451 0.4621119201183319 0.9343469142913818 0.44168710708618164 0.9266875982284546 0.4178581237792969 0.9381765723228455 0.4025394916534424 0.942644476890564 0.3838167190551758 0.9420062303543091 0.3650939464569092
1 0.986685574054718 0.2757352888584137 0.9917917847633362 0.2663739025592804 0.9990234375 0.2663739025592804 0.9990234375 0.28679874539375305 0.9990234375 0.30211737751960754 0.9911534786224365 0.29275599122047424
1 0.8871144652366638 0.5199822783470154 0.8960503339767456 0.508067786693573 0.9081776142120361 0.5021105408668518 0.9183900356292725 0.5063657164573669 0.9324321150779724 0.50721675157547 0.9388148784637451 0.50721675157547 0.945197582244873 0.5114719271659851 0.945197582244873 0.5267905592918396 0.9458358883857727 0.538705050945282 0.9349852204322815 0.5429602265357971 0.9241344928741455 0.5463643670082092 0.9100924134254456 0.5489174723625183 0.8998799920082092 0.5506195425987244 0.8928589820861816 0.5446622967720032 0.889029324054718 0.5361519455909729
1 0.956048309803009 0.5140250325202942 0.9675372838973999 0.5106208920478821 0.9803028106689453 0.5165781378746033 0.9815793633460999 0.5327478051185608 0.9707286357879639 0.537854015827179 0.9617927670478821 0.539556086063385 0.9579631090164185 0.5250884890556335
1 0.9751965999603271 0.5029615759849548 0.9854090213775635 0.4867919385433197 0.9924300312995911 0.4748774468898773 0.9990234375 0.4692830741405487 0.9990234375 0.5012595057487488 0.9975362420082092 0.5174291729927063 0.9892386794090271 0.5174291729927063 0.9815793633460999 0.5114719271659851
1 0.9713669419288635 0.5531726479530334 0.9694520831108093 0.5455133318901062 0.9803028106689453 0.5412581562995911 0.986685574054718 0.5361519455909729 0.9892386794090271 0.5284926295280457 0.9990234375 0.5284926295280457 0.9990234375 0.5548747181892395 0.9988127946853638 0.5633850693702698 0.9879621267318726 0.5574278235435486 0.9783879518508911 0.5540236830711365
1 0.9624310731887817 0.5608319640159607 0.9694520831108093 0.5608319640159607 0.9803028106689453 0.5642361044883728 0.9930683374404907 0.570193350315094 0.9981745481491089 0.5838099122047424 0.9990234375 0.5928649306297302 0.9949831366539001 0.6127451062202454 0.9873238205909729 0.6229575276374817 0.9771113991737366 0.6272127032279968 0.9656224250793457 0.6297658085823059 0.9605162143707275 0.6101920008659363 0.9586014151573181 0.5914692282676697 0.9598779678344727 0.5778526663780212
1 0.9515803456306458 0.6672112941741943 0.9579631090164185 0.6527437567710876 0.9630693197250366 0.6425313353538513 0.9681755304336548 0.6382761597633362 0.9828559160232544 0.6348720192909241 0.9892386794090271 0.6306168437004089 0.9990234375 0.620640218257904 0.9990234375 0.634020984172821 0.9990234375 0.6782748103141785 0.9990234375 0.7046568393707275 0.9796645045280457 0.693593442440033 0.9675372838973999 0.6842319965362549 0.9573248624801636 0.6757216453552246
1 0.6222298741340637 0.8765659332275391 0.6356337070465088 0.8638003468513489 0.6458461284637451 0.8527369499206543 0.6547819375991821 0.8544390201568604 0.663079559803009 0.8680555820465088 0.6669092178344727 0.8833742141723633 0.6707388758659363 0.8961396813392639 0.6681857705116272 0.9020969867706299 0.6535053849220276 0.9089052677154541 0.6471226215362549 0.9089052677154541 0.6375485062599182 0.9003949165344238 0.6292509436607361 0.8935866355895996 0.6235064268112183 0.8867783546447754
1 0.44415083527565 0.9948597550392151 0.43904462456703186 0.9820942282676697 0.4384063482284546 0.9676266312599182 0.44606566429138184 0.9565631747245789 0.4550015330314636 0.9463507533073425 0.46329912543296814 0.9429466128349304 0.4709584414958954 0.9446486830711365 0.4767029285430908 0.9497548937797546 0.48053258657455444 0.9591162800788879 0.48500052094459534 0.9718818068504333 0.49074500799179077 0.9795411229133606 0.5003191232681274 0.9880514740943909 0.5101466178894043 0.9986979365348816 0.481809139251709 0.9948597550392151 0.4639374017715454 0.9965618252754211 0.45053359866142273 0.9957107901573181
1 0.015625 0.9454997181892395 0.015625 0.959967315196991 0.021612029522657394 0.9786900877952576 0.02927134372293949 0.9872004389762878 0.03501582890748978 0.9957107901573181 0.029909620061516762 0.9982638955116272 0.015625 0.9957107901573181 0.015625 0.9957107901573181 0.015625 0.9786900877952576 0.015625 0.960818350315094
1 0.48946845531463623 0.959967315196991 0.49776604771614075 0.9395424723625183 0.5035105347633362 0.9276279807090759 0.5092549920082092 0.9250748753547668 0.5258501768112183 0.9233728051185608 0.5405305624008179 0.9250748753547668 0.5526577830314636 0.9259259104728699 0.5679764151573181 0.931032121181488 0.5801036357879639 0.9446486830711365 0.5877629518508911 0.9531590342521667 0.5986136794090271 0.9659245610237122 0.6152088642120361 0.9676266312599182 0.6311657428741455 0.9514569640159607 0.6503140330314636 0.9403935074806213 0.6643561124801636 0.9429466128349304 0.677121639251709 0.9540100693702698 0.6860575079917908 0.9659245610237122 0.6962699294090271 0.9752859473228455 0.6994612812995911 0.9872004389762878 0.6962699294090271 0.9957107901573181 0.6758450865745544 0.9982638955116272 0.5711677670478821 0.9982638955116272 0.5539343357086182 0.9982638955116272 0.543083667755127 0.9982638955116272 0.5359221696853638 0.9986979365348816 0.5207439661026001 0.9986979365348816 0.5073401927947998 0.9837962985038757 0.4964894950389862 0.9752859473228455
1 0.652228832244873 0.9216707348823547 0.6611647009849548 0.9123093485832214 0.6732919812202454 0.9063521027565002 0.6822278499603271 0.905501127243042 0.6898871660232544 0.9114583134651184 0.6956316232681274 0.9259259104728699 0.7032909393310547 0.9497548937797546 0.7020143866539001 0.9642224907875061 0.6898871660232544 0.9523079991340637 0.6764833331108093 0.9437976479530334 0.6656326651573181 0.9369893670082092 0.6573350429534912 0.9344362616539001
1 0.7000995874404907 0.9182665944099426 0.7064823508262634 0.9020969867706299 0.7090354561805725 0.8901824951171875 0.7166947722434998 0.868906557559967 0.7249923348426819 0.8561410903930664 0.7403109669685364 0.8476307392120361 0.7613740563392639 0.8476307392120361 0.7754161357879639 0.8518858551979065 0.780522346496582 0.8680555820465088 0.780522346496582 0.8901824951171875 0.7817988991737366 0.9140114188194275 0.7824372053146362 0.931032121181488 0.7773309946060181 0.9429466128349304 0.7600975036621094 0.9454997181892395 0.7492468357086182 0.9540100693702698 0.7364813089370728 0.959967315196991 0.724354088306427 0.9625204205513 0.7122268080711365 0.9642224907875061 0.7096737027168274 0.9548611044883728 0.7083971500396729 0.9420955777168274 0.7045674920082092 0.929330050945282
1 0.6911637187004089 0.750612735748291 0.6988230347633362 0.7455065250396729 0.7071205973625183 0.7514638304710388 0.7198861241340637 0.7557189464569092 0.7256306409835815 0.7591230869293213 0.7281837463378906 0.7744417190551758 0.7224392294883728 0.7914624214172363 0.7186095714569092 0.7965686321258545 0.7064823508262634 0.7923133969306946 0.7007378339767456 0.7863562107086182 0.6956316232681274 0.7718886733055115 0.6943550705909729 0.7608251571655273
1 0.7237157821655273 0.8050789833068848 0.7281837463378906 0.7906113266944885 0.7332899570465088 0.7761437892913818 0.7377578616142273 0.7727396488189697 0.7543530464172363 0.7718886733055115 0.7728630304336548 0.7710375785827637 0.7875434160232544 0.7693355083465576 0.8009471893310547 0.7667824625968933 0.8098830580711365 0.7684845328330994 0.8137127161026001 0.7761437892913818 0.8066917061805725 0.7974196076393127 0.7996706366539001 0.8152914047241211 0.7932878732681274 0.8289079666137695 0.7837137579917908 0.8399713635444641 0.7754161357879639 0.8433755040168762 0.7594592571258545 0.842524528503418 0.7447788715362549 0.8399713635444641 0.7377578616142273 0.836567223072052 0.7300985455513 0.8203976154327393
1 0.7262688875198364 0.7480596899986267 0.7288219928741455 0.7233796119689941 0.7288219928741455 0.6961464881896973 0.7364813089370728 0.6791257858276367 0.7460554242134094 0.6689133644104004 0.7575443983078003 0.6604030728340149 0.7645654678344727 0.663807213306427 0.7735013365745544 0.6791257858276367 0.7856285572052002 0.6825299263000488 0.7939261794090271 0.6774237155914307 0.7977558374404907 0.6697644591331482 0.8066917061805725 0.6680623888969421 0.8169041275978088 0.6680623888969421 0.8226485848426819 0.6714665293693542 0.8277547955513 0.6825299263000488 0.8315844535827637 0.6918913722038269 0.8226485848426819 0.7080609798431396 0.8149892687797546 0.7250816822052002 0.8130744695663452 0.7421023845672607 0.8092448115348816 0.7574210166931152 0.7939261794090271 0.7599741816520691 0.7817988991737366 0.7616762518882751 0.7632889151573181 0.7633783221244812 0.7428640723228455 0.7667824625968933 0.7345665097236633 0.7642292976379395
1 0.8334993124008179 0.7029547691345215 0.8392437696456909 0.6995506286621094 0.8520092964172363 0.7072100043296814 0.8628599643707275 0.7148692607879639 0.8666896224021912 0.7242307066917419 0.8666896224021912 0.7455065250396729 0.8666896224021912 0.7659313678741455 0.8692427277565002 0.7735907435417175 0.8571155071258545 0.78125 0.841796875 0.7803990244865417 0.8303079009056091 0.7769948840141296 0.8207337856292725 0.7735907435417175 0.8156275749206543 0.7625272274017334 0.8175423741340637 0.748910665512085 0.8213720321655273 0.7318899631500244 0.8264782428741455 0.7191244959831238 0.8296696543693542 0.7114651203155518
1 0.8188189268112183 0.779547929763794 0.8264782428741455 0.7838030457496643 0.8277547955513 0.7982707023620605 0.8258399963378906 0.8195465207099915 0.8239251375198364 0.844226598739624 0.8226485848426819 0.8569920659065247 0.822010338306427 0.8714597225189209 0.8232868909835815 0.8842251896858215 0.8181806802749634 0.8884804248809814 0.8066917061805725 0.8578431606292725 0.8003089427947998 0.8382692933082581 0.8028620481491089 0.8212485909461975 0.8086065053939819 0.804227888584137 0.8137127161026001 0.7880582809448242
1 0.8354141116142273 0.7880582809448242 0.8545624017715454 0.7872071862220764 0.8660513758659363 0.7838030457496643 0.8743489384651184 0.7821009755134583 0.8877527713775635 0.7931644916534424 0.8992417454719543 0.8025258183479309 0.9132838249206543 0.804227888584137 0.919666588306427 0.7999727725982666 0.9254110455513 0.805929958820343 0.9298790097236633 0.8220996856689453 0.9273259043693542 0.8459286689758301 0.922857940196991 0.8646514415740967 0.9209431409835815 0.8842251896858215 0.9158369302749634 0.9089052677154541 0.9139220714569092 0.930181086063385 0.9126455187797546 0.9437976479530334 0.9069010615348816 0.9523079991340637 0.8941355347633362 0.9489038586616516 0.8717958331108093 0.9352872967720032 0.8545624017715454 0.9259259104728699 0.8424351215362549 0.9165645241737366 0.8245634436607361 0.9003949165344238 0.8303079009056091 0.8757148385047913 0.8303079009056091 0.8416734337806702 0.8322227597236633 0.8161423802375793 0.8322227597236633 0.8016748428344727
1 0.9209619760513306 0.7789077758789062 0.9244290590286255 0.7927761077880859 0.9330968260765076 0.7989398837089539 0.9411866664886475 0.7958579659461975 0.9469651579856873 0.792005717754364 0.9365639090538025 0.7858419418334961 0.9284740090370178 0.7827601432800293
0 0.975279688835144 0.7858419418334961 0.9804803133010864 0.775055468082428 0.9990234375 0.7660648822784424 0.997815728187561 0.8097262978553772 0.997815728187561 0.8266765475273132 0.9885701537132263 0.8135786652565002 0.979902446269989 0.8020216822624207
1 0.8881117701530457 0.11967677623033524 0.884521484375 0.13786764442920685 0.8802131414413452 0.1455269604921341 0.8931382298469543 0.15893076360225677 0.9053452610969543 0.16563265025615692 0.9197064638137817 0.1618030071258545 0.9290412664413452 0.15605852007865906 0.9376579523086548 0.13786764442920685 0.9441205263137817 0.12542127072811127 0.933349609375 0.11967677623033524 0.9182703495025635 0.12159160524606705 0.9010368585586548 0.12063419073820114
1 0.952019214630127 0.12637867033481598 0.9448385834693909 0.14169730246067047 0.939094066619873 0.15797334909439087 0.9376579523086548 0.16850489377975464 0.9441205263137817 0.1809512823820114 0.9527372717857361 0.18382352590560913 0.969970703125 0.18382352590560913 0.9857680201530457 0.18286611139774323 0.9972569942474365 0.18382352590560913 0.9986931085586548 0.15414369106292725 0.9965389370918274 0.12350643426179886 0.982177734375 0.12159160524606705 0.963508129119873 0.12446384876966476
1 0.9204245209693909 0.940180778503418 0.9261689782142639 0.9286918044090271 0.9355037808418274 0.9248621463775635 0.9477108120918274 0.9172027707099915 0.9534553289413452 0.897097110748291 0.957763671875 0.8923100829124451 0.9670984745025635 0.8942248821258545 0.9728429317474365 0.9085860848426819 0.9843319058418274 0.915287971496582 0.9915125370025635 0.9248621463775635 0.9958208799362183 0.9478400349617004 0.9951028227806091 0.9679457545280457 0.9907944798469543 0.9775199294090271 0.9800235629081726 0.9842217564582825 0.969970703125 0.9899663329124451 0.9570456147193909 0.9957107901573181 0.9412482976913452 0.9937959313392639 0.9340676665306091 0.9899663329124451 0.9232967495918274 0.982306957244873 0.9189884066581726 0.9679457545280457 0.9161161780357361 0.9564568400382996
1 0.8270766139030457 0.46530330181121826 0.8435920476913452 0.46243107318878174 0.878777027130127 0.44998466968536377 0.8852395415306091 0.44806984066963196 0.8730325102806091 0.4404105246067047 0.8593893647193909 0.43179380893707275 0.8557990789413452 0.43083640933036804 0.8471823334693909 0.4384957253932953 0.8385655879974365 0.44615504145622253 0.829948902130127 0.4547717571258545
1 0.7371651530265808 0.03125 0.7347032427787781 0.03278186172246933 0.7338826060295105 0.04481792822480202 0.7470128536224365 0.06232492998242378 0.7552192807197571 0.08092612028121948 0.7609637379646301 0.09296218305826187 0.766708254814148 0.109375 0.7806591391563416 0.09952730685472488 0.7823004126548767 0.07983193546533585 0.7781972289085388 0.04044117406010628 0.7740939855575562 0.03125 0.7749146819114685 0.03125 0.7585018277168274 0.03125 0.7486541271209717 0.03125
1 0.7847623229026794 0.03125 0.7814797759056091 0.03125 0.787224292755127 0.052477240562438965 0.7913274765014648 0.0754551813006401 0.7962512969970703 0.08967962116003036 0.8151260614395142 0.08967962116003036 0.8348214030265808 0.0874912440776825 0.8561580777168274 0.0907738134264946 0.8750328421592712 0.09405636787414551 0.8881630897521973 0.10062149912118912 0.9209886789321899 0.10390406101942062 0.9464285969734192 0.1060924306511879 0.9636620283126831 0.10390406101942062 0.9874606132507324 0.09843312948942184 0.9784335494041443 0.0721726194024086 0.9644826650619507 0.04700630530714989 0.9562762379646301 0.03125 0.9521730542182922 0.03125 0.9144235849380493 0.03125 0.8692883253097534 0.03125 0.8364627361297607 0.03125 0.8143054246902466 0.03125 0.7954306602478027 0.03125
1 0.9636620283126831 0.03125 0.9694064855575562 0.03125 0.9833574295043945 0.048100490123033524 0.994025707244873 0.06779586523771286 0.9964876770973206 0.03125 0.995667040348053 0.03125 0.9743303656578064 0.03125
