0 0.015625 0.013402478114978687 0.018874596804380417 0.013402478114978687 0.027293238788843155 0.03136224574870891 0.02392578125 0.0403421333244255 0.015625 0.0403421333244255 0.015625 0.03585218953656721 0.015625 0.023504847878808372
0 0.015625 0.07513918318190016 0.015625 0.09646641671120583 0.015625 0.11891612491092167 0.015625 0.1312634837520015 0.015625 0.13350844168448234 0.015625 0.10656878325316282
0 0.015625 0.14585579193390166 0.015625 0.1346309335382135 0.023083917796611786 0.12677352492873734 0.03739560768008232 0.141365841702298 0.04581424966454506 0.15708064173792932 0.04581424966454506 0.175040408297702 0.040763065218925476 0.20085757487529032 0.040763065218925476 0.22442979211205835 0.02392578125 0.21432740838678033 0.015625 0.208714974893106 0.015625 0.18289780831551766
0 0.04328865930438042 0.23453215865401533 0.06517712771892548 0.218817358618384 0.08790746331214905 0.19300017485747467 0.09885169565677643 0.18402029157758834 0.12074016779661179 0.18402029157758834 0.11737270653247833 0.20647000836896467 0.10642847418785095 0.21993982469713366 0.1156889796257019 0.23453215865401533 0.12242389470338821 0.252491925213788 0.13084253668785095 0.26147180849367435 0.13084253668785095 0.27381914155977266 0.1401030421257019 0.286166491809192 0.14178676903247833 0.29290139138161597 0.13000068068504333 0.30075880858275267 0.10811220109462738 0.30075880858275267 0.09043305367231369 0.303003775106894 0.07275390625 0.31086115794138863 0.0424467958509922 0.31647360861838403 0.03739560768008232 0.296268841167828 0.055916622281074524 0.2783090746080553 0.06180967018008232 0.26483925827988636 0.06012594327330589 0.25136944195171734 0.038237474858760834 0.25024694150632565
0 0.09548424184322357 0.13350844168448234 0.11400525271892548 0.11330370000890784 0.12410762161016464 0.10207885020488017 0.13084253668785095 0.09197647507126266 0.13589371740818024 0.0807516166755745 0.13841931521892548 0.06952676257571659 0.15104727447032928 0.06840427072198542 0.16872642934322357 0.07177173339568817 0.1712520271539688 0.09646641671120583 0.16114965081214905 0.100956358351149 0.1518891453742981 0.11442619186263901 0.15104727447032928 0.13687590006235484 0.13841931521892548 0.15259069150632565 0.12494948506355286 0.16269307523160367 0.11232152581214905 0.17279542459023967 0.10390288382768631 0.17279542459023967 0.09632610529661179 0.15708064173792932
0 0.1636752486228943 0.222184791221275 0.16872642934322357 0.205347525106894 0.17293575406074524 0.18738774136380032 0.19650794565677643 0.18851024180919201 0.21755455434322357 0.19075520833333334 0.21923828125 0.20085757487529032 0.20913590490818024 0.215449891648851 0.21587082743644714 0.235654641916086 0.22260573506355286 0.24912447542757601 0.22344760596752167 0.259226824786212 0.20997777581214905 0.2547368745546083 0.19819167256355286 0.2670842419873487 0.1956660896539688 0.27718660852930566 0.1821962594985962 0.26932922569481105 0.17209388315677643 0.252491925213788
0 0.19903354346752167 0.28392150810172967 0.20492659509181976 0.2749416248218433 0.20492659509181976 0.26483925827988636 0.2183964103460312 0.2670842419873487 0.22428946197032928 0.27269664111438097 0.22092200815677643 0.2872889578879417 0.21166150271892548 0.29290139138161597 0.2074521780014038 0.29290139138161597
0 0.21418710052967072 0.21432740838678033 0.22849878668785095 0.205347525106894 0.2503872513771057 0.18963270788794165 0.2672245502471924 0.17616289155977266 0.27648505568504333 0.16942799198734868 0.2806943655014038 0.175040408297702 0.2672245502471924 0.208714974893106 0.25796404480934143 0.23340965820862367 0.2444942146539688 0.235654641916086 0.23354996740818024 0.24126707540976033 0.2310243844985962 0.24912447542757601 0.22260573506355286 0.228919725160341
0 0.0786469578742981 0.35127065847585864 0.08874932676553726 0.336678341702298 0.09800983220338821 0.33443334081151466 0.10727033764123917 0.3456582077988633 0.12074016779661179 0.356883074786212 0.11063779890537262 0.37147535719313063 0.10727033764123917 0.3883127092241167 0.09632610529661179 0.407394924679318 0.08117254823446274 0.42310972471494934 0.06938645243644714 0.42872214102530265 0.06096780672669411 0.40851744230803066 0.06349340081214905 0.39504757442989863 0.0786469578742981 0.387190191595404 0.09295864403247833 0.3782102911321967 0.08959119021892548 0.370352908297702
0 0.015625 0.528623391916086 0.018874596804380417 0.5241334588678034 0.02645137347280979 0.535358325855152 0.02813510224223137 0.5465831241092166 0.015625 0.5600529919873487 0.015625 0.562297924144848
0 0.027293238788843155 0.47137664245055605 0.02140018902719021 0.454539324786212 0.040763065218925476 0.44106952564136404 0.05760034918785095 0.434334591702298 0.07443763315677643 0.43770207585515203 0.08790746331214905 0.4264772088678033 0.10558661073446274 0.407394924679318 0.11400525271892548 0.3849452594379047 0.12074016779661179 0.3793327743942673 0.13000068068504333 0.38382270744255 0.1401030421257019 0.39841505858275267 0.1401030421257019 0.4130073753563133 0.13084253668785095 0.42086479255745 0.11316338926553726 0.42984465865401533 0.10137729346752167 0.44443694106093395 0.08874932676553726 0.451171875 0.07107017934322357 0.45566180804828266 0.058442212641239166 0.46576419177356065 0.04665611684322357 0.47137664245055605 0.03571188077330589 0.47249909134598467
0 0.22765693068504333 0.3849452594379047 0.24112674593925476 0.3613730422011367 0.24786166846752167 0.34453572453679265 0.25122910737991333 0.32433102581952067 0.25964775681495667 0.296268841167828 0.26554080843925476 0.31086115794138863 0.2630152106285095 0.33331085754944395 0.25796404480934143 0.356883074786212 0.25122910737991333 0.37484284134598467 0.2377592921257019 0.39055764138161597
0 0.2007172703742981 0.43657955822643935 0.20324286818504333 0.4197422405620953 0.21671268343925476 0.410762408832172 0.23018251359462738 0.39841505858275267 0.24196861684322357 0.39841505858275267 0.24196861684322357 0.4130073753563133 0.24786166846752167 0.43208959081151466 0.24028488993644714 0.4433144577988633 0.23354996740818024 0.4590292922011367 0.2133452296257019 0.44443694106093395
0 0.244140625 0.3906098443108636 0.25436046719551086 0.3800115155744123 0.2628769874572754 0.3618429029310072 0.267986923456192 0.34594534109304614 0.27650344371795654 0.353515625 0.2867232859134674 0.3618429029310072 0.29183322191238403 0.38152553798916106 0.292400985956192 0.39742306546048 0.27934229373931885 0.40650737178218255 0.269122451543808 0.40802146293021535 0.24811500310897827 0.40499331500079183
0 0.24811500310897827 0.41710576925191795 0.25436046719551086 0.4118065705170503 0.26458030939102173 0.41332062729844105 0.2719613015651703 0.41559167810388514 0.2685546875 0.4246759844255877 0.2651480734348297 0.4405735462635487 0.26060593128204346 0.44965781821860923 0.24925054609775543 0.4534429258054441 0.2407340109348297 0.4519288690240533 0.24868278205394745 0.4398165178728533 0.25152161717414856 0.4269471039643159
0 0.27366459369659424 0.42619004120697845 0.27877452969551086 0.41937682005736204 0.29751089215278625 0.41710576925191795 0.3111373484134674 0.41256359890774563 0.3196538984775543 0.41332062729844105 0.3258993327617645 0.38985285028681027 0.3361191749572754 0.38909582189611486 0.34690678119659424 0.38152553798916106 0.35826218128204346 0.3769834020116308 0.35882994532585144 0.38985285028681027 0.35485556721687317 0.39818012821781745 0.3446357250213623 0.4019652358046523 0.3361191749572754 0.4102925137356595 0.3361191749572754 0.41786276327597127 0.35315224528312683 0.42240489925350155 0.36450764536857605 0.43073221155115077 0.36450764536857605 0.4428445970689928 0.3593977093696594 0.451171875 0.3565588593482971 0.4534429258054441 0.3361191749572754 0.4489008241945559 0.32476380467414856 0.4466297390224697 0.3111373484134674 0.451171875 0.2992142140865326 0.4504148809759467 0.2906976640224457 0.451171875 0.28161337971687317 0.45419998856278154 0.26741915941238403 0.4504148809759467 0.27309682965278625 0.4337602907472903
0 0.29751089215278625 0.3451883470689928 0.3026208281517029 0.3270197344255877 0.3145439624786377 0.31869249086122253 0.3355514109134674 0.3118792353449641 0.3486101031303406 0.31490734890774563 0.35882994532585144 0.31869249086122253 0.36734646558761597 0.32474864925350155 0.37643077969551086 0.3345899839658995 0.37756630778312683 0.3406461767248205 0.36507540941238403 0.3467024382170256 0.3537200093269348 0.3542726190240533 0.3508811891078949 0.35881478936822564 0.33782249689102173 0.3557866758054441 0.33100926876068115 0.35048751143721846 0.32873818278312683 0.34594534109304614 0.3230605125427246 0.34594534109304614 0.317950576543808 0.3542726190240533 0.31227290630340576 0.35502968178139077 0.30375635623931885 0.35502968178139077 0.2992142140865326 0.3542726190240533
0 0.35826218128204346 0.26948583448255387 0.3628043234348297 0.2634296073569908 0.36734646558761597 0.255859375 0.38551509380340576 0.2513172390224697 0.3940316140651703 0.25358828982791387 0.3991415202617645 0.26948583448255387 0.4031159281730652 0.28538337913719386 0.40481922030448914 0.2974957646550359 0.40709030628204346 0.3141503205170503 0.4065225422382355 0.3209635416666667 0.3940316140651703 0.3270197344255877 0.3821084797382355 0.32550571201083894 0.37415969371795654 0.32247759844805746 0.365643173456192 0.30658007097673845 0.36223655939102173 0.28765442994263796
0 0.47124817967414856 0.20892382097673845 0.48033249378204346 0.19605438988488 0.4911201000213623 0.20135357143642665 0.5007721781730652 0.21800811011512 0.5121275186538696 0.22103620649458053 0.520076334476471 0.22860645603489232 0.5234829187393188 0.23541969436782975 0.5081531405448914 0.23920481913798564 0.5024755001068115 0.24147588712675078 0.5007721781730652 0.25510236379262563 0.49282339215278625 0.2588874713794605 0.4848746359348297 0.25510236379262563 0.4757903218269348 0.23012052999960408
0 0.3332803547382355 0.15517501143721846 0.34293240308761597 0.14154857772964616 0.3599654734134674 0.1135386475571641 0.37132084369659424 0.09915515968391488 0.38665062189102173 0.10218325606337539 0.4025481343269348 0.11126757097673846 0.40481922030448914 0.12262293669554564 0.3963027000427246 0.12867913804612718 0.3809729218482971 0.13624939617809947 0.3747274577617645 0.14987584706899282 0.36507540941238403 0.16274527816085127 0.35485556721687317 0.17485768086201436 0.3486101031303406 0.17485768086201436 0.341229110956192 0.1657733745403118
0 0.35201671719551086 0.18772711195387282 0.3599654734134674 0.19756842948294975 0.3662109375 0.2028676110344964 0.3724564015865326 0.19605438988488 0.37756630778312683 0.18167090201163077 0.38892170786857605 0.17182958448255384 0.40141260623931885 0.16123123856278154 0.40992915630340576 0.15290394344845334 0.4116324484348297 0.1468477335062113 0.4065225422382355 0.14154857772964616 0.4002770781517029 0.13397831959767384 0.39176052808761597 0.13776344436782975 0.3843795359134674 0.14381964571841127 0.37756630778312683 0.15290394344845334 0.36507540941238403 0.17107255609185845 0.35826218128204346 0.17788577724147486
0 0.15443314611911774 0.0022522522522522522 0.17771166563034058 0.0022559351212269553 0.16919513046741486 0.012854288290212821 0.1680595874786377 0.024966693139291025 0.16976289451122284 0.035565045502808715 0.17600835859775543 0.05146257297412769 0.16862736642360687 0.05978985090513487 0.158407524228096 0.06206092748556051 0.14875544607639313 0.06130389909486513 0.14478106796741486 0.041621246853390255 0.14478106796741486 0.024209664748595643 0.15159429609775543 0.010583211709787179
0 0.18111827969551086 0.04086421846269487 0.1924736499786377 0.04086421846269487 0.20382903516292572 0.04389231913798564 0.21121002733707428 0.041621246853390255 0.22142986953258514 0.04237827094825539 0.23562408983707428 0.05297662116385795 0.24868278205394745 0.06130389909486513 0.25776708126068115 0.07114522951143282 0.24981831014156342 0.07417332589089333 0.2350563257932663 0.07190225360629794 0.22370094060897827 0.07341629750019796 0.21177779138088226 0.07265927770116308 0.2015579640865326 0.06887414863517692 0.19701580703258514 0.06281795158042563 0.19133812189102173 0.05524769774428359
0 0.2708257734775543 0.02118156622122 0.27650344371795654 0.0075551115714751925 0.29126545786857605 0.015882390039461153 0.3077307343482971 0.023452638505815384 0.31000182032585144 0.034050993017248204 0.3082984983921051 0.048434468003006666 0.3082984983921051 0.05751877862053949 0.32135719060897827 0.06206092748556051 0.3270348906517029 0.07265927770116308 0.3298737406730652 0.08552870020136102 0.33157703280448914 0.10218325606337539 0.33384811878204346 0.11656674393662461 0.3355514109134674 0.12262293669554564 0.31851834058761597 0.1317072344255877 0.30602744221687317 0.13624939617809947 0.293536514043808 0.14381964571841127 0.2901298999786377 0.13549236778740412 0.28274890780448914 0.12640807005736204 0.29296875 0.10823946600561743 0.28842660784721375 0.08098655563217026 0.2844522297382355 0.06811712883614204 0.2713935375213623 0.05751877862053949 0.2719613015651703 0.04464934752868102 0.2748001515865326 0.02723776542388641
0 0.36166879534721375 0.3671420672992328 0.3781340718269348 0.353515625 0.3838117718696594 0.3383751259193764 0.38551509380340576 0.33231893316045535 0.4053869843482971 0.3361040407472903 0.41333577036857605 0.31793542810388514 0.4122002124786377 0.2952246794829497 0.42525890469551086 0.2967387362643405 0.4309366047382355 0.3043089858046523 0.4241233766078949 0.33231893316045535 0.41106468439102173 0.37395528844884923 0.4065225422382355 0.39818012821781745 0.40368369221687317 0.41559167810388514 0.3849472999572754 0.42316196201083894 0.3684820234775543 0.42316196201083894 0.35882994532585144 0.41786276327597127 0.35315224528312683 0.40802146293021535 0.35882994532585144 0.40045117902326155 0.36734646558761597 0.39363799224028717 0.36734646558761597 0.38228260074649845 0.3639398515224457 0.3747123512061867
0 0.4422919750213623 0.2974957646550359 0.44456303119659424 0.28916848672402873 0.45875728130340576 0.2952246794829497 0.46784156560897827 0.3043089858046523 0.4729515016078949 0.3103651785635733 0.4672738015651703 0.32020651327597127 0.4542151093482971 0.32474864925350155 0.44683411717414856 0.3088511561488246
0 0.5007721781730652 0.2884114583333333 0.5121275186538696 0.25813046017208613 0.5206440687179565 0.2475320798856718 0.5388126969337463 0.2445039835062113 0.5484647750854492 0.23996184752868102 0.5598201155662537 0.2520742330465231 0.5672011375427246 0.2657006925290769 0.5575490593910217 0.28386928798916106 0.5450581312179565 0.3035519574139569 0.5251862406730652 0.3141503205170503 0.5166696906089783 0.31717839971318973 0.5081531405448914 0.30279492902326155
0 0.5365415811538696 0.31717839971318973 0.5490325093269348 0.30658007097673845 0.5598201155662537 0.2884114583333333 0.5694721937179565 0.27554202724147486 0.578556478023529 0.2815982371837169 0.5853697061538696 0.30279492902326155 0.5751498937606812 0.31490734890774563 0.5535746812820435 0.32474864925350155 0.5410837531089783 0.3262627060348923
0 0.5490325093269348 0.23390565476976 0.5615234375 0.21800811011512 0.578556478023529 0.19983951465503588 0.5853697061538696 0.19605438988488 0.6041061282157898 0.20211058264380102 0.6126226186752319 0.2028676110344964 0.627384603023529 0.21952216689651077 0.6256813406944275 0.22860645603489232 0.6183003187179565 0.23466266597713437 0.6120548844337463 0.2513172390224697 0.6018350124359131 0.28689738436862156 0.5972929000854492 0.3050660141953477 0.5916152000427246 0.3080941277581292 0.5859375 0.2952246794829497 0.5819631218910217 0.27554202724147486 0.5706077218055725 0.26494368132170254 0.5632267594337463 0.2490461538503836 0.5564135313034058 0.24147588712675078
0 0.5524391531944275 0.3338329899418461 0.5745820999145508 0.31869249086122253 0.5927507281303406 0.30960815017287796 0.5961573123931885 0.3270197344255877 0.6086482405662537 0.3414032051155159 0.6137581467628479 0.35654373856278154 0.6228424906730652 0.3845536859185846 0.6075127124786377 0.4012082074139569 0.5921829342842102 0.4208908424721108 0.5643622875213623 0.41483464971318973 0.5456259250640869 0.4186197916666667 0.5348383188247681 0.4246759844255877 0.5161018967628479 0.41710576925191795 0.5251862406730652 0.40650737178218255 0.5433548092842102 0.38758173074808205 0.5513036251068115 0.3527586309759467
0 0.5989961624145508 0.3118792353449641 0.6041061282157898 0.30658007097673845 0.6183003187179565 0.30960815017287796 0.6296557188034058 0.3103651785635733 0.6370366811752319 0.3080941277581292 0.6449854373931885 0.2974957646550359 0.6586118936538696 0.28462633356317746 0.6705350875854492 0.3035519574139569 0.660315215587616 0.3141503205170503 0.6506631374359131 0.32853379120697845 0.6557731032371521 0.3512445741945559 0.6483920812606812 0.3648709821271467 0.6376044750213623 0.3800115155744123 0.6296557188034058 0.38228260074649845 0.6200036406517029 0.3603288117829744 0.6126226186752319 0.3368610347713436 0.5995639562606812 0.32247759844805746
0 0.6699672937393188 0.29219660028681027 0.6779160499572754 0.28462633356317746 0.6943813562393188 0.28386928798916106 0.7023301124572754 0.29219660028681027 0.700626790523529 0.30279492902326155 0.6841615438461304 0.3012808722418708 0.676212728023529 0.30203793499920817
0 0.6852970719337463 0.23769076235659486 0.6972202062606812 0.23541969436782975 0.7148210406303406 0.23466266597713437 0.7199309468269348 0.23920481913798564 0.7278797030448914 0.2626725961496164 0.7443450093269348 0.2899255151147241 0.7539970874786377 0.30658007097673845 0.7568359375 0.31869249086122253 0.7511582374572754 0.3308048420124226 0.7471838593482971 0.3451883470689928 0.7403706312179565 0.35654373856278154 0.7267441749572754 0.36259993132170254 0.715388834476471 0.37395528844884923 0.7057367563247681 0.37849745879302155 0.6921103000640869 0.37168423764340514 0.6784838438034058 0.3557866758054441 0.6818904280662537 0.33231893316045535 0.6932458281517029 0.3277767628162831 0.6989235281944275 0.31490734890774563 0.6983557343482971 0.30960815017287796 0.7046012282371521 0.3058230425860431 0.7074400186538696 0.29219660028681027 0.7011945843696594 0.2823552483910913 0.6926780343055725 0.26948583448255387 0.6904069781303406 0.2513172390224697
0 0.715388834476471 0.22103620649458053 0.7199309468269348 0.21498001373565948 0.733557403087616 0.21800811011512 0.7466161251068115 0.22027919528720616 0.7539970874786377 0.22936350160890873 0.7636491656303406 0.24298994390814155 0.7727334499359131 0.2619156021255631 0.782385528087616 0.27554202724147486 0.7761400938034058 0.28084120879302155 0.7670557498931885 0.2823552483910913 0.7551326155662537 0.27175691965464 0.7505905032157898 0.2626725961496164 0.7380995750427246 0.24980316505775796 0.731286346912384 0.23996184752868102 0.7267441749572754 0.23163456959767384
0 0.7909020781517029 0.16880148810309334 0.7914698123931885 0.15593205701123486 0.7994186282157898 0.15214691505775796 0.8079351186752319 0.15366097183914873 0.8107739686965942 0.16274527816085127 0.8062318563461304 0.16880148810309334 0.8380268812179565 0.2111948889655036 0.8249682188034058 0.21725108172442462 0.8090706467628479 0.19378330471279384 0.7948764562606812 0.17561469206938873
0 0.7545648813247681 0.3406461767248205 0.7551326155662537 0.3308048420124226 0.7608103156089783 0.3194494848852759 0.7613781094551086 0.3080941277581292 0.7676235437393188 0.3012808722418708 0.7767078280448914 0.2990098214364267 0.7846565842628479 0.30658007097673845 0.7869277000427246 0.32020651327597127 0.7806822061538696 0.33231893316045535 0.780114471912384 0.34594534109304614 0.7676235437393188 0.3489734890224697
0 0.7880632281303406 0.3262627060348923 0.8090706467628479 0.32247759844805746 0.8181549906730652 0.31339329212635486 0.8221293687820435 0.30279492902326155 0.828942596912384 0.3118792353449641 0.8340525031089783 0.3300478479883692 0.8442723751068115 0.32853379120697845 0.8601698875427246 0.3209635416666667 0.8703896999359131 0.31566437729844105 0.8840161561965942 0.3277767628162831 0.8868550062179565 0.34821646063177436 0.877770721912384 0.3580577609775303 0.8601698875427246 0.3641139537364513 0.8351880311965942 0.36335695971239795 0.8187227249145508 0.35654373856278154 0.7999863624572754 0.34745943224107895 0.7840888500213623 0.33534701235659486
0 0.7852243781089783 0.3421602678728533 0.8113417625427246 0.3603288117829744 0.8261037468910217 0.37168423764340514 0.8380268812179565 0.3769834020116308 0.8488144874572754 0.3837966575278892 0.8482467532157898 0.3989371222418708 0.8420012593269348 0.40802146293021535 0.8283748030662537 0.4019652358046523 0.8170194625854492 0.39818012821781745 0.8016896843910217 0.40045117902326155 0.7857921719551086 0.39666603706978465 0.780114471912384 0.38833875913877747 0.782385528087616 0.37395528844884923 0.7869277000427246 0.3648709821271467 0.7869277000427246 0.35881478936822564 0.7857921719551086 0.3527586309759467
0 0.4456985890865326 0.1052113524428359 0.4570539593696594 0.09612706330445436 0.4706804156303406 0.09991218807461026 0.487713485956192 0.10672541781588718 0.5030432343482971 0.10975351419534769 0.5161018967628479 0.11732376373565949 0.5285928249359131 0.13549236778740412 0.5257539749145508 0.14457666551744616 0.511559784412384 0.14003451235659486 0.49850109219551086 0.13397831959767384 0.4905523359775543 0.13473534798836923 0.4860101640224457 0.1430626173277159 0.48090025782585144 0.14760477908022768 0.47465479373931885 0.14154857772964616 0.463299423456192 0.13700641597713437 0.45591843128204346 0.12337996508624102
0 0.43491098284721375 0.07871547905174461 0.44740188121795654 0.06584604795988616 0.4638671875 0.048434468003006666 0.4757903218269348 0.02950884200431205 0.463299423456192 0.03707909369253897 0.45251181721687317 0.0491914920978718 0.44058865308761597 0.056004721839148716
0 0.48828125 0.0022522522522522522 0.4945267140865326 0.018153463398014102 0.4911201000213623 0.02723776542388641 0.511559784412384 0.02723776542388641 0.5212118625640869 0.03935017027296461 0.5308639407157898 0.05978985090513487 0.5422192811965942 0.04692042410910666 0.5518713593482971 0.041621246853390255 0.5484647750854492 0.027994791666666668 0.5518713593482971 0.012854288290212821 0.5456259250640869 0.0022559351212269553 0.5285928249359131 0.0022522522522522522 0.5041106343269348 0.0022522522522522522 0.4945267140865326 0.0022522522522522522
0 0.5507358312606812 0.0045270103592056415 0.5564135313034058 0.011340236878609872 0.5547102093696594 0.027994791666666668 0.554142415523529 0.035565045502808715 0.5637944936752319 0.036322069597673846 0.5711755156517029 0.03253694267960282 0.5740143656730652 0.02723776542388641 0.5825309157371521 0.018153463398014102 0.6046738624572754 0.01891048749287923 0.6120548844337463 0.017396439303148974 0.6120548844337463 0.008312136740297885 0.6006994843482971 0.00376998545887234 0.5876408219337463 0.0022559351212269553 0.5723110437393188 0.0022522522522522522 0.5598201155662537 0.0022522522522522522
0 0.5707166194915771 0.056056933360056835 0.5732421875 0.0403421333244255 0.5787143111228943 0.03023976248663825 0.5829236507415771 0.04146462088232642 0.5883957147598267 0.047077050080170504 0.5900794863700867 0.054934445802155916 0.5867120027542114 0.060546875 0.5787143111228943 0.062230599893105996
0 0.632172703742981 0.0022522522522522522 0.6435378789901733 0.0022522522522522522 0.6435378789901733 0.013402478114978687 0.6410122513771057 0.028556033297702 0.6368029117584229 0.0319234916755745 0.6330145597457886 0.028556033297702 0.6334354877471924 0.019014906238865207 0.6334354877471924 0.007790049991092166
0 0.5812398791313171 0.025188579215659753 0.5905004143714905 0.020698635427801457 0.6128097772598267 0.025749818698779958 0.6195447444915771 0.03080100626558871 0.6279633641242981 0.035290950053447 0.636381983757019 0.03753592087341859 0.6435378789901733 0.05325072090904992 0.6397494673728943 0.06391433767370276 0.6418541073799133 0.07682291666666667 0.6523774266242981 0.09534392485747466 0.662479817867279 0.10376256650632566 0.6629007458686829 0.11105873348476651 0.65869140625 0.119477366541957 0.6431168913841248 0.12059985839568817 0.6296470761299133 0.1211611000267235 0.6123888492584229 0.109375 0.6031283736228943 0.099272633458043 0.5951306819915771 0.08748652483965899 0.5917631983757019 0.08299658319971583 0.581660807132721 0.079067883190808 0.58544921875 0.067281791755745 0.5900794863700867 0.06279184581997159 0.5980771780014038 0.06784302909095008 0.6031283736228943 0.067281791755745 0.6081795692443848 0.06391433767370276 0.6052330136299133 0.05381196254008525 0.5980771780014038 0.04819953334224117 0.5930259823799133 0.042587104144397085 0.5867120027542114 0.04090337925129109 0.5841864347457886 0.03416846249554608
0 0.6654263138771057 0.0022522522522522522 0.6700565814971924 0.007790049991092166 0.6742659211158752 0.013963721893929146 0.6822636127471924 0.013402478114978687 0.6889985203742981 0.007790049991092166 0.6944706439971924 0.0022522522522522522 0.6755287051200867 0.0022522522522522522
0 0.7155172228813171 0.0022522522522522522 0.7239359021186829 0.011157508368964668 0.729828953742981 0.01676993649285119 0.7395103573799133 0.021259879206751917 0.742035984992981 0.026872306256680877 0.740352213382721 0.039780887397559916 0.7407731413841248 0.04932202090014209 0.7437196969985962 0.056056933360056835 0.752559244632721 0.062230599893105996 0.7576104402542114 0.06447557500890784 0.75634765625 0.07570043340459601 0.7626616358757019 0.07682291666666667 0.7693965435028076 0.07008800850258218 0.7782361507415771 0.05998563336896467 0.7778152227401733 0.05044450416221275 0.782866358757019 0.043709591702298004 0.7938106060028076 0.042587104144397085 0.7896012663841248 0.033607218716595624 0.7858129143714905 0.02182112083778725 0.7870756983757019 0.012279991631035332 0.790864109992981 0.0022522522522522522 0.7677128314971924 0.0022522522522522522 0.7336173057556152 0.0022522522522522522
0 0.11713576316833496 0.5396661157006616 0.12489652633666992 0.5319053374969207 0.13718439638614655 0.5198330234836888 0.14688535034656525 0.5137969352103569 0.1643470674753189 0.49913767221811656 0.17016763985157013 0.506036157006616 0.16305360198020935 0.5198330234836888 0.1552928388118744 0.534492252109287 0.1585264950990677 0.5422530303130279 0.17016763985157013 0.5457022727072776 0.17986857891082764 0.5439776858767947 0.18310223519802094 0.5543253443262599 0.18245550990104675 0.564673002775725 0.1746947467327118 0.5672599517547332 0.16240687668323517 0.5689845729518581 0.15076573193073273 0.5715714531975824 0.13783112168312073 0.5707091597823409 0.13783112168312073 0.5577745523538675 0.12489652633666992 0.5439776858767947
0 0.6209385395050049 0.4146316115920608 0.635166585445404 0.4016970385302294 0.6526283025741577 0.39738546835409627 0.6720302104949951 0.4016970385302294 0.6791442632675171 0.4120446626130525 0.6733236908912659 0.41721852620442706 0.6784974932670593 0.43187775483002533 0.6784974932670593 0.44912389806798986 0.6791442632675171 0.4680946281364372 0.6565086841583252 0.47068154274880347 0.6435741186141968 0.47585537197353606 0.6358133554458618 0.465507747890713 0.6338731646537781 0.447399276870865 0.6325796842575073 0.43618929063951645 0.6248189210891724 0.4310154614147839 0.6222320199012756 0.42497930440816795
0 0.6810844540596008 0.4793046487344278 0.6843180656433105 0.4749931129249367 0.6953125 0.4767176997554195 0.7069536447525024 0.47326849172781177 0.7224751710891724 0.47326849172781177 0.7205349802970886 0.48792772035341003 0.7095405459403992 0.5068984504218574 0.7063069343566895 0.5189707988017315 0.7011330723762512 0.5482891873196438 0.6940190196037292 0.5543253443262599 0.6810844540596008 0.5508760675653681 0.6636227369308472 0.5457022727072776 0.650041401386261 0.5457022727072776 0.6448675394058228 0.5474268939044025 0.6468077301979065 0.5319053374969207 0.6558619737625122 0.5258691804903047 0.6616825461387634 0.5198330234836888 0.6681498289108276 0.5112100205979906 0.6636227369308472 0.49482617077526747 0.6713835000991821 0.4922392217962592 0.6752638816833496 0.48965230718389285
0 0.5950693488121033 0.48620306478964315 0.597009539604187 0.4715438705306869 0.6086506843566895 0.4680946281364372 0.6189983487129211 0.4749931129249367 0.6338731646537781 0.48620306478964315 0.6435741186141968 0.4965507576057503 0.6461610198020935 0.5086230716189822 0.6461610198020935 0.5224199724626971 0.6409871578216553 0.5388038222854202 0.635166585445404 0.5526006887624929 0.6390469670295715 0.564673002775725 0.6403404474258423 0.5698468663670995 0.6228787302970886 0.5732960743947072 0.6080039143562317 0.5793322314013232 0.59765625 0.5819191460136894 0.597009539604187 0.5663976239728498 0.5937758684158325 0.5526006887624929 0.5860151052474976 0.5448399105587521 0.5924823880195618 0.5267315426388303 0.5950693488121033 0.5103476584494651 0.5950693488121033 0.5051738635913746
0 0.507760763168335 0.5827814737955729 0.508407473564148 0.5707091597823409 0.5174617171287537 0.5638107093604835 0.5252224802970886 0.5603614325995918 0.5329832434654236 0.5543253443262599 0.5465645790100098 0.5620860881633587 0.553678572177887 0.5784699036194397 0.553678572177887 0.5914044766812712 0.5504449605941772 0.6043391184763865 0.553031861782074 0.6267590909390837 0.5627328157424927 0.639693664000915 0.5847216248512268 0.6578021350207629 0.589248776435852 0.6681498622035121 0.5840749144554138 0.6741860192101281 0.5646730065345764 0.6767728650892103 0.5517383813858032 0.6776351928710938 0.545271098613739 0.6776351928710938 0.5329832434654236 0.6621137051968962 0.5329832434654236 0.6362444903399493 0.5297495722770691 0.6181360193201013 0.5284561514854431 0.6103752754830025 0.5303963422775269 0.599165289251654 0.5265159606933594 0.5939914600269215 0.5219888091087341 0.5853683884079391
0 0.08738617599010468 0.5974406336878871 0.10484788566827774 0.5905422863659558 0.1190759539604187 0.5939914600269215 0.13265728950500488 0.5922668731964387 0.13912458717823029 0.581056818231806 0.14623861014842987 0.5776076445708404 0.16305360198020935 0.5767453167889569 0.1714610904455185 0.5750207299584741 0.17534147202968597 0.5888175620689048 0.1617601364850998 0.5922668731964387 0.15593956410884857 0.6008898760821368 0.1384778618812561 0.6069260330887528 0.14041805267333984 0.6181360193201013 0.14688535034656525 0.6164113637563344 0.15270592272281647 0.6086506199192356 0.16305360198020935 0.6086506199192356 0.17016763985157013 0.6189983471019848 0.180515319108963 0.6224475207629504 0.1876293420791626 0.6224475207629504 0.19603683054447174 0.6302083333333334 0.2037975937128067 0.6388314049523156 0.19668357074260712 0.6465922175226985 0.1811620444059372 0.6500413911836641 0.16305360198020935 0.6534906335779138 0.15593956410884857 0.6586644628026463 0.1417115032672882 0.6664252066397452 0.12424979358911514 0.6715991045977618 0.11454883962869644 0.6767728650892103 0.1061413511633873 0.6664252066397452 0.10743480920791626 0.6509037189655476 0.10032077878713608 0.6310706611152168 0.0932067483663559 0.6172737602715019
0 0.23031353950500488 0.48879001376865144 0.24518832564353943 0.49396384299338403 0.2691173553466797 0.5137969352103569 0.2820519506931305 0.5181084366532059 0.2923996150493622 0.5319053374969207 0.30016037821769714 0.540528409115903 0.3137417137622833 0.5517384297138935 0.31956228613853455 0.5612237947481172 0.3053342401981354 0.5638107093604835 0.29369309544563293 0.5569122589386262 0.2878725230693817 0.5500137741501266 0.27752482891082764 0.5508760675653681 0.27041080594062805 0.5551876377415013 0.26394349336624146 0.5431153237282693 0.260063111782074 0.5319053374969207 0.25100889801979065 0.5301807506664379 0.24518832564353943 0.5388038222854202 0.2393677532672882 0.5517384297138935 0.23160699009895325 0.5534630509110184 0.22902007400989532 0.5301807506664379 0.22902007400989532 0.51207227964659
0 0.28075847029685974 0.5655352961909663 0.28399214148521423 0.558636845769109 0.29304635524749756 0.5655352961909663 0.30662769079208374 0.5698468663670995 0.31244826316833496 0.5724337809794658 0.3118015229701996 0.5836437328441723 0.30016037821769714 0.5922668731964387 0.285932332277298 0.5914044766812712 0.2814052104949951 0.5836437328441723
0 0.2238462269306183 0.5957160468574043 0.24389486014842987 0.5983029614697706 0.2555360198020935 0.5922668731964387 0.2626500427722931 0.5879553030203054 0.2684706151485443 0.5853683884079391 0.2846388518810272 0.6017522038640203 0.2982201874256134 0.6172737602715019 0.3079211413860321 0.6224475207629504 0.3150351941585541 0.6284837465028505 0.31244826316833496 0.645729821007531 0.30662769079208374 0.6552152204083966 0.29369309544563293 0.6595267905845298 0.2794650197029114 0.6595267905845298 0.26459023356437683 0.6595267905845298 0.25424253940582275 0.6560775481902801 0.24842198193073273 0.6517659780141469 0.2497154325246811 0.639693664000915 0.26070985198020935 0.6293460055514499 0.2587696611881256 0.6241721763267173 0.24777524173259735 0.6198606748838682 0.24130794405937195 0.6095130164344031 0.23225373029708862 0.6077883608706363 0.2238462269306183 0.6069260330887528
0 0.2426014095544815 0.6672875344216287 0.2561827301979065 0.6672875344216287 0.26394349336624146 0.6672875344216287 0.2710575461387634 0.663838360760663 0.28334540128707886 0.6655629475911459 0.2982201874256134 0.6681498622035121 0.30598095059394836 0.6793598484348606 0.3143884539604187 0.6819467630472269 0.3202090263366699 0.6681498622035121 0.33573055267333984 0.6672875344216287 0.34543150663375854 0.6715991045977618 0.349311888217926 0.6810844352653435 0.357719361782074 0.6914321624480926 0.3667736053466797 0.6991928375519074 0.3732408881187439 0.7224751377964879 0.36483341455459595 0.7285113635363879 0.35254552960395813 0.7216128787478885 0.3480184078216553 0.7138521349107897 0.34219783544540405 0.7078159779041737 0.3344370722770691 0.7095405647346565 0.3383174538612366 0.7302358816335867 0.33896419405937195 0.7405836088163359 0.3337903618812561 0.7552428374419341 0.33185017108917236 0.7836989669112472 0.33185017108917236 0.7905974516997466 0.31568190455436707 0.7811119835655969 0.3040407598018646 0.7673151514551662 0.3150351941585541 0.7595544076180673 0.3118015229701996 0.7397212810344524 0.30339404940605164 0.71040289251654 0.2956332862377167 0.7009174931156743 0.2820519506931305 0.6931567492785754 0.259416401386261 0.692294421496692 0.24389486014842987 0.692294421496692 0.2432481348514557 0.6828090220958263
0 0.015625 0.6595267905845298 0.015625 0.6603890496331293 0.015625 0.6767728650892103 0.015625 0.6914321624480926 0.015625 0.6966059229395412 0.015625 0.6957435951576577
0 0.015625 0.791459710748346 0.01624586060643196 0.7880105370873803 0.031120654195547104 0.7811119835655969 0.033707574009895325 0.7888727961359797 0.031767383217811584 0.7983581955368454 0.022066432982683182 0.8052566115920609 0.020772971212863922 0.8138797519443272 0.01624586060643196 0.8268142562728744 0.015625 0.8337127410613738 0.01624586060643196 0.8449227272927224 0.015625 0.8483719696869721 0.015625 0.8397488293347058 0.015625 0.8199158402176591
0 0.07121792435646057 0.7836989669112472 0.08867963403463364 0.744895178992469 0.09708712995052338 0.7414459365982193 0.09902732074260712 0.7302358816335867 0.0996740460395813 0.7190258954022382 0.11842922121286392 0.6888452478357263 0.12036941200494766 0.6974682507214246 0.11390211433172226 0.7181636363536388 0.10678807646036148 0.7371343664220862 0.10420116037130356 0.7517935950476844 0.09838058799505234 0.7647282368427998 0.09773385524749756 0.7802497932502815 0.08803290873765945 0.7880105370873803 0.07962541282176971 0.791459710748346
0 0.14235824346542358 0.7069535813890062 0.1585264950990677 0.698330578503308 0.1714610904455185 0.7078159779041737 0.18374896049499512 0.720750550966005 0.18245550990104675 0.7354097108583193 0.1714610904455185 0.7492067491686022 0.17534147202968597 0.7655904958913992 0.17340128123760223 0.775075895292265 0.1617601364850998 0.7880105370873803 0.15270592272281647 0.7966335399730785 0.14235824346542358 0.7992205233187288 0.13459748029708862 0.8043942838101774 0.1255432516336441 0.8018074379310952 0.11972267925739288 0.7931843663121129 0.11454883962869644 0.7828367078626478 0.13136382400989532 0.7733512397284981 0.13912458717823029 0.7561050964905335 0.14300496876239777 0.7405836088163359 0.14365169405937195 0.7276489670212204
0 0.3150351941585541 0.4568846419050887 0.3279697895050049 0.45257314046223956 0.3409043848514557 0.4560223484898473 0.349311888217926 0.465507747890713 0.35513246059417725 0.4801669421496692 0.3564259111881256 0.4922392217962592 0.3467249572277069 0.4801669421496692 0.32926324009895325 0.47585537197353606 0.3202090263366699 0.47413078514305323
0 0.29045942425727844 0.5181084366532059 0.3072744309902191 0.5129346417951154 0.3202090263366699 0.5051738635913746 0.3273230493068695 0.49310158394478465 0.33249688148498535 0.49482617077526747 0.32926324009895325 0.5112100205979906 0.31891557574272156 0.5198330234836888 0.30598095059394836 0.534492252109287 0.29951366782188416 0.5310430440816793
0 0.331203430891037 0.5198330234836888 0.33508381247520447 0.5 0.3409043848514557 0.5025869146123663 0.3564259111881256 0.5034492767608918 0.36418667435646057 0.506036157006616 0.37130069732666016 0.5258691804903047 0.3764745593070984 0.5319053374969207 0.36806705594062805 0.5482891873196438 0.35577917098999023 0.5655352961909663 0.3635399341583252 0.5732960743947072 0.3764745593070984 0.5560499311567427 0.38164839148521423 0.5612237947481172 0.38164839148521423 0.5793322314013232 0.38164839148521423 0.5957160468574043 0.3822951018810272 0.6077883608706363 0.3738876283168793 0.6258968318904843 0.3693605065345764 0.6440052341770481 0.36159974336624146 0.645729821007531 0.35513246059417725 0.6267590909390837 0.3434913158416748 0.6120998623134853 0.3279697895050049 0.6103752754830025 0.31956228613853455 0.5957160468574043 0.3143884539604187 0.5905422863659558 0.31632864475250244 0.5681222108033326 0.3305566906929016 0.5594992079176344 0.3396109342575073 0.5500137741501266 0.34155112504959106 0.540528409115903 0.3396109342575073 0.5301807506664379
0 0.40363720059394836 0.6250345041086008 0.3991101086139679 0.6543529613597973 0.4126914441585541 0.6690121212521115 0.4217456579208374 0.6845336776595932 0.4249792993068695 0.7095405647346565 0.42627277970314026 0.726786639239337 0.44050082564353943 0.7328228649792371 0.446968138217926 0.7362721073734868 0.45278871059417725 0.744895178992469 0.46184292435646057 0.7483443526534347 0.4747775197029114 0.7535181818781672 0.47930464148521423 0.7457573693077844 0.4773644506931305 0.7250620524088541 0.4702504277229309 0.7173013085717553 0.45925599336624146 0.7129898071289062 0.44890832901000977 0.7138521349107897 0.43662044405937195 0.6948814048423423 0.4223923981189728 0.6733236914282447 0.41657182574272156 0.6509037189655476 0.41721853613853455 0.6310706611152168 0.4126914441585541 0.6189983471019848
0 0.4372671842575073 0.7457573693077844 0.43985408544540405 0.7371343664220862 0.4443812072277069 0.7405836088163359 0.446968138217926 0.750931267265801 0.44373446702957153 0.7673151514551662 0.43920737504959106 0.7561050964905335
0 0.4702504277229309 0.7078159779041737 0.481244832277298 0.692294421496692 0.48512521386146545 0.6879828513205588 0.48835885524749756 0.6741860192101281 0.4961196184158325 0.6578021350207629 0.5051738619804382 0.6750482782587275 0.5122878551483154 0.6974682507214246 0.5161682367324829 0.7078159779041737 0.4961196184158325 0.7026421486794412 0.5045270919799805 0.7198882231841216 0.5148748159408569 0.7285113635363879 0.5129346251487732 0.750931267265801 0.5213420987129211 0.7561050964905335 0.5258691906929016 0.7397212810344524 0.5316897630691528 0.7302358816335867 0.545271098613739 0.7276489670212204 0.553678572177887 0.7345474518097199 0.5556187629699707 0.7457573693077844 0.553678572177887 0.7655904958913992 0.5510916709899902 0.7768004821227478 0.5342767238616943 0.7811119835655969 0.5129346251487732 0.7862858815236135 0.5045270919799805 0.7845612259598466 0.4909457862377167 0.7664528236732827 0.48189154267311096 0.7595544076180673 0.4831850230693817 0.7397212810344524 0.4838317334651947 0.7276489670212204 0.4799513518810272 0.7181636363536388
0 0.015625 0.9320070421373522 0.015625 0.9351699416701859 0.022931426763534546 0.9388600942250844 0.01739625446498394 0.9483489302901534 0.015625 0.9636365873319609 0.015625 0.9826142594620988 0.015625 0.9968475479263443 0.015625 0.9942117639490076
0 0.03914157301187515 0.8813996873460375 0.04111842066049576 0.8676935831705729 0.050211917608976364 0.8508245107289907 0.05891004577279091 0.8302652857325099 0.06918965280056 0.8265751331776112 0.08025999367237091 0.8339553695541244 0.08777201175689697 0.8413356059306377 0.09212107956409454 0.8497701421514288 0.07986462861299515 0.8676935831705729 0.0743294507265091 0.8887799237225507 0.06444521993398666 0.8998503126539625 0.05653782933950424 0.9098663330078125 0.04665359482169151 0.9009046124982404 0.04190915822982788 0.8903613391223254
0 0.06484058499336243 0.9093392174523156 0.07788778096437454 0.8977416442321228 0.08381831645965576 0.8903613391223254 0.0853997990489006 0.9003774282094594 0.08500442653894424 0.9125021169851492 0.07788778096437454 0.9172465693843257
0 0.08105073124170303 0.8824539871903153 0.08658590912818909 0.866639214593011 0.09409792721271515 0.8560960786836641 0.0996330976486206 0.8513516950177716 0.11623861640691757 0.8587317939277168 0.12691359221935272 0.8645306149044553 0.12454137206077576 0.8792910876574817 0.11861082911491394 0.894578675966005 0.12612284719944 0.9098663330078125 0.1312626451253891 0.9219909530502182 0.12770432233810425 0.9283168895824535 0.12058767676353455 0.9320070421373522 0.10912196338176727 0.9204094689171594 0.09449329227209091 0.9072305490304758 0.08816738426685333 0.905121880608636 0.08935349434614182 0.8924700762774493
0 0.07867851853370667 0.8249936490445524 0.07907388359308243 0.8170862971125422 0.07867851853370667 0.8075973923141891 0.07867851853370667 0.7959999565605644 0.08698127418756485 0.7959999565605644 0.09607477486133575 0.8023257556262317 0.10200531035661697 0.8118147291578688 0.10200531035661697 0.8271023861996762 0.0956794023513794 0.8344824851096213 0.10160994529724121 0.8455529427743173 0.1067497506737709 0.8524059948620496 0.0925164446234703 0.8402813060863598 0.08263221383094788 0.82815661731067
0 0.10319142043590546 0.8334281852653435 0.10635437816381454 0.8239393492002745 0.10754048824310303 0.8070702767586923 0.11228492110967636 0.8023257556262317 0.11742471903562546 0.800217155937676 0.12691359221935272 0.8070702767586923 0.1364024579524994 0.8081245766029702 0.1415422558784485 0.8060159769144144 0.15221723914146423 0.8017986400707348 0.15854313969612122 0.8012715245152379 0.16131073236465454 0.8133961445576435 0.16684590280056 0.818667712512317 0.17633476853370667 0.8239393492002745 0.18463753163814545 0.8318467011322846 0.19096343219280243 0.8360640379759643 0.19412639737129211 0.847661473729589 0.19887082278728485 0.8682207674593538 0.19768472015857697 0.876128119391364 0.1779162436723709 0.8756010038358671 0.16842737793922424 0.8724380355697494 0.16131073236465454 0.8629491307713963 0.15103112161159515 0.857150378527942 0.13956540822982788 0.857150378527942 0.13284413516521454 0.8587317939277168 0.12177378684282303 0.8550417101061022 0.11505250632762909 0.8513516950177716 0.10912196338176727 0.847661473729589 0.10635437816381454 0.8408084216418567
0 0.2277327924966812 0.8334281852653435 0.2308957427740097 0.8255208333333334 0.24157072603702545 0.8313195855767878 0.2514549493789673 0.8413356059306377 0.2542225420475006 0.8492429578626478 0.25264108180999756 0.8582046783722199 0.2431522011756897 0.857677494083439 0.23682628571987152 0.8455529427743173
0 0.25778087973594666 0.8397541217975788 0.26806047558784485 0.8360640379759643 0.28347986936569214 0.8334281852653435 0.2870382070541382 0.8297381701770129 0.2898057997226715 0.818667712512317 0.2902011573314667 0.8107602918470228 0.28743356466293335 0.8017986400707348 0.2870382070541382 0.7865109830289274 0.2941548526287079 0.7670061266100084 0.30562058091163635 0.7775493312526394 0.3131325840950012 0.7854566831846495 0.32301682233810425 0.7912555041613879 0.33369180560112 0.7996900403821791 0.3329010605812073 0.8086517608917512 0.3293427526950836 0.8234121649114935 0.3265751600265503 0.8339553695541244 0.32499366998672485 0.8518788105732685 0.32103997468948364 0.8692750673036318 0.3182723820209503 0.8819268029015344 0.31155112385749817 0.885089839900936 0.30562058091163635 0.886144139745214 0.2937594950199127 0.876655303680145 0.28031691908836365 0.876655303680145 0.27003732323646545 0.8750738195470862 0.258571594953537 0.8629491307713963 0.2581762373447418 0.8492429578626478
0 0.3364593982696533 0.8054887926256334 0.3479250967502594 0.8060159769144144 0.3633445203304291 0.8065430924699113 0.36769357323646545 0.8112876136023719 0.3629491329193115 0.8165591128237613 0.34634363651275635 0.8239393492002745 0.33131957054138184 0.8292109171549479 0.3348779082298279 0.8170862971125422
0 0.41434717178344727 0.866639214593011 0.41553327441215515 0.8592590469497818 0.42660361528396606 0.8608405310828406 0.4428137540817261 0.8603133467940597 0.4519072473049164 0.8592590469497818 0.4546748399734497 0.876128119391364 0.4534887373447418 0.8924700762774493 0.4515118896961212 0.8977416442321228 0.44320914149284363 0.8977416442321228 0.43174341320991516 0.8887799237225507 0.4179054796695709 0.8819268029015344 0.4139517843723297 0.8740194509695242
0 0.23326796293258667 0.8845626556121551 0.24354757368564606 0.867166467615076 0.2482919991016388 0.8624220152158995 0.25580403208732605 0.8676935831705729 0.26371142268180847 0.8729651511252463 0.2716188132762909 0.8829812402123803 0.2724095284938812 0.8919428919886684 0.26806047558784485 0.9035403964755772 0.26845583319664 0.9135564168294271 0.2601530849933624 0.9135564168294271 0.2510595917701721 0.9061761804529138 0.24275682866573334 0.8972144599433418 0.23761703073978424 0.8898342235668285
0 0.5594477653503418 0.743284002080694 0.5665643811225891 0.7248334455060529 0.5736810564994812 0.7158717249964809 0.5839606523513794 0.7142901721301379 0.5839606523513794 0.733267981726844 0.5827745199203491 0.7590987746779984 0.5831699371337891 0.7712234634536881 0.5780301094055176 0.7844024520736557 0.5681458711624146 0.7870382360509924 0.5586569905281067 0.7844024520736557 0.557075560092926 0.7796579996744791 0.5558894276618958 0.7691147950318482 0.5582616329193115 0.7564629907006616
0 0.46851277351379395 0.8460800583298141 0.4752340614795685 0.8297381701770129 0.49302569031715393 0.8323738854210656 0.5068635940551758 0.838699821953301 0.5123987793922424 0.8450256897522522 0.5135849118232727 0.8597862312385628 0.52070152759552 0.876128119391364 0.5226783752441406 0.8877256238782728 0.52070152759552 0.9040675807643581 0.514375627040863 0.9177737536731067 0.5064682364463806 0.9167193850955447 0.5052821636199951 0.895105860254786 0.49895623326301575 0.8813996873460375 0.4942117929458618 0.8703293671479096 0.4855136573314667 0.8545145945506053 0.4791877567768097 0.8508245107289907
0 0.5155617594718933 0.8413356059306377 0.5226783752441406 0.8302652857325099 0.5301904082298279 0.8276295017551731 0.5432376265525818 0.8439714586412584 0.5475866794586182 0.8545145945506053 0.5543079376220703 0.847661473729589 0.5622153282165527 0.8307924012880068 0.5705180764198303 0.8176134126680391 0.5772393941879272 0.8144505131352056 0.5879143476486206 0.8170862971125422 0.5950310230255127 0.8307924012880068 0.5891004800796509 0.8418627214861346 0.5883097052574158 0.8555688943948832 0.5855421423912048 0.8634762463268933 0.5736810564994812 0.8676935831705729 0.5618199706077576 0.8856170241897171 0.5547032952308655 0.8903613391223254 0.547191321849823 0.894578675966005 0.5400746464729309 0.894578675966005 0.5349348187446594 0.886671324033995 0.527027428150177 0.8829812402123803 0.5203061699867249 0.86611203030423 0.5155617594718933 0.8497701421514288
2 0.5483773946762085 0.8634762463268933 0.5519357323646545 0.8592590469497818 0.5554940700531006 0.8618948309271185 0.55351722240448 0.866639214593011
0 0.4985608458518982 0.9267354054493947 0.5175386071205139 0.9309527422930743 0.5321672558784485 0.9114477484075872 0.5396792888641357 0.9009046124982404 0.5515403747558594 0.8998503126539625 0.5637968182563782 0.905121880608636 0.5736810564994812 0.9093392174523156 0.5752625465393066 0.923572505916561 0.5815884470939636 0.9277897052936726 0.5776347517967224 0.9372785413587416 0.5586569905281067 0.9557291666666666 0.5511450171470642 0.9667994868647944 0.5479820370674133 0.9831414437508798 0.5404700040817261 0.9831414437508798 0.5329579710960388 0.9694352708421312 0.5151663422584534 0.9604736190658432 0.4985608458518982 0.9541476138003238 0.4965839982032776 0.9420230624912022
0 0.327365905046463 0.8550417101061022 0.3384362459182739 0.8534602947063274 0.3491111993789673 0.8365911535314612 0.3582046926021576 0.8271023861996762 0.3633445203304291 0.82815661731067 0.3653213679790497 0.8392269375087978 0.36611208319664 0.8566232629724451 0.37362411618232727 0.8787639033687007 0.3827176094055176 0.8871984395894918 0.3783685564994812 0.904594696319855 0.3732287585735321 0.9204094689171594 0.37401947379112244 0.9420230624912022 0.38508981466293335 0.9541476138003238 0.39813703298568726 0.9552020511111697 0.40209072828292847 0.9472946304458756 0.4036721885204315 0.9404415783581433 0.41474252939224243 0.9430772936021959 0.4179054796695709 0.9567834665109446 0.4171147644519806 0.9699623863976281 0.4099980890750885 0.9783970600849873 0.3989277482032776 0.9805056597735431 0.3918111026287079 0.9957933168153505 0.380740761756897 0.9984290320594031 0.36581951379776 0.9986979166666666 0.35227417945861816 0.9963204323708474 0.3578093349933624 0.9815599596178209 0.3510880470275879 0.971543939263971 0.34238994121551514 0.9604736190658432 0.33725011348724365 0.952566198400549 0.3376455008983612 0.9430772936021959 0.3419945538043976 0.9314798578485712 0.3226214647293091 0.9288440051379504 0.31669092178344727 0.9130292325406462 0.31273722648620605 0.8935243761217272 0.32103997468948364 0.8871984395894918 0.32499366998672485 0.8734922666807432 0.32617977261543274 0.86611203030423
0 0.5246552228927612 0.9973748009484094 0.5353302359580994 0.9905216801273931 0.5483773946762085 0.9899944958386121 0.5558894276618958 0.9973748009484094 0.5384931564331055 0.9973748009484094
0 0.3510880470275879 0.011059800783793131 0.35464638471603394 0.00262525301795822 0.3629491329193115 0.0022522522522522522 0.36769357323646545 0.009478323094479673 0.3763917088508606 0.016858553027247522 0.37401947379112244 0.04532515036093222 0.3601815402507782 0.051651061118186056 0.35464638471603394 0.07062879768577782 0.35346028208732605 0.08328061490445524 0.356227844953537 0.09382379377210462 0.35148343443870544 0.10752994090587169 0.3427852988243103 0.11122005909412831 0.3388316035270691 0.09435096087756457 0.3427852988243103 0.06904731784854923 0.34990194439888 0.05006958557678773 0.3538556396961212 0.02951037346779763
0 0.2261050045490265 0.18122418721516928 0.2520586848258972 0.1601093223503044 0.26129645109176636 0.1536575695415875 0.2643757164478302 0.14251360162958368 0.2744932472705841 0.13488879504504506 0.28373098373413086 0.1343022767487947 0.2907692790031433 0.1436866554054054 0.28549057245254517 0.15952280405405406 0.260856568813324 0.174185916110202 0.24282094836235046 0.18826247550345757 0.22918425500392914 0.19647381756756757
0 0.5876970887184143 0.9953195382882883 0.6105715036392212 0.981829462824641 0.6202491521835327 0.9788968885267103 0.6290470361709595 0.9894542522258587 0.6488422155380249 0.9929733963700028 0.6589597463607788 0.9859351768149985 0.6703969836235046 0.9847621058558559 0.6756756901741028 0.9876947488870707 0.6725963950157166 0.9982521813195031 0.6215688586235046 0.9976656114732897 0.6030933260917664 0.9982521813195031
0 0.6233283877372742 0.9706855292792793 0.6299268007278442 0.9654068130630631 0.6422438025474548 0.9742047421567075 0.6523613333702087 0.9847621058558559 0.6422438025474548 0.9888677511129293 0.6316863894462585 0.9853486757020693
0 0.6268475651741028 0.9624741700318482 0.6356453895568848 0.9607146666930603 0.6418039202690125 0.9677529549813485 0.6519214510917664 0.9747912432696368 0.658079981803894 0.980069890752569 0.6593996286392212 0.9630606711447776 0.6576400399208069 0.9372536599099099 0.664238452911377 0.9266962274774775 0.664238452911377 0.9137926531267596 0.6690772771835327 0.8991296441705378 0.6611592173576355 0.8627650630366694 0.6607193350791931 0.8486885551933769 0.6488422155380249 0.8422367680180181 0.6426836848258972 0.8463424132750915 0.6400443315505981 0.8563132758613106 0.638724684715271 0.8662843446473818 0.6325661540031433 0.8739090653153153 0.6343257427215576 0.8938508592210375 0.6343257427215576 0.9108600788288288 0.6299268007278442 0.9331479459195524 0.6228885054588318 0.9454650191573409
0 0.560423731803894 0.6246363321940104 0.560423731803894 0.6099732545045045 0.5652625560760498 0.6052810394012176 0.5740603804588318 0.6017619639903575 0.5784593224525452 0.6000023231850015 0.5788992047309875 0.5876853186804969 0.5872572064399719 0.5841662432696368 0.5951752662658691 0.5906179617117117 0.6079321503639221 0.5900314605987824 0.6140906810760498 0.5870988175675675 0.622008740901947 0.5929640348967131 0.6268475651741028 0.6064540416270763 0.6246480941772461 0.6217037578960797 0.619369387626648 0.6275689752252253 0.6039730906486511 0.6334342612876548 0.5951752662658691 0.6340207624005841 0.5859375 0.6275689752252253 0.5788992047309875 0.6351937646264428 0.569221556186676 0.6357802657393722 0.5621832609176636 0.6322611903285121
0 0.5903364419937134 0.7143745766029702 0.6000140905380249 0.696192286036036 0.6039730906486511 0.6832887804186022 0.602653443813324 0.6662795608108109 0.622008740901947 0.6557221283783784 0.6484023332595825 0.6486838400900901 0.6637985706329346 0.6475108378642315 0.6721565127372742 0.6574817004504504 0.6791948080062866 0.6709718446473818 0.6774352192878723 0.6821157094594594 0.6695171594619751 0.687980926788605 0.6752358078956604 0.702644073211395 0.6743559837341309 0.7184801531267596 0.6664379239082336 0.7337298693957629 0.6589597463607788 0.7366624436936937 0.651481568813324 0.7284510844462627 0.638724684715271 0.7231724369633306 0.6382847428321838 0.7161340799417582 0.6233283877372742 0.7173071509009009 0.6158502101898193 0.7096822927663992 0.6057326793670654 0.7090957916534699 0.5951752662658691 0.7143745766029702
0 0.7733319401741028 0.9648203119501337 0.7834494709968567 0.9401862342078406 0.7935670018196106 0.9173118660041878 0.8036845326423645 0.9173118660041878 0.8032446503639221 0.9337344470324817 0.7984058260917664 0.9571954538156321 0.7909276485443115 0.9683394560942779
0 0.8151217699050903 0.98828125 0.813362181186676 0.9706855292792793 0.8182010054588318 0.947224591229413 0.8243595361709595 0.9448785180444116 0.8344770669937134 0.9513302364864865 0.8401956558227539 0.9542628795177013 0.8353568315505981 0.9712720303922087 0.8296382427215576 0.980069890752569 0.8274387717247009 0.9959060394012176 0.8204004764556885 0.996492609247431
0 0.8313978314399719 0.9982521813195031 0.8327174782752991 0.9830024650504997 0.8410754799842834 0.9783103186804969 0.8432748913764954 0.9613011678059896 0.8485536575317383 0.9577820236618454 0.8604307174682617 0.9654068130630631 0.8683488368988037 0.9730316024642807 0.8665892481803894 0.9970791103603603 0.8564717173576355 0.9982521813195031 0.8410754799842834 0.9976656114732897
0 0.7434192299842834 0.8932643581081081 0.7535367608070374 0.8633516328828829 0.768493115901947 0.8393041249868032 0.7764111757278442 0.8281602601747255 0.7944467663764954 0.8328523378114443 0.810722827911377 0.8351984797297297 0.817321240901947 0.8299197635135135 0.842835009098053 0.834025408770587 0.853392481803894 0.8334389076576577 0.8516328930854797 0.8439963400900901 0.8450344800949097 0.8492750563063063 0.8406355381011963 0.8615920608108109 0.8463541865348816 0.8686303490990991 0.842835009098053 0.8786012804186022 0.8278786540031433 0.879774351377745 0.8186408877372742 0.8768417083465301 0.8085233569145203 0.8786012804186022 0.8014850616455078 0.8803608524906743 0.7926872372627258 0.8762552072336008 0.7803702354431152 0.8762552072336008 0.7724521160125732 0.891504786036036 0.7596952319145203 0.901475648622255 0.7539766430854797 0.9003026463963963
0 0.9189364910125732 0.9337344470324817 0.9233354330062866 0.914379154239689 0.9400513768196106 0.9049947927663992 0.9523683786392212 0.906167932458826 0.9629257917404175 0.9003026463963963 0.9787619709968567 0.9044082916534699 0.9840406775474548 0.9173118660041878 0.9871199131011963 0.9284557995495496 0.9989970326423645 0.9378402297561234 0.9989970326423645 0.9876947488870707 0.9985571503639221 0.9929733963700028 0.9884396195411682 0.9876947488870707 0.9739231467247009 0.9759642454954955 0.953248143196106 0.9642338108372044 0.9330130815505981 0.9483976621885557
0 0.7108671069145203 0.5536669481981982 0.7341814637184143 0.5442825523582665 0.7425394058227539 0.5472151610228393 0.7447388768196106 0.558359163301485 0.7394601702690125 0.5612917375994159 0.7262633442878723 0.5683300602543462 0.7174655199050903 0.5724357398780616
0 0.719664990901947 0.5783009572072072 0.7377005815505981 0.5689165613672755 0.7464984655380249 0.5624647741919165 0.7526569366455078 0.5753683485426344 0.7601351141929626 0.5923775337837838 0.7640941739082336 0.6035215360624296 0.761894702911377 0.6105597556174338 0.7662936449050903 0.6281555450714387 0.7680532336235046 0.6410590506888725 0.7588154673576355 0.6434051238738738 0.7447388768196106 0.6340207624005841 0.7245038151741028 0.630501549523156 0.7143862843513489 0.6328477601747255 0.7209846377372742 0.6193576159777942 0.7240639328956604 0.5953101768149985
0 0.7399000525474548 0.5343116554054054 0.7456186413764954 0.517302470164256 0.7640941739082336 0.5266868316375457 0.7737718224525452 0.5372442640699782 0.7843292355537415 0.5454556233174092 0.7896079421043396 0.5483882319819819 0.7843292355537415 0.5618782730789872 0.7860888242721558 0.5853392454954955 0.7764111757278442 0.5876853186804969 0.7750914692878723 0.5818201013513513 0.764534056186676 0.5812335315051379 0.7552962899208069 0.5736087421039203 0.751777172088623 0.5589456644144144 0.7482579946517944 0.5495612685744827 0.7464984655380249 0.5419364448066231
0 0.7874085307121277 0.5384173350291209 0.7825697064399719 0.5278598682300465 0.7860888242721558 0.5137832916534699 0.7887281775474548 0.4932549966348184 0.8014850616455078 0.49501453434024845 0.817321240901947 0.4997067494435353 0.8247994184494019 0.5120237539480398 0.814681887626648 0.5249272595654737 0.800605297088623 0.5331385844462627
0 0.7900478839874268 0.564810916110202 0.8054441213607788 0.571262668918919 0.8177611231803894 0.5788874583201365 0.8265590071678162 0.5806470303922087 0.8247994184494019 0.5882718885267103 0.8160015344619751 0.5917909639375704 0.8098430633544922 0.6023484651032869 0.8098430633544922 0.6140789684948621 0.7988457083702087 0.6175980439057221 0.7926872372627258 0.61583847183365 0.7865287065505981 0.5947236757020693 0.7909276485443115 0.5824066711975647
0 0.7614548206329346 0.4545444110492328 0.7610149383544922 0.42052600620029207 0.7698127627372742 0.4117281458399317 0.7790505290031433 0.3999976768149986 0.7970861196517944 0.40234375 0.8129222989082336 0.40586289414414417 0.826119065284729 0.40938200392164625 0.8388760089874268 0.4175933631690773 0.8437148332595825 0.42873729671443905 0.8410754799842834 0.43694865596187005 0.8252393007278442 0.4469195529147311 0.8138020634651184 0.45278480461051873 0.8076435923576355 0.45806352082673496 0.7992855906486511 0.45571744764173355 0.7904877662658691 0.4451600152093011 0.777290940284729 0.4480926238738739
0 0.8054441213607788 0.48973585249067425 0.8102829456329346 0.4686209876258094 0.8182010054588318 0.4533713057234481 0.8349169492721558 0.4510252325384467 0.842835009098053 0.4469195529147311 0.8516328930854797 0.4381216925543708 0.8564717173576355 0.43753519144144143 0.8573514819145203 0.4533713057234481 0.859550952911377 0.4639287725225225 0.8538323640823364 0.48445710190781605 0.8525126576423645 0.49853371285103465 0.8507530689239502 0.5038123603339668 0.8366765379905701 0.5061585366188943 0.8283185362815857 0.5108507173555391 0.8239195942878723 0.5008798204026781 0.8168813586235046 0.49208192567567566
0 0.7944467663764954 0.6299150484102266 0.8010451793670654 0.6205306869369369 0.8094031810760498 0.6175980439057221 0.814681887626648 0.6293285472972973 0.8177611231803894 0.6434051238738738 0.814681887626648 0.6498568423159488 0.8041244149208069 0.6422320529147312
0 0.7227442264556885 0.7636425258877041 0.728462815284729 0.7395950867249085 0.7403399348258972 0.7219993660041878 0.7504574656486511 0.7090957916534699 0.7623345851898193 0.7044036452834671 0.7649739384651184 0.7155475788288288 0.7649739384651184 0.7313837274774775 0.7649739384651184 0.7478063772390554 0.7513372898101807 0.7542581644144144 0.7412197589874268 0.7566042375994159 0.7333016395568848 0.7642290270006334
0 0.7904877662658691 0.7671616700318482 0.7944467663764954 0.7689213108372044 0.8063238859176636 0.7524985923423423 0.8256791830062866 0.7237589380762599 0.8353568315505981 0.7067497184684685 0.8450344800949097 0.7002980000263935 0.8511930108070374 0.6897404988606771 0.8604307174682617 0.687980926788605 0.8604307174682617 0.6774235630894566 0.8608706593513489 0.6645199887387387 0.8648296594619751 0.6592412725225225 0.8503131866455078 0.6469242680180181 0.8393158912658691 0.6469242680180181 0.8318377137184143 0.6574817004504504 0.8362366557121277 0.6692121351087416 0.8401956558227539 0.6785965653153153 0.8406355381011963 0.6856348536036037 0.8327174782752991 0.6950192150768933 0.8265590071678162 0.7020575720984656 0.8195207118988037 0.7132014369105434 0.8085233569145203 0.7184801531267596 0.8028047680854797 0.7331432995495496 0.7962063550949097 0.7472198761261262 0.7957664728164673 0.7571907387123452
0 0.9088189601898193 0.8005935394012176 0.9184966087341309 0.786516962824641 0.9356524348258972 0.7953148231850015 0.9466497898101807 0.8017666103603603 0.959846556186676 0.8017666103603603 0.9624859094619751 0.79296875 0.9607263803482056 0.7706808141759924 0.959846556186676 0.7607099515897734 0.9594066739082336 0.7513255213831996 0.957207202911377 0.735489372734551 0.9677646160125732 0.7325567297033362 0.9814013242721558 0.7507390202702703 0.9844805598258972 0.7595369493639147 0.9761226177215576 0.7654021666930603 0.9809614419937134 0.7871034639375704 0.9884396195411682 0.7888631047429265 0.9976773858070374 0.7706808141759924 0.9990234375 0.7845902314057221 0.9985571503639221 0.8064587567303632 0.9897592663764954 0.8246410472972973 0.9809614419937134 0.8463424132750915 0.9730433821678162 0.8428232691309474 0.9620460271835327 0.8393041249868032 0.9664449691772461 0.8492750563063063 0.9770023822784424 0.8610055596978815 0.9937183260917664 0.8803608524906743 0.9827210307121277 0.8985430743243243 0.972603440284729 0.8973700720984656 0.963805615901947 0.8903317150768933 0.9426907300949097 0.8703899211711712 0.9299338459968567 0.8545537725225225 0.9330130815505981 0.8299197635135135 0.9242152571678162 0.8187758299681518 0.9145376086235046 0.8105644707207207
0 0.8186408877372742 0.06215981749800949 0.8217201828956604 0.06157329490592888 0.834037184715271 0.07271724563461167 0.8423951268196106 0.08855340287492082 0.8516328930854797 0.09793778153153153 0.8639498949050903 0.10438955152356946 0.8727477192878723 0.13136965090090091 0.8758270144462585 0.14134056503708298 0.8784663677215576 0.1601093223503044 0.8841849565505981 0.18532984965556376 0.8850647807121277 0.19354119171967377 0.87890625 0.19354119171967377 0.8643897771835327 0.16656109234234234 0.8476738333702087 0.13723488541336748 0.8366765379905701 0.11846611950848554 0.8305180072784424 0.09676473634737032 0.826119065284729 0.08151511458663253
0 0.8643897771835327 0.2181752179120038 0.8775865435600281 0.2017525509671048 0.8921030163764954 0.20292557037628448 0.9000211358070374 0.2040986241521062 0.8969418406486511 0.190608583055101 0.8947423696517944 0.17653202366184545 0.9017806649208069 0.17359938063063063 0.9079391956329346 0.17066675478273685 0.9048599600791931 0.16421500197401992 0.9052998423576355 0.1530710340620161 0.9184966087341309 0.15248451576576577 0.9290540814399719 0.15717669650241062 0.9299338459968567 0.16656109234234234 0.9321333169937134 0.1835702775834917 0.9369721412658691 0.19471424549549549 0.9264146685600281 0.21348301999203795 0.9206960797309875 0.23107874071275866 0.9189364910125732 0.239876583889798 0.8995811939239502 0.24046311936936937 0.8872641921043396 0.24046311936936937 0.8767067790031433 0.2469148721780863 0.8679088950157166 0.2469148721780863
0 0.9321333169937134 0.1712532730789872 0.9338929057121277 0.15952280405405406 0.944450318813324 0.16656109234234234 0.9585269093513489 0.17535895270270271 0.9699640870094299 0.18298375928724134 0.9673247337341309 0.1958872820879962 0.9528082609176636 0.19706035304713893 0.944450318813324 0.19530078097506687 0.9378519058227539 0.18415681306306306 0.9343327879905701 0.17770504307102514
0 0.8934227228164673 0.2498475152093011 0.9039801359176636 0.24456878180976385 0.9176168441772461 0.24632835388183594 0.9290540814399719 0.25102055180180183 0.9391716122627258 0.25629928520133904 0.9338929057121277 0.26099144875466285 0.9202561974525452 0.26040494764173355 0.9074993133544922 0.26216450253048457 0.8969418406486511 0.25747230461051873
0 0.9176168441772461 0.3272686863804723 0.9220157861709595 0.30615378714896535 0.9321333169937134 0.30322121285103465 0.9382917881011963 0.3073268581081081 0.9396114945411682 0.3243360433492575 0.9457699656486511 0.3372395833333333 0.9558875560760498 0.33254740259668847 0.9629257917404175 0.3395856565183347 0.9704039692878723 0.3501430889507672 0.972603440284729 0.36715230855855857 0.9853603839874268 0.3771232398780617 0.9967975616455078 0.38357495832013655 0.9989970326423645 0.40058417792792794 0.9981172680854797 0.4082090016957876 0.9901992082595825 0.40762246621621623 0.9752427935600281 0.4087955028087169 0.9616061449050903 0.40410332207207206 0.9576470851898193 0.3911997820879962 0.9457699656486511 0.39061328097506687 0.9347726702690125 0.37888281195013374 0.927734375 0.3630466633014851 0.923775315284729 0.34897005235826645 0.923775315284729 0.3395856565183347
0 0.8230398297309875 0.6434051238738738 0.8384360671043396 0.6392994786168004 0.849433422088623 0.6381264076576577 0.8573514819145203 0.6469242680180181 0.8670291304588318 0.6563086294913077 0.8740674257278442 0.6651064898516681 0.8855046629905701 0.6586547714095932 0.8947423696517944 0.6457512657921594 0.8969418406486511 0.6346072635135135 0.8987014293670654 0.6175980439057221 0.902220606803894 0.6052810394012176 0.8991413116455078 0.5988293209591428 0.8797860145568848 0.59765625 0.862190306186676 0.5970697488870707 0.8463541865348816 0.5994158220720721 0.8313978314399719 0.6011753941441441 0.8269988894462585 0.5958966779279279 0.8195207118988037 0.5964831790408572 0.8160015344619751 0.6000023231850015 0.8155616521835327 0.6111462567303632 0.8168813586235046 0.6211171880498663
0 0.8335972428321838 0.5941371058558559 0.8397557735443115 0.5870988175675675 0.8423951268196106 0.5824066711975647 0.8507530689239502 0.5741953119501337 0.8542722463607788 0.5653974515897734 0.8503131866455078 0.5560130557498416 0.8560318350791931 0.5454556233174092 0.8648296594619751 0.5425229802861944 0.8793461322784424 0.5272733671171171 0.8938626050949097 0.5085045754372537 0.9092588424682617 0.5090911452834671 0.912338137626648 0.5302060101483319 0.9118982553482056 0.5413499436936937 0.9061796069145203 0.5407634425807644 0.9004610180854797 0.5331385844462627 0.8912232518196106 0.5325520489666913 0.8824253678321838 0.5419364448066231 0.8855046629905701 0.5466286599099099 0.8951823115348816 0.550147838420696 0.9013407826423645 0.5554265546369123 0.9039801359176636 0.5653974515897734 0.9035402536392212 0.5800605292792793 0.8921030163764954 0.5923775337837838 0.882865309715271 0.5935505360096425 0.8591110706329346 0.5935505360096425 0.8415153622627258 0.5947236757020693
0 0.8921030163764954 0.6645199887387387 0.8921030163764954 0.6598277736354519 0.9004610180854797 0.6592412725225225 0.9061796069145203 0.6692121351087416 0.9009009003639221 0.6733178490990991
0 0.87890625 0.8862261385531038 0.8758270144462585 0.8698034200582418 0.8771466612815857 0.8574864155537373 0.8824253678321838 0.8516211294913077 0.8925429582595825 0.8580729166666666 0.8934227228164673 0.8703899211711712 0.8912232518196106 0.8944373603339668
0 0.8642396330833435 0.43267987225506754 0.8696986436843872 0.418122403256528 0.8727314472198486 0.4092261855666702 0.8751577138900757 0.40032996787681235 0.8709117770195007 0.39466871656813063 0.8781905174255371 0.390625 0.8872889280319214 0.3873900336188239 0.8963873386383057 0.3793025317492786 0.903666079044342 0.38011131630287515 0.9103382229804993 0.40760871955940314 0.91822350025177 0.41731365306957346 0.9115513563156128 0.4262099051260733 0.8994201421737671 0.43267987225506754 0.8927479386329651 0.44804605707391965 0.8927479386329651 0.46098602569855013 0.8854692578315735 0.46988224338840795 0.8812233209609985 0.4876746787681236 0.8715183138847351 0.48363092783335093 0.8672724366188049 0.4634122762594137 0.8684855103492737 0.4512810578217378 0.8624199628829956 0.4431935903188345
0 0.8939610719680786 0.3607013461826084 0.9054857492446899 0.34937884356524496 0.9188300371170044 0.37040631405942076 0.9279284477233887 0.38658128343186937 0.9297481775283813 0.41084368594057924 0.9285350441932678 0.4205486538173916 0.9212563037872314 0.41407868668839737 0.9127644896507263 0.40275621843767595 0.9103382229804993 0.3841550328710058 0.9048791527748108 0.36878884805215373
0 0.915797233581543 0.5119370812768335 0.9327809810638428 0.5046583983275268 0.9443055987358093 0.48120471163912937 0.9455187320709229 0.4464285567000106 0.9685680270195007 0.45370730838260137 0.9722073674201965 0.4682647430144989 0.9831255078315735 0.4690734932014534 0.9873713850975037 0.47554346033044764 0.9849451780319214 0.4957621462710269 0.9758467674255371 0.5030408979536177 0.9582564830780029 0.5062758987014359 0.9424859285354614 0.5078933990753449 0.9321743845939636 0.5208332989666913 0.9279284477233887 0.5450957358420432 0.9212563037872314 0.5426694852811796 0.9188300371170044 0.5289208352028787
0 0.9060922861099243 0.5903856432115709 0.9230759739875793 0.5839156417159347 0.9479449987411499 0.5717844232782587 0.9540106058120728 0.5725931390985712 0.9570434093475342 0.5580357388333157 0.9667483568191528 0.552374487524634 0.9643220901489258 0.5313470513971003 0.9637155532836914 0.5119370812768335 0.9461252689361572 0.51274586583043 0.9388465881347656 0.5184071171391118 0.9358137845993042 0.5321558015840547 0.9333875179290771 0.5434782354681341 0.9291415810585022 0.552374487524634 0.9188300371170044 0.5515657029710375 0.9139775633811951 0.5564182384594066 0.9109447598457336 0.567740672343486 0.9091250896453857 0.5814893567884291
0 0.9661417603492737 0.5895769273912584 0.9667483568191528 0.5693581727173951 0.9740270972251892 0.5604619550275373 0.990958034992218 0.5513570974538992 0.9990234375 0.5543995419064084 0.9967940449714661 0.566919790731894 0.9964050054550171 0.6001203382337416 0.977666437625885 0.5992818609014288
0 0.9115513563156128 0.5960468601536106 0.9339940547943115 0.5855331420898438 0.9473384022712708 0.5790631405942075 0.956436812877655 0.578254424773895 0.9600762128829956 0.5928118594057925 0.9576499462127686 0.6017081458289344 0.9455187320709229 0.6049430778434685 0.9364203214645386 0.6130305797130138 0.9236825704574585 0.6227355132231841 0.9170103669166565 0.6275879456116272 0.9079119563102722 0.6251617981506897 0.9091250896453857 0.6122217951594172
0 0.9242891073226929 0.6647903854782516 0.9242891073226929 0.6494241662927576 0.9327809810638428 0.6356755162144566 0.9424859285354614 0.6259705139710022 0.9515843391418457 0.6186917279217694 0.9570434093475342 0.6146480113536388 0.9709942936897278 0.6065605094840935 0.9843385815620422 0.6089867944115991 0.9813057780265808 0.619500512475366 0.9661417603492737 0.6267792297913147 0.956436812877655 0.633249231286951 0.9467318654060364 0.6550853832347973 0.9430924654006958 0.6680253174927857 0.9358137845993042 0.6688341707796663
1 0.015625 0.046098606006519216 0.015625 0.045289855819564684 0.015625 0.05418607780525276 0.015625 0.06227354960398631 0.015625 0.054994823696377045
1 0.015625 0.06874353391630156 0.01748107559978962 0.05903856174365894 0.027186043560504913 0.04933358957101633 0.03871069476008415 0.03962862169420397 0.048415664583444595 0.03396738971675838 0.057514071464538574 0.0404373718811585 0.059940315783023834 0.06308229979094085 0.058727193623781204 0.08815347826158679 0.06297311931848526 0.11888586508261191 0.06297311931848526 0.12697334976883623 0.056300949305295944 0.13586955886703353 0.045989420264959335 0.1399133098018062 0.03143196925520897 0.12212085723876953 0.02233356051146984 0.11888586508261191 0.019300756976008415 0.09624093717282957 0.015661394223570824 0.08330098573152009
1 0.05326814949512482 0.14638328552246094 0.062366556376218796 0.13748706783260312 0.07085840404033661 0.1318258165239214 0.08541585505008698 0.13344332548949095 0.0902683436870575 0.13829581801955765 0.09148146212100983 0.15851448677681587 0.09815362840890884 0.17388068877898896 0.0902683436870575 0.17792443971376162 0.07813712954521179 0.17064570521449182 0.06600592285394669 0.15770573658986134
1 0.6313203573226929 0.39466871656813063 0.6367794275283813 0.38658128343186937 0.6495171785354614 0.3712150642463753 0.6598287224769592 0.3598925959956539 0.6683205366134644 0.3582750956217448 0.682271420955658 0.3679800978651992 0.6883370280265808 0.3776850313753695 0.6810583472251892 0.3938599663811761 0.6628615260124207 0.3922425347405511 0.6476975083351135 0.3922425347405511
1 0.4141716957092285 0.3857724988782728 0.42933568358421326 0.3890074652594489 0.4426800310611725 0.3825374981304547 0.4584506154060364 0.37040631405942076 0.4669424593448639 0.3582750956217448 0.46936869621276855 0.3380564096811655 0.46633589267730713 0.32754269161739863 0.45056530833244324 0.3315864425521713 0.4457128345966339 0.31945522411449534 0.4390406608581543 0.309750256237683 0.42994225025177 0.32188147467535894 0.42630288004875183 0.34452641117680183 0.4196307361125946 0.3607013461826084 0.41720446944236755 0.376876281188415
1 0.35412219166755676 0.4658385268202773 0.35776156187057495 0.4634122762594137 0.36685994267463684 0.4739259943231806 0.3729255497455597 0.4884834289550781 0.3638271689414978 0.4909096795159417 0.3607943654060364 0.4884834289550781 0.3589746654033661 0.4795872112652203
1 0.015625 0.3387038772170608 0.015625 0.3391543895274669 0.020274654030799866 0.3463631707268792 0.015625 0.3558246853115322 0.015625 0.34951703183285826
1 0.015625 0.22020977467030017 0.015625 0.21525376122277062 0.022302119061350822 0.2193086813162039 0.031087802723050117 0.22696799200934334 0.035480644553899765 0.23372620934838648 0.033115267753601074 0.25264922133437145 0.01993674226105213 0.26256129977939363 0.015625 0.26796784272065033 0.015625 0.26977006379548496 0.015625 0.2422866305789432
1 0.015625 0.27427551338264533 0.015625 0.26977006379548496 0.02669496089220047 0.26391292262721705 0.030074069276452065 0.26256129977939363 0.03717019781470299 0.2567041586111258 0.04359050467610359 0.25445142522588504 0.051362454891204834 0.2571547052881739 0.05575529858469963 0.2603085320275109 0.053727831691503525 0.2693194999351158 0.04595588147640228 0.28058316686131934 0.03649437800049782 0.29004469862929333 0.032439447939395905 0.29905566653689825 0.03446691110730171 0.3116709734942462 0.035480644553899765 0.32473686149528436 0.03514273464679718 0.3346489227569855 0.028722425922751427 0.3387038772170608 0.020950475707650185 0.3405060639252534 0.015625 0.3369016561422262 0.015625 0.3346489227569855 0.015625 0.3346489227569855 0.015625 0.3008578532450908
1 0.12401329725980759 0.23282511599429018 0.13786764442920685 0.2278690853634396 0.1520598977804184 0.22696799200934334 0.15983185172080994 0.22831964922380876 0.16760380566120148 0.24769319070352092 0.17503784596920013 0.2684184065810195 0.19227130711078644 0.28914360527519706 0.2017328143119812 0.2945501653997748 0.1997053474187851 0.3031105866303315 0.17909277975559235 0.3040116799844278 0.1605076789855957 0.30356113330737966 0.1392192840576172 0.2999567255243525 0.14597751200199127 0.29364907204567847 0.15037034451961517 0.2877919308774106 0.1409088522195816 0.2814842773987366 0.13550226390361786 0.2715722333203565 0.13820555806159973 0.25535251857998137 0.1277303248643875 0.24904483073466532 0.1236753910779953 0.24363827061008764
1 0.018923010677099228 0.003045703645225044 0.02973615936934948 0.024221452506812843 0.033115267753601074 0.03278186084987881 0.03987348452210426 0.0318807653478674 0.044604238122701645 0.026474192335798934 0.047645438462495804 0.00665008645873886 0.043928418308496475 0.0025951556257299475 0.03412900120019913 0.0025951556257299475 0.027032872661948204 0.0025951556257299475
1 0.16354887187480927 0.10577061799195436 0.1824718862771988 0.10847390664590371 0.19565041363239288 0.1053200627232457 0.20274654030799866 0.10577061799195436 0.20511192083358765 0.11973759934708879 0.20747728645801544 0.13821007324768617 0.2061256468296051 0.15578142801920572 0.20240862667560577 0.16614403595795502 0.19396086037158966 0.17290223611367717 0.18145816028118134 0.15578142801920572 0.16388678550720215 0.140913353309975 0.15915603935718536 0.13640786935617258 0.15712857246398926 0.11838595931594437 0.1584802120923996 0.11207828865394937
1 0.1713208258152008 0.06477076728064735 0.17706531286239624 0.05846309232282209 0.18179605901241302 0.05215542166082709 0.1909196525812149 0.06477076728064735 0.1997053474187851 0.07197953129673863 0.20443609356880188 0.07603445998183242 0.2081531137228012 0.08774870795172614 0.2037602663040161 0.09856185397586308 0.18956801295280457 0.10171568071520007 0.17976859211921692 0.103067329338005 0.17030709981918335 0.103067329338005 0.17706531286239624 0.09405637002206063 0.1736862063407898 0.08099048202102249 0.17199665307998657 0.07513335803607563
1 0.21423551440238953 0.08549595738316441 0.22471074759960175 0.08864980130582242 0.23146896064281464 0.08819925462877429 0.23282061517238617 0.08099048202102249 0.23180687427520752 0.07783664669002499 0.22437283396720886 0.07738610001297684 0.21558715403079987 0.07828720195873363 0.21153222024440765 0.07873774004412128
1 0.20713938772678375 0.10441896936914942 0.21119430661201477 0.09135308995977179 0.22606238722801208 0.09315526807630384 0.2324827015399933 0.09630912059062235 0.24126838147640228 0.11523211539328636 0.2520815432071686 0.13190239399403064 0.25883975625038147 0.13821007324768617 0.2581639289855957 0.147221006788649 0.25275734066963196 0.15533088134215758 0.23822718858718872 0.16659458263500318 0.22640030086040497 0.1751549866822389 0.2193041741847992 0.1796604534527203 0.20984266698360443 0.17560553335928702 0.20680147409439087 0.1701989560513883 0.21220804750919342 0.1562319918795749 0.2105184942483902 0.13100129204827385 0.20882894098758698 0.11658376401609129
1 0.2365376353263855 0.08099048202102249 0.2514057159423828 0.08099048202102249 0.2622188627719879 0.0769355533359287 0.2628946900367737 0.07152898032386024 0.2598534822463989 0.06567185204308312 0.2686391770839691 0.06206747433086773 0.2760732173919678 0.06927623405112876 0.2824935019016266 0.07828720195873363 0.28553470969200134 0.09721020535305813 0.28587260842323303 0.11027609335409629 0.2801281213760376 0.12334198135513443 0.27032873034477234 0.13100129204827385 0.2628946900367737 0.13415513597093187 0.25072988867759705 0.12424308330089122 0.24228212237358093 0.10757280470014692 0.2365376353263855 0.09450691669910878 0.23518598079681396 0.08774870795172614
1 0.11556553095579147 0.2193086813162039 0.12131001055240631 0.21255046397716076 0.1260407716035843 0.19678127873051274 0.1324610710144043 0.20759443334631017 0.1344885379076004 0.2215614147014446 0.13077151775360107 0.2256163519781989 0.12029627710580826 0.2296712892549532 0.11691717058420181 0.22651744533229518
1 0.1260407716035843 0.19137471860593502 0.1280682235956192 0.17470444000519073 0.1348264515399933 0.16253964535824889 0.1412467509508133 0.16028691197300818 0.15510110557079315 0.14001225136421822 0.16760380566120148 0.15037486789462803 0.1801065057516098 0.15938581861891188 0.19058175384998322 0.17380334665109445 0.16963127255439758 0.1792099411423142 0.16591425240039825 0.19678127873051274 0.1581422984600067 0.21975922799325204 0.14935661852359772 0.22291307191591006 0.13854347169399261 0.22201196137849274 0.13381271064281464 0.2035395132528769 0.12941987812519073 0.19497909202232017
1 0.22707612812519073 0.2652645626583615 0.2341722548007965 0.25309976801141965 0.23957882821559906 0.24363827061008764 0.2500540614128113 0.24589098681200733 0.2520815432071686 0.2567041586111258 0.24566122889518738 0.27472606005969347 0.2389030009508133 0.27742937448862437 0.22910359501838684 0.2756271705971108
1 0.2909412980079651 0.15893527194186374 0.3034439980983734 0.1490232278634836 0.3183120787143707 0.13685841603322071 0.3298010528087616 0.13685841603322071 0.33723506331443787 0.14226499334111944 0.3294631242752075 0.15803416140444643 0.3426416516304016 0.17380334665109445 0.353116899728775 0.19633074923678562 0.3561580777168274 0.20444058942365217 0.34568285942077637 0.21480319736240147 0.330476850271225 0.22651744533229518 0.32439446449279785 0.2319240054568729 0.30513355135917664 0.18686921746881158 0.29600995779037476 0.17380334665109445
1 0.2628946900367737 0.23327566267133834 0.27708694338798523 0.19723182540756087 0.2838451564311981 0.17605608003633516 0.2868863642215729 0.1701989560513883 0.29296875 0.1774077200674796 0.3010786175727844 0.19047360806851774 0.30682310461997986 0.20489115328402133 0.31391921639442444 0.2224625252388619 0.3213532567024231 0.24003388001038148 0.32405656576156616 0.24949539459503448 0.30479562282562256 0.2445393639641839 0.2801281213760376 0.23868222279591603 0.2689770758152008 0.23958333333333334
1 0.204098179936409 0.3062644133696685 0.21085640788078308 0.2981545731828019 0.22471074759960175 0.2927479786915822 0.22707612812519073 0.28058316686131934 0.23552389442920685 0.28058316686131934 0.24599912762641907 0.28508865081512175 0.25275734066963196 0.29545125875387107 0.24904033541679382 0.3085171467549092 0.24633704125881195 0.3215830691225894 0.23957882821559906 0.3274401759242152 0.21795253455638885 0.3224841281100436 0.20916683971881866 0.31572592795432153
1 0.2500540614128113 0.2792315440134959 0.2557985484600067 0.25760525196522205 0.2598534822463989 0.24363827061008764 0.2713424563407898 0.24408881728713577 0.2885759174823761 0.24589098681200733 0.30243024230003357 0.24904483073466532 0.3193258047103882 0.25445142522588504 0.32236701250076294 0.26120964256492823 0.3183120787143707 0.2729238561681799 0.3074989318847656 0.2995062132139464 0.3010786175727844 0.3116709734942462 0.29161709547042847 0.3197808480477548 0.2824935019016266 0.3238358025078301 0.27201828360557556 0.32563795484938063 0.2693149745464325 0.30671499441335864 0.2686391770839691 0.29319852536863034 0.2564743757247925 0.2868908718899564
1 0.3257461190223694 0.23597894273362718 0.33960044384002686 0.22471524144078162 0.35446852445602417 0.21480319736240147 0.3625783920288086 0.2089460561941336 0.3717019855976105 0.20804499720667932 0.38082557916641235 0.21390210400830517 0.390625 0.22381414808668532 0.3950178325176239 0.23012183593200133 0.38994917273521423 0.24183606671857405 0.3801497519016266 0.24814375456389007 0.3646058738231659 0.24994594127208264 0.353116899728775 0.26256129977939363 0.3453449308872223 0.273374402845228 0.328111469745636 0.2711216866433083 0.32405656576156616 0.2693194999351158 0.32709774374961853 0.2562535947507566 0.3274356722831726 0.24498991064123204
1 0.3058093786239624 0.3134731945690808 0.3166225254535675 0.2895941519522452 0.32067742943763733 0.27742937448862437 0.33554551005363464 0.27652826395120705 0.3473724126815796 0.2778798867990305 0.3521031439304352 0.27652826395120705 0.35919928550720215 0.30266000558664136 0.3625783920288086 0.31302264789203266 0.3473724126815796 0.30761605340081294 0.33520761132240295 0.30446222666147593 0.32675984501838684 0.3107698801401499 0.31358131766319275 0.31572592795432153
1 0.27066662907600403 0.33104454934060035 0.28790009021759033 0.32879181595535967 0.29296875 0.3314950960176485 0.2912791967391968 0.3441104717082805 0.2902654707431793 0.35131918417440877 0.27505946159362793 0.3472642984476175 0.2689770758152008 0.3391543895274669
1 0.09258759021759033 0.484230831936673 0.09461504966020584 0.45539577587230784 0.11455179750919342 0.4396265734423388 0.1300956904888153 0.42836287214949326 0.13955719769001007 0.427461778795397 0.15577691793441772 0.4360222000259537 0.1716587394475937 0.44638477359806095 0.17740322649478912 0.4571979282138584 0.17030709981918335 0.47837369076840514 0.16794171929359436 0.490538485415347 0.15138408541679382 0.5054065601245777 0.13989511132240295 0.5153186213862788 0.12941987812519073 0.5216263092315949 0.11556553095579147 0.5301866960955096 0.10441447049379349 0.509461514584653 0.09529087692499161 0.4941428931983742
1 0.18044441938400269 0.45449468251821157 0.19429877400398254 0.4468353546417511 0.20071907341480255 0.4441320745794623 0.21187013387680054 0.45224191476632886 0.22707612812519073 0.45990124264278925 0.22166955471038818 0.46981330390449044 0.20274654030799866 0.4851319596574113 0.18720263242721558 0.49909890664590373 0.17841695249080658 0.5018022210748346 0.17301037907600403 0.490538485415347 0.1760515719652176 0.4729671306438274 0.17909277975559235 0.4626045227050781
1 0.23113106191158295 0.46620889612146327 0.24126838147640228 0.4571979282138584 0.2493782490491867 0.4571979282138584 0.25478482246398926 0.46711002384220157 0.255460649728775 0.4792747841225014 0.2534331679344177 0.49098906645903717 0.2341722548007965 0.4815275518743842
1 0.15983185172080994 0.531538370493296 0.17098291218280792 0.5193736102129962 0.17537575960159302 0.5076593278764604 0.18280979990959167 0.5036043390497431 0.19801579415798187 0.4959450799065667 0.2081531137228012 0.48603298427822356 0.2233591079711914 0.47431877067497186 0.22606238722801208 0.484230831936673 0.22504866123199463 0.5076593278764604 0.22504866123199463 0.5432525840965478 0.2236970216035843 0.5563184720975859 0.21964208781719208 0.566230533359287 0.20747728645801544 0.5716370934838647 0.19801579415798187 0.5729887335150091 0.1868647336959839 0.5644283122844524 0.18585099279880524 0.544153677450644 0.177741140127182 0.5400987229905687 0.16659007966518402 0.540999816344665
1 0.3074989318847656 0.5396482450468046 0.31358131766319275 0.5337911382451788 0.3186499774456024 0.5256811949583862 0.328111469745636 0.5216263092315949 0.3362213373184204 0.5319889171703441 0.3382488191127777 0.544153677450644 0.3321664035320282 0.553615226401939 0.32405656576156616 0.5563184720975859 0.3193258047103882 0.5486591442211254 0.31560876965522766 0.5450548051713823
1 0.2537710964679718 0.4571979282138584 0.2625567615032196 0.45314304248706716 0.27505946159362793 0.4562968348597621 0.28350725769996643 0.4567474159034523 0.29600995779037476 0.4540441014745214 0.30918848514556885 0.45539577587230784 0.3125675916671753 0.45990124264278925 0.31797415018081665 0.47521986402906813 0.3230428099632263 0.4819780985514323 0.32202908396720886 0.49234067212353955 0.3125675916671753 0.5054065601245777 0.29634785652160645 0.5121647602802998 0.28350725769996643 0.5148680747092307 0.2676254212856293 0.5085604212305568 0.2541089951992035 0.49639562658361486 0.2585018277168274 0.4837802508929828 0.25748810172080994 0.4693627228608003
1 0.3257461190223694 0.4846813786137211 0.3260840177536011 0.4788242718120953 0.33757299184799194 0.48107697083069395 0.3477103114128113 0.48558247196781745 0.3534547984600067 0.4927912188005877 0.3473724126815796 0.5 0.33757299184799194 0.4927912188005877 0.330476850271225 0.48918684538420254
1 0.3673091530799866 0.4995494876895939 0.37237781286239624 0.49234067212353955 0.38352885842323303 0.4864835653219137 0.39366620779037476 0.4927912188005877 0.40042442083358765 0.5022527677518828 0.38319095969200134 0.5166702957840653 0.37677064538002014 0.5198240881567603 0.3713640868663788 0.5121647602802998
1 0.38724589347839355 0.4819780985514323 0.3973832130432129 0.46981330390449044 0.4078584611415863 0.46620889612146327 0.42171281576156616 0.48107697083069395 0.4271193742752075 0.4864835653219137 0.405830979347229 0.4945934055087803 0.4017760455608368 0.4986483599688556 0.3946799337863922 0.4914395787694433
1 0.3605509400367737 0.459000149288693 0.3693366050720215 0.433769466640713 0.3733915388584137 0.427461778795397 0.38048768043518066 0.4261101387642525 0.3889354467391968 0.4261101387642525 0.395355761051178 0.42475853309975015 0.40245187282562256 0.4207035442730328 0.40887218713760376 0.41890142629812427 0.40921008586883545 0.4436814935357721 0.40481725335121155 0.459000149288693 0.3990727663040161 0.46620889612146327 0.38521841168403625 0.4774726317809509 0.3774464726448059 0.484230831936673 0.36832287907600403 0.4734176773208756
1 0.16422469913959503 0.60092273059192 0.1672658920288086 0.5941644617029138 0.17402411997318268 0.5928128216717694 0.18044441938400269 0.5874062615471918 0.17875486612319946 0.5765930725647522 0.17875486612319946 0.569384394465266 0.1844993531703949 0.569384394465266 0.1909196525812149 0.5738898612357475 0.1973399668931961 0.5815491547455659 0.19260920584201813 0.5950656237902942 0.18787845969200134 0.6175929576427013 0.1780790388584137 0.6148896775804125
1 0.1912575662136078 0.6153402929907447 0.19666413962841034 0.5923623437280053 0.20038115978240967 0.5815491547455659 0.2084910273551941 0.5801975147144215 0.21660088002681732 0.5874062615471918 0.22099372744560242 0.594615008379962 0.21795253455638885 0.610384210809931 0.21322177350521088 0.6252523198858038 0.2061256468296051 0.6311094266874296 0.19869160652160645 0.6275050532710444 0.19429877400398254 0.6220984931464668
1 0.12097210437059402 0.68247195407077 0.1409088522195816 0.6716587650883306 0.14800497889518738 0.6712082184112824 0.1564527451992035 0.6806696986292934 0.1605076789855957 0.6892301542264921 0.15037034451961517 0.6955378077051662 0.1409088522195816 0.7009443678297438 0.13347481191158295 0.7000432744756475 0.12671658396720886 0.6968893790030265 0.12198583781719208 0.6896806321702562
1 0.12401329725980759 0.8919766400311444 0.13279898464679718 0.8662954107061163 0.14192257821559906 0.8640426773208756 0.15070825815200806 0.8631415839667793 0.16118350625038147 0.871701970830694 0.15746648609638214 0.8834162531672297 0.1392192840576172 0.9086468670819257 0.13415062427520752 0.9149545892938837 0.12739241123199463 0.9036908536343962
1 0.08109861612319946 0.9208116960955096 0.09258759021759033 0.9118008312878308 0.10948313027620316 0.925317231599275 0.11624135076999664 0.9352292584943341 0.10306282341480255 0.9419874586500563 0.0912359431385994 0.9446907387123452 0.08481563627719879 0.9365808985254787
1 0.08718100935220718 0.9591083011111697 0.11151059716939926 0.9568555677259291 0.11995837092399597 0.9564049523155969 0.12502703070640564 0.9478445654516822 0.12401329725980759 0.9433390986812007 0.11995837092399597 0.9388336319107193 0.10982104390859604 0.9428885520041526 0.0996837168931961 0.9460423787434896 0.09292549639940262 0.9509983921910191
1 0.015625 0.9947015573312571 0.016219723969697952 0.9685697813291807 0.021626297384500504 0.9509983921910191 0.028384516015648842 0.9464929254205378 0.041563041508197784 0.9582072077570735 0.056769032031297684 0.9784818082242399 0.056769032031297684 0.9942510106542088 0.044604238122701645 0.9956026506853534 0.031763624399900436 0.9965037440394496 0.020950475707650185 0.9951520352750212
1 0.03412900120019913 0.937932469823339 0.035480644553899765 0.922163336126654 0.056093208491802216 0.9185590314435529 0.06487889587879181 0.9176578693561726 0.07501622289419174 0.9226138828037022 0.08109861612319946 0.9397347252648156 0.08549145609140396 0.9482951121287303 0.08312608301639557 0.9699214213603252 0.07062337547540665 0.9762291435722832 0.06116187199950218 0.9775807148701435 0.05034872516989708 0.9618115124401746 0.03818393126130104 0.9500972988369228 0.03345317766070366 0.9455919007997255
1 0.34162792563438416 0.7478012909760346 0.35886138677597046 0.7536584665109446 0.3686607778072357 0.7622189221081433 0.38352885842323303 0.7676254134994369 0.39636948704719543 0.7770869624507319 0.40211397409439087 0.7901528160851281 0.3973832130432129 0.8081748206336219 0.38555634021759033 0.8207900588576859 0.3666333258152008 0.8288998990445524 0.3652816712856293 0.8230427922429265 0.370688259601593 0.8131307653478674 0.36595749855041504 0.8050208564277168 0.3490619659423828 0.8018670984216638 0.3368971645832062 0.8014165517446157 0.3341938853263855 0.7703286935617258 0.3368971645832062 0.7509551864486557
1 0.3433174788951874 0.7387903574350718 0.34162792563438416 0.729779423894109 0.3446691036224365 0.7261749817444397 0.36122673749923706 0.7351860527519707 0.3673091530799866 0.736537624049831 0.3652816712856293 0.7509551864486557 0.35041359066963196 0.7459991042678421 0.3429795503616333 0.7446475329699817
1 0.36832287907600403 0.7518562798027519 0.370688259601593 0.736537624049831 0.38048768043518066 0.7198673969990498 0.39366620779037476 0.7099553013707066 0.39839693903923035 0.7054498346002253 0.4098859131336212 0.7149113148182362 0.41799578070640564 0.729779423894109 0.4119133949279785 0.7423947308514569 0.40245187282562256 0.7635704934060037 0.3926524519920349 0.7694276002076295 0.3798118531703949 0.7622189221081433 0.36764705181121826 0.7572629086606137
1 0.3298010528087616 0.8356580992002745 0.3477103114128113 0.8275482590134079 0.3433174788951874 0.8397130880269918 0.33520761132240295 0.849625114922051 0.3301389515399933 0.8482735436241906
1 0.16354887187480927 0.7955593762097058 0.1780790388584137 0.7793397645692568 0.18754054605960846 0.7775375091277801 0.19565041363239288 0.7892517227310318 0.2105184942483902 0.8063725651921453 0.22504866123199463 0.8225922455658784 0.2236970216035843 0.8334054345483178 0.21153222024440765 0.8361087146106067 0.19835369288921356 0.8334054345483178 0.1912575662136078 0.8338559124920819 0.1824718862771988 0.8234934076532587 0.17199665307998657 0.8162845920872044 0.16422469913959503 0.8122296032604871
1 0.19396086037158966 0.8397130880269918 0.20443609356880188 0.8383614479958474 0.21761462092399597 0.8410647280581363 0.22910359501838684 0.8437680768537091 0.23788927495479584 0.8541305816925324 0.23957882821559906 0.8626909685564471 0.23113106191158295 0.8802623576946087 0.2172767072916031 0.8744053196262669 0.20342236757278442 0.871701970830694 0.1997053474187851 0.859086663873346 0.1973399668931961 0.8509767549531954
1 0.17436201870441437 0.7009443678297438 0.18348561227321625 0.6959883543822143 0.19227130711078644 0.7049992879231771 0.20308445394039154 0.7040981945690808 0.21220804750919342 0.701845392450556 0.23045523464679718 0.7131091968433277 0.2473507821559906 0.7243728637695312 0.2628946900367737 0.7356365306957348 0.2757352888584137 0.73924090411212 0.2797902226448059 0.7469002663552224 0.2740457355976105 0.7518562798027519 0.24397167563438416 0.7536584665109446 0.2257244735956192 0.7514057331257038 0.21660088002681732 0.7509551864486557 0.2084910273551941 0.7509551864486557 0.20004324615001678 0.7441969175596495 0.18990592658519745 0.7279772371859163 0.18416143953800201 0.7176146636138091 0.17841695249080658 0.7099553013707066
1 0.17909277975559235 0.7685265755868173 0.17672739923000336 0.755010106542089 0.17638948559761047 0.7482518376530828 0.1844993531703949 0.7419442529076928 0.18720263242721558 0.7315816106023015 0.19565041363239288 0.7441969175596495 0.20071907341480255 0.7572629086606137 0.19429877400398254 0.7703286935617258 0.18517518043518066 0.7730320423572987
1 0.06014813855290413 0.9951520352750212 0.06048605218529701 0.9811851570198128 0.07704368233680725 0.9766796215160473 0.0868431031703949 0.9780313302804758 0.09495296329259872 0.9969542907164978
1 0.08819474279880524 0.9708225147144215 0.09089802950620651 0.9618115124401746 0.1084693968296051 0.9618115124401746 0.11421388387680054 0.9640643145586993 0.1172550842165947 0.9784818082242399 0.106441929936409 0.9933499860333966 0.10272490978240967 0.9960531973624015 0.09765625 0.9933499860333966 0.09258759021759033 0.9825367970509572
1 0.10982104390859604 0.9960531973624015 0.11759299039840698 0.9856906237902942 0.12705449759960175 0.99154773059192 0.1321231573820114 0.9965037440394496 0.11826881766319275 0.9965037440394496
1 0.12063419073820114 0.9744269568640906 0.11860672384500504 0.9613609657631265 0.12705449759960175 0.9514490076013513 0.1304336041212082 0.9451412853893933 0.13820555806159973 0.9451412853893933 0.14496377110481262 0.9518995542783995 0.15070825815200806 0.9618115124401746 0.17098291218280792 0.9703719680373734 0.1953125 0.9771301681930954 0.2081531137228012 0.9847895304361979 0.21187013387680054 0.9947015573312571 0.21187013387680054 0.9978554528038781 0.19512495398521423 0.9986979166666666 0.16422469913959503 0.9956026506853534 0.14057093858718872 0.9974048373935459 0.13279898464679718 0.99154773059192 0.12198583781719208 0.9825367970509572
1 0.13820555806159973 0.9257677095430391 0.14428795874118805 0.9136028805294553 0.16321095824241638 0.8892733599688556 0.16794171929359436 0.8784601709864162 0.18044441938400269 0.8802623576946087 0.20274654030799866 0.8802623576946087 0.20781520009040833 0.8780096243093679 0.21829044818878174 0.884317346521326 0.22944149374961853 0.8883722666147593 0.24430957436561584 0.9072952957840653 0.25512272119522095 0.9163062293250281 0.2625567615032196 0.9217127894496059 0.2625567615032196 0.9370314452025268 0.2537710964679718 0.9464929254205378 0.24160629510879517 0.9518995542783995 0.22200746834278107 0.9555038589615006 0.21524924039840698 0.9586577544341216 0.21592506766319275 0.9721741547455659 0.21153222024440765 0.9784818082242399 0.19429877400398254 0.9721741547455659 0.1628730595111847 0.9595587790549338 0.13752973079681396 0.9401852719418637
1 0.21389760076999664 0.9856906237902942 0.2233591079711914 0.9838883683488175 0.24228212237358093 0.99154773059192 0.2497161477804184 0.9969542907164978 0.22650420665740967 0.9986979166666666 0.21795253455638885 0.9978554528038781
1 0.19463667273521423 0.7775375091277801 0.2037602663040161 0.7622189221081433 0.20646356046199799 0.758163933281426 0.21761462092399597 0.7577133866043778 0.23991674184799194 0.7568122932502815 0.2598534822463989 0.7563617465732334 0.2774248421192169 0.755010106542089 0.28519681096076965 0.752306757746516 0.29229292273521423 0.7568122932502815 0.28925174474716187 0.770779308972058 0.2821556031703949 0.7933066428244651 0.2838451564311981 0.8113285786396748 0.28316932916641235 0.8266472343925957 0.27201828360557556 0.8302516078089809 0.26120513677597046 0.8334054345483178 0.2517436146736145 0.8334054345483178 0.24025465548038483 0.8234934076532587 0.2277519404888153 0.8198890342368735 0.22065581381320953 0.8135813120249156 0.2061256468296051 0.7964604695638021
1 0.2189662605524063 0.9766796215160473 0.21964208781719208 0.9622621278505068 0.22842776775360107 0.9604599411423141 0.2389030009508133 0.9582072077570735 0.257826030254364 0.9509983921910191 0.2622188627719879 0.9487456588057784 0.2689770758152008 0.9514490076013513 0.27674901485443115 0.9568555677259291 0.2804660499095917 0.9685697813291807 0.2821556031703949 0.9780313302804758 0.27911439538002014 0.9874928104984868 0.2757352888584137 0.9956026506853534 0.25883975625038147 0.9942510106542088 0.2493782490491867 0.9906465685045397 0.2368755340576172 0.9847895304361979
1 0.2666116952896118 0.9235150448910825 0.2737078368663788 0.9086468670819257 0.2784385681152344 0.8955810134475296 0.27641111612319946 0.8834162531672297 0.2885759174823761 0.8829657752234656 0.29668575525283813 0.884317346521326 0.308174729347229 0.8978337468327703 0.3085126578807831 0.9090974137589738 0.3034439980983734 0.9167567760020763 0.290603369474411 0.9271194183074676 0.28316932916641235 0.9302732450468046 0.2794523239135742 0.9419874586500563 0.27505946159362793 0.94694354083087 0.2676254212856293 0.9451412853893933 0.2645842432975769 0.9433390986812007 0.2662737965583801 0.9325259096987613
1 0.28080394864082336 0.9537017409865921 0.2865484356880188 0.9370314452025268 0.29398247599601746 0.9293721516927084 0.30682310461997986 0.9181084160332207 0.31155383586883545 0.9140534959397875 0.3196637034416199 0.9289215362823762 0.3257461190223694 0.9334270030528575 0.33554551005363464 0.9352292584943341 0.33351805806159973 0.9500972988369228 0.33926254510879517 0.9676686879750844 0.34568285942077637 0.9735257947767103 0.35041359066963196 0.9771301681930954 0.3510894179344177 0.9847895304361979 0.34872403740882874 0.9974048373935459 0.31527087092399597 0.9960531973624015 0.30006489157676697 0.9969542907164978 0.29296875 0.9960531973624015 0.2848588824272156 0.9879433571755349
1 0.1432742178440094 0.4202530319626267 0.15881812572479248 0.40853878399273297 0.17098291218280792 0.39727508269988737 0.1821339726448059 0.39727508269988737 0.18990592658519745 0.4004289094392244 0.19260920584201813 0.4089893306697811 0.1997053474187851 0.4170992052232897 0.19666413962841034 0.4319672455658784 0.1953125 0.440077154486029 0.1844993531703949 0.4468353546417511 0.17976859211921692 0.4486375069833017 0.17199665307998657 0.4405276667964351 0.1581422984600067 0.43331895433030687
1 0.09934580326080322 0.3274401759242152 0.10779357701539993 0.3107698801401499 0.11522761732339859 0.3080666000778611 0.12671658396720886 0.3062644133696685 0.13381271064281464 0.30446222666147593 0.1473291516304016 0.30581386669262034 0.1649005264043808 0.3080666000778611 0.17064499855041504 0.3080666000778611 0.1821339726448059 0.3085171467549092 0.18956801295280457 0.3085171467549092 0.19801579415798187 0.3094182744756475 0.20105698704719543 0.31617647463136966 0.20105698704719543 0.3314950960176485 0.19801579415798187 0.34771481075802363 0.1973399668931961 0.36438510654208894 0.19058175384998322 0.3905168825441653 0.18923009932041168 0.3945717682709565 0.17199665307998657 0.3932201626064541 0.16185931861400604 0.3995278160851281 0.1496945321559906 0.40943987734682924 0.14496377110481262 0.4017805838370108 0.14023302495479584 0.39186848820866765 0.1365160048007965 0.3801542402387739 0.13178524374961853 0.3751982611578864 0.12198583781719208 0.3742971334371481 0.11793090403079987 0.37294552777264567 0.12299956381320953 0.3603301177153716 0.1236753910779953 0.35086867186400267 0.10610402375459671 0.33960497057115707
1 0.204098179936409 0.3188797546936585 0.2193041741847992 0.32608850152642876 0.22876568138599396 0.32879181595535967 0.2449854016304016 0.3292423626324078 0.24228212237358093 0.34365989066459035 0.23045523464679718 0.36934111998961855 0.2233591079711914 0.38465974137589737 0.22640030086040497 0.39141797589826155 0.22471074759960175 0.3977255950102935 0.21558715403079987 0.4062860162408502 0.20511192083358765 0.41394534411731065 0.19902952015399933 0.4089893306697811 0.19463667273521423 0.3995278160851281 0.19565041363239288 0.38871466146933065 0.19902952015399933 0.3751982611578864 0.2017328143119812 0.3544730109137458
1 0.0412251316010952 0.32473686149528436 0.05338992178440094 0.3197808480477548 0.06116187199950218 0.31617647463136966 0.06859591603279114 0.31617647463136966 0.07873324304819107 0.3148248346002252 0.08616727590560913 0.3112204268171981 0.0932634100317955 0.3080666000778611 0.09900789707899094 0.3053633200155722 0.10373864322900772 0.30761605340081294 0.09731833636760712 0.32293467478709176 0.09360131621360779 0.32969290930945594 0.08549145609140396 0.33509950380067566 0.07771950960159302 0.3373522371859164 0.062175605446100235 0.3387038772170608 0.05338992178440094 0.3418577039563978 0.04528006166219711 0.3441104717082805 0.04054930806159973 0.3346489227569855
1 0.04798334836959839 0.35086867186400267 0.056769032031297684 0.3441104717082805 0.06792008876800537 0.34230825063344594 0.07907114923000336 0.34140715727934967 0.07535412907600403 0.35131918417440877 0.08819474279880524 0.3751982611578864 0.07974696904420853 0.3837586480218011 0.06893382221460342 0.3878135681152344 0.05812067538499832 0.3878135681152344 0.05338992178440094 0.38465974137589737
1 0.015625 0.36618729325028154 0.015625 0.3603301177153716 0.018585098907351494 0.3553741386344841 0.02669496089220047 0.34681371740392736 0.03142571449279785 0.34230825063344594 0.04021139815449715 0.3387038772170608 0.04494214802980423 0.36123124543610996 0.04865916818380356 0.37880263457427155 0.0520382784307003 0.38736305580482827 0.056769032031297684 0.3968245016561972 0.05710694193840027 0.41124209842166387 0.0564311183989048 0.427461778795397 0.046293795108795166 0.4342199789511191 0.03379109129309654 0.4391760611319327 0.025681227445602417 0.4468353546417511 0.01993674226105213 0.45179136808928066 0.023315852507948875 0.46846162950670395 0.02601913921535015 0.47657153842685457 0.02128838747739792 0.4819780985514323 0.015625 0.4815275518743842 0.015625 0.48242864522848045 0.015625 0.4328683732866167
1 0.015625 0.49098906645903717 0.015625 0.48828575203010627 0.02128838747739792 0.49324179984427785 0.022640030831098557 0.512615306957348 0.017909277230501175 0.5202746348338084 0.015625 0.5225274025856912 0.015625 0.5198240881567603
1 0.025681227445602417 0.4887362987071544 0.031763624399900436 0.47567041070611626 0.042238861322402954 0.47521986402906813 0.05812067538499832 0.47521986402906813 0.06589262187480927 0.477923144091357 0.07265084236860275 0.4851319596574113 0.08211234956979752 0.48918684538420254 0.08582936972379684 0.48963739206125073 0.08954638987779617 0.49098906645903717 0.09461504966020584 0.503153861105979 0.10035953670740128 0.5144175280321825 0.10576611012220383 0.5225274025856912 0.11049686372280121 0.5333405228348466 0.1128622367978096 0.5428020374194996 0.10880731046199799 0.5558679597871797 0.08582936972379684 0.5711866155401006 0.0628514289855957 0.5729887335150091 0.05170036852359772 0.5761425946209882 0.04528006166219711 0.5797469680373734 0.0368322879076004 0.581999701422614 0.03379109129309654 0.5847030502181869 0.022640030831098557 0.5752415012668919 0.017909277230501175 0.5680327544341216 0.02365376241505146 0.5563184720975859 0.0348048210144043 0.5491097596314576 0.03379109129309654 0.5391976983697565 0.027708694338798523 0.5261318103687184 0.02432958409190178 0.5211757281879047 0.02601913921535015 0.509461514584653
1 0.06251351535320282 0.46846162950670395 0.07197502255439758 0.4603517893198374 0.08718100935220718 0.45539577587230784 0.09191176295280457 0.4576485092575486 0.08853265643119812 0.48107697083069395 0.07738159596920013 0.4792747841225014
1 0.15341155230998993 0.6685048696157094 0.1605076789855957 0.6626477628140837 0.16895544528961182 0.6581422960436022 0.17706531286239624 0.6576917493665541 0.18821637332439423 0.6563401093354096 0.20071907341480255 0.6518346425649282 0.20578773319721222 0.647779722471495 0.21187013387680054 0.6545379226272171 0.20781520009040833 0.6712082184112824 0.2084910273551941 0.6932850743199254 0.2061256468296051 0.6977905410904068 0.19362294673919678 0.6986916344445031 0.18585099279880524 0.6928344589095932 0.17841695249080658 0.6901311788473043 0.16827963292598724 0.6950871922948338 0.16422469913959503 0.6928344589095932 0.16321095824241638 0.6851751653997747
1 0.20781520009040833 0.6414720689928209 0.2169387936592102 0.6243512265317075 0.22302119433879852 0.6130874908722199 0.23045523464679718 0.6126370129284558 0.23755136132240295 0.6144391996366484 0.24160629510879517 0.6162413176115569 0.2432958483695984 0.6239006798546594 0.25039198994636536 0.6257028665628519 0.2541089951992035 0.6306588800103815 0.24768869578838348 0.6356149621911951 0.24667495489120483 0.6486808158255912 0.24464748799800873 0.6531862825960726 0.2341722548007965 0.651384027154596 0.21795253455638885 0.6545379226272171 0.2125459611415863 0.6491313625026394
1 0.21423551440238953 0.5779447813291807 0.2193041741847992 0.5734393145586993 0.22504866123199463 0.5648788933281426 0.22741404175758362 0.5590217865265168 0.23619972169399261 0.5612745199117575 0.24194420874118805 0.5531646453582488 0.24802659451961517 0.5455053518484304 0.2497161477804184 0.5387471173260663 0.2564743757247925 0.5373954772949219 0.26188093423843384 0.5527140986812007 0.2713424563407898 0.5590217865265168 0.2760732173919678 0.5608239732347093 0.27641111612319946 0.5752415012668919 0.27674901485443115 0.5833513414537584 0.2696529030799866 0.5797469680373734 0.25715020298957825 0.5856041435722832 0.2449854016304016 0.5905601570198128 0.23383434116840363 0.5919117283176731 0.22504866123199463 0.5896590636657165
1 0.2949962019920349 0.607230384070594 0.2993890643119812 0.5973183571755349 0.30716100335121155 0.5932634370821016 0.3142571449279785 0.5950656237902942 0.3233807384967804 0.60677990612683 0.32675984501838684 0.6153402929907447 0.3213532567024231 0.6220984931464668 0.3061472773551941 0.6175929576427013
1 0.2926308512687683 0.720317874942814 0.27269411087036133 0.7279772371859163 0.26593586802482605 0.7306805172482053 0.25512272119522095 0.723922248359199 0.2389030009508133 0.7113070101351351 0.2213316410779953 0.7022960078608882 0.21389760076999664 0.6977905410904068 0.21153222024440765 0.6716587650883306 0.2149113267660141 0.6612961227829391 0.2213316410779953 0.6576917493665541 0.22876568138599396 0.6576917493665541 0.23721344769001007 0.6563401093354096 0.2497161477804184 0.6585929114539344 0.2389030009508133 0.6644500182555603 0.2385651022195816 0.6770653252129082 0.24025465548038483 0.6901311788473043 0.2429579347372055 0.6964388323259784 0.2497161477804184 0.6968893790030265 0.26559796929359436 0.6977905410904068 0.27877649664878845 0.698241087767455 0.2868863642215729 0.701845392450556 0.29364457726478577 0.7077025679854659
1 0.015625 0.8487240903012387 0.015625 0.8550317437799128 0.017233455553650856 0.8694491687121692 0.026357050985097885 0.8802623576946087 0.02973615936934948 0.8856689865524704 0.02973615936934948 0.9014381889824394 0.03412900120019913 0.9176578693561726 0.031087802723050117 0.9302732450468046 0.028384516015648842 0.9365808985254787 0.015625 0.9280204429282798 0.015625 0.9244160695118947 0.015625 0.8820646131360853
1 0.01824718900024891 0.8586361171962978 0.023991674184799194 0.8550317437799128 0.03750811144709587 0.8509767549531954 0.04190095141530037 0.8505262770094313 0.03818393126130104 0.8617899439356349 0.03649437800049782 0.8766580530115076 0.04054930806159973 0.8987348401868666 0.04528006166219711 0.9077458424611135 0.04359050467610359 0.9154050672376478 0.035480644553899765 0.9163062293250281 0.03379109129309654 0.9032403756906321 0.033115267753601074 0.8942294421496692 0.03210153430700302 0.8816139977257531 0.02601913921535015 0.8726031329180743 0.021626297384500504 0.8667459573831644
1 0.019260920584201813 0.8325043411942216 0.021626297384500504 0.8248450476844031 0.025681227445602417 0.8176362321183488 0.030074069276452065 0.8298009923986487 0.041563041508197784 0.8316032478401253 0.046293795108795166 0.8356580992002745 0.04190095141530037 0.8415152747351844 0.037846021354198456 0.846471288182714 0.025005405768752098 0.8478229969471425 0.01824718900024891 0.8491745682450028 0.0206125658005476 0.84016363470404
1 0.028384516015648842 0.8095263919314822 0.03379109129309654 0.8014165517446157 0.04054930806159973 0.7951088295326577 0.051362454891204834 0.7892517227310318 0.059810228645801544 0.7883506293769356 0.07096128910779953 0.7933066428244651 0.07467830926179886 0.7969110849741343 0.07636786252260208 0.8167352074975366 0.06589262187480927 0.8203395121806377 0.05406574532389641 0.8288998990445524 0.04865916818380356 0.830702154486029 0.03514273464679718 0.8248450476844031 0.0304119810461998 0.8225922455658784
1 0.03953557461500168 0.7716803335928702 0.05034872516989708 0.7563617465732334 0.05406574532389641 0.7613177600207629 0.05102454498410225 0.7712297869158221 0.04967290163040161 0.7847462559605504 0.04359050467610359 0.7865484426687429 0.039197664707899094 0.7824935225753097
1 0.056093208491802216 0.7694276002076295 0.06183769553899765 0.7653726801141962 0.06994755566120148 0.7662737734682925 0.07332666218280792 0.7689771222638654 0.06792008876800537 0.7806913358671171 0.06116187199950218 0.7824935225753097 0.0564311183989048 0.7811418138108812 0.05474156513810158 0.7752847757425394
1 0.0912359431385994 0.78970226940808 0.09934580326080322 0.7955593762097058 0.10171118378639221 0.8014165517446157 0.10982104390859604 0.7955593762097058 0.11455179750919342 0.7955593762097058 0.11218641698360443 0.7874495360228393 0.1148897036910057 0.7761858003633516 0.12131001055240631 0.7703286935617258 0.13347481191158295 0.752306757746516 0.13584017753601074 0.7387903574350718 0.13752973079681396 0.7252738883903435 0.13820555806159973 0.7144607681411881 0.13752973079681396 0.7054498346002253 0.12468912452459335 0.7027465545379363 0.11624135076999664 0.7234717016821509 0.11049686372280121 0.7419442529076928 0.10576611012220383 0.7554606532191371 0.10306282341480255 0.7644715867601 0.10171118378639221 0.7734825890343469 0.10069745033979416 0.7815924292212134 0.09698043018579483 0.7869989893457912
1 0.015625 0.57870373425183 0.017110710963606834 0.5764779443139428 0.024622729048132896 0.5831552453943201 0.015625 0.5953970556860572 0.015625 0.6120904458535684 0.021284054964780807 0.6343482764991554 0.02921340800821781 0.6543803859401394 0.024205395951867104 0.6638399416261965 0.01627604104578495 0.6671786608996692 0.015625 0.657719036480328 0.015625 0.6521545960022522 0.015625 0.6104211205834741 0.015625 0.5859375
1 0.015625 0.6065259366422087 0.015625 0.5981793102917371 0.02504006400704384 0.5892762192734727 0.03213474899530411 0.5920584051458685 0.025874732062220573 0.6159855610615498 0.02003205195069313 0.625445185480891 0.015858707949519157 0.6170984216638513
1 0.024622729048132896 0.6310096259589668 0.037142761051654816 0.6371305311048353 0.04298544302582741 0.649928737331081 0.03672542795538902 0.6560496424769496 0.03088274598121643 0.6438079009184966
1 0.03839476406574249 0.6638399416261965 0.0434027761220932 0.6593883617504223 0.05800948292016983 0.6649528022284981 0.07470285892486572 0.6682915215019707 0.08346688002347946 0.6732994973122537 0.08471888303756714 0.6827590529983109 0.08221487700939178 0.6905492834142737 0.06802550703287125 0.6988959784980293 0.05759214609861374 0.7033476271070875 0.048828125 0.6822026570638021
1 0.02879607304930687 0.623219395543004 0.03296941891312599 0.6015179608319257 0.03964676707983017 0.5864938959345087 0.05216680094599724 0.5831552453943201 0.06760817021131516 0.5814859201242258 0.08221487700939178 0.5831552453943201 0.08555354923009872 0.5859375 0.08388421684503555 0.6009614961641329 0.08847489207983017 0.6115339811857756 0.09473490715026855 0.6321224865612683 0.10182959586381912 0.6449207615207981 0.10516826808452606 0.6605012223527238 0.09348290413618088 0.6688479861697635 0.0868055522441864 0.6710737073743666 0.06969484686851501 0.662727081023895 0.04590678587555885 0.6554931778091568 0.04548944905400276 0.6471465514586853 0.03964676707983017 0.6315660218934755 0.0325520820915699 0.6287838360210797
1 0.0817975401878357 0.5775908049162444 0.09390024095773697 0.573695724074905 0.10475093126296997 0.5675747845623944 0.11184561997652054 0.5608974147487331 0.11685363203287125 0.5475427438546946 0.12728698551654816 0.5531072186994123 0.13396434485912323 0.5597845197797896 0.13271233439445496 0.580929455456433 0.1293736696243286 0.5859375 0.11518429219722748 0.5853811040654913 0.09932558983564377 0.5842681747299057 0.09014423191547394 0.5898326152079815 0.09014423191547394 0.5837117100621129
1 0.08764022588729858 0.677194612520235 0.09640424698591232 0.6721866367099522 0.10725494474172592 0.6738559619800465 0.11518429219722748 0.6822026570638021 0.10516826808452606 0.7027911624392947 0.09682158380746841 0.7077991382495777 0.08555354923009872 0.6994524431658221 0.08555354923009872 0.6922186086843679
1 0.01961471699178219 0.672743101377745 0.030048076063394547 0.6632834769584037 0.038812100887298584 0.672743101377745 0.04757612198591232 0.6894364228119721 0.05383613705635071 0.7027911624392947 0.05216680094599724 0.7122507181253519 0.05091479793190956 0.7378472680444116 0.048828125 0.7478632196649775 0.03964676707983017 0.7617743552268088 0.03296941891312599 0.7717904443139428 0.02504006400704384 0.7779113494598113 0.015625 0.7829193252700943 0.015625 0.7868144404780757 0.015625 0.7806935353322072 0.015625 0.7061298129794834 0.015625 0.7033476271070875 0.02003205195069313 0.694444398622255 0.020866720005869865 0.6794204024581222
1 0.05216680094599724 0.7506454742706574 0.05634014308452606 0.7595486340222058 0.06385216116905212 0.7606615633577913 0.07386819273233414 0.7623308198946016 0.07720686495304108 0.7584357046866202 0.08430154621601105 0.7428552438546946 0.09348290413618088 0.736734338708826 0.09515224397182465 0.7250489930848818 0.09723891317844391 0.7133635787276534 0.08930955827236176 0.7066862776472762 0.07971087098121643 0.697226721961219 0.05926148593425751 0.7077991382495777 0.055088140070438385 0.7139200433954462 0.0542534738779068 0.7261619224204673 0.05300147086381912 0.7450810337925816
1 0.320930153131485 0.630453161291174 0.3305288553237915 0.6193242803350225 0.3422141969203949 0.6193242803350225 0.3538995683193207 0.6382433917071368 0.3564035892486572 0.6488158767287796 0.3363715410232544 0.6549367818746481 0.3267728388309479 0.6571626405458193 0.32343417406082153 0.6410255775795327
1 0.3025674521923065 0.6666221274985923 0.3100794553756714 0.6554931778091568 0.31759148836135864 0.6493723413965724 0.32343417406082153 0.6571626405458193 0.3150874674320221 0.6716301720421594 0.3075754642486572 0.6732994973122537
1 0.3476395606994629 0.6643963375607053 0.36141160130500793 0.6521545960022522 0.37059295177459717 0.6538239212723466 0.3847823143005371 0.6582754324148367 0.3893730044364929 0.6749688913156321 0.3947983384132385 0.6966702572934262 0.38853833079338074 0.7077991382495777 0.37727031111717224 0.7155893686655406 0.37142762541770935 0.694444398622255 0.3576555848121643 0.6827590529983109 0.34930890798568726 0.6716301720421594
1 0.390625 0.6621706163561022 0.39897167682647705 0.6610576870205166 0.41065704822540283 0.6732994973122537 0.4169170558452606 0.6877670975418778 0.42150774598121643 0.7061298129794834 0.4231770932674408 0.7217102738114091 0.4169170558452606 0.7228232031469947 0.4127437174320221 0.7111378575230504 0.40314504504203796 0.7033476271070875 0.39855435490608215 0.6950008632900478 0.39396366477012634 0.6788639377903294
1 0.37142762541770935 0.6488158767287796 0.3851996660232544 0.6543803859401394 0.3947983384132385 0.657719036480328 0.3973023593425751 0.6438079009184966 0.4014756977558136 0.6193242803350225 0.4056490361690521 0.613203375189154 0.39438101649284363 0.6065259366422087 0.38812097907066345 0.6054131447731912 0.3801916539669037 0.6198807450028153 0.375183641910553 0.6354611371014569
1 0.3672542870044708 0.8324430311048353 0.38853833079338074 0.8246527319555884 0.39980635046958923 0.8124109903971354 0.406066358089447 0.7901530910182644 0.43110644817352295 0.7862579758102829 0.43736645579338074 0.7979433214342272 0.44320914149284363 0.815749640937324 0.4461304843425751 0.8346688210427224 0.4448784589767456 0.8524751405458193 0.4290197789669037 0.8563701870205166 0.41441306471824646 0.8530316052136121 0.40898770093917847 0.8641604861697635 0.4135783910751343 0.8791844823338963 0.411491721868515 0.882523132874085 0.39897167682647705 0.8858617834142737 0.38853833079338074 0.8875311086843679 0.37643563747406006 0.875289367125915 0.3701756000518799 0.8558137223527238 0.3693409562110901 0.8441283767287796
1 0.4002237021923065 0.7734597008507531 0.4064837098121643 0.7640001451646959 0.411491721868515 0.7517583348729588 0.4181690812110901 0.7406294539168075 0.4227597415447235 0.7350650134387317 0.4294371008872986 0.7384035952456363 0.4340277910232544 0.7573227753510346 0.4352797865867615 0.7723469089817356 0.42693307995796204 0.7818064646677928 0.4110743999481201 0.7834757899378871 0.40397968888282776 0.7834757899378871
1 0.43736645579338074 0.7845886505401887 0.44153979420661926 0.7717904443139428 0.44779980182647705 0.7645566785657728 0.4498864710330963 0.7545405894786388 0.45823317766189575 0.7545405894786388 0.4715878665447235 0.7578792400188274 0.4820212423801422 0.7690081897082629 0.49036791920661926 0.7751290948541315 0.48452523350715637 0.7840322546056799 0.4711705446243286 0.7868144404780757 0.45239049196243286 0.7946047396273226 0.4382011294364929 0.7951612042951154
1 0.44320914149284363 0.801282109440984 0.45280781388282776 0.7990563195030969 0.4615718424320221 0.7962739961641329 0.4715878665447235 0.7929353456239443 0.4765958786010742 0.7929353456239443 0.47492656111717224 0.8190882914775127 0.4711705446243286 0.8302171724336641 0.4653278589248657 0.8446848413965724 0.45322516560554504 0.8463541666666666 0.4498864710330963 0.8291043805646466 0.44696515798568726 0.8163061056051168
1 0.4553118348121643 0.8547008617504223 0.4678318500518799 0.8508057465424409 0.4774305522441864 0.8574831163561022 0.48828125 0.8697249266478393 0.49621060490608215 0.885305387479765 0.5028879642486572 0.9008858483116906 0.5020532608032227 0.919805028417089 0.4761785566806793 0.899772918976105 0.4624065160751343 0.8880875733521607 0.45948517322540283 0.8736200418558207 0.45781582593917847 0.865273278038781
1 0.37643563747406006 0.9370548832523931 0.3789396286010742 0.9186920990815034 0.3902076780796051 0.9348290245812219 0.39813703298568726 0.9437321843327703 0.39312902092933655 0.9498530894786388 0.38353031873703003 0.9454015096028646
1 0.38186097145080566 0.9136841232712204 0.3860343098640442 0.8919827572934262 0.39771968126296997 0.892539221961219 0.4056490361690521 0.889756898622255 0.4123263955116272 0.8869747814831433 0.41983839869499207 0.8875311086843679 0.4336104393005371 0.8947649431658221 0.43778377771377563 0.9019987776472762 0.4336104393005371 0.9231436789572776 0.4290197789669037 0.9370548832523931 0.42067307233810425 0.9409499984603744 0.4131610691547394 0.9359419539168075 0.39855435490608215 0.9353855579822987 0.39396366477012634 0.9309339781065245 0.38812097907066345 0.9214744224204673
1 0.3960503339767456 0.9971509366422087 0.4002237021923065 0.9854655910182644 0.4127437174320221 0.9832398698136613 0.4190037250518799 0.9821269404780757 0.424011766910553 0.9943688195030969 0.4244176149368286 0.9986979166666666 0.406066358089447 0.9986979166666666
1 0.42109042406082153 0.9771189646677928 0.42192506790161133 0.9487402288763372 0.4294371008872986 0.9426193237304688 0.4390358030796051 0.919805028417089 0.44195714592933655 0.9064503575230504 0.4457131326198578 0.9031116382495777 0.45364248752593994 0.9003293836438978 0.4628238379955292 0.8942084784980293 0.4736745357513428 0.9042245675851633 0.48661190271377563 0.9131276586034276 0.49662792682647705 0.919805028417089 0.49203726649284363 0.9454015096028646 0.4945412576198578 0.9620949685036599 0.5112346410751343 0.96654647964615 0.5291800498962402 0.9748931747299057 0.5312666893005371 0.9832398698136613 0.519163966178894 0.9943688195030969 0.5134819746017456 0.9986979166666666 0.4820212423801422 0.9986979166666666 0.4507211446762085 0.9986979166666666 0.43569710850715637 0.9977074013100015 0.43068909645080566 0.9960381447731912 0.4248464107513428 0.9882478456239443
1 0.47951722145080566 0.8235399400865709 0.4949586093425751 0.8274349865612683 0.5095652937889099 0.8296608452324394 0.517911970615387 0.825765661291174 0.5270933508872986 0.818531964276288 0.5316840410232544 0.8135238509994369 0.5275107026100159 0.8018384366422087 0.5241720080375671 0.7895967638170397 0.5091479420661926 0.7929353456239443 0.49621060490608215 0.7868144404780757 0.4924545884132385 0.7862579758102829 0.48577722907066345 0.7901530910182644 0.4820212423801422 0.7979433214342272 0.47909989953041077 0.8118545257293426
1 0.5279279947280884 0.7895967638170397 0.5391960740089417 0.7829193252700943 0.5508813858032227 0.7806935353322072 0.5629841089248657 0.7918224162883587 0.5517160892486572 0.801282109440984 0.5350226759910583 0.8074028771202844 0.5312666893005371 0.7973869254997185
1 0.5350226759910583 0.8213140814153997 0.5379440188407898 0.8112980610615498 0.5483773946762085 0.8074028771202844 0.5554720759391785 0.8029513659777942 0.5638187527656555 0.801282109440984 0.570496141910553 0.8062900852512669 0.5613147616386414 0.8218705460831925 0.5554720759391785 0.8368945422473254 0.5504640936851501 0.8463541666666666 0.5437867045402527 0.8352252857105152
1 0.5187466740608215 0.9164663091436163 0.5262587070465088 0.889756898622255 0.5350226759910583 0.8958778725014077 0.5312666893005371 0.9092325433954462
0 0.28545671701431274 0.003338675241212587 0.30173277854919434 0.016136930869506287 0.31300079822540283 0.02170138745694547 0.3142527937889099 0.013354700964850348 0.31174880266189575 0.0022522522522522522 0.2992287576198578 0.002782229367677156
1 0.3760182857513428 0.2019898526303403 0.38144364953041077 0.18585292713062182 0.3947983384132385 0.17305465217109198 0.4139957129955292 0.15858706912478884 0.42109042406082153 0.16804665917748804 0.42568108439445496 0.19197381509316935 0.4281851053237915 0.20755429310841603 0.4077357053756714 0.21701390034443624 0.39771968126296997 0.22202189333804018 0.3860343098640442 0.21144942549971846
1 0.3952156901359558 0.24761842607377885 0.4002237021923065 0.23370725614530546 0.4139957129955292 0.22591702572934264 0.4223424196243286 0.21868322561453055 0.43110644817352295 0.21701390034443624 0.43694910407066345 0.234820133930928 0.4382011294364929 0.25040062912949573 0.43778377771377563 0.2821180498277819 0.4352797865867615 0.29380341263504717 0.4135783910751343 0.284343839765669 0.40815305709838867 0.28044870737436656
1 0.29046472907066345 0.36002047427065736 0.2996461093425751 0.3583511490005631 0.3159221410751343 0.36113336923960093 0.32218214869499207 0.35501242972709035 0.3296941816806793 0.3572382540316195 0.34430089592933655 0.36447201977978955 0.3522302210330963 0.36502848444758235 0.3538995683193207 0.37448807450028154 0.3301115036010742 0.3789396200094137 0.3251034915447235 0.385616989823075 0.3184261620044708 0.4000845900526992 0.3163394629955292 0.407874820468662 0.2817007303237915 0.4134392609467378 0.28963008522987366 0.4062054951985677 0.29463809728622437 0.39841523041596283 0.29296875 0.3794960846772065 0.2917167544364929 0.37003652899114936
1 0.05174946412444115 0.005564458735354312 0.062182825058698654 0.005008012324840099 0.06677350401878357 0.011685362807265273 0.06844284385442734 0.026709401929700696 0.06260015815496445 0.03449964093732404 0.05258413404226303 0.028378740087285772 0.05049746111035347 0.020032049299360397
1 0.06969484686851501 0.002782229367677156 0.08304954320192337 0.0022522522522522522 0.08930955827236176 0.0022522522522522522 0.10266426205635071 0.015024039122435424 0.11226295679807663 0.026709401929700696 0.11852297186851501 0.0328303049276541 0.11560162901878357 0.03950765541007927 0.10016025602817535 0.04173344105213612 0.08012820780277252 0.032273861739012574 0.0705295130610466 0.01558048338503451
1 0.06134815886616707 0.04340277491389094 0.07094684988260269 0.03505608842179582 0.08597088605165482 0.04173344105213612 0.10182959586381912 0.044515669882834494 0.11476696282625198 0.046185003744589316 0.12144430726766586 0.051749469997646576 0.1293736696243286 0.06677350482425175 0.1306256651878357 0.0779024244428755 0.12770432233810425 0.08958778725014077 0.11643629521131516 0.10294249251082137 0.10141225904226303 0.11852297052606806 0.09306557476520538 0.12686966560982368 0.0817975401878357 0.12965188584886156 0.06927751004695892 0.12353098070299304 0.06677350401878357 0.09626513988048106 0.06385216116905212 0.07178151500117672
1 0.09807358682155609 0.0022522522522522522 0.11142828315496445 0.012798254554336136 0.1193576380610466 0.024483618435558973 0.12436565011739731 0.030604523581427498 0.13646835088729858 0.03116096677006902 0.1414763629436493 0.030048078244870848 0.14982305467128754 0.0022522522522522522 0.12728698551654816 0.0022522522522522522 0.11017628014087677 0.0022522522522522522
1 0.11852297186851501 0.044515669882834494 0.12144430726766586 0.03728187406385267 0.13312967121601105 0.03449964093732404 0.13772034645080566 0.03616898339073937 0.1406416893005371 0.051193018217344545 0.1414763629436493 0.06232193354013804 0.13354700803756714 0.06510416237083641
1 0.18112313747406006 0.003338675241212587 0.1740284413099289 0.013911146301406998 0.17194177210330963 0.02949163076039907 0.17528045177459717 0.035612533758352466 0.19072182476520538 0.03728187406385267 0.19948583841323853 0.03783832154832445 0.21075387299060822 0.033386752412125874 0.20866720378398895 0.019475606110718875 0.2065805345773697 0.005008012324840099 0.1953125 0.0022522522522522522
1 0.2124232053756714 0.003338675241212587 0.2111712098121643 0.008346688103031468 0.2124232053756714 0.02058849678383217 0.21409255266189575 0.033386752412125874 0.21576188504695892 0.03728187406385267 0.2270299196243286 0.03839476473696597 0.23454193770885468 0.04562856055594779 0.24288861453533173 0.051193018217344545 0.25123530626296997 0.058426814036326366 0.25749531388282776 0.06065259967838322 0.2645900249481201 0.056757480174571544 0.26834601163864136 0.04173344105213612 0.26918068528175354 0.030048078244870848 0.2662593424320221 0.016136930869506287 0.272102028131485 0.0022522522522522522 0.25123530626296997 0.0022522522522522522
1 0.31759148836135864 0.0038951208462586276 0.3196781575679779 0.013911146301406998 0.3192608058452606 0.02058849678383217 0.32844218611717224 0.006677350482425174 0.3301115036010742 0.0022522522522522522
1 0.3142527937889099 0.030604523581427498 0.32176482677459717 0.027822292602813995 0.32885950803756714 0.01558048338503451 0.33428484201431274 0.007790241692517255 0.34471821784973145 0.010016024649680199 0.3480568826198578 0.01446759271192121 0.3484742343425751 0.022814280277973897 0.3468048870563507 0.03505608842179582 0.34430089592933655 0.04729789871353287 0.3405448794364929 0.056757480174571544 0.3355368673801422 0.057313923363213067 0.32760751247406006 0.051193018217344545 0.3192608058452606 0.04674145122906109 0.3142527937889099 0.04841078938664617
1 0.3142527937889099 0.05564458520562799 0.3246861696243286 0.05898326152079814 0.3309461772441864 0.06621705733977996 0.33303284645080566 0.07845887192734727 0.33428484201431274 0.08958778725014077 0.3359541893005371 0.09570869239600929 0.3376235365867615 0.07233796678147875 0.33929285407066345 0.06621705733977996 0.33345019817352295 0.059539704709439666 0.32426881790161133 0.05397525134387317
1 0.36099424958229065 0.09570869239600929 0.3647502660751343 0.09849092122670766 0.37685295939445496 0.09737802625776411 0.3910423219203949 0.100160263680123 0.40481436252593994 0.10683760771880278 0.40940505266189575 0.11407139924195436 0.40982237458229065 0.12297453321852125 0.4064837098121643 0.1290954469560503 0.4131610691547394 0.1352163435102583 0.4235944151878357 0.13243411467955993 0.42693307995796204 0.12408742818746481 0.42693307995796204 0.11240205678853903 0.42025575041770935 0.09014422614295203 0.41023972630500793 0.07178151500117672 0.39897167682647705 0.06621705733977996 0.3856169879436493 0.051193018217344545 0.3801916539669037 0.051193018217344545 0.36683693528175354 0.05341880385940139 0.36099424958229065 0.059539704709439666 0.3576555848121643 0.07345085315876179
1 0.3685062825679779 0.003338675241212587 0.37768763303756714 0.013354700964850348 0.38144364953041077 0.02170138745694547 0.3789396286010742 0.03950765541007927 0.3797743022441864 0.046185003744589316 0.39312902092933655 0.052862356374929614 0.4023103713989258 0.058426814036326366 0.40898770093917847 0.061209047162854996 0.4181690812110901 0.0500801318400615 0.42150774598121643 0.03616898339073937 0.4223424196243286 0.027265847266257345 0.4227597415447235 0.008903133439588116 0.41942107677459717 0.0022522522522522522 0.39271166920661926 0.0022522522522522522 0.3760182857513428 0.0022522522522522522
1 0.42693307995796204 0.0038951208462586276 0.4290197789669037 0.01558048338503451 0.4294371008872986 0.030604523581427498 0.43110644817352295 0.04395922669419297 0.43611446022987366 0.048967236871117946 0.4407051205635071 0.04952368005975947 0.4490518271923065 0.04173344105213612 0.4599025249481201 0.030604523581427498 0.4665798544883728 0.027265847266257345 0.460319846868515 0.012241809217779486 0.45364248752593994 0.0022522522522522522 0.4382011294364929 0.0022522522522522522
1 0.460319846868515 0.0038951208462586276 0.4649105370044708 0.01446759271192121 0.46824920177459717 0.022814280277973897 0.4770132303237915 0.024483618435558973 0.48535990715026855 0.02170138745694547 0.4895332455635071 0.015024039122435424 0.48452523350715637 0.0022522522522522522 0.46866652369499207 0.003338675241212587
1 0.4123263955116272 0.06621705733977996 0.41983839869499207 0.07623308198946016 0.42192506790161133 0.08680554982778188 0.4281851053237915 0.08346688210427224 0.43235844373703003 0.07066862862389367 0.4344451129436493 0.05620102839426951 0.4286024272441864 0.05063657502870302 0.42526376247406006 0.048967236871117946 0.418586403131485 0.058426814036326366
1 0.42526376247406006 0.09181356000470685 0.43152377009391785 0.08569266345049883 0.43736645579338074 0.07957175830463031 0.4444611370563507 0.07400730064323356 0.4498864710330963 0.07178151500117672 0.4561465084552765 0.08124109216638513 0.45906785130500793 0.08903133976566899 0.4503038227558136 0.09626513988048106 0.4398704469203949 0.10294249251082137 0.43152377009391785 0.10683760771880278 0.4281851053237915 0.09904736011951894
1 0.4135783910751343 0.14133725724778734 0.42109042406082153 0.13911147590156073 0.4231770932674408 0.14690170631752358 0.41983839869499207 0.1530226114633921
1 0.42109042406082153 0.1596999640937324 0.42609843611717224 0.15636129637022275 0.43736645579338074 0.16081285906267595 0.4407051205635071 0.17806267953133798 0.4436264634132385 0.18974804233860326 0.4386184513568878 0.1975382727545661 0.4327757656574249 0.20310274759928384 0.42609843611717224 0.17806267953133798
1 0.42526376247406006 0.13911147590156073 0.4298544228076935 0.13020832474167282 0.43235844373703003 0.11518430280255841 0.44195714592933655 0.10850695017221812 0.45197317004203796 0.12074876046395516 0.4561465084552765 0.13243411467955993 0.45823317766189575 0.13966791479437202 0.4511384963989258 0.14634527601637282 0.44237446784973145 0.1530226114633921 0.4382011294364929 0.15469195391680743 0.4290197789669037 0.15246616397892032 0.42693307995796204 0.14690170631752358
1 0.44112247228622437 0.16136930654714773 0.4494691491127014 0.1530226114633921 0.4611545205116272 0.14578881134858002 0.47075319290161133 0.14745815380199537 0.4828559160232544 0.1596999640937324 0.4841079115867615 0.17806267953133798 0.47951722145080566 0.18974804233860326 0.4736745357513428 0.19976407987577421 0.46950119733810425 0.2042156253849064 0.4611545205116272 0.20087695766139674 0.44696515798568726 0.19698184245341532 0.44821715354919434 0.18696580491624437 0.4440438151359558 0.17082887941652591
1 0.4340277910232544 0.21144942549971846 0.44153979420661926 0.2042156253849064 0.44821715354919434 0.20310274759928384 0.4615718424320221 0.2069978799905863 0.46866652369499207 0.21200587298419024 0.4715878665447235 0.21979612058347409 0.472839891910553 0.23148148339073937 0.4770132303237915 0.24094105626011755 0.48035189509391785 0.2526264190673828 0.4820212423801422 0.2587473070299303 0.47033587098121643 0.26987623953604484 0.4619891941547394 0.28044870737436656 0.45865049958229065 0.28545675191793357 0.44821715354919434 0.28545675191793357 0.44195714592933655 0.2815616195266311 0.44112247228622437 0.26486822935911986 0.44320914149284363 0.24928773416055217 0.4402877986431122 0.2331508258441547 0.4386184513568878 0.22313480549030476
1 0.4615718424320221 0.29324694796725437 0.46991854906082153 0.27933582958874403 0.47951722145080566 0.2659811071447424 0.48577722907066345 0.262086009120082 0.4941239356994629 0.26375535157349733 0.4999666213989258 0.2626424394212328 0.4999666213989258 0.27154558198946016 0.4949586093425751 0.2882389721569714 0.49036791920661926 0.2976985278430286 0.47909989953041077 0.3038194329888971 0.47409188747406006 0.30493232795784064
1 0.4724225401878357 0.3244079383643898 0.47993457317352295 0.3127225927404455 0.4836905598640442 0.3082710128646713 0.4878639280796051 0.3060452229267842 0.4941239356994629 0.30048074808206643 0.4987145960330963 0.2971420975418778 0.507478654384613 0.30771454819687855 0.5129039883613586 0.3149483483116906 0.5078959465026855 0.3210692534575591 0.5049746036529541 0.32941594854131473 0.5033053159713745 0.34054486386410826 0.49036791920661926 0.3455529084076753 0.4782652258872986 0.3483351286467131 0.4736745357513428 0.3472221993111275
1 0.46908387541770935 0.3711493895934509 0.4724225401878357 0.3555689287615252 0.4824385643005371 0.3527866741558453 0.4941239356994629 0.34944798924901466 0.5028879642486572 0.35445603379258167 0.5058093070983887 0.37003652899114936 0.507478654384613 0.39173789496894357 0.5070613026618958 0.39841523041596283 0.4945412576198578 0.3950765455091322 0.48118656873703003 0.39006856969884923
1 0.5154079794883728 0.40731839016751126 0.5308493375778198 0.39229432527009434 0.5225026607513428 0.38283476958403717 0.510817289352417 0.3678107390532622 0.5103999972343445 0.380608945279508 0.5116519927978516 0.39006856969884923
1 0.5066439509391785 0.3522302094880525 0.5087306499481201 0.33664974865612685 0.5112346410751343 0.328859518240164 0.5162426829338074 0.32329504339544624 0.5254240036010742 0.3193999281874648 0.5316840410232544 0.3193999281874648 0.5346053838729858 0.32273861309429547 0.5412827134132385 0.3305288435102583 0.5487947463989258 0.33331106374929614 0.545456051826477 0.35445603379258167 0.5400307178497314 0.36948002995671453 0.537109375 0.38339123425182997 0.5354400277137756 0.38728631509316935 0.5212506651878357 0.3722622845623944 0.5116519927978516 0.3628027288763373
1 0.4870292544364929 0.1485710487709389 0.4941239356994629 0.13966791479437202 0.5066439509391785 0.14523236386410826 0.5225026607513428 0.14690170631752358 0.5295973420143127 0.1446759335629575 0.5321013331413269 0.1374421248564849 0.5237546563148499 0.12241809432570999 0.5291800498962402 0.11907940941887933 0.5387787222862244 0.12019231297948339 0.5458734035491943 0.13020832474167282 0.5542200803756714 0.14578881134858002 0.5558894276618958 0.1574741741558453 0.556306779384613 0.16915955414643158 0.5629841089248657 0.1836271200094137 0.5709134340286255 0.18919159485413148 0.5734174847602844 0.19809472023903787 0.5588107705116272 0.21033654771409593 0.5483773946762085 0.22369123579145553 0.5433694124221802 0.2325943783596829 0.5329360365867615 0.23593304608319257 0.5283453464508057 0.2309250359062676 0.5204160213470459 0.21979612058347409 0.5099826455116272 0.21478809322322812 0.5020532608032227 0.20811075777620883 0.4941239356994629 0.19976407987577421 0.4874465763568878 0.1930867272454339 0.48828125 0.17416756432335656 0.4886985719203949 0.16749019450969524
1 0.4540598392486572 0.06899928187464809 0.4628238379955292 0.05620102839426951 0.47576120495796204 0.03783832154832445 0.4820212423801422 0.03171741640245592 0.4949586093425751 0.030604523581427498 0.5070613026618958 0.030048078244870848 0.5158253312110901 0.03505608842179582 0.5220853090286255 0.04841078938664617 0.5266759991645813 0.058426814036326366 0.5266759991645813 0.06510416237083641 0.5208333134651184 0.06899928187464809 0.5162426829338074 0.07400730064323356 0.5149906277656555 0.08624911093497062 0.5083132982254028 0.10182959754187781 0.5024706125259399 0.10516827385704797 0.4836905598640442 0.100160263680123 0.4711705446243286 0.09682157877329234 0.46449318528175354 0.09403934994259396 0.4611545205116272 0.08513621596602707
1 0.5112346410751343 0.10739404661161406 0.5212506651878357 0.08291043461980047 0.5258413553237915 0.07178151500117672 0.5316840410232544 0.06955573795078036 0.5350226759910583 0.09237000748917863 0.5383613705635071 0.10739404661161406 0.5354400277137756 0.11295851286467132 0.521668016910553 0.11629718917984146 0.5154079794883728 0.11240205678853903
1 0.5358573794364929 0.06454772347802515 0.5446214079856873 0.052862356374929614 0.5533854365348816 0.04729789871353287 0.5621494650840759 0.044515669882834494 0.567992091178894 0.04173344105213612 0.5675747990608215 0.05341880385940139 0.5700787901878357 0.06232193354013804 0.577590823173523 0.06732995230872352 0.5742521286010742 0.08847489228119722 0.5675747990608215 0.10516827385704797 0.5659054517745972 0.11073272292678421 0.545456051826477 0.10850695017221812 0.5408653616905212 0.08958778725014077
1 0.5433694124221802 0.11574074169536969 0.5529680848121643 0.11574074169536969 0.5650708079338074 0.11685362807265273 0.5713307857513428 0.12241809432570999 0.5713307857513428 0.13799856374929617 0.5725827813148499 0.1552483842179582 0.5771734714508057 0.17194177438546945 0.5750868320465088 0.17806267953133798 0.5696614384651184 0.17806267953133798 0.5646534562110901 0.17194177438546945 0.5621494650840759 0.1596999640937324 0.5588107705116272 0.14245013503340986
1 0.5696614384651184 0.11073272292678421 0.57884281873703 0.08847489228119722 0.5867721438407898 0.08513621596602707 0.5921975374221802 0.09181356000470685 0.6022135615348816 0.10405537888810441 0.6093082427978516 0.11685362807265273 0.6230802536010742 0.12186164684123821 0.6401909589767456 0.12686966560982368 0.6518763303756714 0.1285389994715785 0.6547976732254028 0.13577279099473008 0.6489549875259399 0.15190971649444854 0.6360176205635071 0.16971598444758235 0.615568220615387 0.1841835846772065 0.608473539352417 0.19253027976096213 0.5892761945724487 0.18919159485413148 0.5805121660232544 0.18752225240071616 0.5821815133094788 0.17305465217109198 0.5792601704597473 0.15413550643233564 0.5763388276100159 0.1307647808178051 0.5755041241645813 0.12186164684123821
1 0.6130642294883728 0.19586894748447178 0.6280882954597473 0.1841835846772065 0.6356002688407898 0.17639333707792265 0.6443642973899841 0.18307070689158397 0.6460336446762085 0.20087695766139674 0.6468683481216431 0.22035256806794587 0.6451990008354187 0.22925569345285227 0.6360176205635071 0.22925569345285227 0.6330962777137756 0.22369123579145553 0.6285055875778198 0.2108929780152467 0.6201589107513428 0.20365919508375563
1 0.616820216178894 0.2509570937972885 0.6222456097602844 0.2576344292443078 0.6318442821502686 0.2576344292443078 0.6364349722862244 0.2509570937972885 0.6335136294364929 0.23871528350555146 0.6314269304275513 0.2325943783596829 0.6234976053237915 0.23593304608319257 0.6205762624740601 0.24205393404574008
1 0.3864516615867615 0.5564459036062429 0.39980635046958923 0.5542200793017138 0.40898770093917847 0.5570022995407516 0.4177517294883728 0.5608974147487331 0.4231770932674408 0.5664618552268088 0.42526376247406006 0.5792601989196228 0.42609843611717224 0.590945544543567 0.4181690812110901 0.6026308901675113 0.40982237458229065 0.6065259366422087 0.3952156901359558 0.6037437507698128 0.38686898350715637 0.59595352035385 0.38728633522987366 0.5770343402484516
1 0.38311296701431274 0.5236155535723712 0.3897903263568878 0.5169382181253519 0.39980635046958923 0.5080350583738035 0.41023972630500793 0.5013577229267842 0.4227597415447235 0.49245463190851985 0.4327757656574249 0.4946803874797649 0.4390358030796051 0.4991319329888971 0.43235844373703003 0.524172018240164 0.4286024272441864 0.543647594280071 0.4244290888309479 0.5531072186994123 0.3956330120563507 0.5475427438546946 0.38353031873703003 0.5442040589478638 0.3839476406574249 0.5353008991963154
1 0.43110644817352295 0.5592281238452809 0.44195714592933655 0.5325186789572776 0.4444611370563507 0.5113737432806341 0.4440438151359558 0.4974626077188028 0.4452958106994629 0.49245463190851985 0.4540598392486572 0.48911591263504717 0.4624065160751343 0.48744658736495283 0.47033587098121643 0.4996883976566899 0.4736745357513428 0.5174946140598606 0.4824385643005371 0.5297364587182397 0.49203726649284363 0.5442040589478638 0.5008012652397156 0.5508814287615252 0.49621060490608215 0.5703570391680743 0.49078527092933655 0.5892762192734727 0.48118656873703003 0.5998486355618313 0.46824920177459717 0.6020744254997185 0.4402877986431122 0.5920584051458685 0.43194109201431274 0.590945544543567 0.4273504316806793 0.5764779443139428 0.4277677536010742 0.5664618552268088
1 0.4173344075679779 0.613203375189154 0.42568108439445496 0.6043002154376056 0.43068909645080566 0.5981793102917371 0.44195714592933655 0.6015179608319257 0.4540598392486572 0.6054131447731912 0.46407586336135864 0.6104211205834741 0.47576120495796204 0.608195330645587 0.4878639280796051 0.6031873548353041 0.4945412576198578 0.5987357749595298 0.5070613026618958 0.6076388659777942 0.5158253312110901 0.6154290963937571 0.5158253312110901 0.6237757914775127 0.5129039883613586 0.6343482764991554 0.5116519927978516 0.649928737331081 0.507478654384613 0.6616141516883094 0.4949586093425751 0.6493723413965724 0.48995059728622437 0.6560496424769496 0.48661190271377563 0.6688479861697635 0.4828559160232544 0.677194612520235 0.4778479039669037 0.6883235622096706 0.4724225401878357 0.6961137926256334 0.46449318528175354 0.7061298129794834 0.4503038227558136 0.7039039543083122 0.43653178215026855 0.6860977722717835 0.42568108439445496 0.6660656628307996 0.42150774598121643 0.6571626405458193 0.4235944151878357 0.6410255775795327 0.4223424196243286 0.630453161291174 0.4190037250518799 0.620437140937324
1 0.5091479420661926 0.6721866367099522 0.5141559839248657 0.6911058168153505 0.521668016910553 0.7077991382495777 0.5333533883094788 0.7011218371692004 0.5358573794364929 0.6894364228119721 0.5275107026100159 0.6755252185168567 0.5295973420143127 0.662727081023895 0.528762698173523 0.6454772261885909 0.5291800498962402 0.6310096259589668 0.5275107026100159 0.623219395543004 0.5254240036010742 0.6098646559156813 0.521668016910553 0.6143162357914556 0.5212506651878357 0.630453161291174 0.5187466740608215 0.6371305311048353 0.5166599750518799 0.6449207615207981 0.5158253312110901 0.6599448264182151 0.5129039883613586 0.6660656628307996
1 0.5041399598121643 0.5547765439695066 0.5133213400840759 0.5492120347581468 0.5208333134651184 0.5547765439695066 0.5112346410751343 0.5631232390532622 0.507478654384613 0.5670183198946016 0.5058093070983887 0.5775908049162444 0.5066439509391785 0.5864938959345087 0.5183293223381042 0.590945544543567 0.5245893597602844 0.5976228456239443 0.5187466740608215 0.6048566801053984 0.507478654384613 0.6004051002296241 0.4978799521923065 0.59317126574817 0.4987145960330963 0.57870373425183 0.5016359686851501 0.568687679531338
1 0.4119090437889099 0.3973023698136613 0.41483038663864136 0.39173789496894357 0.42651575803756714 0.39452014957462345 0.4298544228076935 0.39785876574817003 0.4286024272441864 0.407874820468662 0.4223424196243286 0.41566505088462485 0.4169170558452606 0.4223424206982862 0.4119090437889099 0.41566505088462485 0.41065704822540283 0.40676192549971846
1 0.43778377771377563 0.39452014957462345 0.4461304843425751 0.3883992100621129 0.4561465084552765 0.38005254934499927 0.4665798544883728 0.3789396200094137 0.4765958786010742 0.3928507899378871 0.48118656873703003 0.4045361355618314 0.47409188747406006 0.4228988509994369 0.4770132303237915 0.4507211564897417 0.4832732379436493 0.4690838719273473 0.46824920177459717 0.4774305670111029 0.45739850401878357 0.45851138690570453 0.44863447546958923 0.44014867146809894 0.439453125 0.42011663076039907 0.4348624348640442 0.4139957599811726 0.4344451129436493 0.40676192549971846
1 0.4110743999481201 0.45851138690570453 0.4139957129955292 0.44014867146809894 0.41483038663864136 0.43013265111424903 0.4235944151878357 0.42122952572934264 0.4281851053237915 0.4173344105213612 0.43611446022987366 0.4279068611763619 0.4452958106994629 0.44460025134387315 0.45364248752593994 0.46351943144927155 0.45698118209838867 0.4752048114398578 0.45739850401878357 0.4813256478524423 0.4407051205635071 0.48633369239600927 0.43152377009391785 0.48410786809148015 0.4223424196243286 0.47242255683417794 0.41483038663864136 0.4651887567193658
1 0.4724225401878357 0.48633369239600927 0.48494258522987366 0.47576120737436656 0.49579328298568726 0.4713096618652344 0.5058093070983887 0.47186609216638514 0.5141559839248657 0.47798703167889567 0.5250066518783569 0.48689012269716003 0.5237546563148499 0.5008012582589915 0.519163966178894 0.5202769030321825 0.5166599750518799 0.5380831194353534 0.5091479420661926 0.546429814519109 0.5008012652397156 0.5442040589478638 0.49078527092933655 0.534188038594014 0.4841079115867615 0.5202769030321825 0.4778479039669037 0.5091479533427471 0.4761785566806793 0.5013577229267842
1 0.4824385643005371 0.4139957599811726 0.48619458079338074 0.40342327495952984 0.49036791920661926 0.39952815975154843 0.4995492696762085 0.4017539153227935 0.5087306499481201 0.407874820468662 0.514573335647583 0.42011663076039907 0.5078959465026855 0.4356970915923247 0.503722608089447 0.45906785157349733 0.4999666213989258 0.4651887567193658 0.4878639280796051 0.46741451229061093 0.48035189509391785 0.4484954009184966 0.4786825478076935 0.4290197905119475
1 0.5078959465026855 0.46240650211368595 0.5195813179016113 0.4657452213871586 0.5329360365867615 0.46240650211368595 0.5379440188407898 0.4546162716977231 0.5383613705635071 0.43458423099002325 0.537109375 0.4306890814153998 0.5229200124740601 0.42735043087521113 0.517911970615387 0.4245682106361733 0.5141559839248657 0.4340278006888725 0.5091479420661926 0.4457131463128167
1 0.5437867045402527 0.4312455804498346 0.5521334409713745 0.4228988509994369 0.563401460647583 0.42122952572934264 0.5763388276100159 0.42623757027290965 0.5846855044364929 0.42735043087521113 0.577590823173523 0.44682600691511826 0.5730001330375671 0.45906785157349733 0.5575587749481201 0.46073721121023364 0.5450387001037598 0.45906785157349733 0.5429520606994629 0.4462696109806095
1 0.6001268625259399 0.4228988509994369 0.6055521965026855 0.40954414573875636 0.6126468777656555 0.400641054720492 0.6214109063148499 0.39785876574817003 0.6255842447280884 0.4000845900526992 0.6197415590286255 0.41065704070769987 0.6201589107513428 0.4223424206982862 0.6230802536010742 0.4368100209279103 0.6130642294883728 0.43514069565781605 0.6047175526618958 0.4290197905119475
1 0.5195813179016113 0.474648312405423 0.53001469373703 0.4701967668962908 0.5379440188407898 0.4735354174364794 0.5437867045402527 0.48243857718802785 0.5341880321502686 0.484664367125915 0.5283453464508057 0.4818821125202351
1 0.5408653616905212 0.46797097695840373 0.5538027286529541 0.4663016516883094 0.5675747990608215 0.4657452213871586 0.5759214758872986 0.47242255683417794 0.5784254670143127 0.484664367125915 0.5600627660751343 0.48299504185582065 0.5508813858032227 0.48076925191793357
1 0.577590823173523 0.4618500718125352 0.5896934866905212 0.43514069565781605 0.5947015285491943 0.4284633258441547 0.603882908821106 0.4368100209279103 0.6143162250518799 0.44014867146809894 0.6239149570465088 0.4423744614059861 0.626418948173523 0.4596242818746481 0.6118122339248657 0.4618500718125352 0.6001268625259399 0.4651887567193658 0.5921975374221802 0.4752048114398578 0.5838508009910583 0.4813256478524423 0.5817641615867615 0.474648312405423
1 0.577590823173523 0.49356745814417935 0.5867721438407898 0.48689012269716003 0.5913628339767456 0.4835514721569714 0.5913628339767456 0.5108172786128413 0.5871894955635071 0.5263977738114091 0.5834335088729858 0.5364138628985431 0.5796774625778198 0.5336316082928632 0.5771734714508057 0.5180510787276534
1 0.5304320454597473 0.49245463190851985 0.5462907552719116 0.4885594823338964 0.5588107705116272 0.4880030176661036 0.5700787901878357 0.49134170257293425 0.5709134340286255 0.5108172786128413 0.5721654891967773 0.5280670990815034 0.563401460647583 0.5369702588330518 0.5471253991127014 0.5475427438546946 0.5321013331413269 0.5453169195501654 0.5254240036010742 0.5508814287615252 0.517911970615387 0.5458734185846003 0.5250066518783569 0.5213897980011262 0.5270933508872986 0.5052528381347656
1 0.5504640936851501 0.5547765439695066 0.5567240715026855 0.5480992085224873 0.5692441463470459 0.5408653740410332 0.5759214758872986 0.5380831194353534 0.5817641615867615 0.5486556388236381 0.5871894955635071 0.5564459036062429 0.5909455418586731 0.5681312835968293 0.5909455418586731 0.580929455456433 0.57884281873703 0.580929455456433 0.5746694803237915 0.5870503606023015 0.5738347768783569 0.59595352035385 0.5588107705116272 0.6009614961641329 0.5608974099159241 0.5842681747299057
1 0.5103999972343445 0.7122507181253519 0.5233373641967773 0.7128071827931447 0.5312666893005371 0.7105813928552576 0.5396133661270142 0.6977831866290118 0.5492120981216431 0.6988959784980293 0.5613147616386414 0.7077991382495777 0.5650708079338074 0.7155893686655406 0.559645414352417 0.7322828275663359 0.5467080473899841 0.7211538091436163 0.5358573794364929 0.724492528417089 0.5266759991645813 0.7272747142894848 0.5199986696243286 0.7295005042273719 0.5141559839248657 0.7222667384792019
1 0.54420405626297 0.6810897277282165 0.5592281222343445 0.6833155176661037 0.5696614384651184 0.6805333317937078 0.5821815133094788 0.6788639377903294 0.5917801856994629 0.672743101377745 0.5947015285491943 0.672743101377745 0.5984575152397156 0.6777510771880279 0.5934495329856873 0.6955573279578406 0.5821815133094788 0.7077991382495777 0.5700787901878357 0.7083556029173705 0.5542200803756714 0.6977831866290118 0.5433694124221802 0.6894364228119721
1 0.5880241990089417 0.7211538091436163 0.5992922186851501 0.7172586939356349 0.6093082427978516 0.7139200433954462 0.616820216178894 0.7172586939356349 0.6243322491645813 0.7211538091436163 0.6301749348640442 0.7222667384792019 0.6360176205635071 0.7272747142894848 0.6489549875259399 0.7339520841031462 0.6564670205116272 0.7389600599134291 0.6581363677978516 0.7445245691247888 0.6335136294364929 0.7489761490005631 0.6226629018783569 0.7550971228797156 0.6118122339248657 0.7662260038358671 0.5992922186851501 0.7695646543760557 0.5888588428497314 0.7662260038358671 0.5867721438407898 0.7456374984603744 0.5876068472862244 0.7345084800376548
1 0.5684094429016113 0.7968304608319257 0.5696614384651184 0.79126602035385 0.5792601704597473 0.7890402991492469 0.5855201482772827 0.7756855595219243 0.5896934866905212 0.7706775837116413 0.6017962098121643 0.77401623425183 0.601378858089447 0.7901530910182644 0.5997095108032227 0.8074028771202844 0.5959535241127014 0.8140803156672297 0.5880241990089417 0.8096287357914556 0.57884281873703 0.808515875189154
1 0.5959535241127014 0.8218705460831925 0.6026308536529541 0.8146367803350225 0.6226629018783569 0.8174189662074184 0.6330962777137756 0.8291043805646466 0.6397736668586731 0.8407897261885909 0.6368523240089417 0.8547008617504223 0.6326789259910583 0.8697249266478393 0.6055521965026855 0.8663862073743666 0.5951188802719116 0.8608216981630068 0.5951188802719116 0.8430155161264781 0.5988748669624329 0.8313301017692497
1 0.5579760670661926 0.8958778725014077 0.5742521286010742 0.9031116382495777 0.5863548517227173 0.9003293836438978 0.5967881679534912 0.8797409470016891 0.5992922186851501 0.8713941831846495 0.5938668251037598 0.868055601377745 0.5821815133094788 0.8713941831846495 0.5730001330375671 0.8802973429361979 0.5650708079338074 0.8903133632900478
1 0.5863548517227173 0.9214744224204673 0.5863548517227173 0.909789008063239 0.5972055196762085 0.8947649431658221 0.6043002009391785 0.8775151570638021 0.6105602383613586 0.872507112520235 0.6272535920143127 0.8764022277282165 0.6293402910232544 0.8981036624392947 0.62767094373703 0.919805028417089 0.6209936141967773 0.9370548832523931 0.6109775900840759 0.9359419539168075 0.5934495329856873 0.9303775134387317
1 0.5521334409713745 0.9843527991492469 0.5588107705116272 0.9643206897082629 0.5825988054275513 0.9415063943948832 0.5863548517227173 0.9337160952456363 0.6017962098121643 0.939280535723712 0.6180722713470459 0.9454015096028646 0.6197415590286255 0.9626512957048846 0.6159855723381042 0.9732238494598113 0.5972055196762085 0.9810140798757742 0.5851028561592102 0.9932558214342272 0.5792601704597473 0.9977074013100015 0.5671574473381042 0.9949252154376056 0.5592281222343445 0.9915864961641329
1 0.6164029240608215 0.010572472134151974 0.626418948173523 0.005008012324840099 0.6297575831413269 0.022814280277973897 0.6226629018783569 0.026709401929700696 0.6164029240608215 0.023370725614530546
1 0.6439470052719116 0.03449964093732404 0.6493723392486572 0.05453169453251469 0.6598057150840759 0.06844284298183682 0.6689870357513428 0.07845887192734727 0.6773337125778198 0.08235398713532868 0.6852630972862244 0.08068465327357387 0.6827591061592102 0.06176549035149652 0.6860977411270142 0.032273861739012574 0.6865150928497314 0.021144944268303947 0.6698217391967773 0.017806266879176233 0.6648136973381042 0.007233796355960605 0.6589710116386414 0.009459580387081112 0.650206983089447 0.01558048338503451 0.6472856402397156 0.020032049299360397
1 0.6439470052719116 0.06677350482425175 0.6481203436851501 0.06343483280491184 0.661057710647583 0.0779024244428755 0.6706563830375671 0.08457977707321579 0.6723257303237915 0.09682157877329234 0.6702390313148499 0.10182959754187781 0.6543803215026855 0.09348290245812219 0.6456162929534912 0.08012819719744159
1 0.6781684160232544 0.08847489228119722 0.6860977411270142 0.08736199731225366 0.6969484686851501 0.09125712111189559 0.7165631651878357 0.100160263680123 0.7299178838729858 0.10461181778091568 0.7353432178497314 0.10739404661161406 0.7361778616905212 0.117410066965464 0.7332565188407898 0.12464386708027608 0.7119724750518799 0.12186164684123821 0.6831763982772827 0.11240205678853903 0.6731603741645813 0.10683760771880278 0.6773337125778198 0.10071670257293426
1 0.6915230751037598 0.018362713289690448 0.7011218070983887 0.007790241692517255 0.7136418223381042 0.008903133439588116 0.7269965410232544 0.019475606110718875 0.7357605695724487 0.026709401929700696 0.7382645606994629 0.046185003744589316 0.740768551826477 0.061209047162854996 0.750367283821106 0.0656606098553082 0.7528712749481201 0.08012819719744159 0.7537059187889099 0.09403934994259396 0.7445245981216431 0.10238603643468909 0.7365952134132385 0.10238603643468909 0.7219884991645813 0.09682157877329234 0.7032084465026855 0.08791845338838594 0.6931924223899841 0.08235398713532868 0.6886017918586731 0.07456374812770535 0.6877670884132385 0.051749469997646576 0.6898537874221802 0.03505608842179582
1 0.7390992045402527 0.10906338906502938 0.750367283821106 0.10572471274985923 0.7574619650840759 0.10628116023433101 0.7653912901878357 0.11518430280255841 0.7557926177978516 0.12353098070299304 0.7441072463989258 0.12074876046395516 0.7399339079856873 0.11907940941887933
1 0.7566272616386414 0.09904736011951894 0.7578792572021484 0.08346688210427224 0.7662259340286255 0.07901531082015854 0.7749899625778198 0.07122506751670493 0.7791633009910583 0.06287838532044007 0.7816673517227173 0.05397525134387317 0.7929353713989258 0.05620102839426951 0.8025340437889099 0.06399127169772312 0.8008646965026855 0.08402332958874402 0.789596676826477 0.10683760771880278 0.7833366990089417 0.11295851286467132 0.7699819803237915 0.11518430280255841 0.7637219429016113 0.10516827385704797
1 0.6043002009391785 0.2993678874797649 0.6134815812110901 0.26041664948334564 0.6251669526100159 0.26375535157349733 0.6318442821502686 0.26319888690570453 0.6381043195724487 0.2587473070299303 0.6464509963989258 0.2676504495981577 0.650206983089447 0.28044870737436656 0.6447816491127014 0.28990829742706575 0.6368523240089417 0.3027065723865956 0.6297575831413269 0.30493232795784064 0.6164029240608215 0.30159367741765203 0.6093082427978516 0.30103721274985923
1 0.6401909589767456 0.2509570937972885 0.6389389634132385 0.2370459410521361 0.6464509963989258 0.234820133930928 0.6535456776618958 0.23815881883775866 0.6552150249481201 0.2587473070299303 0.6556323170661926 0.27599712749859234 0.6493723392486572 0.26486822935911986 0.6443642973899841 0.2576344292443078
1 0.6756644248962402 0.30938390783361486 0.6810897588729858 0.3216257181253519 0.6886017918586731 0.32273861309429547 0.6931924223899841 0.3104967684359164 0.6931924223899841 0.3060452229267842 0.6823417544364929 0.3060452229267842
1 0.6598057150840759 0.3483351286467131 0.6568843722343445 0.3310853081780511 0.6623097062110901 0.3166177079484269 0.6677350401878357 0.31327902304159627 0.6714910268783569 0.3127225927404455 0.6785857081413269 0.3277465889045784 0.6731603741645813 0.35167381355354377 0.665648341178894 0.3522302094880525
1 0.6606403589248657 0.27933582958874403 0.6669003963470459 0.2882389721569714 0.6744123697280884 0.2798922598898948 0.69068843126297 0.2787793821042722 0.6940271258354187 0.2771100396508569 0.6894364356994629 0.267094019297007 0.6848457455635071 0.2515135412817603 0.6819244027137756 0.24261039871353288 0.6802550554275513 0.2370459410521361 0.665648341178894 0.23593304608319257 0.6589710116386414 0.24261039871353288 0.6593883633613586 0.2593037716977231
1 0.6510416865348816 0.22981214093732405 0.6652310490608215 0.23036860560511682 0.6698217391967773 0.22758636818275796 0.6589710116386414 0.20087695766139674 0.6535456776618958 0.19809472023903787 0.6514589786529541 0.20978010022962415 0.6510416865348816 0.22313480549030476
1 0.665648341178894 0.19586894748447178 0.6856804490089417 0.19419960503105646 0.706129789352417 0.19698184245341532 0.7194845080375671 0.20087695766139674 0.7107204794883728 0.21979612058347409 0.7115551829338074 0.22814279848390873 0.6936097741127014 0.22981214093732405 0.6748297214508057 0.22814279848390873 0.664396345615387 0.21033654771409593
1 0.6439470052719116 0.17027243193205413 0.6568843722343445 0.14801460128646712 0.668152391910553 0.11574074169536969 0.6902710795402527 0.12241809432570999 0.7065471410751343 0.1285389994715785 0.7244925498962402 0.13187767578674867 0.73951655626297 0.1285389994715785 0.7491152286529541 0.1352163435102583 0.7532885670661926 0.15469195391680743 0.7612179517745972 0.17583690677677188 0.7553752660751343 0.1930867272454339 0.7449418902397156 0.2064414153227935 0.7295005321502686 0.19865118490683065 0.6986178159713745 0.19197381509316935 0.6673176884651184 0.1886351473696597 0.6531283259391785 0.1886351473696597
1 0.7537059187889099 0.13187767578674867 0.765808641910553 0.12297453321852125 0.7791633009910583 0.11796652304159629 0.7879273295402527 0.12297453321852125 0.7916833758354187 0.13243411467955993 0.7921006679534912 0.14245013503340986 0.7891793251037598 0.15469195391680743 0.7879273295402527 0.17082887941652591 0.7774940133094788 0.1752804592923001 0.765808641910553 0.17694978456239444 0.7578792572021484 0.15858706912478884 0.7545406222343445 0.1446759335629575
1 0.7900140285491943 0.117410066965464 0.799195408821106 0.09570869239600929 0.8129674196243286 0.09459579742706574 0.8234007954597473 0.10628116023433101 0.8200621008872986 0.12464386708027608 0.812132716178894 0.13465990461744703 0.8025340437889099 0.1335470096485035 0.7958567142486572 0.1313212197106164 0.7925180196762085 0.12297453321852125
1 0.7512019276618958 0.21144942549971846 0.763304591178894 0.18974804233860326 0.7674779891967773 0.1819577947393194 0.7783286571502686 0.18028845228590407 0.7875100374221802 0.17750621486354518 0.800447404384613 0.190304472639754 0.8112980723381042 0.20588498502164274 0.8133847713470459 0.21256232046866202 0.8083767294883728 0.2325943783596829 0.8025340437889099 0.26375535157349733 0.7962740659713745 0.2737713719273473 0.7841713428497314 0.2815616195266311 0.7829193472862244 0.267094019297007 0.7754073143005371 0.2598602191821949 0.7687299847602844 0.24094105626011755 0.7595486044883728 0.22925569345285227 0.7545406222343445 0.22146544585356842
1 0.724075198173523 0.24094105626011755 0.7299178838729858 0.2581908939121006 0.7382645606994629 0.2748842497129698 0.7524539232254028 0.29491630760399073 0.7591312527656555 0.30493232795784064 0.7678952813148499 0.29269055203274563 0.7712339758872986 0.2876825074891786 0.7628872990608215 0.2849002700668197 0.7470285892486572 0.267094019297007 0.7382645606994629 0.2548522090052699 0.7315872311592102 0.24483618865141998
1 0.7816673517227173 0.29324694796725437 0.7870926856994629 0.2849002700668197 0.7954393625259399 0.28044870737436656 0.803786039352417 0.2748842497129698 0.814636766910553 0.2887954024581222 0.8179754018783569 0.2976985278430286 0.814636766910553 0.3104967684359164 0.8050380349159241 0.3166177079484269 0.7933527231216431 0.3160612432806342 0.7887620329856873 0.30548879262563344
1 0.8246527910232544 0.29435987730283997 0.8417634963989258 0.28990829742706575 0.8505275249481201 0.2904647277282165 0.8584568500518799 0.3021501077188028 0.8617955446243286 0.3121661280726527 0.8484408259391785 0.3210692534575591 0.838424801826477 0.32329504339544624 0.830078125 0.3071581178957278
1 0.8054553866386414 0.26319888690570453 0.8167234063148499 0.21701390034443624 0.8242354393005371 0.21979612058347409 0.8346688151359558 0.21923967309900233 0.8413461446762085 0.21256232046866202 0.8409287929534912 0.20532852035384994 0.8471888303756714 0.20310274759928384 0.8572048544883728 0.20811075777620883 0.860960841178894 0.21757034782890802 0.8622128963470459 0.2392717138067022 0.8638821840286255 0.25206997158291106 0.8638821840286255 0.2615295616356102 0.8572048544883728 0.2748842497129698 0.8451021909713745 0.284343839765669 0.8242354393005371 0.2865696297035561 0.8183927536010742 0.2876825074891786 0.8100460767745972 0.27599712749859234
1 0.8551182150840759 0.2882389721569714 0.8647168874740601 0.26987623953604484 0.8709769248962402 0.25429576152079814 0.8768195509910583 0.25040062912949573 0.8889222741127014 0.2487313038594014 0.8918436169624329 0.26041664948334564 0.8818275928497314 0.2826745144955747 0.8688902258872986 0.30159367741765203 0.863464891910553 0.3021501077188028 0.8588742017745972 0.29435987730283997
1 0.8709769248962402 0.30994037250140766 0.8889222741127014 0.3249643686655405 0.8905916213989258 0.34610930434218395 0.9039463400840759 0.3255208333333333 0.9127103090286255 0.30882744316582206 0.9173009991645813 0.2976985278430286 0.9160490036010742 0.2821180498277819 0.9202223420143127 0.26542469402691266 0.9018596410751343 0.26375535157349733 0.896851658821106 0.26375535157349733 0.8889222741127014 0.2771100396508569 0.8793236017227173 0.29435987730283997 0.8726462125778198 0.3043758976566899
1 0.6063868999481201 0.7751290948541315 0.6189069151878357 0.7656695391680743 0.6268362998962402 0.7567663794165259 0.6506243348121643 0.7528712642085444 0.6593883633613586 0.7500890096028646 0.6623097062110901 0.761217890559016 0.6623097062110901 0.7745726301863387 0.6560496687889099 0.7868144404780757 0.6397736668586731 0.7973869254997185 0.6205762624740601 0.8124109903971354 0.605134904384613 0.8096287357914556 0.605134904384613 0.7901530910182644
1 0.6272535920143127 0.8135238509994369 0.6397736668586731 0.8023949013100015 0.6547976732254028 0.7918224162883587 0.664396345615387 0.7868144404780757 0.6785857081413269 0.7918224162883587 0.6827591061592102 0.8096287357914556 0.6815070509910583 0.8313301017692497 0.6689870357513428 0.8430155161264781 0.6631443500518799 0.8446848413965724 0.6535456776618958 0.8391204009184966 0.6456162929534912 0.8385639362507038 0.6335136294364929 0.8207576167476069
1 0.6815070509910583 0.7851451152079815 0.701539158821106 0.7806935353322072 0.7119724750518799 0.7790242100621129 0.7199018597602844 0.8001691801053984 0.7261618375778198 0.8174189662074184 0.7173978090286255 0.8341123563749296 0.7077991366386414 0.8396767968530053 0.6881844401359558 0.8307736371014569 0.6856804490089417 0.8146367803350225 0.6840111017227173 0.7996127154376056
1 0.6602230072021484 0.7406294539168075 0.6723257303237915 0.7295005042273719 0.6810897588729858 0.7077991382495777 0.6986178159713745 0.704460418976105 0.7215712070465088 0.6994524431658221 0.7303351759910583 0.7016783018369932 0.7340912222862244 0.7083556029173705 0.72532719373703 0.7317263628985431 0.7128071784973145 0.7623308198946016 0.7090511322021484 0.7734597008507531 0.6848457455635071 0.7784677453943201 0.6698217391967773 0.7818064646677928 0.6664830446243286 0.7640001451646959 0.6635617017745972 0.7478632196649775
1 0.664396345615387 0.8513621424769496 0.6806724071502686 0.8391204009184966 0.6902710795402527 0.8363380775795327 0.701539158821106 0.8435719120609868 0.7069644927978516 0.8474670272689682 0.709885835647583 0.8669426720421594 0.7119724750518799 0.8836360622096706 0.7136418223381042 0.8953213391003308 0.7019564509391785 0.9109018686655406 0.6931924223899841 0.9253694688951647 0.6790030598640442 0.9264823982307503 0.6673176884651184 0.9298209800376548 0.6677350401878357 0.9153534485413147 0.6723257303237915 0.8969908018369932 0.6669003963470459 0.8797409470016891 0.664396345615387 0.8608216981630068
1 0.5763388276100159 0.6449207615207981 0.5838508009910583 0.6376869957726281 0.5905281901359558 0.6360176017692497 0.5976228713989258 0.6382433917071368 0.6118122339248657 0.6365740664370425 0.6226629018783569 0.630453161291174 0.6314269304275513 0.6182113509994369 0.6343482732772827 0.6109775852512669 0.6506243348121643 0.6098646559156813 0.6673176884651184 0.6059695407076999 0.6735777258872986 0.5998486355618313 0.6869324445724487 0.6120904458535684 0.6994524598121643 0.6293403006888725 0.7057124972343445 0.6382433917071368 0.6927751302719116 0.6571626405458193 0.6844283938407898 0.6610576870205166 0.6719083786010742 0.6493723413965724 0.6552150249481201 0.6426950403161951 0.634765625 0.6477030161264781 0.6176549196243286 0.6538239212723466 0.6043002009391785 0.6593883617504223 0.5963708758354187 0.6616141516883094 0.5917801856994629 0.6616141516883094 0.5884414911270142 0.6538239212723466 0.5813468098640442 0.649928737331081
1 0.619324266910553 0.5831552453943201 0.6360176205635071 0.5781472008507531 0.6447816491127014 0.5742521200094137 0.6481203436851501 0.568687679531338 0.6585536599159241 0.5720263644381687 0.668152391910553 0.57870373425183 0.6669003963470459 0.59595352035385 0.6568843722343445 0.6031873548353041 0.6368523240089417 0.6048566801053984 0.6310096383094788 0.6048566801053984 0.626418948173523 0.5920584051458685
1 0.6447816491127014 0.551437859062676 0.6556323170661926 0.5503249640937324 0.6677350401878357 0.5519942549971847 0.6869324445724487 0.5603409844475824 0.6773337125778198 0.5725827947393194 0.6694043874740601 0.5753650149783572 0.6581363677978516 0.5670183198946016 0.6464509963989258 0.5631232390532622 0.6410256624221802 0.5558894389384502
1 0.6915230751037598 0.5664618552268088 0.7086338400840759 0.5753650149783572 0.7148938179016113 0.5775908049162444 0.7090511322021484 0.5653490289911494 0.7065471410751343 0.5525507196649775 0.6969484686851501 0.5581151945096953
1 0.706129789352417 0.5447605236156566 0.7115551829338074 0.5475427438546946 0.7194845080375671 0.5419783033766188 0.7320045232772827 0.5364138628985431 0.7382645606994629 0.5258413435102584 0.7382645606994629 0.5108172786128413 0.7320045232772827 0.4885594823338964 0.72532719373703 0.49078523790514145 0.7190671563148499 0.4996883976566899 0.7103031277656555 0.5174946140598606 0.7077991366386414 0.5358573638641082
1 0.6848457455635071 0.40342327495952984 0.7077991366386414 0.39841523041596283 0.7219884991645813 0.40676192549971846 0.7269965410232544 0.4228988509994369 0.724075198173523 0.44460025134387315 0.7207365036010742 0.4663016516883094 0.7090511322021484 0.46852744162619653 0.699035108089447 0.4707531971974416 0.6911057829856873 0.469640267861856 0.6844283938407898 0.4657452213871586 0.6819244027137756 0.4512776211575345 0.6815070509910583 0.4306890814153998 0.6785857081413269 0.42122952572934264 0.6823417544364929 0.4134392609467378
1 0.6844283938407898 0.3928507899378871 0.6940271258354187 0.38005254934499927 0.702791154384613 0.3822783392828864 0.7136418223381042 0.3794960846772065 0.7269965410232544 0.37003652899114936 0.740768551826477 0.36614141378316795 0.7445245981216431 0.3756009694692251 0.7424378991127014 0.3973023698136613 0.7365952134132385 0.41677798022021045 0.7307525277137756 0.41677798022021045 0.7257445454597473 0.4039797052606806 0.7182325124740601 0.3973023698136613 0.7032084465026855 0.39452014957462345
1 0.6147335767745972 0.46741451229061093 0.6293402910232544 0.4785434276134044 0.6376869678497314 0.4813256478524423 0.6401909589767456 0.4768741023433101 0.6343482732772827 0.4701967668962908 0.6305922865867615 0.4651887567193658 0.6222456097602844 0.4646322920515731
1 0.6397736668586731 0.48744658736495283 0.6489549875259399 0.48021278725014077 0.6627270579338074 0.4729789871353287 0.6790030598640442 0.47186609216638514 0.6719083786010742 0.48633369239600927 0.6623097062110901 0.48911591263504717 0.6606403589248657 0.5052528381347656 0.6602230072021484 0.5158253231564084 0.6514589786529541 0.5230591232712204 0.6506243348121643 0.5074786624392947 0.6493723392486572 0.49857546832110433 0.6464509963989258 0.49134170257293425
1 0.6748297214508057 0.5926148010803772 0.6739950776100159 0.5798165948541315 0.6840111017227173 0.573695724074905 0.6936097741127014 0.5725827947393194 0.7077991366386414 0.5803730595219243 0.7173978090286255 0.5887197546056799 0.7153111696243286 0.6126469105213612 0.7090511322021484 0.6265580460831925 0.702791154384613 0.6226629308752112 0.6915230751037598 0.6093082599811726 0.6831763982772827 0.5998486355618313
1 0.6744123697280884 0.6883235622096706 0.6815070509910583 0.6977831866290118 0.6944444179534912 0.6994524431658221 0.7128071784973145 0.6955573279578406 0.7232404947280884 0.6933315380199535 0.7232404947280884 0.6794204024581222 0.7199018597602844 0.657719036480328 0.7111378312110901 0.6426950403161951 0.7011218070983887 0.6538239212723466 0.6898537874221802 0.6649528022284981 0.6844283938407898 0.6666221274985923 0.6827591061592102 0.6766382165857263 0.6806724071502686 0.6833155176661037
1 0.6627270579338074 0.9476272995407516 0.6627270579338074 0.9370548832523931 0.6756644248962402 0.9348290245812219 0.6931924223899841 0.9314904427743173 0.7032084465026855 0.9426193237304688 0.7111378312110901 0.956530390559016 0.713224470615387 0.9648771543760557 0.702791154384613 0.9787882899378871 0.6927751302719116 0.9799011505401887 0.6810897588729858 0.9771189646677928 0.668152391910553 0.9776753606023015 0.6623097062110901 0.9782318252700943 0.6623097062110901 0.9654336190438485 0.6631443500518799 0.954304669354413
1 0.6773337125778198 0.9949252154376056 0.6806724071502686 0.98379626574817 0.6936097741127014 0.9843527991492469 0.7023738026618958 0.9915864961641329 0.7048777937889099 0.996594609440984 0.6911057829856873 0.996594609440984
1 0.7111378312110901 0.9954816801053984 0.7036257982254028 0.9854655910182644 0.7153111696243286 0.9726673847920185 0.7249098420143127 0.9709980595219243 0.7386819124221802 0.98657852035385 0.7428552508354187 0.9960381447731912 0.7203191518783569 0.9977074013100015
1 0.6969484686851501 0.9281516547675606 0.7032084465026855 0.9164663091436163 0.7173978090286255 0.9008858483116906 0.7244925498962402 0.8964343371692004 0.7374299168586731 0.9019987776472762 0.7466112375259399 0.9075632181253519 0.747863233089447 0.9248130042273719 0.7524539232254028 0.9454015096028646 0.7420205473899841 0.9559740633577913 0.7282485365867615 0.9682157361829603 0.7140591740608215 0.9520788794165259 0.7057124972343445 0.9353855579822987
1 0.7119724750518799 0.8457977019988738 0.724075198173523 0.8279915199623452 0.7303351759910583 0.8224269420177013 0.7436898946762085 0.8240964047543637 0.7595486044883728 0.8263220572256827 0.7720686197280884 0.8279915199623452 0.7507845759391785 0.8619346274985923 0.7424378991127014 0.8841924581441793 0.7390992045402527 0.8958778725014077 0.7265791893005371 0.8908698279578406 0.7165631651878357 0.8903133632900478 0.7153111696243286 0.8702813913156321 0.7136418223381042 0.858039581023895
1 0.7161458134651184 0.77401623425183 0.7249098420143127 0.7684517250404702 0.7436898946762085 0.7651130745002815 0.7645566463470459 0.7523147995407516 0.7749899625778198 0.7573227753510346 0.7837539911270142 0.7595486340222058 0.7862580418586731 0.7701211190438485 0.796691358089447 0.7751290948541315 0.8087940812110901 0.7818064646677928 0.8196447491645813 0.8235399400865709 0.8100460767745972 0.8291043805646466 0.7845886945724487 0.8252091966233812 0.7582966089248657 0.8213140814153997 0.7399339079856873 0.818531964276288 0.7299178838729858 0.8163061056051168 0.7219884991645813 0.7918224162883587 0.7182325124740601 0.7840322546056799
1 0.716980516910553 0.640469181645024 0.7236578464508057 0.6354611371014569 0.7424378991127014 0.6382433917071368 0.7557926177978516 0.6454772261885909 0.7708166241645813 0.6532674566045538 0.7733206748962402 0.6632834769584037 0.7683126330375671 0.6822026570638021 0.7612179517745972 0.7016783018369932 0.7436898946762085 0.7033476271070875 0.7361778616905212 0.7022346977715019 0.7282485365867615 0.6927750733521607 0.7265791893005371 0.6710737073743666 0.724075198173523 0.6616141516883094 0.7211538553237915 0.6504852019988738
1 0.7616353034973145 0.5853811040654913 0.7691472768783569 0.6004051002296241 0.7687299847602844 0.613203375189154 0.7716513276100159 0.6282274400865709 0.7716513276100159 0.6465900867908925 0.7762419581413269 0.6616141516883094 0.7825019955635071 0.6632834769584037 0.7879273295402527 0.6477030161264781 0.7916833758354187 0.6315660218934755 0.7875100374221802 0.6109775852512669 0.7820846438407898 0.5953970556860572 0.7758246660232544 0.5926148010803772 0.7703993320465088 0.5881632899378871
1 0.7712339758872986 0.7189280879390132 0.7912660241127014 0.7250489930848818 0.7996127009391785 0.7200409485413147 0.8042033910751343 0.7094683947863879 0.7958567142486572 0.6922186086843679 0.7891793251037598 0.6694043133709882 0.7770766615867615 0.6694043133709882 0.7733206748962402 0.6816461923960093 0.7683126330375671 0.6977831866290118 0.7662259340286255 0.7055733483116906
1 0.7703993320465088 0.7250489930848818 0.7858406901359558 0.7283876436250704 0.7933527231216431 0.7300569688951647 0.7916833758354187 0.7484196843327703 0.7708166241645813 0.7434117085224873 0.7683126330375671 0.7339520841031462
1 0.7950220108032227 0.6399127857105152 0.7908486723899841 0.6582754324148367 0.7946047186851501 0.6760816831846495 0.800447404384613 0.6922186086843679 0.807542085647583 0.7077991382495777 0.8167234063148499 0.7083556029173705 0.830078125 0.6916622814831433 0.8375901579856873 0.6844284470016891 0.8334168195724487 0.6710737073743666 0.8275741338729858 0.6588318970826295 0.8334168195724487 0.6477030161264781 0.8259047865867615 0.6482594807942709 0.8200621008872986 0.6510416666666666 0.8104634284973145 0.652710991936761
1 0.7428552508354187 0.36057690457180813 0.751619279384613 0.3477786639789203 0.7599659562110901 0.35111734888575097 0.7737379670143127 0.3522302094880525 0.7833366990089417 0.3522302094880525 0.7820846438407898 0.3672542400188274 0.7791633009910583 0.3761573997703758 0.7766593098640442 0.39396368490683065 0.7678952813148499 0.4062054951985677 0.7624699473381042 0.4134392609467378 0.754957914352417 0.4134392609467378 0.7470285892486572 0.4084312507698128 0.747863233089447 0.3839476301863387 0.7461938858032227 0.368367169354413
1 0.7295005321502686 0.43180201075098534 0.7420205473899841 0.4134392609467378 0.7532885670661926 0.4173344105213612 0.7566272616386414 0.4256810712384748 0.758713960647583 0.44460025134387315 0.758713960647583 0.45739849193676096 0.750367283821106 0.46741451229061093 0.7374299168586731 0.44905183121964737 0.7320045232772827 0.4373664512290611
1 0.724075198173523 0.46685804762281813 0.7282485365867615 0.4434873907415717 0.7382645606994629 0.4568420616356102 0.7474459409713745 0.4713096618652344 0.7653912901878357 0.4640758273837803 0.7766593098640442 0.4568420616356102 0.78834468126297 0.4529469464276288 0.7996127009391785 0.4601807465424409 0.8062900900840759 0.4651887567193658 0.800447404384613 0.4880030176661036 0.7891793251037598 0.4885594823338964 0.7841713428497314 0.49857546832110433 0.7816673517227173 0.5152688584886156 0.7791633009910583 0.5263977738114091 0.7578792572021484 0.5197204383643897 0.7466112375259399 0.5113737432806341 0.740768551826477 0.5035834784980293 0.7361778616905212 0.48577726209485855 0.7286658883094788 0.4835514721569714 0.72532719373703 0.4835514721569714 0.7265791893005371 0.47576120737436656
1 0.7925180196762085 0.543647594280071 0.8142194151878357 0.5325186789572776 0.8317474722862244 0.5147123938208228 0.8392595052719116 0.5124866382495777 0.8513621687889099 0.5091479533427471 0.8580395579338074 0.5197204383643897 0.8617955446243286 0.5391960831375809 0.8513621687889099 0.5453169195501654 0.8459368348121643 0.5553329742706574 0.849275529384613 0.5647925643233566 0.8446848392486572 0.573695724074905 0.8380074501037598 0.5775908049162444 0.8250700831413269 0.5748085846772065 0.8067073822021484 0.5670183198946016 0.7908486723899841 0.5581151945096953 0.7937700152397156 0.5492120347581468
1 0.8555355072021484 0.5013577229267842 0.8684728741645813 0.49022880760399073 0.8647168874740601 0.46685804762281813 0.8584568500518799 0.47798703167889567
1 0.8567875027656555 0.5085915230415963 0.8709769248962402 0.4952368521475577 0.8772369027137756 0.49245463190851985 0.8864182829856873 0.4974626077188028 0.8926782608032227 0.5030270825635206 0.8780716061592102 0.5225026586034276 0.8668035268783569 0.5347444345285227 0.8630475401878357 0.5236155535723712
1 0.8851662874221802 0.48744658736495283 0.8885049223899841 0.4701967668962908 0.8993556499481201 0.46240650211368595 0.8993556499481201 0.4457131463128167 0.905198335647583 0.43514069565781605 0.9143796563148499 0.43180201075098534 0.9156316518783569 0.4568420616356102 0.9118756651878357 0.48021278725014077 0.9118756651878357 0.5008012582589915 0.8997729420661926 0.5024706178957278 0.8889222741127014 0.49356745814417935
1 0.8288261294364929 0.3672542400188274 0.8659688830375671 0.3689236340222058 0.8889222741127014 0.3566817893638267 0.896851658821106 0.3689236340222058 0.8985209465026855 0.373375179531338 0.8876702785491943 0.3789396200094137 0.870559573173523 0.38895567472990566 0.8684728741645813 0.39785876574817003 0.870559573173523 0.4050926002296242 0.8663862347602844 0.41566505088462485 0.8622128963470459 0.42512464093732405 0.8572048544883728 0.4290197905119475 0.848023533821106 0.4306890814153998 0.8434328436851501 0.42011663076039907 0.8488581776618958 0.40731839016751126 0.8547008633613586 0.39118143030115077 0.852614164352417 0.38172184024845157 0.8438501358032227 0.3767138644381686
1 0.8910089731216431 0.3500044195501654 0.9022769927978516 0.33164173847920186 0.9106236696243286 0.3216257181253519 0.9173009991645813 0.30938390783361486 0.9147970080375671 0.3277465889045784 0.9185529947280884 0.3438835487709389 0.9231436848640442 0.3616897995407517 0.9298210740089417 0.3750445048014323 0.9398370981216431 0.38728631509316935 0.9373330473899841 0.3950765455091322 0.9310730695724487 0.395633010176925 0.9294037222862244 0.3839476301863387 0.9239783883094788 0.3722622845623944 0.9177183508872986 0.3594640439695066 0.9118756651878357 0.3488915933145059 0.9077023267745972 0.34610930434218395 0.8976863026618958 0.35167381355354377
1 0.9185529947280884 0.43013265111424903 0.9239783883094788 0.4234553156672297 0.9364984035491943 0.4323584066854941 0.9402543902397156 0.44738247158291106 0.9410890936851501 0.46073721121023364 0.9394197463989258 0.4768741023433101 0.9369157552719116 0.4880030176661036 0.9302383661270142 0.5008012582589915 0.9168837070465088 0.5063657331037091 0.9168837070465088 0.4785434276134044 0.9198050498962402 0.45795495660455376 0.9189703464508057 0.44014867146809894
1 0.9327424168586731 0.400641054720492 0.9410890936851501 0.3989716607171136 0.9473490715026855 0.39452014957462345 0.9565304517745972 0.39618944047807575 0.9619557857513428 0.4089877154376056 0.9778144955635071 0.4123263659777942 0.9928385615348816 0.41566505088462485 0.9974291920661926 0.42067309542819187 0.9915865659713745 0.44738247158291106 0.9878305196762085 0.45851138690570453 0.9853265285491943 0.4640758273837803 0.9732238054275513 0.4618500718125352 0.9711371660232544 0.44905183121964737 0.9548611044883728 0.4418180311048353 0.9494357705116272 0.4418180311048353 0.9440104365348816 0.43847934619800466 0.9406717419624329 0.4284633258441547 0.9319077134132385 0.4228988509994369 0.9339944124221802 0.4123263659777942
1 0.7958567142486572 0.14634527601637282 0.7971087098121643 0.13855501982542845 0.812132716178894 0.1374421248564849 0.8196447491645813 0.1307647808178051 0.8267394304275513 0.10906338906502938 0.8313301205635071 0.10572471274985923 0.8342514634132385 0.11796652304159629 0.8434328436851501 0.13577279099473008 0.8534488677978516 0.1574741741558453 0.8659688830375671 0.17639333707792265 0.8743155598640442 0.19197381509316935 0.8743155598640442 0.200320527360246 0.8651342391967773 0.2108929780152467 0.8555355072021484 0.19976407987577421 0.8405115008354187 0.19920761520798141 0.8329994678497314 0.20087695766139674 0.8213140964508057 0.18140136443816865 0.8112980723381042 0.16971598444758235 0.8163061141967773 0.16025639439488318 0.8125500679016113 0.15024037404103321 0.8058727383613586 0.14745815380199537
1 0.796691358089447 0.0038951208462586276 0.8188101053237915 0.006120904608889743 0.8363381624221802 0.012241809217779486 0.8409287929534912 0.016693376206062937 0.8313301205635071 0.040620546083192564 0.8246527910232544 0.052862356374929614 0.8104634284973145 0.05508814201698647 0.796691358089447 0.051749469997646576 0.7979433536529541 0.042289888536607895 0.7904313802719116 0.022257834941417247 0.7933527231216431 0.012241809217779486
1 0.8050380349159241 0.06732995230872352 0.8138020634651184 0.061209047162854996 0.8192274570465088 0.07623308198946016 0.8250700831413269 0.09403934994259396 0.8267394304275513 0.09960380760399071 0.8133847713470459 0.08847489228119722 0.8021166920661926 0.09125712111189559 0.8058727383613586 0.07901531082015854
1 0.8288261294364929 0.05397525134387317 0.8375901579856873 0.06788639549736504 0.8442674875259399 0.08012819719744159 0.8488581776618958 0.08958778725014077 0.860960841178894 0.09737802625776411 0.8668035268783569 0.09682157877329234 0.8768195509910583 0.07678952947393194 0.8809929490089417 0.06510416237083641 0.8617955446243286 0.027265847266257345 0.8559528589248657 0.01724982046866202 0.8463541865348816 0.020032049299360397 0.8359208106994629 0.03505608842179582
1 0.8279914259910583 0.0022522522522522522 0.8572048544883728 0.0022522522522522522 0.8551182150840759 0.010572472134151974 0.8434328436851501 0.011128917470708623
1 0.8622128963470459 0.0022522522522522522 0.8626301884651184 0.020032049299360397 0.8701422214508057 0.0328303049276541 0.8780716061592102 0.05230590889045784 0.8880876302719116 0.06232193354013804 0.9018596410751343 0.06287838532044007 0.912293016910553 0.05453169453251469 0.9198050498962402 0.051749469997646576 0.9210570454597473 0.03505608842179582 0.9102063179016113 0.003338675241212587 0.898103654384613 0.0022522522522522522 0.8709769248962402 0.0022522522522522522
1 0.8814102411270142 0.08346688210427224 0.9026942849159241 0.07957175830463031 0.9139623641967773 0.0779024244428755 0.9239783883094788 0.09125712111189559 0.936081051826477 0.09737802625776411 0.9536091089248657 0.10127315005740604 0.9677984714508057 0.10127315005740604 0.9828225374221802 0.10572471274985923 0.9961771965026855 0.11184561789572776 0.9982638955116272 0.09292646356531091 0.9903345108032227 0.07456374812770535 0.96946781873703 0.07678952947393194 0.9506877660751343 0.06399127169772312 0.943175733089447 0.05397525134387317 0.9285690188407898 0.05898326152079814 0.9235610365867615 0.057313923363213067 0.9143796563148499 0.060096156489741696 0.8997729420661926 0.06844284298183682 0.887252926826477 0.06788639549736504 0.8818275928497314 0.07456374812770535
0 0.9131276607513428 0.0022522522522522522 0.92063969373703 0.02170138745694547 0.9252303838729858 0.040064098598720795 0.9285690188407898 0.051193018217344545 0.9377503991127014 0.046185003744589316 0.9364984035491943 0.023927173099002323 0.9294037222862244 0.0022522522522522522 0.919387698173523 0.0022522522522522522
0 0.9394197463989258 0.023927173099002323 0.9419237375259399 0.018362713289690448 0.9452624320983887 0.009459580387081112 0.9536091089248657 0.01446759271192121 0.9636251330375671 0.020032049299360397 0.9740585088729858 0.023927173099002323 0.9874131679534912 0.024483618435558973 0.9986812472343445 0.024483618435558973 0.9986812472343445 0.07734597695840371 0.9894998669624329 0.06955573795078036 0.9753105044364929 0.06899928187464809 0.9607037901878357 0.06399127169772312 0.950270414352417 0.05230590889045784 0.9406717419624329 0.04284633172524942
1 0.9344117045402527 0.0022522522522522522 0.9377503991127014 0.013911146301406998 0.9419237375259399 0.005008012324840099 0.954026460647583 0.008903133439588116 0.9652944803237915 0.012798254554336136 0.9811531901359558 0.018362713289690448 0.9940905570983887 0.018362713289690448 0.9974291920661926 0.018362713289690448 0.9982638955116272 0.0022522522522522522 0.9669638276100159 0.0022522522522522522 0.9465144276618958 0.0022522522522522522
1 0.8684728741645813 0.10405537888810441 0.8768195509910583 0.08958778725014077 0.8885049223899841 0.09237000748917863 0.9001902937889099 0.12408742818746481 0.905198335647583 0.14022435368718328 0.8951823115348816 0.14578881134858002 0.8839142918586731 0.15079683870882601 0.87890625 0.1313212197106164 0.8722289204597473 0.11796652304159629
1 0.8949333429336548 0.09175858196911511 0.899528980255127 0.08639705932892121 0.9115923643112183 0.08486519203529702 0.9259535670280457 0.10324755660048476 0.9322724938392639 0.11703431928479993 0.9299747347831726 0.13465073731568483 0.9242302179336548 0.14384190671078795 0.9115923643112183 0.14077818071520007 0.9069967865943909 0.13848039266225454 0.9018267393112183 0.1147365226401939
1 0.8824078440666199 0.15710076340683946 0.8944690227508545 0.15087567578564892 0.9006940722465515 0.15191318752529384 0.9003050327301025 0.163325868211351 0.8964143395423889 0.1685134269095756 0.8925236463546753 0.1752573133588911 0.8948580622673035 0.19393261058910474 0.8894110918045044 0.19133882264833194 0.8843532204627991 0.1685134269095756
1 0.9337649345397949 0.10678120346756668 0.9574981331825256 0.10574370031958227 0.9859001636505127 0.11248755240225577 0.9990234375 0.11698696205207894 0.9990234375 0.17733233683818095 0.9975721836090088 0.1887450175242381 0.9901798963546753 0.19237633438797686 0.9765625 0.19133882264833194 0.9746171832084656 0.1877075057845932 0.9746171832084656 0.1809636537019197 0.9609997272491455 0.17058848475550745 0.9310414791107178 0.15087567578564892 0.9357103109359741 0.12493775341961835
0 0.9971831440925598 0.19704514580803947 0.9936815500259399 0.20171397441142314 0.9925143122673035 0.22038925445831573 0.9932924509048462 0.22817065264727618 0.9990234375 0.23724471770965302 0.9983503222465515 0.20793907921593469
0 0.9831766486167908 0.26603999438586534 0.9940705895423889 0.24684594987748978 0.9987394213676453 0.24684594987748978 0.9990234375 0.2608576078672667 0.9990234375 0.28627156781720686 0.9901798963546753 0.2753776687759537
1 0.922092854976654 0.23906456887185037 0.9310414791107178 0.2115703788963524 0.9403790831565857 0.20119522713326118 0.9543855786323547 0.20171397441142314 0.9660576581954956 0.20171397441142314 0.9726718068122864 0.19704514580803947 0.9894017577171326 0.19860142200916736 0.9874564409255981 0.2209080361031197 0.9944596886634827 0.23854582159368842 0.9862892031669617 0.2535898019601633 0.9788969159126282 0.2670775404921523 0.9555528163909912 0.27174636909553596 0.9462151527404785 0.2748588871311497 0.9388228058815002 0.26396498808989655 0.9415463209152222 0.2535898019601633 0.9294852018356323 0.2463271682326858
1 0.922092854976654 0.29975928916587485 0.9388228058815002 0.2987217602429089 0.9454370141029358 0.2867903494620108 0.9415463209152222 0.2764151633322776 0.9357103109359741 0.26603999438586534 0.924816370010376 0.26603999438586534 0.922092854976654 0.27589639887079465 0.9205365777015686 0.2883466084798177
1 0.9399900436401367 0.3033906060296136 0.9481604695320129 0.29145916088207346 0.9512730240821838 0.28004649737933734 0.9613888263702393 0.2748588871311497 0.9757843613624573 0.27278384646853887 0.9890127182006836 0.2790089512730504 0.9990234375 0.2908165046760628 0.9983503222465515 0.3308847788217905 0.9987394213676453 0.37446047808672933 0.9987394213676453 0.3801668527963999 0.9773406386375427 0.36460409078512107 0.9750062227249146 0.3547476691168708 0.967613935470581 0.3365911191648191 0.9586653113365173 0.32932851980398364 0.9462151527404785 0.3324410722062394 0.9431025981903076 0.32050962705869934
1 0.9878454804420471 0.4699120392670503 0.9944596886634827 0.4782121331842096 0.9987394213676453 0.4833997434323972 0.9983503222465515 0.43152391588365707 0.9944596886634827 0.4512367248535156
1 0.9687811136245728 0.5145252330883129 0.9683920741081238 0.5093376572067673 0.9792859554290771 0.5108939505912162 0.9882345795631409 0.5031125524022557 0.9890127182006836 0.48806855485245987 0.990958034992218 0.4839185078938802 0.9979612827301025 0.48910604940878377 0.9990234375 0.5311203002929688 0.9975721836090088 0.5435756992649388 0.9831766486167908 0.5513570974538992 0.9757843613624573 0.5503195685309332 0.967613935470581 0.5368318643655863 0.9672248363494873 0.5233440914669553
1 0.8956362009048462 0.6530336947054476 0.9057520031929016 0.6587400694151182 0.9108098745346069 0.6711902790241413 0.9174240827560425 0.6685964223500844 0.9197584390640259 0.6571837416640273 0.9189803004264832 0.6421398128475155 0.9131442904472351 0.6333208513689471 0.9057520031929016 0.635914708043004 0.9010831713676453 0.6447335320550043
1 0.9185912609100342 0.6302083333333334 0.9310414791107178 0.6224269007777309 0.9403790831565857 0.6136080767657306 0.9485495686531067 0.608420500884185 0.9543855786323547 0.6058266442101281 0.9637232422828674 0.5975265502929688 0.9808422327041626 0.6042703851923212 0.9613888263702393 0.607382971961219 0.9485495686531067 0.6162018647065034 0.9380446672439575 0.6265770164695946 0.9279289245605469 0.635395977948163 0.924816370010376 0.6421398128475155
1 0.9462151527404785 0.6732652681367891 0.967613935470581 0.674821527154596 0.9835657477378845 0.6774153838286529 0.9897908568382263 0.6447335320550043 0.9827876091003418 0.6302083333333334 0.9781187772750854 0.6276145453925606 0.9695592522621155 0.6302083333333334 0.9606106877326965 0.635914708043004 0.9512730240821838 0.6519961657824817
1 0.982398509979248 0.6234644984339809 0.9882345795631409 0.6089392309790259 0.9983503222465515 0.6063454430382531 0.9979612827301025 0.6317645923511402 0.9901798963546753 0.634358380291913
1 0.9866783022880554 0.6810466319591075 0.9979612827301025 0.70283453314154 0.9990234375 0.6614103575010557 0.9983503222465515 0.6416210827526746 0.9944596886634827 0.6447335320550043 0.9894017577171326 0.6592587995099591 0.9862892031669617 0.6732652681367891
1 0.850115180015564 0.6997220151059262 0.8652888536453247 0.7064657812719947 0.8707358241081238 0.7100970981357334 0.8890220522880554 0.6909029848940738 0.8983597159385681 0.6831216898050394 0.893301784992218 0.6701527501011754 0.8800734281539917 0.6691152211782094 0.8660669922828674 0.6665214332374366 0.8656778931617737 0.6779341139234938 0.8641216158866882 0.6903843235325169 0.8567293286323547 0.6934969103014147
1 0.879295289516449 0.7147659439224381 0.8952471613883972 0.6945343704910966 0.9080864191055298 0.6815654307872325 0.9143115282058716 0.6763778549056869 0.9244272708892822 0.6836404198998803 0.9318196177482605 0.6934969103014147 0.924816370010376 0.702315734313415 0.9294852018356323 0.7225473077447565 0.9185912609100342 0.7339599884308137 0.901861310005188 0.7308474016619159 0.8894110918045044 0.7256598257803702
1 0.9189803004264832 0.675340325982721 0.9236491322517395 0.6675588934271185 0.9384337663650513 0.674302797059755 0.9466041922569275 0.6763778549056869 0.9695592522621155 0.6794903729413007 0.982398509979248 0.6836404198998803 0.9921252727508545 0.6971280896985853 0.9987394213676453 0.7256598257803702 0.9990234375 0.7491388406839457 0.9983503222465515 0.7609353967615076 0.9870673418045044 0.756785418536212 0.9785078167915344 0.7401850932353252 0.9695592522621155 0.729809941472234 0.9574981331825256 0.7277348836263021 0.9423244595527649 0.7059471199104378 0.9357103109359741 0.6945343704910966 0.9279289245605469 0.6841592187280053
1 0.9341540336608887 0.7256598257803702 0.9446588754653931 0.7308474016619159 0.9516621232032776 0.7386288342175183 0.953218400478363 0.7318849305848818 0.947771430015564 0.7225473077447565 0.939600944519043 0.7085408391179265 0.9341540336608887 0.701278205390449 0.9287070631980896 0.702315734313415 0.9283179640769958 0.7121720872483812
1 0.9808422327041626 0.76871682931711 0.9874564409255981 0.7624917245125985 0.9960159659385681 0.7645667136252463 0.9878454804420471 0.7816857690209741 0.9827876091003418 0.7801295100031672
1 0.8003143668174744 0.769235559411951 0.8088738918304443 0.7749419341216216 0.8224912881851196 0.7614541955896326 0.827160120010376 0.756785418536212 0.8224912881851196 0.7391476330456433 0.8170443177223206 0.7391476330456433 0.8065394759178162 0.7588604076488598
1 0.8252147436141968 0.7344787185256546 0.8298835754394531 0.7215097788217906 0.835719645023346 0.7132096161713471 0.8431119322776794 0.7075033101949606 0.8489479422569275 0.7054283210823128 0.8571184277534485 0.7095783680408925 0.8664560317993164 0.7121720872483812 0.8606200218200684 0.730328740300359 0.8594527840614319 0.7515978426546663 0.8598418831825256 0.7583416088207348 0.8458353877067566 0.756266619708087 0.8318289518356323 0.755747820879962 0.827549159526825 0.743297611270939
1 0.8680123090744019 0.7189159908810178 0.8796843886375427 0.7215097788217906 0.8960253000259399 0.7339599884308137 0.9080864191055298 0.7407038233301662 0.9100317358970642 0.7547103606902801 0.9073082804679871 0.76871682931711 0.8948580622673035 0.7744231352934966 0.87890625 0.7749419341216216 0.8656778931617737 0.7635292534355644 0.8625653386116028 0.7453727378501548 0.8652888536453247 0.7282536824544271 0.8687904477119446 0.7204722498988246
1 0.9123661518096924 0.7412226221582912 0.9209256768226624 0.7360350462767455 0.9287070631980896 0.7313662004900409 0.9353212118148804 0.7308474016619159 0.9481604695320129 0.7401850932353252 0.9547746777534485 0.7474477269628026 0.9578871726989746 0.7749419341216216 0.9590544104576111 0.7894670641100084 0.9563309550285339 0.7956922376478041 0.9376556277275085 0.7899858629381334 0.9224819540977478 0.7790919810802013 0.9135333895683289 0.7728668762756897 0.9139224290847778 0.7547103606902801
1 0.8135427236557007 0.7837607581336219 0.8201568722724915 0.768198030488985 0.8306617140769958 0.7604166666666666 0.8450572490692139 0.7593791377437007 0.8629544377326965 0.7671605015660191 0.8734592795372009 0.7764981244061444 0.8695685863494873 0.7941359786299972 0.8656778931617737 0.8133300231383728 0.8528386354446411 0.8242239049963049 0.8477807641029358 0.8299302797059755 0.8252147436141968 0.8262989628422368 0.818211555480957 0.8055486593160543
1 0.8761827945709229 0.7822045678490991 0.8940799236297607 0.7790919810802013 0.9092535972595215 0.7749419341216216 0.916256844997406 0.783242028038781 0.9038066267967224 0.797248565398895 0.8979706168174744 0.8335615965697143 0.8979706168174744 0.8454930073506123 0.8796843886375427 0.8309678773622255 0.8684014081954956 0.8195551279428843 0.8726811408996582 0.7988047556834178
1 0.9057520031929016 0.8060673894108953 0.9240382313728333 0.8268177616703618 0.930263340473175 0.8304490785341005 0.9275398254394531 0.8543119688291807 0.9147005677223206 0.8610558037285332 0.8999159336090088 0.8569056880366694 0.901861310005188 0.8320053375519074
1 0.7318382859230042 0.9725887539150478 0.7423431277275085 0.9622136708852407 0.7547933459281921 0.9523572492169904 0.7645200490951538 0.957544825098536 0.7734686136245728 0.9684387756897522 0.775413990020752 0.9782951286247185 0.7687997817993164 0.9964516442101281 0.761387288570404 0.9986979166666666 0.7505135536193848 0.9974892418663781 0.7458447217941284 0.9912641370618666
1 0.7509026527404785 0.9098190445083756 0.7656872272491455 0.9030752096090231 0.7769702672958374 0.9124129011824325 0.7874751091003418 0.9207129263663077 0.7785265445709229 0.9425008275487401 0.77269047498703 0.9549510371577632 0.7614074945449829 0.9476884034302857 0.7567386627197266 0.9456134143176379 0.7509026527404785 0.9290130890167512
1 0.7676326036453247 0.8989250939171594 0.7773593068122864 0.8885500108873522 0.7839734554290771 0.8823249060828406 0.7937002182006836 0.8843998951954885 0.8030378222465515 0.8833623662725225 0.8135427236557007 0.8828437049109656 0.8224912881851196 0.8859562229465794 0.8108192086219788 0.904112738531989 0.8010925054550171 0.9134504301053984 0.790198564529419 0.9139690914669553 0.7824171781539917 0.9113753722594665 0.7738577127456665 0.903593939703864
1 0.8030378222465515 0.9513197202940245 0.8108192086219788 0.9554697672526041 0.8201568722724915 0.9409446372642173 0.8318289518356323 0.9393882407798423 0.8411665558815002 0.9295318878448762 0.8446682095527649 0.9170816782358531 0.8462244868278503 0.9025564107808981 0.8361086845397949 0.8921811902845228 0.8322179913520813 0.8854374241184544 0.8263819813728333 0.8869936831362613 0.818600594997406 0.8984062950890344 0.812764585018158 0.9087815155854096 0.8092629313468933 0.9196753974433418 0.8069285154342651 0.9326444058804899
1 0.7734686136245728 0.9964516442101281 0.8131536245346069 0.9959328453820031 0.810041069984436 0.9616948720571157 0.8030378222465515 0.9570260950036951 0.7975909113883972 0.9684387756897522 0.7874751091003418 0.9757013406839457 0.780860960483551 0.9736262828380138 0.7781374454498291 0.9860765611803209
1 0.8345524072647095 0.9419820974538992 0.8435009717941284 0.9336819348034558 0.8497260808944702 0.9419820974538992 0.8431119322776794 0.9471696046021607 0.8384431004524231 0.9466509432406038
1 0.8512823581695557 0.9061877963779209 0.8882439136505127 0.9129316312772734 0.9045847654342651 0.9160441493128871 0.9127552509307861 0.9186379372536599 0.9084754586219788 0.9295318878448762 0.8995268940925598 0.9383507118568765 0.892912745475769 0.943019557643581 0.8734592795372009 0.9393882407798423 0.8575074672698975 0.9399070396079673 0.8477807641029358 0.9284944276551943 0.8489479422569275 0.9150066203899212
1 0.8567293286323547 0.8288927507830096 0.8652888536453247 0.8226676459784981 0.8839641213417053 0.837711643528294 0.8917455077171326 0.8434179495046804 0.8769609332084656 0.8491243929476351 0.8715139627456665 0.8646870518589879 0.8738483786582947 0.8807685783317497 0.8812406659126282 0.8926999891126478 0.8808515667915344 0.9004814216682503 0.8746265172958374 0.904112738531989 0.8466135263442993 0.8952937770534206 0.8380540609359741 0.8854374241184544 0.8485589027404785 0.8786935892191019 0.8547840118408203 0.863130792841181 0.855562150478363 0.8403053627357827
1 0.850115180015564 0.9528760480451154 0.8641216158866882 0.9456134143176379 0.8835750818252563 0.9450946154895129 0.8952471613883972 0.9523572492169904 0.8936908841133118 0.9653262576541385 0.8909673690795898 0.98452023342923 0.8909673690795898 0.9938579250026394 0.8835750818252563 0.998007971961219 0.8711248636245728 0.9964516442101281 0.869957685470581 0.9808889165654913 0.87034672498703 0.9684387756897522 0.8629544377326965 0.9622136708852407 0.8586747050285339 0.9585823540215019
1 0.8952471613883972 0.998526770789344 0.9059037566184998 0.9986979166666666 0.9940705895423889 0.9974892418663781 0.9594434499740601 0.9762201395120707 0.9224819540977478 0.9487259323532516 0.9154787063598633 0.9352381938212627 0.9030284881591797 0.9409446372642173 0.8995268940925598 0.9497634612762176 0.8975815773010254 0.9699950347075591 0.8952471613883972 0.9860765611803209
1 0.8968034386634827 0.8641683217641469 0.9119771122932434 0.8667621097049197 0.9100317358970642 0.8838811651006475 0.9010831713676453 0.9067065264727618 0.8890220522880554 0.9077439866624437 0.8866876363754272 0.9020376806860572 0.8948580622673035 0.8952937770534206 0.8964143395423889 0.8802497795036247
1 0.9174240827560425 0.8667621097049197 0.9228709936141968 0.863649591669306 0.9466041922569275 0.8802497795036247 0.9586653113365173 0.8921811902845228 0.9399900436401367 0.9004814216682503 0.9259835481643677 0.9025564107808981 0.9178131222724915 0.9134504301053984 0.9057520031929016 0.9108565734313415 0.9119771122932434 0.8952937770534206 0.9150896668434143 0.8823249060828406
1 0.9983503222465515 0.8148862821561796 0.9901798963546753 0.8356365856823621 0.9843438863754272 0.8475680651965442 0.9750062227249146 0.8480868640246692 0.9695592522621155 0.8460118061787373 0.9812313318252563 0.8610558037285332 0.9936815500259399 0.8735060133375563 0.9967940449714661 0.8823249060828406 0.9886236190795898 0.8952937770534206 0.98512202501297 0.905150267454955 0.9874564409255981 0.9165629481410121 0.9967940449714661 0.9290130890167512 0.9979612827301025 0.9139690914669553 0.9987394213676453 0.8926999891126478 0.9983503222465515 0.8522369109832488
