0 0.0009765625 0.005678707733750343 0.013169551268219948 0.005678707733750343 0.02168801985681057 0.02392355352640152 0.01828063279390335 0.03304597735404968 0.007206623908132315 0.03304597735404968 0.0009765625 0.028484766681989033 0.0009765625 0.015941433608531952
0 0.0009765625 0.06839536627133687 0.007206623908132315 0.09006111820538838 0.007206623908132315 0.11286717653274536 0.0012436964316293597 0.12541051705678305 0.0009765625 0.1276911199092865 0.0009765625 0.10032383600870769
0 0.0009765625 0.14023444056510925 0.009762164205312729 0.1288314163684845 0.01742878556251526 0.1208492914835612 0.03191018104553223 0.13567322492599487 0.04042864963412285 0.15163747469584146 0.04042864963412285 0.16988231738408408 0.035317566245794296 0.1961092750231425 0.035317566245794296 0.22005565961201987 0.01828063279390335 0.2097929318745931 0.0012436964316293597 0.20409140984217325 0.0009765625 0.1778644323348999
0 0.03787311166524887 0.23031838734944662 0.06002112478017807 0.2143541375796 0.08302099257707596 0.18812716007232666 0.09409499913454056 0.17900474866231283 0.11624301224946976 0.17900474866231283 0.11283562332391739 0.20181079705556235 0.10176161676645279 0.215494434038798 0.1111319288611412 0.23031838734944662 0.11794670671224594 0.24856321016947427 0.12646517157554626 0.2576856215794881 0.12646517157554626 0.2702289819717407 0.13583548367023468 0.2827723026275635 0.13753917813301086 0.28961412111918133 0.12561333179473877 0.2975962559382121 0.10346531122922897 0.2975962559382121 0.08557652682065964 0.2998768488566081 0.0676877498626709 0.30785898367563885 0.03702126443386078 0.31356048583984375 0.03191018104553223 0.29303503036499023 0.050650812685489655 0.2747902075449626 0.0566137358546257 0.26110655069351196 0.054910045117139816 0.24742291371027628 0.03276202827692032 0.24628261725107828
0 0.09068761020898819 0.1276911199092865 0.10942824184894562 0.10716566443443298 0.11965040117502213 0.09576263030370076 0.12646517157554626 0.08549991250038147 0.13157625496387482 0.07409687836964925 0.1341318041086197 0.06269385417302449 0.14690949022769928 0.06155354777971903 0.1647982895374298 0.06497445702552795 0.1673538237810135 0.09006111820538838 0.15713165700435638 0.09462233384450276 0.14776134490966797 0.10830597082773845 0.14690949022769928 0.13111201922098795 0.1341318041086197 0.14707626899083456 0.12050224840641022 0.15733899672826132 0.10772454738616943 0.16760170459747314 0.09920608252286911 0.16760170459747314 0.09153945744037628 0.15163747469584146
0 0.15968720614910126 0.217775026957194 0.1647982895374298 0.20067050059636435 0.16905751824378967 0.18242565790812174 0.19290922582149506 0.18356595436731973 0.21420539915561676 0.18584656715393066 0.21590909361839294 0.1961092750231425 0.20568692684173584 0.2109332283337911 0.21250170469284058 0.23145868380864462 0.21931646764278412 0.24514230092366537 0.2201683223247528 0.2554050286610921 0.20653878152370453 0.2508438229560852 0.19461292028427124 0.26338716348012287 0.19205738604068756 0.2736498713493347 0.1784278303384781 0.26566775639851886 0.16820566356182098 0.24856321016947427
0 0.19546477496623993 0.2804917097091675 0.20142769813537598 0.2713692784309387 0.20142769813537598 0.26110655069351196 0.21505723893642426 0.26338716348012287 0.2210201621055603 0.2690886656443278 0.21761278808116913 0.2839125990867615 0.2082424759864807 0.28961412111918133 0.20398323237895966 0.28961412111918133
0 0.2107980102300644 0.2097929318745931 0.22527940571308136 0.20067050059636435 0.24742741882801056 0.18470625082651773 0.2644643783569336 0.17102261384328207 0.2738346755504608 0.16418079535166422 0.2780939042568207 0.16988231738408408 0.2644643783569336 0.20409140984217325 0.255094051361084 0.2291780710220337 0.2414644956588745 0.23145868380864462 0.23039047420024872 0.23716018597284952 0.22783495485782623 0.24514230092366537 0.21931646764278412 0.22461686531702676
0 0.07365067303180695 0.348909854888916 0.08387283980846405 0.33408594131469727 0.09324315190315247 0.33180534839630127 0.10261346399784088 0.3432083527247111 0.11624301224946976 0.3546113967895508 0.10602085292339325 0.36943531036376953 0.10261346399784088 0.38653985659281415 0.09153945744037628 0.4059249957402547 0.07620621472597122 0.4218892256418864 0.06428036093711853 0.4275907675425212 0.05576189234852791 0.40706531206766766 0.058317434042692184 0.39338167508443195 0.07365067303180695 0.3853995402654012 0.08813206851482391 0.3762771288553874 0.08472467958927155 0.36829503377278644
0 0.0009765625 0.5290776888529459 0.013169551268219948 0.5245165030161539 0.020836172625422478 0.5359195470809937 0.022539867088198662 0.5473225911458334 0.0037992368452250957 0.5610061883926392 0.0009765625 0.5632867813110352
0 0.02168801985681057 0.470922311147054 0.015725092962384224 0.45381776491800946 0.035317566245794296 0.44013412793477374 0.05235450342297554 0.43329230944315594 0.06939143687486649 0.436713178952535 0.08302099257707596 0.4253101746241252 0.1009097695350647 0.4059249957402547 0.10942824184894562 0.3831189473470052 0.11624301224946976 0.3774174054463704 0.12561333179473877 0.3819786310195923 0.13583548367023468 0.3968025843302409 0.13583548367023468 0.41162653764088947 0.12646517157554626 0.41960867245992023 0.10857639461755753 0.4287310838699341 0.09665054082870483 0.44355499744415283 0.08387283980846405 0.4503968556722005 0.06598405539989471 0.4549580415089925 0.05320635065436363 0.46522076924641925 0.04128049686551094 0.470922311147054 0.03020648844540119 0.47206254800160724
0 0.22442756593227386 0.3831189473470052 0.23805710673332214 0.35917262236277264 0.24487188458442688 0.342068076133728 0.24827927350997925 0.3215426206588745 0.256797730922699 0.29303503036499023 0.2627606689929962 0.30785898367563885 0.26020511984825134 0.33066503206888836 0.255094051361084 0.3546113967895508 0.24827927350997925 0.37285621960957843 0.23464971780776978 0.38882048924763996
0 0.1971684694290161 0.43557286262512207 0.1997240036725998 0.41846831639607746 0.21335354447364807 0.40934594472249347 0.22698310017585754 0.3968025843302409 0.23890896141529083 0.3968025843302409 0.23890896141529083 0.41162653764088947 0.24487188458442688 0.4310116767883301 0.23720526695251465 0.4424146811167399 0.23039047420024872 0.45837895075480145 0.2099461555480957 0.44355499744415283
0 0.24110671877861023 0.38887349764506024 0.25144773721694946 0.378106951713562 0.2600652575492859 0.35964993635813397 0.2652357816696167 0.3435000578562419 0.27385327219963074 0.3511904875437419 0.28419432044029236 0.35964993635813397 0.28936484456062317 0.37964502970377606 0.28993934392929077 0.3957948684692383 0.27672579884529114 0.40502337614695233 0.2663847804069519 0.4065614541371663 0.24512822926044464 0.4034852981567383
0 0.24512822926044464 0.41578996181488037 0.25144773721694946 0.4104066689809163 0.2617887854576111 0.41194474697113037 0.2692572772502899 0.4142518838246663 0.2658102810382843 0.4234803517659505 0.2623632550239563 0.43963027000427246 0.2577672600746155 0.4488587776819865 0.24627722799777985 0.45270391305287677 0.23765970766544342 0.4511658350626628 0.24570272862911224 0.4388612111409505 0.24857524037361145 0.4257875283559163
0 0.2709807753562927 0.4250184694925944 0.27615129947662354 0.4180970986684163 0.2951098382472992 0.41578996181488037 0.30889788269996643 0.4111757278442383 0.31751540303230286 0.41194474697113037 0.3238348960876465 0.38810447851816815 0.3341759145259857 0.38733545939127606 0.34509143233299255 0.37964502970377606 0.35658150911331177 0.3750307559967041 0.357155978679657 0.38810447851816815 0.35313448309898376 0.39656392733256024 0.34279346466064453 0.40040910243988037 0.3341759145259857 0.40886859099070233 0.3341759145259857 0.41655902067820233 0.35141095519065857 0.4211732546488444 0.3629010021686554 0.4296327431996663 0.3629010021686554 0.4419373671213786 0.3577304780483246 0.4503968556722005 0.3548579812049866 0.45270391305287677 0.3341759145259857 0.44808971881866455 0.3226858973503113 0.4457825819651286 0.30889788269996643 0.4503968556722005 0.2968333661556244 0.4496277968088786 0.2882158160209656 0.4503968556722005 0.27902382612228394 0.4534730116526286 0.2646612823009491 0.4496277968088786 0.2704062759876251 0.43270885944366455
0 0.2951098382472992 0.3427309989929199 0.30028036236763 0.3242740233739217 0.31234487891197205 0.3158145546913147 0.3336014151573181 0.30889320373535156 0.34681496024131775 0.3119693398475647 0.357155978679657 0.3158145546913147 0.3657734990119934 0.3219669262568156 0.37496551871299744 0.3319644331932068 0.37611451745033264 0.33811676502227783 0.363475501537323 0.3442691167195638 0.35198545455932617 0.35195950667063397 0.34911298751831055 0.35657374064127606 0.3358994424343109 0.35349758466084796 0.3290054202079773 0.34811429182688397 0.3267074227333069 0.3435000578562419 0.32096242904663086 0.3435000578562419 0.31579187512397766 0.35195950667063397 0.31004688143730164 0.35272852579752606 0.3014293611049652 0.35272852579752606 0.2968333661556244 0.35195950667063397
0 0.35658150911331177 0.26582688093185425 0.3611775040626526 0.2596745491027832 0.3657734990119934 0.2519841194152832 0.38415756821632385 0.24736986557642618 0.3927750587463379 0.24967700242996216 0.3979455828666687 0.26582688093185425 0.4019671082496643 0.28197675943374634 0.4036906063556671 0.2942814230918884 0.4059886038303375 0.3112003207206726 0.4054141044616699 0.3181217114130656 0.3927750587463379 0.3242740233739217 0.38071054220199585 0.3227359453837077 0.372667521238327 0.3196597695350647 0.3640500009059906 0.3035099109013875 0.360603004693985 0.2842838764190674
0 0.4709072411060333 0.2043035626411438 0.48009929060935974 0.19122985998789468 0.4910148084163666 0.19661315282185873 0.5007813572883606 0.2135320504506429 0.5122713446617126 0.2166082262992859 0.5203143954277039 0.22429863611857095 0.5237613916397095 0.23122000694274902 0.508249819278717 0.23506522178649902 0.502504825592041 0.23737233877182007 0.5007813572883606 0.2512151002883911 0.4927383065223694 0.25506027539571124 0.48469528555870056 0.2512151002883911 0.47550323605537415 0.225836714108785
0 0.3313034474849701 0.14970161517461142 0.34106993675231934 0.13585886359214783 0.3583049774169922 0.10740433136622111 0.3697949945926666 0.09279254078865051 0.38530656695365906 0.0958687166372935 0.4013925790786743 0.10509721438090007 0.4036906063556671 0.11663282910982768 0.3950730860233307 0.12278517087300618 0.37956154346466064 0.13047558069229126 0.37324202060699463 0.14431832234064737 0.363475501537323 0.15739202499389648 0.35313448309898376 0.16969668865203857 0.34681496024131775 0.16969668865203857 0.33934643864631653 0.160468190908432
0 0.35026198625564575 0.1827704111735026 0.3583049774169922 0.19276793797810873 0.3646245002746582 0.19815121094385782 0.3709440231323242 0.19122985998789468 0.37611451745033264 0.17661805947621664 0.38760456442832947 0.16662052273750305 0.4002435803413391 0.15585394700368246 0.4088611304759979 0.14739447832107544 0.41058459877967834 0.1412421464920044 0.4054141044616699 0.13585886359214783 0.3990945816040039 0.12816844383875528 0.3904770612716675 0.13201364874839783 0.38300853967666626 0.13816599051157633 0.37611451745033264 0.14739447832107544 0.363475501537323 0.1658514936765035 0.35658150911331177 0.17277284463246664
0 0.15033552050590515 0.0013020833333333333 0.17389006912708282 0.0013020833333333333 0.1652725487947464 0.005121815949678421 0.16412353515625 0.01742647960782051 0.1658470332622528 0.02819306155045827 0.17216655611991882 0.04434292515118917 0.1646980494260788 0.052802388866742454 0.15435701608657837 0.055109510819117226 0.14459049701690674 0.05434046685695648 0.14056898653507233 0.03434539337952932 0.14056898653507233 0.01665743812918663 0.14746300876140594 0.0028146918242176375
0 0.17733708024024963 0.03357634941736857 0.18882709741592407 0.03357634941736857 0.2003171294927597 0.03665251533190409 0.20778563618659973 0.03434539337952932 0.21812666952610016 0.03511443237463633 0.2324891984462738 0.04588101307551066 0.24570272862911224 0.05434046685695648 0.25489476323127747 0.0643380085627238 0.24685172736644745 0.06741417447725932 0.2319146990776062 0.06510705749193828 0.22042466700077057 0.06664513051509857 0.20836013555526733 0.06587609648704529 0.1980191320180893 0.06203088164329529 0.1934231072664261 0.05587855478127798 0.18767809867858887 0.04818813999493917
0 0.2681082785129547 0.013581272214651108 0.27385327219963074 0.0013020833333333333 0.28879034519195557 0.008197981864213943 0.3054508566856384 0.01588839665055275 0.3077488839626312 0.02665497859319051 0.30602535605430603 0.041266764203707375 0.30602535605430603 0.05049526194731394 0.31923890113830566 0.055109510819117226 0.3249839246273041 0.06587609648704529 0.3278564214706421 0.07894979417324066 0.3295799195766449 0.0958687166372935 0.3318779468536377 0.11048049728075664 0.3336014151573181 0.11663282910982768 0.31636637449264526 0.12586131691932678 0.3037273585796356 0.13047558069229126 0.291088342666626 0.13816599051157633 0.287641316652298 0.12970653176307678 0.28017279505729675 0.12047804395357768 0.2905138432979584 0.10202103853225708 0.28591781854629517 0.07433554530143738 0.28189632296562195 0.06126184264818827 0.2686827778816223 0.05049526194731394 0.2692572772502899 0.03742155929406484 0.2721298038959503 0.019733604043722153
0 0.3600285053253174 0.36503322919209796 0.37668901681900024 0.3511904875437419 0.38243404030799866 0.3358096281687419 0.38415756821632385 0.32965731620788574 0.4042651057243347 0.33350253105163574 0.41230812668800354 0.3150455355644226 0.41115909814834595 0.2919742663701375 0.4243726432323456 0.29351238409678143 0.430117666721344 0.30120277404785156 0.4232236444950104 0.32965731620788574 0.41001012921333313 0.37195460001627606 0.4054141044616699 0.39656392733256024 0.4025416076183319 0.4142518838246663 0.38358303904533386 0.4219423135121663 0.366922527551651 0.4219423135121663 0.357155978679657 0.41655902067820233 0.35141095519065857 0.4065614541371663 0.357155978679657 0.3988710244496663 0.3657734990119934 0.39194969336191815 0.3657734990119934 0.38041404883066815 0.3623265027999878 0.37272365887959796
0 0.44160768389701843 0.2942814230918884 0.44390568137168884 0.28582195440928143 0.4582682251930237 0.2919742663701375 0.4674602448940277 0.30120277404785156 0.4726307690143585 0.3073551058769226 0.4668857455253601 0.31735265254974365 0.4536722004413605 0.3219669262568156 0.44620367884635925 0.3058170477549235
0 0.5007813572883606 0.2850528955459595 0.5122713446617126 0.25429125626881915 0.5208888649940491 0.24352465073267618 0.5392729043960571 0.24044851462046304 0.5490394830703735 0.23583426078160605 0.5605294704437256 0.24813892443974814 0.5679979920387268 0.26198166608810425 0.5582314729690552 0.2804386615753174 0.5455924272537231 0.3004337549209595 0.5254849195480347 0.3112003207206726 0.5168673396110535 0.3142764965693156 0.508249819278717 0.2996646960576375
0 0.5369749069213867 0.3142764965693156 0.549613893032074 0.3035099109013875 0.5605294704437256 0.2850528955459595 0.5702959895133972 0.2719791730244954 0.5794879794120789 0.27813154458999634 0.5863819718360901 0.2996646960576375 0.5760409832000732 0.3119693398475647 0.5542099475860596 0.3219669262568156 0.5415709018707275 0.3235049843788147
0 0.549613893032074 0.229681928952535 0.562252938747406 0.2135320504506429 0.5794879794120789 0.19507507483164468 0.5863819718360901 0.19122985998789468 0.6053406000137329 0.19738217194875082 0.6139580607414246 0.19815121094385782 0.628895103931427 0.21507012844085693 0.6271716356277466 0.22429863611857095 0.6197031140327454 0.230450967947642 0.6133835911750793 0.24736986557642618 0.6030425429344177 0.2835148175557454 0.5984465479850769 0.3019718329111735 0.5927015542984009 0.30504798889160156 0.5869565010070801 0.2919742663701375 0.5829350352287292 0.2719791730244954 0.5714449882507324 0.26121262709299725 0.5639764666557312 0.24506274859110513 0.55708247423172 0.23737233877182007
0 0.5530609488487244 0.3311954140663147 0.5754664540290833 0.3158145546913147 0.5938505530357361 0.3065860668818156 0.5972974896430969 0.3242740233739217 0.609936535358429 0.3388857841491699 0.6151070594787598 0.3542666435241699 0.6242991089820862 0.3827211856842041 0.6087875962257385 0.3996400833129883 0.5932760238647461 0.4196351369222005 0.5651254653930664 0.4134828249613444 0.5461669564247131 0.4173280398050944 0.5352514386177063 0.4234803517659505 0.5162928104400635 0.41578996181488037 0.5254849195480347 0.40502337614695233 0.543868899345398 0.38579734166463214 0.5519119501113892 0.3504214286804199
0 0.6001700162887573 0.30889320373535156 0.6053406000137329 0.3035099109013875 0.6197031140327454 0.3065860668818156 0.6311931610107422 0.3073551058769226 0.6386616230010986 0.30504798889160156 0.6467046141624451 0.2942814230918884 0.6604926586151123 0.2812076807022095 0.6725572347640991 0.3004337549209595 0.6622161865234375 0.3112003207206726 0.6524496674537659 0.32581210136413574 0.6576201915740967 0.3488833506902059 0.6501516699790955 0.362726092338562 0.6392361521720886 0.378106951713562 0.6311931610107422 0.38041404883066815 0.6214265823364258 0.35811181863149005 0.6139580607414246 0.3342715899149577 0.6007445454597473 0.3196597695350647
0 0.6719827055931091 0.2888981103897095 0.6800256967544556 0.2812076807022095 0.6966862678527832 0.2804386615753174 0.7047292590141296 0.2888981103897095 0.7030057907104492 0.2996646960576375 0.6863452792167664 0.2981266379356384 0.6783022284507751 0.2988956570625305
0 0.6874942779541016 0.23352712392807007 0.6995587944984436 0.23122000694274902 0.7173683047294617 0.230450967947642 0.7225388288497925 0.23506522178649902 0.7305818200111389 0.25890549023946124 0.7472423911094666 0.2865909934043884 0.7570089101791382 0.3035099109013875 0.7598814368247986 0.3158145546913147 0.7541363835334778 0.3281192183494568 0.750114917755127 0.3427309989929199 0.743220865726471 0.3542666435241699 0.7294328212738037 0.36041895548502606 0.7179428339004517 0.37195460001627606 0.70817631483078 0.37656883398691815 0.6943882703781128 0.36964746316274005 0.6806002259254456 0.35349758466084796 0.6840472221374512 0.32965731620788574 0.695537269115448 0.32504308223724365 0.7012823224067688 0.3119693398475647 0.7007077932357788 0.3065860668818156 0.7070273160934448 0.3027408520380656 0.7098997831344604 0.2888981103897095 0.7035803198814392 0.2789005637168884 0.694962739944458 0.26582688093185425 0.6926647424697876 0.24736986557642618
0 0.7179428339004517 0.2166082262992859 0.7225388288497925 0.2104558746019999 0.7363268733024597 0.2135320504506429 0.7495404481887817 0.21583918730417886 0.7570089101791382 0.2250676949818929 0.7667754292488098 0.23891039689381918 0.7759674191474915 0.25813647111256915 0.7857339978218079 0.2719791730244954 0.7794144749641418 0.27736250559488934 0.7702224254608154 0.2789005637168884 0.7581579089164734 0.2681339979171753 0.7535619139671326 0.25890549023946124 0.7409228682518005 0.24583178758621216 0.7340288758277893 0.23583426078160605 0.7294328212738037 0.22737481196721396
0 0.7943515181541443 0.16354435682296753 0.7949259877204895 0.15047065416971842 0.8029690384864807 0.14662543932596842 0.8115864992141724 0.14816352725028992 0.8144590258598328 0.15739202499389648 0.8098630905151367 0.16354435682296753 0.8420351147651672 0.20661067962646484 0.82882159948349 0.2127630114555359 0.8127354979515076 0.18892272313435873 0.7983730435371399 0.1704657276471456
0 0.7575834393501282 0.33811676502227783 0.7581579089164734 0.3281192183494568 0.7639029026031494 0.3165835936864217 0.7644774317741394 0.30504798889160156 0.7707969546318054 0.2981266379356384 0.7799889445304871 0.2958194812138875 0.7880319356918335 0.3035099109013875 0.7903299927711487 0.31735265254974365 0.7840104699134827 0.32965731620788574 0.7834360003471375 0.3435000578562419 0.7707969546318054 0.3465762138366699
0 0.7914789915084839 0.3235049843788147 0.8127354979515076 0.3196597695350647 0.8219276070594788 0.3104312817255656 0.8259490728378296 0.2996646960576375 0.8328431248664856 0.30889320373535156 0.8380135893821716 0.3273501992225647 0.8483546376228333 0.32581210136413574 0.8644406795501709 0.3181217114130656 0.8747816681861877 0.31273841857910156 0.888569712638855 0.32504308223724365 0.8914422392845154 0.34580719470977783 0.882250189781189 0.35580472151438397 0.8644406795501709 0.36195703347524005 0.8391625881195068 0.36118801434834796 0.8225020170211792 0.3542666435241699 0.8035435080528259 0.3450381358464559 0.7874574661254883 0.3327334721883138
0 0.7886064648628235 0.3396548430124919 0.8150335550308228 0.35811181863149005 0.8299705982208252 0.36964746316274005 0.8420351147651672 0.3750307559967041 0.8529506325721741 0.381952166557312 0.8523761630058289 0.39733298619588214 0.8460565805435181 0.4065614541371663 0.8322685956954956 0.40040910243988037 0.8207786083221436 0.39656392733256024 0.8052670359611511 0.3988710244496663 0.7891809940338135 0.3950258096059163 0.7834360003471375 0.38656636079152423 0.7857339978218079 0.37195460001627606 0.7903299927711487 0.362726092338562 0.7903299927711487 0.35657374064127606 0.7891809940338135 0.3504214286804199
0 0.44505470991134644 0.09894487261772156 0.4565447270870209 0.08971638480822246 0.4703327417373657 0.09356158971786499 0.4875677824020386 0.10048296054204305 0.5030792951583862 0.10355911652247111 0.5162928104400635 0.11124954620997111 0.5289318561553955 0.12970653176307678 0.5260593295097351 0.13893502950668335 0.5116968750953674 0.13432077566782633 0.4984833300113678 0.12816844383875528 0.490440309047699 0.12893750270207724 0.48584428429603577 0.13739695151646933 0.48067378997802734 0.14201119542121887 0.47435426712036133 0.13585886359214783 0.4628642499446869 0.13124461968739828 0.45539572834968567 0.11740186810493469
0 0.4341391623020172 0.07202841838200887 0.44677817821502686 0.0589547206958135 0.4634387493133545 0.041266764203707375 0.47550323605537415 0.022040729721387226 0.4628642499446869 0.029731144507726032 0.45194870233535767 0.042035808165868126 0.43988415598869324 0.04895717899004618
0 0.4881422817707062 0.0013020833333333333 0.4944618046283722 0.010505106300115585 0.4910148084163666 0.019733604043722153 0.5116968750953674 0.019733604043722153 0.5214633941650391 0.03203826646010081 0.5312299132347107 0.052802388866742454 0.5427199006080627 0.039728681246439614 0.5524864196777344 0.03434539337952932 0.5490394830703735 0.020502645522356033 0.5524864196777344 0.005121815949678421 0.5461669564247131 0.0013020833333333333 0.5289318561553955 0.0013020833333333333 0.5041593909263611 0.0013020833333333333 0.4944618046283722 0.0013020833333333333
0 0.5513374209403992 0.0013020833333333333 0.55708247423172 0.003583733613292376 0.5553589463233948 0.020502645522356033 0.5547844171524048 0.02819306155045827 0.5645509362220764 0.02896210054556529 0.5720195174217224 0.02511689563592275 0.574891984462738 0.019733604043722153 0.5835095643997192 0.010505106300115585 0.6059150695800781 0.011274146536986033 0.6133835911750793 0.009736064821481705 0.6133835911750793 0.0013020833333333333 0.6018935441970825 0.0013020833333333333 0.5886800289154053 0.0013020833333333333 0.5731685161590576 0.0013020833333333333 0.5605294704437256 0.0013020833333333333
0 0.5715551376342773 0.04901021718978882 0.5741106867790222 0.03304597735404968 0.5796476602554321 0.02278325210014979 0.5839069485664368 0.03418628126382828 0.5894438624382019 0.039887793362140656 0.5911476016044617 0.04786991079648336 0.5877401828765869 0.053571427861849465 0.5796476602554321 0.05528188248475393
0 0.6337399482727051 0.0013020833333333333 0.6452398896217346 0.0013020833333333333 0.6452398896217346 0.005678707733750343 0.6426843404769897 0.021072794993718464 0.6384250521659851 0.024493704239527386 0.634591817855835 0.021072794993718464 0.6350177526473999 0.01138022169470787 0.6350177526473999 0.0013020833333333333
0 0.582203209400177 0.017651888231436413 0.5915735363960266 0.013090677559375763 0.614147424697876 0.018222038944562275 0.6209622621536255 0.023353402813275654 0.6294807195663452 0.02791461596886317 0.6379991769790649 0.030195221304893494 0.6452398896217346 0.04615946114063263 0.6414065957069397 0.05699234207471212 0.6435361504554749 0.07010582089424133 0.6541842818260193 0.08892081181208293 0.6644064784049988 0.09747308492660522 0.664832353591919 0.10488506158192952 0.6605731248855591 0.11343733469645183 0.6448139548301697 0.11457763115564983 0.6311843991279602 0.11514778931935628 0.6137215495109558 0.10317460695902507 0.6043512225151062 0.09291187922159831 0.5962586998939514 0.08093869686126709 0.5928512811660767 0.07637749115626018 0.5826291441917419 0.0723864237467448 0.5864624381065369 0.06041324635346731 0.5911476016044617 0.055852035681406655 0.5992401242256165 0.060983399550120033 0.6043512225151062 0.06041324635346731 0.609462320804596 0.05699234207471212 0.6064808368682861 0.04672961433728536 0.5992401242256165 0.04102809727191925 0.5941290855407715 0.03532658020655314 0.5877401828765869 0.033616130550702415 0.5851846933364868 0.026774312059084576
0 0.6673879027366638 0.0013020833333333333 0.6720730662345886 0.0013020833333333333 0.6763322949409485 0.006248859688639641 0.6844248175621033 0.005678707733750343 0.691239595413208 0.0013020833333333333 0.6967766284942627 0.0013020833333333333 0.6776100993156433 0.0013020833333333333
0 0.718072772026062 0.0013020833333333333 0.7265912890434265 0.003398102397720019 0.7325541973114014 0.009099616358677546 0.7423503994941711 0.013660828272501627 0.744905948638916 0.01936234161257744 0.743202269077301 0.03247582415739695 0.7436281442642212 0.04216839869817098 0.746609628200531 0.04901021718978882 0.7555540204048157 0.05528188248475393 0.7606651186943054 0.05756249030431112 0.7593873739242554 0.06896551450093587 0.7657762169837952 0.07010582089424133 0.7725909948348999 0.06326400240262349 0.7815353870391846 0.05300127466519674 0.7811094522476196 0.04330870012442271 0.7862204909324646 0.036466886599858604 0.7972944974899292 0.03532658020655314 0.7930352687835693 0.026204158862431843 0.7892019748687744 0.014230978985627493 0.7904797792434692 0.004538405686616898 0.7943130731582642 0.0013020833333333333 0.7708873152732849 0.0013020833333333333 0.7363874912261963 0.0013020833333333333
0 0.11259587109088898 0.5402957201004028 0.12044865638017654 0.5324118137359619 0.1328822374343872 0.5201478799184164 0.14269821345806122 0.5140159130096436 0.1603669971227646 0.4991239706675212 0.16625657677650452 0.5061319669087728 0.15905818343162537 0.5201478799184164 0.1512054055929184 0.5350397427876791 0.15447740256786346 0.5429236888885498 0.16625657677650452 0.5464276472727457 0.17607255280017853 0.5446757078170776 0.1793445497751236 0.5551876227060953 0.17869016528129578 0.565699577331543 0.1708373725414276 0.5683275461196899 0.15840379893779755 0.5700795650482178 0.1466246098279953 0.5727075338363647 0.13353662192821503 0.5718315442403158 0.13353662192821503 0.5586916208267212 0.12044865638017654 0.5446757078170776
0 0.622372567653656 0.4132765531539917 0.6367693543434143 0.40013666947682697 0.6544381380081177 0.39575664202372235 0.6740701198577881 0.40013666947682697 0.6812685132026672 0.41064854462941486 0.6753789186477661 0.41590452194213867 0.6806140542030334 0.43079646428426105 0.6806140542030334 0.4483163356781006 0.6812685132026672 0.4675881862640381 0.6583645343780518 0.4702161947886149 0.6452766060829163 0.4754721323649089 0.6374238133430481 0.464960257212321 0.635460615158081 0.4465643564860026 0.6341517567634583 0.43517645200093585 0.6262989640235901 0.4299204746882121 0.6236814260482788 0.42378846804300946
0 0.6832317113876343 0.47897613048553467 0.6865036487579346 0.47459618250528973 0.6976284384727478 0.4763481616973877 0.70940762758255 0.4728441635767619 0.7251132130622864 0.4728441635767619 0.7231500148773193 0.4877361059188843 0.7120252251625061 0.5070079565048218 0.7087532877922058 0.5192719300587972 0.7035180330276489 0.5490556955337524 0.6963196396827698 0.5551876227060953 0.6832317113876343 0.5516836643218994 0.6655629277229309 0.5464276472727457 0.6518205404281616 0.5464276472727457 0.6465853452682495 0.5481797059377035 0.6485485434532166 0.5324118137359619 0.6577101349830627 0.5262798070907593 0.6635997295379639 0.5201478799184164 0.670143723487854 0.5113879442214966 0.6655629277229309 0.4947440226872762 0.6734157204627991 0.4921160538991292 0.6773421168327332 0.4894880453745524
0 0.5961966514587402 0.48598408699035645 0.5981598496437073 0.4710921843846639 0.6099390387535095 0.4675881862640381 0.620409369468689 0.47459618250528973 0.635460615158081 0.48598408699035645 0.6452766060829163 0.496496041615804 0.6478941440582275 0.5087599754333496 0.6478941440582275 0.5227758089701334 0.6426589488983154 0.5394197702407837 0.6367693543434143 0.5534356435139974 0.6406957507133484 0.565699577331543 0.6420045495033264 0.5709555943806967 0.624335765838623 0.5744594732920328 0.6092845797538757 0.5805915196736654 0.5988142490386963 0.5832194487253824 0.5981598496437073 0.567451556523641 0.5948878526687622 0.5534356435139974 0.587035059928894 0.5455516576766968 0.5935789942741394 0.5271557966868082 0.5961966514587402 0.5105119546254476 0.5961966514587402 0.505255937576294
0 0.5078527927398682 0.5840954780578613 0.5085071921348572 0.5718315442403158 0.5176687836647034 0.5648235479990641 0.5255215764045715 0.5613195896148682 0.5333743691444397 0.5551876227060953 0.547116756439209 0.563071608543396 0.5543150901794434 0.5797154903411865 0.5543150901794434 0.5928553740183512 0.5510430932044983 0.6059952974319458 0.5536606907844543 0.6287711461385092 0.5634766817092896 0.6419110298156738 0.5857262015342712 0.6603069305419922 0.5903070569038391 0.6708188851674398 0.585071861743927 0.6769508520762125 0.5654398798942566 0.6795788606007894 0.5523518919944763 0.6804548104604086 0.5458078980445862 0.6804548104604086 0.5333743691444397 0.664686918258667 0.5333743691444397 0.6384071111679077 0.5301023125648499 0.6200112104415894 0.5287935733795166 0.6121272246042887 0.5307567715644836 0.6007393598556519 0.5268303751945496 0.5954833825429281 0.5222495198249817 0.5867234468460083
0 0.08249352127313614 0.598987340927124 0.10016229003667831 0.5919794241587321 0.11455906927585602 0.5954833825429281 0.1283014416694641 0.5937314033508301 0.13484543561935425 0.5823434591293335 0.1420438140630722 0.5788394610087076 0.15905818343162537 0.5779634714126587 0.16756537556648254 0.5762115319569906 0.17149177193641663 0.5902274449666342 0.15774938464164734 0.5937314033508301 0.15185979008674622 0.60249129931132 0.13419103622436523 0.6086232662200928 0.13615423440933228 0.6200112104415894 0.14269821345806122 0.6182591915130615 0.14858780801296234 0.6103752851486206 0.15905818343162537 0.6103752851486206 0.16625657677650452 0.6208872000376383 0.17672696709632874 0.6243911981582642 0.1839253455400467 0.6243911981582642 0.19243252277374268 0.6322751045227051 0.20028531551361084 0.6410350799560547 0.19308693706989288 0.6489190260569254 0.17738135159015656 0.6524229844411215 0.15905818343162537 0.6559270222981771 0.15185979008674622 0.6611829598744711 0.1374630182981491 0.6690669059753418 0.11979425698518753 0.6743228435516357 0.10997827351093292 0.6795788606007894 0.10147108882665634 0.6690669059753418 0.10277988761663437 0.6532989740371704 0.09558150172233582 0.633151133855184 0.08838311582803726 0.6191352208455404
0 0.2271156758069992 0.4886120557785034 0.24216684699058533 0.49386803309122723 0.26637962460517883 0.5140159130096436 0.2794675827026367 0.5183959007263184 0.28993794322013855 0.5324118137359619 0.2977907359600067 0.5411717096964518 0.311533123254776 0.5525596936543783 0.3174227178096771 0.562195618947347 0.3030259609222412 0.5648235479990641 0.29124677181243896 0.5578156312306722 0.28535717725753784 0.5508076349894205 0.2748867869377136 0.5516836643218994 0.2676883935928345 0.5560635725657145 0.26114439964294434 0.5437997182210287 0.25721800327301025 0.5324118137359619 0.24805644154548645 0.5306597948074341 0.24216684699058533 0.5394197702407837 0.2362772524356842 0.5525596936543783 0.22842445969581604 0.5543116331100464 0.22580687701702118 0.5306597948074341 0.22580687701702118 0.5122638940811157
0 0.2781587541103363 0.5665755271911621 0.28143078088760376 0.5595676104227701 0.29059237241744995 0.5665755271911621 0.30433472990989685 0.5709555943806967 0.310224324464798 0.5735835234324137 0.30956992506980896 0.5849714279174805 0.2977907359600067 0.5937314033508301 0.2833939790725708 0.5928553740183512 0.2788131833076477 0.5849714279174805
0 0.22057168185710907 0.597235361735026 0.2408580332994461 0.5998633702596029 0.25263720750808716 0.5937314033508301 0.2598356306552887 0.5893514156341553 0.26572519540786743 0.5867234468460083 0.2820851504802704 0.6033673286437988 0.2958275377750397 0.6191352208455404 0.3056435286998749 0.6243911981582642 0.31284192204475403 0.6305231253306071 0.310224324464798 0.6480430364608765 0.30433472990989685 0.6576789617538452 0.29124677181243896 0.66205894947052 0.27684998512268066 0.66205894947052 0.26179879903793335 0.66205894947052 0.2513284385204315 0.6585549513498942 0.2454388439655304 0.6541749636332194 0.24674762785434723 0.6419110298156738 0.25787243247032166 0.6313990751902262 0.2559092342853546 0.6261431376139323 0.2447844296693802 0.6217631498972574 0.23824045062065125 0.6112512747446696 0.22907887399196625 0.6094992955525717 0.22057168185710907 0.6086232662200928
0 0.23954924941062927 0.6699428558349609 0.25329160690307617 0.6699428558349609 0.26114439964294434 0.6699428558349609 0.2683428227901459 0.6664389371871948 0.28077638149261475 0.6681908766428629 0.2958275377750397 0.6708188851674398 0.30368033051490784 0.6822067896525065 0.312187522649765 0.6848347981770834 0.31807711720466614 0.6708188851674398 0.33378270268440247 0.6699428558349609 0.3435986638069153 0.6743228435516357 0.34752506017684937 0.6839588483174642 0.35603225231170654 0.6944707234700521 0.36519384384155273 0.7023545900980631 0.3717378079891205 0.7260065078735352 0.3632306456565857 0.732138474782308 0.35079705715179443 0.7251304785410563 0.34621626138687134 0.7172466119130453 0.3403266668319702 0.7111146450042725 0.33247387409210205 0.7128665447235107 0.33640027046203613 0.7338903745015463 0.33705466985702515 0.7444023291269938 0.3318195044994354 0.7592942714691162 0.3298563063144684 0.7882021268208822 0.3298563063144684 0.7952101230621338 0.31349632143974304 0.7855741182963053 0.3017171323299408 0.7715582052866617 0.31284192204475403 0.7636743386586508 0.30956992506980896 0.7435263792673746 0.30106276273727417 0.7137425740559896 0.293209969997406 0.7041066487630209 0.2794675827026367 0.69622270266215 0.25656363368034363 0.6953466733296713 0.2408580332994461 0.6953466733296713 0.2402036488056183 0.6857107480367025
0 0.0009765625 0.66205894947052 0.003965657204389572 0.6629348993301392 0.009855247102677822 0.6795788606007894 0.00854644924402237 0.6944707234700521 0.0013480616034939885 0.6997266610463461 0.0009765625 0.6988507111867269
0 0.0009765625 0.7960860729217529 0.010509645566344261 0.792582114537557 0.02556082047522068 0.7855741182963053 0.028178414329886436 0.7934581438700358 0.026215218007564545 0.8030940691630045 0.016399236395955086 0.8101019064585367 0.015090438537299633 0.8188619613647461 0.010509645566344261 0.8320018450419108 0.007237651385366917 0.8390097618103027 0.010509645566344261 0.8503976662953695 0.005274455063045025 0.8539017041524252 0.0009765625 0.8451417287190756 0.0009765625 0.8249939282735189
0 0.06613355129957199 0.7882021268208822 0.08380232006311417 0.7487823168436686 0.09230950474739075 0.7452784379323324 0.09427270293235779 0.7338903745015463 0.0949270948767662 0.7225025494893392 0.113904669880867 0.691842794418335 0.11586786061525345 0.7006026903788248 0.1093238815665245 0.7216265996297201 0.10212548077106476 0.7408984502156576 0.0995078906416893 0.7557903925577799 0.09361830353736877 0.7689302762349447 0.09296390414237976 0.7846981684366862 0.08314792066812515 0.792582114537557 0.07464073598384857 0.7960860729217529
0 0.13811743259429932 0.7102386156717936 0.15447740256786346 0.701478640238444 0.16756537556648254 0.7111146450042725 0.1799989491701126 0.7242545286814371 0.17869016528129578 0.7391463915506998 0.16756537556648254 0.7531623840332031 0.17149177193641663 0.7698062260945638 0.16952857375144958 0.7794421513875326 0.15774938464164734 0.792582114537557 0.14858780801296234 0.8013420104980469 0.13811743259429932 0.8039700190226237 0.13026463985443115 0.8092259565989176 0.12110305577516556 0.8065980275472006 0.11521346122026443 0.797838052113851 0.10997827351093292 0.7873261769612631 0.12699264287948608 0.7776901721954346 0.13484543561935425 0.7601703008015951 0.13877183198928833 0.7444023291269938 0.13942621648311615 0.7312624454498291
0 0.31284192204475403 0.4562002817789714 0.3259299099445343 0.4518203337987264 0.3390178680419922 0.45532429218292236 0.34752506017684937 0.464960257212321 0.3534146547317505 0.4798521200815837 0.3547234535217285 0.4921160538991292 0.3449074625968933 0.4798521200815837 0.32723867893218994 0.4754721323649089 0.31807711720466614 0.47372015317281085
0 0.2879747450351715 0.5183959007263184 0.30498915910720825 0.5131398836771647 0.31807711720466614 0.505255937576294 0.3252755105495453 0.4929920434951782 0.330510675907135 0.4947440226872762 0.32723867893218994 0.5113879442214966 0.3167683184146881 0.5201478799184164 0.30368033051490784 0.5350397427876791 0.2971363663673401 0.531535784403483
0 0.329201877117157 0.5201478799184164 0.33312827348709106 0.5 0.3390178680419922 0.502627968788147 0.3547234535217285 0.5035039583841959 0.3625762462615967 0.5061319669087728 0.36977460980415344 0.5262798070907593 0.37500983476638794 0.5324118137359619 0.36650264263153076 0.5490556955337524 0.3540690541267395 0.5665755271911621 0.3619218170642853 0.5744594732920328 0.37500983476638794 0.5569396018981934 0.38024500012397766 0.562195618947347 0.38024500012397766 0.5805915196736654 0.38024500012397766 0.597235361735026 0.3808993995189667 0.6094992955525717 0.3723922371864319 0.62789519627889 0.3678114116191864 0.6462910970052084 0.35995861887931824 0.6480430364608765 0.3534146547317505 0.6287711461385092 0.34163549542427063 0.6138792832692465 0.3259299099445343 0.6121272246042887 0.3174227178096771 0.597235361735026 0.312187522649765 0.5919794241587321 0.31415072083473206 0.5692035357157389 0.32854747772216797 0.560443639755249 0.33770909905433655 0.5508076349894205 0.3396722972393036 0.5411717096964518 0.33770909905433655 0.5306597948074341
0 0.40249454975128174 0.6270191669464111 0.39791378378868103 0.6568030118942261 0.4116561710834503 0.6716949144999186 0.4208177328109741 0.6874628067016602 0.4240897297859192 0.7128665447235107 0.4253985583782196 0.73038649559021 0.4397953152656555 0.7365184624989828 0.44633930921554565 0.7400224208831787 0.4522289037704468 0.7487823168436686 0.4613904654979706 0.7522862752278646 0.47447845339775085 0.7575422922770182 0.47905924916267395 0.7496583461761475 0.4770960509777069 0.7286345163981119 0.46989765763282776 0.7207504908243815 0.4587728679180145 0.7163705825805664 0.4483025074005127 0.7172466119130453 0.43586891889572144 0.6979747613271078 0.4214721620082855 0.6760748227437338 0.4155825674533844 0.6532989740371704 0.416236937046051 0.633151133855184 0.4116561710834503 0.6208872000376383
0 0.43652331829071045 0.7496583461761475 0.4391408860683441 0.7408984502156576 0.4437216818332672 0.7444023291269938 0.44633930921554565 0.7549142837524414 0.4430672824382782 0.7715582052866617 0.4384865164756775 0.7601703008015951
0 0.46989765763282776 0.7111146450042725 0.481022447347641 0.6953466733296713 0.4849488437175751 0.6909667650858561 0.48822081089019775 0.6769508520762125 0.4960736036300659 0.6603069305419922 0.5052351951599121 0.6778268019358317 0.5124335885047913 0.7006026903788248 0.5163599252700806 0.7111146450042725 0.4960736036300659 0.7058586279551188 0.5045807957649231 0.7233784993489584 0.5150511860847473 0.732138474782308 0.5130879878997803 0.7549142837524414 0.5215951800346375 0.7601703008015951 0.5261759161949158 0.7435263792673746 0.5320655107498169 0.7338903745015463 0.5458078980445862 0.7312624454498291 0.5543150901794434 0.7382704416910807 0.5562782883644104 0.7496583461761475 0.5543150901794434 0.7698062260945638 0.5516974925994873 0.7811941305796305 0.5346831679344177 0.7855741182963053 0.5130879878997803 0.7908300558725992 0.5045807957649231 0.7890780766805013 0.4908384382724762 0.770682175954183 0.4816768169403076 0.7636743386586508 0.48298564553260803 0.7435263792673746 0.48364001512527466 0.7312624454498291 0.4797136187553406 0.7216265996297201
0 0.0009765625 0.9388642311096191 0.00967339240014553 0.9420773983001709 0.017274487763643265 0.9458261330922445 0.011673681437969208 0.95546555519104 0.00887327827513218 0.970995823542277 0.0060728746466338634 0.9902748266855875 0.004072586540132761 1.0 0.0009765625 1.0
0 0.03367684781551361 0.8874537150065104 0.03567713871598244 0.8735299905141195 0.044878460466861725 0.8563931783040365 0.053679730743169785 0.8355075518290201 0.06408122926950455 0.8317588170369467 0.07528284192085266 0.839256207148234 0.08288393169641495 0.8467536767323812 0.08728457242250443 0.8553220431009928 0.07488278299570084 0.8735299905141195 0.06928197294473648 0.8949510256449381 0.05928053334355354 0.9061971505482992 0.05127938464283943 0.9163721402486166 0.041277945041656494 0.907268206278483 0.03647725284099579 0.8965576489766439
0 0.059680595993995667 0.9158366521199545 0.07288249582052231 0.9040549596150717 0.07888335734605789 0.8965576489766439 0.08048359304666519 0.9067326386769613 0.08008353412151337 0.9190498193105062 0.07288249582052231 0.9238695303599039
0 0.07608295232057571 0.8885246912638346 0.08168376237154007 0.8724588553110758 0.08928485959768295 0.861748456954956 0.09488566219806671 0.8569286664326986 0.11168808490037918 0.8644259770711263 0.12248963862657547 0.8703168233235677 0.12008929252624512 0.8853115240732828 0.11408843100070953 0.9008418718973795 0.12168952077627182 0.9163721402486166 0.12689027190208435 0.9286892414093018 0.12328975647687912 0.9351155757904053 0.11608871817588806 0.9388642311096191 0.10448704659938812 0.9270826975504557 0.08968491107225418 0.9136945406595866 0.08328399062156677 0.911552349726359 0.08448416739702225 0.898699680964152
0 0.07368261367082596 0.8301523526509603 0.07408266514539719 0.822119394938151 0.07368261367082596 0.8124798933664957 0.07368261367082596 0.8006983598073324 0.0820838212966919 0.8006983598073324 0.09128514677286148 0.8071246147155762 0.09728600829839706 0.8167641162872314 0.09728600829839706 0.8322944641113281 0.09088508784770966 0.8397917747497559 0.09688594937324524 0.8510378201802572 0.10208670794963837 0.8579996426900228 0.08768462389707565 0.8456826210021973 0.07768318802118301 0.8333654403686523
0 0.09848617762327194 0.8387207190195719 0.10168664157390594 0.8290812174479166 0.10288681834936142 0.811944325764974 0.10768751055002213 0.8071246147155762 0.11288825422525406 0.8049825032552084 0.12248963862657547 0.811944325764974 0.13209103047847748 0.8130153814951578 0.1372917741537094 0.8108733495076498 0.1480933278799057 0.8065891265869141 0.1544942408800125 0.8060535589853922 0.15729466080665588 0.8183706601460775 0.16289545595645905 0.8237259387969971 0.17249684035778046 0.8290812174479166 0.180898055434227 0.8371140956878662 0.1872989684343338 0.8413983980814616 0.1904994398355484 0.853179931640625 0.1953001171350479 0.8740655581156412 0.19409994781017303 0.8820983568827311 0.17409707605838776 0.881562868754069 0.16449569165706635 0.8783497015635172 0.15729466080665588 0.8687101999918619 0.14689314365386963 0.8628194332122803 0.13529148697853088 0.8628194332122803 0.12849050760269165 0.8644259770711263 0.11728888750076294 0.8606773217519125 0.1104879081249237 0.8569286664326986 0.10448704659938812 0.853179931640625 0.10168664157390594 0.8462181091308594
0 0.22450432181358337 0.8387207190195719 0.22770477831363678 0.8306878407796224 0.23850634694099426 0.8365786075592041 0.2485077828168869 0.8467536767323812 0.2513081729412079 0.8547865549723307 0.24970795214176178 0.8638904889424642 0.24010656774044037 0.8633550008138021 0.23370565474033356 0.8510378201802572
0 0.2549087107181549 0.8451469739278158 0.2653101980686188 0.8413983980814616 0.2809124290943146 0.8387207190195719 0.2845129668712616 0.834972063700358 0.2873133718967438 0.8237259387969971 0.2877134382724762 0.8156930605570475 0.28491300344467163 0.8065891265869141 0.2845129668712616 0.7910588582356771 0.29171401262283325 0.7712443669637045 0.3033156991004944 0.7819549242655436 0.3109167516231537 0.7899878025054932 0.3209182024002075 0.7958785692850748 0.3317197859287262 0.8044470151265463 0.33091965317726135 0.8135510285695394 0.3273191452026367 0.8285457293192545 0.32451874017715454 0.839256207148234 0.32291850447654724 0.8574641545613607 0.3189179301261902 0.8751365343729655 0.3161174952983856 0.8879892031351725 0.3093165457248688 0.8912022908528646 0.3033156991004944 0.8922734260559082 0.29131394624710083 0.8826339244842529 0.27771198749542236 0.8826339244842529 0.2673105001449585 0.8810273806254069 0.25570881366729736 0.8687101999918619 0.25530874729156494 0.8547865549723307
0 0.3345201909542084 0.8103377819061279 0.3461218476295471 0.8108733495076498 0.3617241084575653 0.8114088376363119 0.3661247193813324 0.8162286281585693 0.3613240122795105 0.8215839068094889 0.3445216119289398 0.8290812174479166 0.32931941747665405 0.8344364960988363 0.3329199254512787 0.822119394938151
0 0.413331538438797 0.8724588553110758 0.4145316779613495 0.8649615446726481 0.4257332980632782 0.8665680885314941 0.44213566184043884 0.866032600402832 0.45133697986602783 0.8649615446726481 0.45413738489151 0.8820983568827311 0.45293721556663513 0.898699680964152 0.4509369432926178 0.9040549596150717 0.44253572821617126 0.9040549596150717 0.43093404173851013 0.8949510256449381 0.41693201661109924 0.8879892031351725 0.4129314422607422 0.879956324895223
0 0.23010513186454773 0.8906668027242025 0.2405066341161728 0.8729945023854574 0.2453073263168335 0.8681747118631998 0.2529084086418152 0.8735299905141195 0.2609095871448517 0.8788852691650391 0.2689107358455658 0.8890602588653564 0.26971083879470825 0.8981641928354899 0.2653101980686188 0.9099458058675131 0.2657102644443512 0.9201207955678304 0.25730904936790466 0.9201207955678304 0.24810773134231567 0.912623405456543 0.23970651626586914 0.9035194714864095 0.2345057725906372 0.8960220813751221
0 0.5601526498794556 0.7471456527709961 0.5673536658287048 0.7284022172292074 0.5745547413825989 0.7192982037862142 0.5849562287330627 0.7176916599273682 0.5849562287330627 0.736970583597819 0.5837560296058655 0.7632114092508951 0.5841561555862427 0.7755285898844401 0.578955352306366 0.7889167467753092 0.5689539313316345 0.7915943463643392 0.5593525171279907 0.7889167467753092 0.5577523708343506 0.7840970357259115 0.5565521717071533 0.7733864784240723 0.5589525103569031 0.7605338096618652
0 0.4681394100189209 0.8515733877817789 0.47494038939476013 0.834972063700358 0.4929429888725281 0.8376496632893881 0.5069449543952942 0.8440759976704916 0.5125458240509033 0.8505023320515951 0.5137460231781006 0.8654971122741699 0.5209469795227051 0.8820983568827311 0.5229473114013672 0.8938799699147543 0.5209469795227051 0.9104813734690348 0.5145460963249207 0.924405018488566 0.5065449476242065 0.9233339627583822 0.5053447484970093 0.9013773600260416 0.49894386529922485 0.8874537150065104 0.49414315819740295 0.8762076695760092 0.485341876745224 0.8601418336232504 0.4789409637451172 0.8563931783040365
0 0.5157462954521179 0.8467536767323812 0.5229473114013672 0.8355075518290201 0.5305483937263489 0.8328299522399902 0.5437503457069397 0.8494312763214111 0.5481509566307068 0.8601418336232504 0.5549519062042236 0.853179931640625 0.5629530549049377 0.836043119430542 0.5713542699813843 0.8226548830668131 0.5781552791595459 0.8194417953491211 0.5889568328857422 0.822119394938151 0.5961578488349915 0.836043119430542 0.5901570320129395 0.8472891648610433 0.5893568396568298 0.8612128893534342 0.5865564942359924 0.8692457675933838 0.5745547413825989 0.8735299905141195 0.5625529885292053 0.8917379379272461 0.555351972579956 0.8965576489766439 0.5477508902549744 0.9008418718973795 0.5405498147010803 0.9008418718973795 0.5353490710258484 0.89280899365743 0.5273479223251343 0.8890602588653564 0.5205469727516174 0.8719233671824137 0.5157462954521179 0.8553220431009928
2 0.5489510297775269 0.8692457675933838 0.5525515675544739 0.8649615446726481 0.5561521053314209 0.8676392237345377 0.5541518330574036 0.8724588553110758
0 0.49854376912117004 0.9335090319315592 0.5177465677261353 0.9377932548522949 0.5325486660003662 0.9179786841074625 0.5401498079299927 0.907268206278483 0.5521515011787415 0.9061971505482992 0.5645533204078674 0.911552349726359 0.5745547413825989 0.9158366521199545 0.5761550068855286 0.9302957852681478 0.582555890083313 0.9345800081888834 0.5785553455352783 0.9442195097605387 0.5593525171279907 0.9629629453023275 0.5517514944076538 0.9742089907328287 0.5485510230064392 0.9908103148142496 0.5409498810768127 0.9908103148142496 0.533348798751831 0.9768865903218588 0.5153461694717407 0.967782735824585 0.49854376912117004 0.9613563219706217 0.4965434968471527 0.9490393002827963
0 0.3253188729286194 0.8606773217519125 0.3365204632282257 0.8590707778930664 0.347322016954422 0.8419338862101237 0.356523334980011 0.8322944641113281 0.3617241084575653 0.8333654403686523 0.36372438073158264 0.8446114857991537 0.3645244836807251 0.8622839450836182 0.3721255958080292 0.8847760359446207 0.38132691383361816 0.8933444817860922 0.3769262731075287 0.9110168615976969 0.37172552943229675 0.9270826975504557 0.3725256323814392 0.9490393002827963 0.3837272524833679 0.9613563219706217 0.39692917466163635 0.9624274571736654 0.4009297490119934 0.9543944994608561 0.4025299549102783 0.9474326769510905 0.41373157501220703 0.9501102765401205 0.41693201661109924 0.9640339215596517 0.4161319434642792 0.9774221579233805 0.40893086791038513 0.9859906832377116 0.3977292776107788 0.9881327152252197 0.39052823185920715 1.0 0.37932661175727844 1.0 0.36422842741012573 1.0 0.3505224883556366 1.0 0.35612326860427856 0.9892037709554037 0.34932228922843933 0.9790287812550863 0.34052103757858276 0.967782735824585 0.33532026410102844 0.9597498575846354 0.33572036027908325 0.9501102765401205 0.34012097120285034 0.938328742980957 0.3205181658267975 0.9356511433919271 0.3145172894001007 0.9195853074391683 0.31051671504974365 0.8997708956400553 0.3189179301261902 0.8933444817860922 0.32291850447654724 0.8794207572937012 0.3241186738014221 0.8719233671824137
0 0.5249475836753845 1.0 0.5357491970062256 0.9983077049255371 0.5489510297775269 0.997772216796875 0.5565521717071533 1.0 0.5389496088027954 1.0
0 0.34932228922843933 0.0032988457630077996 0.35292282700538635 0.0013020833333333333 0.3613240122795105 0.0013020833333333333 0.3661247193813324 0.0016922648064792156 0.37492600083351135 0.00918964110314846 0.3725256323814392 0.03810809055964152 0.3585236072540283 0.04453441003958384 0.35292282700538635 0.06381337841351827 0.3517226576805115 0.07666602730751038 0.35452303290367126 0.08737655480702718 0.34972235560417175 0.1013002594312032 0.3409211039543152 0.10504895448684692 0.33692052960395813 0.08791209260622661 0.3409211039543152 0.06220679481824239 0.34812211990356445 0.042927831411361694 0.3521226942539215 0.02204228440920512
0 0.22285723686218262 0.17616424957911173 0.24911868572235107 0.15471424659093222 0.258465975522995 0.14816007018089294 0.26158174872398376 0.13683921098709106 0.27181926369667053 0.12909337878227234 0.28116652369499207 0.12849754095077515 0.28828829526901245 0.13803088665008545 0.28294697403907776 0.15411839882532755 0.25802087783813477 0.1690142552057902 0.23977139592170715 0.1833142638206482 0.2259729951620102 0.1916559338569641
0 0.5887369513511658 1.0 0.6118826270103455 0.9894775549570719 0.6216750144958496 0.9864984353383383 0.6305772662162781 0.9972233772277832 0.650607168674469 1.0 0.660844624042511 0.993648370107015 0.6724175214767456 0.9924567540486654 0.6777588129043579 0.9954359531402588 0.6746429800987244 1.0 0.6230103969573975 1.0 0.6043157577514648 1.0
0 0.6247907876968384 0.9781567255655924 0.6314674615859985 0.9727942148844401 0.6439304947853088 0.9817317326863607 0.6541680097579956 0.9924567540486654 0.6439304947853088 0.9966275691986084 0.6332479119300842 0.9930525620778402
0 0.6283516883850098 0.9698150952657064 0.6372538208961487 0.9680275917053223 0.6434853672981262 0.9751776059468588 0.653722882270813 0.9823276201883951 0.6599544286727905 0.9876900513966879 0.6612897515296936 0.9704109032948812 0.6595093011856079 0.9441941579182943 0.6661859154701233 0.9334691365559896 0.6661859154701233 0.920360803604126 0.6710821390151978 0.9054649670918783 0.6630702018737793 0.8685232798258463 0.6626250743865967 0.8542232513427734 0.650607168674469 0.8476690451304117 0.6443755626678467 0.8518398602803549 0.6417049169540405 0.8619690736134847 0.6403696537017822 0.8720982869466146 0.6341381072998047 0.8798441092173258 0.6359185576438904 0.900102456410726 0.6359185576438904 0.9173816045125326 0.6314674615859985 0.9400233427683512 0.6243456602096558 0.95253586769104
0 0.561140239238739 0.6266147295633951 0.561140239238739 0.6117188930511475 0.5660364031791687 0.6069521903991699 0.5749385952949524 0.6033772230148315 0.5793896913528442 0.6015896797180176 0.5798347592353821 0.5890771547953287 0.5882918834686279 0.5855022271474203 0.5963038206100464 0.5920563538869222 0.6092119812965393 0.5914604663848877 0.6154435276985168 0.5884813467661539 0.6234554648399353 0.5944396654764811 0.6283516883850098 0.6081438859303793 0.6261261105537415 0.6236355304718018 0.6207848191261292 0.6295938491821289 0.6052059531211853 0.6355522473653158 0.5963038206100464 0.6361480553944906 0.5869565010070801 0.6295938491821289 0.5798347592353821 0.63733971118927 0.5700423717498779 0.6379355192184448 0.5629206299781799 0.6343605518341064
0 0.5914075970649719 0.7177773316701254 0.6012000441551208 0.6993064085642496 0.6052059531211853 0.6861980756123861 0.603870689868927 0.6689189275105795 0.6234554648399353 0.6581939458847046 0.6501620411872864 0.6510438919067383 0.6657408475875854 0.6498522758483887 0.6741979122161865 0.6599814097086588 0.6813196539878845 0.673685630162557 0.6795392036437988 0.6850064595540365 0.6715272665023804 0.6909648577372233 0.6773136854171753 0.7058606147766113 0.6764234304428101 0.7219481468200684 0.6684114933013916 0.7374397913614908 0.660844624042511 0.740419069925944 0.6532778143882751 0.7320772806803385 0.6403696537017822 0.7267148494720459 0.6399244666099548 0.7195647557576498 0.6247907876968384 0.720756451288859 0.6172239184379578 0.7130106290181478 0.606986403465271 0.712414820988973 0.5963038206100464 0.7177773316701254
0 0.7765730023384094 0.9721984068552653 0.7868105173110962 0.9471733570098877 0.797048032283783 0.9239358107248942 0.8072855472564697 0.9239358107248942 0.8068404197692871 0.940619150797526 0.8019442558288574 0.9644525051116943 0.7943773865699768 0.9757734139760336
0 0.8188583850860596 0.9960317611694336 0.8170779347419739 0.9781567255655924 0.8219741582870483 0.9543233712514242 0.8282057046890259 0.9519400596618652 0.8384432196617126 0.9584942658742269 0.8442295789718628 0.9614733854929606 0.8393334150314331 0.9787525335947672 0.8335469961166382 0.9876900513966879 0.8313214182853699 1.0 0.8241996765136719 1.0
0 0.8353274464607239 1.0 0.836662769317627 0.9906691710154215 0.845119833946228 0.9859025478363037 0.8473453521728516 0.9686233997344971 0.8526867032051086 0.9650484720865885 0.8647046089172363 0.9727942148844401 0.8727166056632996 0.9805400371551514 0.8709361553192139 1.0 0.8606986403465271 1.0 0.845119833946228 1.0
0 0.7463056445121765 0.8995067278544108 0.7565430998802185 0.8691191673278809 0.7716768383979797 0.8446899255116781 0.7796887755393982 0.8333690961201986 0.7979382276535034 0.8381357192993164 0.8144072890281677 0.840519110361735 0.8210839629173279 0.8351565996805826 0.846900224685669 0.8393274943033854 0.8575829267501831 0.8387315273284912 0.8558024764060974 0.8494566281636556 0.8491258025169373 0.8548190593719482 0.8446747064590454 0.8673316637674967 0.8504611253738403 0.8744815985361735 0.846900224685669 0.8846108118693033 0.8317665457725525 0.8858025074005127 0.8224192261695862 0.8828233083089193 0.8121817111968994 0.8846108118693033 0.8050599694252014 0.8863983154296875 0.7961578369140625 0.8822275002797445 0.7836948037147522 0.8822275002797445 0.7756827473640442 0.897719144821167 0.762774646282196 0.9078482786814371 0.7569882273674011 0.9066566626230875
0 0.9239041209220886 0.940619150797526 0.9283552169799805 0.9209566911061605 0.9452694058418274 0.9114232858022054 0.9577324390411377 0.9126149813334147 0.9684150218963623 0.9066566626230875 0.9844390153884888 0.9108274777730306 0.9897803068161011 0.9239358107248942 0.9928960204124451 0.9352567195892334 1.0 0.9447900454203287 1.0 0.9954359531402588 1.0 1.0 0.9942314028739929 0.9954359531402588 0.9795427918434143 0.9835192362467448 0.9586226344108582 0.9716025988260905 0.9381476044654846 0.9555150667826334
0 0.7133675217628479 0.5545188188552856 0.7369583249092102 0.5449854532877604 0.7454153895378113 0.5479646523793539 0.7476409077644348 0.5592854817708334 0.7422996163368225 0.5622646808624268 0.728946328163147 0.5694146951039633 0.7200441360473633 0.5735855102539062
0 0.7222697138786316 0.5795438289642334 0.7405191659927368 0.5700105031331381 0.7494213581085205 0.5634562969207764 0.7556528449058533 0.5765646696090698 0.7632197141647339 0.5938438574473063 0.7672257423400879 0.6051646868387858 0.7650001645088196 0.6123147010803223 0.7694512605667114 0.6301897366841634 0.7712317109107971 0.643298069636027 0.7618844509124756 0.6456813812255859 0.7476409077644348 0.6361480553944906 0.727165937423706 0.6325730482737223 0.7169284224510193 0.634956439336141 0.7236050367355347 0.621252179145813 0.7267208099365234 0.5968230565388998
0 0.7427447438240051 0.5348562399546305 0.7485311031341553 0.5175770918528239 0.7672257423400879 0.5271104574203491 0.777018129825592 0.5378354787826538 0.7877007126808167 0.5461771488189697 0.793042004108429 0.5491563081741333 0.7877007126808167 0.5628604888916016 0.7894811630249023 0.5866938432057699 0.7796887755393982 0.5890771547953287 0.7783534526824951 0.5831187963485718 0.7676708102226257 0.582522988319397 0.7583234906196594 0.5747771263122559 0.7547626495361328 0.559881329536438 0.7512017488479614 0.5503479242324829 0.7494213581085205 0.5426021416982015
0 0.7908165454864502 0.5390271345774332 0.7859203219413757 0.5283021132151285 0.7894811630249023 0.5140020847320557 0.7921518087387085 0.4931479295094808 0.8050599694252014 0.4949354330698649 0.8210839629173279 0.4997020959854126 0.8286507725715637 0.5122145811716715 0.8184133172035217 0.5253229141235352 0.804169774055481 0.5336645841598511
0 0.7934871912002563 0.5658396482467651 0.8090659976005554 0.5723938147226969 0.8215290307998657 0.5801396369934082 0.8304312229156494 0.5819271802902222 0.8286507725715637 0.5896729628245035 0.81974858045578 0.5932480096817017 0.8135170936584473 0.6039730310440063 0.8135170936584473 0.6158896684646606 0.8023893237113953 0.6194647153218588 0.7961578369140625 0.6176772117614746 0.789926290512085 0.5962271690368652 0.7943773865699768 0.5837146441141764
0 0.7645550966262817 0.45382289091746014 0.7641099691390991 0.4192644755045573 0.773012101650238 0.4103270371754964 0.7823594212532043 0.3984103202819824 0.8006088733673096 0.4007936318715413 0.816632866859436 0.40436863899230957 0.8299860954284668 0.4079436461130778 0.8428943157196045 0.41628531614939374 0.8477904796600342 0.42760618527730304 0.845119833946228 0.43594781557718915 0.8290959000587463 0.44607702891031903 0.8175230622291565 0.4520353476206462 0.811291515827179 0.4573978583017985 0.8028344511985779 0.45501454671223956 0.7939322590827942 0.4442895253499349 0.7805789709091187 0.44726868470509845
0 0.8090659976005554 0.4895729223887126 0.8139621615409851 0.4681228796641032 0.8219741582870483 0.452631155649821 0.8388882875442505 0.4502478837966919 0.846900224685669 0.44607702891031903 0.8558024764060974 0.43713951110839844 0.8606986403465271 0.43654370307922363 0.8615888357162476 0.452631155649821 0.8638144135475159 0.4633562167485555 0.858027994632721 0.48421037197113037 0.8566926717758179 0.4985104401906331 0.8549122214317322 0.5038729508717855 0.8406687378883362 0.5062562624613444 0.8322116136550903 0.5110229253768921 0.8277605175971985 0.500893751780192 0.8206388354301453 0.4919562339782715
0 0.7979382276535034 0.6319772005081177 0.8046149015426636 0.6224438349405924 0.8130719661712646 0.6194647153218588 0.8184133172035217 0.6313813924789429 0.8215290307998657 0.6456813812255859 0.8184133172035217 0.6522355874379476 0.8077306151390076 0.6444896856943766
0 0.7253854870796204 0.7678273518880209 0.7311718463897705 0.7433981895446777 0.743189811706543 0.7255231539408366 0.7534273266792297 0.712414820988973 0.7654452919960022 0.7076481183369955 0.7681159377098083 0.718968947728475 0.7681159377098083 0.735056479771932 0.7681159377098083 0.7517398198445638 0.754317581653595 0.7582939465840658 0.7440800666809082 0.7606773376464844 0.736068069934845 0.7684232393900553
0 0.7939322590827942 0.7714023590087891 0.7979382276535034 0.7731898625691732 0.8099561929702759 0.756506601969401 0.8295409679412842 0.7273106575012207 0.8393334150314331 0.7100315093994141 0.8491258025169373 0.7034773031870524 0.8553573489189148 0.6927522023518881 0.8647046089172363 0.6909648577372233 0.8647046089172363 0.6802398363749186 0.865149736404419 0.6671314239501953 0.8691557049751282 0.661768913269043 0.8544670939445496 0.6492563883463541 0.8433393836021423 0.6492563883463541 0.8357725739479065 0.6599814097086588 0.8402236700057983 0.6718980471293131 0.8442295789718628 0.6814314524332682 0.8446747064590454 0.688581387201945 0.836662769317627 0.6981147925059 0.8304312229156494 0.7052648067474365 0.8233094811439514 0.7165855566660563 0.8121817111968994 0.7219481468200684 0.8063953518867493 0.736843983332316 0.7997186779975891 0.751144011815389 0.7992736101150513 0.7612732251485189
0 0.9136666059494019 0.8053648471832275 0.923458993434906 0.7910648981730143 0.9408182501792908 0.8000024159749349 0.9519460201263428 0.8065565427144369 0.9652993083000183 0.8065565427144369 0.9679699540138245 0.7976190249125162 0.9661895632743835 0.7749773661295573 0.9652993083000183 0.7648481527964274 0.9648541808128357 0.755314826965332 0.9626286029815674 0.739227294921875 0.9733112454414368 0.7362481753031412 0.9871096611022949 0.7547190189361572 0.9902253746986389 0.7636565367380778 0.9817683696746826 0.7696148554484049 0.9866645336151123 0.7916606267293295 0.9942314028739929 0.7934482097625732 1.0 0.7749773661295573 1.0 0.7891075611114502 1.0 0.8113232453664144 0.9955666661262512 0.8297940889994303 0.9866645336151123 0.8518398602803549 0.9786525964736938 0.8482649326324463 0.9675248265266418 0.8446899255116781 0.9719759225845337 0.8548190593719482 0.9826585650444031 0.8667357762654623 0.9995726943016052 0.8863983154296875 0.988444983959198 0.9048691590627035 0.9782074093818665 0.9036774635314941 0.9693052768707275 0.8965274492899576 0.9479400515556335 0.8762691815694174 0.9350318908691406 0.8601816495259603 0.9381476044654846 0.8351565996805826 0.9292454719543457 0.8238356908162435 0.9194530844688416 0.8154940605163574
0 0.8224192261695862 0.05520997444788615 0.8255350589752197 0.054614136616388954 0.83799809217453 0.06593498587608337 0.8464551568031311 0.08202250301837921 0.8558024764060974 0.09155584375063579 0.8682655096054077 0.09811002016067505 0.8771676421165466 0.12551838159561157 0.8802834749221802 0.13564755519231161 0.8829541206359863 0.15471424659093222 0.8887404799461365 0.18033508459726968 0.8896307945251465 0.1886767546335856 0.8833991885185242 0.1886767546335856 0.8687105774879456 0.161268413066864 0.8517964482307434 0.13147672017415366 0.8406687378883362 0.11241002877553304 0.8344371914863586 0.09036417802174886 0.8299860954284668 0.07487249374389648
0 0.8687105774879456 0.21370180447896323 0.8820638656616211 0.1970184644063314 0.8967524766921997 0.19821012020111084 0.9047644734382629 0.1994017759958903 0.9016486406326294 0.18569759527842203 0.8994231224060059 0.17139760653177896 0.9065448641777039 0.16841842730840048 0.9127764105796814 0.16543924808502197 0.9096606969833374 0.15888508160909018 0.9101057648658752 0.14756423234939575 0.923458993434906 0.14696839451789856 0.9341416954994202 0.1517350673675537 0.9350318908691406 0.161268413066864 0.9372574090957642 0.1785475810368856 0.9421536326408386 0.18986843029658 0.9314709901809692 0.2089351216952006 0.9256845712661743 0.22681015729904175 0.9239041209220886 0.2357476552327474 0.9043192863464355 0.23634348313013712 0.8918562531471252 0.23634348313013712 0.8811736702919006 0.24289766947428384 0.8722714781761169 0.24289766947428384
0 0.9372574090957642 0.16603508591651917 0.9390378594398499 0.15411839882532755 0.9497205018997192 0.161268413066864 0.9639639854431152 0.17020591100056967 0.9755367636680603 0.17795175313949585 0.9728661179542542 0.19106010595957437 0.9581775069236755 0.19225178162256876 0.9497205018997192 0.19046429793039957 0.9430438280105591 0.17914342880249023 0.9394829869270325 0.17258926232655844
0 0.8980877995491028 0.24587682882944742 0.9087704420089722 0.24051431814829508 0.9225687980651855 0.2423018217086792 0.9341416954994202 0.2470684846242269 0.9443792104721069 0.2524309953053792 0.9390378594398499 0.25719767808914185 0.9252394437789917 0.25660185019175213 0.9123313426971436 0.25838935375213623 0.9016486406326294 0.25362269083658856
0 0.9225687980651855 0.32452690601348877 0.9270199537277222 0.30307690302530926 0.9372574090957642 0.3000977039337158 0.9434888958930969 0.3042685389518738 0.9448242783546448 0.3215477466583252 0.9510557651519775 0.3346560796101888 0.9612933397293091 0.3298894166946411 0.9684150218963623 0.33703939119974774 0.9759818911552429 0.3477644125620524 0.9782074093818665 0.3650436004002889 0.9911156296730042 0.37517281373341876 1.0 0.3817269404729207 1.0 0.3990061680475871 1.0 0.4067520300547282 0.9960118532180786 0.40615614255269367 0.9808780550956726 0.407347838083903 0.967079758644104 0.4025811354319255 0.96307373046875 0.38947280248006183 0.9510557651519775 0.388876994450887 0.9399280548095703 0.3769603172938029 0.9328063130378723 0.3608727852503459 0.9288003444671631 0.34657275676727295 0.9288003444671631 0.33703939119974774
0 0.826870322227478 0.6456813812255859 0.8424491286277771 0.6415105660756429 0.8535768985748291 0.6403188705444336 0.8615888357162476 0.6492563883463541 0.8713812828063965 0.6587897539138794 0.8785030245780945 0.6677272319793701 0.8900758624076843 0.6611730257670084 0.8994231224060059 0.6480647325515747 0.9016486406326294 0.6367439031600952 0.9034290909767151 0.6194647153218588 0.9069899916648865 0.6069521903991699 0.9038742184638977 0.6003979841868082 0.8842893838882446 0.5992063283920288 0.866485059261322 0.598610520362854 0.8504611253738403 0.6009938716888428 0.8353274464607239 0.6027813752492269 0.830876350402832 0.5974188645680746 0.8233094811439514 0.5980146725972494 0.81974858045578 0.6015896797180176 0.8193035125732422 0.6129105091094971 0.8206388354301453 0.6230396429697672
0 0.8375529646873474 0.5956313610076904 0.843784511089325 0.5884813467661539 0.8464551568031311 0.5837146441141764 0.8549122214317322 0.5753730138142904 0.8584731221199036 0.5664354562759399 0.8544670939445496 0.5569020907084147 0.8602535724639893 0.5461771488189697 0.8691557049751282 0.5431979497273763 0.8838443160057068 0.5277062654495239 0.8985329270362854 0.5086395740509033 0.9141117334365845 0.5092354615529379 0.9172275066375732 0.5306855042775472 0.9167824387550354 0.542006254196167 0.9109959602355957 0.5414104461669922 0.9052095413208008 0.5336645841598511 0.8958622813224792 0.5330687761306763 0.8869600296020508 0.5426021416982015 0.8900758624076843 0.5473688443501791 0.8998682498931885 0.5509437719980875 0.9060997366905212 0.5563062826792399 0.9087704420089722 0.5664354562759399 0.9083253145217896 0.5813313325246176 0.8967524766921997 0.5938438574473063 0.8874052166938782 0.5950354735056559 0.8633692860603333 0.5950354735056559 0.8455649614334106 0.5962271690368652
0 0.8967524766921997 0.6671314239501953 0.8967524766921997 0.6623647212982178 0.9052095413208008 0.661768913269043 0.9109959602355957 0.6718980471293131 0.9056546688079834 0.6760689417521158
0 0.8833991885185242 0.8923567136128744 0.8802834749221802 0.8756733735402426 0.8816187381744385 0.863160769144694 0.8869600296020508 0.8572023709615072 0.8971976041793823 0.8637565771738688 0.8980877995491028 0.8762691815694174 0.8958622813224792 0.9006983439127604
0 0.8685587048530579 0.43161125977834064 0.8740824460983276 0.41682275136311847 0.8771511912345886 0.4077853361765544 0.8796062469482422 0.39874792098999023 0.875309944152832 0.3929968277613322 0.8826749920845032 0.3888889153798421 0.8918812870979309 0.38560255368550617 0.9010875821113586 0.37738672892252606 0.9084526300430298 0.37820831934611004 0.915203869342804 0.4061421553293864 0.9231826663017273 0.4160011609395345 0.9164314270019531 0.4250386158625285 0.9041563272476196 0.43161125977834064 0.8974050283432007 0.4472213586171468 0.8974050283432007 0.46036676565806073 0.8900400400161743 0.4694041808446248 0.8857437372207642 0.4874790509541829 0.8759236931800842 0.483371098836263 0.8716274499893188 0.4628315369288127 0.8728548884391785 0.4505077600479126 0.8667174577713013 0.4422918955485026
0 0.8986325263977051 0.35849026838938397 0.9102938771247864 0.346988042195638 0.9237964153289795 0.36834923426310223 0.9330027103424072 0.3847809632619222 0.9348440170288086 0.40942851702372235 0.9336164593696594 0.4192875226338704 0.9262514114379883 0.4127148389816284 0.9176589250564575 0.4012126525243123 0.915203869342804 0.3823162317276001 0.9096800684928894 0.36670613288879395
0 0.9207276105880737 0.5121265649795532 0.9379127621650696 0.5047322909037272 0.9495740532875061 0.4809063673019409 0.9508015513420105 0.44557825724283856 0.9741241931915283 0.4529724915822347 0.9778066873550415 0.46776099999745685 0.9888542890548706 0.46858259042104083 0.9931504726409912 0.4751552740732829 0.9906955361366272 0.4956948757171631 0.9814892411231995 0.503089189529419 0.9636903405189514 0.5063754717508951 0.9477328062057495 0.5080186525980631 0.9372989535331726 0.5211640199025472 0.9330027103424072 0.5458115736643473 0.9262514114379883 0.5433467626571655 0.9237964153289795 0.5293798446655273
0 0.9109076261520386 0.5918203194936117 0.9280926585197449 0.5852476358413696 0.9532566070556641 0.5729238192240397 0.9593941569328308 0.5737454096476237 0.9624629020690918 0.5589569409688314 0.9722829461097717 0.5532058477401733 0.9698278903961182 0.5318446159362793 0.969214141368866 0.5121265649795532 0.9514153003692627 0.5129481554031372 0.9440503120422363 0.5186992883682251 0.9409815073013306 0.5326662063598633 0.9385265111923218 0.5441683530807495 0.9342302083969116 0.5532058477401733 0.9237964153289795 0.5523842573165894 0.9188863635063171 0.5573137601216634 0.9158176183700562 0.5688159465789795 0.9139763712882996 0.5827828645706177
0 0.9716691374778748 0.5909987290700277 0.9722829461097717 0.5704591274261475 0.9796479940414429 0.5614217122395834 0.9967796802520752 0.5521722634633383 1.0 0.5552630424499512 1.0 0.567982037862142 1.0 0.6017095247904459 0.983330488204956 0.6008577346801758
0 0.9164314270019531 0.5975713729858398 0.9391402006149292 0.5868908166885376 0.9526427984237671 0.5803180932998657 0.9618490934371948 0.5794965028762817 0.9655316472053528 0.5942850907643636 0.963076651096344 0.6033225059509277 0.9508015513420105 0.6066088676452637 0.9415952563285828 0.6148246924082438 0.9287064671516418 0.624683698018392 0.9219551682472229 0.6296132405598959 0.9127488732337952 0.6271484692891439 0.9139763712882996 0.6140031019846598
0 0.929320216178894 0.66740616162618 0.929320216178894 0.6517959833145142 0.9379127621650696 0.637829065322876 0.9477328062057495 0.6279700597127279 0.9569391012191772 0.6205757856369019 0.9624629020690918 0.6164678335189819 0.9765791893005371 0.6082519690195719 0.9900817275047302 0.6107167402903239 0.9870129823684692 0.6213973760604858 0.9716691374778748 0.6287916501363119 0.9618490934371948 0.635364294052124 0.9520291090011597 0.6575470765431722 0.9483465552330017 0.6706924438476562 0.9409815073013306 0.6715139547983805
1 0.0009765625 0.038893818855285645 0.0037807184271514416 0.038072233398755394 0.006235729902982712 0.04710966348648071 0.0009765625 0.055325513084729515 0.0009765625 0.04793124397595724
1 0.0009765625 0.06189819176991781 0.011759507469832897 0.0520391712586085 0.021579554304480553 0.042180160681406655 0.03324086219072342 0.03232114017009735 0.04306090995669365 0.026570046941439312 0.052267201244831085 0.0331427256266276 0.05472221598029137 0.05614709357420603 0.053494710475206375 0.08161622285842896 0.057790979743003845 0.11283644040425618 0.057790979743003845 0.12105228503545125 0.051039695739746094 0.13008972009023032 0.04060589522123337 0.13419763247172037 0.025875825434923172 0.11612277229626973 0.016669532284140587 0.11283644040425618 0.013600765727460384 0.08983205755551656 0.00991824734956026 0.07668671011924744
1 0.047970935702323914 0.1407703161239624 0.05717722699046135 0.13173290093739828 0.06576976925134659 0.1259817878405253 0.08049983531236649 0.12762495875358582 0.08540986478328705 0.13255447149276733 0.08663737028837204 0.153094083070755 0.09338865429162979 0.1687041918436686 0.08540986478328705 0.17281212409337363 0.07313480228185654 0.16541786988576254 0.060859743505716324 0.15227250258127847
1 0.63287752866745 0.3929968277613322 0.6384013295173645 0.3847809632619222 0.6512901186943054 0.36917086442311603 0.6617239117622375 0.3576686779658 0.6703164577484131 0.356025497118632 0.6844327449798584 0.36588454246520996 0.6905702948570251 0.3757435083389282 0.6832053065299988 0.39217523733774823 0.6647927165031433 0.3905320962270101 0.6494488716125488 0.3905320962270101
1 0.4131539762020111 0.3839593728383382 0.4284977614879608 0.38724573453267414 0.4420003592967987 0.38067305088043213 0.457957923412323 0.36834923426310223 0.46655046939849854 0.356025497118632 0.4690054655075073 0.33548589547475177 0.46593672037124634 0.3248052994410197 0.44997912645339966 0.32891321182250977 0.4450691044330597 0.3165894349416097 0.43831783533096313 0.3067304293314616 0.4291115403175354 0.31905418634414673 0.42542898654937744 0.34205857912699383 0.41867774724960327 0.35849026838938397 0.4162226915359497 0.37492191791534424
1 0.35239240527153015 0.46529626846313477 0.3560749292373657 0.4628315369288127 0.36528119444847107 0.4735120932261149 0.3714187443256378 0.4883006413777669 0.36221247911453247 0.49076541264851886 0.3591437041759491 0.4883006413777669 0.3573024272918701 0.47926318645477295
1 0.0009765625 0.3361436128616333 0.005696349311619997 0.3366012970606486 0.014586211182177067 0.3439244826634725 0.005012514069676399 0.3535361687342326 0.0009765625 0.347128431002299
1 0.0009765625 0.21576865514119467 0.0033029254991561174 0.21073397000630698 0.016637716442346573 0.21485324700673422 0.025527579709887505 0.22263415654500326 0.029972510412335396 0.22949963808059692 0.027579085901379585 0.24872303009033203 0.014244293794035912 0.2587924003601074 0.0015933368122205138 0.26428478956222534 0.0009765625 0.26611560583114624 0.0009765625 0.23819593588511148
1 0.0009765625 0.2706925868988037 0.00740593858063221 0.26611560583114624 0.021082649007439613 0.2601655125617981 0.024501824751496315 0.2587924003601074 0.0316820964217186 0.2528423070907593 0.03817853331565857 0.25055380662282306 0.04604264348745346 0.2533000111579895 0.05048757418990135 0.2565038998921712 0.04843606799840927 0.265657901763916 0.04057195782661438 0.2771003842353821 0.030998263508081436 0.28671205043792725 0.026895249262452126 0.29586607217788696 0.028946755453944206 0.3086816469828288 0.029972510412335396 0.3219549059867859 0.029630592092871666 0.3320242961247762 0.023134155198931694 0.3361436128616333 0.015270046889781952 0.33797438939412433 0.00945744477212429 0.3343127965927124 0.0009765625 0.3320242961247762 0.0009765625 0.3320242961247762 0.0009765625 0.29769686857859295
1 0.11955495923757553 0.2285842498143514 0.13357359170913696 0.2235495646794637 0.14793412387371063 0.22263415654500326 0.15579824149608612 0.22400726874669394 0.16366234421730042 0.2436883250872294 0.17118453979492188 0.26474249362945557 0.1886223554611206 0.28579668203989667 0.19819605350494385 0.2912890513737996 0.19614453613758087 0.2999853491783142 0.17528755962848663 0.30090075731277466 0.15648208558559418 0.30044305324554443 0.1349412500858307 0.2967814604441325 0.14177961647510529 0.2903736432393392 0.14622454345226288 0.28442354996999103 0.13665086030960083 0.27801579236984253 0.13118015229701996 0.26794640223185223 0.1339154988527298 0.2514692147572835 0.12331604957580566 0.24506143728892008 0.1192130446434021 0.23956902821858725
1 0.013218540698289871 0.0013020833333333333 0.024159908294677734 0.01666941245396932 0.027579085901379585 0.025365700324376423 0.03441743925213814 0.024450302124023438 0.03920428827404976 0.01895790919661522 0.04228154942393303 0.0013020833333333333 0.0385204553604126 0.0013020833333333333 0.028604838997125626 0.0013020833333333333 0.021424567326903343 0.0013020833333333333
1 0.15955933928489685 0.09951301415761311 0.17870673537254333 0.10225919882456462 0.1920415312051773 0.09905531009038289 0.19922178983688354 0.09951301415761311 0.20161522924900055 0.11370169123013814 0.20400863885879517 0.13246736923853555 0.20264096558094025 0.15031763911247253 0.19887986779212952 0.1608447233835856 0.19033193588256836 0.1677102247873942 0.17768098413944244 0.15031763911247253 0.15990124642848969 0.13521355390548706 0.15511441230773926 0.1306365728378296 0.15306290984153748 0.1123285988966624 0.1544305682182312 0.10592080156008403
1 0.16742344200611115 0.05786236127217611 0.17323604226112366 0.05145456890265147 0.17802289128303528 0.04504677653312683 0.1872546672821045 0.05786236127217611 0.19614453613758087 0.06518555680910747 0.2009313851594925 0.06930484374364217 0.20469248294830322 0.08120503028233846 0.20024754106998444 0.09218981862068176 0.18588699400424957 0.09539370735486348 0.1759713888168335 0.0967668096224467 0.16639769077301025 0.0967668096224467 0.17323604226112366 0.08761281768480937 0.16981686651706696 0.07433953881263733 0.1681072860956192 0.06838944554328918
1 0.21084700524806976 0.078916534781456 0.2214464545249939 0.08212043344974518 0.2282847911119461 0.08166272938251495 0.22965247929096222 0.07433953881263733 0.22862671315670013 0.07113564014434814 0.22110453248023987 0.07067794601122539 0.2122146636247635 0.07159334421157837 0.20811165869235992 0.07205103834470113
1 0.20366673171520233 0.09813991189002991 0.2077697366476059 0.08486662308375041 0.22281411290168762 0.08669741948445638 0.2293105572462082 0.08990131815274556 0.23820041120052338 0.10912469029426575 0.24914178252220154 0.12605957190195718 0.25598013401031494 0.13246736923853555 0.2552963197231293 0.14162135124206543 0.2498256266117096 0.14985994497934976 0.2351231575012207 0.16130242745081583 0.22315603494644165 0.1699987252553304 0.21597576141357422 0.17457570632298788 0.20640206336975098 0.17045642932256064 0.2033248096704483 0.16496402025222778 0.2087954878807068 0.15077534317970276 0.20708590745925903 0.12514416376749674 0.20537632703781128 0.11049779256184895
1 0.23341357707977295 0.07433953881263733 0.24845795333385468 0.07433953881263733 0.25939932465553284 0.07022024691104889 0.2600831687450409 0.06472785274187724 0.257005900144577 0.05877775947252909 0.2658957540988922 0.05511616667111715 0.27341794967651367 0.06243935227394104 0.27991437911987305 0.07159334421157837 0.2829916477203369 0.09081671635309856 0.28333353996276855 0.10408999522527058 0.27752095460891724 0.11736329396565755 0.26760536432266235 0.12514416376749674 0.2600831687450409 0.1283480723698934 0.24777410924434662 0.11827868223190308 0.23922617733478546 0.10134380062421162 0.23341357707977295 0.0880705217520396 0.23204588890075684 0.08120503028233846
1 0.11100701987743378 0.21485324700673422 0.11681961268186569 0.20798776547114053 0.12160646170377731 0.1919682820638021 0.12810289859771729 0.20295306046803793 0.13015441596508026 0.2171417474746704 0.12639331817626953 0.2212610642115275 0.1157938614487648 0.22538034121195474 0.1123746857047081 0.22217645247777304
1 0.12160646170377731 0.18647591272989908 0.12365797162055969 0.1695410211881002 0.1304963231086731 0.15718314051628113 0.13699275255203247 0.15489463011423746 0.1510113924741745 0.13429816563924155 0.16366234421730042 0.14482524991035461 0.17631329596042633 0.15397924184799194 0.18691276013851166 0.16862563292185465 0.1657138615846634 0.17411802212397257 0.16195276379585266 0.1919682820638021 0.15408864617347717 0.21531097094217935 0.145198792219162 0.21851485967636108 0.13425742089748383 0.21759945154190063 0.1294705718755722 0.1988337834676107 0.1250256448984146 0.1901374856630961
1 0.2238398790359497 0.26153862476348877 0.23102015256881714 0.24918071428934732 0.23649083077907562 0.23956902821858725 0.24709028005599976 0.2418575088183085 0.24914178252220154 0.2528423070907593 0.24264535307884216 0.27115029096603394 0.23580698668956757 0.2738964955012004 0.2258913815021515 0.2720656792322795
1 0.2884623408317566 0.15352153778076172 0.3011133074760437 0.1434521476427714 0.31615766882896423 0.13109427690505981 0.32778286933898926 0.13109427690505981 0.33530503511428833 0.1365866462389628 0.32744094729423523 0.15260612964630127 0.340775728225708 0.16862563292185465 0.35137519240379333 0.19151059786478677 0.3544524312019348 0.1997491717338562 0.34385302662849426 0.21027626593907675 0.3284666836261749 0.22217645247777304 0.3223121762275696 0.22766884167989096 0.30282288789749146 0.18189889192581177 0.29359111189842224 0.16862563292185465
1 0.2600831687450409 0.22904195388158163 0.27444371581077576 0.19242598613103232 0.28128206729888916 0.17091411352157593 0.284359335899353 0.16496402025222778 0.2905138432979584 0.17228720585505167 0.2987198531627655 0.18556050459543863 0.3045324683189392 0.20020687580108643 0.31171271204948425 0.21805715560913086 0.3192349076271057 0.2359074354171753 0.32197028398513794 0.2455191214879354 0.30248093605041504 0.2404844363530477 0.27752095460891724 0.23453432321548462 0.26623767614364624 0.23544973134994507
1 0.20058946311473846 0.3031892379124959 0.20742782950401306 0.2949506640434265 0.2214464545249939 0.2894582351048787 0.2238398790359497 0.2771003842353821 0.23238781094551086 0.2771003842353821 0.242987260222435 0.28167736530303955 0.2498256266117096 0.2922044595082601 0.24606452882289886 0.30547773838043213 0.24332918226718903 0.3187510371208191 0.23649083077907562 0.32470113039016724 0.2146081030368805 0.31966642538706463 0.20571821928024292 0.31280094385147095
1 0.24709028005599976 0.2757273117701213 0.2529028654098511 0.2537577152252197 0.257005900144577 0.23956902821858725 0.26863110065460205 0.24002673228581747 0.2860689163208008 0.2418575088183085 0.30008751153945923 0.24506143728892008 0.3171834349632263 0.25055380662282306 0.3202607035636902 0.25741930802663165 0.31615766882896423 0.26931947469711304 0.30521631240844727 0.2963237762451172 0.2987198531627655 0.3086816469828288 0.28914615511894226 0.3169202208518982 0.27991437911987305 0.32103951772054035 0.2693149447441101 0.32287031412124634 0.2665795683860779 0.3036469618479411 0.2658957540988922 0.2899159590403239 0.25358670949935913 0.28350818157196045
1 0.3236798644065857 0.2317881186803182 0.33769845962524414 0.22034565607706705 0.35274285078048706 0.21027626593907675 0.3609488904476166 0.2043261726697286 0.3701806664466858 0.20341078440348306 0.379412442445755 0.2093608578046163 0.3893280625343323 0.2194302479426066 0.39377298951148987 0.22583804527918497 0.3886442184448242 0.23773823181788126 0.37872859835624695 0.24414602915445963 0.36300042271614075 0.24597682555516562 0.35137519240379333 0.2587924003601074 0.34351107478141785 0.26977717876434326 0.3260732591152191 0.26748867829640705 0.32197028398513794 0.265657901763916 0.3250475227832794 0.25238460302352905 0.32538944482803345 0.24094214042027792
1 0.3035067319869995 0.3105124632517497 0.3144480884075165 0.28625436623891193 0.31855106353759766 0.2738964955012004 0.3335954546928406 0.2729810873667399 0.345562607049942 0.27435417970021564 0.35034942626953125 0.2729810873667399 0.3575296998023987 0.299527645111084 0.3609488904476166 0.3100547393163045 0.345562607049942 0.3045623302459717 0.33325356245040894 0.3013584613800049 0.3247056007385254 0.30776623884836835 0.3113708198070526 0.31280094385147095
1 0.267947256565094 0.3283627430597941 0.2853850722312927 0.32607420285542804 0.2905138432979584 0.3288204272588094 0.28880423307418823 0.3416360219319661 0.28777849674224854 0.34895916779836017 0.2723921835422516 0.3448398907979329 0.26623767614364624 0.3366012970606486
1 0.08775661140680313 0.48398053646087646 0.08980811387300491 0.45468775431315106 0.10998126864433289 0.4386682907740275 0.12570947408676147 0.4272257884343465 0.13528317213058472 0.42631038029988605 0.15169522166252136 0.43500669797261554 0.16776536405086517 0.44553375244140625 0.17357796430587769 0.45651857058207196 0.16639769077301025 0.47803040345509845 0.16400426626205444 0.4903883139292399 0.14725029468536377 0.505492369333903 0.13562509417533875 0.5155617396036783 0.1250256448984146 0.5219696362813314 0.11100701987743378 0.5306658744812012 0.09972373396158218 0.5096117258071899 0.09049195796251297 0.49404990673065186
1 0.17665521800518036 0.4537723859151204 0.1906738579273224 0.4459914763768514 0.19717028737068176 0.44324525197347003 0.20845358073711395 0.45148388544718426 0.2238398790359497 0.45926475524902344 0.21836920082569122 0.4693341652552287 0.19922178983688354 0.4848959445953369 0.18349356949329376 0.49908459186553955 0.17460371553897858 0.5018308162689209 0.1691330373287201 0.4903883139292399 0.17221029102802277 0.4725380738576253 0.17528755962848663 0.4620109399159749
1 0.22794289886951447 0.4656725327173869 0.23820041120052338 0.45651857058207196 0.2464064508676529 0.45651857058207196 0.2518771290779114 0.46658794085184735 0.25256097316741943 0.4789458115895589 0.25050944089889526 0.4908459981282552 0.23102015256881714 0.4812343120574951
1 0.15579824149608612 0.5320390065511068 0.16708151996135712 0.5196810960769653 0.1715264618396759 0.507780909538269 0.17904865741729736 0.5036615530649821 0.19443495571613312 0.4958806832631429 0.20469248294830322 0.4858113129933675 0.22007878124713898 0.4739111264546712 0.22281411290168762 0.48398053646087646 0.22178836166858673 0.507780909538269 0.22178836166858673 0.5439391136169434 0.220420703291893 0.5572124322255453 0.21631768345832825 0.5672818422317505 0.20400863885879517 0.5727742513020834 0.19443495571613312 0.5741473038991293 0.18315166234970093 0.5654510259628296 0.18212591111660004 0.5448545217514038 0.1739198863506317 0.5407352447509766 0.16263660788536072 0.541650652885437
1 0.30521631240844727 0.5402775605519613 0.3113708198070526 0.5343274275461832 0.31649959087371826 0.5260888338088989 0.3260732591152191 0.5219696362813314 0.33427929878234863 0.5324966112772623 0.3363308310508728 0.5448545217514038 0.33017629384994507 0.5544662475585938 0.32197028398513794 0.5572124322255453 0.3171834349632263 0.549431562423706 0.3134223222732544 0.5457699298858643
1 0.2508513629436493 0.45651857058207196 0.2597412168979645 0.4523992935816447 0.2723921835422516 0.4556031624476115 0.28094014525413513 0.45606084664662677 0.29359111189842224 0.4533146222432454 0.306925892829895 0.45468775431315106 0.3103450834751129 0.45926475524902344 0.3158157467842102 0.47482653458913165 0.32094451785087585 0.48169203599294025 0.31991875171661377 0.4922191301981608 0.3103450834751129 0.505492369333903 0.2939330041408539 0.5123578707377116 0.28094014525413513 0.5151040554046631 0.2648699879646301 0.5086963176727295 0.2511932849884033 0.4963384469350179 0.2556382119655609 0.48352281252543133 0.2546124756336212 0.4688764413197835
1 0.3236798644065857 0.4844382206598918 0.3240217864513397 0.47848812739054364 0.33564698696136475 0.4807766278584798 0.34590449929237366 0.48535362879435223 0.35171711444854736 0.4926768143971761 0.345562607049942 0.5 0.33564698696136475 0.4926768143971761 0.3284666836261749 0.4890151818593343
1 0.3657357394695282 0.4995423158009847 0.37086451053619385 0.4922191301981608 0.38214778900146484 0.4862690369288127 0.39240533113479614 0.4926768143971761 0.39924368262290955 0.5022885004679362 0.3818058669567108 0.516934871673584 0.37530943751335144 0.5201388200124105 0.36983877420425415 0.5123578707377116
1 0.38590890169143677 0.48169203599294025 0.3961664140224457 0.4693341652552287 0.406765878200531 0.4656725327173869 0.42078450322151184 0.4807766278584798 0.42625516653060913 0.4862690369288127 0.40471434593200684 0.494507630666097 0.40061134099960327 0.49862690766652423 0.39343106746673584 0.4913037220637004
1 0.3588973879814148 0.458349347114563 0.36778724193573 0.4327181975046794 0.37189024686813354 0.42631038029988605 0.37907055020332336 0.42493732770284015 0.3876184821128845 0.42493732770284015 0.3941149115562439 0.42356419563293457 0.40129518508911133 0.41944487889607746 0.4077916145324707 0.4176141421000163 0.40813353657722473 0.44278756777445477 0.40368860960006714 0.458349347114563 0.39787599444389343 0.4656725327173869 0.3838573694229126 0.47711503505706787 0.3759932816028595 0.48398053646087646 0.3667614758014679 0.47299571832021076
1 0.1602431684732437 0.6025246381759644 0.1633204221725464 0.5956591367721558 0.17015878856182098 0.5942860841751099 0.17665521800518036 0.588793675104777 0.1749456375837326 0.5778088569641113 0.1749456375837326 0.5704857110977173 0.18075823783874512 0.5704857110977173 0.1872546672821045 0.5750626722971598 0.19375111162662506 0.5828436215718588 0.18896426260471344 0.5965745449066162 0.18417741358280182 0.6194595495859782 0.17426179349422455 0.6167133649190267
1 0.18759658932685852 0.617171049118042 0.193067267537117 0.5938283602396647 0.19682836532592773 0.5828436215718588 0.20503440499305725 0.5814704895019531 0.21324041485786438 0.588793675104777 0.21768535673618317 0.5961169004440308 0.2146081030368805 0.6121363639831543 0.20982123911380768 0.6272404988606771 0.20264096558094025 0.6331905126571655 0.19511878490447998 0.6295289198557535 0.1906738579273224 0.6240365505218506
1 0.11647770553827286 0.6853682994842529 0.13665086030960083 0.6743834813435873 0.14383111894130707 0.6739257176717123 0.15237906575202942 0.683537483215332 0.15648208558559418 0.6922338008880615 0.14622454345226288 0.6986416180928549 0.13665086030960083 0.7041339079538981 0.12912866473197937 0.7032186190287272 0.12229029834270477 0.7000146706899008 0.11750345677137375 0.6926914850870768
1 0.11955495923757553 0.8981985251108805 0.1284448206424713 0.8721096515655518 0.13767659664154053 0.8698211510976156 0.1465664654970169 0.868905782699585 0.15716591477394104 0.8776019414265951 0.1534048169851303 0.889502207438151 0.1349412500858307 0.9151333173116049 0.12981249392032623 0.9215411345163981 0.12297414243221283 0.9100987116495768
1 0.07613140344619751 0.9274913469950358 0.08775661140680313 0.9183372656504313 0.10485249757766724 0.9320682684580485 0.11169085651636124 0.9421375592549642 0.09835606068372726 0.9490030606587728 0.08638893812894821 0.9517492453257242 0.07989250123500824 0.9435107707977295
1 0.08228592574596405 0.9663956960042318 0.10690400004386902 0.9641071955362955 0.11545194685459137 0.9636495113372803 0.12058071047067642 0.9549532731374105 0.11955495923757553 0.9503761927286783 0.11545194685459137 0.945799191792806 0.10519441962242126 0.9499185880025228 0.09493688493967056 0.9531224568684896 0.08809852600097656 0.9581570625305176
1 0.008089774288237095 1.0 0.01048319786787033 0.9760073026021322 0.015953881666064262 0.9581570625305176 0.022792236879467964 0.9535800615946451 0.03612703084945679 0.9654803276062012 0.05151332914829254 0.9860767523447672 0.05151332914829254 1.0 0.03920428827404976 1.0 0.026211414486169815 1.0 0.015270046889781952 1.0
1 0.028604838997125626 0.9448838233947754 0.029972510412335396 0.928864320119222 0.05082949250936508 0.9252027670542399 0.059719353914260864 0.9242873191833496 0.06997688859701157 0.9293220043182373 0.07613140344619751 0.9467146396636963 0.0805763378739357 0.955410877863566 0.07818291336297989 0.9773805141448975 0.06553195416927338 0.9837883313496908 0.055958256125450134 0.9851613839467367 0.04501689225435257 0.9691418806711832 0.03270785138010979 0.9572416941324869 0.027921004220843315 0.9526646931966146
1 0.3397499918937683 0.7517346541086832 0.35718780755996704 0.7576847871144613 0.3671033978462219 0.7663811047871908 0.38214778900146484 0.771873394648234 0.395140677690506 0.7814852396647135 0.4009532630443573 0.7947583993275961 0.3961664140224457 0.8130664030710856 0.3841992914676666 0.8258819580078125 0.36505189538002014 0.8341205914815267 0.36368420720100403 0.8281704584757487 0.3691549301147461 0.8181010882059733 0.3643680512905121 0.8098624547322592 0.34727218747138977 0.8066585858662924 0.3349631428718567 0.806200901667277 0.33222779631614685 0.7746196587880453 0.3349631428718567 0.7549386024475098
1 0.34145957231521606 0.7425806522369385 0.3397499918937683 0.7334267298380533 0.3428272306919098 0.7297650973002116 0.35958120226860046 0.7389190991719564 0.3657357394695282 0.7402922312418619 0.36368420720100403 0.7549386024475098 0.3486398458480835 0.7499038378397623 0.34111765027046204 0.7485307852427164
1 0.3667614758014679 0.7558539708455404 0.3691549301147461 0.7402922312418619 0.37907055020332336 0.723357359568278 0.39240533113479614 0.7132879098256429 0.3971921503543854 0.7087109088897705 0.4088173806667328 0.7183225949605306 0.4170233905315399 0.7334267298380533 0.41086888313293457 0.7462422847747803 0.40129518508911133 0.7677541573842367 0.39137956500053406 0.7737042109171549 0.3783867061138153 0.7663811047871908 0.3660776615142822 0.7613464196523031
1 0.32778286933898926 0.8409860928853353 0.34590449929237366 0.8327474594116211 0.34145957231521606 0.8451053301493326 0.33325356245040894 0.855174700419108 0.3281247913837433 0.8538016478220621
1 0.15955933928489685 0.8002508481343588 0.17426179349422455 0.78377366065979 0.1838354915380478 0.7819428443908691 0.1920415312051773 0.7938430309295654 0.20708590745925903 0.8112355868021647 0.22178836166858673 0.8277127742767334 0.220420703291893 0.838697592417399 0.20811165869235992 0.8414436976114908 0.19477686285972595 0.838697592417399 0.18759658932685852 0.8391552766164144 0.17870673537254333 0.8286282221476237 0.1681072860956192 0.8213049570719401 0.1602431684732437 0.817185640335083
1 0.19033193588256836 0.8451053301493326 0.2009313851594925 0.8437321980794271 0.21426618099212646 0.846478541692098 0.2258913815021515 0.8492247263590494 0.23478123545646667 0.8597517013549805 0.23649083077907562 0.86844801902771 0.22794289886951447 0.8862983385721842 0.21392425894737244 0.880348285039266 0.1999056339263916 0.8776019414265951 0.19614453613758087 0.8647864659627279 0.19375111162662506 0.8565478324890137
1 0.17050069570541382 0.7041339079538981 0.17973247170448303 0.6990992228190104 0.1886223554611206 0.7082532246907552 0.19956371188163757 0.7073377768198649 0.2087954878807068 0.7050492763519287 0.2272590547800064 0.7164918581644694 0.2443549484014511 0.7279343605041504 0.2600831687450409 0.7393768628438314 0.27307602763175964 0.7430383364359537 0.2771790325641632 0.7508192857106527 0.2713664472103119 0.7558539708455404 0.2409357726573944 0.7576847871144613 0.2224721908569336 0.755396286646525 0.21324041485786438 0.7549386024475098 0.20503440499305725 0.7549386024475098 0.1964864432811737 0.7480731010437012 0.1862289160490036 0.7315958340962728 0.1804163157939911 0.7210688591003418 0.17460371553897858 0.7132879098256429
1 0.17528755962848663 0.7727888425191244 0.17289412021636963 0.7590578397115072 0.1725522130727768 0.7521923383076986 0.18075823783874512 0.745784600575765 0.18349356949329376 0.7352574666341146 0.1920415312051773 0.7480731010437012 0.19717028737068176 0.7613464196523031 0.1906738579273224 0.7746196587880453 0.18144208192825317 0.7773658434549967
1 0.05493250489234924 1.0 0.05527442321181297 0.9888230164845785 0.07202839106321335 0.984246015548706 0.08194401115179062 0.9856191476186117 0.09015003591775894 1.0
1 0.08331167697906494 0.9782958825429281 0.08604701608419418 0.9691418806711832 0.10382673889398575 0.9691418806711832 0.10963934659957886 0.9714303811391195 0.11271660774946213 0.9860767523447672 0.10177523642778397 1.0 0.09801413863897324 1.0 0.09288537502288818 1.0 0.08775661140680313 0.9901960690816244
1 0.10519441962242126 1.0 0.11305852234363556 0.9933999379475912 0.1226322203874588 0.9993500709533691 0.12776097655296326 1.0 0.11374235898256302 1.0
1 0.11613578349351883 0.9819575150807699 0.11408427357673645 0.968684196472168 0.1226322203874588 0.9586148262023926 0.1260513961315155 0.9522070089975992 0.1339154988527298 0.9522070089975992 0.1407538503408432 0.9590725104014078 0.1465664654970169 0.9691418806711832 0.16708151996135712 0.9778381983439127 0.19169960916042328 0.9847036997477213 0.20469248294830322 0.9924846490224203 0.20845358073711395 1.0 0.20845358073711395 1.0 0.19150982797145844 1.0 0.1602431684732437 1.0 0.1363089382648468 1.0 0.1284448206424713 0.9993500709533691 0.11750345677137375 0.9901960690816244
1 0.1339154988527298 0.9325259526570638 0.14007003605365753 0.9201680819193522 0.15921741724014282 0.8954522609710693 0.16400426626205444 0.8844674428304037 0.17665521800518036 0.8862983385721842 0.19922178983688354 0.8862983385721842 0.2043505609035492 0.8840097586313883 0.21495002508163452 0.8904175758361816 0.22623328864574432 0.8945368925730387 0.24127766489982605 0.9137603441874186 0.2522190511226654 0.9229142665863037 0.2597412168979645 0.9284066359202067 0.2597412168979645 0.9439684549967448 0.2508513629436493 0.9535800615946451 0.2385423332452774 0.9590725104014078 0.21871110796928406 0.96273406346639 0.21187275648117065 0.9659380118052164 0.21255658566951752 0.979668935139974 0.20811165869235992 0.9860767523447672 0.1906738579273224 0.979668935139974 0.15887551009655 0.9668533802032471 0.13323166966438293 0.9471723238627116
1 0.21050508320331573 0.9933999379475912 0.22007878124713898 0.9915692011515299 0.23922617733478546 0.9993500709533691 0.24674835801124573 1.0 0.22326117753982544 1.0 0.2146081030368805 1.0
1 0.19101576507091522 0.7819428443908691 0.20024754106998444 0.7663811047871908 0.20298288762569427 0.762261708577474 0.21426618099212646 0.7618041038513184 0.23683275282382965 0.7608886559804281 0.257005900144577 0.7604309717814127 0.2747856080532074 0.7590578397115072 0.2826497256755829 0.7563116550445557 0.2898299992084503 0.7608886559804281 0.28675276041030884 0.7750774224599203 0.279572457075119 0.7979623476664225 0.28128206729888916 0.8162702719370524 0.2805982232093811 0.8318320910135905 0.2693149447441101 0.8354937235514323 0.25837358832359314 0.838697592417399 0.2487998604774475 0.838697592417399 0.23717467486858368 0.8286282221476237 0.22452370822429657 0.8249665896097819 0.21734343469142914 0.8185588518778483 0.20264096558094025 0.8011662165323893
1 0.2156338393688202 0.984246015548706 0.21631768345832825 0.9695995648701986 0.22520753741264343 0.9677688280741373 0.23580698668956757 0.9654803276062012 0.25495439767837524 0.9581570625305176 0.25939932465553284 0.9558685620625814 0.26623767614364624 0.9586148262023926 0.27410176396369934 0.9641071955362955 0.27786287665367126 0.9760073026021322 0.279572457075119 0.9856191476186117 0.27649518847465515 0.9952308336893717 0.27307602763175964 1.0 0.25598013401031494 1.0 0.2464064508676529 0.9984347025553385 0.23375548422336578 0.9924846490224203
1 0.26384425163269043 0.9302374521891276 0.27102452516555786 0.9151333173116049 0.2758113443851471 0.9018600781758627 0.2737598717212677 0.889502207438151 0.2860689163208008 0.8890445232391357 0.2942749261856079 0.8904175758361816 0.30590012669563293 0.9041485786437988 0.30624204874038696 0.9155910809834799 0.3011133074760437 0.923371950785319 0.28812041878700256 0.9338990847269694 0.2805982232093811 0.9371029535929362 0.27683714032173157 0.9490030606587728 0.2723921835422516 0.9540378252665201 0.2648699879646301 0.9522070089975992 0.26179274916648865 0.9503761927286783 0.2635023295879364 0.9393914540608724
1 0.2782047986984253 0.9609033266703287 0.2840173840522766 0.9439684549967448 0.29153957962989807 0.9361875851949056 0.3045324683189392 0.9247450033823649 0.30931928753852844 0.9206258455912272 0.31752532720565796 0.9357298215230306 0.3236798644065857 0.940306822458903 0.3335954546928406 0.9421375592549642 0.3315439522266388 0.9572416941324869 0.3373565673828125 0.9750920136769613 0.34385302662849426 0.9810421466827393 0.3486398458480835 0.9847036997477213 0.34932368993759155 0.9924846490224203 0.34693026542663574 1.0 0.31308040022850037 1.0 0.2976941168308258 1.0 0.2905138432979584 1.0 0.28230780363082886 0.9956884384155273
1 0.13904426991939545 0.4189871946970622 0.15477249026298523 0.4070870081583659 0.16708151996135712 0.39564454555511475 0.1783648133277893 0.39564454555511475 0.1862289160490036 0.3988484541575114 0.18896426260471344 0.40754473209381104 0.19614453613758087 0.4157833258310954 0.193067267537117 0.4308873812357585 0.19169960916042328 0.4391259749730428 0.18075823783874512 0.4459914763768514 0.1759713888168335 0.44782225290934247 0.1681072860956192 0.4395836591720581 0.15408864617347717 0.43226051330566406
1 0.09459496289491653 0.32470113039016724 0.10314290970563889 0.30776623884836835 0.11066509783267975 0.3050200343132019 0.12229029834270477 0.3031892379124959 0.1294705718755722 0.3013584613800049 0.1431472897529602 0.30273155371348065 0.16092701256275177 0.3050200343132019 0.1667395979166031 0.3050200343132019 0.1783648133277893 0.30547773838043213 0.18588699400424957 0.30547773838043213 0.19443495571613312 0.3063931465148926 0.1975122094154358 0.31325864791870117 0.1975122094154358 0.3288204272588094 0.19443495571613312 0.3452976147333781 0.19375111162662506 0.3622324864069621 0.18691276013851166 0.38877904415130615 0.18554508686065674 0.3928983211517334 0.1681072860956192 0.39152522881825763 0.1578497439622879 0.39793304602305096 0.14554071426391602 0.40800241629282635 0.1407538503408432 0.4002215067545573 0.13596701622009277 0.3901521364847819 0.13220591843128204 0.37825194994608563 0.12741905450820923 0.37321726481119794 0.11750345677137375 0.3723018566767375 0.11340043693780899 0.3709287643432617 0.11852920055389404 0.358113169670105 0.1192130446434021 0.3485015233357747 0.10143332183361053 0.3370589812596639
1 0.20058946311473846 0.31600483258565265 0.21597576141357422 0.32332801818847656 0.22554945945739746 0.32607420285542804 0.2419615089893341 0.32653192679087323 0.23922617733478546 0.341178297996521 0.2272590547800064 0.3672672112782796 0.22007878124713898 0.38282891114552814 0.22315603494644165 0.3896944522857666 0.2214464545249939 0.39610222975413006 0.2122146636247635 0.4047985076904297 0.20161522924900055 0.41257941722869873 0.195460706949234 0.40754473209381104 0.19101576507091522 0.39793304602305096 0.1920415312051773 0.38694822788238525 0.195460706949234 0.37321726481119794 0.19819605350494385 0.35216307640075684
1 0.03578511252999306 0.3219549059867859 0.04809414967894554 0.3169202208518982 0.055958256125450134 0.31325864791870117 0.0634804517030716 0.31325864791870117 0.0737379863858223 0.3118855357170105 0.08126016706228256 0.3082239230473836 0.08844044804573059 0.3050200343132019 0.0942530483007431 0.30227382977803546 0.09903988987207413 0.3045623302459717 0.09254345297813416 0.3201241095860799 0.08878236263990402 0.3269896109898885 0.0805763378739357 0.3324820200602214 0.07271222770214081 0.33477052052815753 0.056984011083841324 0.3361436128616333 0.04809414967894554 0.33934752146402997 0.03988812491297722 0.3416360219319661 0.0351012758910656 0.3320242961247762
1 0.04262346774339676 0.3485015233357747 0.05151332914829254 0.3416360219319661 0.06279661506414413 0.33980520566304523 0.07407990097999573 0.3388897975285848 0.070318803191185 0.34895916779836017 0.08331167697906494 0.37321726481119794 0.07476373016834259 0.3819135824839274 0.06382236629724503 0.3860328197479248 0.05288099870085716 0.3860328197479248 0.04809414967894554 0.38282891114552814
1 0.0009765625 0.364063302675883 0.005696349311619997 0.358113169670105 0.012876622378826141 0.3530784845352173 0.021082649007439613 0.34438220659891766 0.025869498029351234 0.33980520566304523 0.03475935757160187 0.3361436128616333 0.03954620659351349 0.35902857780456543 0.04330730065703392 0.37687885761260986 0.04672648012638092 0.3855751355489095 0.05151332914829254 0.3951868216196696 0.05185524374246597 0.40983323256174725 0.05117140710353851 0.42631038029988605 0.04091387987136841 0.43317588170369464 0.028262920677661896 0.43821056683858234 0.020056894049048424 0.4459914763768514 0.014244293794035912 0.45102612177530926 0.017663471400737762 0.46796099344889325 0.020398812368512154 0.4761996269226074 0.015611964277923107 0.48169203599294025 0.006038267631083727 0.4812343120574951 0.0009765625 0.48214972019195557 0.0009765625 0.43180278937021893
1 0.0009765625 0.4908459981282552 0.008089774288237095 0.4880998134613037 0.015611964277923107 0.4931345383326213 0.016979636624455452 0.5128155946731567 0.012192786671221256 0.520596424738566 0.0015933368122205138 0.5228849649429321 0.0009765625 0.5201388200124105
1 0.020056894049048424 0.48855749766031903 0.026211414486169815 0.475284218788147 0.03681086376309395 0.47482653458913165 0.05288099870085716 0.47482653458913165 0.060745108872652054 0.477572758992513 0.06758346408605576 0.4848959445953369 0.077157162129879 0.4890151818593343 0.08091825246810913 0.4894729455312093 0.08467935025691986 0.4908459981282552 0.08980811387300491 0.5032039483388265 0.09562071412801743 0.5146463712056478 0.1010913997888565 0.5228849649429321 0.10587824881076813 0.533869743347168 0.10827167332172394 0.5434814691543579 0.10416866093873978 0.5567547480265299 0.08091825246810913 0.5723165273666382 0.057667847722768784 0.5741473038991293 0.04638456180691719 0.5773512125015259 0.03988812491297722 0.5810128053029379 0.031340181827545166 0.583301305770874 0.028262920677661896 0.5860475301742554 0.016979636624455452 0.5764358043670654 0.012192786671221256 0.5691126187642416 0.018005387857556343 0.5572124322255453 0.029288673773407936 0.5498892466227213 0.028262920677661896 0.5398198763529459 0.022108402103185654 0.5265465974807739 0.018689222633838654 0.5215118726094564 0.020398812368512154 0.5096117258071899
1 0.057325929403305054 0.46796099344889325 0.0668996274471283 0.45972243944803876 0.08228592574596405 0.45468775431315106 0.08707277476787567 0.4569762547810872 0.08365359902381897 0.4807766278584798 0.07237031310796738 0.4789458115895589
1 0.14930181205272675 0.6711796124776205 0.15648208558559418 0.6652294794718424 0.16503001749515533 0.6606524785359701 0.17323604226112366 0.6601947943369547 0.18451933562755585 0.658821702003479 0.19717028737068176 0.6542447408040365 0.20229904353618622 0.6501253843307495 0.20845358073711395 0.6569908857345581 0.2043505609035492 0.6739257176717123 0.20503440499305725 0.6963531176249186 0.20264096558094025 0.7009300390879313 0.18999001383781433 0.7018454869588217 0.18212591111660004 0.6958953539530436 0.17460371553897858 0.6931491692860922 0.16434618830680847 0.6981838544209799 0.1602431684732437 0.6958953539530436 0.15921741724014282 0.6881144841512045
1 0.2043505609035492 0.6437176068623861 0.2135823369026184 0.6263250509897867 0.21973685920238495 0.6148825486501058 0.2272590547800064 0.6144248247146606 0.23443932831287384 0.6162556409835815 0.2385423332452774 0.6180864572525024 0.24025192856788635 0.6258672873179117 0.24743220210075378 0.6276981035868326 0.2511932849884033 0.6327327887217203 0.24469685554504395 0.6377675533294678 0.24367110431194305 0.65104079246521 0.24161958694458008 0.6556178331375122 0.23102015256881714 0.6537870168685913 0.2146081030368805 0.6569908857345581 0.20913740992546082 0.6514984766642252
1 0.21084700524806976 0.5791820287704468 0.21597576141357422 0.5746050675710043 0.22178836166858673 0.5659087498982748 0.22418180108070374 0.5599585771560669 0.23307165503501892 0.5622471570968628 0.23888425529003143 0.5540085633595785 0.24503876268863678 0.5462276140848795 0.24674835801124573 0.5393621126810709 0.25358670949935913 0.537989060084025 0.2590574026107788 0.5535508394241333 0.26863110065460205 0.5599585771560669 0.27341794967651367 0.5617893934249878 0.2737598717212677 0.5764358043670654 0.27410176396369934 0.5846744378407797 0.2669215202331543 0.5810128053029379 0.2542705535888672 0.5869628588358561 0.2419615089893341 0.5919975439707438 0.2306782305240631 0.5933706760406494 0.22178836166858673 0.5910821755727133
1 0.29256531596183777 0.6089324156443278 0.29701027274131775 0.5988630453745524 0.30487436056137085 0.594743808110555 0.31205466389656067 0.5965745449066162 0.3212864398956299 0.6084748109181722 0.3247056007385254 0.617171049118042 0.3192349076271057 0.6240365505218506 0.30384862422943115 0.6194595495859782
1 0.29017192125320435 0.7238150437672933 0.26999878883361816 0.7315958340962728 0.2631604075431824 0.7343421777089437 0.2522190511226654 0.7274765968322754 0.23580698668956757 0.7146610418955485 0.2180272787809372 0.7055070400238037 0.21050508320331573 0.7009300390879313 0.20811165869235992 0.6743834813435873 0.21153083443641663 0.6638563871383667 0.2180272787809372 0.6601947943369547 0.22554945945739746 0.6601947943369547 0.2340974062681198 0.658821702003479 0.24674835801124573 0.6611102422078451 0.23580698668956757 0.6670602957407633 0.23546507954597473 0.6798758506774902 0.23717467486858368 0.6931491692860922 0.23991000652313232 0.6995569864908854 0.24674835801124573 0.7000146706899008 0.26281848549842834 0.7009300390879313 0.2761532962322235 0.7013877232869467 0.284359335899353 0.7050492763519287 0.29119768738746643 0.7109994093577067
1 0.0009765625 0.8542593320210775 0.005696349311619997 0.8606671492258707 0.011508950963616371 0.8753135204315186 0.020740730687975883 0.8862983385721842 0.024159908294677734 0.8917907079060873 0.024159908294677734 0.9078102111816406 0.028604838997125626 0.9242873191833496 0.025527579709887505 0.9371029535929362 0.022792236879467964 0.9435107707977295 0.002619090024381876 0.934814453125 0.0009765625 0.9311528205871582 0.0009765625 0.8881290753682455
1 0.012534704990684986 0.8643287817637125 0.018347306177020073 0.8606671492258707 0.032024018466472626 0.8565478324890137 0.03646894544363022 0.856090227762858 0.03270785138010979 0.8675325711568197 0.030998263508081436 0.8826367060343424 0.0351012758910656 0.9050639470418295 0.03988812491297722 0.914218028386434 0.03817853331565857 0.9219988187154134 0.029972510412335396 0.9229142665863037 0.028262920677661896 0.9096410274505615 0.027579085901379585 0.9004870255788168 0.026553332805633545 0.8876713911692301 0.020398812368512154 0.8785174687703451 0.015953881666064262 0.872567335764567
1 0.013560458086431026 0.8377822240193685 0.015953881666064262 0.8300012747446696 0.020056894049048424 0.8226780891418457 0.024501824751496315 0.8350359598795573 0.03612703084945679 0.8368666966756185 0.04091387987136841 0.8409860928853353 0.03646894544363022 0.8469361464182535 0.03236593306064606 0.8519708315531412 0.019373059272766113 0.8533439636230469 0.012534704990684986 0.8547170162200928 0.014928128570318222 0.8455630938212076
1 0.022792236879467964 0.8144394556681315 0.028262920677661896 0.806200901667277 0.0351012758910656 0.7997930844624838 0.04604264348745346 0.7938430309295654 0.05459058657288551 0.7929276625315348 0.0658738762140274 0.7979623476664225 0.06963496655225754 0.8016239802042643 0.07134455442428589 0.8217627207438151 0.060745108872652054 0.8254242738087972 0.048777986317873 0.8341205914815267 0.04330730065703392 0.8359514077504476 0.029630592092871666 0.8300012747446696 0.024843743070960045 0.8277127742767334
1 0.03407552093267441 0.7759927113850912 0.04501689225435257 0.7604309717814127 0.048777986317873 0.7654655774434408 0.04570072516798973 0.7755350271860758 0.04433305561542511 0.789266029993693 0.03817853331565857 0.7910968462626139 0.03373360633850098 0.7869775295257568
1 0.05082949250936508 0.7737042109171549 0.05664209648966789 0.7695849736531576 0.06484811753034592 0.7705003420511881 0.06826729327440262 0.7732466061909994 0.06279661506414413 0.7851467132568359 0.055958256125450134 0.7869775295257568 0.05117140710353851 0.7856043974558512 0.04946181923151016 0.779654343922933
1 0.08638893812894821 0.7943007151285807 0.09459496289491653 0.8002508481343588 0.09698839485645294 0.806200901667277 0.10519441962242126 0.8002508481343588 0.10998126864433289 0.8002508481343588 0.10758783668279648 0.7920122146606445 0.11032317578792572 0.7805697123209635 0.11681961268186569 0.7746196587880453 0.12912866473197937 0.7563116550445557 0.131522074341774 0.7425806522369385 0.13323166966438293 0.728849728902181 0.1339154988527298 0.7178649107615153 0.13323166966438293 0.7087109088897705 0.12023879587650299 0.705964724222819 0.11169085651636124 0.7270189126332601 0.10587824881076813 0.745784600575765 0.1010913997888565 0.7595156033833822 0.09835606068372726 0.7686695257822672 0.09698839485645294 0.7778236071268717 0.09596263617277145 0.7860621611277262 0.09220153838396072 0.7915545304616293
1 0.0009765625 0.5799530347188314 0.011384749785065651 0.5776918729146322 0.018985845148563385 0.5844751993815104 0.004628221970051527 0.5969113111495972 0.0029390898998826742 0.6138696670532227 0.015607580542564392 0.6364808082580566 0.023630958050489426 0.6568308671315511 0.018563563004136086 0.6664405663808187 0.010540184564888477 0.6698322296142578 0.0037836560513824224 0.6602224508921305 0.0009765625 0.6545697450637817 0.0009765625 0.6121737957000732 0.0009765625 0.5873016119003296
1 0.006739637348800898 0.6082168817520142 0.008006486110389233 0.5997377236684164 0.019408127292990685 0.5906933148701986 0.02658694051206112 0.5935196876525879 0.020252693444490433 0.6178266207377116 0.01434073131531477 0.6274363199869791 0.010117901489138603 0.6189571619033813
1 0.018985845148563385 0.6330891450246176 0.03165433555841446 0.6393071810404459 0.03756629675626755 0.6523085832595825 0.03123205341398716 0.6585266590118408 0.025320090353488922 0.646090586980184
1 0.03292118385434151 0.6664405663808187 0.037988580763339996 0.6619183222452799 0.052768487483263016 0.6675710678100586 0.06965980678796768 0.6709628105163574 0.07852774858474731 0.6760503451029459 0.07979460060596466 0.6856600443522135 0.07726090401411057 0.6935738722483317 0.0629032775759697 0.7020530700683594 0.05234620347619057 0.7065753142038981 0.043478261679410934 0.6850947539011637
1 0.023208674043416977 0.6251752376556396 0.027431504800915718 0.6031293869018555 0.034188032150268555 0.5878668626149496 0.04685652628540993 0.5844751993815104 0.062480997294187546 0.582779328028361 0.07726090401411057 0.5844751993815104 0.08063916116952896 0.5873016119003296 0.07895004004240036 0.6025640964508057 0.0835951492190361 0.6133043766021729 0.08992939442396164 0.6342197259267172 0.09710820764303207 0.6472210884094238 0.10048647224903107 0.6630488634109497 0.0886625424027443 0.6715280214945475 0.08190601319074631 0.6737891832987467 0.06459241360425949 0.6653100252151489 0.04052228108048439 0.657961368560791 0.04009999707341194 0.6494821707407633 0.034188032150268555 0.6336544354756674 0.02700922265648842 0.6308280229568481
1 0.07683862000703812 0.5788224538167318 0.08908482640981674 0.574865460395813 0.10006418079137802 0.5686473846435547 0.10724300146102905 0.5618640581766764 0.11231039464473724 0.5482974052429199 0.12286747246980667 0.5539501508076986 0.12962399423122406 0.5607334772745768 0.1283571422100067 0.5822140375773112 0.12497888505458832 0.5873016119003296 0.11062125861644745 0.5867363214492798 0.09457451105117798 0.5856057405471802 0.0852842852473259 0.5912585258483887 0.0852842852473259 0.5850404500961304
1 0.0827505812048912 0.6800072193145752 0.09161852300167084 0.6749197642008463 0.10259789228439331 0.6766155560811361 0.11062125861644745 0.6850947539011637 0.10048647224903107 0.7060100237528483 0.09204081445932388 0.7110975583394369 0.08063916116952896 0.7026184399922689 0.08063916116952896 0.6952697436014811
1 0.01391844917088747 0.6754849751790365 0.024475524201989174 0.6658752759297689 0.033343467861413956 0.6754849751790365 0.04221141338348389 0.6924433708190918 0.048545654863119125 0.7060100237528483 0.04685652628540993 0.7156197230021158 0.04558967798948288 0.7416226069132487 0.043478261679410934 0.7517975171407064 0.034188032150268555 0.7659295399983724 0.027431504800915718 0.7761046091715494 0.019408127292990685 0.7823226451873779 0.007161920424550772 0.7874101003011068 0.0009765625 0.7913670539855957 0.0009765625 0.7851489384969076 0.0009765625 0.7094016869862875 0.0037836560513824224 0.7065753142038981 0.01434073131531477 0.6975309054056803 0.015185297466814518 0.6822683016459147
1 0.04685652628540993 0.7546239693959554 0.05107935518026352 0.7636683781941732 0.0586804524064064 0.7647989590962728 0.06881524622440338 0.7664948304494222 0.07219351083040237 0.7625378767649332 0.07937231659889221 0.7467100620269775 0.0886625424027443 0.740492026011149 0.09035167843103409 0.7286211649576823 0.09246309101581573 0.7167503039042155 0.0844397097826004 0.7099669774373373 0.07472720742225647 0.7003572781880697 0.054035335779190063 0.7110975583394369 0.04981250688433647 0.7173155943552653 0.04896794259548187 0.7297517458597819 0.047701094299554825 0.7489712238311768
1 0.31880679726600647 0.6325238943099976 0.3285193145275116 0.6212182839711508 0.3403432071208954 0.6212182839711508 0.35216715931892395 0.6404377222061157 0.35470086336135864 0.6511780023574829 0.3344312906265259 0.6573960781097412 0.32471877336502075 0.6596572399139404 0.32134050130844116 0.6432641347249349
1 0.3002263605594635 0.669266939163208 0.3078274428844452 0.657961368560791 0.31542855501174927 0.6517433325449625 0.32134050130844116 0.6596572399139404 0.3128948211669922 0.6743543942769369 0.3052937388420105 0.6760503451029459
1 0.3458329141139984 0.6670058568318685 0.359768271446228 0.6545697450637817 0.3690584897994995 0.6562655766805013 0.383416086435318 0.6607877413431803 0.3880612254142761 0.6777461369832357 0.39355090260505676 0.6997919877370199 0.3872166574001312 0.7110975583394369 0.3758150041103363 0.7190114657084147 0.3699030578136444 0.6975309054056803 0.3559677004814148 0.6856600443522135 0.3475220501422882 0.6743543942769369
1 0.3893280625343323 0.6647447347640991 0.39777371287345886 0.6636141538619995 0.40959763526916504 0.6760503451029459 0.4159318804740906 0.6907475789388021 0.4205770194530487 0.7094016869862875 0.4222661554813385 0.7252295017242432 0.4159318804740906 0.7263600826263428 0.4117090702056885 0.714489221572876 0.40199655294418335 0.7065753142038981 0.3973514437675476 0.6980961163838705 0.3927063047885895 0.6817030111948649
1 0.3699030578136444 0.6511780023574829 0.38383838534355164 0.6568308671315511 0.39355090260505676 0.6602224508921305 0.39608460664749146 0.646090586980184 0.40030741691589355 0.6212182839711508 0.40453025698661804 0.6150002479553223 0.3931286036968231 0.6082168817520142 0.3867943584918976 0.6070863405863444 0.37877100706100464 0.6217836141586304 0.37370359897613525 0.6376113096872965
1 0.3656802177429199 0.8377198378245035 0.3872166574001312 0.8298060099283854 0.39861828088760376 0.8173698584238688 0.4049525260925293 0.7947587172190348 0.43028953671455383 0.7908017635345459 0.436623752117157 0.8026726245880127 0.44253572821617126 0.820761521657308 0.4454917013645172 0.8399809996287028 0.44422483444213867 0.8580699761708578 0.4281781017780304 0.8620268503824869 0.41339820623397827 0.8586352666219076 0.40790849924087524 0.8699407577514648 0.4125536382198334 0.8852032820383707 0.41044220328330994 0.8885949452718099 0.39777371287345886 0.891986608505249 0.3872166574001312 0.8936824003855387 0.3749704360961914 0.8812463283538818 0.36863619089126587 0.8614615599314371 0.36779165267944336 0.8495906988779703
1 0.3990405797958374 0.7778004010518392 0.40537482500076294 0.7681907018025717 0.41044220328330994 0.755754550298055 0.4171987473964691 0.7444489796956381 0.42184385657310486 0.7387961546579996 0.42860040068626404 0.7421878178914388 0.4332455098628998 0.761407216389974 0.43451234698295593 0.7766698201497396 0.42606666684150696 0.7862795193990072 0.4100199341773987 0.7879754702250162 0.40284112095832825 0.7879754702250162
1 0.436623752117157 0.7891059716542562 0.44084659218788147 0.7761046091715494 0.447180837392807 0.7687559922536215 0.44929224252700806 0.7585809230804443 0.45773792266845703 0.7585809230804443 0.4712509512901306 0.7619725863138834 0.481808066368103 0.7732780774434408 0.4902537167072296 0.7794961929321289 0.48434174060821533 0.7885406812032064 0.47082868218421936 0.7913670539855957 0.45182594656944275 0.7992809613545736 0.43746834993362427 0.799846331278483
1 0.44253572821617126 0.8060643672943115 0.452248215675354 0.8038032054901123 0.46111616492271423 0.800976832707723 0.4712509512901306 0.7975851694742838 0.476318359375 0.7975851694742838 0.4746292531490326 0.8241531848907471 0.47082868218421936 0.8354587554931641 0.46491673588752747 0.8501559893290201 0.45267051458358765 0.8518518606821696 0.44929224252700806 0.8343282540639242 0.4463362991809845 0.8213268915812174
1 0.4547819495201111 0.8603310585021973 0.46745041012763977 0.8563741048177084 0.4771629273891449 0.8631574312845866 0.4881422817707062 0.8755935033162435 0.4961656630039215 0.891421397527059 0.5029222369194031 0.9072491327921549 0.5020776391029358 0.9264686107635498 0.47589609026908875 0.9061185518900553 0.46196073293685913 0.8942476908365885 0.4590047597885132 0.8795505364735922 0.4573156237602234 0.8710712591807047
1 0.3749704360961914 0.9439922968546549 0.3775041401386261 0.9253380298614502 0.388905793428421 0.9417311350504557 0.39692917466163635 0.9507755438486735 0.39186176657676697 0.9569936593373617 0.38214924931526184 0.9524714152018229
1 0.38046011328697205 0.9202505747477213 0.38468292355537415 0.8982046445210775 0.3965068757534027 0.8987700144449869 0.40453025698661804 0.8959434827168783 0.4112868010997772 0.8931171894073486 0.4188878536224365 0.8936824003855387 0.43282321095466614 0.9010310967763265 0.43704602122306824 0.9083797136942545 0.43282321095466614 0.9298602739969889 0.4281781017780304 0.9439922968546549 0.4197324514389038 0.9479492505391439 0.4121313691139221 0.9428617159525553 0.3973514437675476 0.9422964255015055 0.3927063047885895 0.9377741813659668 0.3867943584918976 0.9281644026438395
1 0.3948177397251129 1.0 0.3990405797958374 0.9931713740030924 0.4117090702056885 0.9909103711446127 0.4180432856082916 0.9897797902425131 0.4231107234954834 1.0 0.42352136969566345 1.0 0.4049525260925293 1.0
1 0.42015475034713745 0.9846922556559244 0.42099928855895996 0.9558631579081217 0.42860040068626404 0.9496450424194336 0.43831291794776917 0.9264686107635498 0.4412688910961151 0.9129019578297933 0.44506940245628357 0.9095102151234945 0.4530927836894989 0.9066838423411051 0.4623830020427704 0.9004658063252767 0.47336238622665405 0.9106408754984537 0.4864531457424164 0.9196852048238119 0.49658793210983276 0.9264686107635498 0.4919428527355194 0.9524714152018229 0.4944765269756317 0.9694298108418783 0.5113678574562073 0.9739519755045573 0.5295260548591614 0.982431173324585 0.53163743019104 0.9909103711446127 0.5193911790847778 1.0 0.5136418342590332 1.0 0.481808066368103 1.0 0.45013681054115295 1.0 0.4349346160888672 1.0 0.4298672378063202 1.0 0.4239552617073059 0.9959978262583414
1 0.47927433252334595 0.8286754290262858 0.49489882588386536 0.8326323827107748 0.5096787214279175 0.834893544514974 0.5181243419647217 0.830936590830485 0.5274146199226379 0.823587973912557 0.5320597290992737 0.8185003598531088 0.5278369188308716 0.806629498799642 0.524458646774292 0.7941935062408447 0.5092564225196838 0.7975851694742838 0.4961656630039215 0.7913670539855957 0.49236512184143066 0.7908017635345459 0.4856085777282715 0.7947587172190348 0.481808066368103 0.8026726245880127 0.4788520634174347 0.816804567972819
1 0.5282591581344604 0.7941935062408447 0.5396608710289001 0.7874101003011068 0.5514847040176392 0.7851489384969076 0.5637309551239014 0.7964545885721842 0.5523293018341064 0.8060643672943115 0.5354379415512085 0.8122823238372803 0.53163743019104 0.8021074136098226
1 0.5354379415512085 0.8264143466949463 0.5383939743041992 0.8162392775217692 0.5489510297775269 0.8122823238372803 0.5561298727989197 0.8077601591746012 0.5645754933357239 0.8060643672943115 0.5713320374488831 0.8111518224080404 0.5620418190956116 0.8269796371459961 0.5561298727989197 0.8422420819600424 0.5510624647140503 0.8518518606821696 0.5443059206008911 0.8405462900797526
1 0.518968939781189 0.923076868057251 0.5265700817108154 0.8959434827168783 0.5354379415512085 0.9021615982055664 0.53163743019104 0.9157282511393229
0 0.2829127311706543 0.0013020833333333333 0.2993817925453186 0.008456563577055931 0.31078341603279114 0.014109348257382711 0.3120502531528473 0.005630172168215116 0.309516578912735 0.0013020833333333333 0.2968480587005615 0.0013020833333333333
1 0.37454813718795776 0.19725952545801798 0.3800378441810608 0.1808664600054423 0.39355090260505676 0.16786505778630575 0.41297590732574463 0.15316781401634216 0.42015475034713745 0.16277756293614706 0.4247998297214508 0.1870845158894857 0.4273335337638855 0.20291229089101157 0.4066416621208191 0.21252206961313883 0.3965068757534027 0.2176095445950826 0.38468292355537415 0.20686926444371542
1 0.3939732015132904 0.24361236890157065 0.3990405797958374 0.2294804056485494 0.41297590732574463 0.22156649827957153 0.4214215874671936 0.21421786149342856 0.43028953671455383 0.21252206961313883 0.43620145320892334 0.23061092694600424 0.43746834993362427 0.24643874168395996 0.43704602122306824 0.2786596218744914 0.43451234698295593 0.2905304431915283 0.4125536382198334 0.2809207042058309 0.40706396102905273 0.2769637703895569
1 0.2879801094532013 0.35779857635498047 0.29727035760879517 0.35610278447469074 0.3137393891811371 0.3589291572570801 0.3200736343860626 0.3527110815048218 0.3276747465133667 0.3549722035725911 0.3424546718597412 0.36232078075408936 0.35047802329063416 0.36288611094156903 0.35216715931892395 0.3724958101908366 0.32809701561927795 0.3770180543263753 0.32302960753440857 0.3838013807932536 0.31627312302589417 0.3984986146291097 0.31416165828704834 0.4064125219980876 0.27911219000816345 0.4120653072992961 0.2871355712413788 0.404716690381368 0.29220297932624817 0.39680278301239014 0.2905138432979584 0.3775833447774251 0.2892470061779022 0.3679736057917277
1 0.04643423855304718 0.0013020833333333333 0.05699131637811661 0.0013020833333333333 0.06163642928004265 0.00393433744708697 0.06332556903362274 0.019196853041648865 0.057413604110479355 0.0271107479929924 0.04727880656719208 0.020892687141895294 0.04516739025712013 0.012413511673609415
1 0.06459241360425949 0.0013020833333333333 0.07810546457767487 0.0013020833333333333 0.0844397097826004 0.0013020833333333333 0.09795276820659637 0.007326007510224978 0.1076652854681015 0.019196853041648865 0.11399953067302704 0.02541491389274597 0.1110435426235199 0.03219825526078542 0.09541907161474228 0.03445936739444733 0.07514949142932892 0.024849635859330494 0.06543697416782379 0.007891284922758738
1 0.05614675208926201 0.03615520397822062 0.06585926562547684 0.02767602602640788 0.081061452627182 0.03445936739444733 0.09710820764303207 0.037285760045051575 0.1101989820599556 0.038981594145298004 0.11695550382137299 0.044634381930033364 0.12497888505458832 0.059896896282831825 0.12624573707580566 0.07120245695114136 0.12328975647687912 0.08307330310344696 0.1118881106376648 0.09663998087247212 0.09668592363595963 0.11246778567632039 0.08824026584625244 0.12094695369402568 0.07683862000703812 0.12377334634462993 0.06417012959718704 0.11755528052647908 0.06163642928004265 0.0898566444714864 0.0586804524064064 0.06498439610004425
1 0.09330765902996063 0.0013020833333333333 0.10682071000337601 0.00506489413479964 0.11484409123659134 0.016935739666223526 0.11991148442029953 0.023153801759084065 0.13215769827365875 0.023719077308972675 0.13722509145736694 0.02258852372566859 0.14567075669765472 0.0013020833333333333 0.12286747246980667 0.0013020833333333333 0.10555386543273926 0.0013020833333333333
1 0.11399953067302704 0.037285760045051575 0.11695550382137299 0.02993714064359665 0.12877942621707916 0.0271107479929924 0.1334245353937149 0.02880658706029256 0.13638052344322205 0.044069101413091026 0.13722509145736694 0.055374667048454285 0.1292017102241516 0.05820105969905853
1 0.1773419827222824 0.0013020833333333333 0.17016316950321198 0.006195450822512309 0.16805174946784973 0.022023243208726246 0.17143002152442932 0.02824130654335022 0.18705449998378754 0.02993714064359665 0.19592243432998657 0.030502418677012127 0.2073240727186203 0.025980194409688313 0.20521266758441925 0.01184823364019394 0.203101247549057 0.0013020833333333333 0.19169960916042328 0.0013020833333333333
1 0.2090132087469101 0.0013020833333333333 0.20774635672569275 0.0013020833333333333 0.2090132087469101 0.012978790948788324 0.2107023447751999 0.025980194409688313 0.2123914659023285 0.02993714064359665 0.2237931191921234 0.0310676967104276 0.2313942164182663 0.03841631611188253 0.23983986675739288 0.044069101413091026 0.24828553199768066 0.05141771833101908 0.2546197772026062 0.05367883046468099 0.26179859042167664 0.04972188671429952 0.2655991315841675 0.03445936739444733 0.2664436995983124 0.02258852372566859 0.26348772644996643 0.008456563577055931 0.2693996727466583 0.0013020833333333333 0.24828553199768066 0.0013020833333333333
1 0.31542855501174927 0.0013020833333333333 0.3175399601459503 0.006195450822512309 0.3171176612377167 0.012978790948788324 0.32640790939331055 0.0013020833333333333 0.32809701561927795 0.0013020833333333333
1 0.3120502531528473 0.023153801759084065 0.31965136528015137 0.020327409108479817 0.3268301784992218 0.007891284922758738 0.33231982588768005 0.0013020833333333333 0.34287694096565247 0.002238502260297537 0.34625518321990967 0.006760728855927785 0.3466774821281433 0.015239904324213663 0.3449883460998535 0.02767602602640788 0.3424546718597412 0.04011215269565582 0.338654100894928 0.04972188671429952 0.333586722612381 0.05028716226418813 0.32556334137916565 0.044069101413091026 0.3171176612377167 0.03954687217871348 0.3120502531528473 0.04124270876248678
1 0.3120502531528473 0.04859132568041483 0.3226073384284973 0.05198299388090769 0.32894158363342285 0.05933161576588949 0.3310529887676239 0.0717677374680837 0.33231982588768005 0.08307330310344696 0.33400899171829224 0.08929136395454407 0.33569812774658203 0.06554968158404033 0.33738723397254944 0.05933161576588949 0.33147528767585754 0.0525482694307963 0.32218503952026367 0.046895494063695274
1 0.3593459725379944 0.08929136395454407 0.36314651370048523 0.09211776653925578 0.37539270520210266 0.09098719557126363 0.38975033164024353 0.09381359815597534 0.40368568897247314 0.10059693455696106 0.4083307981491089 0.10794554154078166 0.40875306725502014 0.11699000000953674 0.40537482500076294 0.12320806582768758 0.4121313691139221 0.12942612171173096 0.42268842458724976 0.12659974892934164 0.42606666684150696 0.11812057097752889 0.42606666684150696 0.10624970992406209 0.41931015253067017 0.08363858858744304 0.4091753661632538 0.06498439610004425 0.39777371287345886 0.05933161576588949 0.3842606544494629 0.044069101413091026 0.37877100706100464 0.044069101413091026 0.3652579188346863 0.04633021354675293 0.3593459725379944 0.0525482694307963 0.3559677004814148 0.06668023268381755
1 0.3669470548629761 0.0013020833333333333 0.37623730301856995 0.005630172168215116 0.3800378441810608 0.014109348257382711 0.3775041401386261 0.03219825526078542 0.378348708152771 0.038981594145298004 0.39186176657676697 0.045764933029810585 0.40115198493003845 0.05141771833101908 0.40790849924087524 0.05424411098162333 0.4171987473964691 0.04293854534626007 0.4205770194530487 0.02880658706029256 0.4214215874671936 0.019762131075064342 0.42184385657310486 0.0013020833333333333 0.41846558451652527 0.0013020833333333333 0.3914394676685333 0.0013020833333333333 0.37454813718795776 0.0013020833333333333
1 0.42606666684150696 0.0013020833333333333 0.4281781017780304 0.007891284922758738 0.42860040068626404 0.023153801759084065 0.43028953671455383 0.03672047952810923 0.43535691499710083 0.041807989279429116 0.4400020241737366 0.042373259862264 0.44844770431518555 0.03445936739444733 0.4594270586967468 0.023153801759084065 0.4661835730075836 0.019762131075064342 0.4598493278026581 0.004499615480502446 0.4530927836894989 0.0013020833333333333 0.43746834993362427 0.0013020833333333333
1 0.4598493278026581 0.0013020833333333333 0.4644944667816162 0.006760728855927785 0.4678727090358734 0.015239904324213663 0.47674065828323364 0.016935739666223526 0.48518630862236023 0.014109348257382711 0.4894091486930847 0.007326007510224978 0.48434174060821533 0.0013020833333333333 0.46829497814178467 0.0013020833333333333
1 0.4112868010997772 0.05933161576588949 0.4188878536224365 0.0695066253344218 0.42099928855895996 0.08024691541989644 0.4273335337638855 0.07685524225234985 0.43155637383461 0.06385384500026703 0.43366777896881104 0.049156601230303444 0.42775580286979675 0.04350382089614868 0.42437756061553955 0.041807989279429116 0.41762101650238037 0.05141771833101908
1 0.42437756061553955 0.08533441027005513 0.4307118058204651 0.07911635935306549 0.436623752117157 0.07289828856786092 0.4438025653362274 0.06724551320075989 0.44929224252700806 0.06498439610004425 0.455626517534256 0.07459413011868794 0.45858249068260193 0.08250802755355835 0.4497145414352417 0.0898566444714864 0.4391574561595917 0.09663998087247212 0.4307118058204651 0.10059693455696106 0.4273335337638855 0.09268303712209065
1 0.4125536382198334 0.13564419746398926 0.42015475034713745 0.13338307539621988 0.4222661554813385 0.14129696289698282 0.4188878536224365 0.14751503864924112
1 0.42015475034713745 0.15429838498433432 0.42522212862968445 0.15090671181678772 0.436623752117157 0.15542892615000406 0.4400020241737366 0.17295257250467935 0.4429579973220825 0.18482341368993124 0.4378906190395355 0.19273730119069418 0.43197864294052124 0.19839008649190268 0.42522212862968445 0.17295257250467935
1 0.42437756061553955 0.13338307539621988 0.4290226697921753 0.12433862686157227 0.43155637383461 0.1090761125087738 0.4412688910961151 0.10229276617368062 0.4514036774635315 0.1147288978099823 0.455626517534256 0.12659974892934164 0.45773792266845703 0.13394835591316223 0.4505591094493866 0.14073171218236288 0.44169116020202637 0.14751503864924112 0.43746834993362427 0.1492108702659607 0.4281781017780304 0.14694974819819132 0.42606666684150696 0.14129696289698282
1 0.4404243230819702 0.1559942066669464 0.4488699734210968 0.14751503864924112 0.460693895816803 0.14016642173131308 0.4704063832759857 0.14186225334803262 0.4826526343822479 0.15429838498433432 0.4839194715023041 0.17295257250467935 0.47927433252334595 0.18482341368993124 0.47336238622665405 0.19499842325846353 0.46913954615592957 0.19952062765757242 0.460693895816803 0.1961289644241333 0.4463362991809845 0.19217203060785928 0.44760313630104065 0.18199700117111206 0.44338029623031616 0.16560393571853638
1 0.4332455098628998 0.20686926444371542 0.44084659218788147 0.19952062765757242 0.44760313630104065 0.19839008649190268 0.46111616492271423 0.2023470401763916 0.46829497814178467 0.2074345350265503 0.4712509512901306 0.21534844239552817 0.47251784801483154 0.2272192637125651 0.47674065828323364 0.23682902256647745 0.48011890053749084 0.24869986375172934 0.481808066368103 0.2549179196357727 0.46998411417007446 0.2662234902381897 0.4615384638309479 0.2769637703895569 0.4581601917743683 0.2820512851079305 0.44760313630104065 0.2820512851079305 0.4412688910961151 0.2780943512916565 0.4404243230819702 0.261135995388031 0.44253572821617126 0.2453082005182902 0.4395797550678253 0.2289151350657145 0.4378906190395355 0.21874010562896729
1 0.46111616492271423 0.2899651924769084 0.4695618450641632 0.2758332093556722 0.47927433252334595 0.2622665564219157 0.4856085777282715 0.25830960273742676 0.49405425786972046 0.2600054144859314 0.49996623396873474 0.2588748534520467 0.49996623396873474 0.2679193417231242 0.49489882588386536 0.2848776976267497 0.4902537167072296 0.2944874167442322 0.4788520634174347 0.30070547262827557 0.4737846851348877 0.3018360137939453
1 0.4720955491065979 0.32162076234817505 0.4796966314315796 0.30974992116292316 0.48349717259407043 0.30522769689559937 0.4877200126647949 0.3029665946960449 0.49405425786972046 0.29731376965840656 0.4986993670463562 0.2939221262931824 0.5075673460960388 0.30466240644454956 0.5130569934844971 0.31201104323069256 0.5079895853996277 0.318229079246521 0.5050336122512817 0.32670827706654865 0.5033444762229919 0.33801384766896564 0.4902537167072296 0.34310134251912433 0.4780074954032898 0.34592771530151367 0.47336238622665405 0.34479717413584393
1 0.4687172770500183 0.36910414695739746 0.4720955491065979 0.3532763719558716 0.4822303354740143 0.3504499594370524 0.49405425786972046 0.3470582962036133 0.5029222369194031 0.352145791053772 0.505878210067749 0.3679736057917277 0.5075673460960388 0.3900194565455119 0.5071450471878052 0.39680278301239014 0.4944765269756317 0.3934110800425212 0.48096349835395813 0.3883236249287923
1 0.5155906677246094 0.4058472315470378 0.5312151312828064 0.39058470726013184 0.5227695107460022 0.3809749682744344 0.5109455585479736 0.3657124837239583 0.5105233192443848 0.37871384620666504 0.5117901563644409 0.3883236249287923
1 0.5067227482795715 0.3498846689860026 0.508834183216095 0.33405689398447674 0.5113678574562073 0.32614298661549884 0.5164352655410767 0.32049020131429035 0.5257254838943481 0.31653326749801636 0.5320597290992737 0.31653326749801636 0.5350157022476196 0.31992491086324054 0.5417722463607788 0.32783883810043335 0.5493733286857605 0.3306652307510376 0.5459950566291809 0.352145791053772 0.5405054092407227 0.3674083153406779 0.5375494360923767 0.38154029846191406 0.5358602404594421 0.38549721240997314 0.521502673625946 0.3702346881230672 0.5117901563644409 0.3606249491373698
1 0.48687544465065 0.14299281438191733 0.49405425786972046 0.13394835591316223 0.5067227482795715 0.13960114121437073 0.5227695107460022 0.14129696289698282 0.5299482941627502 0.13903586069742838 0.5324819684028625 0.13168724377950033 0.5240363478660583 0.11642472942670186 0.5295260548591614 0.1130330463250478 0.5392385721206665 0.11416361729303996 0.5464173555374146 0.12433862686157227 0.5548630356788635 0.14016642173131308 0.5565521717071533 0.15203726291656494 0.556974470615387 0.1639081041018168 0.5637309551239014 0.17860533793767294 0.5717542767524719 0.18425814310709634 0.5742880702018738 0.19330257177352905 0.5595081448554993 0.20573870340983072 0.5489510297775269 0.2193053960800171 0.5438836812973022 0.2283498446146647 0.5333265662193298 0.23174150784810385 0.5286814570426941 0.22665401299794516 0.5206581354141235 0.21534844239552817 0.5101010203361511 0.21026092767715454 0.5020776391029358 0.20347758134206137 0.49405425786972046 0.19499842325846353 0.4872977137565613 0.18821507692337036 0.4881422817707062 0.1689955989519755 0.48856455087661743 0.16221227248509726
1 0.45351508259773254 0.06215800344944 0.4623830020427704 0.049156601230303444 0.4754737913608551 0.030502418677012127 0.481808066368103 0.02428435782591502 0.49489882588386536 0.023153801759084065 0.5071450471878052 0.02258852372566859 0.516012966632843 0.02767602602640788 0.5223472118377686 0.04124270876248678 0.5269923210144043 0.05141771833101908 0.5269923210144043 0.05820105969905853 0.5210803747177124 0.06215800344944 0.5164352655410767 0.06724551320075989 0.5151683688163757 0.0796816349029541 0.5084118843078613 0.0955094297726949 0.5024999380111694 0.0989011029402415 0.48349717259407043 0.09381359815597534 0.47082868218421936 0.09042192498842876 0.46407216787338257 0.08759553233782451 0.460693895816803 0.07855108380317688
1 0.5113678574562073 0.1011622150739034 0.521502673625946 0.07628996670246124 0.5261477828025818 0.06498439610004425 0.5320597290992737 0.06272328893343608 0.5354379415512085 0.08589969078699748 0.5388162732124329 0.1011622150739034 0.5358602404594421 0.1068150003751119 0.5219249725341797 0.11020666360855103 0.5155906677246094 0.10624970992406209
1 0.5362825393676758 0.05763577918211619 0.5451505184173584 0.045764933029810585 0.5540184378623962 0.04011215269565582 0.5628864169120789 0.037285760045051575 0.568798303604126 0.03445936739444733 0.5683760643005371 0.04633021354675293 0.5709097385406494 0.055374667048454285 0.5785108804702759 0.06046216686566671 0.5751326084136963 0.08194275200366974 0.5683760643005371 0.0989011029402415 0.5666869282722473 0.10455387830734253 0.5459950566291809 0.10229276617368062 0.5413499474525452 0.08307330310344696
1 0.5438836812973022 0.10964138309160869 0.5535961389541626 0.10964138309160869 0.5658423900604248 0.11077194412549336 0.5721765756607056 0.11642472942670186 0.5721765756607056 0.1322525143623352 0.5734434723854065 0.14977614084879556 0.5780885815620422 0.16673449675242105 0.5759772062301636 0.17295257250467935 0.5704874396324158 0.17295257250467935 0.5654200911521912 0.16673449675242105 0.5628864169120789 0.15429838498433432 0.5595081448554993 0.13677474856376648
1 0.5704874396324158 0.10455387830734253 0.579777717590332 0.08194275200366974 0.5878010392189026 0.07855108380317688 0.5932908058166504 0.08533441027005513 0.6034255623817444 0.09777054190635681 0.6106044054031372 0.11077194412549336 0.6245397329330444 0.11585944890975952 0.6418532729148865 0.12094695369402568 0.653677225112915 0.1226427952448527 0.656633198261261 0.12999141216278076 0.6507212519645691 0.14638447761535645 0.6376304626464844 0.16447338461875916 0.616938591003418 0.17917062838872275 0.6097598075866699 0.1876498063405355 0.5903348326683044 0.18425814310709634 0.5814668536186218 0.18256229162216187 0.5831559896469116 0.16786505778630575 0.5802000164985657 0.14864559968312582 0.5772440433502197 0.12490389744440715 0.5763994455337524 0.11585944890975952
1 0.6144049167633057 0.1910414695739746 0.6296071410179138 0.17917062838872275 0.6372081637382507 0.1712567408879598 0.6460761427879333 0.17804006735483804 0.6477652788162231 0.1961289644241333 0.6486098766326904 0.21591373284657797 0.6469207406044006 0.22495816151301065 0.6376304626464844 0.22495816151301065 0.6346744894981384 0.2193053960800171 0.6300293803215027 0.20630397399266562 0.6215837001800537 0.19895537694295248
1 0.6182054281234741 0.24700403213500977 0.6236951351165771 0.253787358601888 0.6334076523780823 0.253787358601888 0.638052761554718 0.24700403213500977 0.6350967884063721 0.2345679004987081 0.6329853534698486 0.2283498446146647 0.6249620318412781 0.23174150784810385 0.6220059990882874 0.23795956373214722
1 0.3851052522659302 0.5573418140411377 0.39861828088760376 0.5550807317097982 0.40790849924087524 0.5579071044921875 0.4167764484882355 0.5618640581766764 0.4222661554813385 0.5675168037414551 0.42437756061553955 0.5805182456970215 0.42522212862968445 0.5923891067504883 0.4171987473964691 0.6042599678039551 0.40875306725502014 0.6082168817520142 0.3939732015132904 0.605390469233195 0.38552752137184143 0.597476601600647 0.3859498202800751 0.578257163365682
1 0.3817269504070282 0.5239903926849365 0.3884834945201874 0.5172070662180582 0.39861828088760376 0.5081626176834106 0.4091753661632538 0.5013792514801025 0.42184385657310486 0.49233484268188477 0.43197864294052124 0.4945959250132243 0.43831291794776917 0.499118169148763 0.43155637383461 0.5245556831359863 0.42775580286979675 0.544340451558431 0.42353299260139465 0.5539501508076986 0.39439547061920166 0.5482974052429199 0.38214924931526184 0.5449057420094808 0.3825715184211731 0.5358612537384033
1 0.43028953671455383 0.560168186823527 0.4412688910961151 0.533034880956014 0.4438025653362274 0.5115543206532797 0.44338029623031616 0.4974222977956136 0.4446471333503723 0.49233484268188477 0.45351508259773254 0.4889431794484456 0.46196073293685913 0.4872473080952962 0.46998411417007446 0.4996834595998128 0.47336238622665405 0.5177723169326782 0.4822303354740143 0.5302084684371948 0.4919428527355194 0.5449057420094808 0.5008108019828796 0.551689068476359 0.4961656630039215 0.571473757425944 0.49067601561546326 0.5906933148701986 0.48096349835395813 0.601433515548706 0.4678727090358734 0.6036946773529053 0.4395797550678253 0.5935196876525879 0.43113407492637634 0.5923891067504883 0.4264889657497406 0.5776918729146322 0.42691123485565186 0.5675168037414551
1 0.4163541793823242 0.6150002479553223 0.4247998297214508 0.6059557596842448 0.4298672378063202 0.5997377236684164 0.4412688910961151 0.6031293869018555 0.45351508259773254 0.6070863405863444 0.4636498987674713 0.6121737957000732 0.4754737913608551 0.6099127531051636 0.4877200126647949 0.6048251787821451 0.4944765269756317 0.6003030141194662 0.5071450471878052 0.609347422917684 0.516012966632843 0.6172613302866617 0.516012966632843 0.6257404486338297 0.5130569934844971 0.6364808082580566 0.5117901563644409 0.6523085832595825 0.5075673460960388 0.6641794443130493 0.49489882588386536 0.6517433325449625 0.48983144760131836 0.6585266590118408 0.4864531457424164 0.6715280214945475 0.4826526343822479 0.6800072193145752 0.47758522629737854 0.6913128693898519 0.4720955491065979 0.6992266972859701 0.46407216787338257 0.7094016869862875 0.4497145414352417 0.7071406046549479 0.4357791841030121 0.6890517075856527 0.4247998297214508 0.6687016487121582 0.4205770194530487 0.6596572399139404 0.42268842458724976 0.6432641347249349 0.4214215874671936 0.6325238943099976 0.4180432856082916 0.6223488648732504
1 0.5092564225196838 0.6749197642008463 0.5143238306045532 0.6941391626993815 0.5219249725341797 0.7110975583394369 0.5337488651275635 0.7043142318725586 0.5362825393676758 0.6924433708190918 0.5278369188308716 0.6783114274342855 0.5299482941627502 0.6653100252151489 0.5291037559509277 0.6477863788604736 0.5295260548591614 0.6330891450246176 0.5278369188308716 0.6251752376556396 0.5257254838943481 0.6116085847218832 0.5219249725341797 0.6161307493845621 0.521502673625946 0.6325238943099976 0.518968939781189 0.6393071810404459 0.5168575048446655 0.6472210884094238 0.516012966632843 0.6624836126963297 0.5130569934844971 0.6687016487121582
1 0.5041890740394592 0.555646022160848 0.5134792923927307 0.5499931971232096 0.5210803747177124 0.555646022160848 0.5113678574562073 0.5641251802444458 0.5075673460960388 0.5680821736653646 0.505878210067749 0.5788224538167318 0.5067227482795715 0.5878668626149496 0.5185466408729553 0.5923891067504883 0.5248809456825256 0.5991724332173666 0.518968939781189 0.6065210501352946 0.5075673460960388 0.6019988059997559 0.4978547990322113 0.5946501890818278 0.4986993670463562 0.5799530347188314 0.5016553401947021 0.5697779655456543
1 0.4108644723892212 0.3956722418467204 0.4138204753398895 0.3900194565455119 0.4256443977355957 0.3928458293279012 0.4290226697921753 0.39623749256134033 0.42775580286979675 0.4064125219980876 0.4214215874671936 0.41432642936706543 0.4159318804740906 0.42110975583394367 0.4108644723892212 0.41432642936706543 0.40959763526916504 0.405281941095988
1 0.43704602122306824 0.3928458293279012 0.4454917013645172 0.3866277535756429 0.455626517534256 0.3781485954920451 0.4661835730075836 0.3770180543263753 0.476318359375 0.3911500374476115 0.48096349835395813 0.40302081902821857 0.4737846851348877 0.42167504628499347 0.47674065828323364 0.44993893305460614 0.4830749034881592 0.46859312057495117 0.4678727090358734 0.4770723183949788 0.45689335465431213 0.457852840423584 0.4480254054069519 0.43919865290323895 0.4387351870536804 0.4188486337661743 0.4340900480747223 0.4126305977503459 0.43366777896881104 0.405281941095988
1 0.4100199341773987 0.457852840423584 0.41297590732574463 0.43919865290323895 0.4138204753398895 0.42902366320292157 0.42268842458724976 0.41997917493184406 0.4273335337638855 0.41602222124735516 0.43535691499710083 0.42676250139872235 0.4446471333503723 0.44372089703877765 0.4530927836894989 0.46294037501017254 0.4564710855484009 0.4748111963272095 0.45689335465431213 0.4810292323430379 0.4400020241737366 0.48611676692962646 0.4307118058204651 0.4838556448618571 0.4214215874671936 0.47198482354482013 0.4138204753398895 0.4646361668904622
1 0.4720955491065979 0.48611676692962646 0.484764039516449 0.4753764867782593 0.49574339389801025 0.4708542426427205 0.505878210067749 0.4714194933573405 0.5143238306045532 0.4776376088460286 0.5253031849861145 0.4866820176442464 0.5240363478660583 0.5008140405019125 0.5193911790847778 0.5205987691879272 0.5168575048446655 0.5386876265207926 0.5092564225196838 0.5471668243408203 0.5008108019828796 0.5449057420094808 0.49067601561546326 0.5347306728363037 0.4839194715023041 0.5205987691879272 0.47758522629737854 0.5092931588490804 0.47589609026908875 0.5013792514801025
1 0.4822303354740143 0.4126305977503459 0.4860308766365051 0.4018903175989787 0.4902537167072296 0.39793336391448975 0.4995439350605011 0.4001944462458293 0.508834183216095 0.4064125219980876 0.5147461295127869 0.4188486337661743 0.5079895853996277 0.43467644850413006 0.5037667751312256 0.4584181308746338 0.49996623396873474 0.4646361668904622 0.4877200126647949 0.46689732869466144 0.48011890053749084 0.4476778507232666 0.47842976450920105 0.42789308230082196
1 0.5079895853996277 0.46180979410807294 0.5198134779930115 0.4652014970779419 0.5333265662193298 0.46180979410807294 0.5383939743041992 0.45389588673909503 0.5388162732124329 0.43354590733846027 0.5375494360923767 0.4295889139175415 0.5231918096542358 0.42619725068410236 0.5181243419647217 0.4233709176381429 0.5143238306045532 0.43298061688741046 0.5092564225196838 0.44485143820444745
1 0.5443059206008911 0.4301542441050212 0.5527516007423401 0.42167504628499347 0.564153254032135 0.41997917493184406 0.5772440433502197 0.4250667095184326 0.5856896638870239 0.42619725068410236 0.5785108804702759 0.4459819793701172 0.5738657712936401 0.4584181308746338 0.5582413077354431 0.46011396249135333 0.5455727577209473 0.4584181308746338 0.5434613823890686 0.44541672865549725
1 0.601314127445221 0.42167504628499347 0.6068037748336792 0.40810835361480713 0.613982617855072 0.3990639050801595 0.6228505373001099 0.39623749256134033 0.6270734071731567 0.3984986146291097 0.6211614012718201 0.40923889478047687 0.6215837001800537 0.42110975583394367 0.6245397329330444 0.4358069896697998 0.6144049167633057 0.4341111977895101 0.6059592366218567 0.42789308230082196
1 0.5198134779930115 0.47424590587615967 0.5303705930709839 0.4697237014770508 0.5383939743041992 0.4731153647104899 0.5443059206008911 0.4821598132451375 0.534593403339386 0.4844209353129069 0.5286814570426941 0.4815945625305176
1 0.5413499474525452 0.46746257940928143 0.5544406771659851 0.46576674779256183 0.5683760643005371 0.4652014970779419 0.5768217444419861 0.47198482354482013 0.5793554186820984 0.4844209353129069 0.5607749819755554 0.4827251036961873 0.5514847040176392 0.48046398162841797
1 0.5785108804702759 0.46124450365702313 0.5907570719718933 0.4341111977895101 0.5958244800567627 0.42732779184977215 0.6051146984100342 0.4358069896697998 0.6156717538833618 0.43919865290323895 0.6253843307495117 0.4414597749710083 0.627918004989624 0.4589833815892537 0.6131380796432495 0.46124450365702313 0.601314127445221 0.4646361668904622 0.5932908058166504 0.4748111963272095 0.5848450660705566 0.4810292323430379 0.582733690738678 0.47424590587615967
1 0.5785108804702759 0.4934653441111247 0.5878010392189026 0.4866820176442464 0.5924462080001831 0.4832903544108073 0.5924462080001831 0.5109890302022299 0.5882233381271362 0.5268167654673258 0.5844228267669678 0.5369918346405029 0.5806222558021545 0.5341654618581136 0.5780885815620422 0.518337607383728
1 0.5307928919792175 0.49233484268188477 0.5468396544456482 0.4883778889973958 0.5595081448554993 0.487812598546346 0.5709097385406494 0.491204301516215 0.5717542767524719 0.5109890302022299 0.5730212330818176 0.5285125970840454 0.564153254032135 0.537557045618693 0.5476841926574707 0.5482974052429199 0.5324819684028625 0.5460362434387207 0.5257254838943481 0.551689068476359 0.5181243419647217 0.5466015338897705 0.5253031849861145 0.521729310353597 0.5274146199226379 0.5053362051645914
1 0.5510624647140503 0.555646022160848 0.5573967099189758 0.5488626956939697 0.5700652003288269 0.5415140390396118 0.5768217444419861 0.5386876265207926 0.582733690738678 0.5494279066721598 0.5882233381271362 0.5573418140411377 0.5920239686965942 0.5692126750946045 0.5920239686965942 0.5822140375773112 0.579777717590332 0.5822140375773112 0.5755549073219299 0.5884321530659994 0.5747103095054626 0.597476601600647 0.5595081448554993 0.6025640964508057 0.5616195201873779 0.5856057405471802
1 0.5105233192443848 0.7156197230021158 0.5236141085624695 0.7161850929260254 0.53163743019104 0.7139239311218262 0.540083110332489 0.7009225686391195 0.5497956275939941 0.7020530700683594 0.5620418190956116 0.7110975583394369 0.5658423900604248 0.7190114657084147 0.5603526830673218 0.7359698613484701 0.5472618937492371 0.7246642112731934 0.5362825393676758 0.7280558745066324 0.5269923210144043 0.7308823267618815 0.5202358365058899 0.7331434090932211 0.5143238306045532 0.725794792175293
1 0.5447282195091248 0.6839640935262045 0.5599304437637329 0.6862252553304037 0.5704874396324158 0.683398962020874 0.5831559896469116 0.6817030111948649 0.5928685069084167 0.6754849751790365 0.5958244800567627 0.6754849751790365 0.5996249914169312 0.680572509765625 0.5945576429367065 0.6986614863077799 0.5831559896469116 0.7110975583394369 0.5709097385406494 0.7116628487904867 0.5548630356788635 0.7009225686391195 0.5438836812973022 0.6924433708190918
1 0.5890679359436035 0.7246642112731934 0.6004695892333984 0.7207072575887045 0.6106044054031372 0.7173155943552653 0.6182054281234741 0.7207072575887045 0.6258065700531006 0.7246642112731934 0.6317185163497925 0.725794792175293 0.6376304626464844 0.7308823267618815 0.6507212519645691 0.7376656532287598 0.6583223342895508 0.7427531878153483 0.6600115299224854 0.7484058539072672 0.6350967884063721 0.752928098042806 0.624117374420166 0.7591462135314941 0.6131380796432495 0.7704517841339111 0.6004695892333984 0.7738434473673502 0.5899125337600708 0.7704517841339111 0.5878010392189026 0.7495365142822266 0.5886456370353699 0.7382308642069498
1 0.5692206025123596 0.8015421231587728 0.5704874396324158 0.7958892981211344 0.5802000164985657 0.7936282157897949 0.5865342020988464 0.7800614833831787 0.5907570719718933 0.7749740282694498 0.6030032634735107 0.778365691502889 0.6025809645652771 0.7947587172190348 0.6008918285369873 0.8122823238372803 0.5970913171768188 0.8190657297770182 0.5890679359436035 0.8145434856414795 0.579777717590332 0.8134129842122396
1 0.5970913171768188 0.8269796371459961 0.6038478016853333 0.819631020228068 0.624117374420166 0.8224573930104574 0.6346744894981384 0.8343282540639242 0.6414310336112976 0.846199115117391 0.6384750604629517 0.8603310585021973 0.6342521905899048 0.8755935033162435 0.6068037748336792 0.8722019195556641 0.5962467789649963 0.8665490945180258 0.5962467789649963 0.8484601974487305 0.6000472903251648 0.8365893363952637
1 0.558663547039032 0.9021615982055664 0.5751326084136963 0.9095102151234945 0.5873787999153137 0.9066838423411051 0.5979358553886414 0.8857685724894205 0.6004695892333984 0.8772893746693929 0.5949798822402954 0.8738977114359537 0.5831559896469116 0.8772893746693929 0.5738657712936401 0.8863337834676107 0.5658423900604248 0.8965088526407877
1 0.5873787999153137 0.9281644026438395 0.5873787999153137 0.9162936210632324 0.598358154296875 0.9010310967763265 0.605536937713623 0.883507490158081 0.6118712425231934 0.8784199555714926 0.6287625432014465 0.8823768297831217 0.63087397813797 0.9044227600097656 0.6291848421096802 0.9264686107635498 0.622428297996521 0.9439922968546549 0.612293541431427 0.9428617159525553 0.5945576429367065 0.937208890914917
1 0.5527516007423401 0.9920408725738525 0.5595081448554993 0.971690813700358 0.5835782289505005 0.9485143820444742 0.5873787999153137 0.9406005541483561 0.6030032634735107 0.9462532997131348 0.619472324848175 0.9524714152018229 0.6211614012718201 0.9699950218200684 0.6173608899116516 0.9807353814442953 0.598358154296875 0.9886492093404134 0.5861119627952576 1.0 0.5802000164985657 1.0 0.5679537653923035 1.0 0.5599304437637329 0.9993894894917806
1 0.6177831888198853 0.0028037807593743005 0.627918004989624 0.0013020833333333333 0.6312962174415588 0.015239904324213663 0.624117374420166 0.019196853041648865 0.6177831888198853 0.01580518235762914
1 0.6456539034843445 0.0271107479929924 0.6511435508728027 0.047460769613583885 0.6617006659507751 0.06159272789955139 0.6709908246994019 0.0717677374680837 0.6794365048408508 0.07572469115257263 0.6874598860740662 0.0740288496017456 0.6849262118339539 0.05480938653151194 0.6883044242858887 0.024849635859330494 0.6887267231941223 0.013544068982203802 0.6718354225158691 0.01015239953994751 0.6667680144309998 0.0013020833333333333 0.6608560681343079 0.0016732239164412022 0.6519880890846252 0.007891284922758738 0.6490321159362793 0.012413511673609415
1 0.6456539034843445 0.059896896282831825 0.6498767137527466 0.05650522311528524 0.6629675030708313 0.07120245695114136 0.6726799607276917 0.07798580328623454 0.6743690967559814 0.09042192498842876 0.672257661819458 0.0955094297726949 0.6562108993530273 0.08703025182088216 0.6473429799079895 0.073463574051857
1 0.6802811026573181 0.08194275200366974 0.6883044242858887 0.08081219593683879 0.6992838382720947 0.08476914962132771 0.7191311120986938 0.09381359815597534 0.7326442003250122 0.09833582242329915 0.7381338477134705 0.1011622150739034 0.738978385925293 0.11133721470832825 0.736022412776947 0.11868584156036377 0.7144860029220581 0.11585944890975952 0.6853484511375427 0.10624970992406209 0.675213634967804 0.10059693455696106 0.6794365048408508 0.09437886873881023
1 0.6937940716743469 0.010717677573362986 0.7035066485404968 0.0013020833333333333 0.7161751389503479 0.0013020833333333333 0.7296882271766663 0.01184823364019394 0.7385561466217041 0.019196853041648865 0.7410898208618164 0.038981594145298004 0.7436234951019287 0.05424411098162333 0.7533360719680786 0.058766335248947144 0.7558697462081909 0.073463574051857 0.7567142844200134 0.08759553233782451 0.7474241256713867 0.09607471028963725 0.7394006848335266 0.09607471028963725 0.7246207594871521 0.09042192498842876 0.7056180238723755 0.08137746651967366 0.6954832673072815 0.07572469115257263 0.6908381581306458 0.0678107887506485 0.6899935603141785 0.044634381930033364 0.6921049952507019 0.02767602602640788
1 0.7419343590736389 0.10285804669062297 0.7533360719680786 0.09946637352307637 0.7605148553848267 0.10003165404001872 0.768538236618042 0.1090761125087738 0.7588257193565369 0.11755528052647908 0.7470018267631531 0.1147288978099823 0.7427789568901062 0.1130330463250478
1 0.7596702575683594 0.09268303712209065 0.7609370946884155 0.07685524225234985 0.7693827748298645 0.07233301798502605 0.7782506942749023 0.06441912055015564 0.7824735641479492 0.05593994756539663 0.7850072979927063 0.046895494063695274 0.7964088916778564 0.049156601230303444 0.8061214089393616 0.05707050363222758 0.8044322729110718 0.07742052276929219 0.7930306196212769 0.10059693455696106 0.7866964340209961 0.1068150003751119 0.7731833457946777 0.1090761125087738 0.7668491005897522 0.0989011029402415
1 0.605536937713623 0.2961832682291667 0.6148272156715393 0.2566137711207072 0.6266511678695679 0.2600054144859314 0.6334076523780823 0.2594401439030965 0.6397418975830078 0.2549179196357727 0.6481875777244568 0.26396238803863525 0.6519880890846252 0.2769637703895569 0.646498441696167 0.28657348950703937 0.6384750604629517 0.29957491159439087 0.6312962174415588 0.3018360137939453 0.6177831888198853 0.29844435056050617 0.6106044054031372 0.29787906010945636
1 0.6418532729148865 0.24700403213500977 0.6405864357948303 0.23287206888198853 0.6481875777244568 0.23061092694600424 0.6553663611412048 0.2340026299158732 0.6570554971694946 0.2549179196357727 0.6574777364730835 0.2724415461222331 0.6511435508728027 0.261135995388031 0.6460761427879333 0.253787358601888
1 0.6777474284172058 0.30635825792948407 0.6832370758056641 0.3187943696975708 0.6908381581306458 0.31992491086324054 0.6954832673072815 0.3074887990951538 0.6954832673072815 0.3029665946960449 0.6845039129257202 0.3029665946960449
1 0.6617006659507751 0.34592771530151367 0.6587446331977844 0.32840410868326825 0.6642343401908875 0.3137068748474121 0.6697239875793457 0.31031521161397296 0.6735244989395142 0.30974992116292316 0.680703341960907 0.32501240571339923 0.675213634967804 0.34931941827138263 0.6676125526428223 0.3498846689860026
1 0.6625452041625977 0.2758332093556722 0.6688794493675232 0.2848776976267497 0.6764804720878601 0.2763984799385071 0.6929495334625244 0.27526795864105225 0.6963278651237488 0.2735721270243327 0.6916826963424683 0.26339709758758545 0.6870375871658325 0.24756930271784464 0.6840816140174866 0.2385248343149821 0.6823924779891968 0.23287206888198853 0.6676125526428223 0.23174150784810385 0.6608560681343079 0.2385248343149821 0.6612783670425415 0.2554831902186076
1 0.6528326869010925 0.22552343209584555 0.6671903133392334 0.22608872254689535 0.6718354225158691 0.223262349764506 0.6608560681343079 0.1961289644241333 0.6553663611412048 0.19330257177352905 0.6532549262046814 0.20517343282699585 0.6528326869010925 0.21874010562896729
1 0.6676125526428223 0.1910414695739746 0.6878821849822998 0.18934563795725504 0.7085739970207214 0.19217203060785928 0.7220870852470398 0.1961289644241333 0.713219165802002 0.21534844239552817 0.7140637636184692 0.22382760047912598 0.6959055662155151 0.22552343209584555 0.6769028306007385 0.22382760047912598 0.6663457155227661 0.20573870340983072
1 0.6456539034843445 0.16503867506980896 0.6587446331977844 0.14242753386497498 0.6701462864875793 0.10964138309160869 0.6925272345542908 0.11642472942670186 0.7089962959289551 0.1226427952448527 0.7271544933319092 0.12603445847829184 0.7423566579818726 0.1226427952448527 0.7520691752433777 0.12942612171173096 0.7562919855117798 0.1492108702659607 0.7643154263496399 0.17069145043691 0.7584034204483032 0.18821507692337036 0.7478463649749756 0.20178176959355673 0.7322219014167786 0.19386786222457886 0.7009729743003845 0.1870845158894857 0.6693016886711121 0.18369285265604654 0.6549440622329712 0.18369285265604654
1 0.7567142844200134 0.12603445847829184 0.7689605355262756 0.11699000000953674 0.7824735641479492 0.11190249522527058 0.7913414835929871 0.11699000000953674 0.7951420545578003 0.12659974892934164 0.7955642938613892 0.13677474856376648 0.7926083207130432 0.1492108702659607 0.7913414835929871 0.16560393571853638 0.7807844281196594 0.1701261599858602 0.7689605355262756 0.17182199160257974 0.7609370946884155 0.15316781401634216 0.7575588822364807 0.13903586069742838
1 0.7934529185295105 0.11133721470832825 0.8027431964874268 0.08929136395454407 0.816678524017334 0.08816081285476685 0.8272355794906616 0.10003165404001872 0.823857307434082 0.11868584156036377 0.8158338665962219 0.1288608511288961 0.8061214089393616 0.12773029009501138 0.7993649244308472 0.1254691779613495 0.7959865927696228 0.11699000000953674
1 0.7541806101799011 0.20686926444371542 0.7664268016815186 0.18482341368993124 0.7706496715545654 0.17690950632095337 0.7816290259361267 0.1752136548360189 0.7909192442893982 0.17238728205362955 0.8040100336074829 0.18538866440455118 0.8149893283843994 0.20121647914250693 0.8171008229255676 0.2079998254776001 0.8120333552360535 0.2283498446146647 0.8061214089393616 0.2600054144859314 0.7997872233390808 0.2701804240544637 0.7875409722328186 0.2780943512916565 0.7862741351127625 0.26339709758758545 0.778672993183136 0.2560484806696574 0.7719165086746216 0.23682902256647745 0.7626262307167053 0.22495816151301065 0.7575588822364807 0.2170442740122477
1 0.7267321944236755 0.23682902256647745 0.7326442003250122 0.2543526490529378 0.7410898208618164 0.2713109850883484 0.7554474472999573 0.29166102409362793 0.7622039318084717 0.3018360137939453 0.7710719108581543 0.2893999218940735 0.7744501829147339 0.2843124071756999 0.7660045623779297 0.2814859946568807 0.749957799911499 0.26339709758758545 0.7410898208618164 0.2509609858194987 0.734333336353302 0.2407859762509664
1 0.7850072979927063 0.2899651924769084 0.7904969453811646 0.2814859946568807 0.7989426255226135 0.2769637703895569 0.8073882460594177 0.2713109850883484 0.8183676600456238 0.28544294834136963 0.8217458724975586 0.2944874167442322 0.8183676600456238 0.3074887990951538 0.8086550831794739 0.3137068748474121 0.7968311905860901 0.3131415843963623 0.7921860814094543 0.3024013042449951
1 0.8285024166107178 0.2910957336425781 0.8458160161972046 0.28657348950703937 0.8546839952468872 0.2871387799580892 0.8627073168754578 0.29900962114334106 0.8660855889320374 0.30918463071187335 0.8525725603103638 0.318229079246521 0.842437744140625 0.32049020131429035 0.8339921236038208 0.30409711599349976
1 0.8090773820877075 0.2594401439030965 0.8204790353775024 0.21252206961313883 0.8280801177024841 0.21534844239552817 0.8386372327804565 0.21478315194447836 0.845393717288971 0.2079998254776001 0.8449714183807373 0.20065120855967203 0.8513057231903076 0.19839008649190268 0.8614404797554016 0.20347758134206137 0.8652409911155701 0.21308734019597372 0.866507887840271 0.23513317108154297 0.868196964263916 0.24813457330067953 0.868196964263916 0.25774431228637695 0.8614404797554016 0.2713109850883484 0.8491942882537842 0.2809207042058309 0.8280801177024841 0.2831818461418152 0.8221681714057922 0.2843124071756999 0.8137224912643433 0.2724415461222331
1 0.859329104423523 0.2848776976267497 0.8690416216850281 0.2662234902381897 0.8753758668899536 0.2503956953684489 0.8812877535820007 0.24643874168395996 0.8935340046882629 0.2447429100672404 0.8964899778366089 0.2566137711207072 0.8863552212715149 0.2792249123255412 0.8732644319534302 0.29844435056050617 0.8677747249603271 0.29900962114334106 0.8631296157836914 0.2910957336425781
1 0.8753758668899536 0.3069235483805339 0.8935340046882629 0.32218605279922485 0.8952231407165527 0.34366663297017414 0.9087362289428711 0.32275132338205975 0.9176040887832642 0.30579298734664917 0.9222492575645447 0.2944874167442322 0.9209824204444885 0.2786596218744914 0.9252052307128906 0.2617012858390808 0.9066247940063477 0.2600054144859314 0.9015573859214783 0.2600054144859314 0.8935340046882629 0.2735721270243327 0.8838214874267578 0.2910957336425781 0.8770649433135986 0.3012707630793254
1 0.6076484322547913 0.7794961929321289 0.6203168630599976 0.7698864936828613 0.6283403038978577 0.7608420848846436 0.6524103879928589 0.7568851312001547 0.6612783670425415 0.7540586789449056 0.6642343401908875 0.7653642495473226 0.6642343401908875 0.7789309024810791 0.6579000353813171 0.7913670539855957 0.6414310336112976 0.8021074136098226 0.6220059990882874 0.8173698584238688 0.6063815355300903 0.8145434856414795 0.6063815355300903 0.7947587172190348
1 0.6287625432014465 0.8185003598531088 0.6414310336112976 0.8071948687235514 0.656633198261261 0.7964545885721842 0.6663457155227661 0.7913670539855957 0.680703341960907 0.7964545885721842 0.6849262118339539 0.8145434856414795 0.6836593151092529 0.8365893363952637 0.6709908246994019 0.8484601974487305 0.66507887840271 0.8501559893290201 0.6553663611412048 0.8445032437642416 0.6473429799079895 0.8439379533131918 0.6350967884063721 0.8258489767710367
1 0.6836593151092529 0.789671262105306 0.7039289474487305 0.7851489384969076 0.7144860029220581 0.7834531466166178 0.7225093841552734 0.8049337069193522 0.7288435697555542 0.8224573930104574 0.7199756503105164 0.839415709177653 0.7102631330490112 0.8450684547424316 0.6904158592224121 0.8360240459442139 0.6878821849822998 0.819631020228068 0.68619304895401 0.8043684164683024
1 0.662122905254364 0.7444489796956381 0.6743690967559814 0.7331434090932211 0.6832370758056641 0.7110975583394369 0.7009729743003845 0.7077058156331381 0.7241985201835632 0.7026184399922689 0.7330664396286011 0.7048795223236084 0.7368670105934143 0.7116628487904867 0.7279990315437317 0.7354045708974203 0.7153306007385254 0.7664948304494222 0.7115299701690674 0.7778004010518392 0.6870375871658325 0.782887856165568 0.6718354225158691 0.7862795193990072 0.6684571504592896 0.7681907018025717 0.6655011773109436 0.7517975171407064
1 0.6663457155227661 0.8569393157958984 0.6828147768974304 0.8445032437642416 0.6925272345542908 0.8416768709818522 0.7039289474487305 0.8490254084269205 0.7094185948371887 0.8529823621114095 0.7123746275901794 0.8727671305338541 0.7144860029220581 0.8897255261739095 0.7161751389503479 0.9015963077545166 0.7043511867523193 0.9174241224924723 0.6954832673072815 0.9321214358011881 0.6811256408691406 0.9332519372304281 0.6693016886711121 0.9366435209910074 0.6697239875793457 0.9219463666280111 0.6743690967559814 0.9032922585805258 0.6688794493675232 0.8857685724894205 0.6663457155227661 0.8665490945180258
1 0.5772440433502197 0.6472210884094238 0.5848450660705566 0.6398724714914957 0.5916016697883606 0.638176679611206 0.5987804532051086 0.6404377222061157 0.6131380796432495 0.6387418905893961 0.624117374420166 0.6325238943099976 0.6329853534698486 0.620087742805481 0.6359413266181946 0.6127391656239828 0.6524103879928589 0.6116085847218832 0.6693016886711121 0.6076515913009644 0.6756359338760376 0.601433515548706 0.689149022102356 0.6138696670532227 0.701817512512207 0.631393313407898 0.7081517577171326 0.6404377222061157 0.6950610280036926 0.6596572399139404 0.6866152882575989 0.6636141538619995 0.6739467978477478 0.6517433325449625 0.6570554971694946 0.6449600060780843 0.6363636255264282 0.6500474611918131 0.6190500259399414 0.6562655766805013 0.605536937713623 0.6619183222452799 0.5975136160850525 0.6641794443130493 0.5928685069084167 0.6641794443130493 0.5894901752471924 0.6562655766805013 0.5823113918304443 0.6523085832595825
1 0.6207391619682312 0.5844751993815104 0.6376304626464844 0.5793876647949219 0.646498441696167 0.5754307508468628 0.6498767137527466 0.5697779655456543 0.6604337692260742 0.5731696287790934 0.6701462864875793 0.5799530347188314 0.6688794493675232 0.597476601600647 0.6587446331977844 0.6048251787821451 0.6384750604629517 0.6065210501352946 0.6325631141662598 0.6065210501352946 0.627918004989624 0.5935196876525879
1 0.646498441696167 0.552254319190979 0.6574777364730835 0.5511237382888794 0.6697239875793457 0.5528196096420288 0.689149022102356 0.5612987677256266 0.6794365048408508 0.5737348794937134 0.6714131236076355 0.5765612920125326 0.6600115299224854 0.5680821736653646 0.6481875777244568 0.5641251802444458 0.6426979303359985 0.5567765235900879
1 0.6937940716743469 0.5675168037414551 0.7111077308654785 0.5765612920125326 0.717441976070404 0.5788224538167318 0.7115299701690674 0.5663863023122152 0.7089962959289551 0.5533849000930786 0.6992838382720947 0.5590376853942871
1 0.7085739970207214 0.5454710324605306 0.7140637636184692 0.5482974052429199 0.7220870852470398 0.5426446199417114 0.7347555756568909 0.5369918346405029 0.7410898208618164 0.5262515544891357 0.7410898208618164 0.5109890302022299 0.7347555756568909 0.4883778889973958 0.7279990315437317 0.49063897132873535 0.7216647863388062 0.4996834595998128 0.7127968668937683 0.5177723169326782 0.7102631330490112 0.5364265441894531
1 0.6870375871658325 0.4018903175989787 0.7102631330490112 0.39680278301239014 0.7246207594871521 0.405281941095988 0.7296882271766663 0.42167504628499347 0.7267321944236755 0.44372089703877765 0.723353922367096 0.46576674779256183 0.7115299701690674 0.46802786986033124 0.7013952136039734 0.4702889521916707 0.6933718323707581 0.4691583712895711 0.6866152882575989 0.4652014970779419 0.6840816140174866 0.45050422350565594 0.6836593151092529 0.4295889139175415 0.680703341960907 0.41997917493184406 0.6845039129257202 0.4120653072992961
1 0.6866152882575989 0.3911500374476115 0.6963278651237488 0.3781485954920451 0.7051957845687866 0.38040971755981445 0.7161751389503479 0.3775833447774251 0.7296882271766663 0.3679736057917277 0.7436234951019287 0.36401665210723877 0.7474241256713867 0.3736263910929362 0.7453126311302185 0.3956722418467204 0.7394006848335266 0.41545697053273517 0.7334887385368347 0.41545697053273517 0.7284213304519653 0.40245556831359863 0.7208202481269836 0.3956722418467204 0.7056180238723755 0.3928458293279012
1 0.6160940527915955 0.46689732869466144 0.63087397813797 0.4782028595606486 0.6393195986747742 0.4810292323430379 0.6418532729148865 0.476507027943929 0.6359413266181946 0.4697237014770508 0.6321408152580261 0.4646361668904622 0.6236951351165771 0.4640709161758423
1 0.6414310336112976 0.4872473080952962 0.6507212519645691 0.47989869117736816 0.6646566390991211 0.4725500742594401 0.6811256408691406 0.4714194933573405 0.6739467978477478 0.48611676692962646 0.6642343401908875 0.4889431794484456 0.6625452041625977 0.5053362051645914 0.662122905254364 0.5160764853159586 0.6532549262046814 0.5234251817067465 0.6524103879928589 0.5075973272323608 0.6511435508728027 0.4985528786977132 0.6481875777244568 0.491204301516215
1 0.6769028306007385 0.594084898630778 0.6760582327842712 0.5810835361480713 0.68619304895401 0.574865460395813 0.6959055662155151 0.5737348794937134 0.7102631330490112 0.5816488265991211 0.7199756503105164 0.5901280244191488 0.7178642749786377 0.6144349575042725 0.7115299701690674 0.6285669008890787 0.7051957845687866 0.6246099472045898 0.6937940716743469 0.6110432942708334 0.6853484511375427 0.601433515548706
1 0.6764804720878601 0.6913128693898519 0.6836593151092529 0.7009225686391195 0.6967501044273376 0.7026184399922689 0.7153306007385254 0.6986614863077799 0.7258875966072083 0.6964003245035807 0.7258875966072083 0.6822683016459147 0.7225093841552734 0.6602224508921305 0.7136414647102356 0.6449600060780843 0.7035066485404968 0.6562655766805013 0.6921049952507019 0.6675710678100586 0.6866152882575989 0.669266939163208 0.6849262118339539 0.6794420083363851 0.6828147768974304 0.6862252553304037
1 0.6646566390991211 0.9547324975331625 0.6646566390991211 0.9439922968546549 0.6777474284172058 0.9417311350504557 0.6954832673072815 0.9383394718170166 0.7056180238723755 0.9496450424194336 0.7136414647102356 0.9637769063313802 0.7157528400421143 0.9722561041514078 0.7051957845687866 0.9863880475362142 0.6950610280036926 0.9875186284383138 0.6832370758056641 0.9846922556559244 0.6701462864875793 0.9852574666341146 0.6642343401908875 0.985822836558024 0.6642343401908875 0.9728213946024576 0.66507887840271 0.9615159034729004
1 0.6794365048408508 1.0 0.6828147768974304 0.9914755821228027 0.6959055662155151 0.9920408725738525 0.704773485660553 0.9993894894917806 0.7073071599006653 1.0 0.6933718323707581 1.0
1 0.7136414647102356 1.0 0.7060403227806091 0.9931713740030924 0.7178642749786377 0.9801700115203857 0.727576732635498 0.9784742196400961 0.74151211977005 0.9943020343780518 0.7457349300384521 1.0 0.7229316234588623 1.0
1 0.6992838382720947 0.9349477291107178 0.7056180238723755 0.923076868057251 0.7199756503105164 0.9072491327921549 0.7271544933319092 0.9027268886566162 0.7402452826499939 0.9083797136942545 0.7495355010032654 0.9140324592590332 0.7508023381233215 0.9315560658772787 0.7554474472999573 0.9524714152018229 0.7448903322219849 0.9632116953531901 0.7309550642967224 0.975647767384847 0.7165974378585815 0.9592547416687012 0.7081517577171326 0.9422964255015055
1 0.7144860029220581 0.8512865702311198 0.7267321944236755 0.8331977526346842 0.7330664396286011 0.8275448481241862 0.7465795278549194 0.8292407194773356 0.7626262307167053 0.8315018018086752 0.7752947211265564 0.8331977526346842 0.7537583112716675 0.8676796754201254 0.7453126311302185 0.8902907371520996 0.7419343590736389 0.9021615982055664 0.7292659282684326 0.8970741430918375 0.7191311120986938 0.8965088526407877 0.7178642749786377 0.876158873240153 0.7161751389503479 0.8637226422627767
1 0.7187088131904602 0.778365691502889 0.727576732635498 0.7727128664652506 0.7465795278549194 0.7693212032318115 0.7676936984062195 0.7563198407491049 0.7782506942749023 0.761407216389974 0.787118673324585 0.7636683781941732 0.789652407169342 0.7744087378184 0.8002094626426697 0.7794961929321289 0.8124556541442871 0.7862795193990072 0.8234350085258484 0.8286754290262858 0.8137224912643433 0.8343282540639242 0.7879632711410522 0.8303712209065756 0.7613593935966492 0.8264143466949463 0.7427789568901062 0.823587973912557 0.7326442003250122 0.8213268915812174 0.7246207594871521 0.7964545885721842 0.7208202481269836 0.7885406812032064
1 0.7195534110069275 0.6426988840103149 0.7263098955154419 0.6376113096872965 0.7453126311302185 0.6404377222061157 0.7588257193565369 0.6477863788604736 0.7740278840065002 0.6557002862294515 0.7765616178512573 0.6658752759297689 0.7714942097663879 0.6850947539011637 0.7643154263496399 0.7048795223236084 0.7465795278549194 0.7065753142038981 0.738978385925293 0.7054447333017985 0.7309550642967224 0.6958349545796713 0.7292659282684326 0.6737891832987467 0.7267321944236755 0.6641794443130493 0.7237762212753296 0.6528738737106323
1 0.7647377252578735 0.5867363214492798 0.7723387479782104 0.6019988059997559 0.7719165086746216 0.6150002479553223 0.7748724818229675 0.6302627325057983 0.7748724818229675 0.6489169597625732 0.7795175313949585 0.6641794443130493 0.7858518362045288 0.6658752759297689 0.7913414835929871 0.6500474611918131 0.7951420545578003 0.6336544354756674 0.7909192442893982 0.6127391656239828 0.7854295372962952 0.5969113111495972 0.7790952920913696 0.594084898630778 0.7736056447029114 0.589562733968099
1 0.7744501829147339 0.7224032084147135 0.7947197556495667 0.7286211649576823 0.8031654357910156 0.7235337098439535 0.8078105449676514 0.7127933502197266 0.7993649244308472 0.6952697436014811 0.7926083207130432 0.6720933119455973 0.7803621292114258 0.6720933119455973 0.7765616178512573 0.6845294634501139 0.7714942097663879 0.7009225686391195 0.7693827748298645 0.7088364760080973
1 0.7736056447029114 0.7286211649576823 0.7892301082611084 0.7320129076639811 0.7968311905860901 0.7337086995442709 0.7951420545578003 0.7523628870646158 0.7740278840065002 0.7472753524780273 0.7714942097663879 0.7376656532287598
1 0.7985202670097351 0.6421335935592651 0.794297456741333 0.6607877413431803 0.7980980277061462 0.6788767178853353 0.8040100336074829 0.6952697436014811 0.811188817024231 0.7110975583394369 0.8204790353775024 0.7116628487904867 0.8339921236038208 0.6947044531504313 0.8415932059288025 0.6873558362325033 0.8373703956604004 0.6737891832987467 0.8314583897590637 0.6613530317942301 0.8373703956604004 0.6500474611918131 0.8297692537307739 0.6506127516428629 0.823857307434082 0.6534391641616821 0.8141447901725769 0.6551349957784017
1 0.7457349300384521 0.3583638270696004 0.7546029090881348 0.34536246458689374 0.763048529624939 0.348754088083903 0.7769838571548462 0.3498846689860026 0.7866964340209961 0.3498846689860026 0.7854295372962952 0.3651471932729085 0.7824735641479492 0.37419164180755615 0.7799398303031921 0.39228057861328125 0.7710719108581543 0.404716690381368 0.765582263469696 0.4120653072992961 0.7579811215400696 0.4120653072992961 0.749957799911499 0.4069777727127075 0.7508023381233215 0.382105549176534 0.7491132020950317 0.3662777741750081
1 0.7322219014167786 0.4307194948196411 0.7448903322219849 0.4120653072992961 0.7562919855117798 0.41602222124735516 0.7596702575683594 0.4245014190673828 0.7617816925048828 0.44372089703877765 0.7617816925048828 0.45672229925791424 0.7533360719680786 0.46689732869466144 0.7402452826499939 0.44824310143788654 0.7347555756568909 0.43637224038441974
1 0.7267321944236755 0.46633203824361164 0.7309550642967224 0.44259031613667804 0.7410898208618164 0.45615704854329425 0.7503800988197327 0.4708542426427205 0.768538236618042 0.4635056257247925 0.7799398303031921 0.45615704854329425 0.7917637825012207 0.4522000551223755 0.8031654357910156 0.45954867204030353 0.8099219799041748 0.4646361668904622 0.8040100336074829 0.487812598546346 0.7926083207130432 0.4883778889973958 0.7875409722328186 0.4985528786977132 0.7850072979927063 0.5155112743377686 0.7824735641479492 0.5268167654673258 0.7609370946884155 0.5200334787368774 0.7495355010032654 0.5115543206532797 0.7436234951019287 0.5036404132843018 0.738978385925293 0.48555151621500653 0.731377363204956 0.4832903544108073 0.7279990315437317 0.4832903544108073 0.7292659282684326 0.4753764867782593
1 0.7959865927696228 0.544340451558431 0.8179453611373901 0.533034880956014 0.8356812596321106 0.514945904413859 0.8432823419570923 0.5126849015553793 0.8555285334587097 0.5092931588490804 0.8622850775718689 0.5200334787368774 0.8660855889320374 0.5398182074228922 0.8555285334587097 0.5460362434387207 0.8500388264656067 0.5562113126118978 0.853417158126831 0.5658210118611654 0.8487719893455505 0.574865460395813 0.8420154452323914 0.5788224538167318 0.8289246559143066 0.5759960412979126 0.8103442192077637 0.5680821736653646 0.794297456741333 0.5590376853942871 0.797253429889679 0.5499931971232096
1 0.8597513437271118 0.5013792514801025 0.8728421330451965 0.4900737206141154 0.8690416216850281 0.46633203824361164 0.8627073168754578 0.4776376088460286
1 0.861018180847168 0.5087279081344604 0.8753758668899536 0.4951612154642741 0.8817100524902344 0.49233484268188477 0.8910003304481506 0.4974222977956136 0.8973345160484314 0.503075122833252 0.8825546503067017 0.5228598912556967 0.8711529970169067 0.5352959632873535 0.8673524260520935 0.5239903926849365
1 0.8897334933280945 0.4872473080952962 0.8931117057800293 0.4697237014770508 0.9040911197662354 0.46180979410807294 0.9040911197662354 0.44485143820444745 0.9100030660629272 0.4341111977895101 0.919293224811554 0.4307194948196411 0.9205600619316101 0.45615704854329425 0.9167595505714417 0.47989869117736816 0.9167595505714417 0.5008140405019125 0.9045133590698242 0.5025098323822021 0.8935340046882629 0.4934653441111247
1 0.8327252268791199 0.3651471932729085 0.8703084588050842 0.3668430646260579 0.8935340046882629 0.3544069131215413 0.9015573859214783 0.3668430646260579 0.9032464623451233 0.371365229288737 0.8922671675682068 0.3770180543263753 0.87495356798172 0.3871930440266927 0.8728421330451965 0.39623749256134033 0.87495356798172 0.4035861094792684 0.8707307577133179 0.41432642936706543 0.866507887840271 0.4239361683527629 0.8614404797554016 0.42789308230082196 0.8521503210067749 0.4295889139175415 0.8475051522254944 0.4188486337661743 0.8529948592185974 0.4058472315470378 0.8589068055152893 0.3894541660944621 0.8567953705787659 0.37984442710876465 0.8479273915290833 0.3747569719950358
1 0.8956454396247864 0.3476235469182332 0.9070470929145813 0.32896939913431805 0.9154927134513855 0.3187943696975708 0.9222492575645447 0.30635825792948407 0.9197155237197876 0.32501240571339923 0.9235160946846008 0.3414055109024048 0.9281612038612366 0.3594944079717 0.9349177479743958 0.3730611006418864 0.9450525641441345 0.38549721240997314 0.9425188302993774 0.3934110800425212 0.9361845850944519 0.393976370493571 0.9344954490661621 0.382105549176534 0.9290058016777039 0.3702346881230672 0.9226715564727783 0.35723332564036053 0.9167595505714417 0.34649304548899335 0.9125367403030396 0.34366663297017414 0.9024019241333008 0.34931941827138263
1 0.9235160946846008 0.42902366320292157 0.9290058016777039 0.4222403367360433 0.9416742920875549 0.43128474553426105 0.9454748034477234 0.44654730955759686 0.9463194012641907 0.46011396249135333 0.9446302652359009 0.476507027943929 0.9420965909957886 0.487812598546346 0.9353399872779846 0.5008140405019125 0.9218270182609558 0.506466786066691 0.9218270182609558 0.4782028595606486 0.9247829914093018 0.45728758970896405 0.9239383935928345 0.43919865290323895
1 0.9378737211227417 0.3990639050801595 0.9463194012641907 0.3973680337270101 0.9526535868644714 0.3928458293279012 0.9619438648223877 0.3945416609446208 0.967433512210846 0.4075431029001872 0.9834802746772766 0.41093472639719647 0.9986824989318848 0.41432642936706543 1.0 0.4194139242172241 0.9974156618118286 0.44654730955759686 0.9936150908470154 0.457852840423584 0.9910814166069031 0.4635056257247925 0.9788351655006409 0.46124450365702313 0.9767237901687622 0.44824310143788654 0.9602547287940979 0.44089452425638836 0.9547650218009949 0.44089452425638836 0.9492753744125366 0.43750282128651935 0.945897102355957 0.42732779184977215 0.9370291233062744 0.42167504628499347 0.9391406178474426 0.41093472639719647
1 0.7993649244308472 0.14073171218236288 0.8006317615509033 0.132817804813385 0.8158338665962219 0.13168724377950033 0.8234350085258484 0.12490389744440715 0.8306137919425964 0.10285804669062297 0.835258960723877 0.09946637352307637 0.8382149338722229 0.11190249522527058 0.8475051522254944 0.12999141216278076 0.8576399683952332 0.15203726291656494 0.8703084588050842 0.1712567408879598 0.8787540793418884 0.1870845158894857 0.8787540793418884 0.19556371370951334 0.8694639205932617 0.20630397399266562 0.8597513437271118 0.19499842325846353 0.8445491790771484 0.19443313280741373 0.8369480967521667 0.1961289644241333 0.8251241445541382 0.1763442357381185 0.8149893283843994 0.16447338461875916 0.8200567960739136 0.1548636555671692 0.8162561655044556 0.14468863606452942 0.8094996809959412 0.14186225334803262
1 0.8002094626426697 0.0013020833333333333 0.8225904703140259 0.0013020833333333333 0.8403263688087463 0.004499615480502446 0.8449714183807373 0.009021842231353125 0.835258960723877 0.03332880884408951 0.8285024166107178 0.045764933029810585 0.8141447901725769 0.04802605013052622 0.8002094626426697 0.044634381930033364 0.8014762997627258 0.03502464791138967 0.7938752174377441 0.014674625049034754 0.7968311905860901 0.004499615480502446
1 0.8086550831794739 0.06046216686566671 0.8175230622291565 0.05424411098162333 0.8230127692222595 0.0695066253344218 0.8289246559143066 0.08759553233782451 0.8306137919425964 0.093248317639033 0.8171008229255676 0.08194275200366974 0.8056991100311279 0.08476914962132771 0.8094996809959412 0.07233301798502605
1 0.8327252268791199 0.046895494063695274 0.8415932059288025 0.06102745234966278 0.8483496904373169 0.073463574051857 0.8529948592185974 0.08307330310344696 0.8652409911155701 0.09098719557126363 0.8711529970169067 0.09042192498842876 0.8812877535820007 0.07007189591725667 0.8855106234550476 0.05820105969905853 0.8660855889320374 0.019762131075064342 0.8601736426353455 0.009587121506532034 0.8504611253738403 0.012413511673609415 0.8399040699005127 0.02767602602640788
1 0.8318806290626526 0.0013020833333333333 0.8614404797554016 0.0013020833333333333 0.859329104423523 0.0028037807593743005 0.8475051522254944 0.0033690587927897773
1 0.866507887840271 0.0013020833333333333 0.8669301271438599 0.012413511673609415 0.8745312690734863 0.02541491389274597 0.8825546503067017 0.04519965251286825 0.8926894664764404 0.055374667048454285 0.9066247940063477 0.05593994756539663 0.9171818494796753 0.047460769613583885 0.9247829914093018 0.044634381930033364 0.9260498285293579 0.02767602602640788 0.9150704145431519 0.0013020833333333333 0.9028242230415344 0.0013020833333333333 0.8753758668899536 0.0013020833333333333
1 0.8859328627586365 0.07685524225234985 0.9074693322181702 0.07289828856786092 0.9188709855079651 0.07120245695114136 0.9290058016777039 0.08476914962132771 0.9412519931793213 0.09098719557126363 0.9589878916740417 0.09494414925575256 0.9733455181121826 0.09494414925575256 0.988547682762146 0.09946637352307637 1.0 0.10568443934122722 1.0 0.08646498123804729 0.9961487650871277 0.0678107887506485 0.9750346541404724 0.07007189591725667 0.9560319185256958 0.05707050363222758 0.9484307765960693 0.046895494063695274 0.9336508512496948 0.05198299388090769 0.9285835027694702 0.05028716226418813 0.919293224811554 0.05311355491479238 0.9045133590698242 0.06159272789955139 0.8918448686599731 0.06102745234966278 0.8863552212715149 0.0678107887506485
0 0.9180263876914978 0.0013020833333333333 0.9256275296211243 0.014109348257382711 0.93027263879776 0.0327635332942009 0.9336508512496948 0.044069101413091026 0.9429411292076111 0.038981594145298004 0.9416742920875549 0.016370460391044617 0.9344954490661621 0.0013020833333333333 0.9243606925010681 0.0013020833333333333
0 0.9446302652359009 0.016370460391044617 0.9471639394760132 0.010717677573362986 0.9505422115325928 0.0016732239164412022 0.9589878916740417 0.006760728855927785 0.9691226482391357 0.012413511673609415 0.9796797633171082 0.016370460391044617 0.9931927919387817 0.016935739666223526 1.0 0.016935739666223526 1.0 0.07063718140125275 0.9953042268753052 0.06272328893343608 0.9809466004371643 0.06215800344944 0.9661666750907898 0.05707050363222758 0.9556095600128174 0.04519965251286825 0.945897102355957 0.035589925944805145
1 0.9395628571510315 0.0013020833333333333 0.9429411292076111 0.006195450822512309 0.9471639394760132 0.0013020833333333333 0.9594101905822754 0.0013020833333333333 0.9708117842674255 0.00506489413479964 0.9868585467338562 0.010717677573362986 0.9999493360519409 0.010717677573362986 1.0 0.010717677573362986 1.0 0.0013020833333333333 0.9725009202957153 0.0013020833333333333 0.9518090486526489 0.0013020833333333333
1 0.8728421330451965 0.09777054190635681 0.8812877535820007 0.08307330310344696 0.8931117057800293 0.08589969078699748 0.9049356579780579 0.11812057097752889 0.9100030660629272 0.13451363643010458 0.8998682498931885 0.14016642173131308 0.8884666562080383 0.14525392651557922 0.8833991885185242 0.1254691779613495 0.8766427040100098 0.11190249522527058
1 0.8996163606643677 0.08527855078379314 0.9042664766311646 0.07983192801475525 0.9164729118347168 0.07827575504779816 0.9310044050216675 0.09694989522298177 0.9373982548713684 0.11095549662907918 0.9350732564926147 0.12885155280431113 0.9292606115341187 0.13818862040837607 0.9164729118347168 0.13507625460624695 0.9118228554725647 0.1327419877052307 0.9065914750099182 0.10862121979395549
1 0.8869423270225525 0.15165791908899942 0.8991464972496033 0.14533400535583496 0.905445396900177 0.1463879942893982 0.9050517082214355 0.1579818328221639 0.9011148810386658 0.16325175762176514 0.897178053855896 0.17010265588760376 0.8995401859283447 0.18907439708709717 0.8940286040306091 0.18643943468729654 0.8889107704162598 0.16325175762176514
1 0.9389083981513977 0.10053964455922444 0.962922990322113 0.09948565562566121 0.9916618466377258 0.1063365638256073 1.0 0.11090739568074544 1.0 0.17221063375473022 1.0 0.18380447228749594 0.9959923028945923 0.18749340375264487 0.9822134375572205 0.18643943468729654 0.980245053768158 0.1827504833539327 0.980245053768158 0.17589958508809408 0.9664661288261414 0.1653597354888916 0.9361526370048523 0.14533400535583496 0.940876841545105 0.11898438135782878
0 1.0 0.19223634401957193 0.9995355010032654 0.19697928428649902 0.9983543753623962 0.2159510056177775 0.9991417527198792 0.22385589281717935 1.0 0.23307398955027261 1.0 0.20330317815144858
0 0.9889060258865356 0.26232635974884033 0.9999291300773621 0.24282761414845785 1.0 0.24282761414845785 1.0 0.2570616801579793 1.0 0.2828790545463562 0.9959923028945923 0.2718122402826945
1 0.9270979166030884 0.234922726949056 0.9361526370048523 0.2069921294848124 0.9456009864807129 0.19645229975382486 0.9597735404968262 0.19697928428649902 0.9715840220451355 0.19697928428649902 0.9782766103744507 0.19223634401957193 0.9952049255371094 0.19381731748580933 0.9932365417480469 0.21647799015045166 1.0 0.23439574241638184 0.9920554757118225 0.24967853228251138 0.9845755100250244 0.26338034868240356 0.9609546065330505 0.2681232690811157 0.9515062570571899 0.2712852358818054 0.9440262317657471 0.26021838188171387 0.9467820525169373 0.24967853228251138 0.9345778822898865 0.2423006296157837
1 0.9270979166030884 0.29658085107803345 0.9440262317657471 0.2955269018809001 0.950718879699707 0.2834060589472453 0.9467820525169373 0.2728661894798279 0.940876841545105 0.26232635974884033 0.9298537373542786 0.26232635974884033 0.9270979166030884 0.27233922481536865 0.9255231618881226 0.28498703241348267
1 0.9452072978019714 0.3002698024113973 0.9534746408462524 0.28814899921417236 0.9566240906715393 0.2765551408131917 0.9668598175048828 0.2712852358818054 0.9814260601997375 0.26917725801467896 0.9948112964630127 0.27550117174784344 1.0 0.2874961296717326 1.0 0.3282004197438558 1.0 0.372467835744222 1.0 0.3782647450764974 0.9830008149147034 0.36245493094126385 0.9806386828422546 0.35244210561116535 0.9731587767601013 0.33399732907613117 0.9641040563583374 0.3266194462776184 0.9515062570571899 0.3297814130783081 0.9483568072319031 0.3176605701446533
1 0.9936302304267883 0.4694344202677409 1.0 0.47786633173624676 1.0 0.48313625653584796 1.0 0.43043700853983563 1.0 0.4504626989364624
1 0.9743397831916809 0.5147558053334554 0.9739461541175842 0.5094858805338541 0.9849691987037659 0.5110668341318766 0.9940239191055298 0.5031619866689047 0.9948112964630127 0.4878791570663452 0.9967796802520752 0.48366324106852215 1.0 0.48893316586812335 1.0 0.5316142241160074 1.0 0.5442673365275065 0.9889060258865356 0.5521722634633383 0.9814260601997375 0.5511182546615601 0.9731587767601013 0.5374165376027426 0.9727650284767151 0.5237146615982056
1 0.9003275632858276 0.6554628213246664 0.9105632901191711 0.6612597306569418 0.9156811237335205 0.6739075183868408 0.9223737716674805 0.6712725957234701 0.9247357845306396 0.6596787770589193 0.9239484667778015 0.6443959871927897 0.9180432558059692 0.6354370911916097 0.9105632901191711 0.6380720933278402 0.9058390855789185 0.6470309098561605
1 0.9235547780990601 0.6322751045227051 0.9361526370048523 0.6243702173233032 0.9456009864807129 0.6154114007949829 0.9538683295249939 0.6101414362589518 0.9597735404968262 0.607506513595581 0.9692219495773315 0.5990746021270752 0.9865438938140869 0.6059254805246989 0.9668598175048828 0.6090874671936035 0.9538683295249939 0.6180463631947836 0.9432388544082642 0.6285861730575562 0.9330031871795654 0.6375450293223063 0.9298537373542786 0.6443959871927897
1 0.9515062570571899 0.6760155359903971 0.9731587767601013 0.6775964895884196 0.9892997145652771 0.68023149172465 0.9955986738204956 0.6470309098561605 0.9885123372077942 0.6322751045227051 0.9837881922721863 0.6296401818593343 0.9751271605491638 0.6322751045227051 0.9660724997520447 0.6380720933278402 0.9566240906715393 0.6544088125228882
1 0.9881186485290527 0.6254242261250814 0.9940239191055298 0.610668420791626 1.0 0.6080334981282552 1.0 0.6338561375935873 0.9959923028945923 0.636491060256958
1 0.992449164390564 0.6839203834533691 1.0 0.7060541311899821 1.0 0.6639723777770996 1.0 0.6438690026601156 1.0 0.6470309098561605 0.9952049255371094 0.6617867151896158 0.9920554757118225 0.6760155359903971
1 0.8542667627334595 0.7028921445210775 0.8696203231811523 0.7097430229187012 0.8751319050788879 0.7134319941202799 0.8936349749565125 0.6939332485198975 0.903083324432373 0.6860283215840658 0.8979654312133789 0.6728535493214926 0.8845802545547485 0.6717995802561442 0.8704077005386353 0.6691645781199137 0.8700140118598938 0.6807583967844645 0.868439257144928 0.6934062639872233 0.8609592914581299 0.6965682506561279
1 0.8837928771972656 0.718174934387207 0.8999338746070862 0.6976222197214762 0.9129253625869751 0.684447447458903 0.9192243218421936 0.6791775226593018 0.9294599890708923 0.6865553061167399 0.9369400143623352 0.6965682506561279 0.9298537373542786 0.7055270671844482 0.9345778822898865 0.7260797818501791 0.9235547780990601 0.7376736005147299 0.9066264629364014 0.7345116933186849 0.8940286040306091 0.729241689046224
1 0.9239484667778015 0.6781235535939535 0.9286726117134094 0.6702186266581217 0.9436326026916504 0.6770695050557455 0.9518998861312866 0.6791775226593018 0.9751271605491638 0.6823395093282064 0.9881186485290527 0.6865553061167399 0.9979607462882996 0.700257142384847 1.0 0.729241689046224 1.0 0.753093401590983 1.0 0.765077273050944 0.9928428530693054 0.760861317316691 0.984181821346283 0.7439975738525391 0.9751271605491638 0.7334577242533366 0.962922990322113 0.7313497066497803 0.9475694298744202 0.709216038386027 0.940876841545105 0.6976222197214762 0.9330031871795654 0.6870823701222738
1 0.9393020868301392 0.729241689046224 0.9499315023422241 0.7345116933186849 0.9570177793502808 0.7424165407816569 0.9585925340652466 0.7355656623840332 0.953080952167511 0.7260797818501791 0.94481360912323 0.7118509610493978 0.9393020868301392 0.7044730981191 0.9337905645370483 0.7055270671844482 0.9333968162536621 0.7155399322509766
1 0.9865438938140869 0.7729821999867758 0.9932365417480469 0.7666582266489664 1.0 0.7687662442525228 0.9936302304267883 0.786156972249349 0.9885123372077942 0.7845760186513265
1 0.8038753867149353 0.7735091050465902 0.8125364184379578 0.7793060938517252 0.8263152837753296 0.7656042575836182 0.8310394883155823 0.760861317316691 0.8263152837753296 0.7429436047871908 0.8208037614822388 0.7429436047871908 0.8101743459701538 0.7629693349202474
1 0.829071044921875 0.7382005850474039 0.8337952494621277 0.7250258127848307 0.8397005200386047 0.7165939013163248 0.8471804261207581 0.7107969919840494 0.8530856370925903 0.7086890538533529 0.8613530397415161 0.7129050095876058 0.8708013892173767 0.7155399322509766 0.8648961782455444 0.7339847087860107 0.8637150526046753 0.7555913925170898 0.8641088008880615 0.7624422709147135 0.8499361872673035 0.760334332784017 0.835763692855835 0.7598073482513428 0.831433117389679 0.7471595605214437
1 0.8723760843276978 0.72239089012146 0.8841865658760071 0.7250258127848307 0.9007212519645691 0.7376736005147299 0.9129253625869751 0.7445245583852133 0.9148937463760376 0.7587533791859945 0.912138044834137 0.7729821999867758 0.8995401859283447 0.7787790298461914 0.8833991885185242 0.7793060938517252 0.8700140118598938 0.7677122751871744 0.8668645620346069 0.7492674986521403 0.8696203231811523 0.7318766911824545 0.8731634616851807 0.7239718437194824
1 0.9172558784484863 0.7450515429178873 0.9259169101715088 0.7397816181182861 0.9337905645370483 0.735038677851359 0.9404831528663635 0.7345116933186849 0.9534746408462524 0.7439975738525391 0.9601672887802124 0.7513755162556967 0.9633166790008545 0.7793060938517252 0.9644977450370789 0.7940618197123209 0.9617419838905334 0.8003857135772705 0.9428452253341675 0.7945888837178549 0.9274916052818298 0.7835219701131185 0.9184369444847107 0.777198076248169 0.9188305735588074 0.7587533791859945
1 0.8172606229782104 0.7882649103800455 0.8239532113075256 0.7724550565083822 0.8345826268196106 0.7645502885182699 0.8491488099098206 0.7634962399800619 0.8672582507133484 0.7714011669158936 0.8778876662254333 0.7808869679768881 0.8739508390426636 0.7988048394521078 0.8700140118598938 0.8183035055796305 0.8570224642753601 0.8293703397115072 0.8519046306610107 0.8351672490437826 0.829071044921875 0.8314782778422037 0.8219848275184631 0.8103986581166586
1 0.8806434869766235 0.7866839567820231 0.8987528085708618 0.7835219701131185 0.9141064286231995 0.7793060938517252 0.9211927056312561 0.7877380053202311 0.9085948467254639 0.8019667466481527 0.9026896357536316 0.8388562202453613 0.9026896357536316 0.8509770234425863 0.8841865658760071 0.8362212975819906 0.872769832611084 0.8246273994445801 0.8771002888679504 0.8035477002461752
1 0.9105632901191711 0.8109256426493326 0.9290663599967957 0.8320053418477377 0.9353652596473694 0.8356942335764567 0.9326094388961792 0.8599359194437662 0.9196179509162903 0.86678679784139 0.9046580195426941 0.8625709215799967 0.9066264629364014 0.8372752666473389
1 0.7345873713493347 0.9800902207692465 0.7452167868614197 0.969550371170044 0.7578145861625671 0.9595375061035156 0.7676566243171692 0.9648073514302572 0.7767113447189331 0.9758742650349935 0.7786797881126404 0.9858872095743815 0.7719871401786804 1.0 0.7644867300987244 1.0 0.7534840703010559 1.0 0.7487598657608032 0.9990619023640951
1 0.7538777589797974 0.9163241386413574 0.7688376903533936 0.9094732602437338 0.7802544832229614 0.9189591407775879 0.7908838987350464 0.9273908933003744 0.7818292379379272 0.9495246410369873 0.7759239673614502 0.9621725082397461 0.7645071744918823 0.9547945658365885 0.7597829699516296 0.952686627705892 0.7538777589797974 0.9358228047688802
1 0.7708061337471008 0.9052573045094808 0.7806481719017029 0.8947173754374186 0.7873407006263733 0.8883935610453287 0.7971828579902649 0.8905014991760254 0.8066311478614807 0.8894475301106771 0.8172606229782104 0.8889205455780029 0.8263152837753296 0.8920825322469076 0.8145048022270203 0.910527229309082 0.8046627640724182 0.9200131098429362 0.7936396598815918 0.9205400149027506 0.7857660055160522 0.9179051717122396 0.7771050333976746 0.9100001653035482
1 0.8066311478614807 0.9584835370381674 0.8145048022270203 0.9626994927724203 0.8239532113075256 0.9479436874389648 0.835763692855835 0.9463626543680826 0.8452119827270508 0.9363498687744141 0.8487551808357239 0.9237020015716553 0.8503299355506897 0.9089461962381998 0.8400941491127014 0.8984063466389974 0.8361573219299316 0.8915554682413737 0.8302521109580994 0.8931365013122559 0.8223784565925598 0.9047302405039469 0.8164732456207275 0.9152701695760092 0.8129301071166992 0.926336924235026 0.8105679750442505 0.9395118554433187
1 0.7767113447189331 1.0 0.816866934299469 1.0 0.8137174248695374 0.9690233866373698 0.8066311478614807 0.9642804463704427 0.8011196851730347 0.9758742650349935 0.7908838987350464 0.983252207438151 0.7841913104057312 0.9811441898345947 0.781435489654541 0.9937919775644938
1 0.8385194540023804 0.9489976565043131 0.8475741147994995 0.940565824508667 0.8538730144500732 0.9489976565043131 0.8471804261207581 0.9542675813039144 0.8424562811851501 0.9537405967712402
1 0.8554477691650391 0.9126351674397787 0.8928475975990295 0.9194860458374023 0.9093822240829468 0.922648032506307 0.9176495671272278 0.9252829551696777 0.9133190512657166 0.9363498687744141 0.9042643904685974 0.9453086853027344 0.8975718021392822 0.9500516255696615 0.8778876662254333 0.9463626543680826 0.8617466688156128 0.9468897183736166 0.8519046306610107 0.9352958997090658 0.8530856370925903 0.921593983968099
1 0.8609592914581299 0.8341132799784342 0.8696203231811523 0.8277893861134847 0.8885170817375183 0.8430721759796143 0.8963907361030579 0.8488690058390299 0.8814308047294617 0.854665994644165 0.8759192824363708 0.870475689570109 0.8782813549041748 0.8868125279744467 0.8857613205909729 0.8989333311716715 0.8853675723075867 0.9068382581075033 0.8790687322616577 0.910527229309082 0.8507235646247864 0.9015682538350424 0.8420625925064087 0.8915554682413737 0.8526920080184937 0.88470458984375 0.8589909076690674 0.8688948154449463 0.8597782850265503 0.845707098642985
1 0.8542667627334595 0.9600645701090494 0.868439257144928 0.952686627705892 0.8881233930587769 0.952159563700358 0.8999338746070862 0.9595375061035156 0.8983591794967651 0.9727123578389486 0.895603358745575 0.992211103439331 0.895603358745575 1.0 0.8881233930587769 1.0 0.8755255341529846 1.0 0.874344527721405 0.9885220527648926 0.8747382164001465 0.9758742650349935 0.8672582507133484 0.969550371170044 0.8629277944564819 0.9658613999684652
1 0.8999338746070862 1.0 0.9107168316841125 1.0 0.9999291300773621 1.0 0.9648913741111755 0.9837791919708252 0.9274916052818298 0.9558485349019369 0.9204053282737732 0.9421466986338297 0.907807469367981 0.9479436874389648 0.9042643904685974 0.9569025834401449 0.9022960066795349 0.9774552981058756 0.8999338746070862 0.9937919775644938
1 0.901508629322052 0.8699487845102946 0.9168621897697449 0.8725837071736654 0.9148937463760376 0.8899745146433512 0.9058390855789185 0.9131621519724528 0.8936349749565125 0.9142162005106608 0.8912728428840637 0.9084192911783854 0.8995401859283447 0.9015682538350424 0.9011148810386658 0.8862855434417725
1 0.9223737716674805 0.8725837071736654 0.9278852939605713 0.8694217999776205 0.9518998861312866 0.8862855434417725 0.9641040563583374 0.8984063466389974 0.9452072978019714 0.9068382581075033 0.9310347437858582 0.9089461962381998 0.9227674007415771 0.9200131098429362 0.9105632901191711 0.9173781077067057 0.9168621897697449 0.9015682538350424 0.9200116991996765 0.8883935610453287
1 1.0 0.819884459177653 0.9959923028945923 0.840964158376058 0.99008709192276 0.8530849615732828 0.9806386828422546 0.8536120255788168 0.9751271605491638 0.8515040079752604 0.9869376420974731 0.86678679784139 0.9995355010032654 0.8794346650441488 1.0 0.8883935610453287 0.9944175481796265 0.9015682538350424 0.9908744692802429 0.9115811983744303 0.9932365417480469 0.9231750170389811 1.0 0.9358228047688802 1.0 0.9205400149027506 1.0 0.8989333311716715 1.0 0.8578279813130697
