0 0.0035123424369747636 0.0013717421124828531 0.013360031512605008 0.0013717421124828531 0.017463235294117613 0.0013717421124828531 0.017463235294117613 0.0026512662678239802 0.012539390756302504 0.019942133231893557 0.0035123424369747636 0.03262210233887791 0.0010504201680671954 0.013025786446265727 0.0010504201680671954 0.0013717421124828531
0 0.019104516806722677 0.008414888589180509 0.026490283613445353 0.014178510910537033 0.033055409663865526 0.03723300019596314 0.021566439075630217 0.05337114269576141 0.0051536239495798 0.049912969302947495 0.0026917016806722316 0.04645479591013358 0.011718749999999972 0.034927551267420524 0.018283876050420145 0.02455303108897878
0 0.0396205357142857 0.04299662251731966 0.058495273109243684 0.040691173588777045 0.0740874474789916 0.034927551267420524 0.06670168067226889 0.023400306624707476 0.06423975840336132 0.011873061981994426 0.0683429621848739 0.0013717421124828531 0.0740874474789916 0.0013717421124828531 0.09070815826330514 0.0013717421124828531 0.12250525210084029 0.0013717421124828531 0.11511948529411764 0.0013717421124828531 0.11511948529411764 0.014178510910537033 0.11676076680672265 0.028011204481792694 0.109375 0.03262210233887791 0.09624474789915966 0.038385724660234447 0.09378282563025209 0.0510656937672188 0.1101956407563025 0.05221841823149011 0.11511948529411764 0.04645479591013358 0.1290703781512605 0.040691173588777045 0.13235294117647056 0.03377482680314922 0.1372767857142857 0.019942133231893557 0.14794511554621848 0.025705755553250085 0.16025472689075626 0.028011204481792694 0.17666754201680668 0.022247582160436177 0.1807707457983193 0.014178510910537033 0.1914390756302521 0.021094857696164863 0.18569459033613445 0.03377482680314922 0.18651523109243695 0.049912969302947495 0.17748818277310924 0.06144021394566054 0.1717436974789916 0.07066200965983098 0.1643579306722689 0.09371649894525709 0.15779280462184875 0.10409101912369884 0.1372767857142857 0.11331281483786929 0.11922268907563022 0.1190764371592258 0.10445115546218486 0.12829823287339626 0.1028098739495798 0.14213092644465192 0.1028098739495798 0.1663381401943493 0.1019892331932773 0.18132355822987628 0.09050026260504201 0.18823990501550414 0.07901129201680668 0.1790181093013337 0.07654936974789917 0.16749086465862062 0.06998424369747897 0.14558909983746582 0.058495273109243684 0.12484005948058233 0.056033350840336116 0.10063284573088493 0.06423975840336132 0.09371649894525709 0.0757287289915966 0.08795287662390056 0.09050026260504201 0.07757835644545882 0.1019892331932773 0.07412018305264491 0.12004332983193278 0.0729674585883736 0.11922268907563022 0.06720383626701708 0.09788602941176466 0.06720383626701708 0.08311449579831931 0.06259293840993185 0.0757287289915966 0.057982040552846635 0.0740874474789916 0.04760752037440488 0.06506039915966386 0.048760244838676185 0.056033350840336116 0.057982040552846635 0.04454438025210081 0.06144021394566054 0.027310924369747885 0.06144021394566054 0.030593487394957958 0.0510656937672188
0 0.18177532327586207 0.0013717421124828531 0.18783674568965517 0.0013717421124828531 0.19389816810344826 0.004257130693912262 0.19793911637931036 0.0013717421124828531 0.20332704741379312 0.0013717421124828531 0.20534752155172412 0.0013717421124828531 0.19457165948275862 0.0013717421124828531
0 0.0009765625 0.05628872806395153 0.018790409482758598 0.06291093136559288 0.018116918103448253 0.07426327988269237 0.003973599137931015 0.08277754127051695 0.0009765625 0.08417293410907709 0.0019531249999999792 0.067641076581051
0 0.03764816810344825 0.10359018021853268 0.029566271551724123 0.13197105151128136 0.026198814655172396 0.16035192280403004 0.02283135775862067 0.183056619838229 0.018790409482758598 0.2076533749586112 0.026198814655172396 0.2000851426138782 0.034954202586206885 0.1735963294073128 0.040342133620689634 0.16035192280403004 0.03697467672413792 0.14805354524383896 0.0383216594827586 0.13480913864055624 0.04236260775862067 0.12061870299418188
0 0.04370959051724136 0.14237737098528921 0.05650592672413792 0.14710751620074733 0.06189385775862067 0.15562177758857193 0.06862877155172412 0.16792015514876305 0.07266971982758619 0.18211059079513736 0.08344558189655171 0.18967882313987036 0.08681303879310345 0.1963010264415117 0.08344558189655171 0.20103117165696985 0.0699757543103448 0.19440896835532845 0.061220366379310324 0.183056619838229 0.05381196120689654 0.17265030036422113 0.04842403017241378 0.1622439808902133 0.04505657327586205 0.15656780663166356 0.043036099137931015 0.15278369045929707
0 0.01340247844827585 0.22373586869116877 0.019463900862068943 0.2152216073033442 0.028892780172413778 0.2029232297431531 0.03966864224137929 0.1877867650536871 0.04842403017241378 0.1877867650536871 0.05246497844827585 0.1963010264415117 0.05381196120689654 0.20576131687242794 0.05852640086206894 0.2152216073033442 0.057179418103448267 0.22751998486353528 0.051791487068965504 0.23130410103590177 0.041689116379310324 0.23035807199281016 0.034954202586206885 0.22751998486353528 0.027545797413793087 0.2294120429497185 0.02013739224137929 0.2322501300789934
0 0.19187769396551724 0.02885388581429446 0.1986126077586207 0.024123740598836343 0.20534752155172412 0.03358403102975257 0.20871497844827588 0.04588240858994366 0.20332704741379312 0.05439666997776828 0.19322467672413793 0.04966652476231016 0.19053071120689655 0.04399035050376043 0.18918372844827586 0.03926020528830231
0 0.0026266163793103245 0.19062485218296196 0.006667564655172396 0.20576131687242794 0.006667564655172396 0.21427557826025254 0.0019531249999999792 0.2152216073033442 0.0009765625 0.20576131687242794
0 0.0014607405462184475 0.29313783126419296 0.023618040966386533 0.2885269334071077 0.038389574579831914 0.29774872912127814 0.04823726365546216 0.3023596269783633 0.044134059873949555 0.3092759737639912 0.022797400210084 0.3104286982282625 0.010487788865546188 0.3150395960853477 0.0009765625 0.31913176793351083
0 0.04167213760504199 0.2700833419787668 0.06629136029411761 0.2654724441216816 0.07860097163865543 0.263166995193139 0.0900899422268907 0.2677778930502242 0.10486147584033612 0.28506876001429376 0.11552980567226889 0.2954432801927355 0.1253774947478991 0.30812324929971985 0.10732339810924368 0.3104286982282625 0.09665506827731091 0.30005417804982076 0.08352481617647056 0.29774872912127814 0.07778033088235292 0.3104286982282625 0.07942161239495793 0.3242613917995182 0.07449776785714285 0.33348318751368855 0.06465007878151258 0.31965049394243295 0.05480238970588233 0.31273414715680514 0.055623030462184836 0.29429055572846424 0.04659598214285712 0.28276331108575115
0 0.10322019432773105 0.23895978144344157 0.10486147584033612 0.22743253680072853 0.11306788340336132 0.2193634655508294 0.11060596113445376 0.19285080287258938 0.12291557247899154 0.19285080287258938 0.13276326155462181 0.19400352733686066 0.15327928046218486 0.21475256769374415 0.16394761029411764 0.221668914479372 0.17051273634453779 0.24011250590771288 0.17051273634453779 0.25970882180032506 0.18364298844537813 0.28276331108575115 0.18446362920168063 0.2919851067999216 0.1778985031512605 0.3058178003711773 0.16805081407563022 0.32195594287097556 0.16312696953781508 0.3323304630494173 0.15327928046218486 0.3542322278705721 0.14671415441176466 0.3761339926917269 0.14096966911764702 0.38420306394162607 0.12619813550420167 0.3784394416202695 0.1237362132352941 0.36921764590609907 0.13030133928571425 0.3403995342993164 0.13850774684873945 0.32195594287097556 0.13522518382352938 0.30005417804982076 0.12866005777310924 0.2839160355500225 0.1245568539915966 0.2643197196574103 0.1171710871848739 0.2493343016218833
0 0.0014607405462184475 0.36345402358474255 0.020335477941176433 0.3588431257276573 0.029362526260504174 0.3611485746562 0.04577534138655459 0.357690401263386 0.055623030462184836 0.3588431257276573 0.06300879726890754 0.36806492144182773 0.06382943802521004 0.38074489054881216 0.06218815651260501 0.3911194107272539 0.05316110819327727 0.3968830330486104 0.04249277836134452 0.39803575751288167 0.029362526260504174 0.39803575751288167 0.014590992647058793 0.39803575751288167 0.003922662815126016 0.39803575751288167 0.0014607405462184475 0.38650851287016863
0 0.16430664062500003 0.16332304526748978 0.16125488281250003 0.1581790123456791 0.16979980468750003 0.1530349794238684 0.17773437500000003 0.14874828532235948 0.18261718750000003 0.14017489711934164 0.18872070312500003 0.1316015089163238 0.20031738281250003 0.1264574759945131 0.20520019531250003 0.1316015089163238 0.21374511718750003 0.14103223593964342 0.21435546875000003 0.15474965706447197 0.21740722656250003 0.162465706447188 0.22473144531250003 0.16932441700960227 0.23083496093750003 0.17532578875171476 0.23266601562500003 0.18561385459533616 0.22839355468750003 0.1924725651577504 0.21923828125000003 0.20018861454046646 0.21496582031250003 0.2087620027434843 0.21435546875000003 0.21304869684499322 0.20336914062500003 0.21219135802469144 0.19665527343750003 0.2096193415637861 0.20397949218750003 0.19675925925925933 0.20336914062500003 0.1830418381344308 0.19787597656250003 0.18046982167352546 0.19299316406250003 0.1778978052126201 0.18444824218750003 0.17189643347050762 0.17651367187500003 0.16846707818930048
0 0.17407226562500003 0.22762345679012352 0.18261718750000003 0.21733539094650214 0.19665527343750003 0.21647805212620036 0.20825195312500003 0.21819272976680393 0.22045898437500003 0.2199074074074075 0.22656250000000003 0.22076474622770928 0.23022460937500003 0.22590877914951996 0.22778320312500003 0.23533950617283958 0.22045898437500003 0.2396262002743485 0.20886230468750003 0.23876886145404672 0.20214843750000003 0.2447702331961592 0.21435546875000003 0.2516289437585735 0.22595214843750003 0.2516289437585735 0.23022460937500003 0.2662037037037038 0.22534179687500003 0.2842078189300412 0.21923828125000003 0.2962105624142662 0.21191406250000003 0.30049725651577514 0.20397949218750003 0.2902091906721537 0.19543457031250003 0.2807784636488341 0.18688964843750003 0.27734910836762694 0.17407226562500003 0.2567729766803842
0 0.21990067829457363 0.030624940185663717 0.22444282945736435 0.015737816484299415 0.2327701065891473 0.011484352569623903 0.24336845930232556 0.00510415669761063 0.25548086240310075 0.0013717421124828531 0.2668362403100776 0.0013717421124828531 0.27873667635658916 0.0013717421124828531 0.2774345930232558 0.0013717421124828531 0.2766775678294574 0.010420986590955023 0.28273376937984496 0.015737816484299415 0.2872759205426356 0.024244744313650445 0.29560319767441856 0.027434842249657074 0.3024164244186046 0.024244744313650445 0.3046875 0.0412585999723525 0.289546996124031 0.04657542986569689 0.2774345930232558 0.04763879584436577 0.2638081395348837 0.051892259759041284 0.2509387112403101 0.055082357695047914 0.2388263081395349 0.05827245563105456 0.22898498062015507 0.04976552780170352
0 0.28964566054502366 0.0013717421124828531 0.2859430539099526 0.0013717421124828531 0.28733153139810425 0.006150085490089004 0.29010848637440756 0.014601577178371983 0.29519957049763035 0.021752839376149892 0.29381109300947866 0.012001118197361835 0.29334826718009477 0.0013717421124828531 0.29751369964454977 0.0013717421124828531
0 0.17486485485781988 0.09001488762766628 0.17579050651658767 0.07701259272261556 0.17949311315165875 0.06596064205332242 0.18689832642180093 0.0568590356197869 0.19384071386255922 0.05490869138402929 0.2012459271327014 0.060109609346049586 0.20865114040284358 0.05620892087453436 0.21281657286729858 0.04840754393150391 0.22299874111374407 0.05490869138402929 0.23040395438388625 0.06140983883655465 0.23595786433649288 0.062059953581807194 0.24567720675355448 0.062059953581807194 0.255859375 0.06075972409130213 0.2692813240521327 0.0568590356197869 0.2776121889810426 0.052958347148271676 0.29334826718009477 0.0516581176577666 0.30121630627962087 0.049707773422008994 0.304456087085308 0.05360846189352421 0.3026047837677725 0.062059953581807194 0.300753480450237 0.0692112157795851 0.29519957049763035 0.07311190425110031 0.28640587973933646 0.0744121337416054 0.280389143957346 0.07961305170362569 0.28362892476303314 0.09651603508019166 0.29057131220379145 0.10626775625897972 0.29334826718009477 0.11276890371150508 0.292422615521327 0.12447096912605075 0.29195978969194314 0.13682314928584896 0.2854802280805687 0.1426741819931218 0.2776121889810426 0.13877349352160656 0.26326458827014215 0.13097211657857613 0.2521567683649289 0.11666959218302032 0.2489169875592417 0.09846637931594927 0.24984263921800948 0.0919652318634239 0.24012329680094785 0.08481396966564599 0.23410656101895733 0.07766270746786809 0.2253128702606635 0.08026316644887824 0.2216102636255924 0.08936477288241376 0.22022178613744076 0.10821810049473733 0.21651917950236965 0.11406913320201016 0.20865114040284358 0.11276890371150508 0.2017087529620853 0.10496752676847465 0.194766365521327 0.09261534660867644 0.1878239780805687 0.09131511711817136 0.18180724229857817 0.09261534660867644
0 0.29797652547393366 0.11081855947574747 0.29751369964454977 0.12382085438079822 0.2961252221563981 0.13812337877635403 0.3002906546208531 0.15307601791716238 0.3026047837677725 0.16282773909595047 0.308621519549763 0.16802865705797074 0.31880368779620855 0.1725794602747385 0.3225062944312796 0.16867877180322327 0.31787803613744076 0.14657487046463702 0.31510108116113744 0.1303220018333236 0.3090843453791469 0.11731970692827284
0 0.2961252221563981 0.08936477288241376 0.2970508738151659 0.0815633959393833 0.3030676095971564 0.07506224848685794 0.31324977784360186 0.07831282221312061 0.3225062944312796 0.09001488762766628 0.3308371593601896 0.10106683829695942 0.3359282434834123 0.10821810049473733 0.33916802428909953 0.11601947743776776 0.34009367594786727 0.12902177234281853 0.34194497926540285 0.14397441148362686 0.33870519845971564 0.15502636215292 0.328985856042654 0.16802865705797074 0.3238947719194313 0.15307601791716238 0.3220434686018957 0.1407238377573642 0.31741521030805686 0.12057028065453554 0.3095471712085308 0.10756798574948478 0.30121630627962087 0.10041672355170687
0 0.31186130035545023 0.06726087154382748 0.31602673281990523 0.04840754393150391 0.3201921652843602 0.039305937497968395 0.3266717268957346 0.04385674071473616 0.3363910693127962 0.05230823240301914 0.34425910841232227 0.06791098628908003 0.34472193424170616 0.0815633959393833 0.3428706309241706 0.09781626457069674 0.33129998518957343 0.09521580558968658 0.3201921652843602 0.07701259272261556
0 0.231329606042654 0.3143044747397916 0.24336307760663506 0.2987017208537307 0.251693942535545 0.2863495406939325 0.2618761107819905 0.26359552461009367 0.26696719490521326 0.2447421969977701 0.26604154324644547 0.21678726295191103 0.27020697571090047 0.20118450906585011 0.2766865373222749 0.19468336161332475 0.28779435722748814 0.20638542702787044 0.30121630627962087 0.22458863989494146 0.31139847452606634 0.23173990209271939 0.31510108116113744 0.2440920822525176 0.31510108116113744 0.25644426241231577 0.31186130035545023 0.26424563935534623 0.3039932612559242 0.268796442572114 0.2970508738151659 0.2778980490056495 0.29149696386255924 0.29090034391070024 0.28640587973933646 0.30000195034423577 0.2785378406398104 0.312354130504034 0.272058279028436 0.31755504846605426 0.26419023992890994 0.3227559664280746 0.26095045912322273 0.32925711388059997 0.26095045912322273 0.34160929404039814 0.2586363299763033 0.3487605562381761 0.2489169875592417 0.33835872031413544 0.24104894845971564 0.3299072286258525
0 0.23086678021327012 0.3448598677666609 0.23364373518957346 0.33445803184262024 0.24104894845971564 0.33640837607837787 0.24012329680094785 0.3461600972571659 0.23456938684834122 0.35071090047393366
0 0.3192665136255924 0.2304396726022143 0.3299115077014218 0.21548703346140594 0.33916802428909953 0.20118450906585011 0.35768105746445494 0.19078267314180952 0.3761940906398104 0.18558175517978925 0.38915321386255924 0.1849316404345367 0.39193016883886256 0.18688198467029432 0.4021123370853081 0.19663370584908235 0.4099803761848341 0.1992341648300925 0.41969971860189575 0.20573531228261788 0.4210881960900474 0.21418680397090087 0.4275677577014218 0.23173990209271939 0.4317331901658768 0.24539231174302265 0.4345101451421801 0.25384380343130564 0.44237818424170616 0.268796442572114 0.447006442535545 0.278548163750902 0.4451551392180095 0.29285068814645787 0.43960122926540285 0.30325252407049846 0.430807538507109 0.3097536715230238 0.41877406694312796 0.3195053927018119 0.41553428613744076 0.33120745811635754 0.410443202014218 0.34941067098342865 0.40905472452606634 0.36111273639797425 0.40951755035545023 0.3728148018125199 0.40951755035545023 0.391018014679591 0.41183167950236965 0.400769735858379 0.41969971860189575 0.4105214570371671 0.4271049318720379 0.41832283398019754 0.42895623518957343 0.42742444041373306 0.4275677577014218 0.43327547312100584 0.41969971860189575 0.43457570261151096 0.40581494372037913 0.43327547312100584 0.398409730450237 0.42547409617797544 0.3947071238151659 0.41117157178241964 0.38776473637440756 0.39751916213211635 0.3775825681279621 0.3858170967175707 0.38221082642180093 0.3650134248694895 0.3905416913507109 0.3455099825119134 0.394244297985782 0.330557343371105 0.38776473637440756 0.32080562219231695 0.3766569164691943 0.31690493372080175 0.3771197422985782 0.3117040157587814 0.38498778139810425 0.30065206508948833 0.38452495556872035 0.2882998849296901 0.38174800059241704 0.27984839324140715 0.3771197422985782 0.27399736053413426 0.36832605154028436 0.2707467868078716 0.36138366409952605 0.2759477047698919 0.3572182316350711 0.2850493112034274 0.3530527991706161 0.28699965543918504 0.34518476007109006 0.2915504586559528 0.333151288507109 0.29415091763696294 0.3317628110189573 0.28439919645817485 0.33407694016587675 0.278548163750902 0.34194497926540285 0.2668460983363564 0.33685389514218006 0.25709437715756833 0.3266717268957346 0.2544939181765582 0.3229691202606635 0.251893459195548 0.31695238447867297 0.24149162327150744
0 0.272058279028436 0.34030906454989307 0.2780750148104265 0.3260065401543372 0.2850174022511848 0.3143044747397916 0.292422615521327 0.30065206508948833 0.29751369964454977 0.2896001144201952 0.3058445645734597 0.27659781951514445 0.31463825533175355 0.2752975900246394 0.31463825533175355 0.28569942594868 0.31787803613744076 0.303902638815751 0.3243575977488152 0.3188552779565594 0.33453976599526064 0.32405619591857965 0.34425910841232227 0.31365435999453906 0.35860670912322273 0.312354130504034 0.3632349674170616 0.3201555074470644 0.36184648992890994 0.32795688439009485 0.3530527991706161 0.3377086055688829 0.33546541765402843 0.34095917929514563 0.3225062944312796 0.3429095235309032 0.3123241261848341 0.3448598677666609 0.3016791321090047 0.3500607857286811 0.2891828347156398 0.3500607857286811 0.2785378406398104 0.34941067098342865
0 0.0013973577235772139 0.4188832011776908 0.013306656504065012 0.4289203385861019 0.01886432926829268 0.44341842595380687 0.01489456300813008 0.45680127583168845 0.004573170731707293 0.467953650729923 0.0009765625 0.4688713318644063 0.0021913109756097338 0.4456489009334538
0 0.004573170731707293 0.4088460637692797 0.01489456300813008 0.4055003512998093 0.036331300813008116 0.4055003512998093 0.049828506097560954 0.4077308262794562 0.06094385162601623 0.4110765387489266 0.06808943089430894 0.42334415113698465 0.07205919715447154 0.4289203385861019 0.0625317581300813 0.43561176352504266 0.05618013211382111 0.43561176352504266 0.047446646341463394 0.43115081356574886 0.035537347560975596 0.4344965260352192 0.025215955284552838 0.43561176352504266 0.02045223577235772 0.43338128854539576 0.012512703252032492 0.4211136761573377
0 0.029185721544715437 0.455686038341865 0.028391768292682917 0.4445336634436303 0.045064786585365835 0.45122508838257114 0.06094385162601623 0.4456489009334538 0.06729547764227642 0.438957475994513 0.07920477642276422 0.4344965260352192 0.08476244918699186 0.4344965260352192 0.08079268292682926 0.4545708008520415 0.07682291666666666 0.467953650729923 0.06967733739837398 0.4813365006078045 0.06411966463414634 0.4891431630365687 0.050622459349593474 0.48579745056709833 0.041095020325203235 0.47129936319939336
0 0.007748983739837373 0.5270612376905662 0.024422002032520318 0.521485050241449 0.040301067073170715 0.5170241002821551 0.051416412601625994 0.5181393377719786 0.05379827235772355 0.5281764751803897 0.049034552845528434 0.5426745625480947 0.041095020325203235 0.5538269374463292 0.044270833333333315 0.5683250248140341 0.05379827235772355 0.5828231121817392 0.05776803861788615 0.5939754870799737 0.06570757113821138 0.6062430994680318 0.06888338414634146 0.6185107118560899 0.06967733739837398 0.6307783242441478 0.05459222560975607 0.6374697491830886 0.037919207317073156 0.6330087992237947 0.026803861788617878 0.626317374284854 0.02045223577235772 0.6307783242441478 0.01489456300813008 0.6385849866729121 0.009336890243902413 0.6463916491016762 0.0013973577235772139 0.6497373615711466 0.0009765625 0.6387455808714467 0.0021913109756097338 0.6062430994680318 0.007748983739837373 0.5928602495901503 0.0021913109756097338 0.5817078746919156 0.0029852642276422536 0.5638640748547403 0.0021913109756097338 0.5449050375277416
0 0.05856199186991867 0.5170241002821551 0.06332571138211382 0.5036412504042737 0.07205919715447154 0.4913736380162156 0.07682291666666666 0.4791060256281576 0.08317454268292682 0.47464507566886377 0.08952616869918698 0.4835669755874514 0.08952616869918698 0.4969498254653329 0.0903201219512195 0.5103326753432144 0.09349593495934957 0.5259460002007428 0.0942898882113821 0.5382136125888008 0.0942898882113821 0.5527116999565057 0.09270198170731705 0.5672097873242107 0.08714430894308942 0.5861688246512096 0.08714430894308942 0.5995516745290911 0.08476244918699186 0.6073583369578552 0.07602896341463414 0.6051278619782083 0.06173780487804878 0.5850535871613861 0.06094385162601623 0.5683250248140341 0.06888338414634146 0.5493659874870354 0.0665015243902439 0.5348679001193304
0 0.06967733739837398 0.38319560150334014 0.07285315040650406 0.360890851706871 0.0784108231707317 0.34750800182898955 0.0823805894308943 0.3385861019104019 0.0863503556910569 0.32854896450199067 0.08714430894308942 0.31851182709357956 0.09349593495934957 0.31405087713428576 0.10858104674796748 0.32854896450199067 0.12049034552845528 0.33635562693075494 0.12366615853658536 0.3463927643391661 0.1173145325203252 0.36200608919669447 0.11890243902439024 0.3776194140542229 0.12049034552845528 0.39100226393210435 0.11969639227642276 0.4055003512998093 0.13239964430894308 0.4110765387489266 0.13081173780487804 0.4322660510555723 0.1252540650406504 0.43784223850468956 0.1133447662601626 0.44341842595380687 0.10302337398373984 0.44007271348433646 0.09667174796747965 0.43115081356574886 0.08952616869918698 0.41553748870822044 0.07682291666666666 0.4032698763201624
0 0.3435912093495935 0.0013717421124828531 0.3435912093495935 0.0013717421124828531 0.35232469512195125 0.0051300924531879 0.3562944613821138 0.014051992371775563 0.3539126016260163 0.02520436727001014 0.344385162601626 0.024089129780186683 0.3372395833333333 0.019628179820892853 0.33485772357723576 0.027434842249657056 0.3364456300813008 0.03858721714789163 0.344385162601626 0.044163404597008925 0.3507367886178862 0.04973959204612621 0.3562944613821138 0.05197006702577312 0.36582190040650403 0.055315779495243494 0.3713795731707317 0.058661491964713874 0.3777311991869919 0.06646815439347808 0.38408282520325204 0.07315957933241883 0.39122840447154467 0.08319671674082994 0.39916793699186986 0.08319671674082994 0.3936102642276423 0.05977672945453733 0.39202235772357724 0.04973959204612621 0.39122840447154467 0.02520436727001014 0.39996189024390244 0.024089129780186683 0.40234374999999994 0.009591042412481729 0.40551956300813 0.004014854963364442 0.4134590955284552 0.0013717421124828531 0.4110772357723577 0.0013717421124828531 0.4050114329268293 0.0013717421124828531 0.38646468495934955 0.0013717421124828531 0.3689977134146341 0.0013717421124828531 0.35470655487804875 0.0013717421124828531
0 0.4410130033557047 0.1870172434427965 0.44953334731543626 0.1732077590889423 0.4606753355704698 0.16860459763765756 0.4665740352348994 0.21739810902127582 0.4659186241610739 0.2284456965043592 0.4580536912751678 0.2247631673433314 0.4587091023489933 0.2054298892479355 0.45149958053691275 0.19714419863562294
0 0.47574979026845643 0.21095368298947717 0.4816484899328859 0.1925410371843382 0.49213506711409394 0.18057281741099787 0.5006554110738255 0.18517597886228263 0.5098311661073825 0.19162040489408128 0.5137636325503356 0.20174736008690766 0.5163852768456376 0.22200127047256055 0.5144190436241611 0.2284456965043592 0.5124528104026845 0.23489012253615782 0.5144190436241611 0.24869960689001205 0.511797399328859 0.2597471943730954 0.5098311661073825 0.2661916204048941 0.509175755033557 0.28092173704900525 0.511797399328859 0.28644553079054696 0.5131082214765101 0.30025501514440117 0.509175755033557 0.3085407057567137 0.5 0.3103819703372276 0.49016883389261745 0.3103819703372276 0.4764052013422819 0.3094613380469707 0.46985109060402686 0.3057788088859429 0.4659186241610739 0.28092173704900525 0.4626415687919463 0.26711225269515104 0.46788485738255037 0.2560646652120676 0.4823039010067114 0.23489012253615782 0.484270134228188 0.22936632879461616
0 0.5281826761744967 0.23673138711667174 0.5419463087248322 0.22936632879461616 0.5458787751677853 0.2266044319238453 0.5504666526845637 0.21739810902127582 0.5458787751677853 0.2081917861187063 0.5412908976510067 0.18977914031356735 0.5353921979865772 0.18609661115253956 0.5308043204697986 0.1870172434427965 0.5255610318791947 0.19438230176485208 0.5249056208053692 0.19898546321613686 0.5268718540268457 0.2127949475699911 0.5288380872483222 0.22568379963358834
0 0.4174182046979866 0.3729849660747001 0.4187290268456376 0.35641358485007507 0.42528313758389263 0.3361596744644222 0.42856019295302017 0.32050892553005406 0.4351143036912752 0.3149851317885124 0.44560088087248323 0.31130260262748455 0.4573982802013423 0.31130260262748455 0.4626415687919463 0.31682639636902626 0.4665740352348994 0.3269533515618527 0.47116191275167785 0.3287946161423666 0.4777160234899329 0.32050892553005406 0.48885801174496646 0.3186676609495402 0.497378355704698 0.3232708224008249 0.501310822147651 0.32511208698133875 0.5065541107382551 0.32511208698133875 0.5098311661073825 0.3361596744644222 0.5157298657718121 0.35088979110853336 0.5229393875838927 0.3554929525598181 0.5235947986577182 0.3702230692039293 0.5176960989932886 0.375746862945471 0.5124528104026845 0.37758812752598486 0.5078649328859061 0.3693024369136723 0.498689177852349 0.3729849660747001 0.49082424496644295 0.373905598364957 0.4823039010067114 0.373905598364957 0.46919567953020136 0.37114370149418624 0.4593645134228188 0.37114370149418624 0.44887793624161076 0.3702230692039293 0.4410130033557047 0.3821912889772696 0.4383913590604027 0.3877150827188113 0.4338034815436242 0.3886357150090682 0.4265939597315436 0.3877150827188113 0.42331690436241615 0.3812706566870126
0 0.5150744546979866 0.31314386720799847 0.5209731543624161 0.29749311827363034 0.5249056208053692 0.2800011047587483 0.5268718540268457 0.2689535172756649 0.5288380872483222 0.2606678266633524 0.5386692533557047 0.268032884985408 0.5445679530201343 0.2800011047587483 0.5498112416107382 0.2910486922418317 0.5543991191275168 0.2984137505638873 0.5602978187919463 0.2993343828541442 0.5720952181208054 0.2947312214028595 0.5766830956375839 0.2892074276613178 0.5753722734899329 0.2781598401782344 0.5760276845637584 0.26711225269515104 0.5825817953020135 0.2625090912438663 0.588480494966443 0.2634297235341232 0.5897913171140939 0.28092173704900525 0.595034605704698 0.2928899568223456 0.596345427852349 0.3066994411761998 0.5956900167785235 0.32050892553005406 0.5897913171140939 0.33063588072288047 0.600277894295302 0.338921571335193 0.6101090604026845 0.3462866296572486 0.6114198825503356 0.35641358485007507 0.6120752936241611 0.37758812752598486 0.6055211828859061 0.3886357150090682 0.596345427852349 0.3812706566870126 0.5897913171140939 0.3766674952357279 0.5753722734899329 0.3821912889772696 0.5675073406040269 0.3840325535577835 0.5537437080536913 0.357334217140332 0.5485004194630873 0.3481278942377625 0.5426017197986578 0.35181042339879026 0.5412908976510067 0.3610167463013597 0.5471895973154363 0.373905598364957 0.5478450083892618 0.37942939210649873 0.5432571308724833 0.3831119212675266 0.5380138422818792 0.3821912889772696 0.5314597315436241 0.373905598364957 0.5288380872483222 0.36654054004290143 0.5281826761744967 0.3499691588182764 0.5275272651006712 0.3398422036254499 0.5235947986577182 0.3269533515618527
0 0.1506658976510067 0.39139761187983907 0.16180788590604026 0.3996833024921516 0.16246329697986575 0.4199372128778045 0.1703282298657718 0.4199372128778045 0.17950398489932884 0.4199372128778045 0.19785549496644295 0.4199372128778045 0.20375419463087246 0.42177847745831837 0.20506501677852348 0.4355879618121726 0.209652894295302 0.4411117555537143 0.21817323825503357 0.4484768138757699 0.22865981543624161 0.4604450336491102 0.23324769295302014 0.4678100919711658 0.2424234479865772 0.46504819510039497 0.25356543624161076 0.46504819510039497 0.2581533137583893 0.4576831367783394 0.2614303691275168 0.4420323878439712 0.2607749580536913 0.428222903490117 0.25356543624161076 0.4236197420388323 0.2424234479865772 0.42454037432908925 0.23259228187919465 0.4236197420388323 0.23324769295302014 0.4098102576849781 0.23783557046979867 0.39508014104086686 0.2483221476510067 0.39323887646035294 0.25422084731543626 0.3941595087506099 0.2647074244966443 0.4015245670726655 0.26798447986577184 0.39231824417009603 0.2660182466442953 0.3831119212675266 0.2588087248322148 0.375746862945471 0.24045721476510065 0.37942939210649873 0.23390310402684564 0.3766674952357279 0.2240719379194631 0.3702230692039293 0.2227611157718121 0.35917548172084585 0.2227611157718121 0.35088979110853336 0.22603817114093958 0.34536599736699164 0.22800440436241612 0.3287946161423666 0.22603817114093958 0.31314386720799847 0.22145029362416105 0.3066994411761998 0.21489618288590603 0.3048581765956859 0.20309878355704697 0.3048581765956859 0.19392302852348992 0.30762007346645676 0.18540268456375839 0.31682639636902626 0.17884857382550334 0.3232708224008249 0.1716390520134228 0.3297152484326235 0.1657403523489933 0.33800093904493606 0.15984165268456374 0.3472072619475055 0.16180788590604026 0.35457232026956115 0.16180788590604026 0.3674611723331584 0.16049706375838926 0.3729849660747001 0.15590918624161074 0.3840325535577835
0 0.11658452181208054 0.47793704716399227 0.11789534395973153 0.4678100919711658 0.12772651006711408 0.45952440135885325 0.13493603187919462 0.45584187219782546 0.14738884228187918 0.45584187219782546 0.15787541946308725 0.4540006076173116 0.1650849412751678 0.45860376906859635 0.1690174077181208 0.4760957825834783 0.17426069630872482 0.4880640023568187 0.18212562919463088 0.5027941190009299 0.18147021812080535 0.5073972804522145 0.17622692953020133 0.5276511908378675 0.1650849412751678 0.5396194106112078 0.15722000838926173 0.5506669980942912 0.1526321308724832 0.5552701595455759 0.1486996644295302 0.5626352178676315 0.14017932046979864 0.5681590116091733 0.13690226510067113 0.5764447022214857 0.14214555369127516 0.5874922897045691 0.14542260906040266 0.5966986126071386 0.13821308724832215 0.6031430386389373 0.12772651006711408 0.605904935509708 0.12510486577181207 0.6123493615415067 0.11986157718120805 0.6197144198635622 0.11527369966442952 0.625238213605104 0.109375 0.6215556844440762 0.10806417785234898 0.6086668323804789 0.10675335570469799 0.5966986126071386 0.10675335570469799 0.5782859668019996 0.10740876677852348 0.5571114241260898 0.10740876677852348 0.5479051012235203 0.10871958892617448 0.5396194106112078 0.11592911073825501 0.5304130877086383 0.113307466442953 0.5138417064840133 0.11789534395973153 0.5037147512911868 0.12707109899328858 0.5037147512911868 0.13755767617449663 0.49819095754964504 0.1323143875838926 0.4917465315178465 0.1264156879194631 0.48530210548604785
0 0.17884857382550334 0.43650859410242954 0.18409186241610737 0.43190543265114484 0.19523385067114093 0.43190543265114484 0.20572042785234898 0.446635549295256 0.21489618288590603 0.4576831367783394 0.21555159395973153 0.46965135655167967 0.210963716442953 0.4751751502932214 0.20178796140939598 0.4760957825834783 0.19523385067114093 0.4751751502932214 0.19326761744966442 0.4604450336491102 0.1899905620805369 0.45307997532705463 0.18409186241610737 0.44571491700499904
0 0.31255243288590606 0.35457232026956115 0.3289377097315436 0.37114370149418624 0.3400796979865772 0.38495318584804045 0.3486000419463087 0.3960007733311239 0.35384333053691275 0.40520709623369333 0.3597420302013423 0.4162546837167767 0.36629614093959734 0.41717531600703367 0.3780935402684564 0.4162546837167767 0.3820260067114094 0.41165152226549195 0.3820260067114094 0.4006039347824085 0.3774381291946309 0.3960007733311239 0.37350566275167785 0.3812706566870126 0.3630190855704698 0.3683818046234154 0.3492554530201343 0.35365168797930413 0.3433567533557047 0.35181042339879026 0.33418099832214765 0.3490485265280195 0.32697147651006714 0.3481278942377625
0 0.19195679530201343 0.5027941190009299 0.20572042785234898 0.5156829710645271 0.21882864932885907 0.5212067648060689 0.2319368708053691 0.5193655002255549 0.23521392617449663 0.5009528544204159 0.23849098154362416 0.4889846346470756 0.24504509228187918 0.47793704716399227 0.25618708053691275 0.47057198884193663 0.2607749580536913 0.47793704716399227 0.25356543624161076 0.48530210548604785 0.2509437919463087 0.49727032525938814 0.2496329697986577 0.5037147512911868 0.2489775587248322 0.5239686616768396 0.24766673657718122 0.5423813074819787 0.2437342701342282 0.5497463658040342 0.23586933724832213 0.5607939532871177 0.22538276006711408 0.552508262674805 0.21686241610738252 0.5414606751917217 0.2103083053691275 0.5377781460306938 0.20309878355704697 0.53593688145018 0.19392302852348992 0.5350162491599231 0.1906459731543624 0.5156829710645271
0 0.27519400167785235 0.3895563472993252 0.27453859060402686 0.37942939210649873 0.2810927013422819 0.3766674952357279 0.29223468959731547 0.373905598364957 0.30665373322147654 0.3766674952357279 0.3171403104026846 0.3803500243967557 0.3236944211409396 0.3821912889772696 0.33418099832214765 0.39047697958958216 0.33155935402684567 0.4024451993629225 0.32828229865771813 0.4180959482972906 0.3230390100671141 0.4346673295219156 0.3204173657718121 0.4420323878439712 0.31451866610738255 0.45031807845628374 0.30861996644295303 0.45584187219782546 0.3014104446308725 0.46596882739065193 0.2987888003355705 0.47793704716399227 0.3027212667785235 0.4945084283886173 0.3105861996644296 0.5009528544204159 0.31189702181208057 0.5083179127424715 0.3000996224832215 0.5073972804522145 0.29223468959731547 0.5083179127424715 0.2843697567114094 0.5120004419034992 0.2784710570469799 0.5147623387742701 0.27257235738255037 0.518444867935298 0.26798447986577184 0.5239686616768396 0.2647074244966443 0.5377781460306938 0.2640520134228188 0.5460638366430064 0.2581533137583893 0.5497463658040342 0.2496329697986577 0.552508262674805 0.2522546140939598 0.5340956168696661 0.25356543624161076 0.5110798096132424 0.2581533137583893 0.4963496929691312 0.2660182466442953 0.48161957632502 0.27519400167785235 0.4889846346470756 0.2810927013422819 0.47977831174450614 0.2830589345637584 0.4678100919711658 0.28633598993288595 0.4484768138757699 0.2902684563758389 0.43834985868294346 0.29485633389261745 0.42454037432908925 0.296822567114094 0.41717531600703367 0.29289010067114096 0.40612772852395024 0.28830222315436244 0.3996833024921516 0.2843697567114094 0.3941595087506099
0 0.33352558724832215 0.45215934303679767 0.33287017617449666 0.44295302013422816 0.3361472315436242 0.4337466972316587 0.3407351090604027 0.42454037432908925 0.34466757550335575 0.4208578451680614 0.35318791946308725 0.41901658058754754 0.36498531879194634 0.42546100661934616 0.3748164848993289 0.42730227119986003 0.3833368288590604 0.4337466972316587 0.37350566275167785 0.44571491700499904 0.36432990771812085 0.4420323878439712 0.3603974412751678 0.44571491700499904 0.35253250838926176 0.45123871074654076 0.3413905201342282 0.4549212399075685
0 0.3794043624161074 0.4613656659393672 0.38399223993288595 0.45676250448808237 0.3938234060402685 0.4549212399075685 0.40365457214765105 0.4540006076173116 0.4174182046979866 0.45860376906859635 0.42266149328859065 0.4622862982296241 0.4331480704697987 0.4760957825834783 0.4357697147651007 0.48254020861527697 0.4416684144295302 0.48990526693733255 0.4469117030201343 0.5009528544204159 0.44429005872483224 0.5092385450327285 0.4364251258389262 0.5073972804522145 0.4272493708053691 0.49727032525938814 0.4187290268456376 0.4880640023568187 0.4082424496644296 0.48161957632502 0.3951342281879195 0.4751751502932214
0 0.35717368784530384 0.45825280979772487 0.3631085980662983 0.4537055983751298 0.3668853591160221 0.4703787069246451 0.37012258287292815 0.4832624726219979 0.37335980662983426 0.4961462383193507 0.3803737914364641 0.5082721354462709 0.3852296270718232 0.5188822954323261 0.3927831491712707 0.5294924554183813 0.39548083563535913 0.5401026154044365 0.39494129834254144 0.5507127753904918 0.3981785220994475 0.5681437525104396 0.3933226864640884 0.5742067010738997 0.3884668508287293 0.5605650668061145 0.3852296270718232 0.5438919582565991 0.38145286602209943 0.5302503239888139 0.377136567679558 0.5166086897210286 0.37120165745856354 0.5037249240236757 0.363648135359116 0.4885675526150255 0.35987137430939226 0.47113657549507765
0 0.4219181629834254 0.539344746834004 0.4256949240331492 0.5294924554183813 0.43216937154696133 0.5279767182775162 0.4386438190607735 0.5302503239888139 0.4408019682320442 0.5446498268270317 0.4397228936464088 0.5575335925243844 0.4359461325966851 0.5711752267921697 0.43216937154696133 0.5802696496373598 0.4240763121546961 0.5787539124964949 0.4240763121546961 0.5605650668061145 0.4240763121546961 0.5522285125313567 0.4224577002762431 0.5476813011087617
0 0.5087836671270718 0.41353856414220647 0.515258114640884 0.3953497184518261 0.5249697859116021 0.39231824417009603 0.530365158839779 0.39459184988139356 0.5460117403314917 0.39989692987442116 0.5562629488950276 0.4014126670152862 0.562197859116022 0.41505430128307147 0.5692118439226519 0.42263298698739665 0.5713699930939227 0.43551675268474943 0.5719095303867403 0.4446111755299396 0.5611187845303868 0.45749494122729234 0.5508675759668508 0.4605264155090224 0.5416954419889503 0.46128428407945493 0.531983770718232 0.45825280979772487 0.5233511740331491 0.4590106783681574 0.5157976519337016 0.4590106783681574 0.5114813535911602 0.45597920408642734 0.5077045925414364 0.4499162555229672 0.5077045925414364 0.4347588841143169 0.5082441298342542 0.4294538041212893
0 0.5853979627071823 0.4840203411924304 0.5853979627071823 0.4681051012133476 0.587556111878453 0.4605264155090224 0.5853979627071823 0.45218986123426474 0.5783839779005525 0.4476426498116697 0.5686723066298343 0.4552213355159948 0.5611187845303868 0.46355788979075246 0.5632769337016574 0.4718944440655102 0.5675932320441989 0.4847782097628629 0.5719095303867403 0.49159902689675555 0.5783839779005525 0.5006934497419457 0.5821607389502762 0.5044827925941083 0.5886351864640884 0.5113036097280009 0.5940305593922651 0.5135772154392985 0.5978073204419889 0.5029670554532433 0.599425932320442 0.4961462383193507
0 0.45644854972375687 0.5052406611645408 0.4640020718232044 0.4969041068897831 0.47101605662983426 0.49159902689675555 0.47587189226519333 0.48629394690372796 0.48180680248618785 0.490841158326323 0.4855835635359116 0.49917771260108074 0.48936032458563533 0.5082721354462709 0.48828125 0.5181244268618936 0.47964865331491713 0.5196401640027586 0.4661602209944751 0.514335084009731
0 0.4958347720994475 0.5059985297349734 0.49097893646408836 0.4976619754602157 0.49205801104972374 0.4870518154741605 0.49529523480662985 0.4756837869176727 0.5028487569060773 0.4665893640724825 0.5109418162983426 0.46583149550205005 0.5190348756906077 0.4665893640724825 0.5309046961325967 0.4681051012133476 0.5373791436464088 0.47492591834724024 0.5427745165745856 0.48098886691070036 0.5487094267955801 0.48629394690372796 0.558960635359116 0.48780968404459296 0.5648955455801105 0.4923568954671881 0.5681327693370165 0.49993558117151327 0.5713699930939227 0.5082721354462709 0.5708304558011049 0.5181244268618936 0.5708304558011049 0.5219137697140561 0.5729886049723757 0.536313272552274 0.5729886049723757 0.5423762211157341 0.5697513812154696 0.5507127753904918 0.5638164709944751 0.5582914610948169 0.5535652624309392 0.5635965410878445 0.5476303522099447 0.562838672517412 0.5562629488950276 0.5537442496722218 0.5600397099447514 0.5454076953974641 0.5627373964088398 0.539344746834004 0.5562629488950276 0.5287345868479488 0.5514071132596685 0.5196401640027586 0.5411559046961326 0.5120614782984335 0.5292860842541436 0.5082721354462709 0.5179558011049724 0.5067563983054059 0.5082441298342542 0.5059985297349734 0.5012301450276243 0.5059985297349734
0 0.3647272099447514 0.6136158667363906 0.365266747237569 0.6052793124616329 0.37605749309392267 0.6136158667363906 0.3852296270718232 0.6234681581520133 0.3911645372928177 0.636351923849366 0.3981785220994475 0.6401412667015286 0.41004834254143646 0.6416570038423937 0.4116669544198895 0.6462042152649887 0.40681111878453036 0.658330112391909 0.4003366712707182 0.6606037181032065 0.39170407458563533 0.6568143752510439 0.38469008977900554 0.6515092952580164 0.3782156422651934 0.6446884781241237 0.37228073204419887 0.6386255295606635 0.36796443370165743 0.6318047124267709
0 0.5686723066298343 0.41505430128307147 0.5794630524861878 0.4097492212900439 0.5870165745856354 0.41732790699436906 0.5924119475138121 0.43400101554388437 0.5961887085635359 0.44309543838907456 0.6085980662983426 0.4446111755299396 0.6199283494475138 0.4461269126708046 0.6307190953038674 0.4453690441003721 0.629640020718232 0.43551675268474943 0.6274818715469613 0.4286959355508568 0.6183097375690607 0.4203593812760991 0.6183097375690607 0.41278069557177394 0.6226260359116021 0.40823348414917887 0.6350353936464088 0.41278069557177394 0.6382726174033149 0.4218751184169641 0.6404307665745856 0.4294538041212893 0.6436679903314917 0.4446111755299396 0.6458261395027625 0.46204215264988746 0.6458261395027625 0.4756837869176727 0.6447470649171271 0.489325421185458 0.6425889157458563 0.49917771260108074 0.6274818715469613 0.49538836974891814 0.6237051104972375 0.4885675526150255 0.6226260359116021 0.4741680497768077 0.6199283494475138 0.4688629697837801 0.6096771408839778 0.46583149550205005 0.601044544198895 0.4590106783681574 0.5934910220994475 0.4499162555229672 0.5848584254143646 0.44309543838907456 0.5783839779005525 0.4400639641073445 0.5762258287292817 0.4256644612691267
0 0.6382726174033149 0.39989692987442116 0.6382726174033149 0.3839816898953384 0.6463656767955801 0.37412939847971566 0.658235497237569 0.3726136613388506 0.6663285566298343 0.37412939847971566 0.6722634668508287 0.3809502156136083 0.6798169889502762 0.3839816898953384 0.6808960635359116 0.3665507127753905 0.6873705110497237 0.3559405527893353 0.698700794198895 0.34911973565544263 0.7073333908839778 0.34457252423284757 0.7111101519337016 0.3665507127753905 0.7154264502762431 0.3786766099023107 0.7116496892265193 0.3839816898953384 0.698700794198895 0.38928676988836597 0.6889891229281768 0.3953497184518261 0.681975138121547 0.4044441412970163 0.6771193024861878 0.41278069557177394 0.6776588397790055 0.43324314697345184 0.6765797651933702 0.4476426498116697 0.6728030041436464 0.45673707265685987 0.6609331837016574 0.4590106783681574 0.6506819751381215 0.4590106783681574 0.6463656767955801 0.43400101554388437 0.6409703038674033 0.41126495843090893
0 0.23793594613259667 0.5704173582217371 0.24710808011049723 0.562838672517412 0.26059651243093923 0.5590493296652495 0.2697686464088398 0.5476813011087617 0.27300587016574585 0.5294924554183813 0.27840124309392267 0.5226716382844887 0.2875733770718232 0.5188822954323261 0.29998273480662985 0.514335084009731 0.31077348066298344 0.514335084009731 0.3150897790055249 0.5120614782984335 0.3161688535911602 0.49993558117151327 0.308075794198895 0.4931147640376206 0.3059176450276243 0.4847782097628629 0.3059176450276243 0.4756837869176727 0.31023394337016574 0.46734723264291506 0.32264330110497236 0.4688629697837801 0.33343404696132595 0.4779573926289703 0.3420666436464088 0.48780968404459296 0.34584340469613256 0.5052406611645408 0.34692247928176795 0.5211559011436236 0.3399084944751381 0.5310081925592464 0.3291177486187845 0.539344746834004 0.31185255524861877 0.5560178553835193 0.3032199585635359 0.565870146799142 0.28703383977900554 0.5757224382147648 0.27246633287292815 0.5795117810669274 0.2557406767955801 0.5840589924895224 0.24656854281767956 0.5802696496373598
0 0.2708477209944751 0.6037635753207679 0.27462448204419887 0.5946691524755776 0.27840124309392267 0.5901219410529825 0.28649430248618785 0.58633259820082 0.29782458563535913 0.5908798096234151 0.30753625690607733 0.5961848896164427 0.3172479281767956 0.5999742324686053 0.32048515193370164 0.6075529181729304 0.32102468922651933 0.6174052095885532 0.32048515193370164 0.6264996324337433 0.3150897790055249 0.6325625809972034 0.3059176450276243 0.633320449567636 0.29620597375690605 0.6302889752859059 0.28595476519337015 0.6204366838702832 0.27624309392265195 0.6121001295955255
0 0.291350138121547 0.6507514266875838 0.2951268991712707 0.6416570038423937 0.30214088397790057 0.6408991352719611 0.31023394337016574 0.6424148724128261 0.31077348066298344 0.6507514266875838 0.306457182320442 0.6545407695397464 0.29890366022099446 0.6590879809623414
0 0.1893775897790055 0.6264996324337433 0.19585203729281767 0.6174052095885532 0.19639157458563536 0.6030057067503354 0.19854972375690608 0.5908798096234151 0.20340555939226518 0.5779960439260623 0.21041954419889503 0.5651122782287096 0.22336843922651933 0.562838672517412 0.2293033494475138 0.5711752267921697 0.2266056629834254 0.5946691524755776 0.22606612569060772 0.6121001295955255 0.22336843922651933 0.6196788152998507 0.21473584254143646 0.6196788152998507 0.20502417127071823 0.6295311067154734 0.19854972375690608 0.634836186708501
0 0.20448463397790054 0.6515092952580164 0.20880093232044197 0.633320449567636 0.21527537983425413 0.6287732381450408 0.223907976519337 0.6249838952928782 0.23254057320441987 0.6174052095885532 0.23847548342541436 0.6121001295955255 0.24333131906077346 0.6196788152998507 0.24656854281767956 0.6340783181380685 0.24441039364640882 0.6469620838354212 0.23847548342541436 0.659845849532774 0.23361964779005523 0.6696981409483967 0.22174982734806628 0.6765189580822893 0.21419630524861877 0.6765189580822893 0.20880093232044197 0.6666666666666666
0 0.23955455801104972 0.6947078037726697 0.237396408839779 0.6863712494979121 0.23955455801104972 0.6757610895118569 0.24441039364640882 0.658330112391909 0.2530429903314917 0.6416570038423937 0.2584383632596685 0.6310468438563384 0.2708477209944751 0.6227102895815807 0.2800198549723757 0.6249838952928782 0.2902710635359116 0.6325625809972034 0.28811291436464087 0.6424148724128261 0.2897315262430939 0.6545407695397464 0.294587361878453 0.6636351923849366 0.28919198895027626 0.6727296152301268 0.2875733770718232 0.6840976437866145 0.28379661602209943 0.6984971466248323 0.27840124309392267 0.70986517518132 0.27246633287292815 0.7182017294560776 0.2665314226519337 0.7227489408786728 0.250884841160221 0.7227489408786728 0.24171270718232044 0.7182017294560776 0.2427917817679558 0.708349438040455
0 0.27462448204419887 0.7379063122873231 0.27354540745856354 0.7288118894421329 0.277861705801105 0.7189595980265102 0.28595476519337015 0.7038022266178598 0.2902710635359116 0.6909184609205071 0.29404782458563533 0.6772768266527218 0.29998273480662985 0.6780346952231544 0.3059176450276243 0.6825819066457495 0.31023394337016574 0.6863712494979121 0.32102468922651933 0.6803083009344519 0.3296572859116022 0.6795504323640195 0.33073636049723754 0.687886986638777 0.3242619129834254 0.6977392780543997 0.32318283839779005 0.7038022266178598 0.3264200621546961 0.7166859923152127 0.3280386740331492 0.7235068094491053 0.32588052486187846 0.7272961523012679 0.3172479281767956 0.7227489408786728 0.31077348066298344 0.7219910723082402 0.308075794198895 0.7280540208717003 0.30699671961325964 0.7416956551394857 0.3053781077348066 0.7462428665620807 0.29998273480662985 0.7515479465551084 0.28811291436464087 0.7621581065411636 0.2827175414364641 0.7644317122524611 0.27462448204419887 0.7606423694002985 0.27354540745856354 0.7523058151255408
0 0.4030343577348066 0.6325625809972034 0.40519250690607733 0.6151316038772556 0.4127460290055249 0.5923955467642801 0.419220476519337 0.5886062039121175 0.43216937154696133 0.5840589924895224 0.44134150552486184 0.5696594896513046 0.44349965469613256 0.5537442496722218 0.44511826657458564 0.536313272552274 0.44188104281767954 0.5196401640027586 0.44673687845303867 0.514335084009731 0.4586066988950276 0.5166086897210286 0.4715555939226519 0.5257031125662187 0.48126726519337015 0.5302503239888139 0.4861231008287293 0.537829009693139 0.49097893646408836 0.5499549068200592 0.49691384668508287 0.564354409658277 0.5012301450276243 0.5726909639330348 0.4979929212707182 0.5840589924895224 0.48936032458563533 0.5893640724825501 0.48396495165745856 0.5961848896164427 0.48180680248618785 0.6181630781589856 0.4845044889502762 0.6295311067154734 0.473174205801105 0.6424148724128261 0.46562068370165743 0.6439306095536912 0.4586066988950276 0.6477199524058538 0.4515927140883978 0.6560565066806114 0.44242058011049723 0.6674245352370991 0.4359461325966851 0.6772768266527218 0.42893214779005523 0.6575722438214765 0.4240763121546961 0.6492356895467187 0.41976001381215466 0.6371097924197985 0.41058787983425415 0.6318047124267709
0 0.281098929558011 0.7757997408089489 0.291350138121547 0.7697367922454887 0.30214088397790057 0.7606423694002985 0.31185255524861877 0.7560951579777034 0.31994561464088395 0.7606423694002985 0.33073636049723754 0.7614002379707311 0.33451312154696133 0.7689789236750563 0.3291177486187845 0.7909571122175991 0.3194060773480663 0.8030830093445194 0.3086153314917127 0.8182403807531697 0.29674551104972374 0.8227875921757648 0.2848756906077348 0.8288505407392249 0.279480317679558 0.8311241464505225 0.277861705801105 0.8167246436123047 0.281098929558011 0.8015672722036544
0 0.3377503453038674 0.7614002379707311 0.33613173342541436 0.7500322094142433 0.33505265883977897 0.7447271294212158 0.3399084944751381 0.7356327065760255 0.34692247928176795 0.733359100864728 0.3550155386740331 0.7379063122873231 0.365266747237569 0.7447271294212158 0.37228073204419887 0.7500322094142433 0.375517955801105 0.7591266322594336 0.3798342541436464 0.7720103979567863 0.38091332872928174 0.7864099007950041 0.38091332872928174 0.7939885864993292 0.38307147790055246 0.8076302207671145 0.3884668508287293 0.8227875921757648 0.39170407458563533 0.8356713578731176 0.3927831491712707 0.8485551235704704 0.3927831491712707 0.8606810206973906 0.392243611878453 0.8765962606764734 0.392243611878453 0.8849328149512311 0.38199240331491713 0.8856906835216636 0.3668853591160221 0.8864485520920962 0.3614899861878453 0.8894800263738262 0.35663415055248615 0.8765962606764734 0.35447600138121543 0.8606810206973906 0.35663415055248615 0.8546180721339305 0.3647272099447514 0.8402185692957127 0.3744388812154696 0.8311241464505225 0.37335980662983426 0.8189982493236022 0.37012258287292815 0.8159667750418722 0.36041091160220995 0.8174825121827373 0.3560946132596685 0.8189982493236022 0.3512387776243094 0.831882015020955 0.348541091160221 0.8447657807183078 0.34584340469613256 0.852344466422633 0.3420666436464088 0.856891677845228 0.33397358425414364 0.8652282321199857 0.3242619129834254 0.8644703635495532 0.3188665400552486 0.8500708607113354 0.31293162983425415 0.8409764378661452 0.31239209254143646 0.83036627788009 0.31778746546961323 0.8197561178940348 0.3242619129834254 0.8121774321897096 0.3291177486187845 0.8045987464853844 0.33343404696132595 0.7970200607810592 0.33613173342541436 0.7886835065063016 0.3382898825966851 0.7788312150906789
0 0.39655991022099446 0.8288505407392249 0.3987180593922652 0.8243033293166299 0.41004834254143646 0.8364292264435501 0.4170623273480663 0.8440079121478753 0.42893214779005523 0.8424921750070102 0.43432752071823205 0.8424921750070102 0.4408019682320442 0.8371870950139826 0.44457872928176795 0.8326398835913875 0.4515927140883978 0.831882015020955 0.45698808701657456 0.8356713578731176 0.45752762430939226 0.8470393864296053 0.45590901243093923 0.853860203563498 0.4510531767955801 0.8606810206973906 0.44403919198895025 0.8682597064017158 0.4381042817679558 0.8743226549651759 0.43216937154696133 0.8826592092399336 0.4251553867403315 0.8864485520920962 0.4159832527624309 0.878869866387771 0.40950880524861877 0.8735647863947433 0.40735065607734805 0.8697754435425809 0.4035738950276243 0.8599231521269581 0.39979713397790057 0.8531023349930654 0.39655991022099446 0.8447657807183078 0.39709944751381215 0.8371870950139826
0 0.3765970303867403 0.7379063122873231 0.3749784185082873 0.7235068094491053 0.3744388812154696 0.7174438608856452 0.3873877762430939 0.7121387808926175 0.3981785220994475 0.7144123866039152 0.4111274171270718 0.7159281237447801 0.41814140193370164 0.7106230437517526 0.4278530732044199 0.6984971466248323 0.43216937154696133 0.687886986638777 0.4375647444751381 0.6901605923500747 0.4429601174033149 0.7007707523361298 0.447815953038674 0.7212332037378077 0.4499741022099447 0.7341169694351605 0.45213225138121543 0.7447271294212158 0.44403919198895025 0.7644317122524611 0.4386438190607735 0.7742840036680838 0.4267739986187845 0.781862689372409 0.4219181629834254 0.7909571122175991 0.4111274171270718 0.7901992436471666 0.39763898480662985 0.759884500829866 0.3879273135359116 0.7432113922803507
0 0.44242058011049723 0.6856133809274795 0.4499741022099447 0.6696981409483967 0.45429040055248615 0.6590879809623414 0.4634625345303867 0.6515092952580164 0.4769509668508287 0.6515092952580164 0.4861231008287293 0.6507514266875838 0.49259754834254144 0.6552986381101789 0.4985324585635359 0.6545407695397464 0.5066255179558011 0.6499935581171513 0.5163371892265193 0.6431727409832586 0.5244302486187845 0.6325625809972034 0.5368396063535912 0.634836186708501 0.5443931284530387 0.6431727409832586 0.5433140538674033 0.6575722438214765 0.5363000690607734 0.6689402723779642 0.5271279350828729 0.6916763294909396 0.5206534875690607 0.7053179637587249 0.5114813535911602 0.7182017294560776 0.5039278314917127 0.7485164722733783 0.5044673687845304 0.7644317122524611 0.4985324585635359 0.7667053179637586 0.49205801104972374 0.759884500829866 0.49475569751381215 0.7416956551394857 0.49313708563535913 0.7326012322942955 0.4866626381215469 0.7212332037378077 0.4742532803867403 0.70986517518132 0.4661602209944751 0.7121387808926175 0.45536947513812154 0.7174438608856452 0.45213225138121543 0.7166859923152127 0.447815953038674 0.70683370089959 0.44511826657458564 0.6969814094839673
0 0.4872021754143646 0.6234681581520133 0.49151847375690605 0.6189209467294181 0.49421616022099446 0.6090686553137955 0.4963743093922652 0.5969427581868753 0.4990719958563536 0.5939112839051451 0.5098627417127072 0.5893640724825501 0.516876726519337 0.5923955467642801 0.5238907113259669 0.5999742324686053 0.5211930248618785 0.6105843924546605 0.5114813535911602 0.6211945524407158 0.5039278314917127 0.6272575010041759 0.4990719958563536 0.6302889752859059 0.4904393991712707 0.6371097924197985 0.47856957872928174 0.6454463466945562 0.48396495165745856 0.636351923849366
0 0.13164709944751382 0.6780346952231544 0.13002848756906077 0.6636351923849366 0.1289494129834254 0.6499935581171513 0.1289494129834254 0.6401412667015286 0.1348843232044199 0.634836186708501 0.1456750690607735 0.6242260267224458 0.153228591160221 0.6234681581520133 0.16186118784530387 0.6287732381450408 0.16240072513812154 0.6575722438214765 0.1640193370165746 0.6757610895118569 0.17265193370165746 0.6954656723431022 0.18074499309392264 0.7121387808926175 0.19045666436464087 0.733359100864728 0.19693111187845302 0.7409377865690532 0.1926148135359116 0.7523058151255408 0.18883805248618785 0.7636738436820286 0.1845217541436464 0.7720103979567863 0.1764286947513812 0.7757997408089489 0.16455887430939226 0.7712525293863538 0.1640193370165746 0.756853026548136 0.16455887430939226 0.7470007351325133 0.15484720303867403 0.7219910723082402 0.14405645718232044 0.711380912322185 0.1343447859116022 0.7060758323291574 0.12840987569060774 0.6984971466248323 0.12840987569060774 0.6901605923500747
0 0.13650293508287292 0.803840877914952 0.13596339779005526 0.7924728493584642 0.14405645718232044 0.7856520322245716 0.16024257596685082 0.7871677693654366 0.17049378453038674 0.7879256379358691 0.18560082872928177 0.7909571122175991 0.19639157458563536 0.7947464550697617 0.19423342541436464 0.8114195636192771 0.19747064917127072 0.8243033293166299 0.1899171270718232 0.8273348035983599 0.17966591850828728 0.8205139864644673 0.17481008287292818 0.8182403807531697 0.15970303867403315 0.8189982493236022 0.15376812845303867 0.8159667750418722 0.14135877071823205 0.8106616950488446
0 0.153228591160221 0.8561338092747955 0.15107044198895028 0.8440079121478753 0.1526890538674033 0.8356713578731176 0.1607821132596685 0.83036627788009 0.1661774861878453 0.8288505407392249 0.17265193370165746 0.8311241464505225 0.18020545580110497 0.8409764378661452 0.18614036602209943 0.8531023349930654 0.1899171270718232 0.8606810206973906 0.18614036602209943 0.8743226549651759 0.181824067679558 0.8796277349582035 0.17319147099447513 0.8811434720990685 0.16671702348066297 0.8849328149512311 0.16509841160220995 0.8887221578033937 0.15916350138121546 0.8856906835216636 0.15484720303867403 0.8720490492538784
0 0.530365158839779 0.6090686553137955 0.5276674723756906 0.5954270210460102 0.528746546961326 0.587848335341685 0.5357605317679558 0.5855747296303875 0.5476303522099447 0.5787539124964949 0.5514071132596685 0.5719330953626022 0.5600397099447514 0.5651122782287096 0.5686723066298343 0.562838672517412 0.5767653660220994 0.5507127753904918 0.5848584254143646 0.5408604839748691 0.5988863950276243 0.5438919582565991 0.6091376035911602 0.5545021182426544 0.6231655732044199 0.5582914610948169 0.6242446477900553 0.5757224382147648 0.6355749309392265 0.5855747296303875 0.6388121546961326 0.5916376781938476 0.6398912292817679 0.6060371810320654 0.6199283494475138 0.6060371810320654 0.6085980662983426 0.6060371810320654 0.5951096339779005 0.6090686553137955 0.5848584254143646 0.6158894724476881 0.5783839779005525 0.6310468438563384 0.5692118439226519 0.6371097924197985 0.5568024861878453 0.6371097924197985 0.5546443370165746 0.6287732381450408 0.5546443370165746 0.6211945524407158 0.5443931284530387 0.6189209467294181 0.5363000690607734 0.6181630781589856
0 0.65337966160221 0.5567757239539519 0.6539191988950276 0.5310081925592464 0.6544587361878453 0.517366558291461 0.659854109116022 0.5105457411575685 0.6722634668508287 0.5105457411575685 0.68359375 0.5059985297349734 0.6927658839779005 0.5150929525801635 0.7008589433701657 0.5385868782635715 0.7094915400552486 0.5423762211157341 0.724059046961326 0.5416183525453016 0.7380870165745856 0.5446498268270317 0.7467196132596685 0.5461655639678966 0.7585894337016574 0.561322935376547 0.7639848066298343 0.5726909639330348 0.7629057320441989 0.587848335341685 0.757510359116022 0.5961848896164427 0.7364684046961326 0.5992163638981728 0.7219008977900552 0.6007321010390377 0.712189226519337 0.6067950496024979 0.6938449585635359 0.612857998165958 0.68359375 0.612857998165958 0.6722634668508287 0.6007321010390377 0.6668680939226519 0.5908798096234151 0.6587750345303868 0.5764803067851972
0 0.7062543162983426 0.6219524210111482 0.7154264502762431 0.6227102895815807 0.7208218232044199 0.6219524210111482 0.7165055248618785 0.6166473410181206 0.7154264502762431 0.6090686553137955 0.7094915400552486 0.609826523884228
0 0.5325233080110497 0.7045600951882924 0.5389977555248618 0.70683370089959 0.5443931284530387 0.70986517518132 0.5503280386740331 0.7136545180334826 0.557342023480663 0.7121387808926175 0.5551838743093922 0.7030443580474274 0.5497885013812155 0.6977392780543997 0.5433140538674033 0.6962235409135348
0 0.5600397099447514 0.7022864894769949 0.5681327693370165 0.6886448552092096 0.5805421270718232 0.6704560095188292 0.5913328729281768 0.6515092952580164 0.599425932320442 0.6393833981310961 0.6091376035911602 0.6393833981310961 0.6075189917127072 0.662877323814504 0.6085980662983426 0.6856133809274795 0.6172306629834254 0.6954656723431022 0.6291004834254144 0.7030443580474274 0.6193888121546961 0.7128966494630501 0.6118352900552486 0.7204753351673753 0.5967282458563535 0.7272961523012679 0.5853979627071823 0.7318433637238629 0.5767653660220994 0.7310854951534305 0.5686723066298343 0.7250225465899703
0 0.5551838743093922 0.7280540208717003 0.5503280386740331 0.7470007351325133 0.5508675759668508 0.7614002379707311 0.560579247237569 0.756853026548136 0.5713699930939227 0.7523058151255408 0.5832398135359116 0.7538215522664059 0.5940305593922651 0.7621581065411636 0.5988863950276243 0.7735261350976513 0.6015840814917127 0.7795890836611115 0.6048213052486188 0.7803469522315439 0.6059003798342542 0.7659474493933262 0.6107562154696132 0.7606423694002985 0.6199283494475138 0.7621581065411636 0.6301795580110497 0.7682210551046237 0.6366540055248618 0.7727682665272188 0.6436679903314917 0.7674631865341912 0.6501424378453039 0.7576108951185685 0.6539191988950276 0.7462428665620807 0.654998273480663 0.733359100864728 0.6496029005524862 0.7212332037378077 0.641509841160221 0.7151702551743476 0.6323377071823204 0.7121387808926175 0.6253237223756906 0.7174438608856452 0.6183097375690607 0.7227489408786728 0.6102166781767956 0.7272961523012679 0.5999654696132597 0.7318433637238629 0.5864770372928176 0.7356327065760255 0.5724490676795579 0.7371484437168906 0.562197859116022 0.7288118894421329
0 0.42839261049723754 0.8015672722036544 0.4375647444751381 0.7886835065063016 0.44457872928176795 0.7735261350976513 0.4510531767955801 0.7538215522664059 0.45752762430939226 0.7470007351325133 0.4661602209944751 0.7500322094142433 0.476411429558011 0.7530636836959734 0.4850440262430939 0.7515479465551084 0.48936032458563533 0.7667053179637586 0.4963743093922652 0.7742840036680838 0.5066255179558011 0.7727682665272188 0.5147185773480663 0.7757997408089489 0.5222720994475138 0.7856520322245716 0.5249697859116021 0.7977779293514918 0.5201139502762431 0.8076302207671145 0.5055464433701657 0.8174825121827373 0.4985324585635359 0.8182403807531697 0.48882078729281764 0.8152089064714396 0.47910911602209943 0.8174825121827373 0.4715555939226519 0.8243033293166299 0.462922997237569 0.8265769350279274 0.4488950276243094 0.8265769350279274 0.4375647444751381 0.8243033293166299 0.43162983425414364 0.8136931693305747
0 0.365266747237569 0.9576881977127526 0.37389934392265195 0.9463201691562648 0.3873877762430939 0.9417729577336698 0.39655991022099446 0.9387414834519398 0.4035738950276243 0.9470780377266974 0.4035738950276243 0.9629932777057802 0.390625 0.972845569121403 0.378755179558011 0.9849714662483232 0.37174119475138123 0.9864872033891882 0.365266747237569 0.9766349119735654 0.363648135359116 0.9660247519875103
0 0.41058787983425415 0.9599618034240501 0.4127460290055249 0.9455623005858323 0.41760186464088395 0.931920666318047 0.4256949240331492 0.9190369006206943 0.4391833563535911 0.9076688720642065 0.44673687845303867 0.9137318206276667 0.4483554903314917 0.9364678777406422 0.447815953038674 0.9463201691562648 0.4429601174033149 0.9576881977127526 0.4375647444751381 0.9690562262692404 0.4381042817679558 0.9796663862552956 0.42839261049723754 0.9819399919665931 0.4165227900552486 0.9811821233961606 0.4111274171270718 0.9811821233961606 0.4111274171270718 0.9720877005509704
0 0.4483554903314917 0.9031216606416115 0.4618439226519337 0.8947851063668538 0.47587189226519333 0.8909957635146912 0.49097893646408836 0.8879642892329612 0.4996115331491713 0.880385603528636 0.5098627417127072 0.8781119978173385 0.5147185773480663 0.8872064206625286 0.5098627417127072 0.900848054930314 0.5055464433701657 0.9091846092050716 0.5055464433701657 0.9182790320502618 0.5055464433701657 0.9341942720293446 0.5039278314917127 0.9432886948745348 0.5012301450276243 0.9470780377266974 0.49259754834254144 0.9546567234310226 0.4726346685082873 0.9546567234310226 0.4634625345303867 0.9546567234310226 0.45644854972375687 0.952383117719725 0.45482993784530384 0.9326785348884796 0.4515927140883978 0.9197947691911268
0 0.6523005870165746 0.6931920666318047 0.6544587361878453 0.6734874838005593 0.6652494820441989 0.6734874838005593 0.6701053176795579 0.6621194552440716 0.6690262430939227 0.6515092952580164 0.6614727209944751 0.6340783181380685 0.6630913328729282 0.6219524210111482 0.6684867058011049 0.6151316038772556 0.6771193024861878 0.6166473410181206 0.681975138121547 0.6318047124267709 0.6873705110497237 0.6484778209762863 0.6976217196132597 0.6590879809623414 0.7030170925414364 0.6651509295258016 0.710570614640884 0.6734874838005593 0.7159659875690607 0.684855512357047 0.710570614640884 0.6924341980613722 0.7030170925414364 0.6931920666318047 0.698700794198895 0.684855512357047 0.6922263466850829 0.6825819066457495 0.681975138121547 0.6840976437866145 0.6787379143646408 0.6856133809274795 0.6711843922651933 0.6871291180683445
0 0.6528401243093922 0.6977392780543997 0.6652494820441989 0.6977392780543997 0.6733425414364641 0.6962235409135348 0.6787379143646408 0.6969814094839673 0.6846728245856354 0.7038022266178598 0.6889891229281768 0.7045600951882924 0.6933054212707183 0.7022864894769949 0.6992403314917127 0.6992550151952648 0.7062543162983426 0.7007707523361298 0.7062543162983426 0.7060758323291574 0.700319406077348 0.7136545180334826 0.6938449585635359 0.7204753351673753 0.686830973756906 0.7235068094491053 0.68359375 0.7272961523012679 0.6825146754143646 0.733359100864728 0.6792774516574586 0.7432113922803507 0.6765797651933702 0.7492743408438108 0.6738820787292817 0.7500322094142433 0.6674076312154696 0.7462428665620807 0.6647099447513812 0.7303276265829979 0.6630913328729282 0.7212332037378077 0.659854109116022 0.7128966494630501 0.6576959599447514 0.7091073066108875
0 0.7035566298342542 0.7310854951534305 0.7132683011049723 0.7250225465899703 0.725677658839779 0.7212332037378077 0.7326916436464088 0.7212332037378077 0.7440219267955801 0.7250225465899703 0.7515754488950276 0.7250225465899703 0.754273135359116 0.7212332037378077 0.7537335980662984 0.7091073066108875 0.7521149861878453 0.6954656723431022 0.752654523480663 0.687886986638777 0.7602080455801105 0.6795504323640195 0.7672220303867403 0.6734874838005593 0.7747755524861878 0.6666666666666666 0.7731569406077348 0.6560565066806114 0.7656034185082873 0.6552986381101789 0.7569708218232044 0.6590879809623414 0.7461800759668508 0.661361586673639 0.7337707182320442 0.6621194552440716 0.7219008977900552 0.6643930609553691 0.7186636740331491 0.6696981409483967 0.7192032113259669 0.6772768266527218 0.7208218232044199 0.6825819066457495 0.7197427486187845 0.6901605923500747 0.7165055248618785 0.6947078037726697 0.7132683011049723 0.7030443580474274 0.7100310773480663 0.7106230437517526 0.7067938535911602 0.7159281237447801
0 0.6814356008287292 0.7917149807880317 0.6808960635359116 0.7795890836611115 0.6814356008287292 0.7636738436820286 0.6830542127071823 0.7591266322594336 0.697082182320442 0.7560951579777034 0.7046357044198894 0.756853026548136 0.7100310773480663 0.7538215522664059 0.7143473756906077 0.7477586037029458 0.7181241367403315 0.7432113922803507 0.725677658839779 0.7394220494281881 0.7299939571823204 0.7394220494281881 0.7353893301104972 0.7447271294212158 0.7364684046961326 0.7523058151255408 0.7321521063535912 0.7629159751115961 0.725677658839779 0.7720103979567863 0.7229799723756906 0.783378426513274 0.7170450621546961 0.7947464550697617 0.7165055248618785 0.8076302207671145 0.7202822859116021 0.8182403807531697 0.7202822859116021 0.8250611978870623 0.7181241367403315 0.8296084093096575 0.7089520027624309 0.8288505407392249 0.6949240331491713 0.8258190664574949 0.685212361878453 0.8258190664574949 0.681975138121547 0.8174825121827373 0.6808960635359116 0.808388089337547
0 0.0010790745856353592 0.658330112391909 0.008632596685082873 0.6560565066806114 0.016186118784530388 0.6590879809623414 0.027516401933701657 0.6560565066806114 0.032372237569060776 0.6636351923849366 0.03722807320441989 0.6863712494979121 0.033451312154696135 0.6977392780543997 0.022121029005524862 0.7030443580474274 0.013488432320441989 0.70683370089959 0.009711671270718232 0.7136545180334826 0.01240935773480663 0.7288118894421329 0.030753625690607734 0.7318433637238629 0.03830714779005525 0.7227489408786728 0.04909789364640884 0.7128966494630501 0.053953729281767955 0.7022864894769949 0.055572341160220994 0.6924341980613722 0.06204678867403315 0.684855512357047 0.07067938535911603 0.6757610895118569 0.07499568370165746 0.662877323814504 0.0793119820441989 0.6742453523709918 0.08039105662983426 0.6977392780543997 0.08686550414364641 0.7174438608856452 0.08686550414364641 0.7280540208717003 0.08362828038674033 0.7432113922803507 0.07877244475138122 0.7507900779846759 0.06744216160220995 0.7447271294212158 0.06366540055248619 0.7401799179986206 0.05233511740331492 0.7439692608507832 0.0474792817679558 0.7614002379707311 0.042623446132596686 0.7667053179637586 0.042083908839779006 0.7765576093793813 0.042083908839779006 0.781862689372409 0.03560946132596685 0.7917149807880317 0.028595476519337016 0.7924728493584642 0.019962879834254144 0.7901992436471666 0.014027969613259668 0.7795890836611115 0.004316298342541437 0.759884500829866 0.0009765625 0.7523058151255408 0.0009765625 0.7136545180334826 0.0009765625 0.6825819066457495
0 0.053414191988950276 0.7576108951185685 0.05880956491712707 0.7651895808228937 0.05934910220994475 0.7560951579777034 0.06042817679558011 0.7470007351325133 0.053953729281767955 0.7477586037029458
0 0.07715383287292818 0.6545407695397464 0.08470735497237569 0.6408991352719611 0.09333995165745856 0.6310468438563384 0.09603763812154696 0.6318047124267709 0.09981439917127072 0.636351923849366 0.10251208563535912 0.6484778209762863 0.10467023480662983 0.6606037181032065 0.10844699585635359 0.6689402723779642 0.11546098066298342 0.6856133809274795 0.11923774171270718 0.6977392780543997 0.11977727900552486 0.7075915694700224 0.11546098066298342 0.7151702551743476 0.11168421961325967 0.7235068094491053 0.10736792127071823 0.7394220494281881 0.1030516229281768 0.7500322094142433 0.09657717541436464 0.7591266322594336 0.09118180248618785 0.7545794208368384 0.09118180248618785 0.7424535237099181 0.0922608770718232 0.7303276265829979 0.09064226519337017 0.7144123866039152 0.08686550414364641 0.7038022266178598 0.08470735497237569 0.6947078037726697 0.08308874309392265 0.6833397752161819 0.08308874309392265 0.6696981409483967
0 0.11438190607734806 0.7348748380055931 0.12085635359116022 0.7348748380055931 0.1267912638121547 0.7394220494281881 0.12840987569060774 0.7447271294212158 0.12355404005524862 0.7454849979916482 0.11707959254143646 0.7432113922803507
0 0.5276674723756906 0.8440079121478753 0.531983770718232 0.8273348035983599 0.5379186809392265 0.8129353007601421 0.5476303522099447 0.8008094036332218 0.5578815607734806 0.7962621922106268 0.5697513812154696 0.7757997408089489 0.5810816643646408 0.7644317122524611 0.5859375 0.7614002379707311 0.5929514848066298 0.7750418722385164 0.599425932320442 0.7856520322245716 0.6085980662983426 0.7909571122175991 0.6107562154696132 0.7970200607810592 0.6069794544198894 0.8227875921757648 0.6048213052486188 0.8371870950139826 0.6064399171270718 0.8584074149860931 0.6059003798342542 0.8735647863947433 0.6042817679558011 0.883417077810366 0.5961887085635359 0.8849328149512311 0.5864770372928176 0.8932693692259888 0.5794630524861878 0.8917536320851237 0.5708304558011049 0.8856906835216636 0.5595001726519336 0.8819013406695011 0.5519466505524862 0.8849328149512311 0.5460117403314917 0.880385603528636 0.5411559046961326 0.8728069178243109 0.5341419198895028 0.8614388892678231
0 0.6096771408839778 0.8440079121478753 0.6134539019337016 0.8288505407392249 0.6166911256906077 0.8144510379010071 0.6215469613259669 0.8076302207671145 0.6301795580110497 0.8023251407740869 0.6339563190607734 0.8015672722036544 0.6393516919889503 0.8159667750418722 0.6393516919889503 0.8280926721687925 0.6382726174033149 0.8394607007252801 0.6388121546961326 0.852344466422633 0.6398912292817679 0.8599231521269581 0.6398912292817679 0.8644703635495532 0.6377330801104972 0.8796277349582035 0.6344958563535912 0.8887221578033937 0.628021408839779 0.8978165806485838 0.6220864986187845 0.8970587120781514 0.61615158839779 0.8849328149512311 0.614532976519337 0.8743226549651759 0.6134539019337016 0.8591652835565255
0 0.5114813535911602 0.9326785348884796 0.513639502762431 0.9175211634798293 0.516876726519337 0.9069110034937741 0.5260488604972375 0.9061531349233416 0.5400768301104972 0.9031216606416115 0.5476303522099447 0.900848054930314 0.5519466505524862 0.9107003463459367 0.5519466505524862 0.9281313234658845 0.5503280386740331 0.9432886948745348 0.5422349792817679 0.9576881977127526 0.5357605317679558 0.9682983576988078 0.5292860842541436 0.952383117719725 0.5217325621546961 0.9463201691562648 0.513639502762431 0.9402572205928047
0 0.5740676795580111 0.9379836148815072 0.5713699930939227 0.924341980613722 0.5762258287292817 0.9160054263389642 0.5821607389502762 0.9084267406346391 0.5907933356353591 0.8993323177894489 0.5988863950276243 0.8940272377964213 0.6064399171270718 0.8993323177894489 0.6080585290055248 0.9228262434728569 0.6075189917127072 0.9334364034589121 0.6042817679558011 0.9478359062971299 0.5967282458563535 0.9607196719944827 0.587556111878453 0.9592039348536177 0.5794630524861878 0.9478359062971299
0 0.5940305593922651 0.9705719634101053 0.6048213052486188 0.972845569121403 0.6156120511049723 0.9720877005509704 0.6291004834254144 0.9720877005509704 0.631258632596685 0.9667826205579428 0.6220864986187845 0.95086738057886 0.6193888121546961 0.9455623005858323 0.6112957527624309 0.9501095120084274 0.6048213052486188 0.9592039348536177
0 0.7531940607734806 0.5438919582565991 0.7656034185082873 0.536313272552274 0.7753150897790055 0.5385868782635715 0.7790918508287292 0.5499549068200592 0.7807104627071823 0.564354409658277 0.7882639848066298 0.5696594896513046 0.7974361187845304 0.5689016210808722 0.8006733425414364 0.5620808039469795 0.8039105662983426 0.5446498268270317 0.8120036256906077 0.5446498268270317 0.8141617748618785 0.5529863811017893 0.8125431629834254 0.5689016210808722 0.8109245511049723 0.5855747296303875 0.808226864640884 0.5977006267573077 0.8001338052486188 0.5886062039121175 0.7855662983425414 0.5901219410529825 0.7747755524861878 0.5961848896164427 0.7704592541436464 0.5939112839051451 0.7683011049723757 0.5840589924895224 0.7677615676795579 0.5689016210808722 0.7596685082872928 0.5567757239539519
0 0.7197427486187845 0.515850821150596 0.7278358080110497 0.5241873754253538 0.7434823895027625 0.5211559011436236 0.7569708218232044 0.514335084009731 0.7731569406077348 0.5097878725871359 0.7877244475138121 0.5037249240236757 0.7968965814917127 0.49387263260805303 0.808226864640884 0.48553607833329543 0.8071477900552486 0.47265231263594265 0.8028314917127072 0.4499162555229672 0.7958175069060773 0.43703248982561443 0.7834081491712707 0.4347588841143169 0.7742360151933702 0.43779035839604696 0.7709987914364641 0.4544634669455623 0.7585894337016574 0.4688629697837801 0.7548126726519336 0.4840203411924304 0.7461800759668508 0.48780968404459296 0.7402451657458563 0.4961462383193507 0.7310730317679558 0.5067563983054059
0 0.8152408494475137 0.48250460405156537 0.8260315953038674 0.4923568954671881 0.8314269682320442 0.5067563983054059 0.8411386395027624 0.5203980325731912 0.8416781767955801 0.5287345868479488 0.8298083563535912 0.5226716382844887 0.8211757596685083 0.5067563983054059 0.8147013121546961 0.49538836974891814
0 0.8163199240331491 0.4718944440655102 0.8152408494475137 0.45825280979772487 0.8184780732044199 0.44233756981864203 0.8238734461325966 0.4286959355508568 0.8352037292817679 0.4249065926986942 0.8470735497237569 0.4294538041212893 0.853547997237569 0.4446111755299396 0.8605619820441989 0.4665893640724825 0.8621805939226519 0.48174673548113284 0.8621805939226519 0.49159902689675555 0.8686550414364641 0.5022091868828108 0.8702736533149171 0.5105457411575685 0.8605619820441989 0.5120614782984335 0.855166609116022 0.5203980325731912 0.8481526243093922 0.5219137697140561 0.8427572513812155 0.514335084009731 0.8368223411602209 0.5037249240236757 0.8314269682320442 0.4931147640376206 0.824952520718232 0.48174673548113284
0 0.38630870165745856 0.13691653593433825 0.4019552831491713 0.13767440450477078 0.4149041781767956 0.1391901416456358 0.42083908839779005 0.14146374735693334 0.42353677486187846 0.15131603877255606 0.419220476519337 0.1634419358994763 0.4224577002762431 0.17102062160380146 0.42839261049723754 0.1770835701672616 0.43216937154696133 0.17784143873769412 0.4397228936464088 0.16495767304034134 0.4488950276243094 0.15055817020212353 0.45482993784530384 0.13691653593433825 0.4591462361878453 0.12554850737785053 0.4494345649171271 0.11796982167352538 0.45590901243093923 0.10735966168747016 0.4591462361878453 0.099780975983145 0.4537508632596685 0.09144442170838733 0.4391833563535911 0.09750737027184746 0.43162983425414364 0.10205458169444255 0.4262344613259668 0.10887539882833519 0.41976001381215466 0.11266474168049777 0.4111274171270718 0.11114900453963274 0.39925759668508287 0.10811753025790267 0.39548083563535913 0.12024342738482292
0 0.3852296270718232 0.16571554161077387 0.3873877762430939 0.15510538162471862 0.39655991022099446 0.15131603877255606 0.40789019337016574 0.148284564490826 0.4170623273480663 0.14676882734996097 0.4132855662983425 0.15510538162471862 0.40735065607734805 0.15889472447688122 0.4024948204419889 0.16571554161077387 0.3987180593922652 0.171778490174234 0.3927831491712707 0.17556783302639656
0 0.4062715814917127 0.07098197030670941 0.4014157458563536 0.05885607317978916 0.4003366712707182 0.051277387475464 0.4062715814917127 0.03990935891897627 0.40842973066298344 0.02854133036248854 0.4062715814917127 0.01793117037643332 0.40842973066298344 0.011868221812973194 0.4143646408839779 0.0058052732495130705 0.4273135359116022 0.0013717421124828531 0.43270890883977897 0.004289536108648039 0.4375647444751381 0.014899696094703256 0.44727641574585636 0.018689038946865834 0.45590901243093923 0.025509856080758477 0.4586066988950276 0.03233067321465112 0.459685773480663 0.05279312461632903 0.45698808701657456 0.06870836459541187 0.4537508632596685 0.0800763931518996 0.4515927140883978 0.08841294742665727 0.44188104281767954 0.09068655313795482 0.43432752071823205 0.09371802741968488 0.42839261049723754 0.08689721028579224 0.42083908839779005 0.07704491887016954
0 0.4877417127071823 0.09068655313795482 0.49367662292817677 0.06416115317281677 0.5023092196132597 0.04673017605286891 0.5098627417127072 0.040667227489408785 0.5130999654696132 0.05203525604589652 0.5228116367403315 0.042182964630273816 0.530365158839779 0.042182964630273816 0.5357605317679558 0.057340336038924127 0.5357605317679558 0.07098197030670941 0.5400768301104972 0.08765507885622476 0.5400768301104972 0.1141804788213628 0.5379186809392265 0.13236932451174316 0.5379186809392265 0.1490424330612585 0.5373791436464088 0.16571554161077387 0.5379186809392265 0.171778490174234 0.533602382596685 0.17784143873769412 0.5271279350828729 0.18087291301942418 0.5211930248618785 0.17859930730812662 0.5130999654696132 0.1725363587446665 0.5060859806629834 0.1626840673290438 0.501769682320442 0.14752669592039347 0.49745338397790057 0.12630637594828303 0.49529523480662985 0.1141804788213628
0 0.543853591160221 0.07931852458146708 0.5546443370165746 0.06870836459541187 0.5675932320441989 0.061129678891086704 0.5751467541436464 0.05961394175022167 0.5880956491712707 0.06340328460238426 0.5961887085635359 0.06719262745454684 0.6032026933701657 0.0800763931518996 0.602663156077348 0.10053884455357752 0.6053608425414364 0.12024342738482292 0.6064399171270718 0.14752669592039347 0.6102166781767956 0.16041046161774625 0.6123748273480663 0.1763257015968291 0.6150725138121547 0.19451454728720946 0.6193888121546961 0.21346126154802234 0.6199283494475138 0.22179781582278002 0.6096771408839778 0.22407142153407755 0.6021236187845304 0.22407142153407755 0.5907933356353591 0.22937650152710518 0.5810816643646408 0.2308922386679702 0.5773049033149171 0.22482929010451008 0.5767653660220994 0.2164927358297524 0.5665141574585635 0.20815618155499474 0.5627373964088398 0.2013353644211021 0.5648955455801105 0.18390438730115424 0.5600397099447514 0.17329422731509903 0.5519466505524862 0.15737898733601619 0.5476303522099447 0.14222161592736587 0.545472203038674 0.13236932451174316 0.5433140538674033 0.11948555881439041 0.543853591160221 0.1043281874057401 0.5427745165745856 0.09068655313795482
0 0.5762258287292817 0.23468158152013277 0.5859375 0.23392371294970027 0.5934910220994475 0.23392371294970027 0.602663156077348 0.23013437009753768 0.6048213052486188 0.2407445300835929 0.6096771408839778 0.24680747864705302 0.6188492748618785 0.24832321578791805 0.6231655732044199 0.24908108435835058 0.629640020718232 0.2559019014922432 0.6366540055248618 0.2566597700626757 0.6447470649171271 0.25817550720354077 0.6474447513812155 0.2657541929078659 0.6447470649171271 0.2801536957460837 0.6452866022099447 0.2907638557321389 0.6420493784530387 0.295311067154734 0.6382726174033149 0.3013740157181941 0.6361144682320442 0.3104684385633843 0.6344958563535912 0.32107859854943954 0.6307190953038674 0.32638367854246714 0.6237051104972375 0.3233522042607371 0.6193888121546961 0.3180471242677095 0.6123748273480663 0.30592122714078923 0.602663156077348 0.30213188428862664 0.5988863950276243 0.2900059871617064 0.5951096339779005 0.2771222214643536 0.5924119475138121 0.26272271862613583 0.587556111878453 0.2543861643513782 0.5794630524861878 0.2543861643513782 0.5778444406077348 0.24756534721748555
0 0.6193888121546961 0.1831465187307217 0.6188492748618785 0.16874701589250393 0.6139934392265193 0.14525309020909594 0.6139934392265193 0.1338850616526082 0.6307190953038674 0.1391901416456358 0.6447470649171271 0.14525309020909594 0.6474447513812155 0.16419980446990884 0.6485238259668508 0.17935717587855915 0.65337966160221 0.19981962728023706 0.658235497237569 0.21497699868888737 0.6560773480662984 0.2263450272453751 0.6501424378453039 0.23847092437229536 0.6452866022099447 0.24226026722445793 0.6350353936464088 0.23922879294272786 0.6269423342541436 0.22331355296364505 0.6220864986187845 0.20588257584369718 0.6199283494475138 0.19072520443504687
0 0.6523005870165746 0.17935717587855915 0.65337966160221 0.1725363587446665 0.6576959599447514 0.1725363587446665 0.6663285566298343 0.1823886501602892 0.6722634668508287 0.196788152998507 0.6690262430939227 0.2066404444141297 0.6593145718232044 0.2013353644211021 0.6539191988950276 0.1869358615828843
0 0.6425889157458563 0.08462360457449469 0.6479842886740331 0.07780278744060205 0.6625517955801105 0.07931852458146708 0.6722634668508287 0.08159213029276463 0.6798169889502762 0.10584392454660513 0.6879100483425414 0.12630637594828303 0.6922263466850829 0.14070587878650084 0.6997798687845304 0.14676882734996097 0.7111101519337016 0.1535896444838536 0.7127287638121547 0.16041046161774625 0.7051752417127072 0.16874701589250393 0.6927658839779005 0.17556783302639656 0.6857518991712707 0.18617799301245178 0.6814356008287292 0.196788152998507 0.6755006906077348 0.19072520443504687 0.6722634668508287 0.17859930730812662 0.6657890193370165 0.16571554161077387 0.6576959599447514 0.15662111876558368 0.6517610497237569 0.13843227307520328 0.6474447513812155 0.1240327702369855 0.6447470649171271 0.11190687311006525 0.6425889157458563 0.09674950170141494
0 0.6237051104972375 0.07249770744757444 0.6215469613259669 0.05885607317978916 0.6258632596685083 0.04976165033459897 0.6339563190607734 0.04976165033459897 0.6366540055248618 0.05809820460935664 0.6361144682320442 0.07325557601800696 0.6323377071823204 0.08159213029276463
0 0.531983770718232 0.009594616101675647 0.5309046961325967 0.004289536108648039 0.5379186809392265 0.0013717421124828531 0.545472203038674 0.0013717421124828531 0.560579247237569 0.0013717421124828531 0.5675932320441989 0.0013717421124828531 0.5600397099447514 0.0013717421124828531 0.55572341160221 0.008078878960810618 0.5487094267955801 0.01565756466513577 0.5416954419889503 0.016415433235568287
0 0.5816212016574586 0.0013717421124828531 0.5751467541436464 0.0013717421124828531 0.5735281422651933 0.01262609038340571 0.5783839779005525 0.03384641035551615 0.5837793508287292 0.04673017605286891 0.5940305593922651 0.05355099318676155 0.6053608425414364 0.05355099318676155 0.614532976519337 0.051277387475464 0.6037422306629834 0.040667227489408785 0.5983468577348066 0.029299198932921055 0.599425932320442 0.01565756466513577 0.6048213052486188 0.006563141819945586 0.6183097375690607 0.002015930397350491 0.6210074240331491 0.0013717421124828531 0.6139934392265193 0.0013717421124828531 0.6085980662983426 0.0013717421124828531 0.5999654696132597 0.0013717421124828531 0.5913328729281768 0.0013717421124828531
0 0.6037422306629834 0.03005706750335357 0.6032026933701657 0.017173301806000803 0.6069794544198894 0.011868221812973194 0.6188492748618785 0.0058052732495130705 0.6274818715469613 0.004289536108648039 0.6382726174033149 0.0035316675382155243 0.6447470649171271 0.005047404679080555 0.6442075276243093 0.02096264465816338 0.6404307665745856 0.0361200160668137 0.6339563190607734 0.04369870177113885 0.6258632596685083 0.04294083320070633 0.6199283494475138 0.04597230748243639 0.6118352900552486 0.040667227489408785
0 0.6744216160220994 0.0013717421124828531 0.6916868093922651 0.0013717421124828531 0.7067938535911602 0.0013717421124828531 0.7224404350828729 0.0013717421124828531 0.7245985842541436 0.0013717421124828531 0.7208218232044199 0.0027737989677830087 0.7213613604972375 0.021720513228595896 0.7251381215469613 0.0361200160668137 0.728914882596685 0.051277387475464 0.7326916436464088 0.061129678891086704 0.7321521063535912 0.07249770744757444 0.730533494475138 0.0800763931518996 0.7245985842541436 0.08462360457449469 0.7181241367403315 0.07477131315887199 0.71380783839779 0.06037181032065419 0.7057147790055248 0.05809820460935664 0.6960031077348066 0.05658246746849161 0.6916868093922651 0.04673017605286891 0.6922263466850829 0.0414250960598413 0.697082182320442 0.03763575320767873 0.7024775552486188 0.021720513228595896 0.7024775552486188 0.014899696094703256 0.7024775552486188 0.0073210103903781016 0.7046357044198894 0.0013717421124828531 0.700319406077348 0.0013717421124828531 0.6927658839779005 0.0013717421124828531 0.6857518991712707 0.0013717421124828531
0 0.6523005870165746 0.2619648500557033 0.6636308701657458 0.2680277986191634 0.6695657803867403 0.28166943288694873 0.6701053176795579 0.3013740157181941 0.6760402279005525 0.318804992838142 0.6906077348066298 0.31728925569727695 0.6938449585635359 0.3241100728311696 0.6906077348066298 0.3339623642467923 0.68359375 0.34229891852155 0.6717239295580111 0.3521512099371727 0.6625517955801105 0.3582141585006328 0.659854109116022 0.36427710706409294 0.6501424378453039 0.365792844204958 0.6382726174033149 0.3597298956414979 0.6317981698895028 0.34457252423284757 0.6344958563535912 0.3377517070989549 0.6458261395027625 0.3241100728311696 0.6469052140883977 0.3051633585703567 0.6490633632596685 0.295311067154734 0.6506819751381215 0.28166943288694873
0 0.6425889157458563 0.8114195636192771 0.6544587361878453 0.8030830093445194 0.6647099447513812 0.8000515350627894 0.6652494820441989 0.8099038264784121 0.656616885359116 0.8189982493236022 0.6485238259668508 0.8235454607461974 0.6425889157458563 0.8258190664574949
0 0.1947729627071823 0.7606423694002985 0.20232648480662982 0.7439692608507832 0.20394509668508287 0.7310854951534305 0.20772185773480661 0.7272961523012679 0.21257769337016574 0.7462428665620807 0.21959167817679556 0.7477586037029458 0.2244475138121547 0.7401799179986206 0.2320010359116022 0.7265382837308354 0.23793594613259667 0.7219910723082402 0.2530429903314917 0.7295697580125654 0.265991885359116 0.733359100864728 0.2681500345303867 0.7416956551394857 0.265991885359116 0.7507900779846759 0.2530429903314917 0.7538215522664059 0.2427917817679558 0.758368763689001 0.23415918508287292 0.7659474493933262 0.22768473756906077 0.7742840036680838 0.2314614986187845 0.7909571122175991 0.23577779696132595 0.8045987464853844 0.2427917817679558 0.8121774321897096 0.23361964779005523 0.8136931693305747 0.21797306629834254 0.8114195636192771 0.21149861878453038 0.8144510379010071 0.2055637085635359 0.8174825121827373 0.20232648480662982 0.8023251407740869 0.2001683356353591 0.781862689372409 0.2007078729281768 0.7674631865341912
0 0.20502417127071823 0.8243033293166299 0.21473584254143646 0.8220297236053323 0.22552658839779005 0.8197561178940348 0.23631733425414364 0.8205139864644673 0.24872669198895028 0.8220297236053323 0.2562802140883978 0.8243033293166299 0.26059651243093923 0.8288505407392249 0.26167558701657456 0.8356713578731176 0.24926622928176795 0.8371870950139826 0.23847548342541436 0.8371870950139826 0.2320010359116022 0.8409764378661452 0.2293033494475138 0.8477972550000379 0.22228936464088397 0.853860203563498 0.21419630524861877 0.852344466422633 0.20718232044198895 0.8440079121478753 0.20502417127071823 0.8341556207322526
0 0.23415918508287292 0.781862689372409 0.24548946823204418 0.784894163654139 0.25142437845303867 0.7773154779498139 0.2535825276243094 0.7674631865341912 0.26167558701657456 0.7629159751115961 0.2713872582872928 0.7614002379707311 0.27516401933701656 0.7727682665272188 0.27462448204419887 0.7917149807880317 0.27354540745856354 0.8114195636192771 0.27516401933701656 0.83036627788009 0.27462448204419887 0.8432500435774427 0.2670709599447514 0.8409764378661452 0.26545234806629836 0.8296084093096575 0.26221512430939226 0.8220297236053323 0.2530429903314917 0.8159667750418722 0.2481871546961326 0.8136931693305747 0.24441039364640882 0.8076302207671145 0.24063363259668508 0.8015672722036544 0.2368568715469613 0.7932307179288968
0 0.0021581491712707184 0.9766349119735654 0.010790745856353591 0.9948237576639458 0.018344267955801106 1.0046760490795685 0.02320010359116022 1.0122547347838937 0.033451312154696135 1.0107389976430285 0.04154437154696133 1.0092232605021638 0.05071650552486188 1.0092232605021638 0.055572341160220994 1.0281699747629767 0.05611187845303867 1.0319593176151391 0.04100483425414365 1.0304435804742742 0.030214088397790054 1.0327171861855717 0.026135186464087495 1.0329218106995885 0.008093059392265194 1.0304435804742742 0.005934910220994475 1.0236227633403816 0.009172133977900553 1.018317683347354 0.004316298342541437 1.013012603354326 0.0010790745856353592 1.002402443368271
0 0.0016186118784530387 0.7667053179637586 0.01294889502762431 0.7886835065063016 0.022121029005524862 0.7992936664923569 0.03830714779005525 0.7947464550697617 0.04855835635359116 0.7864099007950041 0.055572341160220994 0.7826205579428415 0.06474447513812155 0.7901992436471666 0.06420493784530387 0.803840877914952 0.055572341160220994 0.8129353007601421 0.04046529696132597 0.8129353007601421 0.02535825276243094 0.8174825121827373 0.016186118784530388 0.8227875921757648 0.01186982044198895 0.83036627788009 0.0009765625 0.8485551235704704 0.0009765625 0.7985357979219243 0.0010790745856353592 0.7788312150906789
0 0.05179558011049724 0.8220297236053323 0.06420493784530387 0.8250611978870623 0.07769337016574586 0.8341556207322526 0.08039105662983426 0.8462815178591728 0.08093059392265194 0.856891677845228 0.08632596685082873 0.8591652835565255 0.09280041436464088 0.8417343064365778 0.10143301104972376 0.8356713578731176 0.11168421961325967 0.8364292264435501 0.11815866712707182 0.8371870950139826 0.11546098066298342 0.852344466422633 0.11654005524861878 0.8705333121130133 0.1160005179558011 0.8879642892329612 0.11438190607734806 0.8963008435077189 0.10197254834254144 0.8993323177894489 0.08740504143646409 0.9031216606416115 0.07769337016574586 0.9099424777755041 0.07229799723756906 0.9311627977476146 0.06636308701657459 0.9402572205928047 0.055032803867403314 0.9410150891632373 0.04640020718232044 0.9478359062971299 0.04532113259668508 0.9387414834519398 0.03830714779005525 0.9394993520223722 0.030214088397790054 0.9417729577336698 0.031832700276243096 0.9182790320502618 0.03129316298342542 0.8925115006555563 0.033990849447513814 0.8728069178243109 0.042083908839779006 0.8796277349582035 0.05179558011049724 0.8826592092399336 0.05719095303867403 0.8712911806834458 0.05988863950276243 0.8546180721339305 0.05773049033149171 0.8394607007252801
0 0.05071650552486188 0.9736034376918354 0.055032803867403314 0.9599618034240501 0.055032803867403314 0.9478359062971299 0.06528401243093923 0.9455623005858323 0.07337707182320442 0.9372257463110747 0.07985151933701658 0.9258577177545869 0.08416781767955801 0.9175211634798293 0.09064226519337017 0.9114582149163691 0.09873532458563536 0.9114582149163691 0.11168421961325967 0.9114582149163691 0.11977727900552486 0.9107003463459367 0.12031681629834254 0.9175211634798293 0.11384236878453038 0.9281313234658845 0.11114468232044199 0.9432886948745348 0.11114468232044199 0.9554145920014551 0.10628884668508287 0.9637511462762127 0.10251208563535912 0.9675404891283753 0.10089347375690608 0.9766349119735654 0.10143301104972376 0.9872450719596207 0.10467023480662983 0.9940658890935133 0.10520977209944751 1.0039181805091362 0.09711671270718232 1.013012603354326 0.09172133977900553 1.0175598147769214 0.08902365331491713 1.0228648947699488 0.08470735497237569 1.0312014490447068 0.08266610554788217 1.0329218106995885 0.06852123618784531 1.0329218106995885 0.06096771408839779 1.0327171861855717 0.05719095303867403 1.0205912890586515 0.053953729281767955 1.0084653919317312 0.053414191988950276 0.9940658890935133 0.052874654696132596 0.9842135976778906
0 0.658831716954023 0.25829746306544943 0.6700565732758621 0.24016523973952666 0.6790364583333334 0.2338583794522492 0.6857713721264368 0.23464673698815888 0.6908225574712643 0.2441070274190751 0.6919450431034483 0.25750910552953976 0.6936287715517241 0.2685461110322754 0.6930675287356322 0.2787947589991013 0.6885775862068966 0.2866783343581981 0.6784752155172413 0.28588997682228845 0.6745465158045977 0.2827365466786497 0.66949533045977 0.2701228261040947 0.6650053879310345 0.2606625356731785
0 0.6784752155172413 0.22439808902133293 0.6767914870689655 0.21020765337495861 0.6784752155172413 0.2039007930876811 0.6868938577586207 0.19995900540813272 0.7003636853448276 0.19601721772858427 0.7121497844827586 0.19917064787222302 0.7172009698275862 0.2039007930876811 0.7177622126436781 0.211784368446778 0.7110272988505747 0.21730287119814579 0.7054148706896551 0.2228213739495136 0.7048536278735632 0.2330700219163395 0.7099048132183908 0.24174195481134605 0.7127110272988506 0.2551440329218107 0.7110272988505747 0.26539268088863666 0.7155172413793104 0.27721804392728194 0.7256196120689655 0.27721804392728194 0.7340382543103449 0.2701228261040947 0.7402119252873564 0.2598741781372688 0.744140625 0.251990602778172 0.7531205100574713 0.251990602778172 0.7542429956896551 0.26381596581681727 0.7531205100574713 0.28431326175046906 0.7503142959770115 0.30402220014821124 0.7424568965517241 0.3182126357945856 0.7362832255747126 0.32215442347413403 0.7239358836206896 0.31427084811503714 0.7087823275862069 0.31111741797139836 0.6981187140804598 0.3055989152200306 0.6936287715517241 0.29850369739684346 0.6947512571839081 0.2851016192863788 0.6992411997126436 0.2724878987118238 0.7020474137931034 0.2551440329218107 0.6936287715517241 0.2370118095958879 0.6857713721264368 0.22518644655724263
0 0.6700565732758621 0.06830329691121517 0.6700565732758621 0.05647793387256989 0.6728627873563219 0.04386421329801491 0.6801589439655172 0.04307585576210522 0.6897000718390804 0.05647793387256989 0.6964349856321839 0.06514986676757643 0.7031698994252873 0.06909165444712487 0.7082210847701149 0.0832820900934992 0.7093435704022988 0.09668416820396386 0.707659841954023 0.10299102849124135 0.7003636853448276 0.10220267095533167 0.6947512571839081 0.10693281617078977 0.6891388290229885 0.1108746038503382 0.6840876436781609 0.1053561010989704 0.6795977011494253 0.08643552023713795
0 0.6897000718390804 0.116393106601706 0.6992411997126436 0.11402803399397696 0.7065373563218391 0.10850953124260915 0.7132722701149425 0.10693281617078977 0.7216909123563219 0.11875817920943507 0.7233746408045977 0.12979518471217066 0.7205684267241379 0.1455623354303644 0.71832345545977 0.15029248064582248 0.7121497844827586 0.1455623354303644 0.7042923850574713 0.14162054775081595 0.6958737428160919 0.13531368746353845 0.6930675287356322 0.12427668196080287
0 0.7233746408045977 0.09510745313214448 0.7329157686781609 0.08722387777304765 0.7385281968390804 0.0722450845907636 0.7435793821839081 0.07539851473440236 0.7531205100574713 0.08485880516531857 0.7592941810344828 0.09826088327578322 0.7637841235632183 0.10850953124260915 0.7626616379310345 0.12427668196080287 0.7615391522988506 0.1400438326789966 0.7592941810344828 0.14950412310991282 0.7463855962643678 0.14950412310991282 0.7374057112068966 0.14792740803809343 0.7329157686781609 0.13137189978399003 0.7289870689655172 0.11954653674534475 0.7244971264367815 0.10772117370669947
0 0.7435793821839081 0.21493779859041676 0.7452631106321839 0.1881336423694874 0.7508755387931034 0.16763634643583555 0.7592941810344828 0.1605411286126484 0.7693965517241379 0.1558109833971903 0.7789376795977011 0.16290620122037747 0.7834276221264368 0.17630827933084212 0.7879175646551724 0.1897103574413068 0.79296875 0.20153572047995208 0.7924075071839081 0.20705422323131986 0.7873563218390804 0.21809122873405545 0.7879175646551724 0.23070494930861044 0.7901625359195402 0.24647210002680417 0.7912850215517241 0.2606625356731785 0.7901625359195402 0.2764296863913722 0.7879175646551724 0.28431326175046906 0.780621408045977 0.29140847957365623 0.7710802801724138 0.28194818914274 0.7665903376436781 0.26381596581681727 0.7609779094827586 0.23543509452406858 0.7598554238505747 0.2212446588776942 0.7654678520114943 0.21257272598268767 0.7654678520114943 0.20232407801586177 0.7576104525862069 0.19601721772858427 0.7548042385057471 0.19207543004903582 0.7491918103448276 0.20074736294404238 0.7491918103448276 0.21414944105450706
0 0.7867950790229885 0.16605963136401622 0.7907237787356322 0.16211784368446777 0.79296875 0.15265755325355154 0.7924075071839081 0.1400438326789966 0.7907237787356322 0.1266417545685319 0.7935299928160919 0.116393106601706 0.8019486350574713 0.11008624631442851 0.8187859195402298 0.10772117370669947 0.8328169899425287 0.11166296138624789 0.8457255747126436 0.12112325181716413 0.8558279454022988 0.12427668196080287 0.8642465876436781 0.1384671176071772 0.865930316091954 0.1558109833971903 0.8530217313218391 0.171578134115384 0.8468480603448276 0.1881336423694874 0.8389906609195402 0.1936521451208552 0.8288882902298851 0.18655692729766804 0.8204696479885057 0.17946170947448084 0.8114897629310345 0.18576856976175835 0.8019486350574713 0.2046891506235908 0.7957749640804598 0.19286378758494552 0.7912850215517241 0.18182678208220995
0 0.7968974497126436 0.26618103842454627 0.8025098778735632 0.25593239045772037 0.8075610632183908 0.2504138877063526 0.81597970545977 0.25277896031408165 0.830010775862069 0.2567207479936301 0.8350619612068966 0.25829746306544943 0.830010775862069 0.2724878987118238 0.8193471623563219 0.28037147407092067 0.8126122485632183 0.2890434069659272 0.804754849137931 0.28983176450183684 0.7985811781609196 0.28115983160683033
0 0.7362832255747126 0.34107500433596644 0.7458243534482758 0.3355565015845987 0.7592941810344828 0.3426517194077858 0.7632228807471264 0.34738186462324394 0.7654678520114943 0.36078394273370856 0.7727640086206896 0.3678791605568958 0.779498922413793 0.37339766330826357 0.7733252514367815 0.3867997414187282 0.7699577945402298 0.40099017706510254 0.768835308908046 0.41360389763965755 0.7660290948275862 0.4309477634296706 0.7643453663793104 0.4435614840042256 0.7525592672413793 0.445138199076045 0.7458243534482758 0.44040805386058685 0.7503142959770115 0.4238525456064835 0.7491918103448276 0.4025668921369219 0.7452631106321839 0.39862510445737354 0.7345994971264368 0.40099017706510254 0.7284258261494253 0.39862510445737354 0.7228133979885057 0.37812780852372163 0.7278645833333334 0.36551408794916673 0.7374057112068966 0.35763051259006984
0 0.7699577945402298 0.34895857969506333 0.7828663793103449 0.33949828926414705 0.7940912356321839 0.3300379988332309 0.804754849137931 0.32294278101004364 0.8131734913793104 0.31269413304321775 0.8210308908045977 0.31269413304321775 0.8266433189655172 0.3268845686895921 0.8288882902298851 0.33949828926414705 0.8260820761494253 0.3442284344796052 0.8081223060344828 0.3418633618718761 0.7968974497126436 0.3513236523027924 0.7980199353448276 0.36551408794916673 0.7912850215517241 0.3718209482364442 0.781182650862069 0.36709080302098607 0.7705190373563219 0.35763051259006984
0 0.7884788074712643 0.389953171562367 0.7901625359195402 0.3820695962032701 0.7957749640804598 0.3741860208441733 0.8008261494252873 0.3710325907005345 0.8064385775862069 0.3726093057723539 0.8103672772988506 0.38364631127508947 0.8098060344827586 0.39231824417009603 0.8058773347701149 0.39862510445737354 0.7980199353448276 0.4065086798164704 0.7946524784482758 0.4065086798164704 0.7912850215517241 0.4025668921369219
0 0.8378681752873564 0.3426517194077858 0.8412356321839081 0.33319142897686954 0.8496542744252873 0.3260962111536824 0.8681752873563219 0.3048105576841209 0.8816451149425287 0.28983176450183684 0.8878187859195402 0.28431326175046906 0.8900637571839081 0.29140847957365623 0.8900637571839081 0.3032338426123015 0.8923087284482758 0.3197893508664049 0.8956761853448276 0.33319142897686954 0.8923087284482758 0.34107500433596644 0.8866963002873564 0.34895857969506333 0.8838900862068966 0.35447708244643106 0.8670528017241379 0.35605379751825045 0.8496542744252873 0.35605379751825045 0.841796875 0.3529003673746118
0 0.8131734913793104 0.3678791605568958 0.8204696479885057 0.35920722766188923 0.8272045617816092 0.3568421550541601 0.8412356321839081 0.36393737287734734 0.8586341594827586 0.3741860208441733 0.8715427442528736 0.37733945098781196 0.8827676005747126 0.37812780852372163 0.8889412715517241 0.3804928811314508 0.8951149425287356 0.3891648140264573 0.9063397988505747 0.3946833167778251 0.9141971982758621 0.39862510445737354 0.9186871408045977 0.4096621099601091 0.9214933548850575 0.42069911546284466 0.9220545977011494 0.42700597575012217 0.9130747126436781 0.417545685319206 0.9091460129310345 0.41675732778329627 0.9063397988505747 0.4222758305346641 0.9113909841954023 0.43488955110921906 0.914758441091954 0.447503271683774 0.9175646551724138 0.45854027718650964 0.915319683908046 0.4624820648660581 0.9102684985632183 0.45854027718650964 0.9012886135057471 0.460116992258329 0.8923087284482758 0.4624820648660581 0.8726652298850575 0.4396196963246772 0.8591954022988506 0.41833404285511566 0.8434806034482758 0.41045046749601877 0.8305720186781609 0.4025668921369219 0.8238371048850575 0.3938949592419154 0.8148572198275862 0.37812780852372163
0 0.11947737068965517 0.8732163410750043 0.12340607040229885 0.8503539725336234 0.12789601293103448 0.8448354697822558 0.13743714080459768 0.8440471122463459 0.14361081178160917 0.85902590542863 0.14866199712643677 0.8763697712186431 0.15539691091954022 0.8905602068650174 0.1593256106321839 0.8984437822241143 0.1666217672413793 0.8945019945445658 0.1727954382183908 0.888983491793198 0.1812140804597701 0.8937136370086561 0.1800915948275862 0.901597212367753 0.1688667385057471 0.9149992904782177 0.16213182471264367 0.9173643630859468 0.1531519396551724 0.9126342178704886 0.14192708333333331 0.9118458603345789 0.13743714080459768 0.916576005550037 0.13070222701149423 0.914210932942308 0.12116109913793104 0.9063273575832111 0.12003861350574713 0.8858300616495592
0 0.16830549568965517 0.9236712233732243 0.17840786637931033 0.9126342178704886 0.18289780890804597 0.9086924301909401 0.18907147988505746 0.9110575027986693 0.1958063936781609 0.926824653516863 0.20422503591954022 0.9291897261245919 0.21713362068965517 0.9260362959809534 0.22386853448275862 0.9276130110527727 0.23453214798850575 0.9386500165555082 0.23846084770114942 0.9465335919146051 0.2362158764367816 0.9567822398814311 0.23340966235632182 0.964665815240528 0.21937859195402298 0.964665815240528 0.2227460488505747 0.9512637371300632 0.21095994971264367 0.9504753795941535 0.19636763649425287 0.954417167273702 0.18402029454022986 0.9536288097377923 0.17504040948275862 0.941803446699147
0 0.10769127155172414 0.9883165413178184 0.11274245689655173 0.9812213234946312 0.11779364224137931 0.9686076029200762 0.12452855603448276 0.9630891001687085 0.13687589798850575 0.964665815240528 0.15034572557471262 0.9693959604559861 0.1531519396551724 0.9867398262459991 0.15034572557471262 1.0001419043564639 0.14080459770114942 1.0064487646437412 0.1284572557471264 1.00960219478738 0.1273347701149425 1.0159090550746575 0.1323859554597701 1.030099490721032 0.12452855603448276 1.0324645633287608 0.11835488505747126 1.0285227756492124 0.11105872844827586 1.0088138372514703 0.109375 0.9977768317487347
0 0.1447332974137931 1.0151206975387477 0.16100933908045975 1.0293111331851221 0.16615032327586196 1.0329218106995885 0.1761628951149425 1.0329218106995885 0.18570402298850575 1.0324645633287608 0.19075520833333331 1.0324645633287608 0.1772853807471264 1.0174857701464768 0.15708063936781608 1.0048720495719219 0.14866199712643677 1.0088138372514703
0 0.17560165229885055 1.0064487646437412 0.17840786637931033 0.9930466865332765 0.19861260775862066 0.9820096810305411 0.2154498922413793 0.9804329659587215 0.2300422054597701 0.9867398262459991 0.2362158764367816 0.9906816139255475 0.24182830459770113 1.0032953345001026 0.24519576149425287 1.0111789098591992 0.24912446120689655 1.0103905523232897 0.2547368893678161 1.0206392002901157 0.25417564655172414 1.0324645633287608 0.22835847701149423 1.0324645633287608 0.21663972701149478 1.0329218106995885 0.19636763649425287 1.030099490721032 0.18065283764367815 1.0135439824669283
0 0.19075520833333331 0.88425334657774 0.20085757902298848 0.8692745533954559 0.21601113505747124 0.8621793355722688 0.22948096264367815 0.8684861958595462 0.23902209051724135 0.8874067767213788 0.2592268318965517 0.8952903520804755 0.255298132183908 0.9063273575832111 0.243512033045977 0.9134225754063984 0.24126706178160917 0.9276130110527727 0.2423895474137931 0.9354965864118695 0.2362158764367816 0.9331315138041404 0.22386853448275862 0.9236712233732243 0.22106232040229884 0.914210932942308 0.20141882183908044 0.8984437822241143
0 0.24744073275862066 0.9205177932295855 0.25417564655172414 0.9126342178704886 0.2654005028735632 0.9055390000473015 0.26989044540229884 0.9023855699036627 0.27606411637931033 0.9157876480141274 0.27662535919540227 0.9307664411964115 0.2625942887931034 0.9441685193068761 0.2519306752873563 0.9512637371300632 0.24856321839080459 0.9425918042350566 0.24687948994252873 0.9339198713400501
0 0.2743803879310345 0.8771581287545528 0.27943157327586204 0.8574491903568107 0.28560524425287354 0.8479888999258943 0.29570761494252873 0.8456238273181653 0.3035650143678161 0.8448354697822558 0.3114224137931034 0.8511423300695331 0.3181573275862069 0.8621793355722688 0.31984105603448276 0.8763697712186431 0.31254489942528735 0.8929252794727465 0.30861619971264365 0.9086924301909401 0.3119836566091954 0.9197294356936758 0.32489224137931033 0.9205177932295855 0.3372395833333333 0.9173643630859468 0.33948455459770116 0.9284013685886824 0.33892331178160917 0.9441685193068761 0.341168283045977 0.954417167273702 0.33892331178160917 0.964665815240528 0.33162715517241376 0.9772795358150828 0.3265759698275862 0.9906816139255475 0.32096354166666663 0.9930466865332765 0.3114224137931034 0.9851631111741797 0.3069324712643678 0.9741261056714442 0.3102999281609195 0.9552055248096116 0.3102999281609195 0.9402267316273276 0.2996363146551724 0.9315547987323212 0.2934626436781609 0.926824653516863 0.28448275862068967 0.926824653516863 0.27943157327586204 0.9102691452627596 0.2777478448275862 0.9008088548318434 0.2816765445402299 0.8929252794727465
0 0.34902568247126436 1.0277344181133028 0.3484644396551724 1.0190624852182961 0.35519935344827586 1.0127556249310188 0.36249551005747127 1.0127556249310188 0.36754669540229884 1.0214275578260252 0.3681079382183908 1.0308878482569415 0.3619342672413793 1.0324645633287608
0 0.37372036637931033 1.0308878482569415 0.37091415229885055 1.0174857701464768 0.3692304238505747 1.0080254797155606 0.37147539511494254 1.0032953345001026 0.3849452227011494 0.9993535468205541 0.39673132183908044 0.9922583289973669 0.4051499640804598 0.9867398262459991 0.40683369252873564 0.9922583289973669 0.40066002155172414 1.004083692036012 0.3984150502873563 1.011967267395109 0.40066002155172414 1.022215915361935 0.4079561781609195 1.0277344181133028 0.4079561781609195 1.0329218106995885 0.3928026221264368 1.0316762057928512
0 0.4057112068965517 1.0111789098591992 0.4152523347701149 1.0001419043564639 0.42310973419540227 0.9930466865332765 0.43208961925287354 0.9962001166769153 0.4449982040229885 1.0072371221796508 0.45173311781609193 1.0159090550746575 0.4500493893678161 1.030099490721032 0.44452395384339094 1.0329218106995885 0.42984464798850575 1.0329218106995885 0.41861979166666663 1.0308878482569415 0.4079561781609195 1.0214275578260252
0 0.4657641882183908 0.9630891001687085 0.47474407327586204 0.9623007426327989 0.487091415229885 0.9623007426327989 0.4960713002873563 0.9662425303123473 0.4960713002873563 0.9804329659587215 0.49831627155172414 0.9898932563896378 0.5067349137931034 0.996988474212825 0.5151535560344828 1.0009302618923734 0.5185210129310345 1.0080254797155606 0.5157147988505747 1.0245809879696641 0.5044899425287356 1.0308878482569415 0.487091415229885 1.030099490721032 0.4769890445402299 1.0285227756492124 0.46913164511494254 1.0230042728978446 0.4668866738505747 0.9930466865332765 0.46744791666666663 0.9804329659587215
0 0.5656654094827586 1.0316762057928512 0.5796964798850575 1.0174857701464768 0.585870150862069 1.0103905523232897 0.6038299209770115 1.00960219478738 0.6184222341954023 1.004083692036012 0.6324533045977011 1.001718619428283 0.6436781609195402 1.0048720495719219 0.6515355603448276 1.0111789098591992 0.6605154454022988 1.0245809879696641 0.6655666307471264 1.030099490721032 0.6414331896551724 1.0324645633287608 0.5836251795977011 1.0324645633287608
0 0.634698275862069 0.9512637371300632 0.6403107040229885 0.9410150891632373 0.6532192887931034 0.9362849439477792 0.670617816091954 0.9362849439477792 0.6840876436781609 0.9354965864118695 0.6908225574712643 0.9370733014836888 0.7037311422413793 0.9623007426327989 0.7115885416666666 0.9757028207432634 0.7155172413793104 0.994623401605096 0.720007183908046 1.0072371221796508 0.7267420977011494 1.0159090550746575 0.7284258261494253 1.0261577030414835 0.7295483117816092 1.0324645633287608 0.707098599137931 1.0324645633287608 0.6902613146551724 1.0285227756492124 0.6751077586206896 1.0245809879696641 0.6683728448275862 1.0182741276823866 0.6661278735632183 1.0025069769641928 0.6610766882183908 0.9757028207432634 0.6492905890804598 0.9662425303123473 0.6380657327586207 0.9638774577046182
0 0.7677128232758621 0.6430159405893761 0.7705190373563219 0.6225186446557243 0.7705190373563219 0.6091165665452596 0.7834276221264368 0.5996562761143434 0.7907237787356322 0.5996562761143434 0.8041936063218391 0.6035980637938918 0.8126122485632183 0.615423426832537 0.8249595905172413 0.628037147407092 0.8378681752873564 0.6319789350866405 0.8446030890804598 0.650899515948473 0.8356232040229885 0.6493228008766536 0.8227146192528736 0.6516878734843826 0.8126122485632183 0.6643015940589376 0.8092447916666666 0.6816454598489508 0.8064385775862069 0.6887406776721379 0.7985811781609196 0.6950475379594154 0.7918462643678161 0.6997776831748735 0.7851113505747126 0.693470822887596 0.781182650862069 0.6745502420257635 0.7800601652298851 0.6603598063793892 0.7733252514367815 0.6461693707330148
0 0.8199084051724138 0.5901959856834271 0.8215921336206896 0.5752171925011431 0.828327047413793 0.5649685445343172 0.8401131465517241 0.5618151143906784 0.853582974137931 0.5665452596061366 0.8620016163793104 0.5618151143906784 0.8653690732758621 0.55787332671113 0.8732264727011494 0.5649685445343172 0.8777164152298851 0.572852119893414 0.877155172413793 0.5878309130756981 0.8816451149425287 0.6020213487220725 0.8861350574712643 0.615423426832537 0.8861350574712643 0.6264604323352727 0.8799613864942528 0.6374974378380083 0.8709815014367815 0.6461693707330148 0.8603178879310345 0.650899515948473 0.854144216954023 0.6548413036280214 0.8479705459770115 0.6422275830534664 0.8423581178160919 0.628037147407092 0.8305720186781609 0.6225186446557243 0.8266433189655172 0.6185768569761758 0.8316945043103449 0.6083282090093499 0.830010775862069 0.5996562761143434 0.8238371048850575 0.5965028459707046
0 0.7340382543103449 0.0013717421124828531 0.7424568965517241 0.0013717421124828531 0.7693965517241379 0.0013717421124828531 0.805316091954023 0.0013717421124828531 0.8204696479885057 0.0013717421124828531 0.8232758620689655 0.0013717421124828531 0.8260820761494253 0.0013717421124828531 0.8277658045977011 0.006811409110259684 0.8238371048850575 0.016271699541175914 0.8182246767241379 0.018636772148904975 0.8092447916666666 0.009176481717988743 0.8036323635057471 0.0013717421124828531 0.7997036637931034 0.0013717421124828531 0.7901625359195402 0.0013717421124828531 0.7839888649425287 0.0013717421124828531 0.7705190373563219 0.0052346940384403115 0.7570492097701149 0.008388124182079057 0.7402119252873564 0.010753196789808116 0.7351607399425287 0.002869621430711257
0 0.7480693247126436 0.03125049272345994 0.756487966954023 0.02100184475663403 0.7654678520114943 0.015483342005266229 0.7766927083333334 0.014694984469356543 0.7856725933908046 0.011541554325717802 0.7940912356321839 0.010753196789808116 0.8036323635057471 0.016271699541175914 0.8081223060344828 0.025731989972092147 0.8103672772988506 0.03755735301073743 0.8120510057471264 0.06199643662393769 0.8126122485632183 0.07934030241395078 0.8064385775862069 0.0943190955962348 0.7940912356321839 0.10456774356306071 0.7862338362068966 0.10772117370669947 0.7733252514367815 0.10220267095533167 0.7626616379310345 0.09037730791668638 0.7536817528735632 0.07303344212667329 0.7475080818965517 0.06514986676757643 0.7480693247126436 0.05095943112120209 0.7463855962643678 0.0391340680825568
0 0.830010775862069 0.0013717421124828531 0.8434806034482758 0.0013717421124828531 0.8580729166666666 0.0013717421124828531 0.8681752873563219 0.0036579789666209435 0.878277658045977 0.019425129684814656 0.8844513290229885 0.028885420115730892 0.8923087284482758 0.033615565331189 0.9018498563218391 0.0391340680825568 0.9091460129310345 0.04544092836983429 0.9108297413793104 0.05174778865711178 0.9052173132183908 0.07145672705485391 0.9012886135057471 0.0777635873421314 0.8872575431034483 0.06593822430348611 0.8760326867816092 0.06199643662393769 0.8625628591954023 0.06357315169575706 0.8563891882183908 0.07461015719849266 0.854144216954023 0.07855194487804108 0.8440418462643678 0.0777635873421314 0.8322557471264368 0.06751493937530549 0.8193471623563219 0.047017643441653656 0.8154184626436781 0.03519228040300837 0.8215921336206896 0.033615565331189 0.8389906609195402 0.033615565331189 0.8524604885057471 0.033615565331189 0.8636853448275862 0.028097062579821204 0.8670528017241379 0.017848414612995286 0.8620016163793104 0.009176481717988743 0.8518992456896551 0.006023051574349998 0.8429193606321839 0.006811409110259684 0.8361844468390804 0.007599766646169371 0.8322557471264368 0.0013717421124828531 0.8311332614942528 0.0013717421124828531
0 0.8563891882183908 0.09353073806032511 0.86480783045977 0.07539851473440236 0.8681752873563219 0.06751493937530549 0.8827676005747126 0.06751493937530549 0.890625 0.0722450845907636 0.8939924568965517 0.08012865994986046 0.9035335847701149 0.08801223530895731 0.9158809267241379 0.08958895038077669 0.9226158405172413 0.09195402298850573 0.927105783045977 0.10299102849124135 0.9237383261494253 0.11402803399397696 0.9231770833333334 0.12348832442489317 0.914758441091954 0.12585339703262224 0.9085847701149425 0.13452532992762878 0.9001661278735632 0.14162054775081595 0.8822063577586207 0.13452532992762878 0.8737877155172413 0.1266417545685319 0.8687365301724138 0.11245131892215758 0.8614403735632183 0.10299102849124135
0 0.9332794540229885 0.0013717421124828531 0.9428205818965517 0.0013717421124828531 0.9529229525862069 0.0013717421124828531 0.9579741379310345 0.0013717421124828531 0.9675152658045977 0.0013717421124828531 0.9742501795977011 0.009176481717988743 0.9731276939655172 0.02100184475663403 0.9663927801724138 0.03440392286709869 0.9590966235632183 0.0391340680825568 0.951800466954023 0.04859435851347303 0.9461880387931034 0.058054648944389255 0.9422593390804598 0.06593822430348611 0.9372081537356322 0.06988001198303453 0.9310344827586207 0.07145672705485391 0.925983297413793 0.06751493937530549 0.9310344827586207 0.05490121880075052 0.927667025862069 0.04307585576210522 0.9242995689655172 0.03519228040300837
0 0.9484330100574713 0.07539851473440236 0.9495554956896551 0.06436150923166675 0.9540454382183908 0.05253614619302146 0.9619028376436781 0.04544092836983429 0.9720052083333334 0.04149914069028586 0.9781788793103449 0.04071078315437618 0.9860362787356322 0.04622928590574397 0.9916487068965517 0.05647793387256989 0.9877200071839081 0.06436150923166675 0.9725664511494253 0.07382179966258298 0.9602191091954023 0.08564716270122827 0.9534841954022989 0.08880059284486701
0 0.9798626077586207 0.03125049272345994 0.9865975215517241 0.02494363243618246 0.9950161637931034 0.013906626933446856 0.9978223778735632 0.00996483925389843 0.9989448635057471 0.023366917364363086 0.9910874640804598 0.03125049272345994 0.9860362787356322 0.03598063793891806
0 0.8620016163793104 0.1786733519385712 0.865930316091954 0.16842470397174528 0.8715427442528736 0.16684798889992591 0.8777164152298851 0.16842470397174528 0.8861350574712643 0.16842470397174528 0.8934312140804598 0.17394320672311306 0.8996048850574713 0.1889219999053971 0.9035335847701149 0.20074736294404238 0.9035335847701149 0.20941929583904892 0.8911862428160919 0.21414944105450706 0.8754714439655172 0.20784258076722956 0.8676140445402298 0.19917064787222302
0 0.8502155172413793 0.2378001671317976 0.8563891882183908 0.2236097314854233 0.8642465876436781 0.21730287119814579 0.878838900862069 0.2157261561263264 0.8934312140804598 0.21887958626996515 0.9035335847701149 0.22597480409315235 0.9125134698275862 0.23070494930861044 0.91363595545977 0.2385885246677073 0.9040948275862069 0.24253031234725572 0.8878187859195402 0.2441070274190751 0.8704202586206896 0.2441070274190751 0.8563891882183908 0.24095359727543636
0 0.9141971982758621 0.171578134115384 0.9214933548850575 0.15344591078946124 0.9405756106321839 0.13610204499944814 0.9534841954022989 0.11875817920943507 0.9602191091954023 0.0943190955962348 0.9686377514367815 0.08643552023713795 0.976495150862069 0.08249373255758952 0.9832300646551724 0.08801223530895731 0.9832300646551724 0.10693281617078977 0.9854750359195402 0.13058354224808036 0.9922099497126436 0.14871576557400312 0.9955774066091954 0.15896441354082902 0.9950161637931034 0.16842470397174528 0.9871587643678161 0.18498021222584868 0.9781788793103449 0.19207543004903582 0.9579741379310345 0.19286378758494552 0.9377693965517241 0.18734528483357774 0.9237383261494253 0.18576856976175835 0.9181258979885057 0.1834034971540293
0 0.8945536997126436 0.25829746306544943 0.9007273706896551 0.2504138877063526 0.9080235272988506 0.25277896031408165 0.9130747126436781 0.26460432335272693 0.91363595545977 0.28115983160683033 0.9080235272988506 0.29140847957365623 0.9046560704022989 0.294561909717295
0 0.9102684985632183 0.2157261561263264 0.9069010416666666 0.20311243555177141 0.9113909841954023 0.19995900540813272 0.9158809267241379 0.20074736294404238 0.9198096264367815 0.211784368446778 0.9203708692528736 0.22676316162906204 0.9186871408045977 0.22912823423679107
0 0.9282282686781609 0.2165145136622361 0.9355244252873564 0.21730287119814579 0.9411368534482758 0.22045630134178454 0.9416980962643678 0.23543509452406858 0.9400143678160919 0.2496255301704429 0.9349631824712643 0.2504138877063526 0.9310344827586207 0.24568374249089447 0.9287895114942528 0.2330700219163395
0 0.9821075790229885 0.07382179966258298 0.9905262212643678 0.06751493937530549 0.9950161637931034 0.06593822430348611 0.9990234375 0.07015987890828246 0.9990234375 0.143985620358545 0.9990234375 0.15108083818173218 0.9905262212643678 0.12585339703262224 0.9894037356321839 0.11796982167352538 0.9950161637931034 0.10456774356306071 0.9955774066091954 0.08722387777304765 0.9899649784482758 0.08091701748577015
0 0.9832300646551724 0.2157261561263264 0.9950161637931034 0.20311243555177141 0.9983836206896551 0.21493779859041676 0.9955774066091954 0.2378001671317976 0.9922099497126436 0.254355675385901 0.9905262212643678 0.26775775349636566 0.9865975215517241 0.2835249042145594 0.9793013649425287 0.29219683710956595 0.9736889367816092 0.29850369739684346 0.9703214798850575 0.29140847957365623 0.9708827227011494 0.27721804392728194 0.9809850933908046 0.2598741781372688 0.9877200071839081 0.24647210002680417
0 0.9265445402298851 0.25908582060135915 0.9355244252873564 0.2567207479936301 0.9445043103448276 0.2567207479936301 0.9546066810344828 0.24726045756271386 0.9602191091954023 0.2378001671317976 0.9714439655172413 0.2370118095958879 0.9725664511494253 0.25356731784999137 0.9647090517241379 0.27091118364000444 0.963586566091954 0.28431326175046906 0.9596578663793104 0.29613862478911435 0.9562904094827586 0.3032338426123015 0.9602191091954023 0.3197893508664049 0.9602191091954023 0.3268845686895921 0.951800466954023 0.3355565015845987 0.9411368534482758 0.3442284344796052 0.9310344827586207 0.34107500433596644 0.9203708692528736 0.3363448591205083 0.91363595545977 0.33319142897686954 0.9125134698275862 0.3213660659382243 0.9175646551724138 0.3032338426123015 0.9226158405172413 0.2787947589991013
0 0.8911862428160919 0.3505352947668827 0.8984823994252873 0.3426517194077858 0.9085847701149425 0.3426517194077858 0.9203708692528736 0.3434400769436955 0.9321569683908046 0.34895857969506333 0.9360856681034483 0.36078394273370856 0.9332794540229885 0.3726093057723539 0.9170034123563219 0.3789161660596314 0.9035335847701149 0.37733945098781196 0.8911862428160919 0.3741860208441733
0 0.854144216954023 0.5263390252747426 0.8670528017241379 0.5200321649874652 0.8743489583333334 0.5208205225233749 0.8844513290229885 0.5326458855620201 0.8923087284482758 0.5468363212083944 0.8979211566091954 0.5602383993188591 0.9001661278735632 0.570487047285685 0.8883800287356322 0.5665452596061366 0.8715427442528736 0.5594500417829494 0.8636853448275862 0.5468363212083944
0 0.8631241020114943 0.6729735269539442 0.8704202586206896 0.663513236523028 0.8777164152298851 0.6840105324566798 0.8726652298850575 0.6871639626003185
0 0.8805226293103449 0.5034766567333617 0.8895025143678161 0.4892862210869873 0.8984823994252873 0.48455607587152927 0.9057785560344828 0.48455607587152927 0.9102684985632183 0.4979581539819939 0.9130747126436781 0.5113602320924586 0.9220545977011494 0.5192438074515554 0.927105783045977 0.5223972375951942 0.927667025862069 0.5499897513520332 0.927667025862069 0.5618151143906784 0.9226158405172413 0.5767939075729624 0.9130747126436781 0.5744288349652334 0.8984823994252873 0.5389527458492975 0.890625 0.5200321649874652
0 0.9315957255747126 0.38364631127508947 0.9478717672413793 0.3710325907005345 0.9585353807471264 0.3757627359159926 0.9669540229885057 0.3678791605568958 0.9714439655172413 0.36393737287734734 0.9871587643678161 0.3678791605568958 0.9938936781609196 0.3757627359159926 0.9955774066091954 0.40099017706510254 0.9933324353448276 0.4143922551755672 0.9619028376436781 0.4002018195291929 0.951239224137931 0.39547167431373476 0.939453125 0.38522302634690886
0 0.9697602370689655 0.31900099333049525 0.9798626077586207 0.30086877000457246 0.9871587643678161 0.29613862478911435 0.9910874640804598 0.29062012203774656 0.9916487068965517 0.27800640146319155 0.9989448635057471 0.26933446856818505 0.9989448635057471 0.29929205493275307 0.9989448635057471 0.3434400769436955 0.9990234375 0.345426737934189 0.9865975215517241 0.32924964129732115 0.9720052083333334 0.32924964129732115
0 0.9254220545977011 0.4758841429765227 0.9366469109195402 0.45696356211469025 0.9456267959770115 0.44907998675559346 0.9551679238505747 0.45854027718650964 0.9579741379310345 0.4774608580483421 0.9630253232758621 0.48613279094334866 0.9736889367816092 0.48534443340743894 0.9849137931034483 0.48534443340743894 0.9787401221264368 0.5026882991974521 0.9787401221264368 0.5365876732415685 0.9871587643678161 0.5744288349652334 0.9894037356321839 0.5862541980038788 0.9776176364942528 0.5862541980038788 0.9630253232758621 0.585465840467969 0.9489942528735632 0.585465840467969 0.9355244252873564 0.5807356952525109 0.9332794540229885 0.5547198965674913 0.9293507543103449 0.515302019772007 0.9349631824712643 0.4979581539819939 0.9321569683908046 0.48534443340743894
0 0.9871587643678161 0.5421061759929363 0.9927711925287356 0.5350109581697492 0.9966998922413793 0.5042650142692714 0.9990234375 0.5251533355407341 0.9990234375 0.5909843432193369 0.9910874640804598 0.5665452596061366
0 0.9141971982758621 0.6083282090093499 0.9242995689655172 0.5917727007552465 0.9299119971264368 0.5870425555397885 0.9433818247126436 0.5894076281475175 0.9596578663793104 0.5909843432193369 0.9793013649425287 0.5941377733629756 0.9966998922413793 0.5996562761143434 0.9989448635057471 0.6114816391529887 0.9990234375 0.6196490232250174 0.9990234375 0.6792803872412216 0.9793013649425287 0.6753385995616732 0.9546066810344828 0.6650899515948473 0.9349631824712643 0.6516878734843826 0.9209321120689655 0.6335556501584599
0 0.645263671875 0.8560528120713305 0.645263671875 0.8406207133058985 0.6483154296875 0.8337620027434842 0.6544189453125 0.8311899862825789 0.6568603515625 0.8491941015089163 0.657470703125 0.8774862825788752 0.657470703125 0.8912037037037037 0.650146484375 0.8792009602194787
0 0.7020263671875 0.8611968449931413 0.7093505859375 0.8843449931412894 0.711181640625 0.898062414266118 0.70751953125 0.9066358024691358 0.7166748046875 0.9220679012345679 0.734375 0.9297839506172839 0.7447509765625 0.9435013717421125 0.7496337890625 0.9529320987654321 0.7581787109375 0.9495027434842249 0.7618408203125 0.9400720164609053 0.7850341796875 0.9460733882030178 0.79541015625 0.9486454046639232 0.7984619140625 0.9383573388203018 0.79541015625 0.9254972565157751 0.7825927734375 0.9160665294924554 0.777099609375 0.9040637860082305 0.7740478515625 0.8886316872427984 0.7734375 0.8800582990397805 0.7532958984375 0.8706275720164609 0.7392578125 0.866340877914952 0.724609375 0.8611968449931413 0.7178955078125 0.8671982167352538 0.7081298828125 0.8560528120713305
0 0.72705078125 0.8200445816186557 0.734375 0.8174725651577504 0.7423095703125 0.82690329218107 0.7520751953125 0.8329046639231824 0.7630615234375 0.8217592592592593 0.774658203125 0.8046124828532236 0.79052734375 0.7977537722908093 0.799072265625 0.8020404663923183 0.7996826171875 0.8251886145404664 0.801513671875 0.8449074074074074 0.8045654296875 0.8577674897119342 0.8179931640625 0.8569101508916324 0.82470703125 0.8629115226337448 0.8271484375 0.8757716049382716 0.8314208984375 0.886059670781893 0.830810546875 0.8929183813443072 0.81982421875 0.9006344307270233 0.81005859375 0.9049211248285323 0.8009033203125 0.9074931412894376 0.7911376953125 0.8963477366255144 0.7825927734375 0.8826303155006858 0.7801513671875 0.8680555555555556 0.7685546875 0.8611968449931413 0.76123046875 0.858624828532236 0.755126953125 0.8594821673525377 0.7410888671875 0.8551954732510288
0 0.7569580078125 0.7514574759945131 0.77587890625 0.7351680384087792 0.79052734375 0.719735939643347 0.802734375 0.7154492455418381 0.8216552734375 0.724022633744856 0.833251953125 0.7385973936899863 0.84423828125 0.7523148148148148 0.8564453125 0.7566015089163237 0.867431640625 0.7531721536351166 0.86865234375 0.7668895747599451 0.8656005859375 0.7848936899862826 0.860107421875 0.7926097393689986 0.8521728515625 0.783179012345679 0.8515625 0.7703189300411523 0.843017578125 0.759173525377229 0.82958984375 0.7548868312757202 0.8173828125 0.7480281207133059 0.7972412109375 0.7523148148148148 0.777099609375 0.7600308641975309 0.7655029296875 0.7651748971193416
0 0.802734375 0.8123285322359396 0.81982421875 0.8037551440329218 0.8369140625 0.7986111111111112 0.8460693359375 0.8003257887517147 0.8411865234375 0.8209019204389575 0.838134765625 0.8311899862825789 0.8204345703125 0.834619341563786 0.80517578125 0.842335390946502
0 0.87353515625 0.7694615912208504 0.8717041015625 0.7823216735253772 0.8839111328125 0.7934670781893004 0.896728515625 0.795181755829904 0.9083251953125 0.7891803840877915 0.92236328125 0.7857510288065843 0.9327392578125 0.7686042524005487 0.950439453125 0.7385973936899863 0.958984375 0.7291666666666666 0.9559326171875 0.7085905349794238 0.950439453125 0.6991598079561042 0.9364013671875 0.7068758573388203 0.928466796875 0.7145919067215364 0.923583984375 0.7205932784636488 0.921142578125 0.7351680384087792 0.91015625 0.7480281207133059 0.8973388671875 0.7428840877914952 0.891845703125 0.7480281207133059 0.8875732421875 0.7531721536351166 0.88330078125 0.7600308641975309
0 0.7984619140625 0.7025891632373114 0.8033447265625 0.7103052126200274 0.818603515625 0.7154492455418381 0.835693359375 0.7283093278463649 0.8472900390625 0.743741426611797 0.860107421875 0.7488854595336076 0.86865234375 0.7411694101508917 0.869873046875 0.7274519890260631 0.862548828125 0.7094478737997256 0.8466796875 0.7111625514403292 0.8350830078125 0.7111625514403292 0.8228759765625 0.7051611796982168 0.8167724609375 0.6974451303155007 0.81005859375 0.6948731138545954
0 0.8759765625 0.6940157750342936 0.8802490234375 0.704303840877915 0.8857421875 0.7051611796982168 0.8955078125 0.7188786008230452 0.8973388671875 0.7317386831275721 0.9010009765625 0.7385973936899863 0.908935546875 0.7411694101508917 0.9119873046875 0.7377400548696845 0.90283203125 0.7274519890260631 0.889404296875 0.7008744855967078 0.882080078125 0.6914437585733882
0 0.723388671875 1.004372427983539 0.733154296875 0.9897976680384087 0.7392578125 0.9846536351165981 0.74169921875 0.9915123456790124 0.7313232421875 1.0026577503429355
0 0.75146484375 0.9717935528120714 0.7630615234375 0.9632201646090535 0.7789306640625 0.9606481481481481 0.7899169921875 0.9623628257887518 0.796630859375 0.9700788751714677 0.802734375 0.9829389574759945 0.80517578125 0.9949417009602195 0.8076171875 1.004372427983539 0.8045654296875 1.0180898491083676 0.8009033203125 1.028377914951989 0.7874755859375 1.0309499314128945 0.7813720703125 1.0292352537722909 0.78076171875 1.0155178326474623 0.7764892578125 0.9957990397805213 0.76611328125 0.988940329218107 0.7569580078125 0.9829389574759945
0 0.808837890625 0.9143518518518519 0.8192138671875 0.9083504801097394 0.825927734375 0.9040637860082305 0.828369140625 0.917781207133059 0.8265380859375 0.9452160493827161 0.8216552734375 0.9657921810699589 0.816162109375 0.9735082304526749 0.8094482421875 0.969221536351166 0.802734375 0.9495027434842249 0.8045654296875 0.9340706447187929
0 0.857666015625 0.8209019204389575 0.867431640625 0.8260459533607681 0.8839111328125 0.8311899862825789 0.8936767578125 0.8380486968449932 0.89794921875 0.8431927297668038 0.891845703125 0.8526234567901234 0.882080078125 0.8654835390946503 0.8778076171875 0.8800582990397805 0.8778076171875 0.893775720164609 0.8826904296875 0.9066358024691358 0.886962890625 0.9220679012345679 0.882080078125 0.9272119341563786 0.87353515625 0.9220679012345679 0.8668212890625 0.9194958847736625 0.8643798828125 0.9289266117969822 0.87353515625 0.9409293552812071 0.8839111328125 0.9452160493827161 0.884521484375 0.9589334705075446 0.879638671875 0.9735082304526749 0.8741455078125 0.9820816186556928 0.867431640625 0.9837962962962963 0.8582763671875 0.981224279835391 0.8509521484375 0.976937585733882 0.843017578125 0.9795096021947873 0.833251953125 0.9675068587105624 0.83447265625 0.9512174211248285 0.838134765625 0.9212105624142661 0.8369140625 0.905778463648834 0.830810546875 0.9006344307270233 0.8363037109375 0.8920610425240055 0.8363037109375 0.8800582990397805 0.8448486328125 0.8500514403292181 0.8509521484375 0.8320473251028807
0 0.8985595703125 0.8140432098765432 0.911376953125 0.8011831275720165 0.9168701171875 0.7934670781893004 0.928466796875 0.7917524005486969 0.938232421875 0.7874657064471879 0.940673828125 0.7926097393689986 0.9473876953125 0.8011831275720165 0.9486083984375 0.8106138545953361 0.94677734375 0.8191872427983539 0.94189453125 0.8311899862825789 0.94189453125 0.8483367626886146 0.9345703125 0.8646262002743484 0.9290771484375 0.8731995884773662 0.9168701171875 0.8620541838134431 0.91015625 0.858624828532236 0.901611328125 0.8217592592592593
0 0.9388427734375 0.7746056241426612 0.9534912109375 0.7497427983539094 0.958984375 0.739454732510288 0.969970703125 0.7351680384087792 0.9876708984375 0.7317386831275721 0.9974365234375 0.7308813443072703 0.998046875 0.7583161865569273 0.9962158203125 0.7754629629629629 0.9901123046875 0.783179012345679 0.9827880859375 0.7840363511659808 0.9791259765625 0.77889231824417 0.9718017578125 0.7814643347050755 0.9656982421875 0.7908950617283951 0.958984375 0.7960390946502057 0.9534912109375 0.7943244170096022 0.94921875 0.7857510288065843 0.945556640625 0.77889231824417
0 0.94677734375 0.8697702331961591 0.947998046875 0.8551954732510288 0.955322265625 0.8354766803840878 0.9638671875 0.8234739368998628 0.979736328125 0.8131858710562414 0.99560546875 0.8123285322359396 0.9990234375 0.8331332876085962 0.9990234375 0.8809156378600823 0.9990234375 0.9152091906721537 0.998046875 0.933213305898491 0.9864501953125 0.91349451303155 0.9705810546875 0.9194958847736625 0.9534912109375 0.9272119341563786 0.940673828125 0.9246399176954733 0.939453125 0.8946330589849109
2 0.9669189453125 0.8809156378600823 0.97607421875 0.8749142661179699 0.9791259765625 0.8834876543209876 0.9779052734375 0.8877743484224966
0 0.8839111328125 0.886059670781893 0.8936767578125 0.8946330589849109 0.9107666015625 0.893775720164609 0.9241943359375 0.893775720164609 0.926025390625 0.9066358024691358 0.928466796875 0.9246399176954733 0.928466796875 0.9375 0.923583984375 0.9435013717421125 0.9107666015625 0.941786694101509 0.89794921875 0.9289266117969822 0.8912353515625 0.9109224965706447
0 0.9608154296875 0.9675068587105624 0.9718017578125 0.976937585733882 0.98583984375 0.9795096021947873 0.9931640625 0.9795096021947873 0.97607421875 0.9675068587105624 0.96630859375 0.9537894375857339
0 0.8094482421875 0.9820816186556928 0.8228759765625 0.9752229080932785 0.8289794921875 0.9743655692729767 0.838134765625 0.9863683127572016 0.8509521484375 0.9923696844993142 0.8594970703125 0.996656378600823 0.861328125 1.0060871056241427 0.8533935546875 1.0198045267489713 0.8515625 1.0266632373113855 0.83447265625 1.0215192043895747 0.8240966796875 1.0198045267489713 0.811279296875 1.0155178326474623 0.8131103515625 0.9957990397805213
0 0.933349609375 1.012945816186557 0.94677734375 1.0060871056241427 0.9541015625 1.0000857338820301 0.9620361328125 1.004372427983539 0.97119140625 1.012088477366255 0.9754638671875 1.0223765432098766 0.9644775390625 1.0318072702331962 0.952880859375 1.0309499314128945
0 0.85888671875 1.0318072702331962 0.8631591796875 1.0215192043895747 0.872314453125 1.016375171467764 0.884521484375 1.0112311385459534 0.89306640625 1.012088477366255 0.89306640625 1.024948559670782 0.89306640625 1.0309499314128945 0.879638671875 1.0309499314128945
1 0.024536132812500028 0.0013717421124828531 0.025146484375000028 0.0013717421124828531 0.03125000000000003 0.009002057613168803 0.04528808593750003 0.005572702331961669 0.05627441406250003 0.0021433470507545363 0.06237792968750003 0.0013717421124828531 0.06481933593750003 0.0013717421124828531 0.05444335937500003 0.0013717421124828531 0.04223632812500003 0.0013717421124828531
1 0.03369140625000003 0.01586076817558307 0.04467773437500003 0.015003429355281286 0.05627441406250003 0.011574074074074151 0.06176757812500003 0.022719478737997335 0.06420898437500003 0.0295781893004116 0.05322265625000003 0.031292866941015164 0.04162597656250003 0.035579561042524084
1 0.0025634765625000278 0.09559327846364891 0.009887695312500028 0.11874142661179705 0.016601562500000028 0.1367455418381345 0.020263671875000028 0.15217764060356662 0.017211914062500028 0.17704046639231832 0.016601562500000028 0.1976165980795611 0.011108398437500028 0.19675925925925933 0.0037841796875000278 0.17704046639231832 0.0009765625 0.1413506760728981
1 0.004394531250000028 0.24648491083676277 0.021484375000000028 0.24048353909465028 0.04345703125000003 0.23791152263374493 0.05871582031250003 0.23619684499314136 0.06787109375000003 0.22076474622770928 0.06481933593750003 0.20190329218107003 0.07641601562500003 0.20533264746227717 0.08923339843750003 0.20447530864197538 0.09777832031250003 0.19075788751714687 0.10327148437500003 0.20190329218107003 0.10632324218750003 0.21304869684499322 0.09716796875000003 0.22762345679012352 0.09350585937500003 0.24048353909465028 0.07763671875000003 0.24905692729766812 0.05444335937500003 0.2542009602194788 0.03857421875000003 0.26363168724279845 0.03430175781250003 0.26791838134430734 0.03491210937500003 0.28335048010973946 0.029418945312500028 0.28335048010973946 0.014160156250000028 0.27820644718792875 0.0025634765625000278 0.2799211248285323
1 0.08801269531250003 0.2550582990397806 0.09594726562500003 0.24905692729766812 0.10388183593750003 0.2499142661179699 0.11364746093750003 0.2567729766803842 0.11791992187500003 0.2670610425240056 0.12219238281250003 0.2807784636488341 0.11791992187500003 0.2893518518518519 0.10144042968750003 0.2704903978052127
1 0.0009765625 0.3262174211248286 0.014770507812500028 0.31850137174211257 0.03491210937500003 0.31850137174211257 0.04711914062500003 0.3219307270233197 0.05932617187500003 0.3270747599451304 0.06787109375000003 0.33479080932784644 0.07031250000000003 0.34250685871056247 0.06665039062500003 0.3536522633744857 0.05383300781250003 0.3467935528120714 0.026977539062500028 0.3510802469135803 0.008056640625000028 0.35450960219478744 0.0009765625 0.3527949245541839
1 0.330322265625 0.46167695473251036 0.3486328125 0.46253429355281217 0.3553466796875 0.46939300411522644 0.3541259765625 0.4779663923182442 0.3431396484375 0.47882373113854604
1 0.3516845703125 0.49425582990397815 0.3583984375 0.4899691358024692 0.3663330078125 0.5131172839506174 0.37548828125 0.5371227709190672 0.381591796875 0.5602709190672155 0.3846435546875 0.5731310013717422 0.3699951171875 0.5808470507544582 0.36083984375 0.561985596707819 0.352294921875 0.5371227709190672 0.353515625 0.5122599451303156
1 0.4267578125 0.4531035665294925 0.437744140625 0.4488168724279836 0.4468994140625 0.4599622770919068 0.457275390625 0.47710905349794247 0.4603271484375 0.48396776406035674 0.45361328125 0.49168381344307277 0.4468994140625 0.490826474622771 0.4371337890625 0.46939300411522644
1 0.4896240234375 0.5294067215363513 0.4981689453125 0.5165466392318245 0.508544921875 0.5174039780521262 0.51953125 0.5148319615912209 0.535400390625 0.5191186556927299 0.548828125 0.5285493827160495 0.5555419921875 0.5388374485596709 0.5518798828125 0.5516975308641976 0.540283203125 0.5585562414266119 0.5390625 0.5679869684499315 0.5311279296875 0.5757030178326475 0.5238037109375 0.58170438957476 0.5079345703125 0.5808470507544582 0.5042724609375 0.566272290809328 0.49755859375 0.5508401920438958
1 0.435302734375 0.40166323731138553 0.4481201171875 0.3862311385459534 0.4542236328125 0.38194444444444453 0.4652099609375 0.3836591220850481 0.4786376953125 0.38194444444444453 0.4945068359375 0.38194444444444453 0.5030517578125 0.38022976680384096 0.5103759765625 0.38708847736625523 0.5067138671875 0.39651920438957483 0.5054931640625 0.41709533607681765 0.503662109375 0.4479595336076818 0.491455078125 0.46939300411522644 0.484130859375 0.4822530864197532 0.4688720703125 0.47625171467764066 0.4603271484375 0.4728223593964335 0.4395751953125 0.44195816186556935 0.4365234375 0.41623799725651583
1 0.10754394531250003 0.17961248285322368 0.12280273437500003 0.1838991769547326 0.13684082031250003 0.18647119341563795 0.14538574218750003 0.1736111111111112 0.15332031250000003 0.15732167352537732 0.15515136718750003 0.14360425240054878 0.13867187500000003 0.11874142661179705 0.12585449218750003 0.12302812071330597 0.11791992187500003 0.1264574759945131 0.10693359375000003 0.13331618655692737 0.10876464843750003 0.15389231824417018
1 0.011108398437500028 0.09130658436214 0.025756835937500028 0.07673182441700968 0.04162597656250003 0.06901577503429362 0.05810546875000003 0.06215706447187937 0.06909179687500003 0.06387174211248293 0.08190917968750003 0.07758916323731146 0.06665039062500003 0.08787722908093286 0.05139160156250003 0.09302126200274356 0.03613281250000003 0.09559327846364891 0.026977539062500028 0.10759602194787388 0.025146484375000028 0.12988683127572023 0.017822265625000028 0.11445473251028815
1 0.13012695312500003 0.0013717421124828531 0.12463378906250003 0.0013717421124828531 0.12402343750000003 0.020147462277091986 0.13317871093750003 0.011574074074074151 0.15515136718750003 0.018432784636488418 0.16613769531250003 0.014146090534979502 0.17590332031250003 0.006430041152263453 0.17773437500000003 0.0013717421124828531 0.16613769531250003 0.0013717421124828531 0.13684082031250003 0.0013717421124828531
1 0.3028564453125 0.0013717421124828531 0.2991943359375 0.0013717421124828531 0.3016357421875 0.014146090534979502 0.3138427734375 0.020147462277091986 0.3138427734375 0.030435528120713384 0.32177734375 0.031292866941015164 0.327880859375 0.02186213991769555 0.332763671875 0.013288751714677718 0.3431396484375 0.01671810699588485 0.3492431640625 0.009859396433470585 0.337646484375 0.0013717421124828531 0.3345947265625 0.0013717421124828531 0.31689453125 0.0013717421124828531 0.310791015625 0.0013717421124828531
1 0.14599609375000003 0.11616941015089172 0.15393066406250003 0.11102537722908101 0.16857910156250003 0.10416666666666674 0.17163085937500003 0.09902263374485605 0.18444824218750003 0.10330932784636496 0.19543457031250003 0.10845336076817566 0.19543457031250003 0.11616941015089172 0.18261718750000003 0.12474279835390954 0.17834472656250003 0.13331618655692737 0.16918945312500003 0.14103223593964342 0.16308593750000003 0.14446159122085056 0.15637207031250003 0.13331618655692737
1 0.14416503906250003 0.18732853223593973 0.15148925781250003 0.17446844993141297 0.15515136718750003 0.1676097393689987 0.16796875000000003 0.17532578875171476 0.18444824218750003 0.1830418381344308 0.19665527343750003 0.18732853223593973 0.19177246093750003 0.20447530864197538 0.17834472656250003 0.2096193415637861 0.16552734375000003 0.21304869684499322 0.15270996093750003 0.2036179698216736
1 0.09167480468750003 0.4496742112482854 0.11059570312500003 0.4531035665294925 0.12036132812500003 0.45138888888888895 0.11608886718750003 0.46253429355281217 0.11120605468750003 0.47110768175582995 0.10754394531250003 0.4796810699588478 0.09533691406250003 0.4779663923182442 0.08740234375000003 0.4659636488340193
1 0.0031738281250000278 0.48139574759945136 0.017822265625000028 0.4659636488340193 0.028808593750000028 0.4728223593964335 0.03674316406250003 0.48653978052126207 0.05078125000000003 0.49425582990397815 0.04956054687500003 0.5062585733882031 0.03735351562500003 0.5096879286694103 0.015991210937500028 0.5131172839506174 0.0009765625 0.5156893004115227
1 0.09655761718750003 0.490826474622771 0.10021972656250003 0.4873971193415639 0.11181640625000003 0.4873971193415639 0.11669921875000003 0.4968278463648835 0.11242675781250003 0.502829218106996 0.10998535156250003 0.5156893004115227 0.11120605468750003 0.522548010973937 0.10266113281250003 0.5208333333333334 0.09594726562500003 0.5071159122085048
1 0.14904785156250003 0.5731310013717422 0.15820312500000003 0.5637002743484226 0.16857910156250003 0.5456961591220851 0.17834472656250003 0.5311213991769548 0.18566894531250003 0.5174039780521262 0.18688964843750003 0.5371227709190672 0.19848632812500003 0.5474108367626886 0.20336914062500003 0.5602709190672155 0.19970703125000003 0.5688443072702333 0.18872070312500003 0.5885631001371743 0.17590332031250003 0.60570987654321 0.17163085937500003 0.6099965706447189 0.15576171875000003 0.5954218106995885
1 0.12707519531250003 0.38966049382716056 0.13867187500000003 0.3913751714677641 0.15148925781250003 0.4042352537722909 0.15698242187500003 0.4153806584362141 0.16491699218750003 0.4342421124828533 0.16491699218750003 0.4445301783264747 0.14660644531250003 0.4453875171467765 0.13806152343750003 0.4436728395061729 0.13684082031250003 0.42223936899862835 0.13684082031250003 0.4033779149519891
1 0.16979980468750003 0.44195816186556935 0.17651367187500003 0.4445301783264747 0.18261718750000003 0.4548182441700961 0.18505859375000003 0.46853566529492463 0.19177246093750003 0.4796810699588478 0.18994140625000003 0.4899691358024692 0.18261718750000003 0.49339849108367634 0.17529296875000003 0.47882373113854604 0.16857910156250003 0.4548182441700961
1 0.19787597656250003 0.48311042524005493 0.20520019531250003 0.48396776406035674 0.21313476562500003 0.4822530864197532 0.21862792968750003 0.4745370370370371 0.22595214843750003 0.4728223593964335 0.23083496093750003 0.47710905349794247 0.23144531250000003 0.4976851851851853 0.22839355468750003 0.5122599451303156 0.21496582031250003 0.5114026063100138 0.20153808593750003 0.5019718792866942 0.19543457031250003 0.4951131687242799
1 0.16918945312500003 0.6245713305898491 0.17651367187500003 0.6202846364883403 0.18627929687500003 0.6348593964334706 0.19360351562500003 0.6400034293552813 0.19726562500000003 0.6502914951989027 0.20397949218750003 0.6717249657064472 0.20947265625000003 0.6802983539094651 0.21801757812500003 0.6854423868312757 0.22900390625000003 0.6828703703703705 0.23571777343750003 0.6991598079561042 0.23754882812500003 0.7077331961591221 0.23205566406250003 0.7163065843621399 0.22839355468750003 0.7231652949245542 0.21923828125000003 0.7343106995884774 0.21374511718750003 0.7205932784636488 0.20458984375000003 0.7205932784636488 0.19726562500000003 0.7274519890260631 0.18994140625000003 0.7180212620027435 0.18261718750000003 0.7017318244170097 0.17346191406250003 0.6828703703703705 0.16857910156250003 0.6674382716049384 0.16674804687500003 0.645147462277092
1 0.23510742187500003 0.5834190672153636 0.24914550781250003 0.5902777777777779 0.2607421875 0.5945644718792867 0.264404296875 0.5997085048010975 0.2662353515625 0.6099965706447189 0.26318359375 0.6177126200274349 0.2552490234375 0.625428669410151 0.24670410156250003 0.613425925925926 0.23754882812500003 0.6048525377229081 0.23327636718750003 0.601423182441701
1 0.22717285156250003 0.09044924554183821 0.24060058593750003 0.09730795610425248 0.24548339843750003 0.11016803840877923 0.24853515625000003 0.12045610425240062 0.257080078125 0.13331618655692737 0.26806640625 0.14360425240054878 0.2662353515625 0.15217764060356662 0.2528076171875 0.15903635116598086 0.23815917968750003 0.15903635116598086 0.22778320312500003 0.1581790123456791 0.22229003906250003 0.15560699588477375 0.21862792968750003 0.1264574759945131 0.22290039062500003 0.11788408779149527 0.22534179687500003 0.10159465020576139
1 0.21252441406250003 0.0013717421124828531 0.20825195312500003 0.0013717421124828531 0.19909667968750003 0.004715363511659886 0.19482421875000003 0.014146090534979502 0.20214843750000003 0.020147462277091986 0.21191406250000003 0.027863511659808035 0.21496582031250003 0.014146090534979502 0.22412109375000003 0.0021433470507545363 0.23632812500000003 0.0021433470507545363 0.24914550781250003 0.0013717421124828531 0.2637939453125 0.0013717421124828531 0.2503662109375 0.0013717421124828531 0.22778320312500003 0.0013717421124828531
1 0.23754882812500003 0.17189643347050762 0.24548339843750003 0.16332304526748978 0.2528076171875 0.17018175582990405 0.25830078125 0.1727537722908094 0.2625732421875 0.18561385459533616 0.2625732421875 0.1976165980795611 0.261962890625 0.213906035665295 0.2607421875 0.23105281207133066 0.259521484375 0.24391289437585742 0.255859375 0.2593449931412895 0.2509765625 0.27306241426611805 0.24731445312500003 0.28249314128943764 0.24182128906250003 0.2910665294924555 0.23632812500000003 0.29878257887517157 0.23144531250000003 0.30306927297668046 0.22717285156250003 0.30049725651577514 0.22595214843750003 0.29535322359396443 0.23022460937500003 0.2842078189300412 0.23266601562500003 0.2704903978052127 0.23327636718750003 0.25763031550068594 0.23144531250000003 0.24905692729766812 0.23693847656250003 0.233624828532236 0.23632812500000003 0.22762345679012352 0.23327636718750003 0.21219135802469144 0.22473144531250003 0.21304869684499322 0.22656250000000003 0.20447530864197538 0.23510742187500003 0.1984739368998629 0.23876953125000003 0.18132716049382724
1 0.014770507812500028 0.6468621399176956 0.023925781250000028 0.6374314128943759 0.03796386718750003 0.6442901234567902 0.06237792968750003 0.6477194787379973 0.06604003906250003 0.6614368998628258 0.06115722656250003 0.6751543209876544 0.05200195312500003 0.6854423868312757 0.04467773437500003 0.6931584362139918 0.03857421875000003 0.6640089163237313 0.03125000000000003 0.6511488340192044
1 0.007446289062500028 0.8551954732510288 0.027587890625000028 0.8534807956104252 0.04772949218750003 0.8526234567901234 0.05261230468750003 0.8491941015089163 0.04711914062500003 0.82690329218107 0.03918457031250003 0.822616598079561 0.026367187500000028 0.8260459533607681 0.014160156250000028 0.8406207133058985
1 0.0013427734375000278 0.8603395061728395 0.018432617187500028 0.8603395061728395 0.024536132812500028 0.866340877914952 0.026977539062500028 0.8852023319615913 0.022705078125000028 0.9092078189300411 0.023315429687500028 0.9289266117969822 0.025756835937500028 0.9426440329218106 0.028808593750000028 0.9495027434842249 0.03979492187500003 0.9529320987654321 0.04772949218750003 0.9580761316872428 0.04589843750000003 0.9743655692729767 0.04528808593750003 0.9897976680384087 0.04345703125000003 0.996656378600823 0.03430175781250003 0.9957990397805213 0.024536132812500028 0.9957990397805213 0.011718750000000028 0.9837962962962963 0.0009765625 0.9640775034293553 0.0009765625 0.9527606310013692 0.0013427734375000278 0.898062414266118 0.0009765625 0.8697702331961591
1 0.06542968750000003 0.7754629629629629 0.06787109375000003 0.7566015089163237 0.08190917968750003 0.7574588477366255 0.08679199218750003 0.7651748971193416 0.09899902343750003 0.7686042524005487 0.11059570312500003 0.7514574759945131 0.11853027343750003 0.7574588477366255 0.13195800781250003 0.7771776406035665 0.13439941406250003 0.783179012345679 0.13317871093750003 0.8011831275720165 0.13073730468750003 0.8140432098765432 0.12341308593750003 0.82690329218107 0.11242675781250003 0.8303326474622771 0.09899902343750003 0.8303326474622771 0.09045410156250003 0.8277606310013718 0.08068847656250003 0.8234739368998628 0.06359863281250003 0.8140432098765432 0.06909179687500003 0.8054698216735254 0.07031250000000003 0.7891803840877915
1 0.11914062500000003 0.724022633744856 0.12768554687500003 0.7128772290809328 0.14172363281250003 0.7205932784636488 0.15332031250000003 0.7325960219478738 0.15820312500000003 0.7428840877914952 0.15759277343750003 0.7600308641975309 0.15270996093750003 0.7823216735253772 0.14111328125000003 0.7771776406035665 0.12890625000000003 0.7608882030178327 0.13195800781250003 0.7488854595336076 0.13378906250000003 0.7351680384087792
1 0.296142578125 0.58170438957476 0.3101806640625 0.5722736625514404 0.3150634765625 0.5722736625514404 0.315673828125 0.585991083676269 0.308349609375 0.585991083676269
1 0.3199462890625 0.5645576131687243 0.32421875 0.5508401920438958 0.3333740234375 0.5431241426611798 0.3468017578125 0.5371227709190672 0.3504638671875 0.55769890260631 0.3583984375 0.5774176954732511 0.3663330078125 0.585991083676269 0.3809814453125 0.5894204389574761 0.386474609375 0.5928497942386832 0.38037109375 0.6005658436213993 0.3638916015625 0.5962791495198904 0.3626708984375 0.593707133058985 0.3590087890625 0.6074245541838135 0.3614501953125 0.6314300411522634 0.3577880859375 0.640860768175583 0.3504638671875 0.6468621399176956 0.34130859375 0.6537208504801099 0.3333740234375 0.6468621399176956 0.3260498046875 0.640860768175583 0.327880859375 0.6194272976680385 0.32421875 0.6005658436213993 0.3199462890625 0.5911351165980796 0.3199462890625 0.5774176954732511
1 0.3779296875 0.47110768175582995 0.3931884765625 0.48139574759945136 0.4072265625 0.4856824417009603 0.4188232421875 0.49939986282578885 0.4285888671875 0.5114026063100138 0.4267578125 0.522548010973937 0.4163818359375 0.5285493827160495 0.41455078125 0.5388374485596709 0.4090576171875 0.5491255144032923 0.401123046875 0.5534122085048012 0.39990234375 0.5362654320987655 0.39501953125 0.5208333333333334 0.3858642578125 0.5071159122085048 0.3785400390625 0.4899691358024692
1 0.3968505859375 0.5834190672153636 0.4029541015625 0.5877057613168725 0.413330078125 0.5842764060356653 0.4169921875 0.5688443072702333 0.4176025390625 0.5534122085048012 0.4102783203125 0.5568415637860084 0.4066162109375 0.5637002743484226 0.4029541015625 0.5731310013717422
1 0.3834228515625 0.6091392318244171 0.3907470703125 0.5997085048010975 0.39501953125 0.5928497942386832 0.4029541015625 0.5945644718792867 0.4066162109375 0.5962791495198904 0.3992919921875 0.6108539094650206 0.3980712890625 0.625428669410151 0.392578125 0.6271433470507546
1 0.3040771484375 0.6665809327846366 0.315673828125 0.6588648834019205 0.3187255859375 0.6502914951989027 0.330322265625 0.6520061728395062 0.3388671875 0.6597222222222223 0.3382568359375 0.6700102880658437 0.3291015625 0.6700102880658437 0.3211669921875 0.6717249657064472 0.3101806640625 0.676868998628258
1 0.3455810546875 0.6597222222222223 0.3565673828125 0.6520061728395062 0.3626708984375 0.6485768175582991 0.3681640625 0.6460048010973938 0.38037109375 0.6588648834019205 0.3944091796875 0.6657235939643348 0.4066162109375 0.6674382716049384 0.4151611328125 0.657150205761317 0.421875 0.6742969821673526 0.4249267578125 0.684585048010974 0.4200439453125 0.6983024691358025 0.4114990234375 0.7085905349794238 0.3907470703125 0.7077331961591221 0.3736572265625 0.7068758573388203 0.3614501953125 0.7025891632373114 0.3492431640625 0.69230109739369 0.34375 0.6871570644718793 0.3431396484375 0.676868998628258
1 0.454833984375 0.7274519890260631 0.464599609375 0.7214506172839507 0.4700927734375 0.7205932784636488 0.4761962890625 0.7257373113854595 0.481689453125 0.7291666666666666 0.4871826171875 0.7334533607681756 0.4871826171875 0.7445987654320988 0.47802734375 0.7454561042524005 0.470703125 0.7454561042524005 0.4609375 0.7377400548696845
1 0.22900390625000003 0.8569101508916324 0.23693847656250003 0.846622085048011 0.24487304687500003 0.846622085048011 0.2613525390625 0.8449074074074074 0.269287109375 0.8491941015089163 0.2723388671875 0.8620541838134431 0.26806640625 0.8800582990397805 0.2650146484375 0.8877743484224966 0.24975585937500003 0.886059670781893 0.23937988281250003 0.878343621399177
1 0.18139648437500003 0.8311899862825789 0.19116210937500003 0.8354766803840878 0.19909667968750003 0.8320473251028807 0.20458984375000003 0.8509087791495199 0.20703125000000003 0.8594821673525377 0.19604492187500003 0.8654835390946503 0.19177246093750003 0.8500514403292181
1 0.12463378906250003 0.9212105624142661 0.13134765625000003 0.9246399176954733 0.14416503906250003 0.9194958847736625 0.15637207031250003 0.9229252400548696 0.16613769531250003 0.9323559670781894 0.17529296875000003 0.9520747599451304 0.17895507812500003 0.9606481481481481 0.17590332031250003 0.9752229080932785 0.16796875000000003 0.988940329218107 0.16125488281250003 0.9983710562414266 0.15393066406250003 0.9949417009602195 0.15759277343750003 0.9709362139917695 0.14660644531250003 0.9580761316872428 0.13500976562500003 0.9555041152263375 0.12280273437500003 0.9555041152263375 0.11730957031250003 0.9537894375857339 0.11669921875000003 0.9400720164609053
1 0.18322753906250003 0.9666495198902606 0.20214843750000003 0.957218792866941 0.21313476562500003 0.9563614540466392 0.21496582031250003 0.969221536351166 0.20825195312500003 0.976937585733882 0.19177246093750003 0.9786522633744856 0.18017578125000003 0.9846536351165981
1 0.22656250000000003 0.9735082304526749 0.23754882812500003 0.9837962962962963 0.24426269531250003 0.9906550068587106 0.24731445312500003 0.9983710562414266 0.2515869140625 0.981224279835391 0.24792480468750003 0.9529320987654321 0.24426269531250003 0.9503600823045267 0.23876953125000003 0.9649348422496571
1 0.2552490234375 0.9555041152263375 0.2705078125 0.9460733882030178 0.279052734375 0.9392146776406035 0.2869873046875 0.9366426611796982 0.29736328125 0.9443587105624143 0.3028564453125 0.9529320987654321 0.2979736328125 0.9709362139917695 0.3028564453125 0.9897976680384087 0.31201171875 1.0052297668038408 0.315673828125 1.0155178326474623 0.31689453125 1.0258058984910836 0.3162841796875 1.0292352537722909 0.3028564453125 1.0318072702331962 0.2930908203125 1.0300925925925926 0.28515625 1.0258058984910836 0.275390625 1.0275205761316872 0.2637939453125 1.0300925925925926 0.2607421875 1.0258058984910836 0.254638671875 1.0078017832647461 0.2509765625 0.9992283950617284 0.257080078125 0.9872256515775034 0.2564697265625 0.9683641975308642
1 0.32666015625 0.8757716049382716 0.3431396484375 0.8680555555555556 0.347412109375 0.8671982167352538 0.352294921875 0.8869170096021948 0.359619140625 0.8954903978052127 0.3712158203125 0.8954903978052127 0.3828125 0.8963477366255144 0.3968505859375 0.8903463648834019 0.3980712890625 0.8637688614540466 0.4066162109375 0.8817729766803841 0.4151611328125 0.8929183813443072 0.4188232421875 0.9049211248285323 0.4176025390625 0.9160665294924554 0.4114990234375 0.9323559670781894 0.3980712890625 0.9314986282578875 0.3712158203125 0.941786694101509 0.3638916015625 0.9503600823045267 0.3577880859375 0.9640775034293553 0.3602294921875 0.9829389574759945 0.36572265625 0.9957990397805213 0.362060546875 0.9992283950617284 0.34619140625 1.0060871056241427 0.3419189453125 1.017232510288066 0.3443603515625 1.0309499314128945 0.332763671875 1.0266632373113855 0.32421875 1.024948559670782 0.3193359375 1.0052297668038408 0.3284912109375 0.9975137174211248 0.3382568359375 0.9846536351165981 0.3468017578125 0.9623628257887518 0.3455810546875 0.9237825788751715 0.34375 0.9109224965706447 0.3291015625 0.9100651577503429 0.3162841796875 0.9092078189300411 0.32177734375 0.8972050754458162
1 0.379150390625 0.7523148148148148 0.3834228515625 0.7608882030178327 0.386474609375 0.7711762688614541 0.386474609375 0.7840363511659808 0.386474609375 0.7977537722908093 0.3907470703125 0.8131858710562414 0.3980712890625 0.8183299039780522 0.406005859375 0.8200445816186557 0.4127197265625 0.8303326474622771 0.4237060546875 0.8354766803840878 0.4346923828125 0.8320473251028807 0.4267578125 0.8166152263374485 0.420654296875 0.80289780521262 0.413330078125 0.7960390946502057 0.4029541015625 0.7823216735253772 0.3968505859375 0.7668895747599451 0.3907470703125 0.7574588477366255
1 0.3272705078125 0.7025891632373114 0.3321533203125 0.6957304526748971 0.3358154296875 0.684585048010974 0.3455810546875 0.6974451303155007 0.36083984375 0.7077331961591221 0.369384765625 0.7137345679012346 0.371826171875 0.7308813443072703 0.3663330078125 0.7343106995884774 0.3541259765625 0.7283093278463649 0.34375 0.7265946502057613 0.3345947265625 0.7334533607681756 0.3297119140625 0.7411694101508917 0.330322265625 0.7506001371742113 0.32421875 0.7480281207133059 0.3187255859375 0.7463134430727023 0.314453125 0.739454732510288 0.314453125 0.7325960219478738 0.3223876953125 0.7343106995884774 0.33154296875 0.7291666666666666 0.3321533203125 0.7205932784636488
1 0.22778320312500003 0.3570816186556928 0.23876953125000003 0.3579389574759946 0.24792480468750003 0.3467935528120714 0.2540283203125 0.3519375857338821 0.2625732421875 0.35536694101508925 0.2686767578125 0.36565500685871066 0.265625 0.37079903978052137 0.24975585937500003 0.36994170096021955 0.24060058593750003 0.3690843621399178 0.23266601562500003 0.3665123456790124
1 0.274169921875 0.35536694101508925 0.2869873046875 0.356224279835391 0.301025390625 0.356224279835391 0.305908203125 0.356224279835391 0.31689453125 0.36479766803840885 0.327880859375 0.3785150891632374 0.3095703125 0.37079903978052137 0.2930908203125 0.368227023319616 0.281494140625 0.36736968449931423 0.2772216796875 0.3665123456790124
1 0.23754882812500003 0.41966735253772297 0.24121093750000003 0.40252057613168735 0.24670410156250003 0.3990912208504802 0.261962890625 0.4059499314128944 0.2705078125 0.40509259259259267 0.274169921875 0.39651920438957483 0.283935546875 0.4042352537722909 0.2906494140625 0.4179526748971194 0.283935546875 0.4299554183813444 0.2821044921875 0.4428155006858711 0.2784423828125 0.4728223593964335 0.274169921875 0.48139574759945136 0.2625732421875 0.4659636488340193 0.2650146484375 0.45138888888888895 0.2686767578125 0.4299554183813444 0.2650146484375 0.4205246913580248 0.2564697265625 0.41709533607681765 0.24487304687500003 0.41709533607681765
1 0.423095703125 0.8920610425240055 0.437744140625 0.8843449931412894 0.440185546875 0.8946330589849109 0.440185546875 0.8997770919067215 0.4334716796875 0.9032064471879286 0.425537109375 0.9083504801097394
1 0.4432373046875 0.8766289437585734 0.4566650390625 0.866340877914952 0.4615478515625 0.8474794238683128 0.4639892578125 0.8354766803840878 0.4798583984375 0.8526234567901234 0.493896484375 0.8620541838134431 0.5079345703125 0.8689128943758574 0.49267578125 0.8757716049382716 0.470703125 0.8834876543209876 0.4542236328125 0.8877743484224966 0.4444580078125 0.8920610425240055
1 0.471923828125 0.834619341563786 0.48291015625 0.8260459533607681 0.49267578125 0.8243312757201646 0.5054931640625 0.82690329218107 0.515869140625 0.8209019204389575 0.5238037109375 0.8140432098765432 0.52685546875 0.822616598079561 0.525634765625 0.8406207133058985 0.5286865234375 0.8603395061728395 0.5360107421875 0.8766289437585734 0.5439453125 0.8852023319615913 0.542724609375 0.893775720164609 0.5311279296875 0.898062414266118 0.51953125 0.898062414266118 0.5177001953125 0.8731995884773662 0.5091552734375 0.8611968449931413 0.4884033203125 0.8517661179698217 0.4749755859375 0.8440500685871056
1 0.5091552734375 0.7540294924554184 0.5115966796875 0.7308813443072703 0.51953125 0.7137345679012346 0.52685546875 0.712019890260631 0.5390625 0.7180212620027435 0.5482177734375 0.7205932784636488 0.545166015625 0.7403120713305898 0.54638671875 0.7626028806584362 0.5396728515625 0.7677469135802469 0.5244140625 0.7703189300411523
1 0.5286865234375 0.7780349794238683 0.5396728515625 0.7737482853223594 0.5457763671875 0.7703189300411523 0.55615234375 0.7686042524005487 0.562255859375 0.7677469135802469 0.5628662109375 0.7754629629629629 0.5604248046875 0.783179012345679 0.5506591796875 0.7917524005486969 0.542724609375 0.7977537722908093 0.53173828125 0.807184499314129 0.5299072265625 0.8003257887517147
1 0.55126953125 0.8929183813443072 0.5640869140625 0.8946330589849109 0.5726318359375 0.898062414266118 0.579345703125 0.9014917695473251 0.572021484375 0.9100651577503429 0.5665283203125 0.9220679012345679 0.567138671875 0.9349279835390947 0.5714111328125 0.9435013717421125 0.578125 0.9580761316872428 0.5860595703125 0.9683641975308642 0.5836181640625 0.9786522633744856 0.57568359375 0.9872256515775034 0.569580078125 0.9957990397805213 0.5469970703125 0.9923696844993142 0.5396728515625 0.988940329218107 0.5360107421875 0.9820816186556928 0.5421142578125 0.969221536351166 0.55126953125 0.9555041152263375 0.55859375 0.9400720164609053 0.559814453125 0.9212105624142661 0.5555419921875 0.9040637860082305
1 0.5018310546875 0.9580761316872428 0.5079345703125 0.9503600823045267 0.5164794921875 0.9580761316872428 0.5244140625 0.9743655692729767 0.5299072265625 0.981224279835391 0.5335693359375 0.9915123456790124 0.5299072265625 1.004372427983539 0.5274658203125 1.012945816186557 0.5244140625 0.9983710562414266 0.510986328125 0.9880829903978052 0.503662109375 0.9855109739368999 0.50244140625 0.9717935528120714
1 0.53662109375 1.0292352537722909 0.5421142578125 1.0095164609053497 0.5439453125 1.0000857338820301 0.559814453125 1.000943072702332 0.569580078125 1.000943072702332 0.5823974609375 0.9906550068587106 0.5872802734375 1.0035150891632374 0.576904296875 1.0112311385459534 0.5689697265625 1.0198045267489713 0.56103515625 1.0275205761316872
1 0.5885009765625 0.9880829903978052 0.5909423828125 0.9803669410150891 0.5982666015625 0.9803669410150891 0.6123046875 0.9820816186556928 0.620849609375 0.9795096021947873 0.6348876953125 0.976937585733882 0.642822265625 0.9735082304526749 0.650146484375 0.976937585733882 0.65625 0.9837962962962963 0.6605224609375 0.9975137174211248 0.662353515625 1.0138031550068587 0.652587890625 1.0000857338820301 0.6385498046875 0.9949417009602195 0.620849609375 0.9975137174211248 0.607421875 1.0018004115226338 0.59765625 1.0035150891632374 0.5909423828125 1.0000857338820301
1 0.6153564453125 0.9349279835390947 0.6116943359375 0.9143518518518519 0.6116943359375 0.9032064471879286 0.6214599609375 0.9023491083676269 0.6318359375 0.9066358024691358 0.6397705078125 0.8946330589849109 0.64404296875 0.8731995884773662 0.6507568359375 0.8929183813443072 0.6593017578125 0.9074931412894376 0.6666259765625 0.9203532235939643 0.6641845703125 0.9254972565157751 0.642822265625 0.9280692729766804 0.6373291015625 0.9366426611796982 0.628173828125 0.9443587105624143
1 0.66357421875 0.8337620027434842 0.67333984375 0.8329046639231824 0.6849365234375 0.834619341563786 0.696533203125 0.834619341563786 0.706298828125 0.8363340192043895 0.7191162109375 0.8363340192043895 0.72705078125 0.8389060356652949 0.733154296875 0.8534807956104252 0.724609375 0.8526234567901234 0.71484375 0.8491941015089163 0.7032470703125 0.8483367626886146 0.6971435546875 0.854338134430727 0.701416015625 0.8706275720164609 0.70263671875 0.8817729766803841 0.7032470703125 0.8912037037037037 0.698974609375 0.905778463648834 0.6885986328125 0.9169238683127572 0.677001953125 0.9194958847736625 0.669677734375 0.9109224965706447 0.6629638671875 0.9006344307270233 0.66357421875 0.8809156378600823 0.6629638671875 0.8569101508916324
1 0.611083984375 0.7806069958847737 0.6129150390625 0.7686042524005487 0.62451171875 0.7746056241426612 0.635498046875 0.7806069958847737 0.6416015625 0.795181755829904 0.6385498046875 0.7994684499314129 0.630615234375 0.7917524005486969 0.6214599609375 0.795181755829904
1 0.642822265625 0.7797496570644719 0.652587890625 0.7694615912208504 0.6617431640625 0.7626028806584362 0.6708984375 0.7643175582990398 0.67333984375 0.7823216735253772 0.672119140625 0.7900377229080933 0.655029296875 0.7917524005486969 0.6495361328125 0.7960390946502057
1 0.7215576171875 0.7960390946502057 0.7288818359375 0.7814643347050755 0.738037109375 0.763460219478738 0.7447509765625 0.7523148148148148 0.7508544921875 0.7617455418381345 0.75146484375 0.7728909465020576 0.742919921875 0.7883230452674898 0.7337646484375 0.8063271604938271 0.7288818359375 0.8106138545953361 0.724609375 0.8054698216735254
1 0.74169921875 0.8088991769547325 0.742919921875 0.8020404663923183 0.75390625 0.7848936899862826 0.7618408203125 0.7737482853223594 0.7667236328125 0.7806069958847737 0.7685546875 0.795181755829904 0.763671875 0.8080418381344308 0.7569580078125 0.8183299039780522 0.752685546875 0.8209019204389575
1 0.769775390625 0.7728909465020576 0.79052734375 0.7660322359396433 0.808837890625 0.7617455418381345 0.8240966796875 0.7608882030178327 0.838134765625 0.7651748971193416 0.8472900390625 0.7711762688614541 0.847900390625 0.7857510288065843 0.841796875 0.7883230452674898 0.8143310546875 0.795181755829904 0.8082275390625 0.7968964334705075 0.7996826171875 0.7900377229080933 0.78564453125 0.7900377229080933 0.7752685546875 0.7934670781893004
1 0.69775390625 0.9272119341563786 0.7099609375 0.9263545953360768 0.720947265625 0.9340706447187929 0.73193359375 0.9435013717421125 0.740478515625 0.9520747599451304 0.7459716796875 0.9649348422496571 0.7459716796875 0.9735082304526749 0.7349853515625 0.981224279835391 0.7239990234375 0.988940329218107 0.7154541015625 0.9675068587105624 0.7020263671875 0.9460733882030178 0.6983642578125 0.9357853223593965
1 0.7374267578125 1.028377914951989 0.7313232421875 1.012088477366255 0.742919921875 1.0000857338820301 0.7532958984375 0.9906550068587106 0.767333984375 1.000943072702332 0.7740478515625 1.012945816186557 0.774658203125 1.0258058984910836 0.7728271484375 1.0300925925925926 0.7618408203125 1.028377914951989 0.7490234375 1.0292352537722909 0.7447509765625 1.0292352537722909
1 0.2607421875 0.162465706447188 0.2698974609375 0.15732167352537732 0.276611328125 0.15217764060356662 0.2900390625 0.15217764060356662 0.2998046875 0.17103909465020584 0.3175048828125 0.18218449931412903 0.3248291015625 0.18647119341563795 0.3291015625 0.19590192043895754 0.3260498046875 0.2036179698216736 0.31689453125 0.2199074074074075 0.3101806640625 0.22076474622770928 0.3016357421875 0.2096193415637861 0.2918701171875 0.19418724279835398 0.28271484375 0.1890432098765433 0.2723388671875 0.18818587105624152 0.2674560546875 0.17704046639231832
1 0.3297119140625 0.17103909465020584 0.3406982421875 0.15989368998628264 0.3486328125 0.1530349794238684 0.3663330078125 0.15389231824417018 0.3773193359375 0.15474965706447197 0.38037109375 0.16675240054869692 0.3828125 0.1778978052126201 0.3651123046875 0.18046982167352546 0.3504638671875 0.18647119341563795 0.3321533203125 0.19161522633744862
1 0.34375 0.10416666666666674 0.3516845703125 0.07930384087791503 0.353515625 0.06472908093278472 0.371826171875 0.0758744855967079 0.3858642578125 0.08616255144032929 0.3944091796875 0.09559327846364891 0.39013671875 0.11274005486968458 0.384033203125 0.1264574759945131 0.38037109375 0.14103223593964342 0.371826171875 0.1478909465020577 0.353515625 0.14617626886145413 0.3468017578125 0.14360425240054878 0.344970703125 0.1213134430727024
1 0.4285888671875 0.0013717421124828531 0.440185546875 0.0013717421124828531 0.45849609375 0.0013717421124828531 0.48291015625 0.0013717421124828531 0.4810791015625 0.004715363511659886 0.476806640625 0.01586076817558307 0.467041015625 0.022719478737997335 0.4560546875 0.01586076817558307 0.445068359375 0.008144718792867019 0.4365234375 0.0013717421124828531
1 0.4871826171875 0.0013717421124828531 0.4859619140625 0.0013717421124828531 0.4847412109375 0.005572702331961669 0.508544921875 0.008144718792867019 0.5201416015625 0.019290123456790202 0.5262451171875 0.018432784636488418 0.525634765625 0.0038580246913581025 0.5360107421875 0.0013717421124828531 0.5103759765625 0.0013717421124828531 0.4932861328125 0.0013717421124828531
1 0.46337890625 0.03300754458161873 0.4774169921875 0.021004801097393767 0.4871826171875 0.012431412894375935 0.50244140625 0.015003429355281286 0.51220703125 0.021004801097393767 0.50732421875 0.030435528120713384 0.4945068359375 0.04415294924554192 0.491455078125 0.05787037037037045 0.486572265625 0.08187585733882038 0.48046875 0.09216392318244178 0.4725341796875 0.10416666666666674 0.4627685546875 0.1170267489711935 0.4688720703125 0.09559327846364891 0.4603271484375 0.08359053497942395 0.464599609375 0.06387174211248293
1 0.464599609375 0.1256001371742113 0.47314453125 0.11359739368998636 0.48291015625 0.10330932784636496 0.48779296875 0.11102537722908101 0.491455078125 0.13503086419753094 0.4932861328125 0.15732167352537732 0.493896484375 0.1676097393689987 0.484130859375 0.1778978052126201 0.4737548828125 0.18990054869684508 0.470703125 0.1976165980795611 0.469482421875 0.16932441700960227 0.459716796875 0.1530349794238684
1 0.42919921875 0.20447530864197538 0.4371337890625 0.19161522633744862 0.4468994140625 0.20190329218107003 0.4517822265625 0.2147633744855968 0.452392578125 0.23276748971193423 0.469482421875 0.23876886145404672 0.4591064453125 0.25334362139917704 0.44873046875 0.2542009602194788 0.440185546875 0.25248628257887523 0.4334716796875 0.2284807956104253
1 0.5341796875 0.24819958847736634 0.5433349609375 0.23705418381344315 0.55126953125 0.22762345679012352 0.5628662109375 0.2190500685871057 0.572021484375 0.21819272976680393 0.5701904296875 0.24305555555555564 0.57080078125 0.27306241426611805 0.5689697265625 0.285065157750343 0.562255859375 0.28849451303155016 0.55126953125 0.27734910836762694
1 0.53662109375 0.031292866941015164 0.5537109375 0.01671810699588485 0.5616455078125 0.009859396433470585 0.567138671875 0.0295781893004116 0.5726318359375 0.04672496570644727 0.56103515625 0.05615569272976688 0.5482177734375 0.06301440329218115 0.5421142578125 0.06472908093278472 0.5396728515625 0.045867626886145485
1 0.601318359375 0.06730109739369007 0.6092529296875 0.0604423868312758 0.6171875 0.06301440329218115 0.62451171875 0.09130658436214 0.63427734375 0.10759602194787388 0.6434326171875 0.12217078189300419 0.6458740234375 0.13417352537722915 0.62939453125 0.1264574759945131 0.618408203125 0.12817215363511666 0.6104736328125 0.1118827160493828 0.6080322265625 0.08444787379972572
1 0.6947021484375 0.18647119341563795 0.6995849609375 0.1787551440329219 0.708740234375 0.1736111111111112 0.718505859375 0.16503772290809335 0.724609375 0.15132030178326483 0.72705078125 0.14103223593964342 0.7325439453125 0.1530349794238684 0.7447509765625 0.15732167352537732 0.7398681640625 0.17446844993141297 0.7398681640625 0.1933299039780522 0.7374267578125 0.21133401920438966 0.7392578125 0.22333676268861463 0.7490234375 0.22162208504801106 0.7545166015625 0.2284807956104253 0.7545166015625 0.24391289437585742 0.744140625 0.24391289437585742 0.73681640625 0.25334362139917704 0.73193359375 0.2619170096021949 0.725830078125 0.26877572016460916 0.71728515625 0.2670610425240056 0.7191162109375 0.25248628257887523 0.713623046875 0.233624828532236 0.716064453125 0.2241941015089164 0.7227783203125 0.21219135802469144 0.723388671875 0.19933127572016468 0.7178955078125 0.19161522633744862 0.7105712890625 0.18818587105624152
1 0.5946044921875 0.4608196159122086 0.606201171875 0.4676783264746229 0.6141357421875 0.4728223593964335 0.6153564453125 0.4856824417009603 0.6031494140625 0.48653978052126207 0.5933837890625 0.48396776406035674 0.5909423828125 0.4745370370370371
1 0.6544189453125 0.47110768175582995 0.664794921875 0.46424897119341574 0.6763916015625 0.4676783264746229 0.6910400390625 0.4753943758573389 0.6910400390625 0.4951131687242799 0.6800537109375 0.5011145404663924 0.6611328125 0.5036865569272977 0.65380859375 0.5011145404663924 0.6519775390625 0.48653978052126207
1 0.5787353515625 0.5174039780521262 0.5848388671875 0.5208333333333334 0.5909423828125 0.5285493827160495 0.5909423828125 0.5328360768175584 0.5823974609375 0.5336934156378602
1 0.5555419921875 0.3888031550068588 0.5604248046875 0.38194444444444453 0.569580078125 0.38966049382716056 0.579345703125 0.3888031550068588 0.58544921875 0.387945816186557 0.5921630859375 0.3939471879286695 0.5982666015625 0.4008058984910838 0.5982666015625 0.4102366255144034 0.5933837890625 0.41195130315500694 0.584228515625 0.4042352537722909 0.5732421875 0.40166323731138553 0.5634765625 0.40509259259259267
1 0.59521484375 0.4188100137174212 0.6025390625 0.4179526748971194 0.6116943359375 0.4256687242798355 0.6226806640625 0.4350994513031551 0.608642578125 0.4350994513031551 0.60009765625 0.4359567901234569
1 0.5994873046875 0.3313614540466393 0.603759765625 0.3193587105624143 0.6043701171875 0.3090706447187929 0.6116943359375 0.316786694101509 0.620849609375 0.328789437585734 0.628173828125 0.33307613168724287 0.626953125 0.34936556927297674 0.633056640625 0.3613683127572017 0.6397705078125 0.3690843621399178 0.6336669921875 0.3785150891632374 0.6318359375 0.3913751714677641 0.6336669921875 0.4033779149519891 0.6251220703125 0.40166323731138553 0.618408203125 0.40252057613168735 0.6129150390625 0.41195130315500694 0.6080322265625 0.4102366255144034 0.6043701171875 0.3990912208504802 0.613525390625 0.3930898491083677 0.620849609375 0.3690843621399178 0.6165771484375 0.34250685871056247 0.608642578125 0.33564814814814825
1 0.5958251953125 0.5234053497942388 0.6031494140625 0.5062585733882031 0.6055908203125 0.4968278463648835 0.615966796875 0.4951131687242799 0.6239013671875 0.5045438957475995 0.64404296875 0.5079732510288066 0.6495361328125 0.5096879286694103 0.647705078125 0.5362654320987655 0.6495361328125 0.5679869684499315 0.6611328125 0.5885631001371743 0.6702880859375 0.6031378600823046 0.6611328125 0.6099965706447189 0.6580810546875 0.6271433470507546 0.6611328125 0.6494341563786009 0.6641845703125 0.6614368998628258 0.6617431640625 0.6657235939643348 0.65380859375 0.6554355281207134 0.65380859375 0.633144718792867 0.646484375 0.613425925925926 0.646484375 0.5928497942386832 0.6434326171875 0.5782750342935529 0.63671875 0.5774176954732511 0.6287841796875 0.5722736625514404 0.626953125 0.5568415637860084 0.6165771484375 0.5516975308641976 0.607421875 0.5439814814814815 0.5994873046875 0.5345507544581619
1 0.6983642578125 0.33650548696845 0.7056884765625 0.32021604938271614 0.7130126953125 0.31764403292181076 0.7288818359375 0.32536008230452684 0.733154296875 0.3322187928669411 0.733154296875 0.3467935528120714 0.733154296875 0.356224279835391 0.7227783203125 0.35965363511659815 0.7191162109375 0.3690843621399178 0.7154541015625 0.3519375857338821 0.7105712890625 0.33993484224965714
1 0.6751708984375 0.2919238683127573 0.6873779296875 0.2919238683127573 0.6898193359375 0.304783950617284 0.684326171875 0.3107853223593965 0.6800537109375 0.31250000000000006 0.67578125 0.30392661179698227
1 0.6092529296875 0.23619684499314136 0.6092529296875 0.23105281207133066 0.6171875 0.2293381344307271 0.6239013671875 0.2344821673525378 0.6318359375 0.24391289437585742 0.6202392578125 0.23876886145404672
1 0.6556396484375 0.24048353909465028 0.662353515625 0.2293381344307271 0.664794921875 0.21219135802469144 0.6702880859375 0.213906035665295 0.67333984375 0.23019547325102888 0.6678466796875 0.24048353909465028 0.6611328125 0.24648491083676277
1 0.5421142578125 0.14617626886145413 0.54150390625 0.162465706447188 0.54150390625 0.17446844993141297 0.5439453125 0.1830418381344308 0.550048828125 0.20190329218107003 0.5555419921875 0.21047668038408787 0.5604248046875 0.21304869684499322 0.5579833984375 0.1933299039780522 0.5579833984375 0.18046982167352546 0.5531005859375 0.17189643347050762 0.547607421875 0.162465706447188
1 0.6177978515625 0.0013717421124828531 0.625732421875 0.0013717421124828531 0.6361083984375 0.0013717421124828531 0.650146484375 0.0013717421124828531 0.6617431640625 0.0013717421124828531 0.6467386881510414 0.0013717421124828531 0.625732421875 0.0013717421124828531
1 0.6519775390625 0.0013717421124828531 0.6593017578125 0.0013717421124828531 0.6666259765625 0.0013717421124828531 0.6739501953125 0.008144718792867019 0.6861572265625 0.009002057613168803 0.6959228515625 0.009002057613168803 0.6922607421875 0.027863511659808035 0.689208984375 0.0347222222222223 0.6776123046875 0.03643689986282587 0.667236328125 0.03900891632373121 0.6654052734375 0.05701303155006866 0.6654052734375 0.06901577503429362 0.6513671875 0.07073045267489719 0.645263671875 0.06901577503429362 0.6416015625 0.04843964334705083 0.646484375 0.033864883401920516 0.6513671875 0.017575445816186634
1 0.7294921875 0.0013717421124828531 0.7325439453125 0.007287379972565236 0.7386474609375 0.017575445816186634 0.750244140625 0.01671810699588485 0.7435302734375 0.027863511659808035 0.7435302734375 0.04672496570644727 0.744140625 0.06301440329218115 0.740478515625 0.06129972565157758 0.735595703125 0.051868998628257966 0.7294921875 0.031292866941015164 0.72705078125 0.011574074074074151
1 0.7703857421875 0.11102537722908101 0.7789306640625 0.11616941015089172 0.7862548828125 0.11616941015089172 0.7874755859375 0.13331618655692737 0.786865234375 0.14874828532235948 0.7862548828125 0.15732167352537732 0.7728271484375 0.14874828532235948 0.7685546875 0.1367455418381345
1 0.684326171875 0.41109396433470513 0.698974609375 0.39737654320987664 0.7154541015625 0.3913751714677641 0.7197265625 0.39994855967078197 0.7264404296875 0.40680727023319624 0.738037109375 0.41109396433470513 0.7392578125 0.42652606310013724 0.7349853515625 0.44110082304526754 0.725830078125 0.45138888888888895 0.7093505859375 0.46424897119341574 0.7020263671875 0.47367969821673533 0.6885986328125 0.46853566529492463 0.67822265625 0.46167695473251036 0.68310546875 0.4428155006858711
1 0.696533203125 0.4822530864197532 0.7105712890625 0.47625171467764066 0.7178955078125 0.46939300411522644 0.7227783203125 0.48139574759945136 0.723388671875 0.49339849108367634 0.7197265625 0.5062585733882031 0.71484375 0.5122599451303156 0.713623046875 0.522548010973937 0.7191162109375 0.5302640603566531 0.7056884765625 0.5242626886145405 0.69775390625 0.5062585733882031
1 0.7227783203125 0.46167695473251036 0.730712890625 0.45396090534979433 0.74169921875 0.4496742112482854 0.7532958984375 0.4548182441700961 0.7496337890625 0.4676783264746229 0.742919921875 0.4796810699588478 0.7349853515625 0.4848251028806585 0.72705078125 0.47367969821673533
1 0.5384521484375 0.6880144032921811 0.5482177734375 0.6871570644718793 0.5567626953125 0.6880144032921811 0.56591796875 0.6777263374485597 0.5775146484375 0.6622942386831276 0.59521484375 0.6382887517146777 0.60498046875 0.6288580246913581 0.615966796875 0.6382887517146777 0.615966796875 0.657150205761317 0.6141357421875 0.6742969821673526 0.6190185546875 0.6888717421124828 0.633056640625 0.6957304526748971 0.64404296875 0.6965877914951989 0.6483154296875 0.672582304526749 0.650146484375 0.6554355281207134 0.647705078125 0.6391460905349795 0.6422119140625 0.6237139917695474 0.6318359375 0.6142832647462277 0.6165771484375 0.6151406035665296 0.5994873046875 0.6168552812071332 0.591552734375 0.6245713305898491 0.584228515625 0.6357167352537724 0.574462890625 0.6485768175582991 0.5628662109375 0.6494341563786009 0.55615234375 0.6434327846364885 0.5506591796875 0.6365740740740742 0.5469970703125 0.6280006858710563 0.5433349609375 0.625428669410151 0.5360107421875 0.6237139917695474 0.529296875 0.6194272976680385 0.52685546875 0.6151406035665296 0.52197265625 0.621141975308642 0.5115966796875 0.6280006858710563 0.50244140625 0.633144718792867 0.496337890625 0.6425754458161866 0.4932861328125 0.6434327846364885 0.49755859375 0.6477194787379973 0.5042724609375 0.6425754458161866 0.5115966796875 0.6357167352537724 0.5225830078125 0.6297153635116599 0.5311279296875 0.6280006858710563 0.540283203125 0.6314300411522634 0.54638671875 0.6365740740740742 0.5494384765625 0.6460048010973938 0.5482177734375 0.6580075445816187 0.5439453125 0.6682956104252401 0.5408935546875 0.6785836762688615
1 0.6861572265625 0.6219993141289438 0.69287109375 0.6194272976680385 0.6995849609375 0.6194272976680385 0.703857421875 0.6288580246913581 0.713623046875 0.6314300411522634 0.72216796875 0.6280006858710563 0.728271484375 0.6219993141289438 0.72216796875 0.6091392318244171 0.734375 0.6074245541838135 0.7484130859375 0.6039951989026063 0.7606201171875 0.6005658436213993 0.764892578125 0.6005658436213993 0.7642822265625 0.6245713305898491 0.763671875 0.6417181069958848 0.7587890625 0.6485768175582991 0.7459716796875 0.6520061728395062 0.7252197265625 0.6554355281207134 0.7166748046875 0.6588648834019205 0.7081298828125 0.6562928669410152 0.6947021484375 0.6417181069958848 0.689208984375 0.6340020576131689
1 0.760009765625 0.2696330589849109 0.767333984375 0.2816358024691359 0.7777099609375 0.29535322359396443 0.79296875 0.2893518518518519 0.8021240234375 0.29363854595336086 0.81005859375 0.29878257887517157 0.8118896484375 0.30564128943758584 0.8033447265625 0.3116426611796983 0.79296875 0.32536008230452684 0.777099609375 0.33650548696845 0.77099609375 0.33993484224965714 0.7587890625 0.33564814814814825 0.74658203125 0.32793209876543217 0.7520751953125 0.3159293552812072 0.7569580078125 0.29535322359396443
1 0.796630859375 0.21133401920438966 0.8045654296875 0.21133401920438966 0.81005859375 0.20104595336076825 0.816162109375 0.19161522633744862 0.822265625 0.1890432098765433 0.8289794921875 0.2036179698216736 0.840576171875 0.20276063100137182 0.850341796875 0.1924725651577504 0.8570556640625 0.18132716049382724 0.861328125 0.20104595336076825 0.8594970703125 0.21219135802469144 0.8485107421875 0.23019547325102888 0.847900390625 0.24048353909465028 0.843017578125 0.24819958847736634 0.83447265625 0.24819958847736634 0.8167724609375 0.2396262002743485 0.8070068359375 0.2396262002743485 0.802734375 0.245627572016461 0.796630859375 0.2567729766803842 0.794189453125 0.2396262002743485 0.7923583984375 0.2241941015089164
1 0.80517578125 0.1007373113854596 0.8125 0.08873456790123464 0.8179931640625 0.07073045267489719 0.816162109375 0.053583676268861534 0.823486328125 0.06730109739369007 0.8363037109375 0.07844650205761325 0.8485107421875 0.08359053497942395 0.852783203125 0.09130658436214 0.852783203125 0.10159465020576139 0.8594970703125 0.11016803840877923 0.8662109375 0.11959876543209884 0.874755859375 0.13331618655692737 0.877197265625 0.14017489711934164 0.8765869140625 0.15132030178326483 0.869873046875 0.14017489711934164 0.862548828125 0.12217078189300419 0.83935546875 0.10931069958847744 0.828369140625 0.10159465020576139
1 0.8656005859375 0.0013717421124828531 0.8851318359375 0.01671810699588485 0.8948974609375 0.025291495198902683 0.901611328125 0.0295781893004116 0.913818359375 0.03729423868312765 0.916259765625 0.047582304526749046 0.921142578125 0.04672496570644727 0.918701171875 0.02700617283950625 0.9241943359375 0.0013717421124828531 0.935791015625 0.0013717421124828531 0.933349609375 0.0013717421124828531 0.9180908203125 0.0013717421124828531 0.8985595703125 0.0013717421124828531 0.880859375 0.0013717421124828531
1 0.96142578125 0.0013717421124828531 0.9681396484375 0.0013717421124828531 0.97607421875 0.0013717421124828531 0.9779052734375 0.009002057613168803 0.9779052734375 0.021004801097393767 0.98583984375 0.01671810699588485 0.998046875 0.0038580246913581025 0.997097439236111 0.0013717421124828531 0.9835340711805555 0.0013717421124828531
1 0.7366807725694444 0.5313595488492608 0.7617730034722222 0.5237387593354672 0.7827962239583334 0.5142127724432252 0.799072265625 0.5056393842402074 0.8072102864583334 0.49897119341563784 0.8194173177083334 0.5132601737540009 0.8221299913194444 0.522786160646243 0.8180609809027778 0.5332647462277091 0.8126356336805556 0.5380277396738302 0.8017849392361112 0.5361225422953818 0.7997504340277778 0.5427907331199513 0.7936469184027778 0.5561271147690902 0.7888997395833334 0.5608901082152111 0.7841525607638888 0.5513641213229691 0.7794053819444444 0.5342173449169334 0.7678765190972222 0.5313595488492608 0.75634765625 0.5323121475384851 0.7448187934027778 0.5342173449169334
1 0.8187391493055556 0.5408855357415029 0.8248426649305556 0.5351699436061577 0.8302680121527778 0.5313595488492608 0.8384060329861112 0.5351699436061577 0.8485785590277778 0.5351699436061577 0.8546820746527778 0.5399329370522786 0.8587510850694444 0.5513641213229691 0.8560384114583334 0.5570797134583143 0.8404405381944444 0.5561271147690902 0.82958984375 0.5589849108367627 0.8194173177083334 0.5523167200121933
1 0.7583821614583334 0.6942539247065997 0.7692328559027778 0.6809175430574608 0.7760145399305556 0.6780597469897882 0.7787272135416666 0.6923487273281513 0.7848307291666666 0.704732510288066 0.7916124131944444 0.7075903063557385 0.7841525607638888 0.7161636945587564 0.7753363715277778 0.7266422801402226 0.7665201822916666 0.7323578722755679 0.7617730034722222 0.7247370827617742
1 0.6851399739583334 0.7485520499923793 0.6925998263888888 0.7323578722755679 0.6993815104166666 0.7371208657216889 0.7115885416666666 0.733310470964792 0.7109103732638888 0.7437890565462583 0.701416015625 0.7514098460600519
1 0.8167046440972222 0.6856805365035819 0.8167046440972222 0.6694863587867703 0.8261990017361112 0.6580551745160799 0.8465440538194444 0.6571025758268557 0.8553602430555556 0.6666285627190978 0.8607855902777778 0.6809175430574608 0.8716362847222222 0.6980643194634966 0.8757052951388888 0.7094955037341869 0.8702799479166666 0.7104481024234112 0.8607855902777778 0.704732510288066 0.8465440538194444 0.7066377076665145 0.8302680121527778 0.6990169181527207
1 0.8858778211805556 0.5751790885535742 0.8960503472222222 0.5789894833104711 0.908935546875 0.583752476756592 0.9184299045138888 0.5875628715134888 0.9082573784722222 0.5989940557841793 0.9069010416666666 0.6085200426764213 0.8953721788194444 0.6104252400548696 0.8838433159722222 0.5904206675811614
1 0.8750271267361112 0.6561499771376315 0.8879123263888888 0.6390032007315959 0.896728515625 0.6180460295686634 0.9082573784722222 0.6170934308794391 0.9170735677083334 0.6323350099070264 0.9475911458333334 0.6704389574759945 0.978786892361111 0.6828227404359092 0.9990234375 0.6846566465576157 0.9990234375 0.7171162932479805 0.9990234375 0.7237844840725501 0.9638671875000001 0.7275948788294468 0.9591200086805555 0.6980643194634966 0.942843967013889 0.6942539247065997 0.92724609375 0.7037799115988418 0.9177517361111112 0.7171162932479805 0.9109700520833334 0.7285474775186711 0.9014756944444444 0.7075903063557385 0.8872341579861112 0.6847279378143577
1 0.8736707899305556 0.7218792866941016 0.8824869791666666 0.7133058984910838 0.8892686631944444 0.7180688919372048 0.8899468315972222 0.7295000762078953 0.8899468315972222 0.7399786617893616 0.8824869791666666 0.7475994513031552 0.8757052951388888 0.7542676421277246 0.8729926215277778 0.7466468526139309 0.8757052951388888 0.7380734644109131
1 0.8187391493055556 0.2960676726108825 0.8411187065972222 0.2636793171772596 0.847900390625 0.25224813290656917 0.8553602430555556 0.24939033683889658 0.8743489583333334 0.2541533302850176 0.890625 0.260821521109587 0.8926595052083334 0.27320530406950166 0.8811306423611112 0.2789208962048469 0.8743489583333334 0.28844688309708894 0.8587510850694444 0.30464106081390036 0.8465440538194444 0.317024843773815 0.8350151909722222 0.32464563328760865 0.8255208333333334 0.3094040542600214
1 0.7800835503472222 0.38465935070873347 0.7848307291666666 0.3951379362901997 0.7902560763888888 0.4113321140070112 0.80517578125 0.4075217192501144 0.8160264756944444 0.3941853376009755 0.8261990017361112 0.4075217192501144 0.8261990017361112 0.41704770614235637 0.8200954861111112 0.42562109434537415 0.8126356336805556 0.434194482548392 0.8126356336805556 0.44848346288675506 0.8031412760416666 0.434194482548392 0.7936469184027778 0.4275262917238226 0.7834743923611112 0.42562109434537415 0.7726236979166666 0.4284788904130468 0.7760145399305556 0.4075217192501144
1 0.9224989149305556 0.39323273891175126 0.9299587673611112 0.39132754153330285 0.9435221354166666 0.3970431336686481 0.9462348090277778 0.4046639231824417 0.9448784722222222 0.4294314891022711 0.942843967013889 0.4446730681298583 0.9306369357638888 0.45515165371132454 0.9238552517361112 0.4627724432251182 0.9218207465277778 0.4418152720621857 0.9292805989583334 0.4265736930345984
1 0.9387749565972222 0.3503657978966621 0.9536946614583334 0.34369760707209274 0.9631890190972222 0.33702941624752325 0.978786892361111 0.3389346136259717 0.9869249131944445 0.34083981100442007 0.9990234375 0.35594590932953984 0.9990234375 0.3665599756134736 0.9828559027777778 0.35798658741045575 0.973361545138889 0.35512879134278313 0.9652235243055555 0.3570339887212315 0.960476345486111 0.36274958085657677 0.9503038194444445 0.363702179545801 0.939453125 0.3665599756134736
1 0.954372829861111 0.40371132449321756 0.9801432291666666 0.41418991007468375 0.9990234375 0.4249638012498094 0.9990234375 0.4846822130772749 0.9990234375 0.4894452065233959 0.9943847656250001 0.5008763907940863 0.9923502604166666 0.5132601737540009 0.9889594184027778 0.5265965554031398 0.9828559027777778 0.5265965554031398 0.9835340711805555 0.5094497789971041 0.9876030815972222 0.4942081999695168 0.9903157552083334 0.4799192196311538 0.979465060763889 0.4789666209419296 0.967258029513889 0.4789666209419296 0.9638671875000001 0.47039323273891176 0.9618326822916666 0.45896204846822136 0.9475911458333334 0.4399100746837373 0.9496256510416666 0.41323731138545955
1 0.8587510850694444 0.4275262917238226 0.8770616319444444 0.45134125895442767 0.884521484375 0.46467764060356653 0.8946940104166666 0.471345831428136 0.8838433159722222 0.49039780521262005 0.87841796875 0.4951607986587411 0.8716362847222222 0.49135040390184426 0.8662109375 0.4742036274958086 0.8573947482638888 0.438957475994513
1 0.908935546875 0.4751562261850328 0.9136827256944444 0.471345831428136 0.9204644097222222 0.4742036274958086 0.9286024305555556 0.49039780521262005 0.9258897569444444 0.5065919829294315 0.9163953993055556 0.5018289894833106 0.9116482204861112 0.4894452065233959
1 0.9455566406250001 0.21509678402682525 0.9536946614583334 0.2017604023776864 0.9699707031250001 0.2036655997561348 0.979465060763889 0.2074759945130316 0.9814995659722222 0.22557536960829147 0.9828559027777778 0.24081694863587874 0.9781087239583334 0.25129553421734496 0.9747178819444445 0.2293857643651883 0.9645453559027778 0.2265279682975157 0.955050998263889 0.2341487578113093 0.9462348090277778 0.24367474470355135
1 0.9191080729166666 0.19509221155311696 0.9306369357638888 0.19223441548544437 0.9462348090277778 0.19604481024234116 0.9421657986111112 0.21128638926992843 0.9292805989583334 0.2074759945130316
1 0.8811306423611112 0.15889346136259722 0.8865559895833334 0.14269928364578574 0.9014756944444444 0.14650967840268256 0.9184299045138888 0.1360310928212163 0.92724609375 0.12078951379362907 0.9340277777777778 0.10173754000914498 0.9224989149305556 0.0826855662246609 0.9102918836805556 0.0826855662246609 0.9136827256944444 0.06268099375095264 0.9204644097222222 0.05696540161560742 0.9218207465277778 0.07125438195397046 0.9299587673611112 0.0788751714677641 0.9401312934027778 0.0788751714677641 0.948947482638889 0.09506934918457556 0.9509819878472222 0.1074531321444902 0.9442003038194445 0.11983691510440483 0.9367404513888888 0.1312680993750953 0.9245334201388888 0.14555707971345835 0.9177517361111112 0.1560356652949246 0.9116482204861112 0.16556165218716665 0.9130045572916666 0.1846136259716507 0.9055447048611112 0.18747142203932335 0.8994411892361112 0.16841944825483926
1 0.8851996527777778 0.8723898795915258 0.8974066840277778 0.8581008992531628 0.9096137152777778 0.868579484834629 0.9265679253472222 0.8781054717268711 0.9224989149305556 0.8866788599298889 0.9007975260416666 0.8895366559975615
1 0.8546820746527778 0.8028501752781589 0.8594292534722222 0.8152339582380737 0.8770616319444444 0.8228547477518672 0.8899468315972222 0.8266651425087641 0.8987630208333334 0.8333333333333335 0.8940158420138888 0.8114235634811767 0.8892686631944444 0.8038027739673831 0.8770616319444444 0.7952293857643653 0.8716362847222222 0.7923715896966927
1 0.8899468315972222 0.9362139917695474 0.8994411892361112 0.934308794391099 0.9102918836805556 0.9466925773510138 0.9224989149305556 0.9552659655540315 0.9245334201388888 0.9790809327846366 0.9204644097222222 1.013374485596708 0.9170735677083334 1.0305212620027437 0.9163953993055556 1.032426459381192 0.9093424479166684 1.0329218106995885 0.9001193576388888 1.013374485596708 0.8946940104166666 1.0028959000152418 0.8858778211805556 1.0028959000152418 0.8689236111111112 1.0067062947721386 0.8682454427083334 0.9924173144337755 0.8865559895833334 0.9800335314738609
1 0.9306369357638888 0.9514555707971347 0.9414876302083334 0.9438347812833411 0.9564073350694445 0.9371665904587717 0.9679361979166666 0.9333561957018748 0.9652235243055555 0.9466925773510138 0.9577636718750001 0.9552659655540315 0.954372829861111 0.9752705380277398 0.9753960503472222 0.9876543209876545 0.997097439236111 0.9886069196768787 0.9984537760416666 1.0086114921505869 0.984890407986111 1.0162322816643805 0.9686143663194445 0.9981329065691208 0.9503038194444445 0.9962277091906723 0.939453125 1.0019433013260175 0.9299587673611112 1.0095640908398111 0.9265679253472222 0.9924173144337755
