0 0.15208114495798317 0.002144607843137233 0.15864627100840334 0.002144607843137233 0.1613817401960784 0.0032387955182072606 0.1613817401960784 0.02074579831932771 0.15809917717086833 0.03715861344537813 0.15208114495798317 0.04919467787114843 0.15043986344537813 0.03059348739495796 0.15043986344537813 0.018557422969187654
0 0.16247592787114845 0.02621673669467785 0.16739977240896356 0.03168767507002799 0.1717765231092437 0.05357142857142855 0.1641172093837535 0.06889005602240894 0.1531753326330532 0.06560749299719885 0.15153405112044815 0.062324929971988775 0.15755208333333331 0.05138305322128849 0.16192883403361344 0.04153536414565824
0 0.1761532738095238 0.05904236694677869 0.1887364320728291 0.05685399159663863 0.1991312149859944 0.05138305322128849 0.19420737044817926 0.040441176470588217 0.19256608893557423 0.029499299719887937 0.19530155812324926 0.010898109243697456 0.1991312149859944 0.002144607843137233 0.21021168884220343 0.0013020833333333333 0.2314097514005602 0.0013020833333333333 0.22648590686274508 0.013086484593837515 0.22648590686274508 0.03168767507002799 0.2275800945378151 0.04481792717086833 0.22265625 0.04919467787114843 0.21390274859943978 0.05466561624649858 0.21226146708683472 0.06670168067226888 0.223203343837535 0.06779586834733892 0.22648590686274508 0.062324929971988775 0.23578650210084032 0.05685399159663863 0.23797487745098037 0.05028886554621847 0.24125744047619047 0.03715861344537813 0.24836966036414565 0.04262955182072827 0.25657606792717086 0.04481792717086833 0.2675179446778711 0.03934698879551819 0.2702534138655462 0.03168767507002799 0.2773656337535014 0.03825280112044816 0.2735359768907563 0.05028886554621847 0.2740830707282913 0.06560749299719885 0.26806503851540614 0.07654936974789914 0.2642353816526611 0.08530287114845936 0.25931153711484595 0.10718662464985991 0.25493478641456585 0.11703431372549017 0.24125744047619047 0.1257878151260504 0.22922137605042014 0.13125875350140054 0.2193736869747899 0.14001225490196076 0.21827949929971988 0.1531425070028011 0.21827949929971988 0.17612044817927167 0.21773240546218486 0.19034488795518203 0.21007309173669467 0.19691001400560224 0.20241377801120444 0.188156512605042 0.20077249649859943 0.17721463585434172 0.1963957457983193 0.15642507002801118 0.1887364320728291 0.1367296918767507 0.18709515056022408 0.1137517507002801 0.19256608893557423 0.10718662464985991 0.2002254026610644 0.10171568627450978 0.21007309173669467 0.09186799719887954 0.21773240546218486 0.08858543417366944 0.22976846988795518 0.08749124649859942 0.22922137605042014 0.08202030812324929 0.21499693627450978 0.08202030812324929 0.20514924719887953 0.07764355742296916 0.2002254026610644 0.07326680672268905 0.1991312149859944 0.0634191176470588 0.19311318277310927 0.06451330532212883 0.18709515056022408 0.07326680672268905 0.17943583683473388 0.07654936974789914 0.1679468662464986 0.07654936974789914 0.17013524159663862 0.06670168067226888
0 0.27092313218390807 0.0013020833333333333 0.2749640804597701 0.017780172413793063 0.2790050287356322 0.022270114942528698 0.2816989942528736 0.016882183908045936 0.2852909482758621 0.0061063218390804185 0.2866379310344827 0.0016163793103447868 0.27945402298850575 0.0025143678160919132
0 0.15014367816091953 0.07165948275862065 0.16226652298850572 0.07794540229885054 0.16181752873563218 0.08872126436781606 0.15238864942528735 0.09680316091954018 0.14973958333333334 0.09812769396551718 0.15104166666666666 0.08243534482758617
0 0.1748383620689655 0.11655890804597697 0.16945043103448276 0.14349856321839077 0.16720545977011492 0.17043821839080456 0.1649604885057471 0.19198994252873558 0.16226652298850572 0.21533764367816088 0.16720545977011492 0.20815373563218387 0.17304238505747127 0.18301005747126434 0.17663433908045975 0.17043821839080456 0.17438936781609193 0.1587643678160919 0.1752873563218391 0.14619252873563215 0.17798132183908044 0.13272270114942525
0 0.1788793103448276 0.15337643678160914 0.18741020114942528 0.15786637931034478 0.19100215517241378 0.16594827586206892 0.1954920977011494 0.17762212643678157 0.1981860632183908 0.19109195402298848 0.20536997126436782 0.1982758620689655 0.2076149425287356 0.20456178160919536 0.20536997126436782 0.20905172413793102 0.19639008620689655 0.2027658045977011 0.19055316091954022 0.19198994252873558 0.18561422413793102 0.1821120689655172 0.1820222701149425 0.1722341954022988 0.1797772988505747 0.16684626436781605 0.178430316091954 0.16325431034482754
0 0.15867456896551724 0.23060344827586202 0.1627155172413793 0.2225215517241379 0.16900143678160917 0.21084770114942528 0.1761853448275862 0.19647988505747124 0.1820222701149425 0.19647988505747124 0.1847162356321839 0.20456178160919536 0.18561422413793102 0.21354166666666663 0.18875718390804597 0.2225215517241379 0.18785919540229887 0.23419540229885052 0.18426724137931036 0.23778735632183903 0.17753232758620688 0.23688936781609193 0.17304238505747127 0.23419540229885052 0.16810344827586207 0.23599137931034478 0.16316451149425285 0.2386853448275862
0 0.2776580459770115 0.045617816091953985 0.2821479885057471 0.04112787356321835 0.2866379310344827 0.05010775862068961 0.2888829022988506 0.06178160919540226 0.2852909482758621 0.0698635057471264 0.2785560344827586 0.06537356321839076 0.27676005747126436 0.05998563218390801 0.27586206896551724 0.055495689655172376
0 0.15149066091954022 0.1991738505747126 0.1541846264367816 0.21354166666666663 0.1541846264367816 0.22162356321839075 0.15104166666666666 0.2225215517241379 0.15014367816091953 0.21354166666666663
0 0.15071341036414562 0.2964810924369748 0.16548494397759103 0.2921043417366947 0.1753326330532213 0.3008578431372549 0.18189775910364145 0.305234593837535 0.1791622899159664 0.3117997198879552 0.164937850140056 0.3128939075630252 0.15673144257703078 0.3172706582633053 0.14973958333333334 0.3211550245098039
0 0.1775210084033613 0.2745973389355742 0.19393382352941177 0.2702205882352941 0.20214023109243695 0.26803221288515405 0.20979954481792715 0.27240896358543415 0.21964723389355742 0.28882177871148457 0.2267594537815126 0.29866946778711484 0.23332457983193275 0.31070553221288516 0.22128851540616246 0.3128939075630252 0.21417629551820727 0.30304621848739494 0.20542279411764705 0.3008578431372549 0.20159313725490194 0.3128939075630252 0.20268732492997196 0.32602415966386555 0.1994047619047619 0.33477766106442575 0.19283963585434172 0.3216474089635854 0.18627450980392157 0.31508228291316526 0.18682160364145659 0.2975752801120448 0.1808035714285714 0.2866334033613445
0 0.21855304621848737 0.24505427170868346 0.21964723389355742 0.2341123949579832 0.22511817226890754 0.226453081232493 0.2234768907563025 0.20128676470588236 0.23168329831932769 0.20128676470588236 0.23824842436974789 0.20238095238095236 0.25192577030812324 0.22207633053221287 0.2590379901960784 0.22864145658263305 0.2634147408963585 0.24614845938375352 0.2634147408963585 0.264749649859944 0.27216824229691877 0.2866334033613445 0.27271533613445376 0.29538690476190477 0.26833858543417366 0.3085171568627451 0.26177345938375346 0.3238357843137255 0.2584908963585434 0.3336834733893557 0.25192577030812324 0.3544730392156863 0.24754901960784312 0.37526260504201686 0.243719362745098 0.38292191876750703 0.2338716736694678 0.37745098039215685 0.23223039215686272 0.36869747899159666 0.23660714285714282 0.34134278711484595 0.24207808123249297 0.3238357843137255 0.23988970588235292 0.30304621848739494 0.23551295518207283 0.2877275910364146 0.23277748599439774 0.2691264005602241 0.2278536414565826 0.2549019607843137
0 0.15071341036414562 0.3632265406162465 0.16329656862745096 0.3588497899159664 0.16931460084033612 0.3610381652661065 0.18025647759103638 0.35775560224089636 0.18682160364145659 0.3588497899159664 0.19174544817927167 0.3676032913165266 0.19229254201680668 0.37963935574229696 0.19119835434173668 0.38948704481792723 0.1851803221288515 0.3949579831932773 0.17806810224089634 0.3960521708683473 0.16931460084033612 0.3960521708683473 0.15946691176470587 0.3960521708683473 0.1523546918767507 0.3960521708683473 0.15071341036414562 0.385110294117647
0 0.25927734375 0.17325846354166674 0.2572428385416667 0.16837565104166674 0.262939453125 0.16349283854166674 0.2682291666666667 0.15942382812500008 0.271484375 0.15128580729166674 0.2755533854166667 0.1431477864583334 0.2832845052083333 0.1382649739583334 0.2865397135416667 0.1431477864583334 0.292236328125 0.15209960937500008 0.2926432291666667 0.1651204427083334 0.294677734375 0.1724446614583334 0.299560546875 0.17895507812500008 0.3036295572916667 0.1846516927083334 0.3048502604166667 0.1944173177083334 0.302001953125 0.20092773437500008 0.2958984375 0.20825195312500008 0.2930501302083333 0.2163899739583334 0.2926432291666667 0.22045898437500008 0.2853190104166667 0.21964518229166674 0.2808430989583333 0.21720377604166674 0.2857259114583333 0.20499674479166674 0.2853190104166667 0.1919759114583334 0.2816569010416667 0.1895345052083334 0.2784016927083333 0.1870930989583334 0.272705078125 0.18139648437500008 0.2674153645833333 0.17814127604166674
0 0.2657877604166667 0.23429361979166674 0.271484375 0.22452799479166674 0.2808430989583333 0.2237141927083334 0.28857421875 0.22534179687500008 0.2967122395833333 0.22696940104166674 0.30078125 0.22778320312500008 0.30322265625 0.23266601562500008 0.3015950520833333 0.24161783854166674 0.2967122395833333 0.2456868489583334 0.2889811197916667 0.24487304687500008 0.2845052083333333 0.2505696614583334 0.2926432291666667 0.25708007812500006 0.3003743489583333 0.25708007812500006 0.30322265625 0.27091471354166674 0.2999674479166667 0.28800455729166674 0.2958984375 0.2993977864583334 0.291015625 0.30346679687500006 0.2857259114583333 0.29370117187500006 0.280029296875 0.2847493489583334 0.2743326822916667 0.28149414062500006 0.2657877604166667 0.26196289062500006
0 0.2963400355297157 0.047298934108527146 0.2993681363049096 0.033167797157622754 0.30491965439276486 0.029130329457364355 0.311985222868217 0.023074127906976757 0.32006015826873385 0.01499919250645996 0.3276304102067184 0.007933624031007764 0.3355640342377261 0.0013020833333333333 0.33469597868217055 0.013989825581395362 0.33419129521963825 0.028120962532299756 0.3382287629198966 0.033167797157622754 0.3412568636950904 0.041242732558139546 0.3468083817829457 0.04427083333333334 0.3513505329457364 0.041242732558139546 0.3528645833333333 0.05739260335917314 0.34277091408268734 0.06243943798449614 0.33469597868217055 0.06344880490956074 0.3256116763565891 0.06748627260981914 0.3170320574935401 0.07051437338501293 0.30895712209302323 0.07354247416020673 0.3023962370801034 0.06546753875968993
0 0.34283669036334913 0.0013020833333333333 0.3403682859399684 0.01110781990521327 0.3412939375987361 0.02406694312796209 0.3431452409162717 0.03208925750394945 0.34653929699842023 0.038877369668246446 0.3456136453396524 0.02962085308056872 0.3453050947867298 0.011724921011058452 0.3480820497630332 0.0013020833333333333
0 0.26631615323854657 0.10367298578199052 0.2669332543443918 0.0913309636650869 0.2694016587677725 0.08084024486571881 0.27433846761453395 0.07220082938388626 0.2789667259083728 0.07034952606635071 0.28390353475513425 0.07528633491311217 0.28884034360189575 0.07158372827804108 0.29161729857819907 0.0641785150078989 0.29840541074249605 0.07034952606635071 0.3033422195892575 0.07652053712480253 0.3070448262243286 0.07713763823064772 0.31352438783570297 0.07713763823064772 0.3203125 0.07590343601895735 0.3292604660347551 0.07220082938388626 0.3348143759873617 0.06849822274881517 0.3453050947867298 0.06726402053712481 0.35055045418641395 0.06541271721958926 0.35271030805687204 0.06911532385466035 0.3514761058451817 0.07713763823064772 0.35024190363349134 0.08392575039494471 0.34653929699842023 0.0876283570300158 0.340676836492891 0.08886255924170616 0.3366656793048974 0.09379936808846762 0.3388255331753554 0.10984399684044234 0.34345379146919425 0.11910051342812007 0.3453050947867298 0.1252715244865719 0.34468799368088465 0.13637934439178515 0.3443794431279621 0.1481042654028436 0.3400597353870458 0.15365817535545026 0.3348143759873617 0.14995556872037916 0.32524930884676145 0.14255035545023698 0.31784409557661925 0.128974131121643 0.3156842417061611 0.11169530015797789 0.31630134281200634 0.10552428909952606 0.3098217812006319 0.09873617693522907 0.3058106240126382 0.09194806477093208 0.299948163507109 0.0944164691943128 0.2974797590837283 0.10305588467614535 0.2965541074249605 0.12095181674565562 0.29408570300157977 0.12650572669826224 0.28884034360189575 0.1252715244865719 0.28421208530805686 0.11786631121642971 0.27958382701421797 0.10614139020537126 0.27495556872037913 0.10490718799368089 0.2709444115323854 0.10614139020537126
0 0.3483906003159558 0.12342022116903634 0.3480820497630332 0.13576224328593997 0.3471563981042654 0.14933846761453398 0.34993335308056867 0.16353179304897317 0.3514761058451817 0.1727883096366509 0.35548726303317535 0.17772511848341233 0.3622753751974724 0.1820448262243286 0.364743779620853 0.17834221958925753 0.36165827409162715 0.15736078199052134 0.35980697077409163 0.1419332543443918 0.35579581358609796 0.12959123222748817
0 0.3471563981042654 0.10305588467614535 0.3477734992101105 0.09565067140600315 0.35178465639810425 0.08947966034755135 0.3585727685624012 0.09256516587677725 0.364743779620853 0.10367298578199052 0.3702976895734597 0.11416370458135862 0.3736917456556082 0.12095181674565562 0.37585159952606634 0.1283570300157978 0.37646870063191146 0.14069905213270142 0.37770290284360186 0.1548923775671406 0.3755430489731437 0.1653830963665087 0.3690634873617693 0.17772511848341233 0.36566943127962087 0.16353179304897317 0.36443522906793047 0.1518068720379147 0.3613497235387046 0.13267673775671407 0.3561043641390205 0.12033471563981042 0.35055045418641395 0.11354660347551343
0 0.3576471169036335 0.08207444707740917 0.3604240718799368 0.0641785150078989 0.3632010268562402 0.05553909952606636 0.36752073459715645 0.059858807266982623 0.37400029620853087 0.06788112164296999 0.3792456556082149 0.08269154818325435 0.37955420616113744 0.09565067140600315 0.37832000394944704 0.11107819905213272 0.3706062401263823 0.10860979462875198 0.3632010268562402 0.0913309636650869
0 0.3039593206951027 0.3165728672985782 0.31198163507109006 0.3017624407582939 0.3175355450236967 0.2900375197472354 0.32432365718799366 0.268438981042654 0.32771771327014215 0.2505430489731438 0.327100612164297 0.22400770142180096 0.3298775671406003 0.2091972748815166 0.33419727488151657 0.20302626382306477 0.3416024881516588 0.21413408372827805 0.35055045418641395 0.23141291469194314 0.3573385663507109 0.23820102685624014 0.35980697077409163 0.2499259478672986 0.35980697077409163 0.26165086887835703 0.3576471169036335 0.26905608214849924 0.3524017575039495 0.2733757898894155 0.3477734992101105 0.2820152053712481 0.34407089257503953 0.2943572274881517 0.340676836492891 0.30299664296998424 0.335431477093207 0.3147215639810427 0.33111176935229064 0.3196583728278041 0.32586640995260663 0.3245951816745656 0.3237065560821485 0.3307661927330174 0.3237065560821485 0.3424911137440758 0.3221638033175355 0.34927922590837285 0.3156842417061611 0.33940560821484994 0.3104388823064771 0.3313832938388626
0 0.30365077014218006 0.3455766192733018 0.30550207345971564 0.33570300157977884 0.3104388823064771 0.3375543048973144 0.3098217812006319 0.3468108214849921 0.3061191745655608 0.35113052922590837
0 0.3625839257503949 0.23696682464454977 0.3696805884676146 0.22277349921011058 0.37585159952606634 0.2091972748815166 0.38819362164296994 0.1993236571879937 0.40053564375987366 0.19438684834123224 0.4091750592417062 0.19376974723538706 0.4110263625592417 0.1956210505529226 0.4178144747235388 0.20487756714060032 0.4230598341232228 0.20734597156398105 0.4295393957345972 0.21351698262243288 0.43046504739336494 0.22153929699842023 0.4347847551342812 0.23820102685624014 0.4375617101105845 0.25116015007898895 0.43941301342812006 0.25918246445497634 0.4446583728278041 0.2733757898894155 0.44774387835703 0.2826323064770932 0.4465096761453397 0.2962085308056872 0.44280706951026855 0.3060821484992101 0.43694460900473936 0.3122531595576619 0.4289222946287519 0.3215096761453397 0.4267624407582938 0.33261749605055296 0.42336838467614535 0.3498963270142181 0.4224427330173775 0.36100414691943133 0.4227512835703002 0.3721119668246446 0.4227512835703002 0.3893907977883097 0.4242940363349131 0.3986473143759874 0.4295393957345972 0.4079038309636651 0.4344762045813586 0.41530904423380727 0.435710406793049 0.4239484597156398 0.4347847551342812 0.42950236966824645 0.4295393957345972 0.4307365718799368 0.42028287914691936 0.42950236966824645 0.41534607030015797 0.42209715639810425 0.4128776658767772 0.4085209320695103 0.4082494075829384 0.39556180884676145 0.4014612954186414 0.3844539889415482 0.40454680094786727 0.3647067535545024 0.41010071090047395 0.346193720379147 0.41256911532385465 0.33200039494470773 0.4082494075829384 0.32274387835703006 0.4008441943127962 0.31904127172195895 0.4011527448657188 0.3141044628751975 0.4063981042654028 0.3036137440758294 0.40608955371248023 0.291888823064771 0.40423825039494465 0.2838665086887836 0.4011527448657188 0.2783125987361769 0.3952902843601896 0.27522709320695105 0.3906620260663507 0.2801639020537125 0.38788507109004744 0.28880331753554506 0.385108116113744 0.2906546208530806 0.37986275671406 0.29497432859399686 0.37184044233807273 0.2974427330173776 0.3709147906793049 0.2881862164296998 0.37245754344391785 0.2826323064770932 0.37770290284360186 0.27152448657187994 0.3743088467614533 0.2622679699842022 0.36752073459715645 0.2597995655608215 0.36505233017377564 0.25733116113744076 0.36104117298578203 0.24745754344391788
0 0.33111176935229064 0.3412569115323855 0.33512292654028436 0.32768068720379145 0.33975118483412325 0.3165728672985782 0.34468799368088465 0.3036137440758294 0.3480820497630332 0.29312302527646134 0.3536359597156398 0.2807810031595577 0.359498420221169 0.2795468009478673 0.359498420221169 0.28942041864139023 0.36165827409162715 0.3066992496050553 0.36597798183254343 0.3208925750394945 0.37276609399684046 0.32582938388625593 0.3792456556082149 0.315955766192733 0.3888107227488152 0.3147215639810427 0.3918962282780411 0.3221267772511848 0.3909705766192733 0.32953199052132703 0.385108116113744 0.3387885071090047 0.3733831951026856 0.3418740126382307 0.364743779620853 0.3437253159557662 0.3579556674565561 0.3455766192733018 0.35085900473933646 0.3505134281200632 0.3425281398104265 0.3505134281200632 0.335431477093207 0.3498963270142181
0 0.15067115514905147 0.41584095528455284 0.15861068766937667 0.4253683943089431 0.16231580284552846 0.4391302506775068 0.15966929200542004 0.45183350271002715 0.1527883638211382 0.46241954607046076 0.14973958333333334 0.4632906262098336 0.15120045731707316 0.4412474593495935
0 0.1527883638211382 0.4063135162601626 0.15966929200542004 0.4031377032520325 0.1739604505420054 0.4031377032520325 0.18295858739837398 0.4052549119241193 0.1903688177506775 0.40843072493224936 0.19513253726287264 0.4200753726287263 0.197779048102981 0.4253683943089431 0.19142742208672084 0.43172002032520324 0.1871930047425474 0.43172002032520324 0.18137068089430894 0.42748560298102983 0.17343114837398374 0.4306614159891599 0.1665502201897019 0.43172002032520324 0.1633744071815718 0.42960281165311653 0.158081385501355 0.4179581639566396
0 0.16919673102981028 0.4507748983739838 0.16866742886178862 0.44018885501355015 0.1797827743902439 0.44654048102981037 0.1903688177506775 0.4412474593495935 0.19460323509485092 0.4348958333333333 0.20254276761517617 0.4306614159891599 0.20624788279132789 0.4306614159891599 0.20360137195121952 0.44971629403794044 0.20095486111111108 0.46241954607046076 0.196191141598916 0.4751227981029811 0.19248602642276422 0.4825330284552846 0.18348788956639564 0.47935721544715454 0.17713626355013548 0.46559535907859084
0 0.15490557249322492 0.5185255758807589 0.1660209180216802 0.513232554200542 0.17660696138211382 0.5089981368563686 0.18401719173441733 0.510056741192412 0.18560509823848237 0.5195841802168022 0.1824292852303523 0.5333460365853658 0.17713626355013548 0.5439320799457995 0.1792534722222222 0.5576939363143631 0.18560509823848237 0.5714557926829269 0.18825160907859076 0.5820418360433605 0.19354463075880757 0.5936864837398375 0.1956618394308943 0.6053311314363145 0.196191141598916 0.6169757791327913 0.18613440040650406 0.6233274051490515 0.17501905487804878 0.6190929878048781 0.16760882452574524 0.6127413617886179 0.1633744071815718 0.6169757791327913 0.15966929200542004 0.6243860094850949 0.15596417682926828 0.6317962398373984 0.15067115514905147 0.6349720528455285 0.14973958333333334 0.6245384485094853 0.15120045731707316 0.5936864837398375 0.15490557249322492 0.5809832317073171 0.15120045731707316 0.5703971883468835 0.15172975948509485 0.5534595189701897 0.15120045731707316 0.5354632452574526
0 0.18878091124661245 0.5089981368563686 0.19195672425474256 0.49629488482384826 0.197779048102981 0.4846502371273713 0.20095486111111108 0.4730055894308944 0.20518927845528454 0.4687711720867209 0.20942369579945797 0.4772400067750678 0.20942369579945797 0.4899432588075881 0.20995299796747968 0.5026465108401085 0.2120702066395664 0.5174669715447154 0.21259950880758804 0.5291116192411924 0.21259950880758804 0.5428734756097561 0.2115409044715447 0.5566353319783198 0.20783578929539295 0.574631605691057 0.20783578929539295 0.5873348577235773 0.20624788279132789 0.5947450880758808 0.20042555894308944 0.5926278794037941 0.1908981199186992 0.5735730013550137 0.1903688177506775 0.5576939363143631 0.1956618394308943 0.539697662601626 0.19407393292682928 0.5259358062330624
0 0.196191141598916 0.38196561653116534 0.19830835027100271 0.36079352981029816 0.20201346544715446 0.34809027777777785 0.20465997628726287 0.33962144308943093 0.20730648712737124 0.33009400406504064 0.20783578929539295 0.3205665650406504 0.2120702066395664 0.31633214769647694 0.2221269478319783 0.33009400406504064 0.2300664803523035 0.33750423441734423 0.23218368902439024 0.34703167344173447 0.2279492716802168 0.3618521341463415 0.22900787601626016 0.37667259485094856 0.2300664803523035 0.3893758468834689 0.22953717818428185 0.4031377032520325 0.2380060128726287 0.40843072493224936 0.23694740853658536 0.42854420731707316 0.2332422933604336 0.43383722899729 0.2253027608401084 0.4391302506775068 0.21842183265582657 0.4359544376693767 0.2141874153116531 0.42748560298102983 0.20942369579945797 0.41266514227642276 0.20095486111111108 0.4010204945799458
0 0.3788003895663956 0.0013020833333333333 0.3788003895663956 0.012512703252032513 0.3846227134146341 0.02309874661246612 0.3872692242547425 0.031567581300813004 0.38568131775067754 0.04215362466124661 0.37932969173441733 0.04109502032520324 0.37456597222222215 0.036860602981029805 0.37297806571815717 0.04427083333333332 0.37403667005420055 0.054856876693766925 0.37932969173441733 0.06014989837398373 0.38356410907859084 0.06544292005420053 0.3872692242547425 0.06756012872628725 0.39362085027100263 0.07073594173441733 0.39732596544715443 0.07391175474254742 0.4015603827913279 0.08132198509485093 0.40579480013550134 0.0876736111111111 0.4105585196476964 0.09720105013550134 0.4158515413279133 0.09720105013550134 0.4121464261517615 0.07497035907859077 0.4110878218157182 0.06544292005420053 0.4105585196476964 0.04215362466124661 0.4163808434959349 0.04109502032520324 0.41796875 0.027333163956639556 0.4200859586720867 0.02204014227642276 0.4253789803523034 0.016747120596205953 0.4237910738482385 0.004043868563685629 0.41974720528455284 0.0013020833333333333 0.4073827066395664 0.004043868563685629 0.3957380589430894 0.00510247289972899 0.3862106199186992 0.001926659891598909
0 0.4437482522371365 0.19574944071588365 0.4494284815436242 0.1826412192393736 0.4568564737136465 0.1782718120805369 0.4607889401565996 0.2245875279642058 0.4603519994407159 0.23507410514541385 0.4551087108501119 0.2315785794183445 0.4555456515659955 0.21322706935123045 0.4507393036912752 0.2053621364653244
0 0.46690611017897093 0.21847035794183445 0.4708385766219239 0.2009927293064877 0.4778296280760626 0.1896322706935123 0.4835098573825503 0.194001677852349 0.4896270274049217 0.20011884787472037 0.49224867170022374 0.20973154362416105 0.4939964345637584 0.2289569351230425 0.4926856124161074 0.23507410514541385 0.4913747902684564 0.24119127516778524 0.4926856124161074 0.2542994966442953 0.4909378495525727 0.26478607382550334 0.4896270274049217 0.27090324384787473 0.489190086689038 0.2848853467561521 0.4909378495525727 0.29012863534675615 0.4918117309843401 0.30323685682326623 0.489190086689038 0.3111017897091723 0.4830729166666667 0.3128495525727069 0.4765188059284116 0.3128495525727069 0.4673430508948546 0.3119756711409396 0.4629736437360179 0.30848014541387025 0.4603519994407159 0.2848853467561521 0.4581672958612975 0.2717771252796421 0.4616628215883669 0.261290548098434 0.4712755173378076 0.24119127516778524 0.47258633948545864 0.23594798657718122
0 0.5018613674496645 0.24293903803131991 0.5110371224832214 0.23594798657718122 0.5136587667785235 0.2333263422818792 0.5167173517897091 0.2245875279642058 0.5136587667785235 0.21584871364653244 0.5106001817673378 0.1983710850111857 0.5066677153243848 0.19487555928411635 0.5036091303131991 0.19574944071588365 0.5001136045861297 0.20274049217002235 0.4996766638702461 0.20710989932885907 0.5009874860178971 0.22021812080536915 0.5022983081655481 0.23245246085011184
0 0.4280183864653244 0.3722734899328859 0.42889226789709173 0.3565436241610738 0.4332616750559284 0.3373182326621924 0.4354463786353468 0.32246224832214765 0.4398157857941835 0.3172189597315436 0.4468068372483221 0.3137234340044743 0.4546717701342282 0.3137234340044743 0.4581672958612975 0.3189667225950783 0.4607889401565996 0.32857941834451904 0.4638475251677852 0.3303271812080537 0.4682169323266219 0.32246224832214765 0.4756449244966443 0.320714485458613 0.481325153803132 0.3250838926174497 0.483946798098434 0.3268316554809843 0.4874423238255034 0.3268316554809843 0.4896270274049217 0.3373182326621924 0.49355949384787473 0.3513003355704698 0.4983658417225951 0.3556697427293065 0.4988027824384788 0.3696518456375839 0.4948703159955257 0.37489513422818793 0.4913747902684564 0.3766428970917226 0.4883162052572707 0.3687779642058166 0.4821990352348993 0.3722734899328859 0.4769557466442953 0.3731473713646532 0.4712755173378076 0.3731473713646532 0.4625367030201342 0.3705257270693512 0.4559825922818792 0.3705257270693512 0.4489915408277405 0.3696518456375839 0.4437482522371365 0.3810123042505593 0.4420004893736018 0.3862555928411633 0.43894190436241615 0.3871294742729306 0.4341355564876957 0.3862555928411633 0.4319508529082774 0.3801384228187919
0 0.4931225531319911 0.31547119686800895 0.4970550195749441 0.3006152125279642 0.4996766638702461 0.28401146532438476 0.5009874860178971 0.2735248881431767 0.5022983081655481 0.2656599552572707 0.5088524189038032 0.2726510067114094 0.5127848853467561 0.28401146532438476 0.5162804110738255 0.29449804250559286 0.5193389960850112 0.30148909395973156 0.5232714625279642 0.30236297539149887 0.5311363954138703 0.2979935682326622 0.534194980425056 0.2927502796420582 0.5333210989932886 0.28226370246085014 0.5337580397091722 0.2717771252796421 0.538127446868009 0.2674077181208054 0.5420599133109619 0.2682815995525727 0.5429337947427293 0.2848853467561521 0.5464293204697986 0.29624580536912754 0.547303201901566 0.30935402684563756 0.5468662611856824 0.32246224832214765 0.5429337947427293 0.3320749440715884 0.549924846196868 0.3399398769574944 0.5564789569351231 0.3469309284116331 0.5573528383668904 0.3565436241610738 0.557789779082774 0.3766428970917226 0.5534203719239373 0.3871294742729306 0.547303201901566 0.3801384228187919 0.5429337947427293 0.3757690156599553 0.5333210989932886 0.3810123042505593 0.5280778104026845 0.382760067114094 0.5189020553691276 0.3574175055928412 0.5154065296420581 0.3486786912751678 0.5114740631991052 0.3521742170022371 0.5106001817673378 0.3609130313199105 0.5145326482102909 0.3731473713646532 0.5149695889261745 0.3783906599552573 0.5119110039149889 0.38188618568232663 0.5084154781879194 0.3810123042505593 0.5040460710290827 0.3731473713646532 0.5022983081655481 0.3661563199105145 0.5018613674496645 0.3504264541387025 0.5014244267337807 0.3408137583892617 0.4988027824384788 0.32857941834451904
0 0.2501835151006711 0.3897511185682327 0.2576115072706935 0.3976160514541387 0.25804844798657717 0.4168414429530201 0.2632917365771812 0.4168414429530201 0.2694089065995526 0.4168414429530201 0.2816432466442953 0.4168414429530201 0.28557571308724833 0.4185892058165548 0.2864495945190157 0.4316974272930649 0.2895081795302013 0.4369407158836689 0.295188408836689 0.4439317673378076 0.3021794602908277 0.455292225950783 0.3052380453020134 0.4622832774049217 0.3113552153243848 0.4596616331096197 0.3187832074944072 0.4596616331096197 0.32184179250559286 0.452670581655481 0.3240264960850112 0.4378145973154362 0.32358955536912754 0.4247063758389262 0.3187832074944072 0.4203369686800895 0.3113552153243848 0.4212108501118568 0.3048011045861298 0.4203369686800895 0.3052380453020134 0.40722874720357943 0.3082966303131991 0.393246644295302 0.3152876817673378 0.3914988814317673 0.3192201482102908 0.3923727628635347 0.3262111996644295 0.39936381431767337 0.3283959032438479 0.390625 0.3270850810961969 0.38188618568232663 0.32227873322147654 0.37489513422818793 0.31004439317673377 0.3783906599552573 0.3056749860178971 0.3757690156599553 0.2991208752796421 0.3696518456375839 0.29824699384787473 0.3591652684563758 0.29824699384787473 0.3513003355704698 0.3004316974272931 0.3460570469798658 0.3017425195749441 0.3303271812080537 0.3004316974272931 0.31547119686800895 0.29737311241610737 0.30935402684563756 0.2930037052572707 0.30760626398210295 0.28513877237136465 0.30760626398210295 0.27902160234899326 0.31022790827740493 0.2733413730425056 0.3189667225950783 0.2689719658836689 0.3250838926174497 0.2641656180089485 0.331201062639821 0.2602331515659955 0.3390659955257271 0.2563006851230425 0.3478048098434004 0.2576115072706935 0.3547958612975392 0.2576115072706935 0.36703020134228187 0.2567376258389262 0.3722734899328859 0.2536790408277405 0.382760067114094
0 0.22746259787472037 0.47189597315436244 0.2283364793064877 0.4622832774049217 0.23489059004474275 0.4544183445190157 0.2396969379194631 0.4509228187919463 0.2479988115212528 0.4509228187919463 0.2549898629753915 0.4491750559284116 0.2597962108501119 0.45354446308724833 0.2624178551454139 0.4701482102908277 0.26591338087248323 0.4815086689038031 0.27115666946308725 0.4954907718120805 0.27071972874720357 0.4998601789709172 0.2672242030201342 0.5190855704697986 0.2597962108501119 0.530446029082774 0.2545529222595078 0.5409326062639821 0.2514943372483221 0.5453020134228188 0.24887269295302014 0.5522930648769575 0.24319246364653244 0.5575363534675616 0.2410077600671141 0.5654012863534675 0.24450328579418343 0.5758878635346757 0.24668798937360178 0.584626677852349 0.24188164149888144 0.5907438478747203 0.23489059004474275 0.5933654921700223 0.23314282718120805 0.5994826621923938 0.2296473014541387 0.6064737136465325 0.226588716442953 0.6117170022371364 0.22265625 0.6082214765100671 0.22178236856823266 0.5959871364653244 0.22090848713646535 0.584626677852349 0.22090848713646535 0.5671490492170023 0.221345427852349 0.5470497762863534 0.221345427852349 0.5383109619686801 0.22221930928411635 0.530446029082774 0.22702565715883669 0.5217072147651006 0.22527789429530198 0.5059773489932886 0.2283364793064877 0.4963646532438479 0.23445364932885907 0.4963646532438479 0.24144470078299776 0.4911213646532438 0.23794917505592839 0.4850041946308725 0.2340167086129754 0.47888702460850113
0 0.2689719658836689 0.4325713087248322 0.27246749161073824 0.4282019015659955 0.2798954837807606 0.4282019015659955 0.2868865352348993 0.4421840044742729 0.2930037052572707 0.452670581655481 0.2934406459731544 0.4640310402684564 0.29038206096196867 0.4692743288590604 0.28426489093959734 0.4701482102908277 0.2798954837807606 0.4692743288590604 0.27858466163310963 0.455292225950783 0.2763999580536913 0.4483011744966443 0.27246749161073824 0.4413101230425056
0 0.3581078719239374 0.3547958612975392 0.36903138982102907 0.3705257270693512 0.3764593819910515 0.3836339485458613 0.3821396112975391 0.3941205257270694 0.3856351370246085 0.4028593400447427 0.38956760346756153 0.4133459172259508 0.3939370106263982 0.41421979865771813 0.4018019435123043 0.4133459172259508 0.4044235878076063 0.4089765100671141 0.4044235878076063 0.398489932885906 0.4013650027964206 0.3941205257270694 0.3987433585011186 0.3801384228187919 0.3917523070469799 0.36790408277404923 0.38257655201342283 0.3539219798657718 0.3786440855704698 0.3521742170022371 0.3725269155480984 0.3495525727069351 0.3677205676733781 0.3486786912751678
0 0.27771078020134227 0.4954907718120805 0.2868865352348993 0.5077251118568232 0.2956253495525727 0.5129684004474273 0.30436416387024606 0.5112206375838927 0.3065488674496644 0.4937430089485459 0.3087335710290828 0.4823825503355705 0.3131029781879195 0.47189597315436244 0.3205309703579418 0.4649049217002237 0.32358955536912754 0.47189597315436244 0.3187832074944072 0.47888702460850113 0.31703544463087246 0.4902474832214765 0.3161615631991051 0.4963646532438479 0.3157246224832215 0.5155900447427293 0.3148507410514541 0.533067673378076 0.3122290967561521 0.5400587248322147 0.3069858081655481 0.5505453020134229 0.2999947567114094 0.5426803691275167 0.2943145274049217 0.5321937919463088 0.289945120246085 0.5286982662192393 0.28513877237136465 0.5269505033557047 0.27902160234899326 0.5260766219239373 0.2768368987695749 0.5077251118568232
0 0.3332022511185682 0.388003355704698 0.3327653104026846 0.3783906599552573 0.3371347175615213 0.3757690156599553 0.3445627097315436 0.3731473713646532 0.3541754054809843 0.3757690156599553 0.3611664569351231 0.3792645413870246 0.3655358640939597 0.3810123042505593 0.3725269155480984 0.3888772371364653 0.3707791526845638 0.40023769574944074 0.3685944491051454 0.4150936800894855 0.3650989233780761 0.4308235458612975 0.3633511605145414 0.4378145973154362 0.3594186940715884 0.44567953020134227 0.3554862276286353 0.4509228187919463 0.350679879753915 0.460535514541387 0.34893211689038034 0.47189597315436244 0.3515537611856823 0.4876258389261745 0.3567970497762864 0.4937430089485459 0.3576709312080537 0.5007340604026845 0.3498059983221477 0.4998601789709172 0.3445627097315436 0.5007340604026845 0.3393194211409396 0.5042295861297539 0.33538695469798663 0.506851230425056 0.3314544882550336 0.5103467561521252 0.3283959032438479 0.5155900447427293 0.3262111996644295 0.5286982662192393 0.3257742589485459 0.5365631991051454 0.32184179250559286 0.5400587248322147 0.3161615631991051 0.5426803691275167 0.31790932606263983 0.5252027404921701 0.3187832074944072 0.5033557046979865 0.32184179250559286 0.4893736017897092 0.3270850810961969 0.4753914988814318 0.3332022511185682 0.4823825503355705 0.3371347175615213 0.4736437360178971 0.3384455397091723 0.4622832774049217 0.3406302432885906 0.4439317673378076 0.3432518875838926 0.4343190715883669 0.3463104725950783 0.4212108501118568 0.34762129474272935 0.41421979865771813 0.3449996504474273 0.4037332214765101 0.3419410654362416 0.3976160514541387 0.3393194211409396 0.3923727628635347
0 0.3720899748322148 0.447427293064877 0.3716530341163311 0.43868847874720357 0.3738377376957495 0.4299496644295302 0.3768963227069351 0.4212108501118568 0.3795179670022371 0.4177153243847875 0.3851981963087248 0.4159675615212528 0.3930631291946309 0.4220847315436242 0.39961723993288595 0.4238324944071588 0.4052974692393736 0.4299496644295302 0.3987433585011186 0.4413101230425056 0.3926261884787472 0.4378145973154362 0.3900045441834452 0.4413101230425056 0.3847612555928412 0.44655341163310963 0.3773332634228188 0.450048937360179
0 0.4026758249440716 0.4561661073825503 0.4057344099552573 0.4517967002237136 0.41228852069351235 0.450048937360179 0.4188426314317673 0.4491750559284116 0.4280183864653244 0.45354446308724833 0.4315139121923937 0.4570399888143177 0.4385049636465325 0.4701482102908277 0.44025272651006714 0.4762653803131991 0.4441851929530201 0.4832564317673378 0.4476807186800895 0.4937430089485459 0.4459329558165548 0.5016079418344519 0.4406896672259508 0.4998601789709172 0.4345724972035794 0.4902474832214765 0.42889226789709173 0.4815086689038031 0.42190121644295303 0.4753914988814318 0.4131624021252797 0.4692743288590604
0 0.3878553752302025 0.4532113259668508 0.3918119820441988 0.4488950276243094 0.3943298227440148 0.46472145488029465 0.39648797191528545 0.4769509668508287 0.39864612108655617 0.4891804788213628 0.40332211095764275 0.5006906077348067 0.4065593347145488 0.5107619705340699 0.41159501611418053 0.5208333333333334 0.4133934737569061 0.5309046961325966 0.41303378222836096 0.5409760589318601 0.4151919313996317 0.5575218692449355 0.4119547076427256 0.5632769337016574 0.40871748388581947 0.5503280386740331 0.4065593347145488 0.5345016114180479 0.404041494014733 0.5215527163904236 0.401163961786372 0.5086038213627992 0.39720735497237564 0.4963743093922652 0.392171673572744 0.4819866482504604 0.38965383287292815 0.4654408379373849
0 0.43101835865561694 0.5301853130755064 0.43353619935543275 0.5208333333333334 0.43785249769797424 0.5193945672191528 0.4421687960405157 0.5215527163904236 0.44360756215469616 0.5352209944751382 0.44288817909760586 0.5474505064456722 0.4403703383977901 0.5603994014732965 0.43785249769797424 0.5690319981583793 0.4324571247697974 0.5675932320441989 0.4324571247697974 0.5503280386740331 0.4324571247697974 0.5424148250460404 0.43137805018416203 0.5380985267034991
0 0.4889286947513812 0.4107677255985267 0.49324499309392267 0.39350253222836096 0.49971944060773477 0.390625 0.503316355893186 0.3927831491712707 0.5137474102209945 0.39781883057090234 0.5205815492633518 0.39925759668508287 0.524538156077348 0.4122064917127071 0.5292141459484346 0.4194003222836096 0.5306529120626151 0.43162983425414364 0.5310126035911602 0.4402624309392265 0.5238187730202578 0.4524919429097605 0.5169846339779005 0.4553694751381215 0.5108698779926335 0.4560888581952118 0.5043954304788213 0.4532113259668508 0.49864036602209943 0.45393070902394106 0.49360468462246776 0.45393070902394106 0.4907271523941068 0.4510531767955801 0.48820931169429094 0.4452981123388582 0.48820931169429094 0.4309104511970534 0.4885690032228361 0.4258747697974217
0 0.5400048918047882 0.47767034990791896 0.5400048918047882 0.46256330570902393 0.5414436579189686 0.4553694751381215 0.5400048918047882 0.4474562615101289 0.5353289019337016 0.44313996316758747 0.5288544544198895 0.45033379373848986 0.5238187730202578 0.45824700736648244 0.5252575391344383 0.4661602209944751 0.5281350713627992 0.47838973296500914 0.5310126035911602 0.48486418047882135 0.5353289019337016 0.4934967771639042 0.5378467426335175 0.4970936924493554 0.5421630409760589 0.5035681399631676 0.5457599562615101 0.5057262891344383 0.548277796961326 0.495654926335175 0.5493568715469613 0.4891804788213628
0 0.4540386164825046 0.49781307550644566 0.4590742978821363 0.48989986187845297 0.46375028775322286 0.48486418047882135 0.4669875115101289 0.4798284990791897 0.47094411832412525 0.48414479742173105 0.47346195902394106 0.49205801104972374 0.47597979972375687 0.5006906077348067 0.4752604166666667 0.5100425874769797 0.46950535220994477 0.5114813535911602 0.4605130639963167 0.5064456721915286
0 0.4802960980662983 0.49853245856353595 0.47705887430939226 0.49061924493554326 0.47777825736648244 0.4805478821362799 0.4799364065377532 0.46975713627992627 0.4849720879373849 0.4611245395948434 0.4903674608655617 0.4604051565377532 0.4957628337937385 0.4611245395948434 0.5036760474217311 0.46256330570902393 0.5079923457642725 0.4690377532228361 0.5115892610497238 0.474792817679558 0.51554586786372 0.4798284990791897 0.5223800069060773 0.4812672651933701 0.5263366137200737 0.4855835635359116 0.5284947628913443 0.49277739410681404 0.5306529120626151 0.5006906077348067 0.5302932205340699 0.5100425874769797 0.5302932205340699 0.5136395027624309 0.5317319866482505 0.5273077808471455 0.5317319866482505 0.5330628453038674 0.5295738374769797 0.5409760589318601 0.5256172306629834 0.5481698895027624 0.5187830916206261 0.5532055709023941 0.5148264848066298 0.5524861878453039 0.5205815492633518 0.543853591160221 0.5230993899631676 0.5359403775322283 0.5248978476058932 0.5301853130755064 0.5205815492633518 0.5201139502762431 0.5173443255064457 0.5114813535911602 0.5105101864640884 0.5042875230202578 0.5025969728360957 0.5006906077348067 0.4950434507366483 0.49925184162062614 0.4885690032228361 0.49853245856353595 0.48389301335174956 0.49853245856353595
0 0.39289105662983426 0.6006848526703499 0.39325074815837935 0.5927716390423573 0.4004445787292818 0.6006848526703499 0.4065593347145488 0.610036832412523 0.4105159415285451 0.6222663443830571 0.4151919313996317 0.6258632596685082 0.42310514502762436 0.6273020257826888 0.42418421961325964 0.6316183241252301 0.4209469958563536 0.6431284530386739 0.4166306975138121 0.6452866022099447 0.4108756330570902 0.6416896869244936 0.4061996431860037 0.6366540055248618 0.4018833448434623 0.6301795580110497 0.39792673802946593 0.6244244935543278 0.395049205801105 0.6179500460405156
0 0.5288544544198895 0.4122064917127071 0.5360482849907918 0.4071708103130755 0.5410839663904236 0.4143646408839779 0.5446808816758747 0.43019106813996316 0.5471987223756906 0.43882366482504603 0.5554716275322283 0.4402624309392265 0.5630251496316759 0.441701197053407 0.5702189802025782 0.4409818139963167 0.569499597145488 0.43162983425414364 0.5680608310313076 0.4251553867403315 0.5619460750460404 0.41724217311233885 0.5619460750460404 0.41004834254143646 0.5648236072744014 0.405732044198895 0.5730965124309392 0.41004834254143646 0.57525466160221 0.41868093922651933 0.5766934277163904 0.4258747697974217 0.5788515768876611 0.4402624309392265 0.5802903430018417 0.456808241252302 0.5802903430018417 0.46975713627992627 0.5795709599447514 0.48270603130755063 0.5781321938305709 0.49205801104972374 0.5680608310313076 0.48846109576427255 0.5655429903314917 0.4819866482504604 0.5648236072744014 0.46831837016574585 0.5630251496316759 0.46328268876611417 0.5561910105893185 0.4604051565377532 0.5504359461325966 0.45393070902394106 0.545400264732965 0.4452981123388582 0.5396452002762431 0.43882366482504603 0.5353289019337016 0.4359461325966851 0.5338901358195212 0.42227785451197053
0 0.57525466160221 0.39781883057090234 0.57525466160221 0.38271178637200737 0.5806500345303868 0.37335980662983426 0.5885632481583793 0.3719210405156537 0.5939586210865562 0.37335980662983426 0.5979152279005525 0.3798342541436464 0.6029509093001841 0.38271178637200737 0.6036702923572744 0.3661659760589318 0.6079865906998158 0.3560946132596685 0.6155401127992634 0.34962016574585636 0.6212951772559853 0.3453038674033149 0.6238130179558011 0.3661659760589318 0.6266905501841621 0.37767610497237564 0.6241727094843462 0.38271178637200737 0.6155401127992634 0.38774746777163904 0.6090656652854513 0.39350253222836096 0.6043896754143646 0.40213512891344383 0.6011524516574586 0.41004834254143646 0.6015121431860037 0.42947168508287287 0.6007927601289135 0.44313996316758747 0.5982749194290976 0.45177255985267034 0.5903617058011049 0.45393070902394106 0.5835275667587477 0.45393070902394106 0.5806500345303868 0.43019106813996316 0.5770531192449355 0.408609576427256
0 0.3083635474217311 0.5596800184162062 0.31447830340699817 0.5524861878453039 0.32347059162062614 0.5488892725598526 0.3295853476058932 0.5380985267034991 0.3317434967771639 0.5208333333333334 0.3353404120626151 0.5143588858195212 0.3414551680478821 0.5107619705340699 0.3497280732044199 0.5064456721915286 0.35692190377532224 0.5064456721915286 0.3597994360036833 0.5042875230202578 0.3605188190607735 0.49277739410681404 0.35512344613259667 0.48630294659300183 0.3536846800184162 0.47838973296500914 0.3536846800184162 0.46975713627992627 0.35656221224677714 0.4618439226519337 0.36483511740331487 0.46328268876611417 0.3720289479742173 0.47191528545119704 0.37778401243093923 0.4812672651933701 0.380301853130755 0.49781307550644566 0.38102123618784534 0.5129201197053407 0.3763452463167587 0.5222720994475137 0.36915141574585636 0.5301853130755064 0.35764128683241253 0.5460117403314917 0.3518862223756906 0.5553637200736649 0.341095476519337 0.5647156998158379 0.33138380524861877 0.568312615101289 0.3202333678637201 0.5726289134438306 0.3141186118784531 0.5690319981583793
0 0.33030473066298344 0.5913328729281767 0.33282257136279925 0.5827002762430938 0.3353404120626151 0.5783839779005525 0.34073578499079193 0.5747870626151013 0.3482893070902395 0.5791033609576427 0.3547637546040516 0.5841390423572744 0.3612382021178637 0.5877359576427256 0.36339635128913444 0.594929788213628 0.3637560428176796 0.6042817679558011 0.36339635128913444 0.612914364640884 0.3597994360036833 0.6186694290976059 0.3536846800184162 0.6193888121546961 0.34721023250460403 0.6165112799263351 0.3403760934622468 0.6071593001841621 0.3339016459484346 0.5992460865561694
0 0.343973008747698 0.6359346224677717 0.34649084944751385 0.6273020257826888 0.3511668393186003 0.6265826427255985 0.35656221224677714 0.628021408839779 0.35692190377532224 0.6359346224677717 0.3540443715469614 0.6395315377532228 0.34900869014732966 0.6438478360957642
0 0.27599130985267034 0.612914364640884 0.2803076081952118 0.6042817679558011 0.2806672997237569 0.5906134898710865 0.28210606583793735 0.5791033609576427 0.28534328959484345 0.5668738489871087 0.29001927946593004 0.5546443370165746 0.2986518761510129 0.5524861878453039 0.3026084829650092 0.5603994014732965 0.3008100253222836 0.5827002762430938 0.3004503337937385 0.5992460865561694 0.2986518761510129 0.6064399171270718 0.292896811694291 0.6064399171270718 0.28642236418047884 0.615791896869245 0.28210606583793735 0.6208275782688766
0 0.2860626726519337 0.6366540055248618 0.28894020488029465 0.6193888121546961 0.2932565032228361 0.6150725138121547 0.299011567679558 0.6114755985267034 0.3047666321362799 0.6042817679558011 0.30872323895027626 0.5992460865561694 0.3119604627071823 0.6064399171270718 0.3141186118784531 0.6201081952117863 0.31267984576427255 0.6323377071823204 0.30872323895027626 0.6445672191528545 0.30548601519337015 0.6539191988950276 0.2975728015653775 0.6603936464088398 0.29253712016574585 0.6603936464088398 0.28894020488029465 0.6510416666666666
0 0.3094426220073665 0.6776588397790055 0.30800385589318596 0.669745626151013 0.3094426220073665 0.6596742633517495 0.31267984576427255 0.6431284530386739 0.31843491022099446 0.6273020257826888 0.32203182550644566 0.6172306629834253 0.33030473066298344 0.6093174493554327 0.33641948664825044 0.6114755985267034 0.34325362569060774 0.6186694290976059 0.3418148595764272 0.628021408839779 0.34289393416206265 0.6395315377532228 0.3461311579189687 0.6481641344383057 0.34253424263351756 0.6567967311233885 0.3414551680478821 0.6675874769797422 0.3389373273480663 0.6812557550644568 0.3353404120626151 0.6920465009208102 0.33138380524861877 0.6999597145488029 0.3274271984346225 0.7042760128913444 0.316996144106814 0.7042760128913444 0.3108813881215469 0.6999597145488029 0.3116007711786372 0.6906077348066298
0 0.33282257136279925 0.7186636740331491 0.332103188305709 0.7100310773480664 0.33498072053407 0.7006790976058932 0.3403760934622468 0.6862914364640883 0.34325362569060774 0.6740619244935543 0.3457714663904235 0.66111302946593 0.3497280732044199 0.6618324125230203 0.3536846800184162 0.6661487108655617 0.35656221224677714 0.669745626151013 0.3637560428176796 0.6639905616942909 0.3695111072744015 0.6632711786372008 0.3702304903314917 0.6711843922651933 0.3659141919889503 0.6805363720073664 0.36519480893186 0.6862914364640883 0.36735295810313073 0.6985209484346225 0.36843203268876606 0.7049953959484346 0.36699326657458564 0.7085923112338858 0.3612382021178637 0.7042760128913444 0.35692190377532224 0.703556629834254 0.35512344613259667 0.709311694290976 0.3544040630755065 0.7222605893186004 0.35332498848987104 0.7265768876611417 0.3497280732044199 0.7316125690607734 0.3418148595764272 0.7416839318600368 0.33821794429097607 0.7438420810313074 0.33282257136279925 0.7402451657458563 0.332103188305709 0.7323319521178636
0 0.4184291551565377 0.6186694290976059 0.4198679212707182 0.6021236187845304 0.42490360267034993 0.5805421270718232 0.42921990101289137 0.5769452117863719 0.43785249769797424 0.5726289134438306 0.44396725368324125 0.558960635359116 0.44540601979742167 0.543853591160221 0.4464850943830571 0.5273077808471455 0.4443269452117864 0.5114813535911602 0.44756416896869244 0.5064456721915286 0.4554773825966851 0.5086038213627992 0.46410997928176795 0.5172364180478821 0.4705844267955801 0.5215527163904236 0.47382165055248615 0.528746546961326 0.47705887430939226 0.5402566758747698 0.4810154811233886 0.5539249539594843 0.48389301335174956 0.561838167587477 0.4817348641804788 0.5726289134438306 0.47597979972375687 0.5776645948434622 0.47238288443830573 0.5841390423572744 0.47094411832412525 0.6050011510128913 0.4727425759668508 0.615791896869245 0.46518905386740333 0.628021408839779 0.4601533724677716 0.6294601749539595 0.4554773825966851 0.6330570902394107 0.4508013927255985 0.6409703038674033 0.4446866367403315 0.6517610497237568 0.4403703383977901 0.66111302946593 0.43569434852670347 0.6424090699815838 0.4324571247697974 0.6344958563535911 0.42957959254143646 0.6229857274401472 0.42346483655616945 0.6179500460405156
0 0.33713886970534074 0.7546328268876611 0.343973008747698 0.7488777624309392 0.3511668393186003 0.7402451657458563 0.35764128683241253 0.7359288674033149 0.36303665976058924 0.7402451657458563 0.3702304903314917 0.7409645488029466 0.37274833103130756 0.748158379373849 0.36915141574585636 0.7690204880294659 0.36267696823204415 0.7805306169429097 0.3554831376611418 0.7949182780847145 0.3475699240331491 0.7992345764272559 0.3396567104051565 0.8049896408839778 0.3360597951197053 0.8071477900552485 0.33498072053407 0.793479511970534 0.33713886970534074 0.7790918508287293
0 0.3749064802025783 0.7409645488029466 0.3738274056169429 0.730173802946593 0.37310802255985265 0.7251381215469613 0.3763452463167587 0.7165055248618785 0.38102123618784534 0.7143473756906077 0.3864166091160221 0.7186636740331491 0.39325074815837935 0.7251381215469613 0.39792673802946593 0.730173802946593 0.4000848872007367 0.7388063996316759 0.40296241942909755 0.75103591160221 0.40368180248618785 0.7647041896869244 0.40368180248618785 0.7718980202578268 0.40512056860036827 0.7848469152854513 0.40871748388581947 0.7992345764272559 0.4108756330570902 0.81146408839779 0.41159501611418053 0.8236936003683241 0.41159501611418053 0.8352037292817679 0.41123532458563533 0.850310773480663 0.41123532458563533 0.8582239871086556 0.4044011855432781 0.8589433701657457 0.3943298227440148 0.8596627532228361 0.39073290745856354 0.862540285451197 0.38749568370165743 0.850310773480663 0.3860569175874769 0.8352037292817679 0.38749568370165743 0.829448664825046 0.39289105662983426 0.8157803867403315 0.39936550414364635 0.8071477900552485 0.39864612108655617 0.7956376611418047 0.39648797191528545 0.7927601289134438 0.3900135244014733 0.7941988950276243 0.38713599217311234 0.7956376611418047 0.38389876841620624 0.8078671731123389 0.3821003107734806 0.8200966850828729 0.380301853130755 0.8272905156537753 0.37778401243093923 0.8316068139963168 0.3723886395027624 0.8395200276243093 0.3659141919889503 0.8388006445672191 0.36231727670349906 0.8251323664825047 0.35836066988950277 0.8164997697974217 0.3580009783609577 0.8064284069981583 0.3615978936464088 0.7963570441988951 0.3659141919889503 0.7891632136279926 0.36915141574585636 0.7819693830570902 0.3720289479742173 0.7747755524861878 0.3738274056169429 0.7668623388581951 0.3752661717311234 0.757510359116022
0 0.4141128568139963 0.8049896408839778 0.4155516229281768 0.8006733425414364 0.42310514502762436 0.8121834714548802 0.42778113489871084 0.8193773020257827 0.43569434852670347 0.8179385359116021 0.43929126381215466 0.8179385359116021 0.44360756215469616 0.8129028545119704 0.446125402854512 0.8085865561694291 0.4508013927255985 0.8078671731123389 0.4543983080110497 0.81146408839779 0.4547579995395948 0.8222548342541436 0.4536789249539595 0.8287292817679558 0.4504417011970534 0.8352037292817679 0.4457657113259668 0.8423975598526704 0.44180910451197053 0.8481526243093923 0.43785249769797424 0.8560658379373849 0.43317650782688766 0.8596627532228361 0.42706175184162065 0.8524689226519336 0.42274545349907916 0.8474332412523019 0.42130668738489874 0.8438363259668509 0.41878884668508287 0.8344843462246777 0.416271005985267 0.8280098987108655 0.4141128568139963 0.8200966850828729 0.4144725483425414 0.8129028545119704
0 0.4008042702578269 0.7186636740331491 0.3997251956721915 0.7049953959484346 0.39936550414364635 0.6992403314917127 0.4079981008287293 0.694204650092081 0.4151919313996317 0.6963627992633518 0.42382452808471455 0.6978015653775321 0.4285005179558011 0.6927658839779006 0.4349749654696133 0.6812557550644568 0.43785249769797424 0.6711843922651933 0.4414494129834254 0.6733425414364641 0.4450463282688766 0.6834139042357275 0.4482835520257827 0.7028372467771639 0.44972231813996316 0.7150667587476979 0.4511610842541436 0.7251381215469613 0.4457657113259668 0.7438420810313074 0.4421687960405157 0.7531940607734806 0.434255582412523 0.760387891344383 0.43101835865561694 0.7690204880294659 0.42382452808471455 0.7683011049723757 0.4148322398710866 0.7395257826887661 0.4083577923572744 0.7236993554327809
0 0.4446866367403315 0.6690262430939226 0.44972231813996316 0.6539191988950276 0.4525998503683241 0.6438478360957642 0.4587146063535911 0.6366540055248618 0.46770689456721914 0.6366540055248618 0.47382165055248615 0.6359346224677717 0.47813794889502764 0.640250920810313 0.48209455570902393 0.6395315377532228 0.48748992863720075 0.6352152394106814 0.49396437615101285 0.6287407918968692 0.4993597490791897 0.6186694290976059 0.5076326542357275 0.6208275782688766 0.5126683356353591 0.6287407918968692 0.5119489525782689 0.6424090699815838 0.5072729627071823 0.6531998158379374 0.5011582067219152 0.6747813075506445 0.4968419083793738 0.6877302025782689 0.4907271523941068 0.6999597145488029 0.4856914709944751 0.7287350368324125 0.4860511625230202 0.7438420810313074 0.48209455570902393 0.7460002302025782 0.47777825736648244 0.7395257826887661 0.47957671500920807 0.7222605893186004 0.4784976404235728 0.7136279926335175 0.47418134208103124 0.7028372467771639 0.4659084369244935 0.6920465009208102 0.4605130639963167 0.694204650092081 0.45331923342541436 0.6992403314917127 0.4511610842541436 0.6985209484346225 0.4482835520257827 0.6891689686924494 0.4464850943830571 0.6798169889502762
0 0.4745410336095764 0.610036832412523 0.47741856583793735 0.6057205340699815 0.479217023480663 0.5963685543278084 0.4806557895948435 0.5848584254143646 0.4824542472375691 0.5819808931860037 0.48964807780847147 0.5776645948434622 0.494324067679558 0.5805421270718232 0.4990000575506446 0.5877359576427256 0.49720159990791896 0.5978073204419889 0.4907271523941068 0.6078786832412523 0.4856914709944751 0.6136337476979742 0.4824542472375691 0.6165112799263351 0.47669918278084716 0.6229857274401472 0.4687859691528545 0.6308989410681399 0.47238288443830573 0.6222663443830571
0 0.23750431629834257 0.6618324125230203 0.23642524171270718 0.6481641344383057 0.23570585865561697 0.6352152394106814 0.23570585865561697 0.6258632596685082 0.23966246546961326 0.6208275782688766 0.24685629604051565 0.6107562154696132 0.25189197744014735 0.610036832412523 0.25764704189686927 0.6150725138121547 0.25800673342541436 0.6424090699815838 0.2590858080110497 0.6596742633517495 0.2648408724677716 0.6783782228360957 0.2702362453959484 0.694204650092081 0.2767106929097606 0.7143473756906077 0.281026991252302 0.7215412062615102 0.27814945902394106 0.7323319521178636 0.27563161832412525 0.7431226979742173 0.2727540860957643 0.75103591160221 0.26735871316758747 0.7546328268876611 0.25944549953959484 0.7503165285451198 0.2590858080110497 0.7366482504604052 0.25944549953959484 0.7272962707182321 0.2529710520257827 0.703556629834254 0.24577722145488026 0.6934852670349908 0.23930277394106814 0.6884495856353591 0.23534616712707182 0.6812557550644568 0.23534616712707182 0.6733425414364641
0 0.24074154005524862 0.78125 0.24038184852670352 0.7704592541436464 0.24577722145488026 0.7639848066298343 0.2565679673112339 0.7654235727440147 0.2634021063535912 0.7661429558011049 0.2734734691528545 0.7690204880294659 0.2806672997237569 0.772617403314917 0.2792285336095764 0.7884438305709024 0.28138668278084716 0.8006733425414364 0.27635100138121543 0.8035508747697974 0.2695168623388582 0.7970764272559853 0.26627963858195214 0.7949182780847145 0.25620827578268873 0.7956376611418047 0.25225166896869244 0.7927601289134438 0.2439787638121547 0.7877244475138121
0 0.25189197744014735 0.8308874309392266 0.2504532113259668 0.8193773020257827 0.2515322859116022 0.81146408839779 0.256927658839779 0.8064284069981583 0.2605245741252302 0.8049896408839778 0.2648408724677716 0.8071477900552485 0.26987655386740333 0.8164997697974217 0.2738331606813996 0.8280098987108655 0.27635100138121543 0.8352037292817679 0.2738331606813996 0.8481526243093923 0.27095562845303867 0.8531883057090238 0.26520056399631675 0.8546270718232044 0.2608842656537753 0.8582239871086556 0.25980519106814 0.8618209023941068 0.25584858425414364 0.8589433701657457 0.2529710520257827 0.8459944751381215
0 0.503316355893186 0.5963685543278084 0.5015178982504603 0.5834196593001841 0.5022372813075506 0.5762258287292817 0.5069132711786372 0.574067679558011 0.5148264848066298 0.5675932320441989 0.5173443255064457 0.5611187845303868 0.5230993899631676 0.5546443370165746 0.5288544544198895 0.5524861878453039 0.5342498273480663 0.5409760589318601 0.5396452002762431 0.5316240791896869 0.5489971800184162 0.5345016114180479 0.5558313190607734 0.5445729742173112 0.5651832988029466 0.5481698895027624 0.5659026818600369 0.5647156998158379 0.5734562039594843 0.574067679558011 0.575614353130755 0.5798227440147329 0.5763337361878452 0.5934910220994475 0.5630251496316759 0.5934910220994475 0.5554716275322283 0.5934910220994475 0.5464793393186004 0.5963685543278084 0.5396452002762431 0.6028430018416205 0.5353289019337016 0.6172306629834253 0.5292141459484346 0.6229857274401472 0.5209412407918969 0.6229857274401472 0.5195024746777164 0.6150725138121547 0.5195024746777164 0.6078786832412523 0.5126683356353591 0.6057205340699815 0.5072729627071823 0.6050011510128913
0 0.5853260244014733 0.546731123388582 0.5856857159300184 0.5222720994475137 0.5860454074585636 0.5093232044198895 0.5896423227440147 0.5028487569060773 0.5979152279005525 0.5028487569060773 0.60546875 0.49853245856353595 0.611583505985267 0.5071650552486188 0.6169788789134438 0.5294659300184162 0.6227339433701657 0.5330628453038674 0.632445614640884 0.5323434622467772 0.6417975943830571 0.5352209944751382 0.647552658839779 0.5366597605893185 0.6554658724677717 0.5510474217311233 0.6590627877532228 0.561838167587477 0.6583434046961326 0.5762258287292817 0.6547464894106814 0.5841390423572744 0.6407185197974218 0.5870165745856354 0.6310068485267034 0.5884553406998158 0.6245324010128913 0.5942104051565377 0.6123028890423573 0.5999654696132596 0.60546875 0.5999654696132596 0.5979152279005525 0.5884553406998158 0.5943183126151013 0.5791033609576427 0.5889229396869246 0.5654350828729281
0 0.6205757941988951 0.6085980662983425 0.6266905501841621 0.6093174493554327 0.6302874654696132 0.6085980662983425 0.6274099332412523 0.6035623848987108 0.6266905501841621 0.5963685543278084 0.6227339433701657 0.5970879373848986
0 0.5047551220073665 0.6870108195211787 0.5090714203499079 0.6891689686924494 0.5126683356353591 0.6920465009208102 0.5166249424493554 0.6956434162062615 0.521300932320442 0.694204650092081 0.5198621662062615 0.6855720534069981 0.5162652509208103 0.6805363720073664 0.5119489525782689 0.679097605893186
0 0.5230993899631676 0.6848526703499079 0.5284947628913443 0.6719037753222836 0.5367676680478821 0.6546385819521178 0.5439614986187845 0.6366540055248618 0.5493568715469613 0.625143876611418 0.5558313190607734 0.625143876611418 0.5547522444751382 0.6474447513812155 0.5554716275322283 0.6690262430939226 0.5612266919889503 0.6783782228360957 0.5691399056169429 0.6855720534069981 0.5626654581031307 0.6949240331491713 0.5576297767034991 0.7021178637200737 0.5475584139042357 0.7085923112338858 0.5400048918047882 0.7129086095764272 0.5342498273480663 0.712189226519337 0.5288544544198895 0.7064341620626151
0 0.5198621662062615 0.709311694290976 0.5166249424493554 0.7272962707182321 0.5169846339779005 0.7409645488029466 0.5234590814917127 0.7366482504604052 0.5306529120626151 0.7323319521178636 0.5385661256906077 0.7337707182320442 0.5457599562615101 0.7416839318600368 0.5489971800184162 0.7524746777163904 0.5507956376611418 0.7582297421731123 0.5529537868324125 0.7589491252302025 0.5536731698895028 0.745280847145488 0.5569103936464088 0.7402451657458563 0.5630251496316759 0.7416839318600368 0.5698592886740331 0.7474389963167587 0.5741755870165746 0.7517552946593001 0.5788515768876611 0.7467196132596685 0.5831678752302026 0.7373676335174953 0.5856857159300184 0.7265768876611417 0.5864050989871087 0.7143473756906077 0.5828081837016574 0.7028372467771639 0.5774128107734807 0.697082182320442 0.5712980547882136 0.694204650092081 0.5666220649171271 0.6992403314917127 0.5619460750460404 0.7042760128913444 0.5565507021178637 0.7085923112338858 0.5497165630755064 0.7129086095764272 0.5407242748618785 0.7165055248618785 0.5313722951197053 0.7179442909760589 0.524538156077348 0.7100310773480664
0 0.4353346569981584 0.7790918508287293 0.4414494129834254 0.7668623388581951 0.446125402854512 0.7524746777163904 0.4504417011970534 0.7337707182320442 0.4547579995395948 0.7272962707182321 0.4605130639963167 0.730173802946593 0.46734720303867405 0.733051335174954 0.47310226749539597 0.7316125690607734 0.47597979972375687 0.7460002302025782 0.4806557895948435 0.7531940607734806 0.48748992863720075 0.7517552946593001 0.4928853015653775 0.7546328268876611 0.49792098296500925 0.7639848066298343 0.49971944060773477 0.7754949355432781 0.4964822168508287 0.7848469152854513 0.4867705455801105 0.7941988950276243 0.48209455570902393 0.7949182780847145 0.4756201081952118 0.7920407458563535 0.4691456606813997 0.7941988950276243 0.46410997928176795 0.8006733425414364 0.45835491482504603 0.8028314917127072 0.44900293508287287 0.8028314917127072 0.4414494129834254 0.8006733425414364 0.43749280616942904 0.7906019797421732
0 0.39325074815837935 0.9272847605893185 0.39900581261510126 0.9164940147329649 0.4079981008287293 0.9121777163904236 0.4141128568139963 0.9093001841620626 0.41878884668508287 0.9172133977900553 0.41878884668508287 0.9323204419889503 0.41015625 0.9416724217311234 0.40224303637200737 0.9531825506445673 0.39756704650092084 0.9546213167587476 0.39325074815837935 0.9452693370165745 0.392171673572744 0.9351979742173112
0 0.42346483655616945 0.9294429097605893 0.42490360267034993 0.9157746316758747 0.4281408264272559 0.9028257366482504 0.43353619935543275 0.8905962246777164 0.44252848756906077 0.8798054788213627 0.44756416896869244 0.8855605432780846 0.4486432435543278 0.9071420349907919 0.4482835520257827 0.9164940147329649 0.4450463282688766 0.9272847605893185 0.4414494129834254 0.9380755064456722 0.44180910451197053 0.9481468692449355 0.4353346569981584 0.9503050184162062 0.42742144337016574 0.949585635359116 0.42382452808471455 0.949585635359116 0.42382452808471455 0.9409530386740331
0 0.4486432435543278 0.8754891804788213 0.45763553176795585 0.8675759668508287 0.4669875115101289 0.8639790515653775 0.47705887430939226 0.8611015193370166 0.48281393876611417 0.8539076887661142 0.48964807780847147 0.8517495395948435 0.4928853015653775 0.8603821362799263 0.48964807780847147 0.8733310313075506 0.4867705455801105 0.8812442449355432 0.4867705455801105 0.8898768416206262 0.4867705455801105 0.904983885819521 0.4856914709944751 0.913616482504604 0.48389301335174956 0.9172133977900553 0.47813794889502764 0.9244072283609577 0.4648293623388582 0.9244072283609577 0.4587146063535911 0.9244072283609577 0.4540386164825046 0.9222490791896868 0.4529595418968692 0.9035451197053407 0.4508013927255985 0.8913156077348066
0 0.584606641344383 0.6762200736648251 0.5860454074585636 0.6575161141804788 0.5932392380294659 0.6575161141804788 0.5964764617863719 0.6467253683241252 0.5957570787292817 0.6366540055248618 0.59072139732965 0.6201081952117863 0.5918004719152855 0.6085980662983425 0.5953973872007366 0.6021236187845304 0.6011524516574586 0.6035623848987108 0.6043896754143646 0.6179500460405156 0.6079865906998158 0.6337764732965009 0.6148207297421732 0.6438478360957642 0.6184176450276243 0.6496029005524862 0.623453326427256 0.6575161141804788 0.6270502417127072 0.6683068600368324 0.623453326427256 0.6755006906077349 0.6184176450276243 0.6762200736648251 0.6155401127992634 0.6683068600368324 0.6112238144567219 0.6661487108655617 0.6043896754143646 0.6675874769797422 0.6022315262430938 0.6690262430939226 0.5971958448434622 0.6704650092081031
0 0.5849663328729281 0.6805363720073664 0.5932392380294659 0.6805363720073664 0.5986346109576427 0.679097605893186 0.6022315262430938 0.6798169889502762 0.6061881330570903 0.6862914364640883 0.6090656652854513 0.6870108195211787 0.6119431975138122 0.6848526703499079 0.6158998043278084 0.681975138121547 0.6205757941988951 0.6834139042357275 0.6205757941988951 0.6884495856353591 0.6166191873848986 0.6956434162062615 0.6123028890423573 0.7021178637200737 0.6076268991712707 0.7049953959484346 0.60546875 0.7085923112338858 0.6047493669429097 0.7143473756906077 0.602591217771639 0.7236993554327809 0.6007927601289135 0.7294544198895028 0.5989943024861878 0.730173802946593 0.5946780041436465 0.7265768876611417 0.5928795465009208 0.7114698434622467 0.5918004719152855 0.7028372467771639 0.5896423227440147 0.6949240331491713 0.5882035566298343 0.69132711786372
0 0.6187773365561694 0.712189226519337 0.6252517840699815 0.7064341620626151 0.6335246892265193 0.7028372467771639 0.6382006790976059 0.7028372467771639 0.6457542011970534 0.7064341620626151 0.650789882596685 0.7064341620626151 0.6525883402394107 0.7028372467771639 0.6522286487108656 0.69132711786372 0.6511495741252302 0.6783782228360957 0.6515092656537753 0.6711843922651933 0.6565449470534069 0.6632711786372008 0.6612209369244936 0.6575161141804788 0.6662566183241252 0.6510416666666666 0.6651775437384898 0.6409703038674033 0.6601418623388582 0.640250920810313 0.6543867978821363 0.6438478360957642 0.6471929673112339 0.6460059852670349 0.6389200621546961 0.6467253683241252 0.6310068485267034 0.6488835174953959 0.6288486993554327 0.6539191988950276 0.629208390883978 0.66111302946593 0.6302874654696132 0.6661487108655617 0.629568082412523 0.6733425414364641 0.6274099332412523 0.6776588397790055 0.6252517840699815 0.6855720534069981 0.6230936348987108 0.6927658839779006 0.6209354857274402 0.6978015653775321
0 0.6040299838858195 0.7697398710865562 0.6036702923572744 0.7582297421731123 0.6040299838858195 0.7431226979742173 0.6051090584714548 0.7388063996316759 0.614461038213628 0.7359288674033149 0.6194967196132596 0.7366482504604052 0.6230936348987108 0.7337707182320442 0.6259711671270718 0.7280156537753223 0.6284890078268877 0.7236993554327809 0.6335246892265193 0.7201024401473296 0.6364022214548802 0.7201024401473296 0.6399991367403315 0.7251381215469613 0.6407185197974218 0.7323319521178636 0.6378409875690608 0.7424033149171271 0.6335246892265193 0.75103591160221 0.6317262315837937 0.7618266574585636 0.6277696247697974 0.772617403314917 0.6274099332412523 0.7848469152854513 0.6299277739410681 0.7949182780847145 0.6299277739410681 0.8013927255985266 0.6284890078268877 0.8057090239410681 0.6223742518416205 0.8049896408839778 0.6130222720994475 0.802112108655617 0.6065478245856354 0.802112108655617 0.6043896754143646 0.7941988950276243 0.6036702923572744 0.7855662983425414
0 0.15045896639042358 0.6431284530386739 0.15549464779005526 0.6409703038674033 0.16053032918968693 0.6438478360957642 0.16808385128913442 0.6409703038674033 0.17132107504604052 0.6481641344383057 0.1745582988029466 0.669745626151013 0.17204045810313076 0.6805363720073664 0.16448693600368325 0.6855720534069981 0.15873187154696133 0.6891689686924494 0.1562140308471455 0.6956434162062615 0.1580124884898711 0.7100310773480664 0.17024200046040516 0.7129086095764272 0.1752776818600368 0.7042760128913444 0.1824715124309392 0.6949240331491713 0.1857087361878453 0.6848526703499079 0.18678781077348064 0.6755006906077349 0.19110410911602208 0.6683068600368324 0.196859173572744 0.6596742633517495 0.19973670580110495 0.6474447513812155 0.2026142380294659 0.658235497237569 0.20333362108655617 0.6805363720073664 0.2076499194290976 0.6992403314917127 0.2076499194290976 0.709311694290976 0.20549177025782686 0.7236993554327809 0.2022545465009208 0.7308931860036832 0.1947010244014733 0.7251381215469613 0.19218318370165746 0.7208218232044198 0.18462966160220995 0.724418738489871 0.18139243784530387 0.7409645488029466 0.17815521408839777 0.7460002302025782 0.17779552255985268 0.7553522099447513 0.17779552255985268 0.760387891344383 0.17347922421731124 0.7697398710865562 0.16880323434622468 0.7704592541436464 0.16304816988950277 0.7683011049723757 0.15909156307550645 0.7582297421731123 0.1526171155616943 0.7395257826887661 0.14973958333333334 0.7323319521178636 0.15009927486187846 0.6956434162062615 0.15009927486187846 0.6661487108655617
0 0.18534904465930016 0.7373676335174953 0.18894595994475138 0.7445614640883979 0.1893056514732965 0.7359288674033149 0.19002503453038674 0.7272962707182321 0.1857087361878453 0.7280156537753223
0 0.20117547191528548 0.6395315377532228 0.20621115331491713 0.6265826427255985 0.21196621777163904 0.6172306629834253 0.21376467541436464 0.6179500460405156 0.21628251611418048 0.6222663443830571 0.21808097375690608 0.6337764732965009 0.21951973987108656 0.6452866022099447 0.2220375805709024 0.6531998158379374 0.22671357044198895 0.6690262430939226 0.2292314111418048 0.6805363720073664 0.2295911026703499 0.6898883517495396 0.22671357044198895 0.697082182320442 0.22419572974217314 0.7049953959484346 0.22131819751381218 0.7201024401473296 0.21844066528545122 0.730173802946593 0.21412436694290973 0.7388063996316759 0.21052745165745856 0.7344901012891344 0.21052745165745856 0.7229799723756906 0.21124683471454878 0.7114698434622467 0.21016776012891344 0.6963627992633518 0.2076499194290976 0.6862914364640883 0.20621115331491713 0.6776588397790055 0.20513207872928177 0.6668680939226519 0.20513207872928177 0.6539191988950276
0 0.2259941873848987 0.7157861418047883 0.23031048572744015 0.7157861418047883 0.23426709254143643 0.7201024401473296 0.23534616712707182 0.7251381215469613 0.23210894337016574 0.7258575046040515 0.2277926450276243 0.7236993554327809
0 0.5015178982504603 0.8193773020257827 0.5043954304788213 0.8035508747697974 0.5083520372928176 0.7898825966850828 0.5148264848066298 0.7783724677716389 0.521660623848987 0.7740561694290976 0.5295738374769797 0.7546328268876611 0.5371273595764272 0.7438420810313074 0.5403645833333334 0.7409645488029466 0.5450405732044199 0.7539134438305709 0.5493568715469613 0.7639848066298343 0.5554716275322283 0.7690204880294659 0.5569103936464088 0.7747755524861878 0.554392552946593 0.7992345764272559 0.5529537868324125 0.8129028545119704 0.5540328614180479 0.8330455801104972 0.5536731698895028 0.8474332412523019 0.5525940953038674 0.8567852209944751 0.5471987223756906 0.8582239871086556 0.5407242748618785 0.8661372007366482 0.5360482849907918 0.8646984346224676 0.5302932205340699 0.8589433701657457 0.5227396984346224 0.8553464548802947 0.5177040170349908 0.8582239871086556 0.5137474102209945 0.8539076887661142 0.5105101864640884 0.8467138581952117 0.5058341965930019 0.8359231123388581
0 0.5561910105893185 0.8193773020257827 0.5587088512891344 0.8049896408839778 0.5608670004604052 0.7913213627992634 0.5641042242173112 0.7848469152854513 0.5698592886740331 0.7798112338858195 0.572377129373849 0.7790918508287293 0.5759740446593001 0.7927601289134438 0.5759740446593001 0.8042702578268877 0.57525466160221 0.8150610036832412 0.575614353130755 0.8272905156537753 0.5763337361878452 0.8344843462246777 0.5763337361878452 0.8388006445672191 0.5748949700736649 0.8531883057090238 0.5727368209023941 0.8618209023941068 0.5684205225598526 0.8704534990791896 0.5644639157458563 0.8697341160220994 0.5605073089318601 0.8582239871086556 0.5594282343462247 0.8481526243093923 0.5587088512891344 0.8337649631675874
0 0.4907271523941068 0.9035451197053407 0.49216591850828734 0.8891574585635359 0.494324067679558 0.8790860957642725 0.5004388236648251 0.8783667127071824 0.5097908034069981 0.8754891804788213 0.5148264848066298 0.8733310313075506 0.5177040170349908 0.8826830110497238 0.5177040170349908 0.8992288213627991 0.5166249424493554 0.913616482504604 0.5112295695211786 0.9272847605893185 0.5069132711786372 0.9373561233885819 0.5025969728360957 0.9222490791896868 0.49756129143646405 0.9164940147329649 0.49216591850828734 0.910738950276243
0 0.5324513697053407 0.9085808011049723 0.5306529120626151 0.8956319060773481 0.5338901358195212 0.8877186924493553 0.5378467426335175 0.880524861878453 0.5436018070902394 0.8718922651933702 0.5489971800184162 0.8668565837937385 0.5540328614180479 0.8718922651933702 0.5551119360036832 0.8941931399631676 0.5547522444751382 0.9042645027624309 0.5525940953038674 0.9179327808471455 0.5475584139042357 0.9301622928176796 0.5414436579189686 0.9287235267034991 0.5360482849907918 0.9179327808471455
0 0.5457599562615101 0.9395142725598525 0.5529537868324125 0.9416724217311234 0.5601476174033149 0.9409530386740331 0.5691399056169429 0.9409530386740331 0.5705786717311233 0.9359173572744015 0.5644639157458563 0.9208103130755064 0.5626654581031307 0.9157746316758747 0.5572700851749539 0.9200909300184161 0.5529537868324125 0.9287235267034991
0 0.6518689571823204 0.5345016114180479 0.6601418623388582 0.5273077808471455 0.6666163098526704 0.5294659300184162 0.6666666666666666 0.5402566758747698 0.6666666666666666 0.5539249539594843 0.6666666666666666 0.558960635359116 0.6666666666666666 0.5582412523020258 0.6666666666666666 0.5517668047882136 0.6666666666666666 0.5352209944751382 0.6666666666666666 0.5352209944751382 0.6666666666666666 0.5431342081031307 0.6666666666666666 0.5582412523020258 0.6666666666666666 0.574067679558011 0.6666666666666666 0.5855778084714548 0.6666666666666666 0.5769452117863719 0.6666666666666666 0.5783839779005525 0.6662566183241252 0.5841390423572744 0.6633790860957642 0.5819808931860037 0.6619403199815838 0.5726289134438306 0.6615806284530387 0.5582412523020258 0.6561852555248618 0.546731123388582
0 0.629568082412523 0.507884438305709 0.6349634553406999 0.5157976519337016 0.6453945096685083 0.5129201197053407 0.6543867978821363 0.5064456721915286 0.6651775437384898 0.502129373848987 0.6666666666666666 0.4963743093922652 0.6666666666666666 0.487022329650092 0.6666666666666666 0.47910911602209943 0.6666666666666666 0.4668796040515653 0.6666666666666666 0.4452981123388582 0.6666666666666666 0.4330686003683241 0.6666666666666666 0.4309104511970534 0.6658969267955801 0.43378798342541436 0.6637387776243094 0.44961441068139957 0.6554658724677717 0.46328268876611417 0.6529480317679558 0.47767034990791896 0.6471929673112339 0.4812672651933701 0.6432363604972375 0.4891804788213628 0.6371216045119705 0.49925184162062614
0 0.6666666666666666 0.4762315837937385 0.6666666666666666 0.4855835635359116 0.6666666666666666 0.49925184162062614 0.6666666666666666 0.5122007366482505 0.6666666666666666 0.5201139502762431 0.6666666666666666 0.5143588858195212 0.6666666666666666 0.49925184162062614 0.6666666666666666 0.48846109576427255
0 0.6666666666666666 0.4661602209944751 0.6666666666666666 0.4532113259668508 0.6666666666666666 0.43810428176795574 0.6666666666666666 0.4251553867403315 0.6666666666666666 0.4215584714548803 0.6666666666666666 0.4258747697974217 0.6666666666666666 0.4402624309392265 0.6666666666666666 0.4611245395948434 0.6666666666666666 0.4755122007366482 0.6666666666666666 0.48486418047882135 0.6666666666666666 0.4949355432780847 0.6666666666666666 0.5028487569060773 0.6666666666666666 0.5042875230202578 0.6666666666666666 0.5122007366482505 0.6666666666666666 0.5136395027624309 0.6666666666666666 0.5064456721915286 0.6666666666666666 0.4963743093922652 0.6666666666666666 0.48630294659300183 0.6666666666666666 0.4755122007366482
0 0.40727871777163904 0.14819290976058933 0.41770977209944754 0.14891229281767956 0.4263423687845304 0.15035105893186004 0.4302989755985267 0.15250920810313076 0.4320974332412523 0.16186118784530387 0.42921990101289137 0.1733713167587477 0.43137805018416203 0.1805651473296501 0.4353346569981584 0.186320211786372 0.43785249769797424 0.18703959484346225 0.44288817909760586 0.17481008287292818 0.44900293508287287 0.16114180478821363 0.4529595418968692 0.14819290976058933 0.4558370741252302 0.13740216390423574 0.44936262661141807 0.13020833333333334 0.4536789249539595 0.12013697053406998 0.4558370741252302 0.11294313996316759 0.452240158839779 0.10502992633517495 0.44252848756906077 0.11078499079189687 0.43749280616942904 0.1151012891344383 0.43389589088397784 0.12157573664825046 0.42957959254143646 0.12517265193370167 0.42382452808471455 0.12373388581952117 0.4159113144567219 0.12085635359116022 0.4133934737569061 0.13236648250460406
0 0.4065593347145488 0.17552946593001842 0.4079981008287293 0.16545810313075507 0.4141128568139963 0.16186118784530387 0.42166637891344383 0.15898365561694291 0.42778113489871084 0.15754488950276244 0.425263294198895 0.16545810313075507 0.42130668738489874 0.16905501841620627 0.41806946362799263 0.17552946593001842 0.4155516229281768 0.18128453038674033 0.41159501611418053 0.18488144567219153
0 0.4205873043278085 0.08560658379373849 0.41735008057090245 0.07409645488029466 0.4166306975138121 0.06690262430939227 0.4205873043278085 0.05611187845303867 0.4220260704419889 0.04532113259668508 0.4205873043278085 0.03524976979742173 0.4220260704419889 0.029494705340699815 0.4259826772559852 0.0237396408839779 0.4346152739410682 0.019423342541436465 0.43821218922651933 0.022300874769797422 0.4414494129834254 0.032372237569060776 0.4479238604972376 0.03596915285451197 0.4536789249539595 0.042443600368324126 0.4554773825966851 0.04891804788213628 0.4561967656537753 0.06834139042357275 0.4543983080110497 0.08344843462246777 0.452240158839779 0.09423918047882136 0.4508013927255985 0.102152394106814 0.4443269452117864 0.10431054327808471 0.43929126381215466 0.10718807550644567 0.4353346569981584 0.10071362799263352 0.4302989755985267 0.0913616482504604
0 0.4749007251381216 0.10431054327808471 0.4788573319521179 0.07913213627992634 0.4846123964088398 0.06258632596685083 0.48964807780847147 0.05683126151012891 0.49180622697974213 0.06762200736648251 0.49828067449355434 0.05827002762430939 0.503316355893186 0.05827002762430939 0.5069132711786372 0.07265768876611418 0.5069132711786372 0.08560658379373849 0.5097908034069981 0.10143301104972376 0.5097908034069981 0.12661141804788215 0.5083520372928176 0.1438766114180479 0.5083520372928176 0.15970303867403315 0.5079923457642725 0.17552946593001842 0.5083520372928176 0.18128453038674033 0.5054745050644567 0.18703959484346225 0.5011582067219152 0.1899171270718232 0.49720159990791896 0.1877589779005525 0.49180622697974213 0.18200391344383057 0.4871302371086556 0.17265193370165746 0.48425270488029465 0.15826427255985268 0.4813751726519337 0.13812154696132597 0.4799364065377532 0.12661141804788215
0 0.512308644106814 0.09351979742173112 0.5195024746777164 0.08344843462246777 0.5281350713627992 0.07625460405156538 0.5331707527624309 0.0748158379373849 0.5418033494475137 0.0784127532228361 0.5471987223756906 0.0820096685082873 0.5518747122467772 0.09423918047882136 0.551515020718232 0.11366252302025782 0.5533134783609576 0.13236648250460406 0.5540328614180479 0.15826427255985268 0.5565507021178637 0.17049378453038674 0.5579894682320442 0.18560082872928177 0.5597879258747698 0.2028660220994475 0.5626654581031307 0.2208505985267035 0.5630251496316759 0.22876381215469613 0.5561910105893185 0.23092196132596685 0.5511553291896869 0.23092196132596685 0.5436018070902394 0.23595764272559852 0.5371273595764272 0.237396408839779 0.5346095188766115 0.23164134438305709 0.5342498273480663 0.22372813075506445 0.527415688305709 0.21581491712707182 0.5248978476058932 0.20934046961325967 0.5263366137200737 0.19279465930018416 0.5230993899631676 0.1827232965009208 0.5177040170349908 0.1676162523020258 0.5148264848066298 0.153228591160221 0.5133877186924494 0.1438766114180479 0.5119489525782689 0.13164709944751382 0.512308644106814 0.11725943830570902 0.5115892610497238 0.10431054327808471
0 0.5338901358195212 0.2409933241252302 0.5403645833333334 0.24027394106813996 0.545400264732965 0.24027394106813996 0.551515020718232 0.23667702578268876 0.5529537868324125 0.2467483885819521 0.5561910105893185 0.252503453038674 0.5623057665745856 0.2539422191528545 0.5651832988029466 0.25466160220994477 0.569499597145488 0.26113604972375687 0.5741755870165746 0.26185543278084716 0.5795709599447514 0.26329419889502764 0.581369417587477 0.27048802946593004 0.5795709599447514 0.2841563075506445 0.5799306514732965 0.2942276703499079 0.5777725023020258 0.2985439686924493 0.57525466160221 0.3042990331491712 0.5738158954880295 0.3129316298342541 0.5727368209023941 0.32300299263351745 0.5702189802025782 0.3280386740331492 0.5655429903314917 0.3251611418047882 0.5626654581031307 0.3201254604051565 0.5579894682320442 0.30861533149171266 0.551515020718232 0.3050184162062615 0.5489971800184162 0.2935082872928177 0.5464793393186004 0.28127877532228357 0.5446808816758747 0.2676104972375691 0.5414436579189686 0.2596972836095764 0.5360482849907918 0.2596972836095764 0.5349692104051565 0.2532228360957643
0 0.5626654581031307 0.19207527624309392 0.5623057665745856 0.17840699815837938 0.5590685428176795 0.15610612338858196 0.5590685428176795 0.14531537753222837 0.5702189802025782 0.15035105893186004 0.5795709599447514 0.15610612338858196 0.581369417587477 0.17409069981583794 0.5820888006445671 0.18847836095764273 0.5853260244014733 0.2079017034990792 0.5885632481583793 0.22228936464088397 0.5871244820441989 0.23308011049723756 0.5831678752302026 0.2445902394106814 0.5799306514732965 0.2481871546961326 0.5730965124309392 0.24530962246777163 0.5677011395027624 0.2302025782688766 0.5644639157458563 0.2136567679558011 0.5630251496316759 0.19926910681399632
0 0.584606641344383 0.18847836095764273 0.5853260244014733 0.18200391344383057 0.5882035566298343 0.18200391344383057 0.5939586210865562 0.19135589318600368 0.5979152279005525 0.20502417127071823 0.5957570787292817 0.21437615101289134 0.5892826312154696 0.20934046961325967 0.5856857159300184 0.19567219152854512
0 0.5781321938305709 0.0985554788213628 0.581729109116022 0.09208103130755065 0.5914407803867403 0.09351979742173112 0.5979152279005525 0.09567794659300184 0.6029509093001841 0.1186982044198895 0.608346282228361 0.13812154696132597 0.6112238144567219 0.15178982504604052 0.6162594958563535 0.15754488950276244 0.6238130179558011 0.1640193370165746 0.6248920925414364 0.17049378453038674 0.6198564111418048 0.17840699815837938 0.611583505985267 0.18488144567219153 0.6069075161141805 0.19495280847145488 0.6040299838858195 0.20502417127071823 0.6000733770718232 0.19926910681399632 0.5979152279005525 0.1877589779005525 0.593598929558011 0.17552946593001842 0.5882035566298343 0.16689686924493555 0.5842469498158379 0.1496316758747698 0.581369417587477 0.13596339779005526 0.5795709599447514 0.12445326887661141 0.5781321938305709 0.11006560773480663
0 0.5655429903314917 0.08704534990791897 0.5641042242173112 0.07409645488029466 0.5669817564456722 0.06546385819521179 0.572377129373849 0.06546385819521179 0.5741755870165746 0.07337707182320442 0.5738158954880295 0.08776473296500921 0.5712980547882136 0.09567794659300184
0 0.5043954304788213 0.027336556169429097 0.5036760474217311 0.022300874769797422 0.5083520372928176 0.010790745856353591 0.5133877186924494 0.0014387661141804788 0.5234590814917127 0.0013020833333333333 0.5281350713627992 0.0013020833333333333 0.5230993899631676 0.017984576427255986 0.5202218577348067 0.02589779005524862 0.51554586786372 0.033091620626151015 0.5108698779926335 0.033811003683241254
0 0.5374870511049724 0.0021581491712707184 0.5331707527624309 0.014387661141804788 0.5320916781767956 0.030214088397790054 0.5353289019337016 0.05035681399631676 0.5389258172191528 0.06258632596685083 0.5457599562615101 0.06906077348066299 0.5533134783609576 0.06906077348066299 0.5594282343462247 0.06690262430939227 0.5522344037753223 0.05683126151012891 0.548637488489871 0.04604051565377532 0.5493568715469613 0.033091620626151015 0.5529537868324125 0.02445902394106814 0.5619460750460404 0.020142725598526704 0.5637445326887661 0.014387661141804788 0.5590685428176795 0.010790745856353591 0.5554716275322283 0.005755064456721915 0.5497165630755064 0.0013020833333333333 0.5439614986187845 0.0014387661141804788
0 0.5522344037753223 0.04675989871086556 0.5518747122467772 0.034530386740331494 0.554392552946593 0.029494705340699815 0.5623057665745856 0.0237396408839779 0.5680608310313076 0.022300874769797422 0.57525466160221 0.021581491712707183 0.5795709599447514 0.02302025782688766 0.5792112684162062 0.03812730202578269 0.5766934277163904 0.052514963167587476 0.572377129373849 0.05970879373848987 0.5669817564456722 0.05898941068139963 0.5630251496316759 0.06186694290976059 0.5576297767034991 0.05683126151012891
0 0.5993539940147329 0.0013020833333333333 0.6108641229281767 0.0013020833333333333 0.6209354857274402 0.0013020833333333333 0.6313665400552486 0.0013020833333333333 0.6328053061694291 0.004316298342541437 0.6302874654696132 0.020862108655616943 0.6306471569981583 0.03884668508287293 0.6331649976979742 0.052514963167587476 0.63568283839779 0.06690262430939227 0.6382006790976059 0.07625460405156538 0.6378409875690608 0.08704534990791897 0.6367619129834253 0.09423918047882136 0.6328053061694291 0.0985554788213628 0.6284890078268877 0.08920349907918969 0.6256114755985267 0.07553522099447514 0.6202161026703499 0.07337707182320442 0.6137416551565377 0.07193830570902394 0.6108641229281767 0.06258632596685083 0.6112238144567219 0.05755064456721915 0.614461038213628 0.053953729281767955 0.6180579534990792 0.03884668508287293 0.6180579534990792 0.032372237569060776 0.6180579534990792 0.02517840699815838 0.6194967196132596 0.016545810313075508 0.6166191873848986 0.009351979742173113 0.611583505985267 0.006474447513812155 0.6069075161141805 0.007913213627992634
0 0.584606641344383 0.2668911141804788 0.5921601634438306 0.2726461786372007 0.5961167702578268 0.285595073664825 0.5964764617863719 0.3042990331491712 0.6004330686003684 0.3208448434622468 0.6101447398710865 0.3194060773480663 0.6123028890423573 0.3258805248618784 0.6101447398710865 0.3352325046040516 0.60546875 0.34314571823204415 0.5975555363720074 0.3524976979742173 0.5914407803867403 0.35825276243093923 0.5896423227440147 0.36400782688766115 0.5831678752302026 0.3654465930018416 0.57525466160221 0.3596915285451197 0.5709383632596685 0.3453038674033149 0.5727368209023941 0.33882941988950277 0.5802903430018417 0.3258805248618784 0.5810097260589319 0.3078959484346225 0.5824484921731123 0.2985439686924493 0.5835275667587477 0.285595073664825
0 0.5781321938305709 0.7884438305709024 0.5860454074585636 0.7805306169429097 0.5928795465009208 0.7776530847145487 0.5932392380294659 0.7870050644567219 0.587484173572744 0.7956376611418047 0.5820888006445671 0.7999539594843462 0.5781321938305709 0.802112108655617
0 0.27958822513812154 0.7402451657458563 0.2846239065377532 0.724418738489871 0.2857029811233886 0.712189226519337 0.2882208218232044 0.7085923112338858 0.2914580455801105 0.7265768876611417 0.29613403545119704 0.7280156537753223 0.2993712592081031 0.7208218232044198 0.3044069406077348 0.7078729281767956 0.3083635474217311 0.703556629834254 0.31843491022099446 0.7107504604051565 0.32706750690607733 0.7143473756906077 0.3285062730202578 0.7222605893186004 0.32706750690607733 0.7308931860036832 0.31843491022099446 0.7337707182320442 0.3116007711786372 0.7380870165745855 0.3058457067219153 0.745280847145488 0.30152940837937386 0.7531940607734806 0.3040472490791897 0.7690204880294659 0.30692478130755063 0.7819693830570902 0.3116007711786372 0.7891632136279926 0.30548601519337015 0.7906019797421732 0.2950549608655617 0.7884438305709024 0.2907386625230202 0.7913213627992634 0.28678205570902393 0.7941988950276243 0.2846239065377532 0.7798112338858195 0.28318514042357273 0.760387891344383 0.2835448319521179 0.7467196132596685
0 0.28642236418047884 0.8006733425414364 0.292896811694291 0.7985151933701657 0.3000906422651934 0.7963570441988951 0.3072844728360958 0.7970764272559853 0.3155573779926335 0.7985151933701657 0.3205930593922652 0.8006733425414364 0.32347059162062614 0.8049896408839778 0.3241899746777164 0.81146408839779 0.31591706952117865 0.8129028545119704 0.30872323895027626 0.8129028545119704 0.3044069406077348 0.8164997697974217 0.3026084829650092 0.8229742173112339 0.29793249309392267 0.8287292817679558 0.29253712016574585 0.8272905156537753 0.28786113029465926 0.8193773020257827 0.28642236418047884 0.8100253222836096
0 0.3058457067219153 0.760387891344383 0.3133992288213628 0.763265423572744 0.31735583563535913 0.7560715930018417 0.3187946017495396 0.7467196132596685 0.3241899746777164 0.7424033149171271 0.33066442219152853 0.7409645488029466 0.3331822628913444 0.7517552946593001 0.33282257136279925 0.7697398710865562 0.332103188305709 0.7884438305709024 0.3331822628913444 0.8064284069981583 0.33282257136279925 0.8186579189686923 0.32778688996316757 0.8164997697974217 0.32670781537753224 0.8057090239410681 0.3245496662062615 0.7985151933701657 0.31843491022099446 0.7927601289134438 0.3151976864640884 0.7906019797421732 0.31267984576427255 0.7848469152854513 0.31016200506445674 0.7790918508287293 0.30764416436464087 0.7711786372007366
0 0.15117834944751382 0.9452693370165745 0.15693341390423574 0.9625345303867402 0.1619690953038674 0.9718865101289134 0.1652063190607735 0.9790803406998158 0.17204045810313076 0.9776415745856353 0.17743583103130756 0.9762028084714549 0.1835505870165746 0.9762028084714549 0.18678781077348064 0.9941873848987108 0.1871475023020258 0.9977843001841621 0.17707613950276244 0.9963455340699815 0.16988230893186004 0.9985036832412523 0.16716304097605836 0.9986979166666666 0.15513495626151014 0.9963455340699815 0.15369619014732966 0.9898710865561694 0.15585433931860038 0.9848354051565377 0.1526171155616943 0.9797997237569059 0.15045896639042358 0.9697283609576427
0 0.1508186579189687 0.7460002302025782 0.15837218001841621 0.7668623388581951 0.16448693600368325 0.7769337016574586 0.1752776818600368 0.772617403314917 0.1821118209023941 0.7647041896869244 0.18678781077348064 0.7611072744014732 0.1929025667587477 0.7683011049723757 0.1925428752302026 0.78125 0.18678781077348064 0.7898825966850828 0.1767164479742173 0.7898825966850828 0.16664508517495397 0.7941988950276243 0.16053032918968693 0.7992345764272559 0.15765279696132597 0.8064284069981583 0.14973958333333334 0.8236936003683241 0.15009927486187846 0.7762143186003683 0.15045896639042358 0.757510359116022
0 0.18426997007366483 0.7985151933701657 0.1925428752302026 0.8013927255985266 0.20153516344383057 0.8100253222836096 0.20333362108655617 0.8215354511970534 0.2036933126151013 0.8316068139963168 0.2072902279005525 0.8337649631675874 0.21160652624309392 0.817219152854512 0.21736159069981584 0.81146408839779 0.22419572974217314 0.8121834714548802 0.22851202808471452 0.8129028545119704 0.22671357044198895 0.8272905156537753 0.2274329534990792 0.8445557090239411 0.2270732619705341 0.8611015193370166 0.2259941873848987 0.8690147329650092 0.21772128222836096 0.8718922651933702 0.20800961095764273 0.8754891804788213 0.20153516344383057 0.8819636279926334 0.19793824815837938 0.9021063535911602 0.19398164134438303 0.910738950276243 0.18642811924493555 0.9114583333333334 0.18067305478821363 0.9179327808471455 0.1799536717311234 0.9093001841620626 0.1752776818600368 0.9100195672191528 0.16988230893186004 0.9121777163904236 0.17096138351749537 0.8898768416206262 0.17060169198895028 0.865417817679558 0.17240014963167585 0.8467138581952117 0.17779552255985268 0.8531883057090238 0.18426997007366483 0.8560658379373849 0.18786688535911603 0.8452750920810312 0.1896653430018416 0.829448664825046 0.18822657688766112 0.8150610036832412
0 0.1835505870165746 0.9423918047882136 0.18642811924493555 0.9294429097605893 0.18642811924493555 0.9179327808471455 0.19326225828729282 0.9157746316758747 0.19865763121546962 0.9078614180478821 0.20297392955801105 0.8970706721915285 0.205851461786372 0.8891574585635359 0.21016776012891344 0.883402394106814 0.21556313305709027 0.883402394106814 0.22419572974217314 0.883402394106814 0.2295911026703499 0.8826830110497238 0.22995079419889505 0.8891574585635359 0.22563449585635356 0.8992288213627991 0.223836038213628 0.913616482504604 0.223836038213628 0.9251266114180479 0.22059881445672191 0.9330398250460404 0.21808097375690608 0.9366367403314917 0.2170018991712707 0.9452693370165745 0.21736159069981584 0.9553406998158379 0.21951973987108656 0.96181514732965 0.21987943139963165 0.9711671270718232 0.21448405847145488 0.9797997237569059 0.21088714318600368 0.9841160220994475 0.20908868554327809 0.9891517034990791 0.20621115331491713 0.9970649171270719 0.20485032036525477 0.9986979166666666 0.19542040745856357 0.9986979166666666 0.19038472605893186 0.9985036832412523 0.18786688535911603 0.9869935543278084 0.1857087361878453 0.9754834254143646 0.18534904465930016 0.96181514732965 0.18498935313075507 0.952463167587477
0 0.5889607279693486 0.26340996168582376 0.5964439655172414 0.2461985153256705 0.6024305555555556 0.24021192528735633 0.6069204980842912 0.2409602490421456 0.6102879549808429 0.24994013409961688 0.6110362787356322 0.2626616379310345 0.612158764367816 0.2731381704980843 0.6117846024904214 0.2828663793103448 0.6087913074712644 0.2903496168582375 0.6020563936781609 0.2896012931034483 0.5994372605363985 0.2866079980842912 0.5960698036398467 0.2746348180076628 0.5930765086206896 0.26565493295019155
0 0.6020563936781609 0.23123204022988506 0.600933908045977 0.21776221264367815 0.6020563936781609 0.21177562260536398 0.6076688218390804 0.20803400383141765 0.6166487068965517 0.20429238505747127 0.624506106321839 0.20728568007662837 0.6278735632183908 0.21177562260536398 0.6282477250957854 0.2192588601532567 0.6237577825670498 0.22449712643678163 0.6200161637931034 0.22973539272030652 0.6196420019157088 0.23946360153256704 0.6230094588122606 0.24769516283524906 0.6248802681992337 0.2604166666666667 0.6237577825670498 0.27014487547892724 0.626751077586207 0.2813697318007663 0.6334859913793104 0.2813697318007663 0.63909841954023 0.2746348180076628 0.6432142001915709 0.26490660919540227 0.6458333333333334 0.25742337164750956 0.6518199233716475 0.25742337164750956 0.6525682471264368 0.2686482279693487 0.6518199233716475 0.2881046455938697 0.6499491139846744 0.30681273946360155 0.6447108477011494 0.32028256704980845 0.6405950670498084 0.3240241858237548 0.6323635057471264 0.31654094827586204 0.6222611350574713 0.313547653256705 0.6151520593869731 0.30830938697318006 0.612158764367816 0.30157447318007663 0.6129070881226054 0.288852969348659 0.6159003831417624 0.27687978927203066 0.6177711925287356 0.2604166666666667 0.612158764367816 0.2432052203065134 0.6069204980842912 0.23198036398467434
0 0.5964439655172414 0.0830639367816092 0.5964439655172414 0.07183908045977012 0.5983147749042146 0.05986590038314176 0.6031788793103449 0.059117576628352486 0.6095396312260536 0.07183908045977012 0.6140295737547893 0.08007064176245211 0.6185195162835249 0.08381226053639847 0.6218869731800766 0.09728208812260536 0.6226352969348659 0.11000359195402298 0.621512811302682 0.11599018199233717 0.6166487068965517 0.1152418582375479 0.6129070881226054 0.11973180076628352 0.609165469348659 0.12347341954022989 0.6057980124521073 0.11823515325670497 0.6028047174329502 0.10027538314176244
0 0.6095396312260536 0.12871168582375478 0.6159003831417624 0.126466714559387 0.6207644875478927 0.12122844827586206 0.6252544300766284 0.11973180076628352 0.630866858237548 0.13095665708812262 0.6319893438697318 0.1414331896551724 0.6301185344827586 0.15639966475095787 0.62862188697318 0.16088960727969348 0.624506106321839 0.15639966475095787 0.6192678400383141 0.1526580459770115 0.6136554118773946 0.14667145593869732 0.6117846024904214 0.1361949233716475
0 0.6319893438697318 0.10850694444444443 0.6383500957854406 0.10102370689655173 0.642091714559387 0.08680555555555557 0.6454591714559387 0.08979885057471265 0.6518199233716475 0.09877873563218391 0.6559357040229885 0.11150023946360153 0.6589289990421455 0.12122844827586206 0.6581806752873564 0.1361949233716475 0.6574323515325671 0.15116139846743296 0.6559357040229885 0.16014128352490423 0.6473299808429119 0.16014128352490423 0.6413433908045977 0.15864463601532566 0.6383500957854406 0.14292983716475097 0.6357309626436781 0.13170498084291188 0.632737667624521 0.1204801245210728
0 0.6454591714559387 0.2222521551724138 0.6465816570881225 0.19680914750957854 0.650323275862069 0.17735272988505746 0.6559357040229885 0.17061781609195403 0.6626706178160919 0.1661278735632184 0.6666666666666666 0.17286278735632185 0.6666666666666666 0.18558429118773945 0.6666666666666666 0.1983057950191571 0.6666666666666666 0.20953065134099616 0.6666666666666666 0.21476891762452108 0.6666666666666666 0.22524545019157086 0.6666666666666666 0.23721863026819923 0.6666666666666666 0.2521851053639847 0.6666666666666666 0.26565493295019155 0.6666666666666666 0.280621408045977 0.6666666666666666 0.2881046455938697 0.6666666666666666 0.2948395593869732 0.6637931034482759 0.28585967432950193 0.6607998084291188 0.2686482279693487 0.6570581896551724 0.2417085727969349 0.6563098659003831 0.22823874521072796 0.6600514846743295 0.22000718390804597 0.6600514846743295 0.21027897509578544 0.6548132183908045 0.20429238505747127 0.6529424090038314 0.2005507662835249 0.6492007902298851 0.20878232758620688 0.6492007902298851 0.22150383141762453
0 0.6666666666666666 0.17585608237547892 0.6666666666666666 0.17211446360153257 0.6666666666666666 0.1631345785440613 0.6666666666666666 0.15116139846743296 0.6666666666666666 0.13843989463601533 0.6666666666666666 0.12871168582375478 0.6666666666666666 0.12272509578544061 0.6666666666666666 0.1204801245210728 0.6666666666666666 0.12422174329501916 0.6666666666666666 0.13320162835249041 0.6666666666666666 0.1361949233716475 0.6666666666666666 0.1496647509578544 0.6666666666666666 0.1661278735632184 0.6666666666666666 0.18109434865900384 0.6666666666666666 0.19680914750957854 0.6666666666666666 0.20204741379310345 0.6666666666666666 0.1953125 0.6666666666666666 0.18857758620689655 0.6666666666666666 0.19456417624521072 0.6666666666666666 0.21252394636015326 0.6666666666666666 0.20129909003831417 0.6666666666666666 0.1908225574712644
0 0.6666666666666666 0.27089319923371646 0.6666666666666666 0.26116499042145597 0.6666666666666666 0.25592672413793105 0.6666666666666666 0.25817169540229884 0.6666666666666666 0.26191331417624525 0.6666666666666666 0.26340996168582376 0.6666666666666666 0.27687978927203066 0.6666666666666666 0.28436302681992337 0.6666666666666666 0.29259458812260536 0.6666666666666666 0.29334291187739464 0.6666666666666666 0.28511135057471265
0 0.6405950670498084 0.3419839559386973 0.6469558189655172 0.33674568965517243 0.6559357040229885 0.34348060344827586 0.6585548371647509 0.3479705459770115 0.6600514846743295 0.3606920498084291 0.6649155890804598 0.3674269636015326 0.6666666666666666 0.37266522988505746 0.6652897509578544 0.3853867337164751 0.6630447796934865 0.398856561302682 0.6622964559386973 0.41082974137931033 0.6604256465517241 0.4272928639846743 0.6593031609195402 0.4392660440613027 0.6514457614942529 0.44076269157088127 0.6469558189655172 0.4362727490421456 0.6499491139846744 0.4205579501915709 0.6492007902298851 0.40035320881226055 0.6465816570881225 0.3966115900383142 0.6394725814176245 0.398856561302682 0.6353568007662835 0.3966115900383142 0.6316151819923371 0.3771551724137931 0.634982638888889 0.3651819923371648 0.6413433908045977 0.35769875478927204
0 0.6630447796934865 0.34946719348659006 0.6666666666666666 0.34048730842911873 0.6666666666666666 0.3315074233716475 0.6666666666666666 0.32477250957854403 0.6666666666666666 0.31504430076628354 0.6666666666666666 0.31504430076628354 0.6666666666666666 0.32851412835249044 0.6666666666666666 0.34048730842911873 0.6666666666666666 0.3449772509578544 0.6666666666666666 0.3427322796934866 0.6666666666666666 0.35171216475095785 0.6666666666666666 0.3651819923371648 0.6666666666666666 0.3711685823754789 0.6666666666666666 0.36667863984674326 0.6634189415708812 0.35769875478927204
0 0.6666666666666666 0.3883800287356322 0.6666666666666666 0.38089679118773945 0.6666666666666666 0.3734135536398468 0.6666666666666666 0.37042025862068967 0.6666666666666666 0.37191690613026823 0.6666666666666666 0.382393438697318 0.6666666666666666 0.390625 0.6666666666666666 0.3966115900383142 0.6666666666666666 0.4040948275862069 0.6666666666666666 0.4040948275862069 0.6666666666666666 0.40035320881226055
0 0.6666666666666666 0.34348060344827586 0.6666666666666666 0.3345007183908046 0.6666666666666666 0.32776580459770116 0.6666666666666666 0.3075610632183908 0.6666666666666666 0.29334291187739464 0.6666666666666666 0.2881046455938697 0.6666666666666666 0.2948395593869732 0.6666666666666666 0.30606441570881227 0.6666666666666666 0.32177921455938696 0.6666666666666666 0.3345007183908046 0.6666666666666666 0.3419839559386973 0.6666666666666666 0.34946719348659006 0.6666666666666666 0.3547054597701149 0.6666666666666666 0.3562021072796935 0.6666666666666666 0.3562021072796935 0.6666666666666666 0.3532088122605364
0 0.6666666666666666 0.3674269636015326 0.6666666666666666 0.3591954022988506 0.6666666666666666 0.3569504310344827 0.6666666666666666 0.36368534482758624 0.6666666666666666 0.3734135536398468 0.6666666666666666 0.3764068486590038 0.6666666666666666 0.3771551724137931 0.6666666666666666 0.37940014367816094 0.6666666666666666 0.38763170498084293 0.6666666666666666 0.3928699712643678 0.6666666666666666 0.3966115900383142 0.6666666666666666 0.407088122605364 0.6666666666666666 0.41756465517241376 0.6666666666666666 0.42355124521072796 0.6666666666666666 0.41457136015325674 0.6666666666666666 0.4138230363984674 0.6666666666666666 0.4190613026819923 0.6666666666666666 0.4310344827586207 0.6666666666666666 0.44300766283524906 0.6666666666666666 0.45348419540229884 0.6666666666666666 0.45722581417624525 0.6666666666666666 0.45348419540229884 0.6666666666666666 0.4549808429118774 0.6666666666666666 0.45722581417624525 0.6666666666666666 0.4355244252873563 0.6666666666666666 0.41531968390804597 0.6666666666666666 0.4078364463601532 0.6666666666666666 0.40035320881226055 0.6666666666666666 0.39212164750957856 0.6666666666666666 0.3771551724137931
0 0.22939116379310343 0.8471024904214559 0.23201029693486588 0.8254011015325671 0.23500359195402298 0.8201628352490422 0.2413643438697318 0.8194145114942528 0.2454801245210728 0.8336326628352491 0.24884758141762453 0.850095785440613 0.25333752394636017 0.8635656130268199 0.2559566570881226 0.8710488505747126 0.2608207614942529 0.8673072318007663 0.26493654214559387 0.8620689655172414 0.2705489703065134 0.866558908045977 0.26980064655172414 0.8740421455938697 0.2623174090038314 0.8867636494252874 0.25782746647509575 0.8890086206896552 0.2518408764367816 0.8845186781609194 0.24435763888888887 0.8837703544061303 0.2413643438697318 0.8882602969348659 0.23687440134099616 0.8860153256704981 0.23051364942528738 0.8785320881226054 0.2297653256704981 0.8590756704980843
0 0.26194324712643674 0.8949952107279694 0.2686781609195402 0.8845186781609194 0.2716714559386973 0.8807770593869731 0.2757872365900383 0.883022030651341 0.2802771791187739 0.8979885057471265 0.2858896072796935 0.9002334770114943 0.2944953304597701 0.8972401819923372 0.29898527298850575 0.8987368295019157 0.3060943486590038 0.9092133620689654 0.30871348180076624 0.9166965996168582 0.30721683429118773 0.9264248084291188 0.30534602490421453 0.9339080459770116 0.2959919779693487 0.9339080459770116 0.29823694923371646 0.9211865421455938 0.2903795498084291 0.9204382183908045 0.28065134099616856 0.9241798371647509 0.2724197796934866 0.9234315134099617 0.26643318965517243 0.9122066570881225
0 0.2215337643678161 0.9563577586206896 0.22490122126436782 0.9496228448275862 0.22826867816091956 0.9376496647509578 0.23275862068965517 0.9324113984674329 0.24099018199233715 0.9339080459770116 0.2499700670498084 0.9383979885057472 0.2518408764367816 0.9548611111111112 0.2499700670498084 0.9675826149425287 0.24360931513409959 0.9735692049808429 0.2353777538314176 0.9765625 0.23462943007662837 0.9825490900383143 0.23799688697318008 0.9960189176245211 0.23275862068965517 0.9982638888888888 0.22864284003831417 0.9945222701149424 0.2237787356321839 0.9758141762452107 0.22265625 0.9653376436781609
0 0.24622844827586207 0.9818007662835249 0.2570791427203065 0.9952705938697318 0.2605064655172413 0.9986979166666666 0.2671815134099617 0.9986979166666666 0.2735422653256705 0.9982638888888888 0.2769097222222222 0.9982638888888888 0.26792983716475094 0.9840457375478927 0.25446000957854403 0.9720725574712644 0.24884758141762453 0.9758141762452107
0 0.266807351532567 0.9735692049808429 0.2686781609195402 0.9608477011494253 0.2821479885057471 0.9503711685823756 0.29337284482758624 0.9488745210727969 0.30310105363984674 0.9548611111111112 0.30721683429118773 0.9586027298850576 0.3109584530651341 0.9705759099616859 0.31320342432950193 0.9780591475095785 0.31582255747126436 0.9773108237547893 0.3195641762452107 0.9870390325670498 0.3191900143678161 0.9982638888888888 0.3019785680076628 0.9982638888888888 0.2941660680076632 0.9986979166666666 0.28065134099616856 0.9960189176245211 0.27017480842911873 0.9803041187739464
0 0.2769097222222222 0.8575790229885057 0.2836446360153257 0.8433608716475095 0.29374700670498083 0.8366259578544062 0.3027268917624521 0.8426125478927203 0.3090876436781609 0.8605723180076629 0.3225574712643678 0.8680555555555555 0.31993833812260536 0.8785320881226054 0.312080938697318 0.8852670019157088 0.31058429118773945 0.8987368295019157 0.31133261494252873 0.9062200670498085 0.30721683429118773 0.9039750957854406 0.29898527298850575 0.8949952107279694 0.29711446360153254 0.8860153256704981 0.2840187978927203 0.8710488505747126
0 0.31470007183908044 0.8920019157088123 0.3191900143678161 0.8845186781609194 0.3266732519157088 0.8777837643678161 0.3296665469348659 0.874790469348659 0.33378232758620685 0.8875119731800766 0.3341564894636015 0.9017301245210728 0.32480244252873564 0.9144516283524905 0.3176933668582375 0.9211865421455938 0.3154483955938697 0.9129549808429118 0.3143259099616858 0.9047234195402298
0 0.332659841954023 0.8508441091954023 0.33602729885057475 0.8321360153256706 0.34014307950191575 0.8231561302681992 0.34687799329501917 0.8209111590038315 0.3521162595785441 0.8201628352490422 0.35735452586206895 0.8261494252873564 0.3618444683908046 0.8366259578544062 0.3629669540229885 0.850095785440613 0.3581028496168582 0.8658105842911877 0.35548371647509575 0.8807770593869731 0.3577286877394636 0.891253591954023 0.36633441091954017 0.8920019157088123 0.37456597222222215 0.8890086206896552 0.37606261973180083 0.899485153256705 0.37568845785440613 0.9144516283524905 0.3771851053639847 0.9241798371647509 0.37568845785440613 0.9339080459770116 0.3708243534482758 0.9458812260536398 0.36745689655172414 0.9586027298850576 0.36371527777777773 0.9608477011494253 0.35735452586206895 0.9533644636015325 0.3543612308429118 0.9428879310344828 0.3566062021072797 0.9249281609195402 0.3566062021072797 0.9107100095785441 0.3494971264367816 0.9024784482758621 0.3453813457854406 0.8979885057471265 0.33939475574712646 0.8979885057471265 0.33602729885057475 0.8822737068965517 0.3349048132183908 0.8732938218390806 0.3375239463601532 0.8658105842911877
0 0.38242337164750956 0.9937739463601533 0.3820492097701149 0.9855423850574713 0.38653915229885055 0.9795557950191571 0.39140325670498083 0.9795557950191571 0.39477071360153254 0.9877873563218391 0.3951448754789271 0.9967672413793104 0.39102909482758613 0.9982638888888888
0 0.39888649425287354 0.9967672413793104 0.3970156848659004 0.9840457375478927 0.39589319923371646 0.9750658524904215 0.397389846743295 0.9705759099616859 0.40636973180076624 0.9668342911877396 0.41422713122605365 0.960099377394636 0.4198395593869732 0.9548611111111112 0.4209620450191571 0.960099377394636 0.41684626436781613 0.9713242337164751 0.4153496168582375 0.9788074712643678 0.41684626436781613 0.9885356800766284 0.42171036877394635 0.9937739463601533 0.42171036877394635 0.9986979166666666 0.4116079980842912 0.9975155651340996
0 0.4202137212643678 0.9780591475095785 0.42657447318007663 0.9675826149425287 0.4318127394636015 0.9608477011494253 0.43779932950191575 0.9638409961685824 0.4464050526819923 0.9743175287356322 0.45089499521072796 0.9825490900383143 0.4497725095785441 0.9960189176245211 0.446088885895594 0.9986979166666666 0.4363026819923372 0.9986979166666666 0.4288194444444444 0.9967672413793104 0.42171036877394635 0.9877873563218391
0 0.4602490421455938 0.9324113984674329 0.46623563218390807 0.9316630747126436 0.47446719348659006 0.9316630747126436 0.48045378352490414 0.93540469348659 0.48045378352490414 0.9488745210727969 0.4819504310344828 0.9578544061302682 0.48756285919540227 0.9645893199233716 0.4931752873563218 0.968330938697318 0.49542025862068967 0.9750658524904215 0.49354944923371646 0.9907806513409962 0.4860662116858237 0.9967672413793104 0.47446719348659006 0.9960189176245211 0.4677322796934866 0.9945222701149424 0.4624940134099617 0.9892840038314176 0.46099736590038315 0.9608477011494253 0.46137152777777773 0.9488745210727969
0 0.526849856321839 0.9975155651340996 0.536203903256705 0.9840457375478927 0.540319683908046 0.9773108237547893 0.5522928639846744 0.9765625 0.5620210727969349 0.9713242337164751 0.5713751197318008 0.9690792624521073 0.5788583572796935 0.9720725574712644 0.5840966235632185 0.9780591475095785 0.5900832136015325 0.9907806513409962 0.5934506704980843 0.9960189176245211 0.5773617097701149 0.9982638888888888 0.5388230363984674 0.9982638888888888
0 0.5728717672413793 0.9211865421455938 0.5766133860153256 0.9114583333333334 0.5852191091954023 0.9069683908045977 0.596818127394636 0.9069683908045977 0.6057980124521073 0.9062200670498085 0.6102879549808429 0.907716714559387 0.6188936781609196 0.9316630747126436 0.6241319444444444 0.9443845785440613 0.626751077586207 0.9623443486590039 0.629744372605364 0.9743175287356322 0.6342343151340996 0.9825490900383143 0.6353568007662835 0.9922772988505747 0.6361051245210728 0.9982638888888888 0.6211386494252874 0.9982638888888888 0.6099137931034483 0.9945222701149424 0.599811422413793 0.9907806513409962 0.5953214798850575 0.984794061302682 0.5938248323754789 0.9698275862068965 0.5904573754789272 0.9443845785440613 0.5825999760536399 0.93540469348659 0.5751167385057471 0.9331597222222222
0 0.6615481321839081 0.6285919540229885 0.6634189415708812 0.6091355363984674 0.6634189415708812 0.5964140325670498 0.6666666666666666 0.5874341475095786 0.6666666666666666 0.5874341475095786 0.6666666666666666 0.591175766283525 0.6666666666666666 0.602400622605364 0.6666666666666666 0.6143738026819924 0.6666666666666666 0.6181154214559387 0.6666666666666666 0.6360751915708812 0.6666666666666666 0.6345785440613027 0.6666666666666666 0.6368235153256705 0.6666666666666666 0.6487966954022989 0.6666666666666666 0.6652598180076629 0.6666666666666666 0.6719947318007663 0.6666666666666666 0.6779813218390806 0.6666666666666666 0.6824712643678161 0.6666666666666666 0.6764846743295019 0.6666666666666666 0.6585249042145594 0.6666666666666666 0.6450550766283525 0.6652897509578544 0.6315852490421455
0 0.6666666666666666 0.5784542624521073 0.6666666666666666 0.564236111111111 0.6666666666666666 0.5545079022988506 0.6666666666666666 0.5515146072796935 0.6666666666666666 0.5560045498084291 0.6666666666666666 0.5515146072796935 0.6666666666666666 0.5477729885057471 0.6666666666666666 0.5545079022988506 0.6666666666666666 0.5619911398467433 0.6666666666666666 0.5762092911877394 0.6666666666666666 0.5896791187739464 0.6666666666666666 0.602400622605364 0.6666666666666666 0.6128771551724138 0.6666666666666666 0.6233536877394635 0.6666666666666666 0.6315852490421455 0.6666666666666666 0.6360751915708812 0.6666666666666666 0.6398168103448276 0.6666666666666666 0.6278436302681992 0.6666666666666666 0.6143738026819924 0.6666666666666666 0.6091355363984674 0.6666666666666666 0.6053939176245211 0.6666666666666666 0.5956657088122606 0.6666666666666666 0.5874341475095786 0.6666666666666666 0.5844408524904214
0 0.63909841954023 0.004489942528735633 0.6447108477011494 0.0013020833333333333 0.6626706178160919 0.0013020833333333333 0.6666666666666666 0.0013020833333333333 0.6666666666666666 0.001496647509578544 0.6666666666666666 0.0022449712643678164 0.6666666666666666 0.012721503831417624 0.6666666666666666 0.024694683908045977 0.6666666666666666 0.033674568965517244 0.6666666666666666 0.03591954022988506 0.6666666666666666 0.026939655172413795 0.6666666666666666 0.017211446360153256 0.6666666666666666 0.008979885057471266 0.6666666666666666 0.008231561302681992 0.6666666666666666 0.013469827586206897 0.6634189415708812 0.02319803639846743 0.65443905651341 0.02619133141762452 0.6432142001915709 0.028436302681992338 0.6398467432950191 0.020953065134099617
0 0.6484524664750958 0.047892720306513405 0.6540648946360154 0.03816451149425287 0.6600514846743295 0.03292624521072797 0.6666666666666666 0.032177921455938695 0.6666666666666666 0.029184626436781613 0.6666666666666666 0.028436302681992338 0.6666666666666666 0.033674568965517244 0.6666666666666666 0.04265445402298851 0.6666666666666666 0.05387931034482759 0.6666666666666666 0.07707734674329501 0.6666666666666666 0.093540469348659 0.6666666666666666 0.10775862068965518 0.6666666666666666 0.1174868295019157 0.6666666666666666 0.1204801245210728 0.6652897509578544 0.1152418582375479 0.6581806752873564 0.10401700191570883 0.6521940852490421 0.08755387931034482 0.6480783045977011 0.08007064176245211 0.6484524664750958 0.06660081417624521 0.6473299808429119 0.05537595785440613
0 0.6666666666666666 0.001496647509578544 0.6666666666666666 0.0013020833333333333 0.6666666666666666 0.004489942528735633 0.6666666666666666 0.02170138888888889 0.6666666666666666 0.03666786398467433 0.6666666666666666 0.0456477490421456 0.6666666666666666 0.05013769157088122 0.6666666666666666 0.05537595785440613 0.6666666666666666 0.061362547892720304 0.6666666666666666 0.06734913793103449 0.6666666666666666 0.08605723180076628 0.6666666666666666 0.09204382183908046 0.6666666666666666 0.08081896551724138 0.6666666666666666 0.07707734674329501 0.6666666666666666 0.07857399425287356 0.6666666666666666 0.08905052681992337 0.6666666666666666 0.09279214559386972 0.6666666666666666 0.09204382183908046 0.6666666666666666 0.08231561302681993 0.6666666666666666 0.06285919540229885 0.6666666666666666 0.05163433908045977 0.6666666666666666 0.05013769157088122 0.6666666666666666 0.05013769157088122 0.6666666666666666 0.05013769157088122 0.6666666666666666 0.044899425287356326 0.6666666666666666 0.03517121647509579 0.6666666666666666 0.026939655172413795 0.6666666666666666 0.023946360153256702 0.6666666666666666 0.024694683908045977 0.6666666666666666 0.02544300766283525 0.6666666666666666 0.0187080938697318 0.6666666666666666 0.012721503831417624
0 0.6666666666666666 0.1070102969348659 0.6666666666666666 0.08979885057471265 0.6666666666666666 0.08231561302681993 0.6666666666666666 0.08231561302681993 0.6666666666666666 0.08680555555555557 0.6666666666666666 0.09428879310344827 0.6666666666666666 0.101772030651341 0.6666666666666666 0.10326867816091954 0.6666666666666666 0.10551364942528735 0.6666666666666666 0.11599018199233717 0.6666666666666666 0.126466714559387 0.6666666666666666 0.13544659961685823 0.6666666666666666 0.13769157088122605 0.6666666666666666 0.14592313218390804 0.6666666666666666 0.1526580459770115 0.6666666666666666 0.14592313218390804 0.6666666666666666 0.13843989463601533 0.6666666666666666 0.12497006704980844 0.6666666666666666 0.11599018199233717
0 0.6666666666666666 0.01795977011494253 0.6666666666666666 0.010476532567049808 0.6666666666666666 0.006734913793103449 0.6666666666666666 0.006734913793103449 0.6666666666666666 0.0187080938697318 0.6666666666666666 0.026939655172413795 0.6666666666666666 0.03816451149425287 0.6666666666666666 0.0508860153256705 0.6666666666666666 0.05537595785440613 0.6666666666666666 0.06435584291187739 0.6666666666666666 0.07333572796934866 0.6666666666666666 0.08081896551724138 0.6666666666666666 0.08456058429118773 0.6666666666666666 0.08605723180076628 0.6666666666666666 0.08231561302681993 0.6666666666666666 0.07034243295019157 0.6666666666666666 0.059117576628352486 0.6666666666666666 0.05163433908045977
0 0.6666666666666666 0.08979885057471265 0.6666666666666666 0.07932231800766283 0.6666666666666666 0.06809746168582376 0.6666666666666666 0.061362547892720304 0.6666666666666666 0.05762092911877395 0.6666666666666666 0.056872605363984675 0.6666666666666666 0.06211087164750958 0.6666666666666666 0.07183908045977012 0.6666666666666666 0.07932231800766283 0.6666666666666666 0.0883022030651341 0.6666666666666666 0.09952705938697319 0.6666666666666666 0.10252035440613028
0 0.6666666666666666 0.047892720306513405 0.6666666666666666 0.04190613026819923 0.6666666666666666 0.03142959770114943 0.6666666666666666 0.027687978927203066 0.6666666666666666 0.04040948275862069 0.6666666666666666 0.047892720306513405 0.6666666666666666 0.05238266283524904
0 0.6666666666666666 0.1878292624521073 0.6666666666666666 0.17810105363984674 0.6666666666666666 0.1766044061302682 0.6666666666666666 0.17810105363984674 0.6666666666666666 0.17810105363984674 0.6666666666666666 0.18333931992337163 0.6666666666666666 0.19755747126436782 0.6666666666666666 0.20878232758620688 0.6666666666666666 0.21701388888888887 0.6666666666666666 0.22150383141762453 0.6666666666666666 0.21551724137931036 0.6666666666666666 0.20728568007662837
0 0.6666666666666666 0.24395354406130268 0.6666666666666666 0.2304837164750958 0.6666666666666666 0.22449712643678163 0.6666666666666666 0.22300047892720307 0.6666666666666666 0.22599377394636014 0.6666666666666666 0.23272868773946362 0.6666666666666666 0.23721863026819923 0.6666666666666666 0.24470186781609196 0.6666666666666666 0.24844348659003831 0.6666666666666666 0.24994013409961688 0.6666666666666666 0.24994013409961688 0.6666666666666666 0.24694683908045978
0 0.6666666666666666 0.18109434865900384 0.6666666666666666 0.16388290229885058 0.6666666666666666 0.1474197796934866 0.6666666666666666 0.13095665708812262 0.6666666666666666 0.10775862068965518 0.6666666666666666 0.10027538314176244 0.6666666666666666 0.09653376436781609 0.6666666666666666 0.101772030651341 0.6666666666666666 0.11973180076628352 0.6666666666666666 0.14218151340996169 0.6666666666666666 0.15939295977011494 0.6666666666666666 0.16912116858237547 0.6666666666666666 0.17810105363984674 0.6666666666666666 0.19381585249042146 0.6666666666666666 0.2005507662835249 0.6666666666666666 0.20129909003831417 0.6666666666666666 0.19606082375478928 0.6666666666666666 0.19456417624521072 0.6666666666666666 0.1923192049808429
0 0.6666666666666666 0.26340996168582376 0.6666666666666666 0.25592672413793105 0.6666666666666666 0.25817169540229884 0.6666666666666666 0.26939655172413796 0.6666666666666666 0.28511135057471265 0.6666666666666666 0.2948395593869732 0.6666666666666666 0.2978328544061303
0 0.6666666666666666 0.22300047892720307 0.6666666666666666 0.2110272988505747 0.6666666666666666 0.20803400383141765 0.6666666666666666 0.20878232758620688 0.6666666666666666 0.2192588601532567 0.6666666666666666 0.2334770114942529 0.6666666666666666 0.2357219827586207
0 0.6666666666666666 0.22374880268199235 0.6666666666666666 0.22449712643678163 0.6666666666666666 0.2274904214559387 0.6666666666666666 0.2417085727969349 0.6666666666666666 0.25517840038314177 0.6666666666666666 0.25592672413793105 0.6666666666666666 0.2514367816091954 0.6666666666666666 0.23946360153256704
0 0.6666666666666666 0.0883022030651341 0.6666666666666666 0.08231561302681993 0.6666666666666666 0.08081896551724138 0.6666666666666666 0.0848262392241379 0.6666666666666666 0.1549030172413793 0.6666666666666666 0.16163793103448276 0.6666666666666666 0.13769157088122605 0.6666666666666666 0.13020833333333334 0.6666666666666666 0.1174868295019157 0.6666666666666666 0.10102370689655173 0.6666666666666666 0.09503711685823756
0 0.6666666666666666 0.22300047892720307 0.6666666666666666 0.2110272988505747 0.6666666666666666 0.2222521551724138 0.6666666666666666 0.24395354406130268 0.6666666666666666 0.2596683429118774 0.6666666666666666 0.272389846743295 0.6666666666666666 0.2873563218390805 0.6666666666666666 0.2955878831417625 0.6666666666666666 0.30157447318007663 0.6666666666666666 0.2948395593869732 0.6666666666666666 0.2813697318007663 0.6666666666666666 0.26490660919540227 0.6666666666666666 0.2521851053639847
0 0.6666666666666666 0.26415828544061304 0.6666666666666666 0.26191331417624525 0.6666666666666666 0.26191331417624525 0.6666666666666666 0.252933429118774 0.6666666666666666 0.24395354406130268 0.6666666666666666 0.2432052203065134 0.6666666666666666 0.2589200191570881 0.6666666666666666 0.2753831417624521 0.6666666666666666 0.2881046455938697 0.6666666666666666 0.2993295019157088 0.6666666666666666 0.30606441570881227 0.6666666666666666 0.32177921455938696 0.6666666666666666 0.32851412835249044 0.6666666666666666 0.33674568965517243 0.6666666666666666 0.3449772509578544 0.6666666666666666 0.3419839559386973 0.6666666666666666 0.3374940134099617 0.6666666666666666 0.3345007183908046 0.6666666666666666 0.3232758620689655 0.6666666666666666 0.30606441570881227 0.6666666666666666 0.2828663793103448
0 0.6666666666666666 0.3509638409961686 0.6666666666666666 0.34348060344827586 0.6666666666666666 0.34348060344827586 0.6666666666666666 0.34422892720306514 0.6666666666666666 0.34946719348659006 0.6666666666666666 0.3606920498084291 0.6666666666666666 0.37191690613026823 0.6666666666666666 0.3779034961685824 0.6666666666666666 0.3764068486590038 0.6666666666666666 0.3734135536398468
0 0.6666666666666666 0.5178400383141762 0.6666666666666666 0.5118534482758621 0.6666666666666666 0.5126017720306514 0.6666666666666666 0.5238266283524905 0.6666666666666666 0.5372964559386973 0.6666666666666666 0.5500179597701149 0.6666666666666666 0.5597461685823755 0.6666666666666666 0.5560045498084291 0.6666666666666666 0.5492696360153256 0.6666666666666666 0.5372964559386973
0 0.6666666666666666 0.6570282567049809 0.6666666666666666 0.6480483716475096 0.6666666666666666 0.6675047892720306 0.6666666666666666 0.6704980842911877
0 0.6666666666666666 0.49613864942528735 0.6666666666666666 0.48266882183908044 0.6666666666666666 0.4781788793103448 0.6666666666666666 0.4781788793103448 0.6666666666666666 0.49090038314176243 0.6666666666666666 0.5036218869731801 0.6666666666666666 0.5111051245210728 0.6666666666666666 0.51409841954023 0.6666666666666666 0.5402897509578545 0.6666666666666666 0.5515146072796935 0.6666666666666666 0.5657327586206896 0.6666666666666666 0.5634877873563219 0.6666666666666666 0.5298132183908045 0.6666666666666666 0.5118534482758621
0 0.6666666666666666 0.382393438697318 0.6666666666666666 0.37042025862068967 0.6666666666666666 0.37491020114942525 0.6666666666666666 0.3674269636015326 0.6666666666666666 0.36368534482758624 0.6666666666666666 0.3674269636015326 0.6666666666666666 0.37491020114942525 0.6666666666666666 0.398856561302682 0.6666666666666666 0.4115780651340996 0.6666666666666666 0.39810823754789276 0.6666666666666666 0.39361829501915707 0.6666666666666666 0.3838900862068966
0 0.6666666666666666 0.32103089080459773 0.6666666666666666 0.3038194444444445 0.6666666666666666 0.2993295019157088 0.6666666666666666 0.2940912356321839 0.6666666666666666 0.2821180555555555 0.6666666666666666 0.27388649425287354 0.6666666666666666 0.3023227969348659 0.6666666666666666 0.34422892720306514 0.6666666666666666 0.3461147030651351 0.6666666666666666 0.33075909961685823 0.6666666666666666 0.33075909961685823
0 0.6666666666666666 0.4699473180076628 0.6666666666666666 0.4519875478927203 0.6666666666666666 0.4445043103448276 0.6666666666666666 0.45348419540229884 0.6666666666666666 0.4714439655172414 0.6666666666666666 0.47967552681992337 0.6666666666666666 0.4789272030651341 0.6666666666666666 0.4789272030651341 0.6666666666666666 0.4953903256704981 0.6666666666666666 0.5275682471264368 0.6666666666666666 0.5634877873563219 0.6666666666666666 0.574712643678161 0.6666666666666666 0.574712643678161 0.6666666666666666 0.5739643199233716 0.6666666666666666 0.5739643199233716 0.6666666666666666 0.569474377394636 0.6666666666666666 0.54477969348659 0.6666666666666666 0.5073635057471264 0.6666666666666666 0.49090038314176243 0.6666666666666666 0.4789272030651341
0 0.6666666666666666 0.5328065134099617 0.6666666666666666 0.5260715996168582 0.6666666666666666 0.49688697318007663 0.6666666666666666 0.5167145593869729 0.6666666666666666 0.5792025862068966 0.6666666666666666 0.5560045498084291
0 0.6666666666666666 0.5956657088122606 0.6666666666666666 0.5799509099616859 0.6666666666666666 0.5754609674329502 0.6666666666666666 0.577705938697318 0.6666666666666666 0.5792025862068966 0.6666666666666666 0.5821958812260536 0.6666666666666666 0.5874341475095786 0.6666666666666666 0.5986590038314176 0.6666666666666666 0.6064116379310386 0.6666666666666666 0.663014846743295 0.6666666666666666 0.6592732279693486 0.6666666666666666 0.6495450191570881 0.6666666666666666 0.6368235153256705 0.6666666666666666 0.6196120689655172
0 0.5799153645833334 0.830810546875 0.5799153645833334 0.816162109375 0.5819498697916666 0.8096516927083334 0.5860188802083334 0.8072102864583334 0.587646484375 0.8243001302083334 0.5880533854166666 0.8511555989583334 0.5880533854166666 0.8641764322916666 0.5831705729166666 0.852783203125
0 0.6177571614583334 0.835693359375 0.6226399739583334 0.857666015625 0.6238606770833334 0.8706868489583334 0.6214192708333334 0.8788248697916666 0.6275227864583334 0.8934733072916666 0.6393229166666666 0.9007975260416666 0.646240234375 0.913818359375 0.6494954427083334 0.9227701822916666 0.6551920572916666 0.9195149739583334 0.6576334635416666 0.9105631510416666 0.6666666666666666 0.916259765625 0.6666666666666666 0.918701171875 0.6666666666666666 0.908935546875 0.6666666666666666 0.896728515625 0.6666666666666666 0.8877766927083334 0.6666666666666666 0.8763834635416666 0.665771484375 0.8617350260416666 0.6653645833333334 0.8535970052083334 0.6519368489583334 0.8446451822916666 0.642578125 0.840576171875 0.6328125 0.835693359375 0.6283365885416666 0.8413899739583334 0.621826171875 0.830810546875
0 0.6344401041666666 0.796630859375 0.6393229166666666 0.794189453125 0.6446126302083334 0.8031412760416666 0.651123046875 0.808837890625 0.658447265625 0.7982584635416666 0.6661783854166666 0.781982421875 0.6666666666666666 0.7754720052083334 0.6666666666666666 0.779541015625 0.6666666666666666 0.801513671875 0.6666666666666666 0.8202311197916666 0.6666666666666666 0.8324381510416666 0.6666666666666666 0.8316243489583334 0.6666666666666666 0.8373209635416666 0.6666666666666666 0.8495279947916666 0.6666666666666666 0.8592936197916666 0.6666666666666666 0.8658040364583334 0.6666666666666666 0.8731282552083334 0.6666666666666666 0.877197265625 0.6666666666666666 0.879638671875 0.6666666666666666 0.8690592447916666 0.6666666666666666 0.8560384114583334 0.6666666666666666 0.8422037760416666 0.662109375 0.835693359375 0.6572265625 0.833251953125 0.6531575520833334 0.8340657552083334 0.643798828125 0.8299967447916666
0 0.6543782552083334 0.7315266927083334 0.6666666666666666 0.716064453125 0.6666666666666666 0.701416015625 0.6666666666666666 0.6973470052083334 0.6666666666666666 0.7054850260416666 0.6666666666666666 0.7193196614583334 0.6666666666666666 0.7323404947916666 0.6666666666666666 0.7364095052083334 0.6666666666666666 0.733154296875 0.6666666666666666 0.7461751302083334 0.6666666666666666 0.7632649739583334 0.6666666666666666 0.7705891927083334 0.6666666666666666 0.7616373697916666 0.6666666666666666 0.7494303385416666 0.6666666666666666 0.7388509114583334 0.6666666666666666 0.7347819010416666 0.6666666666666666 0.728271484375 0.6666666666666666 0.7323404947916666 0.6666666666666666 0.7396647135416666 0.6600748697916666 0.7445475260416666
0 0.6666666666666666 0.789306640625 0.6666666666666666 0.7811686197916666 0.6666666666666666 0.7762858072916666 0.6666666666666666 0.7779134114583334 0.6666666666666666 0.7974446614583334 0.6666666666666666 0.8072102864583334 0.6666666666666666 0.8104654947916666 0.6666666666666666 0.8177897135416666
0 0.6666666666666666 0.7486165364583334 0.6666666666666666 0.7608235677083334 0.6666666666666666 0.7714029947916666 0.6666666666666666 0.7730305989583334 0.6666666666666666 0.767333984375 0.6666666666666666 0.7640787760416666 0.6666666666666666 0.747802734375 0.6666666666666666 0.7193196614583334 0.6666666666666666 0.7103678385416666 0.6666666666666666 0.6908365885416666 0.6666666666666666 0.681884765625 0.6666666666666666 0.689208984375 0.6666666666666666 0.696533203125 0.6666666666666666 0.7022298177083334 0.6666666666666666 0.716064453125 0.6666666666666666 0.728271484375 0.6666666666666666 0.723388671875 0.6666666666666666 0.728271484375 0.6666666666666666 0.733154296875 0.6666666666666666 0.7396647135416666
0 0.6666666666666666 0.6851399739583334 0.6666666666666666 0.6924641927083334 0.6666666666666666 0.6973470052083334 0.6666666666666666 0.7095540364583334 0.6666666666666666 0.7242024739583334 0.6666666666666666 0.7290852864583334 0.6666666666666666 0.7217610677083334 0.6666666666666666 0.708740234375 0.6666666666666666 0.691650390625 0.6666666666666666 0.6932779947916666 0.6666666666666666 0.6932779947916666 0.6666666666666666 0.6875813802083334 0.6666666666666666 0.6802571614583334 0.6666666666666666 0.6778157552083334
0 0.6666666666666666 0.677001953125 0.6666666666666666 0.686767578125 0.6666666666666666 0.6875813802083334 0.6666666666666666 0.7006022135416666 0.6666666666666666 0.7128092447916666 0.6666666666666666 0.7193196614583334 0.6666666666666666 0.7217610677083334 0.6666666666666666 0.718505859375 0.6666666666666666 0.708740234375 0.6666666666666666 0.6835123697916666 0.6666666666666666 0.674560546875
0 0.6319986979166666 0.9715983072916666 0.6385091145833334 0.957763671875 0.642578125 0.952880859375 0.6442057291666666 0.9593912760416666 0.6372884114583334 0.969970703125
0 0.6507161458333334 0.940673828125 0.658447265625 0.9325358072916666 0.6666666666666666 0.9300944010416666 0.6666666666666666 0.9317220052083334 0.6666666666666666 0.9390462239583334 0.6666666666666666 0.9512532552083334 0.6666666666666666 0.962646484375 0.6666666666666666 0.9715983072916666 0.6666666666666666 0.984619140625 0.6666666666666666 0.994384765625 0.6666666666666666 0.996826171875 0.6666666666666666 0.9951985677083334 0.6666666666666666 0.982177734375 0.6666666666666666 0.9634602864583334 0.6604817708333334 0.9569498697916666 0.6543782552083334 0.9512532552083334
0 0.6666666666666666 0.8861490885416666 0.6666666666666666 0.8804524739583334 0.6666666666666666 0.8763834635416666 0.6666666666666666 0.889404296875 0.6666666666666666 0.9154459635416666 0.6666666666666666 0.9349772135416666 0.6666666666666666 0.9423014322916666 0.6666666666666666 0.938232421875 0.6666666666666666 0.9195149739583334 0.6666666666666666 0.9048665364583334
0 0.6666666666666666 0.7974446614583334 0.6666666666666666 0.8023274739583334 0.6666666666666666 0.8072102864583334 0.6666666666666666 0.813720703125 0.6666666666666666 0.818603515625 0.6666666666666666 0.8275553385416666 0.6666666666666666 0.8397623697916666 0.6666666666666666 0.8535970052083334 0.6666666666666666 0.8666178385416666 0.6666666666666666 0.8788248697916666 0.6666666666666666 0.8934733072916666 0.6666666666666666 0.8983561197916666 0.6666666666666666 0.8934733072916666 0.6666666666666666 0.8910319010416666 0.6666666666666666 0.8999837239583334 0.6666666666666666 0.911376953125 0.6666666666666666 0.9154459635416666 0.6666666666666666 0.928466796875 0.6666666666666666 0.9423014322916666 0.6666666666666666 0.950439453125 0.6666666666666666 0.9520670572916666 0.6666666666666666 0.9496256510416666 0.6666666666666666 0.945556640625 0.6666666666666666 0.947998046875 0.6666666666666666 0.9366048177083334 0.6666666666666666 0.921142578125 0.6666666666666666 0.8926595052083334 0.6666666666666666 0.8780110677083334 0.6666666666666666 0.8731282552083334 0.6666666666666666 0.864990234375 0.6666666666666666 0.8535970052083334 0.6666666666666666 0.8251139322916666 0.6666666666666666 0.8080240885416666
0 0.6666666666666666 0.7909342447916666 0.6666666666666666 0.7787272135416666 0.6666666666666666 0.7714029947916666 0.6666666666666666 0.769775390625 0.6666666666666666 0.7657063802083334 0.6666666666666666 0.7705891927083334 0.6666666666666666 0.7787272135416666 0.6666666666666666 0.7876790364583334 0.6666666666666666 0.7958170572916666 0.6666666666666666 0.8072102864583334 0.6666666666666666 0.823486328125 0.6666666666666666 0.8389485677083334 0.6666666666666666 0.8470865885416666 0.6666666666666666 0.8365071614583334 0.6666666666666666 0.833251953125 0.6666666666666666 0.7982584635416666
0 0.6666666666666666 0.7534993489583334 0.6666666666666666 0.7298990885416666 0.6666666666666666 0.7201334635416666 0.6666666666666666 0.716064453125 0.6666666666666666 0.7128092447916666 0.6666666666666666 0.7119954427083334 0.6666666666666666 0.738037109375 0.6666666666666666 0.7543131510416666 0.6666666666666666 0.7616373697916666 0.6666666666666666 0.762451171875 0.6666666666666666 0.757568359375 0.6666666666666666 0.760009765625 0.6666666666666666 0.7689615885416666 0.6666666666666666 0.7738444010416666 0.6666666666666666 0.772216796875 0.6666666666666666 0.7640787760416666 0.6666666666666666 0.757568359375
0 0.6666666666666666 0.8438313802083334 0.6666666666666666 0.8299967447916666 0.6666666666666666 0.811279296875 0.6666666666666666 0.7998860677083334 0.6666666666666666 0.7901204427083334 0.6666666666666666 0.789306640625 0.6666666666666666 0.8090549045138888 0.6666666666666666 0.8544108072916666 0.6666666666666666 0.886962890625 0.6666666666666666 0.904052734375 0.6666666666666666 0.8853352864583334 0.6666666666666666 0.8910319010416666 0.6666666666666666 0.8983561197916666 0.6666666666666666 0.8959147135416666 0.6666666666666666 0.867431640625
2 0.6666666666666666 0.8544108072916666 0.6666666666666666 0.8487141927083334 0.6666666666666666 0.8568522135416666 0.6666666666666666 0.8609212239583334
0 0.6666666666666666 0.8592936197916666 0.6666666666666666 0.867431640625 0.6666666666666666 0.8666178385416666 0.6666666666666666 0.8666178385416666 0.6666666666666666 0.8788248697916666 0.6666666666666666 0.8959147135416666 0.6666666666666666 0.9081217447916666 0.6666666666666666 0.913818359375 0.6666666666666666 0.9121907552083334 0.6666666666666666 0.8999837239583334 0.6666666666666666 0.8828938802083334
0 0.6666666666666666 0.9366048177083334 0.6666666666666666 0.945556640625 0.6666666666666666 0.947998046875 0.6666666666666666 0.947998046875 0.6666666666666666 0.9366048177083334 0.6666666666666666 0.923583984375
0 0.6666666666666666 0.950439453125 0.6666666666666666 0.9439290364583334 0.6666666666666666 0.943115234375 0.6666666666666666 0.9545084635416666 0.6666666666666666 0.960205078125 0.6666666666666666 0.9642740885416666 0.6666666666666666 0.9732259114583334 0.6666666666666666 0.9862467447916666 0.6666666666666666 0.9927571614583334 0.6666666666666666 0.9878743489583334 0.6666666666666666 0.9862467447916666 0.6666666666666666 0.982177734375 0.6666666666666666 0.9634602864583334
0 0.6666666666666666 0.979736328125 0.6666666666666666 0.9732259114583334 0.6666666666666666 0.967529296875 0.6666666666666666 0.9715983072916666 0.6666666666666666 0.9789225260416666 0.6666666666666666 0.9886881510416666 0.6666666666666666 0.9976399739583334 0.6666666666666666 0.996826171875
0 0.6666666666666666 0.9976399739583334 0.6666666666666666 0.9878743489583334 0.6666666666666666 0.9829915364583334 0.6666666666666666 0.9781087239583334 0.6666666666666666 0.9789225260416666 0.6666666666666666 0.9911295572916666 0.6666666666666666 0.996826171875 0.6666666666666666 0.996826171875
1 0.16609700520833334 0.004801432291666741 0.16650390625000003 0.015380859375000075 0.17057291666666666 0.02677408854166674 0.179931640625 0.02351888020833341 0.187255859375 0.020263671875000073 0.19132486979166666 0.008870442708333407 0.19295247395833334 0.003173828125000074 0.18603515625 0.003173828125000074 0.17789713541666666 0.0023600260416667407
1 0.17220052083333334 0.033284505208333405 0.17952473958333334 0.032470703125000076 0.187255859375 0.02921549479166674 0.19091796875 0.039794921875000076 0.19254557291666666 0.04630533854166674 0.18522135416666666 0.047932942708333405 0.177490234375 0.052001953125000076
1 0.15144856770833334 0.10896809895833341 0.15633138020833334 0.1309407552083334 0.16080729166666669 0.1480305989583334 0.16324869791666669 0.1626790364583334 0.16121419270833334 0.18627929687500008 0.16080729166666669 0.20581054687500008 0.15714518229166669 0.20499674479166674 0.15226236979166669 0.18627929687500008 0.14973958333333334 0.15240187872023792
1 0.15266927083333334 0.25219726562500006 0.16406250000000003 0.24650065104166674 0.1787109375 0.24405924479166674 0.18888346354166666 0.24243164062500008 0.19498697916666666 0.22778320312500008 0.19295247395833334 0.20987955729166674 0.20068359375 0.21313476562500008 0.209228515625 0.21232096354166674 0.21492513020833334 0.1993001302083334 0.21858723958333334 0.20987955729166674 0.22062174479166666 0.22045898437500008 0.21451822916666666 0.23429361979166674 0.21207682291666666 0.24650065104166674 0.20149739583333334 0.25463867187500006 0.18603515625 0.25952148437500006 0.17545572916666666 0.26847330729166674 0.172607421875 0.2725423177083334 0.17301432291666666 0.2871907552083334 0.16935221354166666 0.2871907552083334 0.15917968750000003 0.2823079427083334 0.15144856770833334 0.28393554687500006
1 0.20841471354166666 0.2603352864583334 0.21370442708333334 0.25463867187500006 0.218994140625 0.2554524739583334 0.22550455729166666 0.26196289062500006 0.22835286458333334 0.27172851562500006 0.231201171875 0.2847493489583334 0.22835286458333334 0.29288736979166674 0.21736653645833334 0.2749837239583334
1 0.14982096354166669 0.32788085937500006 0.15958658854166669 0.32055664062500006 0.17301432291666666 0.32055664062500006 0.18115234375 0.3238118489583334 0.18929036458333334 0.3286946614583334 0.19498697916666666 0.3360188802083334 0.19661458333333334 0.3433430989583334 0.19417317708333334 0.35392252604166674 0.18562825520833334 0.34741210937500006 0.167724609375 0.35148111979166674 0.15511067708333334 0.35473632812500006 0.15022786458333334 0.3531087239583334
1 0.3699544270833333 0.45646158854166674 0.3821614583333333 0.45727539062500006 0.3866373697916667 0.46378580729166674 0.3858235677083333 0.47192382812500006 0.3784993489583333 0.4727376302083334
1 0.3841959635416667 0.4873860677083334 0.388671875 0.48331705729166674 0.3939615885416667 0.5052897135416667 0.4000651041666667 0.5280761718750001 0.4041341145833333 0.5500488281250001 0.4061686197916667 0.5622558593750001 0.3964029947916667 0.5695800781250001 0.3902994791666667 0.5516764322916667 0.3846028645833333 0.5280761718750001 0.3854166666666667 0.5044759114583334
1 0.4342447916666667 0.4483235677083334 0.4415690104166667 0.44425455729166674 0.4476725260416667 0.45483398437500006 0.45458984375 0.47111002604166674 0.4566243489583333 0.4776204427083334 0.4521484375 0.4849446614583334 0.4476725260416667 0.48413085937500006 0.441162109375 0.46378580729166674
1 0.4761555989583333 0.5207519531250001 0.4818522135416667 0.5085449218750001 0.48876953125 0.5093587239583334 0.49609375 0.5069173177083334 0.5066731770833334 0.5109863281250001 0.515625 0.5199381510416667 0.5201009114583334 0.5297037760416667 0.5176595052083334 0.5419108072916667 0.5099283854166666 0.5484212239583334 0.5091145833333334 0.5573730468750001 0.5038248697916666 0.5646972656250001 0.4989420572916667 0.5703938802083334 0.4883626302083333 0.5695800781250001 0.4859212239583333 0.5557454427083334 0.4814453125 0.5410970052083334
1 0.43994140625 0.3994954427083334 0.448486328125 0.3848470052083334 0.4525553385416667 0.38077799479166674 0.4598795572916667 0.3824055989583334 0.4688313802083333 0.38077799479166674 0.4794108072916667 0.38077799479166674 0.485107421875 0.37915039062500006 0.489990234375 0.38566080729166674 0.487548828125 0.3946126302083334 0.4867350260416667 0.4141438802083334 0.4855143229166667 0.4434407552083334 0.4773763020833333 0.46378580729166674 0.4724934895833333 0.47599283854166674 0.4623209635416667 0.4702962239583334 0.4566243489583333 0.46704101562500006 0.4427897135416667 0.43774414062500006 0.4407552083333333 0.41333007812500006
1 0.221435546875 0.18872070312500008 0.23160807291666666 0.19278971354166674 0.240966796875 0.19523111979166674 0.24666341145833334 0.18302408854166674 0.251953125 0.1675618489583334 0.253173828125 0.15454101562500008 0.2421875 0.1309407552083334 0.233642578125 0.13500976562500008 0.22835286458333334 0.1382649739583334 0.22102864583333334 0.14477539062500008 0.22224934895833334 0.16430664062500008
1 0.15714518229166669 0.10489908854166674 0.16691080729166666 0.09106445312500007 0.177490234375 0.08374023437500007 0.1884765625 0.07722981770833341 0.19580078125 0.07885742187500007 0.204345703125 0.09187825520833341 0.19417317708333334 0.10164388020833341 0.18400065104166666 0.10652669270833341 0.173828125 0.10896809895833341 0.167724609375 0.12036132812500007 0.16650390625000003 0.14152018229166674 0.16162109375000003 0.12687174479166674
1 0.23649088541666666 0.003173828125000074 0.23282877604166666 0.013753255208333407 0.232421875 0.037353515625000076 0.238525390625 0.02921549479166674 0.253173828125 0.035725911458333405 0.260498046875 0.03165690104166674 0.2670084635416667 0.02433268229166674 0.2682291666666667 0.003173828125000074 0.260498046875 0.0013020833333333333 0.240966796875 0.0015462239583334074
1 0.3516438802083333 0.003173828125000074 0.3492024739583333 0.01863606770833341 0.350830078125 0.03165690104166674 0.3589680989583333 0.037353515625000076 0.3589680989583333 0.047119140625000076 0.3642578125 0.047932942708333405 0.3683268229166667 0.03898111979166674 0.37158203125 0.03084309895833341 0.3784993489583333 0.03409830729166674 0.382568359375 0.027587890625000073 0.3748372395833333 0.017822265625000073 0.372802734375 0.003173828125000074 0.3610026041666667 0.003173828125000074 0.35693359375 0.0015462239583334074
1 0.2470703125 0.1284993489583334 0.2523600260416667 0.12361653645833341 0.2621256510416667 0.11710611979166674 0.26416015625 0.11222330729166674 0.272705078125 0.11629231770833341 0.280029296875 0.12117513020833341 0.280029296875 0.1284993489583334 0.271484375 0.13663736979166674 0.2686360677083333 0.14477539062500008 0.2625325520833333 0.15209960937500008 0.2584635416666667 0.1553548177083334 0.2539876302083333 0.14477539062500008
1 0.245849609375 0.19604492187500008 0.250732421875 0.18383789062500008 0.253173828125 0.1773274739583334 0.26171875 0.1846516927083334 0.272705078125 0.1919759114583334 0.2808430989583333 0.19604492187500008 0.277587890625 0.21232096354166674 0.2686360677083333 0.21720377604166674 0.2600911458333333 0.22045898437500008 0.2515462239583333 0.2115071614583334
1 0.21085611979166666 0.44506835937500006 0.22347005208333334 0.4483235677083334 0.22998046875 0.44669596354166674 0.22713216145833334 0.45727539062500006 0.223876953125 0.4654134114583334 0.221435546875 0.47355143229166674 0.21329752604166666 0.47192382812500006 0.2080078125 0.4605305989583334
1 0.15185546875000003 0.4751790364583334 0.16162109375000003 0.4605305989583334 0.1689453125 0.46704101562500006 0.17423502604166666 0.4800618489583334 0.18359375 0.4873860677083334 0.18277994791666666 0.49877929687500006 0.17464192708333334 0.5020345052083334 0.16040039062500003 0.5052897135416667 0.14982096354166669 0.5077311197916667
1 0.214111328125 0.48413085937500006 0.216552734375 0.48087565104166674 0.22428385416666666 0.48087565104166674 0.2275390625 0.4898274739583334 0.22469075520833334 0.49552408854166674 0.22306315104166666 0.5077311197916667 0.223876953125 0.5142415364583334 0.21818033854166666 0.5126139322916667 0.21370442708333334 0.4995930989583334
1 0.24910481770833334 0.5622558593750001 0.2552083333333333 0.5533040364583334 0.2621256510416667 0.5362141927083334 0.2686360677083333 0.5223795572916667 0.2735188802083333 0.5093587239583334 0.2743326822916667 0.5280761718750001 0.2820638020833333 0.5378417968750001 0.2853190104166667 0.5500488281250001 0.2828776041666667 0.5581868489583334 0.2755533854166667 0.5769042968750001 0.2670084635416667 0.5931803385416667 0.26416015625 0.5972493489583334 0.2535807291666667 0.5834147135416667
1 0.23445638020833334 0.38810221354166674 0.2421875 0.3897298177083334 0.250732421875 0.4019368489583334 0.25439453125 0.41251627604166674 0.2596842447916667 0.43041992187500006 0.2596842447916667 0.44018554687500006 0.24747721354166666 0.4409993489583334 0.24178059895833334 0.43937174479166674 0.240966796875 0.4190266927083334 0.240966796875 0.40112304687500006
1 0.262939453125 0.43774414062500006 0.2674153645833333 0.44018554687500006 0.271484375 0.44995117187500006 0.2731119791666667 0.4629720052083334 0.277587890625 0.47355143229166674 0.2763671875 0.48331705729166674 0.271484375 0.48657226562500006 0.2666015625 0.4727376302083334 0.2621256510416667 0.44995117187500006
1 0.2816569010416667 0.47680664062500006 0.2865397135416667 0.4776204427083334 0.2918294270833333 0.47599283854166674 0.2954915364583333 0.46866861979166674 0.3003743489583333 0.46704101562500006 0.3036295572916667 0.47111002604166674 0.3040364583333333 0.49064127604166674 0.302001953125 0.5044759114583334 0.2930501302083333 0.5036621093750001 0.2840983072916667 0.4947102864583334 0.280029296875 0.48819986979166674
1 0.2625325520833333 0.6110839843750001 0.2674153645833333 0.6070149739583334 0.27392578125 0.6208496093750001 0.27880859375 0.6257324218750001 0.28125 0.6354980468750001 0.2857259114583333 0.6558430989583334 0.2893880208333333 0.6639811197916667 0.2950846354166667 0.6688639322916666 0.3024088541666667 0.6664225260416667 0.306884765625 0.681884765625 0.30810546875 0.6900227864583334 0.304443359375 0.6981608072916666 0.302001953125 0.7046712239583334 0.2958984375 0.7152506510416666 0.292236328125 0.7022298177083334 0.2861328125 0.7022298177083334 0.28125 0.708740234375 0.2763671875 0.6997884114583334 0.271484375 0.684326171875 0.265380859375 0.6664225260416667 0.2621256510416667 0.6517740885416667 0.2609049479166667 0.6306152343750001
1 0.3064778645833333 0.5720214843750001 0.3158365885416667 0.5785319010416667 0.3235677083333333 0.5826009114583334 0.3260091145833333 0.5874837239583334 0.3272298177083333 0.5972493489583334 0.3251953125 0.6045735677083334 0.3199055989583333 0.6118977864583334 0.314208984375 0.6005045572916667 0.30810546875 0.5923665364583334 0.3052571614583333 0.5891113281250001
1 0.3011881510416667 0.10408528645833341 0.3101399739583333 0.11059570312500007 0.3133951822916667 0.12280273437500007 0.3154296875 0.13256835937500008 0.3211263020833333 0.14477539062500008 0.3284505208333333 0.15454101562500008 0.3272298177083333 0.1626790364583334 0.3182779947916667 0.16918945312500008 0.3085123697916667 0.16918945312500008 0.3015950520833333 0.16837565104166674 0.2979329427083333 0.16593424479166674 0.2954915364583333 0.1382649739583334 0.29833984375 0.13012695312500008 0.2999674479166667 0.11466471354166674
1 0.2914225260416667 0.0023600260416667407 0.28857421875 0.01212565104166674 0.282470703125 0.022705078125000073 0.2796223958333333 0.03165690104166674 0.2845052083333333 0.037353515625000076 0.291015625 0.044677734375000076 0.2930501302083333 0.03165690104166674 0.2991536458333333 0.020263671875000073 0.3072916666666667 0.020263671875000073 0.3158365885416667 0.011311848958333407 0.3256022135416667 0.003173828125000074 0.316650390625 0.0015462239583334074 0.3015950520833333 0.0023600260416667407
1 0.30810546875 0.18139648437500008 0.3133951822916667 0.17325846354166674 0.3182779947916667 0.1797688802083334 0.3219401041666667 0.1822102864583334 0.3247884114583333 0.1944173177083334 0.3247884114583333 0.20581054687500008 0.3243815104166667 0.2212727864583334 0.3235677083333333 0.23754882812500008 0.32275390625 0.24975585937500008 0.3203125 0.26440429687500006 0.3170572916666667 0.2774251302083334 0.3146158854166667 0.28637695312500006 0.3109537760416667 0.2945149739583334 0.3072916666666667 0.3018391927083334 0.3040364583333333 0.30590820312500006 0.3011881510416667 0.30346679687500006 0.3003743489583333 0.29858398437500006 0.30322265625 0.28800455729166674 0.3048502604166667 0.2749837239583334 0.3052571614583333 0.2627766927083334 0.3040364583333333 0.25463867187500006 0.3076985677083333 0.23999023437500008 0.3072916666666667 0.23429361979166674 0.3052571614583333 0.21964518229166674 0.299560546875 0.22045898437500008 0.30078125 0.21232096354166674 0.3064778645833333 0.2066243489583334 0.3089192708333333 0.19034830729166674
1 0.15958658854166669 0.6322428385416667 0.16569010416666669 0.6232910156250001 0.175048828125 0.6298014322916667 0.19132486979166666 0.6330566406250001 0.19376627604166666 0.6460774739583334 0.19051106770833334 0.6590983072916667 0.18440755208333334 0.6688639322916666 0.17952473958333334 0.6761881510416666 0.17545572916666666 0.6485188802083334 0.17057291666666666 0.6363118489583334
1 0.15470377604166669 0.8299967447916666 0.16813151041666666 0.828369140625 0.18155924479166666 0.8275553385416666 0.184814453125 0.8243001302083334 0.18115234375 0.8031412760416666 0.17586263020833334 0.799072265625 0.16731770833333334 0.8023274739583334 0.15917968750000003 0.816162109375
1 0.15063476562500003 0.8348795572916666 0.16202799479166669 0.8348795572916666 0.16609700520833334 0.840576171875 0.167724609375 0.8584798177083334 0.16487630208333334 0.8812662760416666 0.16528320312500003 0.8999837239583334 0.16691080729166666 0.9130045572916666 0.1689453125 0.9195149739583334 0.17626953125 0.9227701822916666 0.18155924479166666 0.9276529947916666 0.18033854166666666 0.943115234375 0.179931640625 0.957763671875 0.1787109375 0.9642740885416666 0.172607421875 0.9634602864583334 0.16609700520833334 0.9634602864583334 0.15755208333333334 0.9520670572916666 0.14982096354166669 0.933349609375 0.14973958333333334 0.9226074218749977 0.15063476562500003 0.8706868489583334 0.15022786458333334 0.8438313802083334
1 0.193359375 0.7543131510416666 0.19498697916666666 0.7364095052083334 0.204345703125 0.7372233072916666 0.20760091145833334 0.7445475260416666 0.21573893229166666 0.747802734375 0.22347005208333334 0.7315266927083334 0.228759765625 0.7372233072916666 0.23771158854166666 0.7559407552083334 0.23933919270833334 0.7616373697916666 0.238525390625 0.7787272135416666 0.23689778645833334 0.7909342447916666 0.23201497395833334 0.8031412760416666 0.22469075520833334 0.806396484375 0.21573893229166666 0.806396484375 0.21004231770833334 0.803955078125 0.20353190104166666 0.7998860677083334 0.192138671875 0.7909342447916666 0.19580078125 0.7827962239583334 0.19661458333333334 0.767333984375
1 0.22916666666666666 0.7054850260416666 0.23486328125 0.6949055989583334 0.24422200520833334 0.7022298177083334 0.251953125 0.713623046875 0.2552083333333333 0.723388671875 0.2548014322916667 0.7396647135416666 0.2515462239583333 0.7608235677083334 0.24381510416666666 0.7559407552083334 0.23567708333333334 0.740478515625 0.23771158854166666 0.7290852864583334 0.23893229166666666 0.716064453125
1 0.34716796875 0.5703938802083334 0.3565266927083333 0.5614420572916667 0.3597819010416667 0.5614420572916667 0.3601888020833333 0.5744628906250001 0.3553059895833333 0.5744628906250001
1 0.363037109375 0.5541178385416667 0.3658854166666667 0.5410970052083334 0.3719889322916667 0.5337727864583334 0.3809407552083333 0.5280761718750001 0.3833821614583333 0.5476074218750001 0.388671875 0.5663248697916667 0.3939615885416667 0.5744628906250001 0.4037272135416667 0.5777180989583334 0.4073893229166667 0.5809733072916667 0.4033203125 0.5882975260416667 0.392333984375 0.5842285156250001 0.3915201822916667 0.5817871093750001 0.3890787760416667 0.5948079427083334 0.3907063802083333 0.6175944010416667 0.3882649739583333 0.6265462239583334 0.3833821614583333 0.6322428385416667 0.3772786458333333 0.6387532552083334 0.3719889322916667 0.6322428385416667 0.3671061197916667 0.6265462239583334 0.3683268229166667 0.6062011718750001 0.3658854166666667 0.5882975260416667 0.363037109375 0.5793457031250001 0.363037109375 0.5663248697916667
1 0.4016927083333333 0.4654134114583334 0.411865234375 0.4751790364583334 0.4212239583333333 0.47924804687500006 0.428955078125 0.4922688802083334 0.4354654947916667 0.5036621093750001 0.4342447916666667 0.5142415364583334 0.4273274739583333 0.5199381510416667 0.4261067708333333 0.5297037760416667 0.4224446614583333 0.5394694010416667 0.4171549479166667 0.5435384114583334 0.4163411458333333 0.5272623697916667 0.4130859375 0.5126139322916667 0.406982421875 0.4995930989583334 0.402099609375 0.48331705729166674
1 0.414306640625 0.5720214843750001 0.4183756510416667 0.5760904947916667 0.42529296875 0.5728352864583334 0.427734375 0.5581868489583334 0.4281412760416667 0.5435384114583334 0.4232584635416667 0.5467936197916667 0.4208170572916667 0.5533040364583334 0.4183756510416667 0.5622558593750001
1 0.4053548177083333 0.5964355468750001 0.4102376302083333 0.5874837239583334 0.4130859375 0.5809733072916667 0.4183756510416667 0.5826009114583334 0.4208170572916667 0.5842285156250001 0.4159342447916667 0.5980631510416667 0.4151204427083333 0.6118977864583334 0.4114583333333333 0.6135253906250001
1 0.3524576822916667 0.6509602864583334 0.3601888020833333 0.6436360677083334 0.3622233072916667 0.6354980468750001 0.3699544270833333 0.6371256510416667 0.3756510416666667 0.6444498697916667 0.375244140625 0.6542154947916667 0.369140625 0.6542154947916667 0.3638509114583333 0.6558430989583334 0.3565266927083333 0.6607259114583334
1 0.380126953125 0.6444498697916667 0.387451171875 0.6371256510416667 0.3915201822916667 0.6338704427083334 0.3951822916666667 0.6314290364583334 0.4033203125 0.6436360677083334 0.4126790364583333 0.6501464843750001 0.4208170572916667 0.6517740885416667 0.426513671875 0.6420084635416667 0.4309895833333333 0.6582845052083334 0.4330240885416667 0.6680501302083334 0.4297688802083333 0.6810709635416666 0.424072265625 0.6908365885416666 0.4102376302083333 0.6900227864583334 0.3988444010416667 0.689208984375 0.3907063802083333 0.6851399739583334 0.382568359375 0.6753743489583334 0.37890625 0.6704915364583334 0.3784993489583333 0.6607259114583334
1 0.4529622395833333 0.708740234375 0.45947265625 0.7030436197916666 0.463134765625 0.7022298177083334 0.4672037760416667 0.7071126302083334 0.4708658854166667 0.7103678385416666 0.4745279947916667 0.7144368489583334 0.4745279947916667 0.7250162760416666 0.4684244791666667 0.725830078125 0.4635416666666667 0.725830078125 0.45703125 0.718505859375
1 0.3024088541666667 0.8316243489583334 0.3076985677083333 0.8218587239583334 0.31298828125 0.8218587239583334 0.323974609375 0.8202311197916666 0.3292643229166667 0.8243001302083334 0.331298828125 0.8365071614583334 0.3284505208333333 0.8535970052083334 0.326416015625 0.8609212239583334 0.3162434895833333 0.8592936197916666 0.309326171875 0.8519694010416666
1 0.2706705729166667 0.8072102864583334 0.2771809895833333 0.811279296875 0.282470703125 0.8080240885416666 0.2861328125 0.825927734375 0.2877604166666667 0.8340657552083334 0.2804361979166667 0.8397623697916666 0.277587890625 0.8251139322916666
1 0.23282877604166666 0.8926595052083334 0.2373046875 0.8959147135416666 0.245849609375 0.8910319010416666 0.2539876302083333 0.894287109375 0.260498046875 0.9032389322916666 0.2666015625 0.9219563802083334 0.26904296875 0.9300944010416666 0.2670084635416667 0.9439290364583334 0.26171875 0.9569498697916666 0.2572428385416667 0.9659016927083334 0.2523600260416667 0.962646484375 0.2548014322916667 0.9398600260416666 0.24747721354166666 0.9276529947916666 0.23974609375 0.9252115885416666 0.23160807291666666 0.9252115885416666 0.22794596354166666 0.923583984375 0.2275390625 0.9105631510416666
1 0.2718912760416667 0.935791015625 0.2845052083333333 0.9268391927083334 0.2918294270833333 0.926025390625 0.2930501302083333 0.938232421875 0.28857421875 0.945556640625 0.277587890625 0.9471842447916666 0.2698567708333333 0.952880859375
1 0.30078125 0.9423014322916666 0.30810546875 0.9520670572916666 0.3125813802083333 0.9585774739583334 0.3146158854166667 0.9659016927083334 0.3174641927083333 0.9496256510416666 0.3150227864583333 0.9227701822916666 0.3125813802083333 0.9203287760416666 0.3089192708333333 0.9341634114583334
1 0.3199055989583333 0.9252115885416666 0.330078125 0.916259765625 0.3357747395833333 0.9097493489583334 0.341064453125 0.9073079427083334 0.3479817708333333 0.9146321614583334 0.3516438802083333 0.9227701822916666 0.348388671875 0.9398600260416666 0.3516438802083333 0.957763671875 0.3577473958333333 0.972412109375 0.3601888020833333 0.982177734375 0.3610026041666667 0.991943359375 0.360595703125 0.9951985677083334 0.3516438802083333 0.9976399739583334 0.3451334635416667 0.9960123697916666 0.33984375 0.991943359375 0.3333333333333333 0.9935709635416666 0.3256022135416667 0.9960123697916666 0.3235677083333333 0.991943359375 0.3194986979166667 0.974853515625 0.3170572916666667 0.9667154947916666 0.3211263020833333 0.955322265625 0.3207194010416667 0.9374186197916666
1 0.3675130208333333 0.8495279947916666 0.3784993489583333 0.8422037760416666 0.38134765625 0.8413899739583334 0.3846028645833333 0.860107421875 0.3894856770833333 0.8682454427083334 0.397216796875 0.8682454427083334 0.4049479166666667 0.8690592447916666 0.414306640625 0.8633626302083334 0.4151204427083333 0.838134765625 0.4208170572916667 0.855224609375 0.426513671875 0.8658040364583334 0.428955078125 0.877197265625 0.4281412760416667 0.8877766927083334 0.424072265625 0.9032389322916666 0.4151204427083333 0.9024251302083334 0.397216796875 0.9121907552083334 0.392333984375 0.9203287760416666 0.3882649739583333 0.933349609375 0.389892578125 0.9512532552083334 0.3935546875 0.9634602864583334 0.39111328125 0.9667154947916666 0.3805338541666667 0.9732259114583334 0.377685546875 0.9838053385416666 0.3793131510416667 0.996826171875 0.37158203125 0.9927571614583334 0.3658854166666667 0.9911295572916666 0.3626302083333333 0.972412109375 0.3687337239583333 0.965087890625 0.375244140625 0.952880859375 0.3809407552083333 0.9317220052083334 0.380126953125 0.8951009114583334 0.37890625 0.8828938802083334 0.369140625 0.882080078125 0.360595703125 0.8812662760416666 0.3642578125 0.869873046875
1 0.4025065104166667 0.7323404947916666 0.4053548177083333 0.740478515625 0.4073893229166667 0.750244140625 0.4073893229166667 0.762451171875 0.4073893229166667 0.7754720052083334 0.4102376302083333 0.7901204427083334 0.4151204427083333 0.7950032552083334 0.42041015625 0.796630859375 0.4248860677083333 0.806396484375 0.4322102864583333 0.811279296875 0.4395345052083333 0.8080240885416666 0.4342447916666667 0.7933756510416666 0.43017578125 0.7803548177083334 0.42529296875 0.7738444010416666 0.4183756510416667 0.7608235677083334 0.414306640625 0.7461751302083334 0.4102376302083333 0.7372233072916666
1 0.367919921875 0.6851399739583334 0.3711751302083333 0.6786295572916666 0.3736165364583333 0.6680501302083334 0.380126953125 0.6802571614583334 0.3902994791666667 0.6900227864583334 0.39599609375 0.6957194010416666 0.3976236979166667 0.7119954427083334 0.3939615885416667 0.7152506510416666 0.3858235677083333 0.7095540364583334 0.37890625 0.7079264322916666 0.372802734375 0.7144368489583334 0.3695475260416667 0.7217610677083334 0.3699544270833333 0.730712890625 0.3658854166666667 0.728271484375 0.3622233072916667 0.7266438802083334 0.359375 0.7201334635416666 0.359375 0.713623046875 0.3646647135416667 0.7152506510416666 0.3707682291666667 0.7103678385416666 0.3711751302083333 0.7022298177083334
1 0.3015950520833333 0.35717773437500006 0.3089192708333333 0.3579915364583334 0.3150227864583333 0.34741210937500006 0.319091796875 0.35229492187500006 0.3247884114583333 0.3555501302083334 0.328857421875 0.3653157552083334 0.3268229166666667 0.3701985677083334 0.3162434895833333 0.36938476562500006 0.3101399739583333 0.36857096354166674 0.3048502604166667 0.36612955729166674
1 0.33251953125 0.3555501302083334 0.341064453125 0.35636393229166674 0.3504231770833333 0.35636393229166674 0.3536783854166667 0.35636393229166674 0.3610026041666667 0.36450195312500006 0.3683268229166667 0.3775227864583334 0.3561197916666667 0.3701985677083334 0.3451334635416667 0.3677571614583334 0.33740234375 0.36694335937500006 0.3345540364583333 0.36612955729166674
1 0.30810546875 0.4165852864583334 0.310546875 0.40030924479166674 0.314208984375 0.3970540364583334 0.3243815104166667 0.40356445312500006 0.330078125 0.40275065104166674 0.33251953125 0.3946126302083334 0.3390299479166667 0.4019368489583334 0.343505859375 0.41495768229166674 0.3390299479166667 0.4263509114583334 0.3378092447916667 0.4385579427083334 0.3353678385416667 0.46704101562500006 0.33251953125 0.4751790364583334 0.3247884114583333 0.4605305989583334 0.326416015625 0.44669596354166674 0.328857421875 0.4263509114583334 0.326416015625 0.41739908854166674 0.3207194010416667 0.4141438802083334 0.31298828125 0.4141438802083334
1 0.4318033854166667 0.864990234375 0.4415690104166667 0.857666015625 0.4431966145833333 0.867431640625 0.4431966145833333 0.872314453125 0.438720703125 0.8755696614583334 0.4334309895833333 0.8804524739583334
1 0.4452311197916667 0.850341796875 0.4541829427083333 0.840576171875 0.4574381510416667 0.8226725260416666 0.4590657552083333 0.811279296875 0.4696451822916667 0.8275553385416666 0.47900390625 0.8365071614583334 0.4883626302083333 0.843017578125 0.4781901041666667 0.8495279947916666 0.4635416666666667 0.8568522135416666 0.4525553385416667 0.8609212239583334 0.446044921875 0.864990234375
1 0.46435546875 0.8104654947916666 0.4716796875 0.8023274739583334 0.4781901041666667 0.8006998697916666 0.4867350260416667 0.8031412760416666 0.49365234375 0.7974446614583334 0.4989420572916667 0.7909342447916666 0.5009765625 0.799072265625 0.5001627604166666 0.816162109375 0.502197265625 0.8348795572916666 0.507080078125 0.850341796875 0.5123697916666666 0.8584798177083334 0.5115559895833334 0.8666178385416666 0.5038248697916666 0.8706868489583334 0.49609375 0.8706868489583334 0.494873046875 0.8470865885416666 0.4891764322916667 0.835693359375 0.475341796875 0.8267415364583334 0.4663899739583333 0.8194173177083334
1 0.4891764322916667 0.7339680989583334 0.4908040364583333 0.7119954427083334 0.49609375 0.6957194010416666 0.5009765625 0.694091796875 0.5091145833333334 0.6997884114583334 0.5152180989583334 0.7022298177083334 0.51318359375 0.720947265625 0.5139973958333334 0.7421061197916666 0.509521484375 0.7469889322916666 0.4993489583333333 0.7494303385416666
1 0.502197265625 0.7567545572916666 0.509521484375 0.752685546875 0.5135904947916666 0.7494303385416666 0.5205078125 0.747802734375 0.5245768229166666 0.7469889322916666 0.5249837239583334 0.7543131510416666 0.5233561197916666 0.7616373697916666 0.516845703125 0.769775390625 0.5115559895833334 0.7754720052083334 0.5042317708333334 0.784423828125 0.5030110677083334 0.7779134114583334
1 0.5172526041666666 0.8658040364583334 0.5257975260416666 0.867431640625 0.531494140625 0.8706868489583334 0.5359700520833334 0.8739420572916666 0.5310872395833334 0.882080078125 0.5274251302083334 0.8934733072916666 0.52783203125 0.9056803385416666 0.5306803385416666 0.913818359375 0.53515625 0.9276529947916666 0.5404459635416666 0.9374186197916666 0.538818359375 0.9471842447916666 0.5335286458333334 0.955322265625 0.5294596354166666 0.9634602864583334 0.514404296875 0.960205078125 0.509521484375 0.9569498697916666 0.507080078125 0.950439453125 0.5111490885416666 0.938232421875 0.5172526041666666 0.9252115885416666 0.5221354166666666 0.9105631510416666 0.52294921875 0.8926595052083334 0.5201009114583334 0.8763834635416666
1 0.4842936197916667 0.9276529947916666 0.4883626302083333 0.9203287760416666 0.4940592447916667 0.9276529947916666 0.4993489583333333 0.943115234375 0.5030110677083334 0.9496256510416666 0.5054524739583334 0.9593912760416666 0.5030110677083334 0.9715983072916666 0.5013834635416666 0.979736328125 0.4993489583333333 0.9659016927083334 0.4903971354166667 0.9561360677083334 0.4855143229166667 0.9536946614583334 0.4847005208333333 0.940673828125
1 0.5074869791666666 0.9951985677083334 0.5111490885416666 0.9764811197916666 0.5123697916666666 0.967529296875 0.52294921875 0.9683430989583334 0.5294596354166666 0.9683430989583334 0.5380045572916666 0.9585774739583334 0.541259765625 0.9707845052083334 0.5343424479166666 0.9781087239583334 0.529052734375 0.9862467447916666 0.5237630208333334 0.9935709635416666
1 0.5420735677083334 0.9561360677083334 0.543701171875 0.9488118489583334 0.548583984375 0.9488118489583334 0.5579427083333334 0.950439453125 0.5636393229166666 0.947998046875 0.572998046875 0.945556640625 0.5782877604166666 0.9423014322916666 0.5831705729166666 0.945556640625 0.5872395833333334 0.9520670572916666 0.590087890625 0.965087890625 0.59130859375 0.9805501302083334 0.5847981770833334 0.967529296875 0.575439453125 0.962646484375 0.5636393229166666 0.965087890625 0.5546875 0.9691569010416666 0.5481770833333334 0.9707845052083334 0.543701171875 0.967529296875
1 0.5599772135416666 0.9056803385416666 0.5575358072916666 0.8861490885416666 0.5575358072916666 0.8755696614583334 0.5640462239583334 0.874755859375 0.5709635416666666 0.8788248697916666 0.5762532552083334 0.867431640625 0.5791015625 0.8470865885416666 0.5835774739583334 0.8658040364583334 0.5892740885416666 0.879638671875 0.5941569010416666 0.891845703125 0.592529296875 0.896728515625 0.5782877604166666 0.899169921875 0.5746256510416666 0.9073079427083334 0.5685221354166666 0.9146321614583334
1 0.5921223958333334 0.8096516927083334 0.5986328125 0.808837890625 0.6063639322916666 0.8104654947916666 0.6140950520833334 0.8104654947916666 0.62060546875 0.8120930989583334 0.629150390625 0.8120930989583334 0.6344401041666666 0.8145345052083334 0.6385091145833334 0.828369140625 0.6328125 0.8275553385416666 0.6263020833333334 0.8243001302083334 0.6185709635416666 0.823486328125 0.614501953125 0.8291829427083334 0.6173502604166666 0.8446451822916666 0.6181640625 0.855224609375 0.6185709635416666 0.8641764322916666 0.61572265625 0.8780110677083334 0.6088053385416666 0.8885904947916666 0.60107421875 0.8910319010416666 0.59619140625 0.8828938802083334 0.5917154947916666 0.8731282552083334 0.5921223958333334 0.8544108072916666 0.5917154947916666 0.8316243489583334
1 0.55712890625 0.7591959635416666 0.558349609375 0.747802734375 0.5660807291666666 0.7534993489583334 0.5734049479166666 0.7591959635416666 0.5774739583333334 0.7730305989583334 0.575439453125 0.777099609375 0.5701497395833334 0.769775390625 0.5640462239583334 0.7730305989583334
1 0.5782877604166666 0.7583821614583334 0.5847981770833334 0.7486165364583334 0.5909016927083334 0.7421061197916666 0.5970052083333334 0.7437337239583334 0.5986328125 0.7608235677083334 0.5978190104166666 0.7681477864583334 0.58642578125 0.769775390625 0.582763671875 0.7738444010416666
1 0.6307779947916666 0.7738444010416666 0.6356608072916666 0.760009765625 0.6417643229166666 0.742919921875 0.646240234375 0.7323404947916666 0.6503092447916666 0.7412923177083334 0.6507161458333334 0.7518717447916666 0.64501953125 0.7665201822916666 0.638916015625 0.7836100260416666 0.6356608072916666 0.7876790364583334 0.6328125 0.7827962239583334
1 0.6442057291666666 0.7860514322916666 0.64501953125 0.779541015625 0.65234375 0.7632649739583334 0.6576334635416666 0.752685546875 0.660888671875 0.7591959635416666 0.662109375 0.7730305989583334 0.6588541666666666 0.7852376302083334 0.6543782552083334 0.7950032552083334 0.6515299479166666 0.7974446614583334
1 0.6629231770833334 0.7518717447916666 0.6666666666666666 0.745361328125 0.6666666666666666 0.7412923177083334 0.6666666666666666 0.740478515625 0.6666666666666666 0.7445475260416666 0.6666666666666666 0.750244140625 0.6666666666666666 0.7640787760416666 0.6666666666666666 0.7665201822916666 0.6666666666666666 0.7730305989583334 0.6666666666666666 0.774658203125 0.6666666666666666 0.7681477864583334 0.6666666666666666 0.7681477864583334 0.6665852864583334 0.7714029947916666
1 0.6149088541666666 0.8983561197916666 0.623046875 0.8975423177083334 0.63037109375 0.9048665364583334 0.6376953125 0.913818359375 0.6433919270833334 0.9219563802083334 0.6470540364583334 0.9341634114583334 0.6470540364583334 0.9423014322916666 0.6397298177083334 0.9496256510416666 0.6324055989583334 0.9569498697916666 0.626708984375 0.9366048177083334 0.6177571614583334 0.916259765625 0.6153157552083334 0.906494140625
1 0.641357421875 0.994384765625 0.6372884114583334 0.9789225260416666 0.64501953125 0.967529296875 0.6519368489583334 0.9585774739583334 0.6612955729166666 0.9683430989583334 0.665771484375 0.979736328125 0.6661783854166666 0.991943359375 0.6649576822916666 0.9960123697916666 0.6576334635416666 0.994384765625 0.6490885416666666 0.9951985677083334 0.646240234375 0.9951985677083334
1 0.3235677083333333 0.1724446614583334 0.3296712239583333 0.1675618489583334 0.3341471354166667 0.1626790364583334 0.3430989583333333 0.1626790364583334 0.349609375 0.18058268229166674 0.3614095052083333 0.19116210937500008 0.3662923177083333 0.19523111979166674 0.369140625 0.2041829427083334 0.3671061197916667 0.2115071614583334 0.3610026041666667 0.22696940104166674 0.3565266927083333 0.22778320312500008 0.350830078125 0.21720377604166674 0.3443196614583333 0.20255533854166674 0.3382161458333333 0.19767252604166674 0.331298828125 0.1968587239583334 0.3280436197916667 0.18627929687500008
1 0.3695475260416667 0.18058268229166674 0.3768717447916667 0.1700032552083334 0.3821614583333333 0.16349283854166674 0.3939615885416667 0.16430664062500008 0.4012858072916667 0.1651204427083334 0.4033203125 0.17651367187500008 0.4049479166666667 0.1870930989583334 0.3931477864583333 0.1895345052083334 0.3833821614583333 0.19523111979166674 0.3711751302083333 0.20011393229166674
1 0.37890625 0.11710611979166674 0.3841959635416667 0.09350585937500007 0.3854166666666667 0.07967122395833341 0.3976236979166667 0.09025065104166674 0.406982421875 0.10001627604166674 0.4126790364583333 0.10896809895833341 0.4098307291666667 0.12524414062500008 0.40576171875 0.1382649739583334 0.4033203125 0.15209960937500008 0.3976236979166667 0.15861002604166674 0.3854166666666667 0.15698242187500008 0.3809407552083333 0.15454101562500008 0.3797200520833333 0.1333821614583334
1 0.4354654947916667 0.00968424479166674 0.4431966145833333 0.003173828125000074 0.4554036458333333 0.0013020833333333333 0.4716796875 0.0023600260416667407 0.470458984375 0.022705078125000073 0.4676106770833333 0.033284505208333405 0.4611002604166667 0.039794921875000076 0.4537760416666667 0.033284505208333405 0.4464518229166667 0.02596028645833341 0.4407552083333333 0.01863606770833341
1 0.4745279947916667 0.003173828125000074 0.4737141927083333 0.01456705729166674 0.472900390625 0.02351888020833341 0.48876953125 0.02596028645833341 0.4965006510416667 0.03653971354166674 0.5005696614583334 0.035725911458333405 0.5001627604166666 0.02189127604166674 0.507080078125 0.0015462239583334074 0.489990234375 0.0015462239583334074 0.4785970052083333 0.0015462239583334074
1 0.4586588541666667 0.049560546875000076 0.468017578125 0.038167317708333405 0.4745279947916667 0.030029296875000073 0.4847005208333333 0.032470703125000076 0.4912109375 0.038167317708333405 0.4879557291666667 0.047119140625000076 0.4794108072916667 0.060139973958333405 0.4773763020833333 0.07316080729166674 0.47412109375 0.09594726562500007 0.4700520833333333 0.10571289062500007 0.4647623697916667 0.11710611979166674 0.458251953125 0.12931315104166674 0.4623209635416667 0.10896809895833341 0.4566243489583333 0.09757486979166674 0.45947265625 0.07885742187500007
1 0.45947265625 0.13745117187500008 0.4651692708333333 0.1260579427083334 0.4716796875 0.11629231770833341 0.4749348958333333 0.12361653645833341 0.4773763020833333 0.14640299479166674 0.4785970052083333 0.1675618489583334 0.47900390625 0.1773274739583334 0.4724934895833333 0.1870930989583334 0.465576171875 0.19848632812500008 0.4635416666666667 0.20581054687500008 0.4627278645833333 0.17895507812500008 0.4562174479166667 0.16349283854166674
1 0.4358723958333333 0.21232096354166674 0.441162109375 0.20011393229166674 0.4476725260416667 0.20987955729166674 0.450927734375 0.22208658854166674 0.4513346354166667 0.23917643229166674 0.4627278645833333 0.24487304687500008 0.455810546875 0.25870768229166674 0.4488932291666667 0.25952148437500006 0.4431966145833333 0.2578938802083334 0.438720703125 0.23510742187500008
1 0.505859375 0.25382486979166674 0.511962890625 0.2432454427083334 0.5172526041666666 0.23429361979166674 0.5249837239583334 0.2261555989583334 0.5310872395833334 0.22534179687500008 0.5298665364583334 0.24894205729166674 0.5302734375 0.2774251302083334 0.529052734375 0.28881835937500006 0.5245768229166666 0.2920735677083334 0.5172526041666666 0.28149414062500006
1 0.5074869791666666 0.047932942708333405 0.5188802083333334 0.03409830729166674 0.524169921875 0.027587890625000073 0.52783203125 0.04630533854166674 0.531494140625 0.06258138020833341 0.5237630208333334 0.07153320312500007 0.5152180989583334 0.07804361979166674 0.5111490885416666 0.07967122395833341 0.509521484375 0.061767578125000076
1 0.5506184895833334 0.08211263020833341 0.555908203125 0.07560221354166674 0.5611979166666666 0.07804361979166674 0.5660807291666666 0.10489908854166674 0.5725911458333334 0.12036132812500007 0.5786946614583334 0.13419596354166674 0.580322265625 0.1455891927083334 0.5693359375 0.1382649739583334 0.56201171875 0.13989257812500008 0.5567220052083334 0.12443033854166674 0.5550944010416666 0.09838867187500007
1 0.6128743489583334 0.19523111979166674 0.6161295572916666 0.18790690104166674 0.6222330729166666 0.18302408854166674 0.6287434895833334 0.1748860677083334 0.6328125 0.16186523437500008 0.6344401041666666 0.15209960937500008 0.6381022135416666 0.16349283854166674 0.646240234375 0.1675618489583334 0.6429850260416666 0.18383789062500008 0.6429850260416666 0.2017415364583334 0.641357421875 0.2188313802083334 0.642578125 0.23022460937500008 0.6490885416666666 0.2285970052083334 0.6527506510416666 0.23510742187500008 0.6527506510416666 0.24975585937500008 0.6458333333333334 0.24975585937500008 0.6409505208333334 0.25870768229166674 0.6376953125 0.26684570312500006 0.6336263020833334 0.27335611979166674 0.6279296875 0.27172851562500006 0.629150390625 0.2578938802083334 0.62548828125 0.23999023437500008 0.6271158854166666 0.2310384114583334 0.631591796875 0.21964518229166674 0.6319986979166666 0.20743815104166674 0.6283365885416666 0.20011393229166674 0.6234537760416666 0.1968587239583334
1 0.546142578125 0.4556477864583334 0.5538736979166666 0.46215820312500006 0.5591634114583334 0.46704101562500006 0.5599772135416666 0.47924804687500006 0.5518391927083334 0.4800618489583334 0.5453287760416666 0.4776204427083334 0.543701171875 0.46866861979166674
1 0.5860188802083334 0.4654134114583334 0.5929361979166666 0.45890299479166674 0.6006673177083334 0.46215820312500006 0.6104329427083334 0.46948242187500006 0.6104329427083334 0.48819986979166674 0.6031087239583334 0.49389648437500006 0.5904947916666666 0.49633789062500006 0.5856119791666666 0.49389648437500006 0.5843912760416666 0.4800618489583334
1 0.5355631510416666 0.5093587239583334 0.5396321614583334 0.5126139322916667 0.543701171875 0.5199381510416667 0.543701171875 0.5240071614583334 0.5380045572916666 0.5248209635416667
1 0.5201009114583334 0.3872884114583334 0.5233561197916666 0.38077799479166674 0.5294596354166666 0.38810221354166674 0.5359700520833334 0.3872884114583334 0.5400390625 0.38647460937500006 0.5445149739583334 0.3921712239583334 0.548583984375 0.39868164062500006 0.548583984375 0.40763346354166674 0.5453287760416666 0.4092610677083334 0.5392252604166666 0.4019368489583334 0.5319010416666666 0.3994954427083334 0.525390625 0.40275065104166674
1 0.5465494791666666 0.41577148437500006 0.5514322916666666 0.41495768229166674 0.5575358072916666 0.42228190104166674 0.5648600260416666 0.4312337239583334 0.5555013020833334 0.4312337239583334 0.5498046875 0.43204752604166674
1 0.5493977864583334 0.33276367187500006 0.55224609375 0.3213704427083334 0.5526529947916666 0.3116048177083334 0.5575358072916666 0.3189290364583334 0.5636393229166666 0.33032226562500006 0.5685221354166666 0.33439127604166674 0.5677083333333334 0.34985351562500006 0.57177734375 0.36124674479166674 0.5762532552083334 0.36857096354166674 0.5721842447916666 0.3775227864583334 0.5709635416666666 0.3897298177083334 0.5721842447916666 0.40112304687500006 0.5664876302083334 0.3994954427083334 0.56201171875 0.40030924479166674 0.558349609375 0.4092610677083334 0.5550944010416666 0.40763346354166674 0.5526529947916666 0.3970540364583334 0.5587565104166666 0.39135742187500006 0.5636393229166666 0.36857096354166674 0.560791015625 0.3433430989583334 0.5555013020833334 0.33683268229166674
1 0.5469563802083334 0.5150553385416667 0.5518391927083334 0.49877929687500006 0.553466796875 0.4898274739583334 0.5603841145833334 0.48819986979166674 0.565673828125 0.4971516927083334 0.5791015625 0.5004069010416667 0.582763671875 0.5020345052083334 0.58154296875 0.5272623697916667 0.582763671875 0.5573730468750001 0.5904947916666666 0.5769042968750001 0.5965983072916666 0.5907389322916667 0.5904947916666666 0.5972493489583334 0.5884602864583334 0.6135253906250001 0.5904947916666666 0.6346842447916667 0.592529296875 0.6460774739583334 0.5909016927083334 0.6501464843750001 0.5856119791666666 0.6403808593750001 0.5856119791666666 0.6192220052083334 0.5807291666666666 0.6005045572916667 0.5807291666666666 0.5809733072916667 0.5786946614583334 0.5671386718750001 0.57421875 0.5663248697916667 0.5689290364583334 0.5614420572916667 0.5677083333333334 0.5467936197916667 0.560791015625 0.5419108072916667 0.5546875 0.5345865885416667 0.5493977864583334 0.5256347656250001
1 0.6153157552083334 0.33764648437500006 0.6201985677083334 0.32218424479166674 0.6250813802083334 0.31974283854166674 0.6356608072916666 0.32706705729166674 0.6385091145833334 0.3335774739583334 0.6385091145833334 0.34741210937500006 0.6385091145833334 0.35636393229166674 0.631591796875 0.35961914062500006 0.629150390625 0.36857096354166674 0.626708984375 0.35229492187500006 0.6234537760416666 0.3409016927083334
1 0.599853515625 0.29532877604166674 0.6079915364583334 0.29532877604166674 0.609619140625 0.30753580729166674 0.60595703125 0.31323242187500006 0.6031087239583334 0.31486002604166674 0.6002604166666666 0.3067220052083334
1 0.555908203125 0.24243164062500008 0.555908203125 0.23754882812500008 0.5611979166666666 0.2359212239583334 0.565673828125 0.2408040364583334 0.5709635416666666 0.24975585937500008 0.563232421875 0.24487304687500008
1 0.5868326822916666 0.24650065104166674 0.59130859375 0.2359212239583334 0.5929361979166666 0.21964518229166674 0.5965983072916666 0.2212727864583334 0.5986328125 0.23673502604166674 0.594970703125 0.24650065104166674 0.5904947916666666 0.25219726562500006
1 0.5111490885416666 0.15698242187500008 0.5107421875 0.1724446614583334 0.5107421875 0.18383789062500008 0.5123697916666666 0.1919759114583334 0.5164388020833334 0.20987955729166674 0.5201009114583334 0.21801757812500008 0.5233561197916666 0.22045898437500008 0.521728515625 0.2017415364583334 0.521728515625 0.1895345052083334 0.5184733072916666 0.18139648437500008 0.5148111979166666 0.1724446614583334
1 0.5616048177083334 0.003173828125000074 0.56689453125 0.008870442708333407 0.5738118489583334 0.010498046875000075 0.5831705729166666 0.00968424479166674 0.5909016927083334 0.004801432291666741 0.5808987087673609 0.0013020833333333333 0.56689453125 0.0015462239583334074
1 0.5843912760416666 0.017822265625000073 0.5892740885416666 0.013753255208333407 0.5941569010416666 0.01944986979166674 0.5990397135416666 0.02596028645833341 0.607177734375 0.02677408854166674 0.6136881510416666 0.02677408854166674 0.6112467447916666 0.044677734375000076 0.6092122395833334 0.05118815104166674 0.6014811197916666 0.052815755208333405 0.5945638020833334 0.055257161458333405 0.5933430989583334 0.07234700520833341 0.5933430989583334 0.08374023437500007 0.583984375 0.08536783854166674 0.5799153645833334 0.08374023437500007 0.5774739583333334 0.06420898437500007 0.5807291666666666 0.050374348958333405 0.583984375 0.034912109375000076
1 0.6360677083333334 0.011311848958333407 0.6381022135416666 0.025146484375000073 0.6421712239583334 0.034912109375000076 0.64990234375 0.03409830729166674 0.6454264322916666 0.044677734375000076 0.6454264322916666 0.06258138020833341 0.6458333333333334 0.07804361979166674 0.6433919270833334 0.07641601562500007 0.64013671875 0.06746419270833341 0.6360677083333334 0.047932942708333405 0.6344401041666666 0.02921549479166674
1 0.663330078125 0.12361653645833341 0.6666666666666666 0.1284993489583334 0.6666666666666666 0.1284993489583334 0.6666666666666666 0.14477539062500008 0.6666666666666666 0.15942382812500008 0.6666666666666666 0.1675618489583334 0.6649576822916666 0.15942382812500008 0.662109375 0.1480305989583334
1 0.60595703125 0.40844726562500006 0.61572265625 0.39542643229166674 0.626708984375 0.3897298177083334 0.6295572916666666 0.39786783854166674 0.634033203125 0.4043782552083334 0.6417643229166666 0.40844726562500006 0.642578125 0.42309570312500006 0.6397298177083334 0.43693033854166674 0.6336263020833334 0.44669596354166674 0.6226399739583334 0.45890299479166674 0.6177571614583334 0.4678548177083334 0.6088053385416666 0.4629720052083334 0.6018880208333334 0.45646158854166674 0.6051432291666666 0.4385579427083334
1 0.6140950520833334 0.47599283854166674 0.6234537760416666 0.4702962239583334 0.6283365885416666 0.46378580729166674 0.631591796875 0.4751790364583334 0.6319986979166666 0.48657226562500006 0.6295572916666666 0.49877929687500006 0.6263020833333334 0.5044759114583334 0.62548828125 0.5142415364583334 0.629150390625 0.5215657552083334 0.6201985677083334 0.5158691406250001 0.6149088541666666 0.49877929687500006
1 0.631591796875 0.45646158854166674 0.6368815104166666 0.44913736979166674 0.6442057291666666 0.44506835937500006 0.6519368489583334 0.44995117187500006 0.6494954427083334 0.46215820312500006 0.64501953125 0.47355143229166674 0.6397298177083334 0.47843424479166674 0.6344401041666666 0.4678548177083334
1 0.5087076822916666 0.6713053385416666 0.5152180989583334 0.6704915364583334 0.5209147135416666 0.6713053385416666 0.5270182291666666 0.6615397135416667 0.5347493489583334 0.6468912760416667 0.5465494791666666 0.6241048177083334 0.5530598958333334 0.6151529947916667 0.5603841145833334 0.6241048177083334 0.5603841145833334 0.6420084635416667 0.5591634114583334 0.6582845052083334 0.5624186197916666 0.672119140625 0.57177734375 0.6786295572916666 0.5791015625 0.679443359375 0.5819498697916666 0.6566569010416667 0.5831705729166666 0.6403808593750001 0.58154296875 0.6249186197916667 0.577880859375 0.6102701822916667 0.5709635416666666 0.6013183593750001 0.560791015625 0.6021321614583334 0.5493977864583334 0.6037597656250001 0.5441080729166666 0.6110839843750001 0.5392252604166666 0.6216634114583334 0.53271484375 0.6338704427083334 0.5249837239583334 0.6346842447916667 0.5205078125 0.6289876302083334 0.516845703125 0.6224772135416667 0.514404296875 0.6143391927083334 0.511962890625 0.6118977864583334 0.507080078125 0.6102701822916667 0.5026041666666666 0.6062011718750001 0.5009765625 0.6021321614583334 0.4977213541666667 0.6078287760416667 0.4908040364583333 0.6143391927083334 0.4847005208333333 0.6192220052083334 0.4806315104166667 0.6281738281250001 0.4785970052083333 0.6289876302083334 0.4814453125 0.6330566406250001 0.4859212239583333 0.6281738281250001 0.4908040364583333 0.6216634114583334 0.4981282552083333 0.6159667968750001 0.5038248697916666 0.6143391927083334 0.5099283854166666 0.6175944010416667 0.5139973958333334 0.6224772135416667 0.5160319010416666 0.6314290364583334 0.5152180989583334 0.6428222656250001 0.5123697916666666 0.6525878906250001 0.5103352864583334 0.6623535156250001
1 0.607177734375 0.6086425781250001 0.6116536458333334 0.6062011718750001 0.6161295572916666 0.6062011718750001 0.6189778645833334 0.6151529947916667 0.62548828125 0.6175944010416667 0.6311848958333334 0.6143391927083334 0.63525390625 0.6086425781250001 0.6311848958333334 0.5964355468750001 0.6393229166666666 0.5948079427083334 0.648681640625 0.5915527343750001 0.6568196614583334 0.5882975260416667 0.65966796875 0.5882975260416667 0.6592610677083334 0.6110839843750001 0.6588541666666666 0.6273600260416667 0.6555989583333334 0.6338704427083334 0.6470540364583334 0.6371256510416667 0.6332194010416666 0.6403808593750001 0.6275227864583334 0.6436360677083334 0.621826171875 0.6411946614583334 0.6128743489583334 0.6273600260416667 0.6092122395833334 0.6200358072916667
1 0.6564127604166666 0.27416992187500006 0.6612955729166666 0.28556315104166674 0.6666666666666666 0.29858398437500006 0.6666666666666666 0.29288736979166674 0.6666666666666666 0.2969563802083334 0.6666666666666666 0.3018391927083334 0.6666666666666666 0.30834960937500006 0.6666666666666666 0.3140462239583334 0.6666666666666666 0.32706705729166674 0.6666666666666666 0.33764648437500006 0.6637369791666666 0.3409016927083334 0.6555989583333334 0.33683268229166674 0.6474609375 0.32950846354166674 0.651123046875 0.31811523437500006 0.6543782552083334 0.29858398437500006
1 0.6666666666666666 0.2188313802083334 0.6666666666666666 0.2188313802083334 0.6666666666666666 0.2090657552083334 0.6666666666666666 0.20011393229166674 0.6666666666666666 0.19767252604166674 0.6666666666666666 0.2115071614583334 0.6666666666666666 0.21069335937500008 0.6666666666666666 0.20092773437500008 0.6666666666666666 0.19034830729166674 0.6666666666666666 0.2090657552083334 0.6666666666666666 0.21964518229166674 0.6666666666666666 0.23673502604166674 0.6666666666666666 0.24650065104166674 0.6666666666666666 0.25382486979166674 0.6666666666666666 0.25382486979166674 0.6666666666666666 0.2456868489583334 0.6666666666666666 0.2456868489583334 0.6666666666666666 0.25138346354166674 0.6666666666666666 0.26196289062500006 0.6666666666666666 0.2456868489583334 0.6666666666666666 0.2310384114583334
1 0.6666666666666666 0.11385091145833341 0.6666666666666666 0.10245768229166674 0.6666666666666666 0.08536783854166674 0.6666666666666666 0.06909179687500007 0.6666666666666666 0.08211263020833341 0.6666666666666666 0.09269205729166674 0.6666666666666666 0.09757486979166674 0.6666666666666666 0.10489908854166674 0.6666666666666666 0.11466471354166674 0.6666666666666666 0.12280273437500007 0.6666666666666666 0.13175455729166674 0.6666666666666666 0.14477539062500008 0.6666666666666666 0.15128580729166674 0.6666666666666666 0.16186523437500008 0.6666666666666666 0.15128580729166674 0.6666666666666666 0.13419596354166674 0.6666666666666666 0.12198893229166674 0.6666666666666666 0.11466471354166674
1 0.6666666666666666 0.003173828125000074 0.6666666666666666 0.03409830729166674 0.6666666666666666 0.042236328125000076 0.6666666666666666 0.04630533854166674 0.6666666666666666 0.05362955729166674 0.6666666666666666 0.06339518229166674 0.6666666666666666 0.06258138020833341 0.6666666666666666 0.04386393229166674 0.6666666666666666 0.01700846354166674 0.6666666666666666 0.007242838541666741 0.6666666666666666 0.0013020833333333333 0.6666666666666666 0.0013020833333333333 0.6666666666666666 0.0023600260416667407 0.6666666666666666 0.0023600260416667407
1 0.6666666666666666 0.0013020833333333333 0.6666666666666666 0.010498046875000075 0.6666666666666666 0.01863606770833341 0.6666666666666666 0.02677408854166674 0.6666666666666666 0.038167317708333405 0.6666666666666666 0.03409830729166674 0.6666666666666666 0.02189127604166674 0.6666666666666666 0.0026765046296296628 0.6666666666666666 0.0026765046296296628
1 0.6408600983796297 0.5226056134259259 0.6575882523148148 0.5153718171296297 0.6666666666666666 0.5063295717592593 0.6666666666666666 0.498191550925926 0.6666666666666666 0.4918619791666667 0.6666666666666666 0.5054253472222222 0.6666666666666666 0.5144675925925927 0.6666666666666666 0.5244140625 0.6666666666666666 0.5289351851851852 0.6666666666666666 0.5271267361111112 0.6666666666666666 0.5334563078703703 0.6666666666666666 0.546115451388889 0.6666666666666666 0.5506365740740741 0.6666666666666666 0.5415943287037037 0.6666666666666666 0.5253182870370371 0.6616572627314815 0.5226056134259259 0.6539713541666666 0.523509837962963 0.6462854456018519 0.5253182870370371
1 0.6666666666666666 0.5316478587962964 0.6666666666666666 0.5262225115740741 0.6666666666666666 0.5226056134259259 0.6666666666666666 0.5262225115740741 0.6666666666666666 0.5262225115740741 0.6666666666666666 0.5307436342592593 0.6666666666666666 0.5415943287037037 0.6666666666666666 0.5470196759259259 0.6666666666666666 0.546115451388889 0.6666666666666666 0.548828125 0.6666666666666666 0.5424985532407408
1 0.6553276909722222 0.6772280092592594 0.6625614872685185 0.6645688657407408 0.6666666666666666 0.6618561921296297 0.6666666666666666 0.6754195601851852 0.6666666666666666 0.6871744791666669 0.6666666666666666 0.6898871527777778 0.6666666666666666 0.6980251736111112 0.6666304976851852 0.7079716435185186 0.6607530381944444 0.7133969907407409 0.6575882523148148 0.7061631944444445
1 0.6064995659722222 0.7287688078703706 0.6114728009259259 0.7133969907407409 0.615993923611111 0.717918113425926 0.6241319444444444 0.7143012152777778 0.6236798321759259 0.7242476851851852 0.6173502604166666 0.7314814814814815
1 0.6666666666666666 0.669089988425926 0.6666666666666666 0.6537181712962964 0.6666666666666666 0.6428674768518519 0.6666666666666666 0.6419632523148149 0.6666666666666666 0.6510054976851852 0.6666666666666666 0.6645688657407408 0.6666666666666666 0.6808449074074076 0.6666666666666666 0.691695601851852 0.6666666666666666 0.692599826388889 0.6666666666666666 0.6871744791666669 0.6666666666666666 0.6889829282407409 0.6666666666666666 0.6817491319444445
1 0.6666666666666666 0.5641999421296297 0.6666666666666666 0.5678168402777778 0.6666666666666666 0.572337962962963 0.6666666666666666 0.5759548611111112 0.6666666666666666 0.5868055555555556 0.6666666666666666 0.5958478009259259 0.6666666666666666 0.59765625 0.6666666666666666 0.5786675347222222
1 0.6666666666666666 0.6410590277777778 0.6666666666666666 0.6247829861111112 0.6666666666666666 0.6048900462962964 0.6666666666666666 0.6039858217592593 0.6666666666666666 0.6184534143518519 0.6666666666666666 0.6546223958333334 0.6666666666666666 0.6663773148148149 0.6666666666666666 0.6681180928912784 0.6666666666666666 0.6989293981481483 0.6666666666666666 0.7052589699074076 0.6666666666666666 0.7088758680555557 0.6666666666666666 0.6808449074074076 0.6666666666666666 0.6772280092592594 0.6666666666666666 0.6862702546296298 0.6666666666666666 0.6989293981481483 0.6666666666666666 0.7097800925925927 0.6666666666666666 0.6898871527777778 0.6666666666666666 0.668185763888889
1 0.6666666666666666 0.7034505208333335 0.6666666666666666 0.6953125000000001 0.6666666666666666 0.6998336226851852 0.6666666666666666 0.7106843171296298 0.6666666666666666 0.7206307870370372 0.6666666666666666 0.7278645833333335 0.6666666666666666 0.7341941550925927 0.6666666666666666 0.7269603587962964 0.6666666666666666 0.7188223379629631
1 0.6666666666666666 0.29926215277777785 0.6666666666666666 0.26851851851851855 0.6666666666666666 0.2576678240740741 0.6666666666666666 0.254955150462963 0.6666666666666666 0.2594762731481482 0.6666666666666666 0.2658058449074075 0.6666666666666666 0.27756076388888895 0.6666666666666666 0.28298611111111116 0.6666666666666666 0.29202835648148157 0.6666666666666666 0.30740017361111116 0.6666666666666666 0.3191550925925926 0.6666666666666666 0.32638888888888895 0.6666666666666666 0.31192129629629634
1 0.6666666666666666 0.38335503472222227 0.6666666666666666 0.3933015046296297 0.6666666666666666 0.4086733217592593 0.6666666666666666 0.40505642361111116 0.6666666666666666 0.3923972800925926 0.6666666666666666 0.40505642361111116 0.6666666666666666 0.41409866898148145 0.6666666666666666 0.4222366898148148 0.6666666666666666 0.43037471064814814 0.6666666666666666 0.4439380787037037 0.6666666666666666 0.43037471064814814 0.6666666666666666 0.4240451388888889 0.6666666666666666 0.4222366898148148 0.664822048611111 0.424949363425926 0.6666666666666666 0.40505642361111116
1 0.6666666666666666 0.3914930555555556 0.6666666666666666 0.38968460648148145 0.6666666666666666 0.3951099537037037 0.6666666666666666 0.40234375 0.6666666666666666 0.425853587962963 0.6666666666666666 0.4403211805555556 0.6666666666666666 0.450267650462963 0.6666666666666666 0.4575014467592593 0.6666666666666666 0.4376085069444445 0.6666666666666666 0.42314091435185186
1 0.6666666666666666 0.3508029513888889 0.6666666666666666 0.3444733796296297 0.6666666666666666 0.3381438078703704 0.6666666666666666 0.3399522569444445 0.6666666666666666 0.34176070601851855 0.6666666666666666 0.35609969778806577 0.6666666666666666 0.36617476851851855 0.6666666666666666 0.3580367476851852 0.6666666666666666 0.3553240740740741 0.6666666666666666 0.35713252314814814 0.6666666666666666 0.3625578703703704 0.6666666666666666 0.36346209490740744 0.6666666666666666 0.36617476851851855
1 0.6666666666666666 0.401439525462963 0.6666666666666666 0.4113859953703704 0.6666666666666666 0.42161277488425924 0.6666666666666666 0.47829861111111116 0.6666666666666666 0.48281973379629634 0.6666666666666666 0.49367042824074076 0.6666666666666666 0.5054253472222222 0.6666666666666666 0.5180844907407408 0.6666666666666666 0.5180844907407408 0.6666666666666666 0.5018084490740741 0.6666666666666666 0.48734085648148145 0.6666666666666666 0.473777488425926 0.6666666666666666 0.4728732638888889 0.6666666666666666 0.4728732638888889 0.6666666666666666 0.4647352430555556 0.6666666666666666 0.45388454861111116 0.6666666666666666 0.4358000578703704 0.6666666666666666 0.4104817708333333
1 0.6666666666666666 0.4240451388888889 0.6666666666666666 0.4466507523148148 0.6666666666666666 0.4593098958333333 0.6666666666666666 0.4656394675925926 0.6666666666666666 0.4837239583333333 0.6666666666666666 0.48824508101851855 0.6666666666666666 0.4846281828703704 0.6666666666666666 0.4683521412037037 0.6666666666666666 0.4348958333333333
1 0.6666666666666666 0.46925636574074076 0.6666666666666666 0.4656394675925926 0.6666666666666666 0.4683521412037037 0.6666666666666666 0.4837239583333333 0.6666666666666666 0.499095775462963 0.6666666666666666 0.49457465277777785 0.6666666666666666 0.48281973379629634
1 0.6666666666666666 0.22240306712962968 0.6666666666666666 0.20974392361111116 0.6666666666666666 0.21155237268518523 0.6666666666666666 0.21516927083333337 0.6666666666666666 0.2323495370370371 0.6666666666666666 0.24681712962962968 0.6666666666666666 0.2567635995370371 0.6666666666666666 0.23596643518518523 0.6666666666666666 0.23325376157407415 0.6666666666666666 0.24048755787037043 0.6666666666666666 0.2495298032407408
1 0.6666666666666666 0.2034143518518519 0.6666666666666666 0.2007016782407408 0.6666666666666666 0.20431857638888895 0.6666666666666666 0.21878616898148154 0.6666666666666666 0.21516927083333337
1 0.6666666666666666 0.1690538194444445 0.6666666666666666 0.15368200231481485 0.6666666666666666 0.157298900462963 0.6666666666666666 0.14735243055555558 0.6666666666666666 0.132884837962963 0.6666666666666666 0.11480034722222225 0.6666666666666666 0.09671585648148151 0.6666666666666666 0.09671585648148151 0.6666666666666666 0.07772714120370373 0.6666666666666666 0.07230179398148152 0.6666666666666666 0.08586516203703708 0.6666666666666666 0.09309895833333337 0.6666666666666666 0.09309895833333337 0.6666666666666666 0.108470775462963 0.6666666666666666 0.12022569444444448 0.6666666666666666 0.13198061342592596 0.6666666666666666 0.1428313078703704 0.6666666666666666 0.15639467592592596 0.6666666666666666 0.16634114583333337 0.6666666666666666 0.17538339120370375 0.6666666666666666 0.1934678819444445 0.6666666666666666 0.1961805555555556 0.6666666666666666 0.17809606481481488
1 0.6666666666666666 0.8463179976851852 0.6666666666666666 0.8327546296296298 0.6666666666666666 0.8427010995370372 0.6666666666666666 0.8517433449074076 0.6666666666666666 0.8598813657407409 0.6666666666666666 0.862594039351852
1 0.6666666666666666 0.7803096064814815 0.6666666666666666 0.7920645254629631 0.6666666666666666 0.7992983217592594 0.6666666666666666 0.8029152199074076 0.6666666666666666 0.8092447916666669 0.6666666666666666 0.7884476273148149 0.6666666666666666 0.7812138310185186 0.6666666666666666 0.7730758101851852 0.6666666666666666 0.7703631365740743
1 0.6666666666666666 0.9069010416666669 0.6666666666666666 0.9050925925925927 0.6666666666666666 0.9168475115740743 0.6666666666666666 0.9249855324074076 0.6666666666666666 0.9475911458333335 0.6666666666666666 0.9801432291666669 0.6666666666666666 0.9964192708333335 0.6666666666666666 0.9982277199074076 0.6666666666666666 0.9986979166666666 0.6666666666666666 0.9801432291666669 0.6666666666666666 0.9701967592592594 0.6666666666666666 0.9701967592592594 0.6666666666666666 0.9738136574074076 0.6666666666666666 0.960250289351852 0.6666666666666666 0.9484953703703706
1 0.6666666666666666 0.9213686342592594 0.6666666666666666 0.9141348379629631 0.6666666666666666 0.9078052662037038 0.6666666666666666 0.9041883680555557 0.6666666666666666 0.9168475115740743 0.6666666666666666 0.9249855324074076 0.6666666666666666 0.9439742476851852 0.6666666666666666 0.9557291666666669 0.6666666666666666 0.9566333912037038 0.6666666666666666 0.9756221064814815 0.6666666666666666 0.9828559027777778 0.6666666666666666 0.9656756365740743 0.6666666666666666 0.9638671875000001 0.6666666666666666 0.9692925347222223 0.6666666666666666 0.9765263310185186 0.6666666666666666 0.960250289351852
