0 0.3347039473684211 0.031524122807017545 0.3326480263157895 0.03289473684210526 0.3326480263157895 0.05139802631578947 0.33203125 0.07853618421052734 0.33203125 0.07853618421052737 0.33230537280701755 0.14871162280701752 0.3360745614035088 0.1439144736842105 0.3377878289473684 0.1391173245614035 0.3360745614035088 0.13020833333333334 0.33436129385964913 0.12266995614035087 0.33675986842105265 0.11650219298245613 0.340186403508772 0.11033442982456139 0.344983552631579 0.1034813596491228 0.3466968201754386 0.10553728070175437 0.3487527412280702 0.09114583333333333 0.34738212719298245 0.08360745614035087 0.34189967105263164 0.07881030701754385 0.34258497807017546 0.06921600877192982 0.3442982456140351 0.06030701754385964 0.3442982456140351 0.053453947368421045 0.34772478070175444 0.04317434210526316 0.35149396929824567 0.03700657894736842 0.354577850877193 0.031524122807017545 0.35149396929824567 0.026041666666666668 0.3490953947368421 0.02261513157894737 0.34258497807017546 0.024671052631578944 0.33984375 0.027412280701754384
0 0.36725603070175444 0.21655701754385961 0.3662280701754386 0.20901864035087717 0.3686266447368421 0.20216557017543857 0.37342379385964913 0.19805372807017543 0.3771929824561404 0.20422149122807018 0.3813048245614035 0.2069627192982456 0.38164747807017546 0.21861293859649122 0.3819901315789474 0.23163377192982457 0.37582236842105265 0.2323190789473684 0.36931195175438597 0.23300438596491227 0.3706825657894737 0.22409539473684206
0 0.36040296052631576 0.24465460526315788 0.36485745614035087 0.23985745614035084 0.3747944078947369 0.23917214912280702 0.3830180921052632 0.23643092105263155 0.3878152412280702 0.26384320175438597 0.38952850877192985 0.2898848684210526 0.3898711622807018 0.29742324561403505 0.3871299342105263 0.3104440789473684 0.38678728070175444 0.32003837719298245 0.3874725877192982 0.32483552631578944 0.38164747807017546 0.3296326754385965 0.3744517543859649 0.33648574561403505 0.37582236842105265 0.3508771929824561 0.3809621710526316 0.3556743421052631 0.3833607456140351 0.3625274122807017 0.38164747807017546 0.3714364035087719 0.3737664473684211 0.3817160087719298 0.36074561403508776 0.39953399122807015 0.3573190789473684 0.41461074561403505 0.35149396929824567 0.41118421052631576 0.3487527412280702 0.40296052631578944 0.3487527412280702 0.38719846491228066 0.3494380482456141 0.36938048245614036 0.35217927631578955 0.3522478070175438 0.3556058114035088 0.33991228070175433 0.359717653508772 0.33305921052631576 0.3686266447368421 0.32346491228070173 0.36520010964912286 0.3104440789473684 0.36485745614035087 0.2933114035087719 0.36520010964912286 0.28097587719298245 0.36520010964912286 0.26795504385964913 0.3617735745614035 0.26178728070175433
0 0.38610197368421056 0.234375 0.3885005482456141 0.2288925438596491 0.3922697368421053 0.2323190789473684 0.39603892543859653 0.2323190789473684 0.4022066885964912 0.2227247807017544 0.4070038377192982 0.2172423245614035 0.4070038377192982 0.21244517543859645 0.40186403508771934 0.20559210526315788 0.39295504385964913 0.1953125 0.3977521929824562 0.18503289473684212 0.4066611842105263 0.17475328947368418 0.4097450657894737 0.17269736842105263 0.42070997807017546 0.1864035087719298 0.4282483552631579 0.20216557017543857 0.43887061403508776 0.2035361842105263 0.44298245614035087 0.20285087719298245 0.44538103070175444 0.21244517543859645 0.44332510964912286 0.2220394736842105 0.4375 0.234375 0.4333881578947369 0.23985745614035084 0.4282483552631579 0.2309484649122807 0.423108552631579 0.22957785087719296 0.41933936403508776 0.234375 0.4165981359649123 0.2460252192982456 0.4141995614035088 0.2645285087719298 0.40460526315789475 0.27001096491228066 0.3946683114035088 0.2645285087719298 0.3885005482456141 0.25836074561403505 0.38610197368421056 0.24191337719298245
0 0.3898711622807018 0.26795504385964913 0.40186403508771934 0.2754934210526316 0.4114583333333333 0.2713815789473684 0.4217379385964912 0.26726973684210525 0.42996162280701755 0.2624725877192982 0.437842653508772 0.2576754385964912 0.442639802631579 0.26932565789473684 0.44503837719298245 0.28166118421052627 0.4398985745614035 0.29605263157894735 0.43407346491228066 0.30701754385964913 0.4292763157894737 0.3118146929824561 0.42105263157894735 0.3159265350877193 0.4165981359649123 0.3166118421052631 0.4087171052631579 0.30770285087719296 0.4022066885964912 0.3022203947368421 0.3970668859649123 0.2967379385964912 0.3919270833333333 0.29399671052631576 0.39021381578947373 0.278234649122807
0 0.39089912280701755 0.3255208333333333 0.3977521929824562 0.3255208333333333 0.4049479166666667 0.3275767543859649 0.4097450657894737 0.33305921052631576 0.4118009868421053 0.33305921052631576 0.41488486842105265 0.3262061403508772 0.4128289473684211 0.32072368421052627 0.4032346491228071 0.3104440789473684 0.3970668859649123 0.3049616228070175 0.3939830043859649 0.3022203947368421 0.39021381578947373 0.3042763157894737 0.38952850877192985 0.31798245614035087
0 0.3768503289473684 0.3378563596491228 0.3854166666666667 0.33442982456140347 0.39603892543859653 0.33648574561403505 0.40117872807017546 0.3385416666666667 0.4080317982456141 0.3508771929824561 0.4155701754385965 0.3776041666666667 0.41796875 0.38788377192982454 0.4172834429824562 0.39610745614035087 0.418311403508772 0.40227521929824556 0.42139528508771934 0.4070723684210526 0.4244791666666667 0.4221491228070175 0.42790570175438597 0.44133771929824556 0.4292763157894737 0.45024671052631576 0.42790570175438597 0.4557291666666667 0.42139528508771934 0.4612116228070175 0.41899671052631576 0.4680646929824561 0.4172834429824562 0.4584703947368421 0.4186540570175439 0.4468201754385965 0.4165981359649123 0.4310581140350877 0.41111567982456143 0.4187225877192982 0.403577302631579 0.41118421052631576 0.3980948464912281 0.4057017543859649 0.3963815789473684 0.38308662280701755 0.398780153508772 0.3714364035087719 0.39740953947368424 0.36321271929824556 0.3926123903508772 0.35910087719298245 0.3871299342105263 0.35498903508771923 0.3819901315789474 0.3515625 0.37890625 0.34950657894736836
0 0.33299067982456143 0.3597861842105263 0.33675986842105265 0.3529331140350877 0.344983552631579 0.3529331140350877 0.3480674342105263 0.35704495614035087 0.3480674342105263 0.370751096491228 0.34703947368421056 0.3824013157894737 0.34121436403508776 0.38788377192982454 0.3391584429824562 0.390625 0.340186403508772 0.40021929824561403 0.3422423245614035 0.4104989035087719 0.3391584429824562 0.42626096491228066 0.33813048245614036 0.4351699561403508 0.3336759868421053 0.4399671052631579 0.3326480263157895 0.4139254385964912 0.3326480263157895 0.3728070175438596
0 0.3326480263157895 0.5763432017543859 0.3405290570175439 0.5694901315789473 0.3484100877192982 0.5640076754385964 0.3542351973684211 0.5585252192982456 0.35766173245614036 0.5585252192982456 0.35834703947368424 0.551672149122807 0.3552631578947369 0.5379660087719298 0.3508086622807018 0.5283717105263158 0.3466968201754386 0.5201480263157895 0.3436129385964912 0.5084978070175438 0.34121436403508776 0.5023300438596491 0.33881578947368424 0.4982182017543859 0.3326480263157895 0.5023300438596491 0.3340186403508772 0.5146655701754386 0.335046600877193 0.5249451754385964 0.3340186403508772 0.5359100877192983 0.33230537280701755 0.5407072368421052 0.33299067982456143 0.5585252192982456
0 0.3340186403508772 0.581140350877193 0.3405290570175439 0.5749725877192983 0.3480674342105263 0.5701754385964912 0.3556058114035088 0.5653782894736842 0.3624588815789474 0.5715460526315789 0.3689692982456141 0.5783991228070174 0.3747944078947369 0.5831962719298246 0.384046052631579 0.5859374999999999 0.39089912280701755 0.5900493421052632 0.39740953947368424 0.6030701754385964 0.4032346491228071 0.6174616228070174 0.4022066885964912 0.6243146929824561 0.3991228070175439 0.6249999999999999 0.3871299342105263 0.6112938596491228 0.3809621710526316 0.6037554824561403 0.3744517543859649 0.5969024122807017 0.3658854166666667 0.5921052631578947 0.359717653508772 0.5893640350877193 0.35594846491228077 0.5900493421052632 0.35594846491228077 0.5982730263157895 0.35629111842105265 0.6037554824561403 0.35252192982456143 0.6078673245614035 0.3494380482456141 0.6181469298245613 0.3480674342105263 0.629797149122807 0.3442982456140351 0.6455592105263157 0.34087171052631576 0.6551535087719298 0.33436129385964913 0.6599506578947368 0.33299067982456143 0.6496710526315789 0.33230537280701755 0.6188322368421052 0.3326480263157895 0.6010142543859649 0.3333333333333333 0.5900493421052632
0 0.33299067982456143 0.6674890350877193 0.3391584429824562 0.6674890350877193 0.344640899122807 0.6722861842105262 0.35046600877192985 0.6770833333333334 0.35217927631578955 0.6825657894736842 0.3484100877192982 0.6901041666666666 0.34703947368421056 0.6976425438596491 0.34703947368421056 0.7017543859649122 0.3429276315789474 0.7099780701754385 0.3395010964912281 0.7051809210526315 0.3347039473684211 0.6942160087719298 0.33230537280701755 0.6894188596491228
0 0.335046600877193 0.8059210526315789 0.344640899122807 0.7915296052631579 0.3480674342105263 0.7743969298245613 0.35252192982456143 0.7593201754385964 0.3624588815789474 0.7558936403508771 0.36725603070175444 0.7606907894736842 0.3696546052631579 0.776452850877193 0.3696546052631579 0.7901589912280701 0.3706825657894737 0.810032894736842 0.3730811403508772 0.829906798245614 0.3744517543859649 0.8429276315789473 0.3730811403508772 0.8504660087719298 0.3624588815789474 0.8648574561403509 0.3600603070175439 0.8765076754385964 0.35629111842105265 0.8778782894736842 0.35183662280701755 0.8682839912280701 0.35217927631578955 0.8477247807017543 0.3549205043859649 0.8285361842105262 0.35697642543859653 0.8162006578947367 0.35834703947368424 0.8072916666666666 0.36211622807017546 0.8011239035087718 0.3614309210526316 0.7826206140350876 0.35663377192982454 0.7819353070175438 0.35252192982456143 0.7881030701754385 0.3508086622807018 0.7935855263157894 0.35183662280701755 0.8066063596491228 0.35389254385964913 0.8182565789473685 0.3511513157894737 0.8305921052631579 0.34566885964912286 0.8347039473684209 0.3391584429824562 0.8347039473684209 0.3333333333333333 0.8244243421052632 0.33299067982456143 0.8134594298245613
0 0.33230537280701755 0.8956962719298245 0.33641721491228077 0.8915844298245613 0.3429276315789474 0.8840460526315789 0.34738212719298245 0.8902138157894736 0.35663377192982454 0.9100877192982456 0.3689692982456141 0.9107730263157894 0.3775356359649123 0.9087171052631579 0.38507401315789475 0.9052905701754385 0.3891858552631579 0.8922697368421052 0.39740953947368424 0.8915844298245613 0.4008360745614035 0.8963815789473683 0.40186403508771934 0.9169407894736842 0.40597587719298245 0.9381853070175438 0.4114583333333333 0.947094298245614 0.42139528508771934 0.9518914473684209 0.42516447368421056 0.9560032894736841 0.42379385964912286 0.9655975877192983 0.4200246710526316 0.9799890350877192 0.418311403508772 0.9909539473684209 0.4134714226973684 0.9986979166666666 0.40460526315789475 0.9971217105263158 0.4032346491228071 0.9827302631578947 0.4022066885964912 0.9710800438596491 0.3967242324561404 0.9628563596491228 0.3939830043859649 0.9587445175438596 0.3946683114035088 0.947094298245614 0.393640350877193 0.9402412280701754 0.3833607456140351 0.9436677631578947 0.37650767543859653 0.9498355263157894 0.37102521929824567 0.9505208333333334 0.359717653508772 0.9402412280701754 0.35149396929824567 0.9375 0.3436129385964912 0.9402412280701754 0.3405290570175439 0.9608004385964911 0.33230537280701755 0.9642269736842105 0.3326480263157895 0.9292763157894736
0 0.40460526315789475 0.9183114035087718 0.4066611842105263 0.9279057017543858 0.40905975877192985 0.9361293859649122 0.41077302631578955 0.9381853070175438 0.41625548245614036 0.9306469298245613 0.42379385964912286 0.9107730263157894 0.4333881578947369 0.8840460526315789 0.4375 0.8675986842105262 0.4398985745614035 0.8580043859649122 0.44024122807017546 0.8449835526315789 0.4361293859649123 0.8429276315789473 0.43064692982456143 0.8538925438596491 0.42790570175438597 0.868969298245614 0.4244791666666667 0.8744517543859649 0.41522752192982454 0.8861019736842105 0.4118009868421053 0.8970668859649122 0.4070038377192982 0.9087171052631579
0 0.46011513157894735 0.9299616228070176 0.4638843201754386 0.9279057017543858 0.46662554824561403 0.936814692982456 0.4683388157894737 0.9443530701754385 0.46491228070175444 0.9464089912280701 0.462171052631579 0.9416118421052632
0 0.5567434210526315 0.9642269736842105 0.5666803728070176 0.9498355263157894 0.5718201754385964 0.9491502192982456 0.5762746710526315 0.9642269736842105 0.5800438596491229 0.9683388157894736 0.5855263157894738 0.9703947368421052 0.5899808114035088 0.9642269736842105 0.5930646929824562 0.9539473684210525 0.5944353070175439 0.947094298245614 0.6012883771929824 0.947094298245614 0.6095120614035088 0.9505208333333334 0.6081414473684211 0.9655975877192983 0.6050575657894738 0.9820449561403507 0.6013939144736843 0.9986979166666666 0.5779879385964913 0.9986979166666666 0.5687362938596491 0.9984923245614034 0.5711348684210527 0.9888980263157894 0.564624451754386 0.9799890350877192 0.5605126096491229 0.9669682017543858
0 0.6321271929824562 0.9984923245614034 0.6369243421052632 0.9895833333333334 0.642749451754386 0.9847861842105262 0.6492598684210527 0.9882127192982456 0.6557702850877193 0.9984923245614034 0.6420641447368421 0.9984923245614034
0 0.6612527412280702 0.9978070175438596 0.6554276315789473 0.9916392543859649 0.6513157894736842 0.9847861842105262 0.6496025219298246 0.9806743421052632 0.6581688596491229 0.9779331140350876 0.6663925438596491 0.9772478070175438 0.6666666666666666 0.9731359649122807 0.6666666666666666 0.9738212719298245 0.6666666666666666 0.9786184210526315 0.6666666666666666 0.9847861842105262 0.6666666666666666 0.9895833333333334 0.6666666666666666 0.9971217105263158 0.6666666666666666 0.9984923245614034 0.6666666666666666 0.9978070175438596
0 0.4611430921052631 0.9094024122807016 0.46045778508771934 0.8895285087719298 0.46045778508771934 0.8710252192982456 0.46456962719298245 0.8504660087719298 0.46936677631578944 0.8326480263157894 0.4762198464912281 0.8484100877192983 0.4817023026315789 0.8682839912280701 0.48444353070175444 0.8854166666666666 0.4854714912280702 0.9039199561403509 0.47759046052631576 0.9094024122807016 0.47347861842105265 0.9155701754385964 0.46696820175438597 0.9141995614035087
0 0.3919270833333333 0.7833059210526315 0.39124177631578955 0.7791940789473685 0.39603892543859653 0.7730263157894736 0.403577302631579 0.7791940789473685 0.41077302631578955 0.7791940789473685 0.42070997807017546 0.7791940789473685 0.4285910087719298 0.7778234649122807 0.4351014254385965 0.776452850877193 0.4443530701754386 0.7846765350877192 0.45874451754385964 0.7846765350877192 0.46456962719298245 0.7887883771929824 0.4724506578947369 0.7894736842105262 0.4772478070175439 0.7929002192982456 0.47484923245614036 0.7976973684210525 0.4673108552631579 0.7990679824561403 0.4546326754385965 0.8024945175438596 0.4464089912280702 0.8031798245614034 0.43578673245614036 0.8024945175438596 0.42790570175438597 0.8024945175438596 0.422765899122807 0.8024945175438596 0.4165981359649123 0.8004385964912281 0.4070038377192982 0.7956414473684209 0.40015076754385964 0.7901589912280701 0.39569627192982454 0.7860471491228069
0 0.3885005482456141 0.7250548245614034 0.39501096491228077 0.7264254385964911 0.40186403508771934 0.7257401315789473 0.4094024122807018 0.7291666666666666 0.41522752192982454 0.7353344298245613 0.4220805921052631 0.7456140350877192 0.4268777412280702 0.7483552631578947 0.432702850877193 0.7490405701754385 0.4368146929824562 0.7552083333333334 0.44092653508771934 0.7579495614035087 0.44709429824561403 0.7558936403508771 0.45154879385964913 0.7524671052631579 0.44743695175438597 0.7360197368421052 0.44332510964912286 0.7229989035087718 0.4354440789473684 0.712719298245614 0.43441611842105265 0.703125 0.437842653508772 0.6976425438596491 0.4412691885964912 0.6976425438596491 0.4460663377192982 0.693530701754386 0.4508634868421053 0.6839364035087718 0.45531798245614036 0.6805098684210527 0.46251370614035087 0.6798245614035087 0.46491228070175444 0.673656798245614 0.461828399122807 0.6613212719298245 0.457373903508772 0.6469298245614035 0.44949287280701755 0.634594298245614 0.4395559210526316 0.6284265350877193 0.43201754385964913 0.6311677631578947 0.4261924342105263 0.6373355263157895 0.4217379385964912 0.6270559210526315 0.41968201754385964 0.6195175438596491 0.4076891447368421 0.6256853070175438 0.4052905701754386 0.6291118421052632 0.40460526315789475 0.6373355263157895 0.41077302631578955 0.6407620614035087 0.41488486842105265 0.6421326754385964 0.41454221491228077 0.6517269736842105 0.41008771929824567 0.6606359649122807 0.40563322368421056 0.6633771929824561 0.40117872807017546 0.6551535087719298 0.3980948464912281 0.6524122807017544 0.3926123903508772 0.6695449561403509 0.3891858552631579 0.6955866228070176 0.38678728070175444 0.7147752192982456
0 0.44503837719298245 0.7044956140350876 0.44915021929824567 0.6976425438596491 0.45429002192982454 0.6921600877192983 0.457373903508772 0.698327850877193 0.462171052631579 0.7072368421052632 0.46662554824561403 0.7182017543859649 0.46011513157894735 0.7229989035087718 0.4556606359649123 0.7305372807017543 0.452234100877193 0.7257401315789473 0.4484649122807018 0.7161458333333334
0 0.5097998903508772 0.7099780701754385 0.5094572368421053 0.7017543859649122 0.5128837719298246 0.6894188596491228 0.5211074561403509 0.6859923245614034 0.5269325657894738 0.6921600877192983 0.5310444078947368 0.7058662280701754 0.5320723684210527 0.7229989035087718 0.5334429824561404 0.7339638157894736 0.5361842105263158 0.7353344298245613 0.5378974780701754 0.7229989035087718 0.5389254385964913 0.712719298245614 0.5409813596491229 0.7079221491228069 0.5444078947368421 0.7072368421052632 0.5478344298245614 0.7154605263157894 0.5502330043859649 0.7209429824561403 0.5560581140350878 0.7229989035087718 0.559484649122807 0.7257401315789473 0.5611979166666666 0.7298519736842105 0.5608552631578948 0.7476699561403509 0.5570860745614036 0.7572642543859649 0.5526315789473685 0.7627467105263158 0.5492050438596491 0.7689144736842105 0.5468064692982456 0.7819353070175438 0.5440652412280702 0.7894736842105262 0.53515625 0.7860471491228069 0.5262472587719298 0.780564692982456 0.525219298245614 0.7634320175438596 0.5238486842105263 0.7401315789473685 0.5214501096491229 0.7291666666666666 0.5187088815789473 0.7188870614035087
0 0.564967105263158 0.6942160087719298 0.564624451754386 0.6798245614035087 0.564624451754386 0.6695449561403509 0.5704495614035088 0.6558388157894737 0.5755893640350878 0.6496710526315789 0.5800438596491229 0.6476151315789473 0.5855263157894738 0.6483004385964911 0.5882675438596491 0.6435032894736842 0.5872395833333334 0.6359649122807017 0.5872395833333334 0.6304824561403508 0.5892955043859649 0.6270559210526315 0.5892955043859649 0.6154057017543859 0.5947779605263158 0.620202850877193 0.598547149122807 0.6284265350877193 0.6023163377192983 0.6325383771929824 0.6030016447368421 0.6380208333333333 0.5992324561403509 0.6476151315789473 0.5958059210526315 0.6558388157894737 0.5954632675438597 0.6640624999999999 0.5913514254385964 0.6702302631578947 0.5899808114035088 0.6770833333333334 0.5910087719298246 0.6894188596491228 0.5916940789473685 0.698327850877193 0.5899808114035088 0.7017543859649122 0.5807291666666666 0.6990131578947367 0.5759320175438597 0.6969572368421052 0.569421600877193 0.6969572368421052
0 0.5625685307017544 0.7271107456140351 0.5656524122807017 0.7195723684210527 0.5683936403508772 0.7202576754385964 0.5670230263157895 0.7394462719298245 0.5656524122807017 0.7552083333333334 0.5656524122807017 0.7757675438596491 0.5653097587719298 0.7935855263157894 0.5601699561403509 0.8148300438596491 0.5553728070175439 0.8271655701754385 0.5481770833333334 0.8209978070175438 0.5437225877192983 0.8114035087719298 0.5481770833333334 0.7887883771929824 0.5488623903508772 0.7839912280701754 0.5557154605263158 0.7743969298245613 0.5574287280701754 0.7675438596491228 0.559827302631579 0.7593201754385964 0.5635964912280702 0.7476699561403509 0.5632538377192983 0.7339638157894736
0 0.5764314406318083 0.7795479302832243 0.5908990332244008 0.7608251633986928 0.5972817946623094 0.7540168845315903 0.6049411083877995 0.7565699891067538 0.6151535266884531 0.7574210239651417 0.6262169798474946 0.7574210239651417 0.6347273284313726 0.7506127450980392 0.6432376770152506 0.7497617102396514 0.6474928513071895 0.7506127450980392 0.6521735430283225 0.7684844771241829 0.6568542347494554 0.7838031045751634 0.6645135484749455 0.7923134531590414 0.6666666666666666 0.798270697167756 0.6636625136165577 0.8042279411764706 0.653875612745098 0.8110362200435729 0.6466418164488017 0.8195465686274509 0.6440887118736384 0.8263548474945533 0.6428121595860566 0.8331631263616558 0.6364293981481481 0.8186955337690631 0.6300466367102396 0.8093341503267973 0.6206852532679739 0.8101851851851851 0.6177066312636166 0.8212486383442266 0.6113238698257081 0.8280569172113289 0.6083452478213508 0.8314610566448802 0.6087707652505446 0.8459286492374728 0.6053666258169934 0.8552900326797386 0.6015369689542484 0.8569921023965142 0.5968562772331154 0.8535879629629629 0.5874948937908496 0.8510348583877995 0.5819631672113289 0.8425245098039215 0.5764314406318083 0.8272058823529411 0.5721762663398693 0.8178444989106753 0.5721762663398693 0.8076320806100218 0.5738783360566448 0.7974196623093682 0.5794100626361656 0.7923134531590414
0 0.6023880038126362 0.5795547385620915 0.6104728349673203 0.5735974945533769 0.6185576661220044 0.5718954248366013 0.6266424972766885 0.564236111111111 0.6330252587145969 0.5650871459694989 0.6381314678649237 0.5718954248366013 0.6402590550108932 0.5752995642701525 0.6398335375816994 0.5897671568627451 0.6381314678649237 0.6042347494553376 0.6385569852941176 0.6144471677559913 0.6364293981481481 0.6263616557734205 0.6300466367102396 0.6331699346405228 0.6185576661220044 0.6323188997821351 0.6126004221132898 0.6365740740740741 0.6019624863834423 0.6484885620915032 0.6070686955337691 0.6229575163398693 0.6062176606753812 0.60338371459695 0.6028135212418301 0.590618191721133
0 0.6015369689542484 0.6527437363834422 0.6091962826797386 0.6459354575163399 0.6168555964052288 0.6408292483660131 0.6262169798474946 0.6382761437908496 0.6330252587145969 0.6365740740740741 0.6355783632897604 0.6450844226579521 0.6355783632897604 0.6535947712418301 0.6270680147058824 0.6569989106753812 0.6228128404139434 0.6646582244008714 0.6206852532679739 0.6748706427015251 0.6121749046840959 0.6825299564270152 0.6040900735294118 0.6884872004357298 0.5955797249455338 0.6910403050108932 0.5972817946623094 0.6774237472766885 0.5985583469498911 0.6672113289760349
0 0.5938776552287582 0.7038058278867102 0.5972817946623094 0.6986996187363834 0.6057921432461874 0.6927423747276689 0.6130259395424836 0.687636165577342 0.6185576661220044 0.6808278867102396 0.6249404275599129 0.6765727124183006 0.6270680147058824 0.6808278867102396 0.6245149101307189 0.6867851307189543 0.6219618055555555 0.6927423747276689 0.6172811138344226 0.7004016884531591 0.6091962826797386 0.7097630718954249 0.6032390386710239 0.7174223856209151 0.5964307598039216 0.721677559912854
0 0.4309044798474946 0.0025531045751633987 0.42920241013071897 0.01702069716775599 0.43132999727668847 0.024680010893246188 0.437712758714597 0.030637254901960783 0.441967933006536 0.03319035947712418 0.4432444852941176 0.01957380174291939 0.4479251770152506 0.010212418300653595 0.4560100081699347 0.004255174291938998 0.46749897875816987 0.004255174291938998 0.47345622276688454 0.013616557734204794 0.4764348447712418 0.028935185185185185 0.47898794934640526 0.044253812636165575 0.48111553649237476 0.048508986928104576 0.48792381535947715 0.048508986928104576 0.5023914079520697 0.04765795206971677 0.5079231345315903 0.05361519607843137 0.5104762391067538 0.03999863834422658 0.5155824482570806 0.030637254901960783 0.5189865876906318 0.02127587145969499 0.5151569308278867 0.01787173202614379 0.5079231345315903 0.01702069716775599 0.5023914079520697 0.015318627450980392 0.5019658905228758 0.008510348583877995 0.5083486519607843 0.009361383442265796 0.5121783088235294 0.0051062091503267975 0.509199686819172 0.0013020833333333333 0.48792381535947715 0.0013020833333333333 0.4743072576252723 0.0017020697167755992 0.46069069989106753 0.0013020833333333333 0.4487762118736384 0.0013020833333333333 0.4389893110021787 0.0013020833333333333
0 0.4181389569716776 0.024680010893246188 0.4304789624183007 0.028935185185185185 0.441967933006536 0.04595588235294118 0.45005276416122003 0.06552968409586056 0.45771207788671026 0.07829520697167756 0.4611162173202614 0.08340141612200436 0.4564355255991286 0.09361383442265796 0.4479251770152506 0.08340141612200436 0.441967933006536 0.06978485838779956 0.43345758442265797 0.05531726579520697 0.42792585784313725 0.049360021786492375 0.4236706835511983 0.04595588235294118
0 0.446223107298475 0.13701661220043573 0.4479251770152506 0.11574074074074074 0.4615417347494553 0.10978349673202614 0.47090311819172115 0.10127314814814814 0.48196657135076254 0.09957107843137254 0.4921789896514161 0.10042211328976035 0.4972851988017429 0.08850762527233115 0.5032424428104575 0.09616693899782135 0.5028169253812637 0.11403867102396514 0.5057955473856209 0.14127178649237473 0.5057955473856209 0.14722903050108932 0.49898726851851855 0.15148420479302832 0.49600864651416127 0.13701661220043573 0.4892003676470588 0.12850626361655773 0.47941346677559915 0.12850626361655773 0.4679244961873638 0.13531454248366012 0.46196725217864926 0.13616557734204793 0.45090379901960786 0.13616557734204793
0 0.47132863562091504 0.14042075163398693 0.48196657135076254 0.13446350762527234 0.4896258850762527 0.13446350762527234 0.4930300245098039 0.14127178649237473 0.49685968137254904 0.1531862745098039 0.49090243736383443 0.15148420479302832 0.49047691993464054 0.1616966230936819 0.4943065767973856 0.16680283224400871 0.49898726851851855 0.1616966230936819 0.5023914079520697 0.1574414488017429 0.5079231345315903 0.15914351851851852 0.5126038262527234 0.16765386710239652 0.5074976171023965 0.17531318082788672 0.49983830337690627 0.17956835511982572 0.4930300245098039 0.1880787037037037 0.4836686410675381 0.2016952614379085 0.48749829793028326 0.1812704248366013 0.48111553649237476 0.1642497276688453 0.4768603622004357 0.14978213507625274
0 0.484094158496732 0.20680147058823528 0.4900514025054466 0.2008442265795207 0.4955831290849673 0.1940359477124183 0.500689338235294 0.18637663398692808 0.5087741693899782 0.1804193899782135 0.5143058959694989 0.17531318082788672 0.5155824482570806 0.1889297385620915 0.5117527913943355 0.2008442265795207 0.5066465822440087 0.21871595860566448 0.5032424428104575 0.22892837690631807 0.49983830337690627 0.23828976034858387 0.49600864651416127 0.24509803921568626 0.49047691993464054 0.24594907407407407 0.48664726307189543 0.24509803921568626 0.484094158496732 0.23914079520697165 0.4768603622004357 0.24765114379084965 0.4738817401960784 0.25701252723311546 0.4696265659041394 0.25531045751633985 0.4687755310457516 0.24765114379084965 0.47813691448801743 0.22722630718954248
0 0.47090311819172115 0.31743600217864926 0.47515829248366015 0.30041530501089325 0.480264501633987 0.288500816993464 0.4828176062091503 0.28084150326797386 0.4845196759259259 0.2672249455337691 0.48834933278867104 0.25956563180827885 0.4981362336601307 0.25531045751633985 0.5040934776688454 0.2587145969498911 0.4977107162309368 0.27658632897603486 0.4930300245098039 0.288500816993464 0.4896258850762527 0.30041530501089325 0.48239208877995643 0.3063725490196078
0 0.4053734340958606 0.3370098039215686 0.41260723039215685 0.33871187363834426 0.41984102668845313 0.35573257080610016 0.42537275326797386 0.3710511982570806 0.4360106889978213 0.37871051198257083 0.4351596541394335 0.3931781045751634 0.437287241285403 0.41360294117647056 0.4394148284313726 0.42551742919389973 0.437287241285403 0.43487881263616557 0.43388310185185186 0.43402777777777773 0.43132999727668847 0.42551742919389973 0.42792585784313725 0.4110498366013072 0.4262237881263617 0.4016884531590414 0.424521718409586 0.3889229302832244 0.42154309640522875 0.38296568627450983 0.4177134395424837 0.365093954248366 0.41133067810457513 0.35147739651416127
0 0.38324652777777773 0.5063657407407407 0.386650667211329 0.497004357298475 0.39175687636165574 0.488494008714597 0.39728860294117646 0.4867919389978213 0.4019692946623094 0.49360021786492375 0.4066499863834423 0.5029616013071895 0.41218171296296297 0.5131740196078431 0.4177134395424837 0.5250885076252724 0.41005412581699346 0.5250885076252724 0.4019692946623094 0.5199822984749455 0.3943099809368192 0.5157271241830065
0 0.6398335375816994 0.9574142156862745 0.6474928513071895 0.9582652505446623 0.6555776824618736 0.9599673202614379 0.6611094090413943 0.9642224945533768 0.6611094090413943 0.9701797385620915 0.653875612745098 0.9710307734204794 0.6496204384531591 0.9735838779956426
0 0.6666666666666666 0.8331631263616558 0.6666666666666666 0.8586941721132897 0.6666666666666666 0.8774169389978214 0.6666666666666666 0.882523148148148 0.6666666666666666 0.8867783224400871 0.6666666666666666 0.9037990196078431 0.6666666666666666 0.9208197167755992 0.6666666666666666 0.9344362745098039 0.6666666666666666 0.9454997276688454 0.6666666666666666 0.9548611111111112 0.6666666666666666 0.9633714596949892 0.6666666666666666 0.9710307734204794 0.6666666666666666 0.9778390522875817 0.6666666666666666 0.9872004357298475 0.6666666666666666 0.9986979166666666 0.6666666666666666 0.9974128540305011 0.6666666666666666 0.9931576797385621 0.6666666666666666 0.9812431917211328 0.6666666666666666 0.9548611111111112 0.6666666666666666 0.9446486928104575 0.6666666666666666 0.9395424836601306 0.6666666666666666 0.8944376361655774 0.6666666666666666 0.8629493464052288 0.6666666666666666 0.8510348583877995 0.6666666666666666 0.8374183006535948
0 0.6402590550108932 0.6986996187363834 0.6419611247276689 0.7208265250544662 0.6470673338779956 0.730187908496732 0.6517480255991286 0.7438044662309369 0.6547266476034858 0.7582720588235294 0.6581307870370371 0.7684844771241829 0.6632369961873638 0.7786968954248366 0.6657901007625272 0.78125 0.6666666666666666 0.7701865468409586 0.6666666666666666 0.7710375816993463 0.6666666666666666 0.7701865468409586 0.6666666666666666 0.7650803376906318 0.6666666666666666 0.7591230936819172 0.6666666666666666 0.7506127450980392 0.6666666666666666 0.7335920479302832 0.6666666666666666 0.7233796296296297 0.6666666666666666 0.7191244553376906 0.6666666666666666 0.7123161764705882 0.6653645833333334 0.7055078976034858 0.6543011301742919 0.7021037581699346 0.6457907815904139 0.6986996187363834
0 0.5113272739651417 0.37871051198257083 0.5164334831154683 0.3659449891067538 0.5228162445533769 0.35488153594771243 0.5279224537037037 0.33445669934640526 0.5368583197167757 0.33105255991285404 0.5381348720043573 0.3404139433551198 0.5313265931372549 0.356583605664488 0.5300500408496732 0.3625408496732026 0.526220383986928 0.3804125816993464 0.5228162445533769 0.390625 0.5143058959694989 0.386369825708061
0 0.4598396650326797 0.4365808823529412 0.46409483932461876 0.41785811546840956 0.46749897875816987 0.40679466230936817 0.47217967047930287 0.3931781045751634 0.47515829248366015 0.3838167211328976 0.48324312363834426 0.38977396514161217 0.48792381535947715 0.39658224400871456 0.49600864651416127 0.40253948801742917 0.5045189950980392 0.40849673202614384 0.5062210648148148 0.41700708061002173 0.5083486519607843 0.4229643246187364 0.5049445125272332 0.4357298474945534 0.4977107162309368 0.44764433551198257 0.4977107162309368 0.45870778867102396 0.5015403730936819 0.4697712418300653 0.505370029956427 0.47657952069716775 0.5104762391067538 0.4689202069716776 0.5104762391067538 0.4612608932461874 0.5151569308278867 0.4561546840958606 0.5206886574074074 0.45104847494553374 0.5240927968409586 0.44168709150326796 0.5270714188453159 0.4314746732026144 0.5326031454248366 0.4238153594771242 0.5372838371459695 0.4314746732026144 0.5406879765795206 0.44338916122004357 0.5381348720043573 0.45785675381263613 0.526220383986928 0.48423883442265797 0.5155824482570806 0.5038126361655774 0.5087741693899782 0.5148760893246187 0.5045189950980392 0.5106209150326797 0.5023914079520697 0.5080678104575164 0.4985617510893246 0.5140250544662309 0.5028169253812637 0.5259395424836601 0.513880378540305 0.5284926470588235 0.5151569308278867 0.5446623093681917 0.5164334831154683 0.5591299019607843 0.5015403730936819 0.5497685185185185 0.49685968137254904 0.542960239651416 0.49090243736383443 0.5344498910675382 0.4845196759259259 0.5455133442265795 0.47898794934640526 0.5497685185185185 0.47515829248366015 0.5540236928104575 0.4679244961873638 0.5582788671023965 0.4594141476034858 0.559980936819172 0.46239276960784315 0.5463643790849674 0.46622242647058826 0.5421092047930284 0.4679244961873638 0.5353009259259259 0.4653713916122004 0.5242374727668845 0.46409483932461876 0.5182802287581699 0.4615417347494553 0.49445125272331153 0.46366932189542487 0.47998366013071897 0.46664794389978215 0.46721813725490197 0.46366932189542487 0.45785675381263613 0.45856311274509803 0.4518995098039216
0 0.5228162445533769 0.4016884531590414 0.5253693491285403 0.4195601851851852 0.5326031454248366 0.4187091503267974 0.539411424291939 0.41785811546840956 0.543666598583878 0.424666394335512 0.5543045343137255 0.4238153594771242 0.5623893654684096 0.41700708061002173 0.5700486791938998 0.41785811546840956 0.5789845452069716 0.424666394335512 0.5845162717864923 0.40679466230936817 0.5921755855119826 0.403390522875817 0.5977073120915032 0.40253948801742917 0.6079197303921569 0.4016884531590414 0.6138769744008714 0.382114651416122 0.6045155909586056 0.36764705882352944 0.6019624863834423 0.3531794662309368 0.5985583469498911 0.339562908496732 0.5926011029411765 0.3370098039215686 0.5819631672113289 0.3284994553376906 0.5832397194989106 0.30977668845315903 0.5849417892156863 0.30296840958605664 0.5874948937908496 0.29360702614379086 0.5887714460784313 0.275735294117647 0.5798355800653595 0.2604166666666667 0.5721762663398693 0.25786356209150324 0.5649424700435729 0.27062908496732024 0.5615383306100218 0.28935185185185186 0.5589852260348583 0.31828703703703703 0.5619638480392157 0.3242442810457516 0.569623161764706 0.3242442810457516 0.5717507489106753 0.3284994553376906 0.5717507489106753 0.3370098039215686 0.5666445397603486 0.3404139433551198 0.5594107434640523 0.33360566448801743 0.5547300517429193 0.33020152505446626 0.5517514297385621 0.33020152505446626 0.5487728077342048 0.339562908496732 0.5474962554466231 0.3497753267973856 0.544092116013072 0.35488153594771243 0.5364328022875817 0.3574346405228758 0.5338796977124183 0.36764705882352944 0.5321776279956426 0.3753063725490196 0.5279224537037037 0.3880718954248366
0 0.5815376497821351 0.2408428649237473 0.5849417892156863 0.2280773420479303 0.5874948937908496 0.21275871459694987 0.5926011029411765 0.2093545751633987 0.5943031726579521 0.22297113289760348 0.5943031726579521 0.23318355119825707 0.6057921432461874 0.2280773420479303 0.6091962826797386 0.22552423747276687 0.6172811138344226 0.22382216775599129 0.6198342184095861 0.22297113289760348 0.6240893927015251 0.2280773420479303 0.6300466367102396 0.22297113289760348 0.6343018110021786 0.21531181917211328 0.6377059504357298 0.21105664488017428 0.6419611247276689 0.21275871459694987 0.6521735430283225 0.2076525054466231 0.6577052696078431 0.21105664488017428 0.6551521650326797 0.21871595860566448 0.6496204384531591 0.22977941176470587 0.6436631944444444 0.23999183006535948 0.6377059504357298 0.24509803921568626 0.6304721541394335 0.25020424836601307 0.6240893927015251 0.25105528322440085 0.6194087009803921 0.2544594226579521 0.6172811138344226 0.2646718409586057 0.6130259395424836 0.26552287581699346 0.6083452478213508 0.26126770152505446 0.6011114515250545 0.2587145969498911 0.5955797249455338 0.2587145969498911 0.5891969635076252 0.25275735294117646
0 0.6283445669934641 0.2587145969498911 0.6394080201525054 0.24935321350762527 0.6445142293028322 0.24254493464052287 0.6543011301742919 0.23318355119825707 0.6594073393246188 0.22297113289760348 0.6611094090413943 0.25020424836601307 0.6666666666666666 0.25531045751633985 0.6666666666666666 0.26552287581699346 0.6666666666666666 0.2689270152505447 0.6666666666666666 0.27403322440087147 0.6666666666666666 0.284245642701525 0.6615349264705882 0.2953090958605665 0.6551521650326797 0.3038194444444445 0.6449397467320261 0.31998910675381265 0.6419611247276689 0.31147875816993464 0.6394080201525054 0.30296840958605664 0.6385569852941176 0.29190495642701525 0.6394080201525054 0.27658632897603486 0.6377059504357298 0.2672249455337691
0 0.5743038534858388 0.06638071895424837 0.5815376497821351 0.050211056644880174 0.5904735157952069 0.048508986928104576 0.6002604166666666 0.056168300653594766 0.6079197303921569 0.06297657952069717 0.6185576661220044 0.07744417211328976 0.6287700844226579 0.09446486928104575 0.6406845724400871 0.10552832244008714 0.6500459558823529 0.10893246187363835 0.6577052696078431 0.11744281045751633 0.6666666666666666 0.1378676470588235 0.6666666666666666 0.14722903050108932 0.6666666666666666 0.15233523965141613 0.6666666666666666 0.1719090413943355 0.6666666666666666 0.18382352941176472 0.6666666666666666 0.18637663398692808 0.662385961328976 0.1889297385620915 0.6547266476034858 0.17361111111111113 0.6423866421568628 0.1659517973856209 0.6360038807189542 0.1685049019607843 0.6334507761437909 0.1719090413943355 0.6385569852941176 0.1787173202614379 0.6436631944444444 0.18212145969498908 0.6496204384531591 0.1889297385620915 0.6513225081699346 0.1965890522875817 0.6457907815904139 0.2050994008714597 0.6394080201525054 0.20339733115468409 0.6330252587145969 0.1965890522875817 0.6257914624183006 0.2008442265795207 0.6202597358387799 0.2008442265795207 0.6108983523965142 0.1931849128540305 0.6091962826797386 0.1787173202614379 0.6189831835511983 0.16765386710239652 0.6257914624183006 0.1625476579520697 0.6308976715686274 0.15914351851851852 0.6291956018518519 0.14042075163398693 0.6177066312636166 0.13701661220043573 0.6006859340958606 0.1421228213507625 0.5930266203703703 0.1421228213507625 0.5913245506535948 0.12850626361655773 0.5845162717864923 0.12340005446623094 0.5836652369281046 0.09531590413943354 0.5811121323529411 0.08595452069716775 0.5772824754901961 0.08169934640522876 0.5726017837690631 0.07574210239651416
0 0.662385961328976 0.2119076797385621 0.6666666666666666 0.2076525054466231 0.6666666666666666 0.2178649237472767 0.6666666666666666 0.2306304466230937 0.6666666666666666 0.24509803921568626 0.6666666666666666 0.25020424836601307 0.6666666666666666 0.2485021786492375 0.6666666666666666 0.2604166666666667 0.6666666666666666 0.2689270152505447 0.6666666666666666 0.27658632897603486 0.6666666666666666 0.26977805010893247 0.6666666666666666 0.2672249455337691 0.6666666666666666 0.25786356209150324 0.6653645833333334 0.24339596949891065 0.661960443899782 0.2280773420479303
0 0.5649424700435729 0.011914488017429193 0.5768569580610022 0.018722766884531592 0.5853673066448802 0.028935185185185185 0.5879204112200436 0.04170070806100218 0.5866438589324618 0.044253812636165575 0.5917500680827886 0.04340277777777778 0.5951542075163399 0.04340277777777778 0.5994093818082789 0.032339324618736384 0.6002604166666666 0.014467592592592593 0.6023880038126362 0.007659313725490196 0.6083452478213508 0.0051062091503267975 0.6049411083877995 0.0013020833333333333 0.5977073120915032 0.0013020833333333333 0.586218341503268 0.0013020833333333333 0.5764314406318083 0.0017020697167755992 0.5679210920479303 0.0013020833333333333
0 0.6134514569716775 0.0025531045751633987 0.6130259395424836 0.007659313725490196 0.6066431781045751 0.01957380174291939 0.6066431781045751 0.028084150326797383 0.6147280092592592 0.028935185185185185 0.6240893927015251 0.03489242919389978 0.6334507761437909 0.04255174291938998 0.6398335375816994 0.04255174291938998 0.6470673338779956 0.05361519607843137 0.6517480255991286 0.05957244008714597 0.6555776824618736 0.05787037037037037 0.6657901007625272 0.06297657952069717 0.6666666666666666 0.06467864923747277 0.6666666666666666 0.05787037037037037 0.6666666666666666 0.045104847494553374 0.6640880310457516 0.03659449891067538 0.653450095315904 0.03659449891067538 0.6479183687363834 0.030637254901960783 0.6466418164488017 0.016169662309368192 0.6428121595860566 0.008510348583877995 0.6338762935729848 0.0013020833333333333
0 0.653450095315904 0.0025531045751633987 0.6487694035947712 0.007659313725490196 0.6491949210239651 0.01702069716775599 0.6491949210239651 0.024680010893246188 0.6543011301742919 0.029786220043572984 0.6615349264705882 0.028935185185185185 0.6666666666666666 0.028935185185185185 0.6666666666666666 0.027233115468409588 0.6666666666666666 0.022126906318082788 0.6666666666666666 0.012765522875816995 0.6628114787581699 0.004255174291938998 0.6606838916122005 0.0013020833333333333
0 0.6666411356209151 0.0013020833333333333 0.6666666666666666 0.012765522875816995 0.6666666666666666 0.01957380174291939 0.6666666666666666 0.02127587145969499 0.6666666666666666 0.02042483660130719 0.6666666666666666 0.01957380174291939 0.6666666666666666 0.02553104575163399 0.6666666666666666 0.03404139433551198 0.6666666666666666 0.03999863834422658 0.6666666666666666 0.04255174291938998 0.6666666666666666 0.03574346405228758 0.6666666666666666 0.027233115468409588 0.6666666666666666 0.015318627450980392 0.6666666666666666 0.0025531045751633987 0.6666666666666666 0.0013020833333333333 0.6666666666666666 0.0013020833333333333
0 0.6666666666666666 0.004255174291938998 0.6666666666666666 0.01702069716775599 0.6666666666666666 0.032339324618736384 0.6666666666666666 0.037445533769063184 0.6666666666666666 0.031488289760348585 0.6666666666666666 0.018722766884531592 0.6666666666666666 0.0025531045751633987 0.6666666666666666 0.0025531045751633987
0 0.6308976715686274 0.4144539760348584 0.6283445669934641 0.42636846405228757 0.6274935321350762 0.4450912309368192 0.6270680147058824 0.4527505446623094 0.6360038807189542 0.45955882352941174 0.6402590550108932 0.46381399782135074 0.6440887118736384 0.46211192810457513 0.6394080201525054 0.44338916122004357 0.6377059504357298 0.43062363834422657
0 0.6301988290754258 0.5108538625304136 0.6287731903892945 0.4994487530413625 0.6304364355231143 0.48234108880778587 0.6320996806569343 0.4733120437956204 0.6385150547445256 0.4709359793187347 0.6418415450121655 0.4699855535279805 0.6401782998783455 0.482816301703163 0.638277448296837 0.4946966240875912 0.6356637773722628 0.512279501216545 0.6337629257907543 0.5160812043795621
0 0.6666666666666666 0.6006690997566909 0.6666666666666666 0.5982930352798054 0.6666666666666666 0.6020947384428224 0.6666666666666666 0.5968673965936739 0.6666666666666666 0.5887887773722628 0.6666666666666666 0.5854622871046228 0.6666666666666666 0.6025699513381995 0.6666666666666666 0.6111237834549877 0.6666666666666666 0.6106485705596106 0.6666666666666666 0.5997186739659367 0.6666666666666666 0.5840366484184915 0.6666666666666666 0.58261100973236 0.6666666666666666 0.5935409063260341 0.6666666666666666 0.6215784671532846 0.6666666666666666 0.637735705596107 0.6666666666666666 0.6424878345498782 0.6666666666666666 0.6481903892944039 0.6666666666666666 0.6553185827250608 0.6666666666666666 0.6595954987834549 0.6666666666666666 0.6638724148418491 0.6666666666666666 0.6705253953771289 0.6666666666666666 0.6762279501216545 0.6666666666666666 0.6771783759124087 0.6666666666666666 0.6776535888077858 0.6666666666666666 0.6729014598540145 0.6666666666666666 0.6624467761557177 0.6666666666666666 0.6643476277372262 0.6666666666666666 0.6638724148418491 0.6666666666666666 0.6724262469586374 0.6666666666666666 0.6824057177615571 0.6666666666666666 0.6933356143552311 0.6666666666666666 0.711393704379562 0.6666666666666666 0.7223236009732359 0.6666666666666666 0.7299270072992701 0.6666666666666666 0.7380056265206812 0.6666666666666666 0.7375304136253041 0.6666666666666666 0.7109184914841848 0.6666666666666666 0.7142449817518247 0.6666666666666666 0.7289765815085157 0.6666666666666666 0.751786800486618 0.6666666666666666 0.7641423357664233 0.6666666666666666 0.7712705291970803 0.6666666666666666 0.7745970194647201 0.6666666666666666 0.7745970194647201 0.6666666666666666 0.7774482968369828 0.6666666666666666 0.7636671228710461 0.6666666666666666 0.7475098844282239 0.6666666666666666 0.7356295620437955 0.6666666666666666 0.7256500912408758 0.6666666666666666 0.7194723236009732 0.6666666666666666 0.7213731751824817 0.6666666666666666 0.7132945559610705 0.6666666666666666 0.7071167883211679 0.6632261253041363 0.7014142335766422 0.6549098996350365 0.6980877433090024 0.6570483576642335 0.6847817822384427 0.6618004866180048 0.6833561435523113 0.6666666666666666 0.6857322080291971 0.6666666666666666 0.6833561435523113 0.6666666666666666 0.6833561435523113 0.6666666666666666 0.6795544403892944 0.6666666666666666 0.656269008515815 0.6666666666666666 0.648665602189781 0.6666666666666666 0.6391613442822384 0.6666666666666666 0.626805809002433 0.6666666666666666 0.6163511253041362
0 0.6666666666666666 0.4633325729927007 0.6666666666666666 0.4438488442822384 0.6666666666666666 0.4215138381995134 0.6666666666666666 0.41391043187347926 0.6666666666666666 0.427691605839416 0.6666666666666666 0.44242320559610704 0.6666666666666666 0.457154805352798 0.6666666666666666 0.4704607664233576 0.6666666666666666 0.47283683090024325 0.6666666666666666 0.48091545012165443 0.6666666666666666 0.5008743917274939 0.6666666666666666 0.5099034367396593 0.6666666666666666 0.5075273722627737 0.6666666666666666 0.4994487530413625 0.6666666666666666 0.4752128953771289 0.6666666666666666 0.482816301703163 0.6666666666666666 0.49089492092457415 0.6666666666666666 0.5032504562043795 0.6666666666666666 0.5099034367396593 0.6666666666666666 0.5203581204379562 0.6666666666666666 0.5279615267639902 0.6666666666666666 0.5322384428223844 0.6666666666666666 0.5398418491484185 0.6666666666666666 0.5488708941605839 0.6666666666666666 0.5550486618004865 0.6666666666666666 0.5678794099756691 0.6666666666666666 0.5811853710462287 0.6666666666666666 0.5944913321167883 0.6666666666666666 0.5992434610705596 0.6666666666666666 0.6035203771289538 0.6666666666666666 0.5830862226277372 0.6666666666666666 0.5707306873479319 0.6666666666666666 0.5598007907542578 0.6666666666666666 0.5469700425790754 0.6666666666666666 0.530812804136253 0.6666666666666666 0.512279501216545 0.6666666666666666 0.49137013381995126 0.6666666666666666 0.48139066301703154 0.6666666666666666 0.4747376824817518
0 0.6666666666666666 0.6401117700729927 0.6666666666666666 0.6401117700729927 0.6666666666666666 0.637735705596107 0.6666666666666666 0.6287066605839415 0.6666666666666666 0.6073220802919708 0.6666666666666666 0.6001938868613138 0.6666666666666666 0.5954417579075425 0.6666666666666666 0.6025699513381995 0.6666666666666666 0.5997186739659367 0.6666666666666666 0.5892639902676399 0.6666666666666666 0.5740571776155717 0.6666666666666666 0.5697802615571775 0.6666666666666666 0.5545734489051094 0.6666666666666666 0.5365153588807786 0.6666666666666666 0.5227341849148418 0.6666666666666666 0.5331888686131386 0.6666666666666666 0.5312880170316302 0.6666666666666666 0.530812804136253 0.6666666666666666 0.5379409975669099 0.6666666666666666 0.5479204683698297 0.6666666666666666 0.5545734489051094 0.6666666666666666 0.5659785583941606 0.6666666666666666 0.5721563260340632 0.6666666666666666 0.58261100973236 0.6666666666666666 0.5902144160583941 0.6666666666666666 0.6001938868613138 0.6666666666666666 0.6068468673965937 0.6666666666666666 0.6101733576642335 0.6666666666666666 0.6154006995133819 0.6666666666666666 0.6329835766423357 0.6666666666666666 0.6401117700729927
0 0.6666666666666666 0.04763719512195122 0.6666666666666666 0.0402269647696477 0.6666666666666666 0.03599254742547426 0.6666666666666666 0.031758130081300816 0.6666666666666666 0.03863905826558266 0.6666666666666666 0.05028370596205962 0.6666666666666666 0.05928184281842819 0.6666666666666666 0.06669207317073171 0.6666666666666666 0.07463160569105691 0.6666666666666666 0.0831004403794038 0.6666666666666666 0.091039972899729 0.6666666666666666 0.09527439024390244 0.6666666666666666 0.104272527100271 0.6666666666666666 0.10797764227642276 0.6666666666666666 0.10638973577235772 0.6666666666666666 0.11168275745257454 0.6666666666666666 0.11379996612466126 0.6666666666666666 0.1016260162601626 0.6666666666666666 0.07992462737127372 0.6666666666666666 0.06669207317073171
0 0.6666666666666666 0.030170223577235773 0.6666666666666666 0.02752371273712737 0.6666666666666666 0.03440464092140921 0.6666666666666666 0.05187161246612466 0.6666666666666666 0.06563346883468835 0.6666666666666666 0.08468834688346884 0.6666666666666666 0.10109671409214092 0.6666666666666666 0.1069190379403794 0.6666666666666666 0.11485857046070462 0.6666666666666666 0.12385670731707317 0.6666666666666666 0.13285484417344173 0.6666666666666666 0.1392064701897019 0.6666666666666666 0.14767530487804878 0.6666666666666666 0.1524390243902439 0.6666666666666666 0.1529683265582656 0.6666666666666666 0.13550135501355012 0.6666666666666666 0.1286204268292683 0.6666666666666666 0.12121019647696478 0.6666666666666666 0.11962228997289974 0.6666666666666666 0.10374322493224931 0.6666666666666666 0.09950880758807588 0.6666666666666666 0.07674881436314364 0.6666666666666666 0.06775067750677506 0.6666666666666666 0.06351626016260163 0.6666666666666666 0.05822323848238483 0.6666666666666666 0.05028370596205962 0.6666666666666666 0.04234417344173442 0.6666666666666666 0.038109756097560975
0 0.6666666666666666 0.14555809620596208 0.6666666666666666 0.13814786585365854 0.6666666666666666 0.13020833333333334 0.6666666666666666 0.1233274051490515 0.6666666666666666 0.13179623983739838 0.6666666666666666 0.15190972222222224 0.6666666666666666 0.15288506554307116 0.6666666666666666 0.1463014981273408 0.6666666666666666 0.1463014981273408 0.6666666666666666 0.14776451310861424 0.6666666666666666 0.15800561797752807 0.6666666666666666 0.1638576779026217 0.6666666666666666 0.1762933052434457 0.6666666666666666 0.19238647003745316 0.6666666666666666 0.20482209737827717 0.6666666666666666 0.2106741573033708 0.6666666666666666 0.2128686797752809 0.6666666666666666 0.2157947097378277 0.6666666666666666 0.1931179775280899 0.6666666666666666 0.18507139513108614 0.6666666666666666 0.1777563202247191 0.6666666666666666 0.18507139513108614 0.6666666666666666 0.1967755149812734 0.6666666666666666 0.18726591760299627 0.6666666666666666 0.1762933052434457 0.6666666666666666 0.16458918539325842
0 0.6666666666666666 0.23481390449438203 0.6666666666666666 0.2165262172284644 0.6666666666666666 0.20409058988764042 0.6666666666666666 0.1945809925093633 0.6666666666666666 0.1975070224719101 0.6666666666666666 0.1967755149812734 0.6666666666666666 0.20116455992509363 0.6666666666666666 0.2143316947565543 0.6666666666666666 0.22384129213483148 0.6666666666666666 0.23773993445692884 0.6666666666666666 0.2479810393258427 0.6666666666666666 0.2582221441947566 0.6666666666666666 0.2640742041198502 0.6666666666666666 0.25383309925093633 0.6666666666666666 0.2479810393258427
0 0.6666666666666666 0.7358965355805244 0.6666666666666666 0.7234609082397004 0.6666666666666666 0.7146828183520598 0.6666666666666666 0.7146828183520598 0.6666666666666666 0.7205348782771536 0.6666666666666666 0.7249239232209738 0.6666666666666666 0.7351650280898876 0.6666666666666666 0.7519897003745318 0.6666666666666666 0.7666198501872659 0.6666666666666666 0.78125 0.6666666666666666 0.7739349250936329 0.6666666666666666 0.7651568352059925 0.6666666666666666 0.7585732677902621
0 0.6666666666666666 0.6466526217228464 0.6666666666666666 0.6422635767790262 0.6666666666666666 0.6408005617977528 0.6666666666666666 0.6481156367041199 0.6666666666666666 0.6437265917602996 0.6666666666666666 0.6459211142322098 0.6666666666666666 0.6546992041198502 0.6666666666666666 0.6671348314606741 0.6666666666666666 0.6744499063670412 0.6666666666666666 0.6883485486891385 0.6666666666666666 0.699321161048689 0.6666666666666666 0.702247191011236 0.6666666666666666 0.702247191011236 0.6666666666666666 0.6978581460674157 0.6666666666666666 0.6861540262172284 0.6666666666666666 0.6751814138576778 0.6666666666666666 0.6642088014981273 0.6666666666666666 0.6546992041198502
0 0.6666666666666666 0.620318352059925 0.6666666666666666 0.6071512172284644 0.6666666666666666 0.5998361423220974 0.6666666666666666 0.5969101123595505 0.6666666666666666 0.6064197097378278 0.6666666666666666 0.6144662921348315 0.6666666666666666 0.625438904494382 0.6666666666666666 0.6408005617977528 0.6666666666666666 0.6627457865168539 0.6666666666666666 0.6854225187265918 0.6666666666666666 0.6920060861423222 0.6666666666666666 0.699321161048689 0.6666666666666666 0.702247191011236 0.6666666666666666 0.704441713483146 0.6666666666666666 0.7007841760299626 0.6666666666666666 0.6854225187265918 0.6666666666666666 0.6722553838951311 0.6666666666666666 0.6546992041198502 0.6666666666666666 0.645189606741573 0.6666666666666666 0.640069054307116 0.6666666666666666 0.6364115168539326
0 0.6666666666666666 0.7769941165123457 0.6666666666666666 0.7589096257716049 0.6666666666666666 0.7486617476851852 0.6666666666666666 0.74926456404321 0.6666666666666666 0.7552927276234569 0.6666666666666666 0.7691575038580246 0.6666666666666666 0.7769941165123457 0.6666666666666666 0.8119574652777778 0.6666666666666666 0.8710334683641975 0.6666666666666666 0.8939404899691358 0.6666666666666666 0.9084080825617283 0.6666666666666666 0.911422164351852 0.6666666666666666 0.8945433063271605 0.6666666666666666 0.8728419174382717 0.6666666666666666 0.8710334683641975 0.6666666666666666 0.8662109375 0.6666666666666666 0.850537712191358 0.6666666666666666 0.8384813850308642 0.6666666666666666 0.8354673032407408 0.6666666666666666 0.8312475887345679 0.6666666666666666 0.813765914351852 0.6666666666666666 0.7884476273148149
0 0.6666666666666666 0.833056037808642 0.6666666666666666 0.8252194251543211 0.6666666666666666 0.8300419560185186 0.6666666666666666 0.8433039158950617 0.6666666666666666 0.8541546103395062 0.6666666666666666 0.8613884066358025 0.6666666666666666 0.8656081211419754 0.6666666666666666 0.8668137538580246
0 0.6666666666666666 0.2682171103395062 0.6666666666666666 0.26279176311728397 0.6666666666666666 0.2543523341049383 0.6666666666666666 0.2477213541666667 0.6666666666666666 0.23687065972222224 0.6666666666666666 0.2284312307098766 0.6666666666666666 0.22300588348765435 0.6666666666666666 0.22119743441358028 0.6666666666666666 0.22662278163580252 0.6666666666666666 0.23566502700617287 0.6666666666666666 0.24410445601851857 0.6666666666666666 0.25495515046296297 0.6666666666666666 0.26399739583333337 0.6666666666666666 0.270628375771605 0.6666666666666666 0.28027343750000006 0.6666666666666666 0.28750723379629634 0.6666666666666666 0.29293258101851855 0.6666666666666666 0.29835792824074076 0.6666666666666666 0.3001663773148148
0 0.6666666666666666 0.10967640817901236 0.6666666666666666 0.09942853009259262 0.6666666666666666 0.09219473379629632 0.6666666666666666 0.09159191743827162 0.6666666666666666 0.08556375385802471 0.6666666666666666 0.0861665702160494 0.6666666666666666 0.10123697916666669 0.6666666666666666 0.1078679591049383 0.6666666666666666 0.11269048996913582 0.6666666666666666 0.11871865354938273 0.6666666666666666 0.10967640817901236 0.6666666666666666 0.10847077546296298 0.6666666666666666 0.11027922453703705 0.6666666666666666 0.11389612268518522 0.6666666666666666 0.1144989390432099
0 0.6666666666666666 0.24952980324074078 0.6666666666666666 0.24109037422839508 0.6666666666666666 0.23265094521604943 0.6666666666666666 0.2278284143518519 0.6666666666666666 0.24109037422839508 0.6666666666666666 0.247118537808642 0.6666666666666666 0.25495515046296297 0.6666666666666666 0.2609833140432099 0.6666666666666666 0.26279176311728397
0 0.6666666666666666 0.2989607445987655 0.6666666666666666 0.2887128665123457 0.6666666666666666 0.27545090663580246 0.6666666666666666 0.2585720486111111 0.6666666666666666 0.25796923225308643 0.6666666666666666 0.2664086612654321 0.6666666666666666 0.27545090663580246 0.6666666666666666 0.2899184992283951 0.6666666666666666 0.30378327546296297 0.6666666666666666 0.3098114390432099 0.6666666666666666 0.3170452353395062 0.6666666666666666 0.3315128279320988 0.6666666666666666 0.336938175154321 0.6666666666666666 0.3411578896604938 0.6666666666666666 0.3381438078703704 0.6666666666666666 0.327293113425926 0.6666666666666666 0.32126494984567905 0.6666666666666666 0.32126494984567905 0.6666666666666666 0.31463396990740744 0.6666666666666666 0.31041425540123463 0.6666666666666666 0.3074001736111111
0 0.6666666666666666 0.34236352237654316 0.6666666666666666 0.3375409915123457 0.6666666666666666 0.32789592978395066 0.6666666666666666 0.32789592978395066 0.6666666666666666 0.33392409336419754 0.6666666666666666 0.3429663387345679 0.6666666666666666 0.35080295138888884 0.6666666666666666 0.3538170331790123 0.6666666666666666 0.35441984953703703 0.6666666666666666 0.35020013503086417
0 0.6666666666666666 0.2633945794753087 0.6666666666666666 0.26038049768518523 0.6666666666666666 0.26038049768518523 0.6666666666666666 0.26399739583333337 0.6666666666666666 0.2772593557098766 0.6666666666666666 0.2893156828703704 0.6666666666666666 0.29534384645061734 0.6666666666666666 0.30378327546296297 0.6666666666666666 0.31282552083333337 0.6666666666666666 0.31885368441358025 0.6666666666666666 0.32427903163580246 0.6666666666666666 0.3297043788580247 0.6666666666666666 0.3363353587962963 0.6666666666666666 0.338746624228395 0.6666666666666666 0.3327184606481482 0.6666666666666666 0.319456500771605 0.6666666666666666 0.3110170717592593 0.6666666666666666 0.30378327546296297 0.6666666666666666 0.2899184992283951 0.6666666666666666 0.2826847029320988 0.6666666666666666 0.27123119212962965
0 0.6666666666666666 0.36044801311728397 0.6666666666666666 0.35743393132716045 0.6666666666666666 0.34959731867283944 0.6666666666666666 0.34477478780864196 0.6666666666666666 0.34477478780864196 0.6666666666666666 0.34477478780864196 0.6666666666666666 0.3441719714506173 0.6666666666666666 0.3477888695987654 0.6666666666666666 0.34959731867283944 0.6666666666666666 0.3550226658950617 0.6666666666666666 0.3670789930555555 0.6666666666666666 0.3773268711419753 0.6666666666666666 0.38335503472222215 0.6666666666666666 0.3899860146604938 0.6666666666666666 0.3972198109567901 0.6666666666666666 0.4080705054012346 0.6666666666666666 0.4201268325617284 0.6666666666666666 0.41530430169753085 0.6666666666666666 0.41530430169753085 0.6666666666666666 0.4104817708333333 0.6666666666666666 0.3942057291666667 0.6666666666666666 0.387574749228395 0.6666666666666666 0.3887803819444444 0.6666666666666666 0.387574749228395 0.6666666666666666 0.37551842206790126
0 0.6666666666666666 0.5159746334876543 0.6666666666666666 0.5063295717592592 0.6666666666666666 0.502712673611111 0.6666666666666666 0.4996985918209876 0.6666666666666666 0.5135633680555555 0.6666666666666666 0.5268253279320988 0.6666666666666666 0.5340591242283951 0.6666666666666666 0.5382788387345679 0.6666666666666666 0.5406901041666666 0.6666666666666666 0.5406901041666666 0.6666666666666666 0.5394844714506173 0.6666666666666666 0.5382788387345679 0.6666666666666666 0.5298394097222222 0.6666666666666666 0.5310450424382716 0.6666666666666666 0.5382788387345679 0.6666666666666666 0.5473210841049382 0.6666666666666666 0.557568962191358 0.6666666666666666 0.5629943094135802 0.6666666666666666 0.5635971257716049 0.6666666666666666 0.565405574845679 0.6666666666666666 0.5672140239197531 0.6666666666666666 0.5672140239197531 0.6666666666666666 0.5762562692901234 0.6666666666666666 0.5828872492283951 0.6666666666666666 0.5889154128086419 0.6666666666666666 0.5931351273148148 0.6666666666666666 0.5937379436728395 0.6666666666666666 0.5913266782407407 0.6666666666666666 0.5877097800925926 0.6666666666666666 0.5732421875 0.6666666666666666 0.5587745949074073 0.6666666666666666 0.551540798611111 0.6666666666666666 0.5509379822530863 0.6666666666666666 0.5485267168209876 0.6666666666666666 0.5443070023148148 0.6666666666666666 0.5376760223765432 0.6666666666666666 0.5286337770061728 0.6666666666666666 0.5232084297839507
0 0.6666666666666666 0.4460479359567901 0.6666666666666666 0.4358000578703704 0.6666666666666666 0.428566261574074 0.6666666666666666 0.4249493634259259 0.6666666666666666 0.4255521797839506 0.6666666666666666 0.4309775270061728 0.6666666666666666 0.4388141396604938 0.6666666666666666 0.4466507523148148 0.6666666666666666 0.45750144675925924 0.6666666666666666 0.47016059027777773 0.6666666666666666 0.4858338155864197 0.6666666666666666 0.5063295717592592 0.6666666666666666 0.5201943479938271 0.6666666666666666 0.5334563078703703 0.6666666666666666 0.5262225115740741 0.6666666666666666 0.5189887152777778 0.6666666666666666 0.5117549189814815 0.6666666666666666 0.49789014274691357 0.6666666666666666 0.45328173225308643
0 0.6666666666666666 0.6184534143518517 0.6666666666666666 0.6094111689814815 0.6666666666666666 0.5967520254629629 0.6666666666666666 0.59253231095679 0.6666666666666666 0.6021773726851851 0.6666666666666666 0.6112196180555555 0.6666666666666666 0.6208646797839507 0.6666666666666666 0.6280984760802469 0.6666666666666666 0.6395519868827161 0.6666666666666666 0.6516083140432098 0.6666666666666666 0.6618561921296297 0.6666666666666666 0.6678843557098766 0.6666666666666666 0.6696928047839507 0.6666666666666666 0.6564308449074073 0.6666666666666666 0.6401548032407407 0.6666666666666666 0.6274956597222222
0 0.6666666666666666 0.6769266010802469 0.6666666666666666 0.6715012538580248 0.6666666666666666 0.6618561921296297 0.6666666666666666 0.6504026813271605 0.6666666666666666 0.6365379050925926 0.6666666666666666 0.6232759452160493 0.6666666666666666 0.6232759452160493 0.6666666666666666 0.6299069251543209 0.6666666666666666 0.64136043595679 0.6666666666666666 0.6461829668209876 0.6666666666666666 0.6570336612654321 0.6666666666666666 0.6642674575617283 0.6666666666666666 0.6576364776234568 0.6666666666666666 0.6522111304012345 0.6666666666666666 0.6534167631172839 0.6666666666666666 0.667281539351852 0.6666666666666666 0.6769266010802469 0.6666666666666666 0.6829547646604938 0.6666666666666666 0.6859688464506174 0.6666666666666666 0.6889829282407408 0.6666666666666666 0.6932026427469137 0.6666666666666666 0.6956139081790124 0.6666666666666666 0.6962167245370371 0.6666666666666666 0.6944082754629629 0.6666666666666666 0.6895857445987654
0 0.6666666666666666 0.7203293788580246 0.6666666666666666 0.7155068479938271 0.6666666666666666 0.7118899498456791 0.6666666666666666 0.7094786844135803 0.6666666666666666 0.7064646026234569 0.6666666666666666 0.7034505208333334 0.6666666666666666 0.6938054591049383 0.6666666666666666 0.6883801118827161 0.6666666666666666 0.6823519483024691 0.6666666666666666 0.6690899884259259 0.6666666666666666 0.6594449266975309 0.6666666666666666 0.6606505594135802 0.6666666666666666 0.6702956211419754 0.6666666666666666 0.6805434992283951 0.6666666666666666 0.6913941936728395 0.6666666666666666 0.7016420717592592 0.6666666666666666 0.7076702353395062 0.6666666666666666 0.7143012152777778 0.6666666666666666 0.7197265625 0.6666666666666666 0.7251519097222223 0.6666666666666666 0.7323857060185186 0.6666666666666666 0.7287688078703703
0 0.6666666666666666 0.3164424189814815 0.6666666666666666 0.30559172453703703 0.6666666666666666 0.29534384645061734 0.6666666666666666 0.2971522955246914 0.6666666666666666 0.2965494791666667 0.6666666666666666 0.29172694830246915 0.6666666666666666 0.28328751929012347 0.6666666666666666 0.2742452739197531 0.6666666666666666 0.26038049768518523 0.6666666666666666 0.25917486496913583 0.6666666666666666 0.26279176311728397 0.6666666666666666 0.2736424575617284 0.6666666666666666 0.27967062114197533 0.6666666666666666 0.2887128665123457 0.6666666666666666 0.2977551118827161 0.6666666666666666 0.30800298996913583 0.6666666666666666 0.3152367862654321 0.6666666666666666 0.3152367862654321 0.6666666666666666 0.3170452353395062 0.6666666666666666 0.319456500771605 0.6666666666666666 0.3248818479938272 0.6666666666666666 0.32910156250000006 0.6666666666666666 0.3309100115740741 0.6666666666666666 0.32005931712962965 0.6666666666666666 0.3176480516975309 0.6666666666666666 0.3218677662037037 0.6666666666666666 0.32789592978395066 0.6666666666666666 0.33392409336419754 0.6666666666666666 0.34055507330246915 0.6666666666666666 0.34477478780864196 0.6666666666666666 0.35080295138888884 0.6666666666666666 0.35863956404320985 0.6666666666666666 0.36768180941358025 0.6666666666666666 0.3773268711419753 0.6666666666666666 0.3779296875 0.6666666666666666 0.37250434027777773 0.6666666666666666 0.3580367476851852 0.6666666666666666 0.34356915509259256 0.6666666666666666 0.3363353587962963 0.6666666666666666 0.336938175154321 0.6666666666666666 0.3520085841049383 0.6666666666666666 0.36647617669753085 0.6666666666666666 0.37370997299382713 0.6666666666666666 0.3761212384259259 0.6666666666666666 0.35984519675925924 0.6666666666666666 0.3411578896604938 0.6666666666666666 0.3309100115740741 0.6666666666666666 0.3218677662037037
0 0.6666666666666666 0.25977768132716056 0.6666666666666666 0.24048755787037038 0.6666666666666666 0.2254171489197531 0.6666666666666666 0.2133608217592593 0.6666666666666666 0.20009886188271608 0.6666666666666666 0.190453800154321 0.6666666666666666 0.18864535108024694 0.6666666666666666 0.1898509837962963 0.6666666666666666 0.18623408564814817 0.6666666666666666 0.1898509837962963 0.6666666666666666 0.1988932291666667 0.6666666666666666 0.20914110725308643 0.6666666666666666 0.21999180169753088 0.6666666666666666 0.23204812885802473 0.6666666666666666 0.24169319058641978 0.6666666666666666 0.2555579668209877 0.6666666666666666 0.26701147762345684 0.6666666666666666 0.27002555941358025 0.6666666666666666 0.2676142939814815
0 0.6666666666666666 0.9614559220679012 0.6666666666666666 0.9427686149691358 0.6666666666666666 0.9289038387345679 0.6666666666666666 0.9222728587962963 0.6666666666666666 0.9162446952160495 0.6666666666666666 0.9168475115740741 0.6666666666666666 0.9234784915123457 0.6666666666666666 0.9210672260802469 0.6666666666666666 0.9162446952160495 0.6666666666666666 0.9005714699074074 0.6666666666666666 0.8842954282407408 0.6666666666666666 0.8668137538580246 0.6666666666666666 0.850537712191358 0.6666666666666666 0.8408926504629629 0.6666666666666666 0.8384813850308642 0.6666666666666666 0.8420982831790124 0.6666666666666666 0.8451123649691358 0.6666666666666666 0.8499348958333334 0.6666666666666666 0.8553602430555557 0.6666666666666666 0.8619912229938271 0.6666666666666666 0.8704306520061729 0.6666666666666666 0.8824869791666666 0.6666666666666666 0.8891179591049383 0.6666666666666666 0.9023799189814815 0.6666666666666666 0.9276982060185186 0.6666666666666666 0.9373432677469137 0.6666666666666666 0.9469883294753086 0.6666666666666666 0.9518108603395062 0.6666666666666666 0.9560305748456791 0.6666666666666666 0.9566333912037037 0.6666666666666666 0.9566333912037037 0.6666666666666666 0.9536193094135803 0.6666666666666666 0.9536193094135803 0.6666666666666666 0.9572362075617283 0.6666666666666666 0.9614559220679012 0.6666666666666666 0.9674840856481483 0.6666666666666666 0.9530164930555555 0.6666666666666666 0.9439742476851852 0.6666666666666666 0.946385513117284 0.6666666666666666 0.9638671875 0.6666666666666666 0.9686897183641975 0.6666666666666666 0.9692925347222222
0 0.6666666666666666 0.17779465663580252 0.6666666666666666 0.16754677854938274 0.6666666666666666 0.15428481867283952 0.6666666666666666 0.15066792052469138 0.6666666666666666 0.15368200231481483 0.6666666666666666 0.14705102237654324 0.6666666666666666 0.1410228587962963 0.6666666666666666 0.14463975694444445 0.6666666666666666 0.15127073688271606 0.6666666666666666 0.15790171682098766 0.6666666666666666 0.15006510416666669 0.6666666666666666 0.14343412422839508 0.6666666666666666 0.141625675154321 0.6666666666666666 0.14765383873456792 0.6666666666666666 0.15307918595679013 0.6666666666666666 0.15850453317901236 0.6666666666666666 0.16513551311728397 0.6666666666666666 0.18382282021604943 0.6666666666666666 0.1910566165123457 0.6666666666666666 0.19949604552469138 0.6666666666666666 0.20974392361111116 0.6666666666666666 0.21758053626543214 0.6666666666666666 0.21637490354938274 0.6666666666666666 0.206127025462963 0.6666666666666666 0.20251012731481485 0.6666666666666666 0.20974392361111116 0.6666666666666666 0.22180025077160495 0.6666666666666666 0.23265094521604943 0.6666666666666666 0.2290340470679013 0.6666666666666666 0.22180025077160495 0.6666666666666666 0.22180025077160495 0.6666666666666666 0.2254171489197531 0.6666666666666666 0.23807629243827164 0.6666666666666666 0.24531008873456794 0.6666666666666666 0.24892698688271608 0.6666666666666666 0.24832417052469138 0.6666666666666666 0.239281925154321 0.6666666666666666 0.22963686342592596 0.6666666666666666 0.2193889853395062 0.6666666666666666 0.20793547453703706 0.6666666666666666 0.190453800154321 0.6666666666666666 0.1796031057098766
0 0.6666666666666666 0.19407069830246917 0.6666666666666666 0.18743971836419757 0.6666666666666666 0.1844256365740741 0.6666666666666666 0.18674045138888895 0.6666666666666666 0.21456645447530867 0.6666666666666666 0.2525438850308642 0.6666666666666666 0.25987413194444486 0.6666666666666666 0.26520302854938277 0.6666666666666666 0.2543523341049383 0.6666666666666666 0.239281925154321 0.6666666666666666 0.22421151620370372 0.6666666666666666 0.21155237268518523
0 0.6666666666666666 0.35984519675925924 0.6666666666666666 0.3152367862654321 0.6666666666666666 0.3122227044753087 0.6666666666666666 0.3634620949074074
0 0.6666666666666666 0.9686897183641975 0.6666666666666666 0.9614559220679012 0.6666666666666666 0.9662784529320988 0.6666666666666666 0.9632643711419754 0.6666666666666666 0.9626615547839507 0.6666666666666666 0.9680869020061729 0.6666666666666666 0.9729094328703703 0.6666666666666666 0.9807460455246914 0.6666666666666666 0.997022087191358 0.6666666666666666 0.9986979166666666 0.6666666666666666 0.9915967399691358 0.6666666666666666 0.9909939236111112 0.6666666666666666 0.9964192708333334 0.6666666666666666 0.9986979166666666 0.6666666666666666 0.9909939236111112 0.6666666666666666 0.9843629436728395
0 0.6666666666666666 0.28328751929012347 0.6666666666666666 0.29413821373456794 0.6666666666666666 0.31161988811728397 0.6666666666666666 0.32910156250000006 0.6666666666666666 0.3453776041666667 0.6666666666666666 0.3538170331790123 0.6666666666666666 0.3483916859567901 0.6666666666666666 0.3351297260802469 0.6666666666666666 0.33452690972222215 0.6666666666666666 0.3309100115740741
0 0.6666666666666666 0.535867573302469 0.6666666666666666 0.5129605516975309 0.6666666666666666 0.5123577353395061 0.6666666666666666 0.5238112461419753 0.6666666666666666 0.5304422260802469 0.6666666666666666 0.551540798611111 0.6666666666666666 0.5756534529320988 0.6666666666666666 0.6178505979938271 0.6666666666666666 0.6214674961419753 0.6666666666666666 0.598560474537037 0.6666666666666666 0.5708309220679012 0.6666666666666666 0.5581717785493827 0.6666666666666666 0.5449098186728395 0.6666666666666666 0.5418957368827161
0 0.6666666666666666 0.5183858989197531 0.6666666666666666 0.5045211226851852 0.6666666666666666 0.5033154899691358 0.6666666666666666 0.502712673611111 0.6666666666666666 0.49849295910493824 0.6666666666666666 0.4954788773148148 0.6666666666666666 0.5063295717592592 0.6666666666666666 0.5159746334876543 0.6666666666666666 0.5352647569444444 0.6666666666666666 0.5467182677469136 0.6666666666666666 0.5461154513888888 0.6666666666666666 0.5449098186728395 0.6666666666666666 0.549732349537037 0.6666666666666666 0.5581717785493827
0 0.6666666666666666 0.7347969714506174 0.6666666666666666 0.7305772569444445 0.6666666666666666 0.7323857060185186 0.6666666666666666 0.7323857060185186 0.6666666666666666 0.735399787808642 0.6666666666666666 0.7504701967592592 0.6666666666666666 0.7571011766975309 0.6666666666666666 0.7600823775953985 0.6666666666666666 0.7775969328703703 0.6666666666666666 0.7944757908950617 0.6666666666666666 0.7974898726851852 0.6666666666666666 0.7848307291666666 0.6666666666666666 0.7824194637345679 0.6666666666666666 0.790256076388889 0.6666666666666666 0.7866391782407408 0.6666666666666666 0.7806110146604938 0.6666666666666666 0.7781997492283951 0.6666666666666666 0.7589096257716049
0 0.6666666666666666 0.7064646026234569 0.6666666666666666 0.70043643904321 0.6666666666666666 0.6968195408950617 0.6666666666666666 0.6654730902777778 0.6666666666666666 0.6648702739197531 0.6666666666666666 0.6666787229938271 0.6666666666666666 0.6787350501543211 0.6666666666666666 0.6944082754629629 0.6666666666666666 0.6986279899691358 0.6666666666666666 0.7052589699074074 0.6666666666666666 0.7167124807098766 0.6666666666666666 0.7281659915123457 0.6666666666666666 0.7437427662037046 0.6666666666666666 0.752881462191358 0.6666666666666666 0.74926456404321 0.6666666666666666 0.7444420331790124 0.6666666666666666 0.7275631751543211 0.6666666666666666 0.7275631751543211 0.6666666666666666 0.7281659915123457 0.6666666666666666 0.7221378279320988
0 0.6666666666666666 0.7878448109567903 0.6666666666666666 0.7878448109567903 0.6666666666666666 0.7944757908950617 0.6666666666666666 0.8071349344135803 0.6666666666666666 0.8161771797839507 0.6666666666666666 0.8228081597222223 0.6666666666666666 0.8294391396604938 0.6666666666666666 0.8300419560185186 0.6666666666666666 0.813765914351852 0.6666666666666666 0.8035180362654321
0 0.6666666666666666 0.8059293016975309 0.6666666666666666 0.7992983217592592 0.6666666666666666 0.8222053433641975 0.6666666666666666 0.8155743634259259
0 0.6666666666666666 0.8794728973765432 0.6666666666666666 0.8824869791666666 0.6666666666666666 0.8921320408950617 0.6666666666666666 0.9451798804012346 0.6666666666666666 0.9355348186728395 0.6666666666666666 0.9065996334876544 0.6666666666666666 0.8933376736111112
0 0.6666666666666666 0.35984519675925924 0.6666666666666666 0.35441984953703703 0.6666666666666666 0.3441719714506173 0.6666666666666666 0.3411578896604938 0.6666666666666666 0.338746624228395 0.6666666666666666 0.338746624228395 0.6666666666666666 0.42916907793209874 0.6666666666666666 0.4351972415123457 0.6666666666666666 0.43700569058641975 0.6666666666666666 0.4297718942901234 0.6666666666666666 0.41530430169753085 0.6666666666666666 0.4020423418209876 0.6666666666666666 0.39360291280864196 0.6666666666666666 0.3839578510802469 0.6666666666666666 0.37853250385802467 0.6666666666666666 0.3670789930555555
1 0.3470775462962963 0.0031281281281281283 0.3464910222722723 0.013685560560560561 0.3537248185685686 0.0218968968968969 0.35841701076076077 0.028153153153153154 0.3588080267767768 0.0391016016016016 0.3547023586086086 0.048877002002002005 0.3517697384884885 0.05787037037037037 0.3535293105605606 0.06647272272272271 0.36232717092092087 0.07624812312312312 0.3730801113613614 0.07038288288288289 0.3773812875375375 0.06647272272272271 0.37835882757757755 0.05513325825825826 0.38109593968968963 0.04848598598598599 0.3955635322822823 0.04770395395395396 0.40436139264264265 0.04262074574574575 0.4053389326826827 0.038710585585585586 0.40338385260260257 0.019159784784784785 0.4002557244744745 0.0015640640640640642 0.39575904029029024 0.0013020833333333333
1 0.3322189376876877 0.0013020833333333333 0.33847519394394393 0.0013020833333333333 0.34375391016016016 0.0015640640640640642 0.34453594219219225 0.005474224224224225 0.34453594219219225 0.009384384384384385 0.340430274024024 0.012121496496496497 0.33300096971971976 0.012121496496496497
1 0.3331964777277277 0.015249624624624624 0.339648241991992 0.015249624624624624 0.3435584021521521 0.013685560560560561 0.34727305430430433 0.017986736736736737 0.3421898460960961 0.020332832832832833 0.33847519394394393 0.023069944944944947 0.33593358983983984 0.026980105105105106 0.3328054617117117 0.027762137137137138
1 0.34551348223223227 0.0707738988988989 0.3492281343843844 0.06569069069069068 0.35274727852852855 0.06999186686686687 0.3545068506006006 0.07546609109109109 0.35059669044044045 0.07898523523523523 0.3468820382882883 0.0782032032032032
1 0.3492281343843844 0.08406844344344344 0.3556798986486487 0.07859421921921922 0.35919904279279286 0.0782032032032032 0.36525979104104106 0.08602352352352353 0.364673267017017 0.09071571571571573 0.36428225100100103 0.10596534034034033 0.364868775025025 0.11925988488488488 0.36565080705705705 0.13059934934934933 0.3668238551051051 0.14272084584584585 0.36506428303303307 0.15054116616616617 0.36095861486486486 0.15718843843843844 0.3539203265765766 0.16305367867867868 0.34825059434434436 0.16696383883883884 0.34238535410410414 0.16657282282282282 0.33203125 0.16696354373241165 0.3324144456956957 0.15523335835835836 0.3369111298798799 0.14975913413413414 0.34023476601601604 0.1438938938938939 0.33886620995996 0.12434309309309309 0.33886620995996 0.12082394894894895 0.3414078140640641 0.11691378878878879 0.3443404341841842 0.10987550050050049 0.3474685623123123 0.10909346846846846 0.3492281343843844 0.10792042042042042 0.34883711836836834 0.10088213213213214 0.3490326263763764 0.09540790790790792 0.34942364239239243 0.09188876376376376
1 0.3662373310810811 0.07976726726726727 0.37112503128128127 0.07585710710710711 0.38050941566566565 0.06960085085085085 0.389111768018018 0.07937625125125125 0.39536802427427425 0.08954266766766766 0.3945859922422423 0.1001001001001001 0.39419497622622623 0.12121496496496496 0.39360845220220225 0.13607357357357355 0.3900893080580581 0.14076576576576577 0.3814869557057057 0.14272084584584585 0.3736666353853854 0.14741303803803804 0.37014749124124124 0.14623998998999 0.36897444319319317 0.14584897397397398 0.36897444319319317 0.13724662162162163 0.3668238551051051 0.12238801301301301 0.36643283908908914 0.10870245245245246 0.36643283908908914 0.09540790790790792 0.36721487112112117 0.0899336836836837
1 0.3809004316816817 0.06451764264264263 0.3814869557057057 0.05435122622622623 0.38969829204204204 0.052787162162162164 0.4012332645145145 0.048094969969969974 0.4051434246746746 0.04731293793793794 0.4080760447947948 0.05513325825825826 0.4113996809309309 0.06451764264264263 0.4108131569069069 0.07155593093093093 0.4074895207707708 0.07624812312312312 0.4002557244744745 0.0828953953953954 0.3969320883383383 0.08719657157157157 0.39282642017017017 0.08094031531531531 0.389502784034034 0.07546609109109109 0.38637465590590586 0.07155593093093093 0.3834420357857858 0.06881881881881881
1 0.40436139264264265 0.0031281281281281283 0.41257272897897895 0.004692192192192192 0.4184379692192192 0.0043011761761761755 0.4248897334834835 0.002346096096096096 0.4276268455955956 0.0031281281281281283 0.4278223536036036 0.012512512512512513 0.4276268455955956 0.022287912912912915 0.41980652527527523 0.021505880880880884 0.4153098410910911 0.021114864864864868 0.41687390515515516 0.036755505505505506 0.42156609734734735 0.04535785785785786 0.4282133696196196 0.05591529029029029 0.4299729416916917 0.059434434434434434 0.42352117742742745 0.06178053053053053 0.4145278090590591 0.06412662662662662 0.4108131569069069 0.057479354354354355 0.40827155280280286 0.05005005005005005 0.40651198073073075 0.04457582582582583 0.40690299674674674 0.038710585585585586 0.4063164727227227 0.030890265265265265 0.4047524086586587 0.018377752752752753 0.4035793606106106 0.010166416416416416
1 0.4053389326826827 0.08445945945945947 0.41491882507507505 0.08328641141141141 0.4270403215715716 0.07742117117117117 0.43388310185185186 0.07468405905905906 0.437206737987988 0.07194694694694695 0.437206737987988 0.06725475475475474 0.4342741178678679 0.06295357857857857 0.4321235297797798 0.06178053053053053 0.4223481293793794 0.06451764264264263 0.41648288913913917 0.06569069069069068 0.413550269019019 0.06764577077077076 0.412377220970971 0.073119994994995 0.41003112487487486 0.07663913913913914 0.4074895207707708 0.08015828328328328
1 0.5070030968468469 0.09814502002002001 0.5136503691191191 0.09423485985985985 0.5193201013513513 0.09227977977977979 0.5230347535035035 0.09697197197197198 0.5275314376876877 0.10635635635635636 0.5308550738238238 0.11300362862862863 0.5302685497997998 0.1251251251251251 0.5259673736236237 0.1411567817817818 0.5224482294794796 0.1540603103103103 0.5195156093593594 0.16461774274274274 0.5177560372872873 0.16657282282282282 0.5128683370870871 0.15992555055055055 0.5077851288788788 0.1540603103103103 0.5071986048548549 0.15093218218218218 0.5048525087587588 0.10948448448448449 0.5064165728228228 0.10088213213213214 0.5077851288788788 0.09970908408408408
1 0.49253550425425424 0.15562437437437437 0.49605464839839836 0.1564064064064064 0.4962501564064064 0.15992555055055055 0.49468609234234234 0.16188063063063063 0.4931220282782783 0.1610985985985986
1 0.33300096971971976 0.17282907907907907 0.33573808183183185 0.170873998998999 0.340430274024024 0.171265015015015 0.3443404341841842 0.17165603103103103 0.34883711836836834 0.17009196696696696 0.35861251876876876 0.16461774274274274 0.3627181869369369 0.15914351851851852 0.3666283470970971 0.1536692942942943 0.3697564752252252 0.15093218218218218 0.3740576514014014 0.1560153903903904 0.37503519144144143 0.16305367867867868 0.3719070633133133 0.17752127127127126 0.37034299924924924 0.18729667167167166 0.36741037912912916 0.1978541041041041 0.364868775025025 0.20684747247247248 0.36506428303303307 0.21584084084084085 0.36506428303303307 0.22170608108108106 0.3611541228728729 0.23069944944944945 0.3566574386886887 0.23578265765765763 0.3507921984484485 0.23148148148148148 0.3435584021521521 0.22287912912912913 0.3365201138638639 0.21388576076076074 0.3347605417917918 0.21114864864864866 0.33573808183183185 0.19863613613613615 0.3355425738238238 0.19198886386386385 0.33456503378378377 0.1829954954954955
1 0.37229807932932935 0.19198886386386385 0.3730801113613614 0.1810404154154154 0.3752306994494494 0.17204704704704707 0.37679476351351354 0.16891891891891894 0.38207347972972977 0.1786943193193193 0.3861791478978979 0.18612362362362364 0.388134227977978 0.19355292792792791 0.38930727602602605 0.19902715215215216 0.3857881318818819 0.2021552802802803 0.38246449574574576 0.2029373123123123 0.3769902715215215 0.19863613613613615
1 0.38500609984984985 0.20841153653653655 0.38852524399399396 0.20411036036036034 0.39184888013013014 0.20254629629629628 0.3955635322822823 0.2029373123123123 0.4002557244744745 0.20802052052052053 0.4035793606106106 0.21271271271271272 0.4006467404904905 0.21818693693693691 0.3983006443943944 0.22170608108108106 0.3955635322822823 0.22522522522522523 0.3934129441941942 0.22600725725725726 0.38696117992992995 0.22366116116116116 0.3836375437937938 0.2271803053053053
1 0.37894535160160164 0.15562437437437437 0.38324652777777773 0.15054116616616617 0.38989380005005003 0.14623998998999 0.3932174361861862 0.14623998998999 0.40103775650650647 0.15718843843843844 0.4080760447947948 0.16188063063063063 0.40651198073073075 0.1685279029029029 0.40103775650650647 0.17478415915915915 0.3969320883383383 0.17947635135135134 0.3924354041541542 0.18729667167167166 0.39087134009009006 0.19120683183183182 0.38696117992992995 0.18182244744744744 0.3814869557057057 0.17361111111111113 0.37933636761761763 0.16735485485485488
1 0.39888716841841837 0.09149774774774776 0.4063164727227227 0.0903246996996997 0.41472331706706705 0.08680555555555557 0.42410770145145144 0.08367742742742744 0.42938641766766766 0.08172234734734735 0.4334920858358358 0.08328641141141141 0.4391618180680681 0.09462587587587588 0.44326748623623624 0.1001001001001001 0.4497192505005005 0.10557432432432433 0.4510878065565566 0.10870245245245246 0.44424502627627627 0.11339464464464465 0.4438540102602602 0.1173048048048048 0.4413124061561562 0.12903528528528527 0.4407258821321321 0.1317723973973974 0.4309504817317317 0.13685560560560558 0.4266493055555556 0.13959271771771772 0.4223481293793794 0.14193881381381382 0.41687390515515516 0.1485860860860861 0.41198620495495497 0.1540603103103103 0.4096401088588588 0.1560153903903904 0.4020152965465466 0.15249624624624625 0.3981051363863864 0.14741303803803804 0.39536802427427425 0.14428490990990991 0.39634556431431434 0.1294263013013013 0.3967365803303304 0.11417667667667668 0.3969320883383383 0.10322822822822823
1 0.4346651338838839 0.07937625125125125 0.43877080205205204 0.07468405905905906 0.44483155030030036 0.08250437937937938 0.44756866241241244 0.0875875875875876 0.4510878065565566 0.09384384384384385 0.4546069507007007 0.09775400400400401 0.45519347472472477 0.1024461961961962 0.45421593468468463 0.10792042042042042 0.4493282344844845 0.10166416416416417 0.44307197822822825 0.09658095595595595 0.43837978603603606 0.0903246996996997 0.436815721971972 0.08602352352352353
1 0.4577350788288288 0.09775400400400401 0.461840746996997 0.09149774774774776 0.46457785910910915 0.08602352352352353 0.4729847034534534 0.08406844344344344 0.48060951576576577 0.08328641141141141 0.48569272397397395 0.0805492992992993 0.49077593218218213 0.08094031531531531 0.49468609234234234 0.08406844344344344 0.4937085523023023 0.0899336836836837 0.49077593218218213 0.09658095595595595 0.486279247997998 0.09697197197197198 0.4790454517017017 0.09618993993993995 0.47533079954954954 0.09697197197197198 0.4708341153653654 0.09892705205205204 0.4669239552052052 0.10127314814814814 0.46008117492492495 0.10440127627627627 0.4567575387887888 0.10635635635635636
1 0.44913272647647645 0.05513325825825826 0.4571485548048048 0.050832082082082085 0.461449730980981 0.04926801801801802 0.47102962337337334 0.04457582582582583 0.47533079954954954 0.042229729729729736 0.47533079954954954 0.037928553553553554 0.4733757194694695 0.025416041041041042 0.4714206393893894 0.017204704704704702 0.46731497122122123 0.01094844844844845 0.461840746996997 0.00782032032032032 0.4569530467967968 0.008993368368368369 0.45343390265265265 0.011339464464464466 0.4501102665165165 0.015249624624624624 0.44854620245245247 0.018377752752752753 0.4462001063563563 0.02580705705705706 0.44561358233233234 0.03401839339339339 0.44541807432432434 0.04027464964964965 0.4460045983483483 0.048094969969969974
1 0.533983201951952 0.11652277277277277 0.5414125062562563 0.11300362862862863 0.5488418105605605 0.11574074074074074 0.5537295107607608 0.12551614114114115 0.5562711148648649 0.13685560560560558 0.5552935748248248 0.1489771021021021 0.5539250187687688 0.16500875875875876 0.5500148586086087 0.17204704704704707 0.5425855543043042 0.17478415915915915 0.533983201951952 0.17556619119119118 0.5302685497997998 0.17713025525525525 0.5251853415915916 0.16735485485485488 0.5267494056556556 0.15093218218218218 0.5306595658158159 0.13255442942942944 0.5330056619119119 0.12434309309309309
1 0.5165829892392392 0.17361111111111113 0.5238167855355355 0.16970095095095095 0.5300730417917917 0.17947635135135134 0.5300730417917917 0.22600725725725726 0.5214706894394395 0.2365646896896897 0.5150189251751752 0.23891078578578576 0.5075896208708709 0.2416478978978979 0.49820523648648646 0.24985923423423426 0.509935716966967 0.21857795295295293 0.5159964652152152 0.2002002002002002 0.5173650212712713 0.18925175175175177 0.5167784972472472 0.1829954954954955
1 0.5326146458958959 0.1829954954954955 0.5398484421921922 0.17830330330330332 0.5504058746246246 0.17556619119119118 0.5545115427927928 0.17165603103103103 0.561158815065065 0.18495057557557557 0.5676105793293293 0.20059121621621623 0.5689791353853854 0.21114864864864866 0.5683926113613613 0.220142017017017 0.5572486549049049 0.22991741741741742 0.5470822384884885 0.23500062562562563 0.5437586023523524 0.23539164164164164 0.5333966779279279 0.22600725725725726 0.5314415978478478 0.20059121621621623
1 0.3331964777277277 0.21975100100100098 0.3353470658158158 0.219359984984985 0.3431673861361362 0.22639827327327325 0.35274727852852855 0.23812875375375375 0.35704845470470475 0.245167042042042 0.35841701076076077 0.2561154904904905 0.36134963088088085 0.2721471471471471 0.36213166291291293 0.2866147397397397 0.363891234984985 0.32141516516516516 0.3601765828328329 0.3292354854854855 0.3529427865365366 0.33744682182182184 0.3515742304804805 0.3464401901901902 0.3500101664164164 0.35152339839839836 0.3441449261761762 0.34839527027027023 0.33886620995996 0.34839527027027023 0.3343695257757758 0.35269644644644643 0.3322189376876877 0.3081206206206206 0.33203125 0.2604479479479461
1 0.41706941316316315 0.26237174674674674 0.4188289852352352 0.24634009009009009 0.42215262137137133 0.23617367367367367 0.42586727352352355 0.23500062562562563 0.4336875938438438 0.25298736236236236 0.4260627815315315 0.2592436186186186 0.42156609734734735 0.2615897147147147
1 0.4151143330830831 0.3382288538538538 0.42371668543543545 0.33627377377377377 0.43290556181181183 0.33314564564564564 0.43837978603603606 0.3280624374374374 0.44913272647647645 0.3292354854854855 0.45793058683683685 0.3382288538538538 0.4679014952452452 0.3487862862862863 0.4692700513013013 0.3585616866866867 0.4653598911411412 0.3702921671671671 0.45519347472472477 0.3753753753753754 0.44756866241241244 0.3757663913913914 0.436815721971972 0.37498435935935936 0.4289954016516517 0.36833708708708707 0.4233256694194194 0.3585616866866867 0.4188289852352352 0.3491773023023023
1 0.41120417292292294 0.16461774274274274 0.4211750813313313 0.15054116616616617 0.4332965778278279 0.13998373373373374 0.4393573260760761 0.13724662162162163 0.461840746996997 0.14584897397397398 0.47318021146146144 0.146631006006006 0.48080502377377377 0.16774587087087087 0.48354213588588585 0.18455955955955958 0.48060951576576577 0.19707207207207209 0.4743532595095095 0.21584084084084085 0.4696610673173173 0.23382757757757758 0.46672844719719714 0.24790415415415415 0.45793058683683685 0.22600725725725726 0.45089229854854856 0.21388576076076074 0.44561358233233234 0.19629004004004003 0.43701122997998 0.1982451201201201 0.42723582957957956 0.19589902402402404 0.4209795733233233 0.18025838338338337 0.41335476101101104 0.17400212712712712
1 0.47181165540540543 0.8195695695695696 0.48139154779779786 0.7961086086086087 0.4833466278778779 0.7902433683683684 0.4892118681181181 0.7894613363363363 0.5073941128628628 0.7925894644644645 0.5169740052552553 0.8027558808808809 0.5206886574074074 0.8113582332332333 0.5230347535035035 0.8223066816816816 0.5236212775275275 0.8488957707707708 0.5230347535035035 0.8664914914914914 0.5202976413913913 0.8844782282282283 0.5030929366866866 0.8891704204204204 0.4905804241741742 0.8895614364364364 0.48295561186186187 0.8684465715715716 0.47845892767767767 0.8430305305305305 0.47200716341341337 0.8277809059059059
1 0.5261628816316316 0.8203516016016016 0.53515625 0.8172234734734735 0.5482552865365365 0.8254348098098098 0.5502103666166166 0.8410754504504504 0.5504058746246246 0.8571071071071071 0.5463002064564565 0.8664914914914914 0.5376978541041041 0.877830955955956 0.5302685497997998 0.8790040040040039 0.5234257695195196 0.8801770520520521 0.5255763576076076 0.8539789789789789 0.5244033095595596 0.8359922422422422 0.5245988175675675 0.8242617617617617
1 0.5529474787287287 0.8445945945945946 0.559203734984985 0.8281719219219218 0.5629183871371372 0.8172234734734735 0.5650689752252253 0.8133133133133134 0.5685881193693694 0.8180055055055054 0.5721072635135135 0.8254348098098098 0.5764084396896897 0.8402934184184184 0.58227367992993 0.8539789789789789 0.5809051238738738 0.8696196196196196 0.5754308996496497 0.880568068068068 0.560767799049049 0.8696196196196196 0.5496238425925926 0.8633633633633634 0.5533384947447447 0.853196946946947
1 0.4196110172672673 0.9353103103103103 0.42645379754754753 0.9149774774774775 0.4297774336836837 0.9067661411411412 0.43662021396396394 0.9149774774774775 0.44346299424424424 0.9169325575575575 0.4516743305805806 0.9169325575575575 0.45949465090090086 0.9184966216216216 0.45793058683683685 0.9337462462462462 0.45636652277277273 0.9474318068068067 0.44854620245245247 0.9572072072072072 0.43955283408408413 0.9634634634634635 0.43192802177177175 0.9658095595595596 0.4284088776276276 0.9622904154154154 0.4246942254754755 0.9497779029029029 0.4225436373873874 0.9403935185185185
1 0.4196110172672673 0.9955267767767767 0.4254762575075075 0.977149024024024 0.42860438563563563 0.9705017517517517 0.4336875938438438 0.9697197197197197 0.44326748623623624 0.9650275275275275 0.4503057745245245 0.9587712712712713 0.45812609484484484 0.9517329829829829 0.4657509071571571 0.9552521271271271 0.47044309934934936 0.9599443193193192 0.47415775150150147 0.9654185435435435 0.47396224349349353 0.977931056056056 0.4737667354854855 0.9849693443443442 0.47318021146146144 0.9923986486486487 0.4690745432932933 0.9970908408408409 0.4596901589089089 0.9970908408408409 0.4401393581081081 0.9970908408408409 0.43153700575575576 0.9974818568568568 0.42293465340340336 0.9978728728728729
1 0.33339198573573575 0.9705017517517517 0.34082129004004 0.9689376876876876 0.3435584021521521 0.9740208958958959 0.3447314502002002 0.9853603603603603 0.3435584021521521 0.9935716966966966 0.339257225975976 0.9959177927927928 0.3331964777277277 0.9974818568568568 0.3324144456956957 0.9798861361361362
1 0.34375391016016016 0.9599443193193192 0.3478595783283283 0.9446946946946947 0.35313829454454454 0.9435216466466466 0.3593945508008008 0.9486048548548549 0.36565080705705705 0.9548611111111112 0.3713205392892893 0.9583802552552552 0.37562171546546547 0.9572072072072072 0.3801183996496496 0.952906031031031 0.38422406781781787 0.9486048548548549 0.388329735985986 0.9470407907907908 0.3924354041541542 0.9595533033033034 0.3932174361861862 0.9654185435435435 0.3912623561061061 0.9751939439439439 0.38696117992992995 0.9923986486486487 0.38246449574574576 0.9982638888888888 0.3743264749124117 0.9986979166666666 0.3507921984484485 0.9974818568568568 0.3480550863363363 0.9916166166166166 0.34610000625625625 0.9744119119119118 0.3441449261761762 0.9646365115115114
1 0.3328054617117117 0.8473317067067067 0.339648241991992 0.8418574824824825 0.34453594219219225 0.8399024024024024 0.35098770645645644 0.8367742742742742 0.3490326263763764 0.8594532032032033 0.3462955142642643 0.8680555555555555 0.34121230605605607 0.8743118118118117 0.3361290978478479 0.8715746996996997 0.33339198573573575 0.8629723473473474
1 0.3457089902402402 0.8801770520520521 0.3496191504004004 0.8743118118118117 0.3556798986486487 0.8833051801801801 0.3590035347847848 0.8833051801801801 0.363891234984985 0.8758758758758759 0.3654552990490491 0.8743118118118117 0.37327561936936937 0.8801770520520521 0.37034299924924924 0.8997278528528528 0.3668238551051051 0.9063751251251251 0.35841701076076077 0.9020739489489489 0.35274727852852855 0.8973817567567567 0.3492281343843844 0.8872153403403403
1 0.3676058871371371 0.8704016516516516 0.3736666353853854 0.8582801551551551 0.37816331956956956 0.8500688188188188 0.38324652777777773 0.8684465715715716 0.3840285598098098 0.8770489239239239 0.37386214339339335 0.87743993993994 0.3691699512012012 0.8735297797797797
1 0.37562171546546547 0.882523148148148 0.38422406781781787 0.8829141641641641 0.38598363988988993 0.8895614364364364 0.3836375437937938 0.8989458208208209 0.38031390765765766 0.904420045045045 0.37249358733733734 0.9059841091091091 0.37034299924924924 0.9059841091091091 0.37249358733733734 0.8969907407407408 0.3734711273773774 0.8899524524524525
1 0.38539711586586584 0.8637543793793793 0.39439048423423423 0.8653184434434434 0.40181978853853856 0.8692286036036037 0.4037748686186186 0.8719657157157158 0.4004512324824825 0.8813501001001001 0.39302192817817816 0.8876063563563563 0.3873521959459459 0.8864333083083084 0.38598363988988993 0.877830955955956
1 0.3791408596096096 0.8336461461461462 0.38637465590590586 0.8203516016016016 0.39517251626626626 0.8215246496496497 0.40553444069069067 0.8262168418418417 0.4084670608108108 0.8340371621621622 0.40670748873873874 0.856325075075075 0.4059254567067067 0.8649274274274275 0.3971275963463463 0.8614082832832833 0.38891626001001 0.8590621871871872 0.38383305180180183 0.8590621871871872 0.3809004316816817 0.8449856106106105
1 0.37464417542542544 0.8070570570570571 0.3816824637137137 0.806666041041041 0.3840285598098098 0.8148773773773774 0.3814869557057057 0.8230887137137137 0.3779678115615616 0.8285629379379379 0.3752306994494494 0.8281719219219218 0.3728846033533533 0.8148773773773774
1 0.38598363988988993 0.806666041041041 0.38852524399399396 0.7988457207207208 0.39575904029029024 0.7929804804804804 0.4051434246746746 0.7988457207207208 0.41941550925925924 0.804710960960961 0.41218171296296297 0.8152683933933934 0.4078805367867868 0.8211336336336337 0.3981051363863864 0.8203516016016016 0.388720752002002 0.8148773773773774
1 0.4106176488988989 0.8234797297297297 0.4158963651151151 0.8144863613613613 0.4211750813313313 0.8082301051051051 0.42860438563563563 0.806666041041041 0.43290556181181183 0.8148773773773774 0.43798877002002 0.8254348098098098 0.4393573260760761 0.8344281781781783 0.4313414977477477 0.8391203703703703 0.4284088776276276 0.853196946946947 0.4244987174674675 0.8653184434434434 0.41922000125125125 0.8739207957957958 0.413941285035035 0.8801770520520521 0.4074895207707708 0.8723567317317317 0.40885807682682684 0.856716091091091 0.4092490928428429 0.8426395145145146 0.41042214089089085 0.830518018018018
1 0.4002557244744745 0.8872153403403403 0.40318834459459457 0.879786036036036 0.4070985047547548 0.8770489239239239 0.4108131569069069 0.8821321321321322 0.41218171296296297 0.8879973723723724 0.4102266328828829 0.8942536286286287 0.4059254567067067 0.9067661411411412 0.4037748686186186 0.9106763013013013 0.4027973285785786 0.9009009009009009 0.4014287725225225 0.8915165165165165
1 0.4428764702202202 0.8375563063063063 0.4479596784284284 0.8395113863863863 0.45421593468468463 0.8488957707707708 0.4596901589089089 0.855543043043043 0.4571485548048048 0.878221971971972 0.4575395708208208 0.8997278528528528 0.45949465090090086 0.9122403653653653 0.45089229854854856 0.9126313813813813 0.4424854542042042 0.9102852852852853 0.43603368993993996 0.9079391891891891 0.4325145457957958 0.9005098848848849 0.43759775400400397 0.8813501001001001 0.44111689814814814 0.8715746996996997 0.44307197822822825 0.8598442192192192 0.4438540102602602 0.8508508508508509 0.4436585022522523 0.8442035785785785
1 0.43153700575575576 0.806275025025025 0.4438540102602602 0.806275025025025 0.45147882257257255 0.806275025025025 0.4587126188688688 0.804319944944945 0.4653598911411412 0.8027558808808809 0.4766993556056056 0.8008008008008008 0.47200716341341337 0.8137043293293292 0.4677059872372373 0.8164414414414414 0.4538249186686687 0.8164414414414414 0.4510878065565566 0.8230887137137137 0.44854620245245247 0.8340371621621622 0.44268096221221215 0.8328641141141141 0.44111689814814814 0.83130005005005 0.4385752940440441 0.8211336336336337 0.43544716591591587 0.8152683933933934
1 0.44991475850850854 0.8367742742742742 0.4532383946446446 0.8223066816816816 0.4565620307807808 0.8203516016016016 0.46281828703703703 0.8203516016016016 0.46848801926926925 0.8207426176176176 0.4698565753253254 0.8250437937937938 0.4669239552052052 0.831691066066066 0.462231763013013 0.8492867867867867 0.45362941066066065 0.8453766266266266
1 0.3443404341841842 0.415259009009009 0.3539203265765766 0.4207332332332332 0.3560709146646646 0.4316816816816817 0.3547023586086086 0.43950200200200196 0.3490326263763764 0.44145708208208206 0.3425808621121121 0.439110985985986 0.34023476601601604 0.4359828578578579 0.3421898460960961 0.4226883133133133
1 0.35861251876876876 0.4226883133133133 0.36428225100100103 0.3988363363363363 0.3748396834334334 0.38554179179179177 0.3822689877377377 0.3761574074074074 0.3855926238738739 0.36403591091091086 0.387743211961962 0.36090778278278274 0.3947815002502502 0.36755505505505504 0.39439048423423423 0.37302927927927926 0.39360845220220225 0.3874968718718719 0.3938039602102102 0.39961836836836834 0.39087134009009006 0.41643205705705705 0.3867656719219219 0.43402777777777773 0.3834420357857858 0.44223911411411415 0.37679476351351354 0.44380317817817816 0.36995198323323325 0.44575825825825827 0.36350021896896895 0.44614927427427425 0.35841701076076077 0.43871996996997 0.3582215027527527 0.42894456956956956
1 0.631775809447983 0.36813296178343946 0.6355078954352441 0.3482285031847134 0.6413133625265393 0.3374469214437367 0.6483628582802548 0.32749469214437366 0.6541683253715499 0.32749469214437366 0.6483628582802548 0.35403397027600847 0.6512655918259024 0.37393842887473455 0.6508509156050956 0.3847200106157112 0.6454601247346071 0.3896961252653927 0.6371666003184714 0.38223195329087045
1 0.5824293391719745 0.4270169851380042 0.5865761013800425 0.4137473460721868 0.5903081873673036 0.411259288747346 0.5969430069002123 0.41042993630573243 0.6015044453290871 0.4162354033970275 0.5981870355626326 0.4328224522292993 0.5940402733545648 0.44111597664543517 0.5869907776008493 0.4353105095541401
1 0.6545830015923567 0.34574044585987257 0.6591444400212314 0.3208598726114649 0.6628765260084926 0.3034434713375796 0.6666666666666666 0.3042728237791932 0.6666666666666666 0.31505440552016983 0.6666666666666666 0.3324708067940552 0.6666666666666666 0.35983943736730356 0.6666666666666666 0.37642648619957536 0.6666666666666666 0.3780851910828025 0.6587297638004247 0.3755971337579617 0.6549976778131635 0.3722797239915074 0.6525096204883227 0.3581807324840764
1 0.6483628582802548 0.4029657643312101 0.6537536491507431 0.3847200106157112 0.6628765260084926 0.38223195329087045 0.6666666666666666 0.3863787154989384 0.6666666666666666 0.3930135350318471 0.6666666666666666 0.40213641188959653 0.6666666666666666 0.41042993630573243 0.6666666666666666 0.4162354033970275 0.6624618497876859 0.415406050955414
1 0.45164807862190814 0.05889281507656066 0.4626904814487633 0.054291813898704355 0.4709722835689046 0.05107111307420495 0.4774136852179034 0.05107111307420495 0.482934886631331 0.05475191401648999 0.4925969891048292 0.054291813898704355 0.4999585909893993 0.05567211425206125 0.5082403931095406 0.05981301531213192 0.515371944935218 0.07085541813898703 0.5167522452885748 0.08097762073027091 0.5160620951118964 0.08695892226148409 0.5075502429328622 0.09109982332155477 0.4997285409305065 0.0855786219081272 0.4873058377502944 0.07545641931684334 0.4755732847467609 0.07867712014134275 0.4652210320965842 0.08005742049469965 0.4601599308009423 0.07683671967020024 0.4546387293875147 0.06947511778563015 0.4527983289163722 0.06303371613663132
1 0.5089305432862191 0.055212014134275615 0.5121512441107186 0.04508981154299175 0.5192827959363958 0.02990650765606596 0.5248039973498234 0.026685806831566548 0.5328557494110718 0.03864840989399293 0.5271044979387515 0.049690812720848056 0.5206630962897526 0.06349381625441695 0.5162921451707891 0.06579431684334511
1 0.5190527458775029 0.07361601884570082 0.5305552488221438 0.05107111307420495 0.5353863000588929 0.04186911071849234 0.5471188530624264 0.044169611307420496 0.5496494037102474 0.049690812720848056 0.5524100044169612 0.07085541813898703 0.5535602547114252 0.0823579210836278 0.5475789531802121 0.10812352767962308 0.5441282022968198 0.11042402826855123 0.5344660998233216 0.10950382803297998 0.5284847982921084 0.10260232626619552 0.5195128459952886 0.08833922261484099 0.5188226958186101 0.08143772084805653
1 0.5188226958186101 0.0023005005889281506 0.5248039973498234 0.020704505300353355 0.5317054991166078 0.025305506478209658 0.5376868006478209 0.021164605418138985 0.5427479019434629 0.004601001177856301 0.526644397820966 0.0013020833333333333
1 0.5353863000588929 0.030366607773851587 0.5411375515312132 0.037268109540636044 0.5487292034746761 0.04094891048292108 0.5528701045347467 0.03910851001177856 0.5544804549469965 0.028986307420494697 0.5581612558892816 0.017943904593639575 0.5643726074793874 0.004601001177856301 0.563682457302709 0.0013020833333333333 0.5480390532979976 0.0018404004711425207 0.5448183524734982 0.0023005005889281506 0.5425178518845701 0.013803003533568904 0.5388370509422851 0.023465106007067138
1 0.5519499042991756 0.0473903121319199 0.5572410556537103 0.03128680800942285 0.562532207008245 0.018864104829210835 0.5664430580094229 0.017483804475853945 0.583696812426384 0.03404740871613663 0.583696812426384 0.044169611307420496 0.5765652606007067 0.05291151354534746 0.5717342093639576 0.06671451707891637 0.569893808892815 0.07453621908127209 0.5567809555359245 0.0777569199057715 0.5542504048881036 0.06671451707891637
1 0.5496494037102474 0.10904372791519434 0.5549405550647821 0.08649882214369847 0.5609218565959954 0.0823579210836278 0.5682834584805654 0.08097762073027091 0.5747248601295643 0.08419832155477032 0.5802460615429917 0.09294022379269729 0.5813963118374558 0.11778563015312132 0.5848470627208481 0.12882803297997644 0.5834667623674912 0.13526943462897525 0.5701238589517079 0.1389502355712603 0.5618420568315665 0.13941033568904593 0.55885140606596 0.1371098351001178 0.5542504048881036 0.12008613074204948
1 0.5581612558892816 0.146771937573616 0.574954910188457 0.14171083627797407 0.586227363074205 0.14171083627797407 0.5894480638987044 0.14401133686690223 0.5942791151354535 0.1463118374558304 0.6009505668433451 0.1463118374558304 0.6142934702591284 0.14585173733804477 0.6228053224381626 0.14401133686690223 0.6278664237338045 0.15091283863368668 0.6269462234982331 0.15827444051825676 0.617284121024735 0.16379564193168433 0.6090023189045937 0.17437794464075382 0.6076220185512368 0.19186174911660778 0.6129131699057715 0.20106375147232036 0.6186644213780919 0.21026575382803295 0.6237255226737338 0.2061248527679623 0.6308570744994111 0.2029041519434629 0.6338477252650176 0.20658495288574794 0.6306270244405182 0.21394655477031801 0.6264861233804476 0.21900765606595995 0.6200447217314488 0.2167071554770318 0.6136033200824499 0.21854755594817432 0.6011806169022379 0.2240687573616019 0.5970397158421673 0.22452885747938753 0.5974998159599529 0.21302635453474675 0.5956594154888104 0.20658495288574794 0.5894480638987044 0.20474455241460543 0.5848470627208481 0.21118595406360421 0.5832367123085983 0.22176825677267373 0.5802460615429917 0.23557126030624265 0.5786357111307421 0.24201266195524143 0.5740347099528857 0.22590915783274437 0.5717342093639576 0.20796525323910484 0.5666731080683157 0.19140164899882214 0.5581612558892816 0.1725375441696113 0.5570110055948175 0.16241534157832743
1 0.43531452444051827 0.24477326266195523 0.440605675795053 0.25719596584216725 0.44635692726737336 0.2581161660777385 0.4571692800353357 0.25581566548881035 0.46361068168433456 0.25305506478209655 0.4596998306831566 0.23971216136631332 0.4548687794464075 0.22636925795053 0.44911752797408716 0.21854755594817432 0.44382637661955243 0.22820965842167254 0.4383051752061249 0.23649146054181389
1 0.44290617638398116 0.26363736749116606 0.45164807862190814 0.2627171672555948 0.4601599308009423 0.2608767667844523 0.4645308819199057 0.2594964664310954 0.4702821333922262 0.26455756772673733 0.4778737853356891 0.26317726737338043 0.4790240356301531 0.27375957008244994 0.47603338486454655 0.28158127208480566 0.47189248380447585 0.2944640753828033 0.46683138250883394 0.3114877797408716 0.4677515827444052 0.3193094817432273 0.4626904814487633 0.32391048292108365 0.4544086793286219 0.32621098351001176 0.446817027385159 0.323450382803298 0.4394554255005889 0.3252907832744405 0.4302534231448763 0.3280513839811543 0.4148400691990577 0.33495288574793874 0.41898097025912834 0.3216099823321555 0.43416427414605413 0.3124079799764429 0.444286476737338 0.29216357479387517 0.4470470774440518 0.28388177267373377 0.446817027385159 0.2783605712603062 0.44497662691401646 0.2705388692579505
1 0.46407078180212014 0.3354129858657244 0.47327278415783275 0.32114988221436985 0.4850053371613663 0.30918727915194344 0.4916767888692579 0.30688677856301533 0.4997285409305065 0.31332818021201414 0.5034093418727915 0.3243705830388693 0.5017989914605417 0.3340326855123675 0.49374723939929327 0.35013618963486454 0.48914623822143694 0.3574977915194346 0.4847752871024735 0.36531949352179033 0.47948413574793874 0.3759017962308598 0.47442303445229683 0.37682199646643105 0.4702821333922262 0.36808009422850413 0.4721225338633686 0.35289679034157834 0.4672914826266195 0.3432346878680801
1 0.49397728945818614 0.3009054770318021 0.49903839075382805 0.2792807714958775 0.5050196922850413 0.26455756772673733 0.5130714443462897 0.25443536513545345 0.5188226958186101 0.2443131625441696 0.5268744478798587 0.23833186101295642 0.5321655992343933 0.23189045936395758 0.5425178518845701 0.24201266195524143 0.543898152237927 0.2608767667844523 0.5418277017078917 0.2806610718492344 0.5342360497644288 0.2884827738515901 0.522733546819788 0.3027458775029446 0.5089305432862191 0.30872717903415786 0.5029492417550059 0.311027679623086 0.49673789016489983 0.30688677856301533
1 0.3876941622497056 0.9974970553592462 0.40057696554770317 0.9979571554770318 0.3996567653121319 0.9841541519434629 0.39620601442873965 0.9685107479387515 0.392065113368669 0.9832339517078915
2 0.6666666666666666 0.1601148409893993 0.6666666666666666 0.1568941401648999 0.6666666666666666 0.16195524146054183 0.6666666666666666 0.16379564193168433
1 0.6034811174911661 0.03772820965842167 0.6027909673144877 0.049690812720848056 0.6119929696702003 0.05889281507656066 0.6216550721436985 0.047850412249705536 0.6239555727326266 0.03864840989399293 0.6165939708480566 0.03404740871613663 0.6092323689634864 0.034507508833922264
1 0.617284121024735 0.067174617196702 0.6257959732037691 0.04554991166077738 0.6354580756772674 0.0473903121319199 0.638448726442874 0.047850412249705536 0.6430497276207303 0.051531213191990576 0.6494911292697291 0.06119331566548881 0.6580029814487632 0.06303371613663132 0.6621438825088339 0.067174617196702 0.6504113295053003 0.10490282685512368 0.63729847614841 0.09708112485276797 0.6276363736749117 0.08419832155477032 0.6225752723792698 0.0749963191990577
1 0.6666666666666666 0.41334107545045035 0.6666666666666666 0.4142208614864864 0.6666666666666666 0.452931447072072 0.6666666666666666 0.452931447072072
1 0.6666666666666666 0.4168602195945945 0.6666666666666666 0.45117187499999994 0.6666666666666666 0.4626090934684684 0.6666666666666666 0.46788780968468463 0.6666666666666666 0.4661282376126126 0.6666666666666666 0.42917722409909903 0.6666666666666666 0.41246128941441434 0.6666666666666666 0.40190385698198194 0.6666666666666666 0.39486556869369366 0.6666666666666666 0.39574535472972966 0.6666666666666666 0.3983847128378378 0.6666666666666666 0.4001442849099099 0.6666666666666666 0.4115815033783783
1 0.5421945382882883 0.4599697353603603 0.5496727195945946 0.4687675957207207 0.5567110078828829 0.4564505912162162 0.5619897240990991 0.44941230292792783 0.5694679054054054 0.43621551238738737 0.5725471565315315 0.4300570101351351 0.5641891891891891 0.427417652027027 0.5536317567567567 0.43181658220720714 0.5479131475225225 0.4397346565315315 0.5421945382882883 0.45117187499999994
1 0.33412514076576577 0.4502920889639639 0.3424831081081081 0.4458931587837837 0.341163429054054 0.4626090934684684 0.33236556869369366 0.48724310247747743
1 0.3429230011261261 0.46788780968468463 0.3526006475225225 0.47228673986486486 0.3596389358108108 0.4573303772522522 0.3596389358108108 0.45117187499999994 0.35436021959459457 0.4467729448198197 0.3486416103603604 0.44853251689189183 0.34556235923423423 0.452931447072072
1 0.6666666666666666 0.7652554898648648 0.6666666666666666 0.7520586993243242 0.6666666666666666 0.7459001970720721 0.6666666666666666 0.7529384853603602 0.6666666666666666 0.7608565596846847 0.6666666666666666 0.7837309966216216 0.6666666666666666 0.8004469313063063 0.6666666666666666 0.8250809403153152 0.6666666666666666 0.842676661036036 0.6666666666666666 0.8479553772522522 0.6666666666666666 0.8558734515765765 0.6666666666666666 0.8629117398648648 0.6666666666666666 0.8347585867117117 0.6666666666666666 0.8154032939189189 0.6666666666666666 0.7951682150900901
1 0.6666666666666666 0.7558242565698478 0.6666666666666666 0.7417768845089903 0.6666666666666666 0.7320517807745505 0.6666666666666666 0.7174641251728907 0.6666666666666666 0.7261086618257261 0.6666666666666666 0.7401560338865836
1 0.6666666666666666 0.7390754668049792 0.6666666666666666 0.7471797199170124 0.6666666666666666 0.7569048236514523 0.6666666666666666 0.7569048236514523 0.6666666666666666 0.7493408540802212 0.6666666666666666 0.7417768845089903 0.6666666666666666 0.7126015733056708 0.6666666666666666 0.6909902316735822 0.6666666666666666 0.6893693810511756 0.6666666666666666 0.6990944847856154 0.6666666666666666 0.7093598720608575 0.6666666666666666 0.7244878112033194
1 0.6666666666666666 0.7644687932226831 0.6666666666666666 0.759065957814661 0.6666666666666666 0.7644687932226831 0.6666666666666666 0.7752744640387275 0.6666666666666666 0.7822981500691562 0.6666666666666666 0.792023253803596 0.6666666666666666 0.8033692081604425 0.6666666666666666 0.8028289246196403 0.6666666666666666 0.8012080739972337 0.6666666666666666 0.7909426867219916 0.6666666666666666 0.7790564488243429 0.6666666666666666 0.7671702109266944
1 0.6666666666666666 0.6628954875518672 0.6666666666666666 0.6526301002766252 0.6666666666666666 0.6450661307053942 0.6666666666666666 0.6439855636237898 0.6666666666666666 0.6407438623789765 0.6666666666666666 0.6304784751037344 0.6666666666666666 0.6353410269709544 0.6666666666666666 0.6402035788381742 0.6666666666666666 0.654791234439834 0.6666666666666666 0.6699191735822959 0.6666666666666666 0.6855873962655602 0.6666666666666666 0.698013917704011 0.6666666666666666 0.7109807226832641 0.6666666666666666 0.7320517807745505 0.6666666666666666 0.748800570539419 0.6666666666666666 0.7790564488243429 0.6666666666666666 0.7785161652835407 0.6666666666666666 0.7628479426002767 0.6666666666666666 0.7520422717842323 0.6666666666666666 0.7266489453665282 0.6666666666666666 0.7071987378976486 0.6666666666666666 0.6882888139695712 0.6666666666666666 0.6780234266943291
1 0.6666666666666666 0.6239950726141079 0.6666666666666666 0.6121088347164593 0.6666666666666666 0.6029240145228215 0.6666666666666666 0.6018434474412172 0.6666666666666666 0.6056254322268326 0.6666666666666666 0.6045448651452282 0.6666666666666666 0.6202130878284924 0.6666666666666666 0.6250756396957123 0.6666666666666666 0.62939790802213 0.6666666666666666 0.6288576244813279
1 0.6666666666666666 0.6342604598893499 0.6666666666666666 0.62939790802213 0.6666666666666666 0.6250756396957123 0.6666666666666666 0.6375021611341632 0.6666666666666666 0.6418244294605809 0.6666666666666666 0.6429049965421854 0.6666666666666666 0.6364215940525588 0.6666666666666666 0.6364215940525588
1 0.6666666666666666 0.03616658022130016 0.6666666666666666 0.029142894190871394 0.6666666666666666 0.028602610650069183 0.6666666666666666 0.030763744813278034 0.6666666666666666 0.04373054979253115 0.6666666666666666 0.06101962309820196 0.6666666666666666 0.06912387621023515 0.6666666666666666 0.05453622060857541 0.6666666666666666 0.046972251037344426
1 0.6666666666666666 0.07128501037344401 0.6666666666666666 0.08479209889349933 0.6666666666666666 0.09451720262793917 0.6666666666666666 0.05291536998616877 0.6666666666666666 0.045351400414937786 0.6666666666666666 0.058858488934993104
1 0.6532082036652835 0.10532287344398343 0.6629333073997233 0.07182529391424622 0.6666666666666666 0.0707447268326418 0.6666666666666666 0.05993905601659754 0.6666666666666666 0.06966415975103736 0.6666666666666666 0.0750669951590595 0.6666666666666666 0.09073521784232368 0.6666666666666666 0.12099109612724761 0.6666666666666666 0.14422328838174275 0.6659048668741355 0.12585364799446752 0.6586110390733056 0.11180627593360998
1 0.6666666666666666 0.07614756224066392 0.6666666666666666 0.07614756224066392 0.6666666666666666 0.09451720262793917 0.6666666666666666 0.11342712655601661 0.6666666666666666 0.12207166320885203 0.6666666666666666 0.12099109612724761 0.6666666666666666 0.10802429114799449 0.6666666666666666 0.09397691908713696 0.6666666666666666 0.08425181535269712
1 0.6666666666666666 0.20203362724757956 0.6666666666666666 0.2193227005532504 0.6666666666666666 0.22580610304287693 0.6666666666666666 0.220943551175657 0.6666666666666666 0.21229901452282163 0.6666666666666666 0.1793417185338866 0.6666666666666666 0.19663079183955745
1 0.6666666666666666 0.17177774896265563 0.6666666666666666 0.14692470608575384 0.6666666666666666 0.13179676694329187 0.6666666666666666 0.12693421507607194 0.6666666666666666 0.13017591632088524 0.6666666666666666 0.129635632780083 0.6666666666666666 0.14260243775933612 0.6666666666666666 0.16961661479944679 0.6666666666666666 0.18042228561549103 0.6666666666666666 0.20095306016597514 0.6666666666666666 0.21878241701244816 0.6666666666666666 0.2155407157676349 0.6666666666666666 0.19717107538035963 0.6666666666666666 0.18258341977869988
1 0.6666666666666666 0.21013788035961276 0.6666666666666666 0.23174922199170125 0.6666666666666666 0.23985347510373448 0.6666666666666666 0.24417574343015216 0.6666666666666666 0.22742695366528357 0.6666666666666666 0.21337958160442605
1 0.48599044778699857 0.38627031466113415 0.4984169692254495 0.3797869121715076 0.5043600881742739 0.3808674792531121 0.5162463260719226 0.393294000691563 0.520028310857538 0.4008579702627939 0.5219193032503457 0.42192902835408025 0.522459586791148 0.43651668395574 0.5186776020055325 0.4484029218533887 0.5113837742047026 0.4521849066390042 0.5081420729598894 0.4592085926694329 0.507331647648686 0.46785312932226836 0.5011183869294605 0.4570474585062241 0.5049003717150761 0.44462093706777317 0.5111136324343015 0.42300959543568467 0.5089524982710927 0.40950250691562934 0.5027392375518672 0.4013982538035961 0.49193356673582295 0.3943745677731674
1 0.43871563796680496 0.3808674792531121 0.4533032935684647 0.38032719571230983 0.46789094917012447 0.3738437932226833 0.4714027921853388 0.38032719571230983 0.46789094917012447 0.3976162690179807 0.46248811376210236 0.413824775242047 0.4573554201244813 0.42895271438450905 0.4433080480636238 0.42300959543568467 0.4384454961964039 0.3976162690179807
1 0.3881991269017981 0.4424598029045643 0.39900479771784236 0.4473223547717842 0.40954032676348545 0.4316541320885201 0.40008536479944673 0.4143650587828493 0.3960332382434302 0.4143650587828493 0.3900901192946058 0.4354361168741356
1 0.33579162344398344 0.4927061721991701 0.34065417531120334 0.4759573824343015 0.34983899550484093 0.477037949515906 0.3533508385200554 0.4862227697095436 0.35443140560165975 0.5045924100968188 0.3509195625864454 0.5159383644536654 0.3457868689488244 0.4981090076071923 0.3384930411479945 0.49324645573997233
1 0.3552418309128631 0.4737962482710927 0.36685792704011067 0.4527251901798064 0.37280104598893504 0.44948348893499307 0.3844171421161826 0.44894320539419086 0.3976540888658368 0.45110433955739976 0.3979242306362379 0.4710948305670816 0.39414224585062246 0.4819005013831259 0.38306643326417705 0.4921658886583679 0.3795545902489627 0.5045924100968188 0.3590238156984786 0.5024312759336099 0.35605225622406644 0.48892418741355465
1 0.5167866096127248 0.509995245504841 0.5348861082295989 0.4743365318118949 0.5389382347856154 0.4683934128630705 0.5470424878976486 0.4743365318118949 0.5556870245504841 0.48352135200553253 0.5602794346473029 0.4991895746887967 0.5554168827800829 0.5116160961272476 0.5373173841632088 0.512696663208852 0.5192178855463347 0.5148577973720608
1 0.5573078751728907 0.5148577973720608 0.5621704270401107 0.5045924100968188 0.5700045383817427 0.5110758125864454 0.5718955307745505 0.5170189315352697 0.5643315612033195 0.5191800656984785
1 0.5532557486168742 0.4700142634854772 0.5632509941217151 0.45380575726141076 0.5710851054633471 0.4375972510373444 0.5770282244121715 0.4267915802213002 0.5845921939834025 0.43867781811894885 0.5870234699170124 0.461910010373444 0.5891846040802213 0.4824407849239281 0.5772983661825726 0.5040521265560166 0.5694642548409405 0.505132693637621 0.5600092928769018 0.49162560511756576 0.5562273080912864 0.47649766597510373
1 0.400625648340249 0.4527251901798064 0.41116117738589214 0.4348958333333333 0.4144028786307054 0.45056405601659755 0.4141327368603043 0.4651517116182573 0.4019763571922545 0.4808199343015214 0.3995450812586445 0.4689336964038728
1 0.4022464989626556 0.48730333679114807 0.4135924533195021 0.47163511410788383 0.4227772735131397 0.469473979944675 0.43196209370677735 0.45488632434301524 0.4343933696403873 0.4424598029045643 0.43979620504840944 0.43651668395574 0.44465875691562934 0.42949299792531126 0.45411371887966806 0.43327498271092674 0.4562748530428769 0.44570150414937765 0.4576255618948824 0.45650717496542187 0.4638388226141079 0.4635308609958506 0.461677688450899 0.4775782330567082 0.45816584543568467 0.4991895746887967 0.4595165542876902 0.5094549619640387 0.45249286825726137 0.5170189315352697 0.4316919519363762 0.5153980809128631 0.42115642289073313 0.5159383644536654 0.41575358748271096 0.5159383644536654 0.4092701849930844 0.5013507088520056
1 0.3503792790456432 0.5235023340248962 0.35632239799446747 0.5110758125864454 0.362535658713693 0.5078341113416321 0.37307118775933606 0.5105355290456431 0.38360671680497926 0.5143175138312587 0.39090054460580914 0.5218814834024896 0.39522281293222683 0.5321468706777317 0.3963033800138313 0.5424122579529738 0.39387210408022133 0.56348331604426 0.38900955221300143 0.5834738070539419 0.3763128890041494 0.5780709716459198 0.3641565093360996 0.5694264349930843 0.360104382780083 0.5640235995850623 0.36091480809128634 0.5499762275242047 0.3576731068464731 0.5364691390041494 0.3541612638312586 0.5267440352697096
1 0.39981522302904565 0.5359288554633471 0.40629862551867224 0.5424122579529738 0.41062089384508993 0.5591610477178424 0.41575358748271096 0.5867155082987552 0.41683415456431533 0.6023837309820194 0.4149431621715076 0.6121088347164593 0.40818961791147995 0.6158908195020747 0.40035550656984786 0.5996823132780084 0.3925213952282158 0.5850946576763486 0.3965735217842324 0.5591610477178424 0.3979242306362379 0.5499762275242047
1 0.4025166407330567 0.532687154218534 0.4079194761410789 0.5289051694329184 0.41818486341632094 0.532687154218534 0.4222369899723375 0.5267440352697096 0.4189952887275242 0.5208009163208852 0.4395260632780083 0.5224217669432919 0.45843598720608575 0.5213411998616874 0.46248811376210236 0.5310663035961273 0.4649193896957123 0.5348482883817428 0.4619478302213002 0.5424122579529738 0.4587061289764869 0.5526776452282157 0.45843598720608575 0.5624027489626556 0.46599995677731676 0.5688861514522822 0.47086250864453666 0.5688861514522822 0.4689715162517289 0.5769904045643154 0.45222272648686035 0.5705070020746889 0.4333128025587829 0.5769904045643154 0.4198057140387275 0.5818529564315352 0.41683415456431533 0.5818529564315352 0.4149431621715076 0.56834586791148 0.41224174446749656 0.5521373616874136 0.40764933437067774 0.5397108402489627
1 0.517326893153527 0.5251231846473029 0.5281325639695712 0.5186397821576764 0.5494737638312587 0.5180994986168742 0.5573078751728907 0.5224217669432919 0.5664926953665284 0.5294454529737206 0.5670329789073306 0.5440331085753803 0.5619002852697096 0.553217928769018 0.5497439056016598 0.5656444502074689 0.5435306448824343 0.5823932399723375 0.5316444069847855 0.5834738070539419 0.5232700121023514 0.5829335235131398 0.5175970349239281 0.5694264349930843 0.5205685943983402 0.5602416147994468 0.5181373184647303 0.538089989626556
1 0.5689239713001383 0.5256634681881052 0.5729760978561549 0.5224217669432919 0.5810803509681881 0.5316065871369294 0.5891846040802213 0.5429525414937759 0.5867533281466114 0.5548387793914246 0.5862130446058091 0.5591610477178424 0.5718955307745505 0.5597013312586445 0.5689239713001383 0.5526776452282157 0.5691941130705395 0.5370094225449517
1 0.5467723461272476 0.5861752247579529 0.5510946144536653 0.5699667185338866 0.5573078751728907 0.5613221818810512 0.565682270055325 0.5559193464730291 0.5686538295297372 0.5629430325034578 0.5681135459889349 0.5715875691562932 0.5648718447441218 0.5850946576763486 0.5589287257952974 0.5942794778699861 0.5548765992392808 0.5975211791147995
1 0.4727535010373444 0.5764501210235131 0.4824786047717842 0.5542984958506224 0.49058285788381745 0.5451136756569848 0.49598569329183956 0.5542984958506224 0.5049003717150761 0.5586207641770401 0.5138150501383126 0.56348331604426 0.5178671766943292 0.5769904045643154 0.5211088779391425 0.5915780601659751 0.522459586791148 0.6050851486860305 0.5143553336791148 0.616431103042877 0.5086823565006916 0.6223742219917012 0.48761129840940526 0.6142699688796681 0.4803174706085754 0.6007628803596127 0.4757250605117566 0.5877960753803596
1 0.575677515560166 0.5132369467496543 0.5848623357538036 0.4954075899031812 0.5908054547026279 0.4851422026279391 0.6013409837482712 0.4867630532503458 0.6083646697786999 0.48406163554633475 0.6140376469571232 0.48730333679114807 0.6183599152835408 0.4905450380359613 0.6270044519363762 0.48298106846473027 0.6243030342323651 0.509995245504841 0.6175494899723375 0.5262037517289073 0.6018812672890733 0.5348482883817428 0.5921561635546335 0.5418719744121715 0.5827012015905947 0.527824602351314 0.5772983661825726 0.5213411998616874
1 0.5886443205394191 0.44624178769017986 0.5967485736514523 0.44624178769017986 0.606203535615491 0.45650717496542187 0.6126869381051175 0.469473979944675 0.6091750950899032 0.4775782330567082 0.5978291407330567 0.4802796507607192 0.5916158800138313 0.47973936721991706 0.5886443205394191 0.4570474585062241
1 0.6118765127939142 0.4786588001383126 0.6159286393499309 0.46785312932226836 0.624032892461964 0.4635308609958506 0.6310565784923928 0.461910010373444 0.6345684215076072 0.4646114280774551 0.6291655860995851 0.47217539764868605 0.6267343101659751 0.47973936721991706 0.6202509076763486 0.4824407849239281 0.6161987811203319 0.48352135200553253
1 0.5229998703319502 0.5904974930843707 0.5278624221991701 0.5883363589211619 0.5413695107192255 0.5899572095435685 0.5462320625864453 0.5926586272475796 0.5513647562240664 0.596440612033195 0.5551467410096819 0.6072462828492393 0.5573078751728907 0.6196728042876902 0.5551467410096819 0.626696490318119 0.5483931967496543 0.626696490318119 0.5346159664591977 0.6153505359612724 0.5270519968879669 0.6083268499308437 0.5248908627247579 0.6050851486860305
1 0.5578481587136929 0.6023837309820194 0.5627107105809128 0.5953600449515907 0.5697343966113416 0.5780709716459198 0.5724358143153526 0.5645638831258645 0.5864831863762102 0.5629430325034578 0.5921561635546335 0.5737487033195021 0.5970187154218535 0.5904974930843707 0.5902651711618258 0.5991420297372061 0.580810209197787 0.6094074170124482 0.580810209197787 0.6342604598893499 0.5716253890041494 0.632099325726141 0.5619002852697096 0.6261562067773168 0.5589287257952974 0.6158908195020747
1 0.6666666666666666 0.3321981837606837 0.6666666666666666 0.33637152777777773 0.6666666666666666 0.3405448717948718 0.6666666666666666 0.38728632478632474 0.6666666666666666 0.3889556623931624 0.6666666666666666 0.3897903311965812 0.6666666666666666 0.38144364316239315 0.6666666666666666 0.34972622863247865
1 0.589141845703125 0.3184000651041667 0.5927022298177084 0.2817789713541667 0.5896504720052084 0.262451171875 0.5993143717447916 0.2660115559895833 0.608978271484375 0.27008056640625 0.61431884765625 0.2726236979166667 0.6201680501302084 0.2644856770833333 0.6237284342447916 0.2604166666666667 0.6308492024739584 0.2675374348958333 0.6336466471354166 0.2756754557291667 0.6351725260416666 0.29754638671875 0.6369527180989584 0.3209431966145833 0.637969970703125 0.3331502278645833 0.6293233235677084 0.3631591796875 0.6285603841145834 0.3733317057291667 0.6160990397135416 0.3774007161458333 0.6087239583333334 0.3641764322916667 0.6049092610677084 0.341796875 0.6005859375 0.33416748046875 0.594482421875 0.3326416015625
1 0.6666666666666666 0.23040771484375 0.6666666666666666 0.22786458333333334 0.6666666666666666 0.22430419921875 0.6666666666666666 0.22074381510416666 0.6666666666666666 0.22430419921875 0.6666666666666666 0.23396809895833334 0.6666666666666666 0.24566650390625 0.6666666666666666 0.26092529296875 0.6666666666666666 0.26702880859375 0.6666666666666666 0.2553304036458333 0.6666666666666666 0.24566650390625 0.6666666666666666 0.244140625
1 0.6666666666666666 0.12003580729166667 0.6666666666666666 0.11342366536458333 0.6666666666666666 0.11240641276041667 0.6666666666666666 0.12919108072916666 0.6666666666666666 0.14546712239583334 0.6666666666666666 0.16530354817708334 0.6666666666666666 0.18056233723958334 0.6666666666666666 0.19480387369791666 0.6666666666666666 0.1983642578125 0.6666666666666666 0.19124348958333334 0.6666666666666666 0.18666585286458334 0.6666666666666666 0.18666585286458334 0.6666666666666666 0.15869140625 0.6666666666666666 0.13783772786458334 0.6666666666666666 0.1251220703125
1 0.6666666666666666 0.09663899739583333 0.6666666666666666 0.09511311848958333 0.6666666666666666 0.10274251302083333 0.6666666666666666 0.11494954427083333 0.6666666666666666 0.12410481770833333 0.6666666666666666 0.13478597005208334 0.6666666666666666 0.15157063802083334 0.6666666666666666 0.15920003255208334 0.6666666666666666 0.16530354817708334 0.6666666666666666 0.15767415364583334 0.6666666666666666 0.14750162760416666 0.6666666666666666 0.13783772786458334 0.6666666666666666 0.12715657552083334 0.6666666666666666 0.11240641276041667 0.6666666666666666 0.10630289713541667
1 0.6666666666666666 0.2939860026041667 0.6666666666666666 0.30364990234375 0.6666666666666666 0.3153483072916667 0.6666666666666666 0.3199259440104167 0.6666666666666666 0.2863566080729167 0.6666666666666666 0.2787272135416667 0.6666666666666666 0.2721150716145833 0.6666666666666666 0.27618408203125 0.6666666666666666 0.2843221028645833
1 0.6666666666666666 0.2665201822916667 0.6666666666666666 0.2553304036458333 0.6666666666666666 0.24261474609375 0.6666666666666666 0.24464925130208334 0.6666666666666666 0.2543131510416667 0.6666666666666666 0.2660115559895833 0.6666666666666666 0.2843221028645833 0.6666666666666666 0.30364990234375 0.6666666666666666 0.3107706705729167 0.6666666666666666 0.3138224283854167 0.6666666666666666 0.3143310546875 0.6666666666666666 0.2960205078125 0.6666666666666666 0.2751668294270833
1 0.6666666666666666 0.3214518229166667 0.6666666666666666 0.3270467122395833 0.6666666666666666 0.3321329752604167 0.6666666666666666 0.33416748046875 0.6666666666666666 0.3255208333333333 0.6666666666666666 0.3194173177083333 0.6666666666666666 0.30975341796875 0.6666666666666666 0.2950032552083333 0.6666666666666666 0.28076171875 0.6666666666666666 0.2716064453125 0.6666666666666666 0.2685546875 0.6666666666666666 0.2751668294270833 0.6666666666666666 0.28228759765625 0.6666666666666666 0.29449462890625 0.6666666666666666 0.3107706705729167
1 0.5896504720052084 0.55999755859375 0.5909220377604166 0.5467732747395834 0.6018575032552084 0.54168701171875 0.6153361002604166 0.5315144856770834 0.6209309895833334 0.5304972330729166 0.6283060709635416 0.5564371744791666 0.6206766764322916 0.5625406901041666 0.61126708984375 0.5681355794270834 0.6049092610677084 0.5706787109375 0.6003316243489584 0.5767822265625 0.596771240234375 0.5762736002604166
1 0.582275390625 0.6312052408854166 0.5848185221354166 0.6296793619791666 0.5881245930989584 0.6154378255208334 0.5909220377604166 0.6123860677083334 0.594482421875 0.6154378255208334 0.5985514322916666 0.6205240885416666 0.602874755859375 0.6230672200520834 0.6036376953125 0.6144205729166666 0.6016031901041666 0.59967041015625 0.599822998046875 0.5945841471354166 0.59295654296875 0.6011962890625 0.587615966796875 0.6062825520833334 0.5840555826822916 0.6103515625 0.5827840169270834 0.6159464518229166
1 0.3325398763020833 0.6983439127604166 0.33966064453125 0.7110595703125 0.3422037760416667 0.72174072265625 0.33660888671875 0.7334391276041666 0.332794189453125 0.7359822591145834 0.33203125 0.7049560546875
1 0.34271240234375 0.6596883138020834 0.351104736328125 0.6306966145833334 0.3533935546875 0.6134033203125 0.35797119140625 0.6083170572916666 0.3584798177083333 0.59661865234375 0.37017822265625 0.5986531575520834 0.3803507486979167 0.6083170572916666 0.389251708984375 0.62255859375 0.3973897298177083 0.62713623046875 0.399169921875 0.6388346354166666 0.3971354166666667 0.6474812825520834 0.3897603352864583 0.6632486979166666 0.38543701171875 0.7029215494791666 0.3839111328125 0.7242838541666666 0.3676350911458333 0.7303873697916666 0.3597513834635417 0.73394775390625 0.3460184733072917 0.7166544596354166 0.3485616048177083 0.7039388020833334 0.3505961100260417 0.6932576497395834 0.354156494140625 0.6871541341145834 0.354156494140625 0.6785074869791666 0.3467814127604167 0.6683349609375
1 0.3322855631510417 0.7441202799479166 0.3361002604166667 0.74005126953125 0.34576416015625 0.7573445638020834 0.3467814127604167 0.7670084635416666 0.33966064453125 0.7878621419270834 0.3322855631510417 0.8021036783854166 0.3322855631510417 0.7563273111979166
1 0.3391520182291667 0.7354736328125 0.34576416015625 0.726318359375 0.35186767578125 0.73089599609375 0.3574625651041667 0.7364908854166666 0.35797119140625 0.7481892903645834 0.35491943359375 0.7512410481770834 0.3490702311197917 0.7548014322916666 0.3424580891927083 0.7456461588541666
1 0.3612772623697917 0.74005126953125 0.3717041015625 0.732421875 0.3818766276041667 0.7314046223958334 0.3900146484375 0.7314046223958334 0.3971354166666667 0.7334391276041666 0.3973897298177083 0.74462890625 0.39306640625 0.7568359375 0.3940836588541667 0.7664998372395834 0.3910319010416667 0.7726033528645834 0.3895060221354167 0.7792154947916666 0.3920491536458333 0.787353515625 0.386962890625 0.79803466796875 0.375518798828125 0.80108642578125 0.3727213541666667 0.7970174153645834 0.3714497884114583 0.775146484375 0.370941162109375 0.762939453125 0.3638203938802083 0.7512410481770834 0.3607686360677083 0.74920654296875
1 0.3963724772135417 0.7664998372395834 0.4052734375 0.7726033528645834 0.4184977213541667 0.7746378580729166 0.4286702473958333 0.7741292317708334 0.4329935709635417 0.7731119791666666 0.4327392578125 0.7609049479166666 0.43426513671875 0.7588704427083334 0.43121337890625 0.7548014322916666 0.4230753580729167 0.7502237955729166 0.4139200846354167 0.7410685221354166 0.4052734375 0.7349650065104166 0.4009501139322917 0.7344563802083334 0.4001871744791667 0.7390340169270834 0.399169921875 0.7481892903645834 0.3961181640625 0.7542928059895834
1 0.4192606608072917 0.58746337890625 0.4200236002604167 0.6062825520833334 0.42510986328125 0.6251017252604166 0.4337565104166667 0.6230672200520834 0.4444376627604167 0.6230672200520834 0.4553731282552083 0.6378173828125 0.4599507649739583 0.6459554036458334 0.4660542805989583 0.665283203125 0.46783447265625 0.6734212239583334 0.4752095540364583 0.665283203125 0.4818216959635417 0.6596883138020834 0.4815673828125 0.6510416666666666 0.4780069986979167 0.6195068359375 0.4805501302083333 0.6098429361979166 0.4767354329427083 0.5950927734375 0.4703776041666667 0.5823771158854166 0.4505411783854167 0.5772908528645834 0.4370625813802083 0.5808512369791666 0.4240926106770833 0.5839029947916666
1 0.482330322265625 0.6174723307291666 0.489959716796875 0.62103271484375 0.5064900716145834 0.6276448567708334 0.50750732421875 0.6342569986979166 0.502166748046875 0.6510416666666666 0.4973347981770833 0.6586710611979166 0.49072265625 0.6617228190104166 0.484619140625 0.65765380859375 0.4818216959635417 0.63934326171875 0.48004150390625 0.6230672200520834
1 0.4642740885416667 0.6846110026041666 0.47393798828125 0.67291259765625 0.4818216959635417 0.6657918294270834 0.4874165852864583 0.6663004557291666 0.4902140299479167 0.677490234375 0.49224853515625 0.6886800130208334 0.4886881510416667 0.7110595703125 0.4866536458333333 0.7258097330729166 0.4841105143229167 0.732421875 0.4772440592447917 0.73394775390625 0.4691060384114583 0.72021484375 0.4645284016927083 0.7059733072916666 0.4632568359375 0.69122314453125
1 0.4541015625 0.7456461588541666 0.4561360677083333 0.7344563802083334 0.4612223307291667 0.7273356119791666 0.4660542805989583 0.726318359375 0.4726664225260417 0.7329305013020834 0.47393798828125 0.74005126953125 0.4698689778645833 0.75531005859375 0.46783447265625 0.762939453125 0.4614766438802083 0.7639567057291666 0.4568990071614583 0.7578531901041666
1 0.4362996419270833 0.7619222005208334 0.4352823893229167 0.7664998372395834 0.4362996419270833 0.7726033528645834 0.4408772786458333 0.77667236328125 0.4469807942708333 0.7802327473958334 0.4546101888020833 0.77972412109375 0.4574076334635417 0.7756551106770834 0.4576619466145833 0.7680257161458334 0.4546101888020833 0.7578531901041666 0.4505411783854167 0.7578531901041666 0.4449462890625 0.7609049479166666
1 0.460205078125 0.76904296875 0.4599507649739583 0.7792154947916666 0.4637654622395833 0.7832845052083334 0.47088623046875 0.7853190104166666 0.4774983723958333 0.787353515625 0.4734293619791667 0.7756551106770834 0.4696146647135417 0.76904296875 0.4650370279947917 0.76904296875
1 0.4919942220052083 0.6663004557291666 0.5001322428385416 0.6617228190104166 0.5026753743489584 0.6632486979166666 0.5042012532552084 0.6749471028645834 0.5031840006510416 0.6805419921875 0.4955546061197917 0.6841023763020834 0.4919942220052083 0.6769816080729166
1 0.4721577962239583 0.7573445638020834 0.474700927734375 0.7441202799479166 0.4810587565104167 0.73699951171875 0.4881795247395833 0.7420857747395834 0.49530029296875 0.7837931315104166 0.48919677734375 0.7848103841145834 0.4802958170572917 0.77972412109375 0.476226806640625 0.775146484375 0.471649169921875 0.7639567057291666
1 0.4879252115885417 0.7319132486979166 0.49224853515625 0.6998697916666666 0.4955546061197917 0.6907145182291666 0.5008951822916666 0.6876627604166666 0.5069986979166666 0.6886800130208334 0.5095418294270834 0.69580078125 0.50750732421875 0.7054646809895834 0.5085245768229166 0.7146199544270834 0.5133565266927084 0.7207234700520834 0.5171712239583334 0.7329305013020834 0.5194600423177084 0.7502237955729166 0.5202229817708334 0.7639567057291666 0.520477294921875 0.7695515950520834 0.5214945475260416 0.7787068684895834 0.5232747395833334 0.7883707682291666 0.5176798502604166 0.7970174153645834 0.5064900716145834 0.7868448893229166 0.49835205078125 0.7853190104166666 0.4940287272135417 0.7649739583333334 0.491485595703125 0.7502237955729166
1 0.5199686686197916 0.799560546875 0.5253092447916666 0.7904052734375 0.5314127604166666 0.787353515625 0.540313720703125 0.7909138997395834 0.5420939127604166 0.7990519205729166 0.54107666015625 0.8127848307291666 0.5293782552083334 0.8143107096354166 0.5248006184895834 0.8148193359375 0.5214945475260416 0.8087158203125
1 0.4818216959635417 0.37841796875 0.4851277669270833 0.3819783528645833 0.4937744140625 0.3789265950520833 0.5049641927083334 0.3763834635416667 0.5095418294270834 0.3758748372395833 0.5184427897135416 0.3550211588541667 0.5245463053385416 0.3336588541666667 0.520477294921875 0.3209431966145833 0.5156453450520834 0.31280517578125 0.5057271321614584 0.31585693359375 0.5054728190104166 0.3285725911458333 0.5008951822916666 0.3438313802083333 0.4940287272135417 0.35858154296875 0.4876708984375 0.3687540690104167
1 0.5194600423177084 0.31280517578125 0.5314127604166666 0.2995808919270833 0.54107666015625 0.2873738606770833 0.5459086100260416 0.27618408203125 0.5459086100260416 0.24210611979166666 0.5530293782552084 0.23651123046875 0.5670166015625 0.22735595703125 0.5713399251302084 0.22939046223958334 0.5756632486979166 0.24159749348958334 0.5759175618489584 0.250244140625 0.5644734700520834 0.262451171875 0.55633544921875 0.3072102864583333 0.5550638834635416 0.3245035807291667 0.5481974283854166 0.3300984700520833 0.544891357421875 0.3473917643229167 0.537261962890625 0.3514607747395833 0.5405680338541666 0.3387451171875 0.53955078125 0.3285725911458333 0.5347188313802084 0.32806396484375 0.5275980631510416 0.3285725911458333 0.5242919921875 0.3229777018229167
1 0.6666666666666666 0.20497639973958334 0.6666666666666666 0.21616617838541666 0.6666666666666666 0.22226969401041666 0.6666666666666666 0.23549397786458334 0.6666666666666666 0.24363199869791666 0.6666666666666666 0.2507527669270833 0.6666666666666666 0.2532958984375 0.6666666666666666 0.25787353515625 0.6666666666666666 0.25634765625 0.6666666666666666 0.25787353515625 0.6666666666666666 0.24210611979166666 0.6666666666666666 0.22837320963541666 0.6666666666666666 0.21107991536458334 0.6666666666666666 0.19989013671875 0.6666666666666666 0.20243326822916666
1 0.6666666666666666 0.2619425455729167 0.6666666666666666 0.2802530924479167 0.6666666666666666 0.2873738606770833 0.6666666666666666 0.2899169921875 0.6666666666666666 0.286865234375 0.6666666666666666 0.2777099609375 0.6666666666666666 0.2583821614583333 0.6666666666666666 0.2522786458333333 0.6666666666666666 0.2593994140625 0.6666666666666666 0.2649943033854167 0.6666666666666666 0.2619425455729167
1 0.6666666666666666 0.34332275390625 0.6666666666666666 0.32501220703125 0.6666666666666666 0.3184000651041667 0.6666666666666666 0.323486328125 0.6666666666666666 0.3346761067708333 0.6666666666666666 0.3453572591145833 0.6666666666666666 0.3662109375 0.6666666666666666 0.3809611002604167 0.6666666666666666 0.3865559895833333 0.6666666666666666 0.3885904947916667 0.6666666666666666 0.3763834635416667 0.6666666666666666 0.3626505533854167 0.6666666666666666 0.3529866536458333 0.6666666666666666 0.347900390625
1 0.6666666666666666 0.0035603841145833335 0.6666666666666666 0.0274658203125 0.6666666666666666 0.027974446614583332 0.6666666666666666 0.036112467447916664 0.6666666666666666 0.04425048828125 0.6666666666666666 0.053914388020833336 0.6666666666666666 0.060526529947916664 0.6666666666666666 0.07171630859375 0.6666666666666666 0.09256998697916667 0.6666666666666666 0.08951822916666667 0.6666666666666666 0.09206136067708333 0.6666666666666666 0.07781982421875 0.6666666666666666 0.06663004557291667 0.6666666666666666 0.061543782552083336 0.6666666666666666 0.0579833984375 0.6666666666666666 0.04730224609375 0.6666666666666666 0.041707356770833336 0.6666666666666666 0.031026204427083332 0.6666666666666666 0.024922688802083332 0.6666666666666666 0.013224283854166666 0.6666666666666666 0.0013020833333333333
1 0.6666666666666666 0.0020345052083333335 0.6666666666666666 0.016276041666666668 0.6666666666666666 0.022379557291666668 0.6666666666666666 0.023396809895833332 0.6666666666666666 0.02288818359375 0.6666666666666666 0.0025431315104166665 0.6666666666666666 0.00152587890625
1 0.6666666666666666 0.0030517578125 0.6666666666666666 0.017293294270833332 0.6666666666666666 0.025431315104166668 0.6666666666666666 0.034077962239583336 0.6666666666666666 0.027974446614583332 0.6666666666666666 0.024922688802083332 0.6666666666666666 0.02288818359375 0.6666666666666666 0.010172526041666666 0.6666666666666666 0.00152587890625 0.6666666666666666 0.0020345052083333335
1 0.6666666666666666 0.3438313802083333 0.6666666666666666 0.33416748046875 0.6666666666666666 0.3194173177083333 0.6666666666666666 0.3184000651041667 0.6666666666666666 0.3173828125 0.6666666666666666 0.3168741861979167 0.6666666666666666 0.3265380859375 0.6666666666666666 0.3377278645833333 0.6666666666666666 0.3519694010416667 0.6666666666666666 0.3733317057291667 0.6666666666666666 0.39215087890625 0.6666666666666666 0.4033406575520833 0.6666666666666666 0.4079182942708333 0.6666666666666666 0.4063924153645833 0.6666666666666666 0.39520263671875 0.6666666666666666 0.3865559895833333 0.6666666666666666 0.3631591796875
1 0.599822998046875 0.44097900390625 0.6026204427083334 0.4282633463541667 0.606689453125 0.4267374674479167 0.6148274739583334 0.4201253255208333 0.6224568684895834 0.4094441731770833 0.6267801920572916 0.41046142578125 0.62652587890625 0.4170735677083333 0.6239827473958334 0.4308064778645833 0.624237060546875 0.4450480143229167 0.624237060546875 0.4557291666666667 0.6214396158854166 0.4597981770833333 0.61431884765625 0.46234130859375 0.6069437662760416 0.4536946614583333
1 0.6206766764322916 0.52642822265625 0.6247456868489584 0.5167643229166666 0.6331380208333334 0.5208333333333334 0.6389872233072916 0.5116780598958334 0.6443277994791666 0.47454833984375 0.648651123046875 0.4730224609375 0.655517578125 0.48370361328125 0.6603495279947916 0.4969278971354167 0.6580607096354166 0.5243937174479166 0.6499226888020834 0.5437215169270834 0.6461079915364584 0.5579630533854166 0.642547607421875 0.5655924479166666 0.637969970703125 0.567626953125 0.6308492024739584 0.5559285481770834 0.624237060546875 0.5340576171875
1 0.4627482096354167 0.9206136067708334 0.4688517252604167 0.92926025390625 0.4721577962239583 0.9379069010416666 0.4680887858072917 0.9511311848958334 0.472412109375 0.9557088216145834 0.4797871907552083 0.9511311848958334 0.4881795247395833 0.93841552734375 0.4912312825520833 0.9302775065104166 0.4902140299479167 0.91705322265625 0.4874165852864583 0.9099324544270834 0.47698974609375 0.9150187174479166 0.4680887858072917 0.9185791015625
1 0.4886881510416667 0.9043375651041666 0.4904683430989583 0.8946736653645834 0.4970804850260417 0.8941650390625 0.5019124348958334 0.90179443359375 0.5029296875 0.9226481119791666 0.5026753743489584 0.9307861328125 0.4947916666666667 0.9302775065104166 0.491485595703125 0.9150187174479166
1 0.5016581217447916 0.8936564127604166 0.5108133951822916 0.89111328125 0.5207316080729166 0.8885701497395834 0.5222574869791666 0.8977254231770834 0.5186971028645834 0.9145100911458334 0.5171712239583334 0.9256998697916666 0.5057271321614584 0.9246826171875 0.5047098795572916 0.9124755859375 0.50445556640625 0.9033203125
1 0.503692626953125 0.6566365559895834 0.5095418294270834 0.6378173828125 0.5108133951822916 0.6276448567708334 0.5184427897135416 0.6184895833333334 0.5230204264322916 0.61187744140625 0.5364990234375 0.62255859375 0.545654296875 0.6291707356770834 0.5527750651041666 0.6327311197916666 0.5558268229166666 0.6510416666666666 0.5553181966145834 0.6657918294270834 0.5520121256510416 0.6708780924479166 0.53802490234375 0.6693522135416666 0.5309041341145834 0.6739298502604166 0.528106689453125 0.6810506184895834 0.5186971028645834 0.6815592447916666 0.5118306477864584 0.6856282552083334 0.506744384765625 0.68359375 0.5064900716145834 0.66986083984375
1 0.5291239420572916 0.6871541341145834 0.53497314453125 0.67596435546875 0.5436197916666666 0.6734212239583334 0.5527750651041666 0.6749471028645834 0.557861328125 0.6663004557291666 0.5621846516927084 0.6693522135416666 0.5611673990885416 0.68817138671875 0.5659993489583334 0.7008870442708334 0.57769775390625 0.7049560546875 0.5881245930989584 0.7069905598958334 0.5927022298177084 0.7181803385416666 0.5947367350260416 0.7441202799479166 0.5901590983072916 0.7588704427083334 0.57464599609375 0.7731119791666666 0.5680338541666666 0.7720947265625 0.5695597330729166 0.74462890625 0.570068359375 0.72174072265625 0.5682881673177084 0.714111328125 0.5621846516927084 0.7171630859375 0.5550638834635416 0.71868896484375 0.5507405598958334 0.71563720703125 0.5492146809895834 0.7059733072916666 0.541839599609375 0.701904296875 0.5370076497395834 0.7085164388020834 0.5352274576822916 0.72479248046875 0.5339558919270834 0.7080078125 0.534210205078125 0.69732666015625
1 0.5553181966145834 0.63323974609375 0.5583699544270834 0.628662109375 0.5652364095052084 0.6322224934895834 0.5743916829427084 0.634765625 0.57769775390625 0.6368001302083334 0.575408935546875 0.6439208984375 0.5695597330729166 0.6525675455729166 0.56396484375 0.6632486979166666 0.5573527018229166 0.66070556640625 0.5581156412760416 0.64697265625
1 0.596771240234375 0.7283528645833334 0.606689453125 0.7171630859375 0.6214396158854166 0.7013956705729166 0.6262715657552084 0.6932576497395834 0.6290690104166666 0.6886800130208334 0.6384785970052084 0.6937662760416666 0.6377156575520834 0.7085164388020834 0.6407674153645834 0.7253011067708334 0.6453450520833334 0.73699951171875 0.644073486328125 0.74310302734375 0.630340576171875 0.7471720377604166 0.6206766764322916 0.7532755533854166 0.6084696451822916 0.750732421875 0.6003316243489584 0.7481892903645834 0.5972798665364584 0.7436116536458334
1 0.476226806640625 0.96435546875 0.4841105143229167 0.9531656901041666 0.49072265625 0.93994140625 0.494537353515625 0.93536376953125 0.5011494954427084 0.9358723958333334 0.505218505859375 0.9470621744791666 0.5110677083333334 0.9618123372395834 0.5125935872395834 0.9735107421875 0.5118306477864584 0.9852091471354166 0.5080159505208334 0.99334716796875 0.503692626953125 0.9974161783854166 0.4828389485677083 0.9953816731770834 0.4759724934895833 0.9852091471354166
1 0.613555908203125 0.83465576171875 0.6229654947916666 0.8199055989583334 0.6252543131510416 0.8153279622395834 0.6323750813802084 0.8244832356770834 0.6392415364583334 0.83770751953125 0.63568115234375 0.8580525716145834 0.6321207682291666 0.8870442708333334 0.6183878580729166 0.8890787760416666 0.6084696451822916 0.8829752604166666 0.6046549479166666 0.8672078450520834 0.6122843424479166 0.8519490559895834
1 0.6049781099033816 0.4075332125603864 0.6118973933172303 0.40187198067632846 0.6163005736714976 0.38111413043478254 0.6273085245571659 0.3792270531400966 0.6342278079710145 0.3855173107890499 0.6408325785024155 0.3905495169082125 0.6455502717391305 0.39621074879227053 0.6474373490338164 0.40690418679549106 0.6537276066827697 0.4169685990338164 0.6581307870370371 0.42137177938808373 0.6603323772141707 0.45156501610305955 0.6464938103864735 0.4578552737520129 0.6430341686795491 0.44338768115942023 0.6386309883252818 0.42200080515297905 0.6329697564412239 0.41004931561996777 0.6288810889694042 0.40627516103059574 0.6225908313204509 0.40690418679549106 0.6118973933172303 0.4169685990338164 0.6043490841384863 0.42262983091787437
1 0.6502679649758454 0.4610004025764895 0.6615904287439615 0.4603713768115942 0.6659936090982287 0.46351650563607083 0.6653645833333334 0.4754679951690821 0.6666666666666666 0.486790458937198 0.6666666666666666 0.5037741545893719 0.6666666666666666 0.5119514895330112 0.6666666666666666 0.5188707729468599 0.6615904287439615 0.5194997987117552 0.6622194545088567 0.4987419484702093 0.6568727355072465 0.4798711755233494 0.6508969907407408 0.46917773752012876
1 0.6603323772141707 0.42137177938808373 0.6666666666666666 0.41948470209339767 0.6666666666666666 0.42137177938808373 0.6666666666666666 0.4364683977455716 0.6666666666666666 0.4547101449275362 0.6666666666666666 0.4603713768115942 0.6644210446859904 0.45659722222222215 0.6615904287439615 0.437097423510467
1 0.6666666666666666 0.40942028985507245 0.6666666666666666 0.3955817230273752 0.6666666666666666 0.3955817230273752 0.6666666666666666 0.3949526972624798 0.6666666666666666 0.4056461352657004 0.6666666666666666 0.41445249597423506 0.6666666666666666 0.423887882447665 0.6666666666666666 0.45219404186795487 0.6666666666666666 0.46414553140096615 0.6666666666666666 0.4698067632850241 0.6666666666666666 0.4710648148148148 0.6666666666666666 0.45659722222222215 0.6666666666666666 0.429549114331723
1 0.6666666666666666 0.47643442622950816 0.6666666666666666 0.4636270491803278 0.6666666666666666 0.4636270491803278 0.6666666666666666 0.4644808743169398 0.6666666666666666 0.47173838797814205 0.6666666666666666 0.4828381147540983 0.6666666666666666 0.4973531420765027 0.6666666666666666 0.5003415300546448 0.6666666666666666 0.5011953551912568 0.6666666666666666 0.4935109289617486
1 0.6666666666666666 0.5191256830601093 0.6666666666666666 0.5067452185792349 0.6666666666666666 0.5054644808743168 0.6666666666666666 0.49778005464480873 0.6666666666666666 0.4755806010928962 0.6666666666666666 0.4734460382513661 0.6666666666666666 0.4734460382513661 0.6666666666666666 0.4836919398907103 0.6666666666666666 0.49778005464480873 0.6666666666666666 0.5110143442622951 0.6666666666666666 0.5208333333333333 0.6666666666666666 0.5251024590163934 0.6666666666666666 0.5242486338797814 0.6666666666666666 0.5208333333333333
1 0.6666666666666666 0.46618852459016386 0.6666666666666666 0.45807718579234974 0.6666666666666666 0.45807718579234974 0.6666666666666666 0.4657616120218579 0.6666666666666666 0.4734460382513661 0.6666666666666666 0.472592213114754 0.6666666666666666 0.48113046448087426 0.6666666666666666 0.5011953551912568 0.6666666666666666 0.5016222677595629 0.6666666666666666 0.4836919398907103 0.6666666666666666 0.47301912568306004 0.6666666666666666 0.469176912568306
1 0.6666666666666666 0.47728825136612013 0.6666666666666666 0.4747267759562841 0.6666666666666666 0.4738729508196721 0.6666666666666666 0.470030737704918 0.6666666666666666 0.4751536885245901 0.6666666666666666 0.49265710382513656 0.6666666666666666 0.5046106557377049 0.6666666666666666 0.508879781420765 0.6666666666666666 0.508452868852459 0.6666666666666666 0.49991461748633875 0.6666666666666666 0.48539959016393436
1 0.6259605532786885 0.6698258196721311 0.6295893101092896 0.6608606557377049 0.6349257172131147 0.6565915300546448 0.6402621243169399 0.6506147540983606 0.6372737363387978 0.6399419398907104 0.6357795423497268 0.6335382513661202 0.6372737363387978 0.6326844262295082 0.643890881147541 0.6395150273224043 0.6530695013661202 0.6407957650273224 0.6575520833333334 0.6557377049180327 0.6605404713114754 0.671106557377049 0.6605404713114754 0.6766564207650273 0.6522156762295082 0.6830601092896175 0.6511483948087431 0.6915983606557377 0.6404755806010929 0.6907445355191256 0.6319373292349727 0.6856215846994536 0.6287354849726775 0.6783640710382514
1 0.6564848019125683 0.6373804644808743 0.6631019467213114 0.6177424863387978 0.6666666666666666 0.6104849726775956 0.6666666666666666 0.6083504098360656 0.6666666666666666 0.6211577868852458 0.6666666666666666 0.6450648907103824 0.6666666666666666 0.6523224043715846 0.6666666666666666 0.6676912568306009 0.6666666666666666 0.6783640710382514 0.6666666666666666 0.6796448087431693 0.6628884904371585 0.6745218579234972 0.6596866461748633 0.6574453551912568 0.6573386270491803 0.6463456284153005
1 0.6417563183060109 0.5754781420765027 0.647519637978142 0.5737704918032787 0.6522156762295082 0.5814549180327868 0.6639557718579234 0.5788934426229507 0.6666666666666666 0.5716359289617486 0.6666666666666666 0.5716359289617486 0.6666666666666666 0.5759050546448087 0.6666666666666666 0.587431693989071 0.6666666666666666 0.5951161202185792 0.6666666666666666 0.5959699453551912 0.6666666666666666 0.5951161202185792 0.6666666666666666 0.6032274590163934 0.6666666666666666 0.6092042349726775 0.6603270150273224 0.6177424863387978 0.6564848019125683 0.6305498633879781 0.6520022199453551 0.6352459016393442 0.6423966871584699 0.6339651639344261 0.6389813866120219 0.627561475409836 0.6400486680327869 0.6096311475409836 0.6411159494535519 0.5963968579234972 0.6417563183060109 0.5840163934426229
1 0.6468792691256829 0.5635245901639344 0.6541367827868853 0.5408982240437158 0.6607539275956283 0.5259562841530054 0.6648095969945355 0.5233948087431693 0.6666666666666666 0.5221140710382514 0.6666666666666666 0.5272370218579234 0.6666666666666666 0.5310792349726775 0.6666666666666666 0.55114412568306 0.6666666666666666 0.5677937158469945 0.6666666666666666 0.5707821038251365 0.6666666666666666 0.5669398907103825 0.6666666666666666 0.5703551912568305 0.6609673838797814 0.5746243169398907 0.6522156762295082 0.5763319672131147 0.6488003756830601 0.5695013661202185
1 0.6666666666666666 0.5297984972677595 0.6666666666666666 0.5127219945355191 0.6666666666666666 0.506318306010929 0.6666666666666666 0.5046106557377049 0.6666666666666666 0.5050375683060109 0.6666666666666666 0.511441256830601 0.6666666666666666 0.5289446721311475 0.6666666666666666 0.5524248633879781 0.6666666666666666 0.5737704918032787 0.6666666666666666 0.6028005464480873 0.6666666666666666 0.6147540983606558 0.6666666666666666 0.6331113387978141 0.6666666666666666 0.6450648907103824 0.6666666666666666 0.6548838797814207 0.6666666666666666 0.6570184426229507 0.6666666666666666 0.6574453551912568 0.6666666666666666 0.6557377049180327 0.6666666666666666 0.6454918032786885 0.6666666666666666 0.624146174863388 0.6666666666666666 0.6002390710382514 0.6666666666666666 0.587858606557377 0.6666666666666666 0.5793203551912568 0.6666666666666666 0.5720628415300546 0.6666666666666666 0.5562670765027322 0.6666666666666666 0.5438866120218578
1 0.6666666666666666 0.5767588797814207 0.6666666666666666 0.5989583333333333 0.6666666666666666 0.6053620218579234 0.6666666666666666 0.6040812841530054 0.6666666666666666 0.5814549180327868
1 0.6666666666666666 0.6621413934426229 0.6666666666666666 0.6565915300546448 0.6666666666666666 0.6514685792349726 0.6666666666666666 0.6467725409836065 0.6666666666666666 0.6506147540983606 0.6666666666666666 0.6591530054644809 0.6666666666666666 0.6621413934426229 0.6666666666666666 0.6706796448087431 0.6666666666666666 0.6732411202185792 0.6666666666666666 0.6681181693989071
1 0.6666666666666666 0.788934426229508 0.6666666666666666 0.7765539617486338 0.6666666666666666 0.7765539617486338 0.6666666666666666 0.7855191256830601 0.6666666666666666 0.8004610655737704 0.6666666666666666 0.7936304644808742
1 0.5049308401639344 0.939207650273224 0.5057846653005464 0.9315232240437158 0.5119748975409836 0.9289617486338796 0.5181651297814208 0.9315232240437158 0.5205131489071038 0.9447575136612021 0.5192324112021858 0.9579918032786884 0.5168843920765027 0.9648224043715846 0.5115479849726775 0.9601263661202185
1 0.5202996926229507 0.9759221311475409 0.5196593237704917 0.9631147540983606 0.5228611680327869 0.9515881147540983 0.5326801571038251 0.9473189890710382 0.5375896516393442 0.9498804644808742 0.5418587773224043 0.9648224043715846 0.5384434767759563 0.9759221311475409 0.5313994193989071 0.9840334699453551 0.528411031420765 0.9865949453551912 0.5232880806010929 0.9742144808743168
1 0.5091999658469946 0.9972677595628414 0.5158171106557377 0.9818989071038251 0.529051400273224 0.9891564207650272 0.526916837431694 0.9981215846994534
1 0.5243553620218578 0.8939549180327867 0.5399376707650273 0.8896857923497267 0.5446337090163934 0.9037739071038251 0.5407914959016393 0.9242657103825135 0.5358820013661202 0.940915300546448 0.52520918715847 0.945184426229508 0.5207266051912568 0.9323770491803277 0.5220073428961749 0.9114583333333331
1 0.5414318647540983 0.8820013661202185 0.5486893784153005 0.8683401639344263 0.5580814549180327 0.8734631147540983 0.5730233948087432 0.8845628415300545 0.5792136270491803 0.8862704918032787 0.5760117827868853 0.9195696721311474 0.5617102117486339 0.9131659836065573 0.5484759221311476 0.9097506830601092 0.5461279030054644 0.8969433060109289
1 0.5382300204918032 0.9439036885245901 0.5448471653005464 0.9135928961748633 0.5570141734972678 0.9170081967213114 0.56854081284153 0.9221311475409836 0.5777194330601093 0.9264002732240436 0.5894595286885246 0.937926912568306 0.5911671789617486 0.9447575136612021 0.5862576844262295 0.9622609289617485 0.5787867144808744 0.9571379781420765 0.5717426571038251 0.9417691256830599 0.5623505806010929 0.9494535519125682 0.5570141734972678 0.9596994535519126 0.5531719603825137 0.9686646174863388 0.5457009904371585 0.9686646174863388 0.5412184084699453 0.9571379781420765
1 0.530118681693989 0.9972677595628414 0.5326801571038251 0.9883025956284152 0.5378031079234972 0.9818989071038251 0.5424991461748633 0.9729337431693988 0.5506104849726775 0.9729337431693988 0.5576545423497268 0.9754952185792348 0.5627774931693988 0.9814719945355191 0.566833162568306 0.9887295081967212 0.566619706284153 0.9972677595628414 0.5553572190915297 0.9986979166666666 0.5386569330601093 0.9986979166666666
1 0.5783598019125683 0.9208504098360656 0.5804943647540983 0.9037739071038251 0.5813481898907104 0.8802937158469945 0.5832692964480874 0.8640710382513661 0.5920210040983607 0.860655737704918 0.6009861680327869 0.8593749999999999 0.6033341871584699 0.8790129781420765 0.608243681693989 0.8879781420765026 0.6133666325136612 0.8935280054644807 0.6118724385245901 0.9170081967213114 0.6080302254098361 0.9417691256830599 0.603974556010929 0.9426229508196721 0.5956497609289617 0.941342213114754 0.5879653346994536 0.9302424863387978
1 0.6097378756830601 0.9439036885245901 0.6161415642076502 0.9584187158469945 0.6248932718579234 0.9584187158469945 0.6349257172131147 0.9579918032786884 0.6391948428961748 0.9528688524590163 0.644744706284153 0.9157274590163933 0.644958162568306 0.902920081967213 0.643037056010929 0.8922472677595628 0.6370602800546448 0.8854166666666665 0.6325776980874317 0.8922472677595628 0.6225452527322405 0.8939549180327867 0.6169953893442622 0.8939549180327867 0.6148608265027322 0.902493169398907 0.6140070013661202 0.9170081967213114 0.6122993510928961 0.9293886612021858
1 0.6372737363387978 0.8760245901639343 0.6417563183060109 0.8427254098360656 0.645811987704918 0.8358948087431693 0.6488003756830601 0.8252219945355191 0.6526425887978142 0.8260758196721311 0.6603270150273224 0.8299180327868853 0.6635288592896175 0.8354678961748633 0.6637423155737704 0.8512636612021858 0.6641692281420765 0.8683401639344263 0.6641692281420765 0.8828551912568305 0.6488003756830601 0.8973702185792348 0.64666581284153 0.8960894808743168 0.643037056010929 0.8858435792349727
1 0.6041880122950819 0.9968408469945355 0.6103782445355191 0.9682377049180327 0.6116589822404371 0.9605532786885246 0.6189164959016393 0.9626878415300545 0.6295893101092896 0.9622609289617485 0.6383410177595629 0.9631147540983606 0.645171618852459 0.9707991803278687 0.64666581284153 0.978483606557377 0.6402621243169399 0.9814719945355191 0.6338584357923497 0.9870218579234972 0.6298027663934426 0.9964139344262294 0.6246638063524589 0.9986979166666666 0.6120858948087431 0.9976946721311474 0.606749487704918 0.9972677595628414
1 0.6419697745901639 0.9498804644808742 0.645598531420765 0.9259733606557377 0.6477330942622951 0.9037739071038251 0.6541367827868853 0.8969433060109289 0.6652365095628415 0.8909665300546448 0.6666666666666666 0.8875512295081966 0.6666666666666666 0.8901127049180327 0.6666666666666666 0.9046277322404371 0.6666666666666666 0.9251195355191256 0.6666666666666666 0.9336577868852459 0.6666666666666666 0.9503073770491802 0.6666666666666666 0.9558572404371585 0.6666666666666666 0.9699453551912568 0.6666666666666666 0.9703722677595628 0.6631019467213114 0.9725068306010928 0.6633154030054644 0.9601263661202185 0.6530695013661202 0.9558572404371585 0.646025443989071 0.9550034153005463
1 0.6526425887978142 0.820952868852459 0.6635288592896175 0.8081454918032787 0.6666666666666666 0.8043032786885246 0.6666666666666666 0.823514344262295 0.6645961407103825 0.828637295081967 0.6579789959016393 0.824368169398907
1 0.6666666666666666 0.8290642076502732 0.6666666666666666 0.8068647540983606 0.6666666666666666 0.7859460382513661 0.6666666666666666 0.7803961748633879 0.6666666666666666 0.7786885245901639 0.6666666666666666 0.7782616120218578 0.6666666666666666 0.7885075136612021 0.6666666666666666 0.8068647540983606 0.6666666666666666 0.8260758196721311 0.6666666666666666 0.8350409836065573 0.6666666666666666 0.8465676229508197 0.6666666666666666 0.8487021857923497 0.6666666666666666 0.8358948087431693
1 0.6666666666666666 0.8559596994535519 0.6666666666666666 0.8482752732240436 0.6666666666666666 0.8401639344262294 0.6666666666666666 0.8491290983606556 0.6666666666666666 0.859801912568306 0.6666666666666666 0.8687670765027322 0.6666666666666666 0.8948087431693988 0.6666666666666666 0.9144467213114753 0.6666666666666666 0.9293886612021858 0.6666666666666666 0.940915300546448 0.6666666666666666 0.9370730874316938 0.6666666666666666 0.9272540983606556 0.6666666666666666 0.8901127049180327 0.6666666666666666 0.8709016393442622
1 0.6666666666666666 0.945184426229508 0.6666666666666666 0.9315232240437158 0.6666666666666666 0.93963456284153 0.6666666666666666 0.9554303278688524 0.6666666666666666 0.9614071038251365 0.6666666666666666 0.9643954918032787 0.6666666666666666 0.9690915300546448 0.6666666666666666 0.9695184426229507 0.6666666666666666 0.9537226775956283
1 0.6666666666666666 0.9759221311475409 0.6666666666666666 0.9865949453551912 0.6666666666666666 0.9900102459016393 0.6666666666666666 0.9831796448087431 0.6666666666666666 0.9720799180327867 0.6666666666666666 0.9618340163934426 0.6666666666666666 0.9656762295081966 0.6666666666666666 0.9682377049180327 0.6666666666666666 0.9695184426229507
1 0.6666666666666666 0.9255464480874317 0.6666666666666666 0.9144467213114753 0.6666666666666666 0.9050546448087431 0.6666666666666666 0.8977971311475409 0.6666666666666666 0.9020662568306009 0.6666666666666666 0.9110314207650272 0.6666666666666666 0.9251195355191256 0.6666666666666666 0.9349385245901639 0.6666666666666666 0.9460382513661201 0.6666666666666666 0.9579918032786884 0.6666666666666666 0.9507342896174862 0.6666666666666666 0.940061475409836 0.6666666666666666 0.9310963114754097
1 0.6666666666666666 0.9972677595628414 0.6666666666666666 0.9878756830601092 0.6666666666666666 0.981045081967213 0.6666666666666666 0.9878756830601092 0.6666666666666666 0.9917178961748633 0.6666666666666666 0.9942793715846993 0.6666666666666666 0.9986979166666666 0.6666666666666666 0.9981215846994534 0.6666666666666666 0.9968408469945355
1 0.6666666666666666 0.8666325136612021 0.6666666666666666 0.8563866120218578 0.6666666666666666 0.8546789617486338 0.6666666666666666 0.8657786885245901 0.6666666666666666 0.867059426229508 0.6666666666666666 0.8666325136612021 0.6666666666666666 0.8828551912568305 0.6666666666666666 0.8977971311475409 0.6666666666666666 0.9046277322404371 0.6666666666666666 0.9088968579234972 0.6666666666666666 0.899504781420765 0.6666666666666666 0.8948087431693988 0.6666666666666666 0.8918203551912568 0.6666666666666666 0.8862704918032787
1 0.6666666666666666 0.8482752732240436 0.6666666666666666 0.8166837431693988 0.6666666666666666 0.8072916666666666 0.6666666666666666 0.8085724043715846 0.6666666666666666 0.8115607923497268 0.6666666666666666 0.8200990437158469 0.6666666666666666 0.8316256830601092 0.6666666666666666 0.8525443989071038 0.6666666666666666 0.861082650273224 0.6666666666666666 0.8623633879781419 0.6666666666666666 0.8589480874316938
1 0.6666666666666666 0.8068647540983606 0.6666666666666666 0.7885075136612021 0.6666666666666666 0.78338456284153 0.6666666666666666 0.7863729508196721 0.6666666666666666 0.7961919398907104 0.6666666666666666 0.8200990437158469 0.6666666666666666 0.8299180327868853 0.6666666666666666 0.8320525956284152 0.6666666666666666 0.8260758196721311 0.6666666666666666 0.8200990437158469 0.6666666666666666 0.8132684426229507
1 0.6666666666666666 0.7722848360655736 0.6666666666666666 0.7803961748633879 0.6666666666666666 0.7859460382513661 0.6666666666666666 0.8021687158469945 0.6666666666666666 0.821379781420765 0.6666666666666666 0.8239412568306009 0.6666666666666666 0.8183913934426229 0.6666666666666666 0.8166837431693988 0.6666666666666666 0.8098531420765026 0.6666666666666666 0.785092213114754
1 0.6666666666666666 0.8200990437158469 0.6666666666666666 0.821806693989071 0.6666666666666666 0.8333333333333334 0.6666666666666666 0.8431523224043715 0.6666666666666666 0.8491290983606556 0.6666666666666666 0.8508367486338798
1 0.6666666666666666 0.8563866120218578 0.6666666666666666 0.8542520491803277 0.6666666666666666 0.8504098360655736 0.6666666666666666 0.8478483606557377 0.6666666666666666 0.8623633879781419 0.6666666666666666 0.8696209016393442 0.6666666666666666 0.8781591530054644 0.6666666666666666 0.8875512295081966 0.6666666666666666 0.8922472677595628 0.6666666666666666 0.8875512295081966 0.6666666666666666 0.8674863387978141
1 0.6666666666666666 0.861082650273224 0.6666666666666666 0.8440061475409836 0.6666666666666666 0.8256489071038251 0.6666666666666666 0.823087431693989 0.6666666666666666 0.828637295081967 0.6666666666666666 0.8350409836065573 0.6666666666666666 0.8491290983606556 0.6666666666666666 0.863217213114754 0.6666666666666666 0.8691939890710382 0.6666666666666666 0.8713285519125682 0.6666666666666666 0.8896857923497267 0.6666666666666666 0.8943818306010929 0.6666666666666666 0.8982240437158469 0.6666666666666666 0.899504781420765 0.6666666666666666 0.8977971311475409 0.6666666666666666 0.8717554644808742
1 0.6666666666666666 0.981683052434457 0.6666666666666666 0.9831460674157303 0.6666666666666666 0.9655898876404495 0.6666666666666666 0.9502282303370787 0.6666666666666666 0.9326720505617977 0.6666666666666666 0.91218984082397 0.6666666666666666 0.91218984082397 0.6666666666666666 0.9151158707865168 0.6666666666666666 0.924625468164794 0.6666666666666666 0.9363295880149812 0.6666666666666666 0.9465706928838951 0.6666666666666666 0.9553487827715356 0.6666666666666666 0.9575433052434458 0.6666666666666666 0.9663213951310862
1 0.6666666666666666 0.9070692883895131 0.6666666666666666 0.9012172284644194 0.6666666666666666 0.9129213483146067 0.6666666666666666 0.9195049157303371 0.6666666666666666 0.9304775280898876 0.6666666666666666 0.9355980805243446 0.6666666666666666 0.9502282303370787 0.6666666666666666 0.9612008426966292 0.6666666666666666 0.9531542602996255 0.6666666666666666 0.931940543071161 0.6666666666666666 0.9180419007490636
1 0.6666666666666666 0.004504061844863731 0.6666666666666666 0.0016378406708595387 0.6666666666666666 0.0032756813417190774 0.6666666666666666 0.01310272536687631 0.6666666666666666 0.0159689465408805 0.6666666666666666 0.018835167714884696 0.6666666666666666 0.02743383123689727 0.6666666666666666 0.03807979559748428 0.6666666666666666 0.042583857442348 0.6666666666666666 0.046268998951781964 0.6666666666666666 0.05241090146750524 0.6666666666666666 0.06592308700209644 0.6666666666666666 0.08721501572327044 0.6666666666666666 0.09171907756813417 0.6666666666666666 0.09008123689727464 0.6666666666666666 0.07902581236897274 0.6666666666666666 0.07083660901467505 0.6666666666666666 0.05855280398322851 0.6666666666666666 0.03807979559748428 0.6666666666666666 0.02907167190775681 0.6666666666666666 0.023339229559748428 0.6666666666666666 0.015559486373165619
1 0.6666666666666666 0.0401270964360587 0.6666666666666666 0.03275681341719077 0.6666666666666666 0.02784329140461216 0.6666666666666666 0.029481132075471695 0.6666666666666666 0.04053655660377358 0.6666666666666666 0.04831629979035639 0.6666666666666666 0.06510416666666667 0.6666666666666666 0.07656905136268344 0.6666666666666666 0.0831204140461216 0.6666666666666666 0.10113666142557652 0.6666666666666666 0.11546776729559748 0.6666666666666666 0.09090015723270439 0.6666666666666666 0.05855280398322851
1 0.6666666666666666 0.10236504192872116 0.6666666666666666 0.09417583857442348 0.6666666666666666 0.09130961740041928 0.6666666666666666 0.085167714884696 0.6666666666666666 0.09212853773584906
1 0.6666666666666666 0.12160966981132075 0.6666666666666666 0.11587722746331236 0.6666666666666666 0.11137316561844864 0.6666666666666666 0.1175150681341719 0.6666666666666666 0.12201912997903563 0.6666666666666666 0.11915290880503143 0.6666666666666666 0.11055424528301887 0.6666666666666666 0.11710560796645703 0.6666666666666666 0.12897995283018868 0.6666666666666666 0.14126375786163523 0.6666666666666666 0.1494529612159329 0.6666666666666666 0.1416732180293501 0.6666666666666666 0.1416732180293501 0.6666666666666666 0.14085429769392033 0.6666666666666666 0.14617727987421383 0.6666666666666666 0.14003537735849056
1 0.6666666666666666 0.16951650943396226 0.6666666666666666 0.16460298742138366 0.6666666666666666 0.15887054507337525 0.6666666666666666 0.15395702306079664 0.6666666666666666 0.17443003144654087 0.6666666666666666 0.1879422169811321 0.6666666666666666 0.19899764150943397 0.6666666666666666 0.20022602201257858 0.6666666666666666 0.1949030398322851 0.6666666666666666 0.1871232966457023 0.6666666666666666 0.21865172955974843 0.6666666666666666 0.22561255241090147 0.6666666666666666 0.23830581761006286 0.6666666666666666 0.24158149895178196 0.6666666666666666 0.2141476677148847 0.6666666666666666 0.20022602201257858 0.6666666666666666 0.18630437631027252 0.6666666666666666 0.17565841194968554
1 0.6666666666666666 0.2239747117400419 0.6666666666666666 0.21824226939203353 0.6666666666666666 0.21087198637316562 0.6666666666666666 0.1764773322851153 0.6666666666666666 0.1662408280922432 0.6666666666666666 0.15395702306079664 0.6666666666666666 0.1609178459119497 0.6666666666666666 0.17361111111111108 0.6666666666666666 0.18630437631027252 0.6666666666666666 0.1973598008385744 0.6666666666666666 0.20063548218029348 0.6666666666666666 0.23666797693920336 0.6666666666666666 0.2686058700209643 0.6666666666666666 0.27679507337526205 0.6666666666666666 0.29071671907756813 0.6666666666666666 0.3009532232704402 0.6666666666666666 0.30750458595387836 0.6666666666666666 0.29808700209643607 0.6666666666666666 0.28662211740041926 0.6666666666666666 0.27147209119496857 0.6666666666666666 0.2571409853249476 0.6666666666666666 0.2571409853249476 0.6666666666666666 0.2526369234800839 0.6666666666666666 0.24936124213836477 0.6666666666666666 0.2428098794549266 0.6666666666666666 0.23175445492662472
1 0.6666666666666666 0.1519097222222222 0.6666666666666666 0.1392164570230608 0.6666666666666666 0.13307455450733752 0.6666666666666666 0.13757861635220126 0.6666666666666666 0.13757861635220126 0.6666666666666666 0.13757861635220126 0.6666666666666666 0.14535835953878407 0.6666666666666666 0.14781512054507337 0.6666666666666666 0.15027188155136267 0.6666666666666666 0.1629651467505241 0.6666666666666666 0.17565841194968554 0.6666666666666666 0.1813908542976939 0.6666666666666666 0.18507599580712786 0.6666666666666666 0.18466653563941302 0.6666666666666666 0.18630437631027252 0.6666666666666666 0.19367465932914044 0.6666666666666666 0.19858818134171907 0.6666666666666666 0.19039897798742136 0.6666666666666666 0.17320165094339623 0.6666666666666666 0.15928000524109012
0 0.6666666666666666 0.12734211215932914 0.6666666666666666 0.13184617400419288 0.6666666666666666 0.13471239517819705 0.6666666666666666 0.13512185534591195 0.6666666666666666 0.13430293501048216 0.6666666666666666 0.13757861635220126 0.6666666666666666 0.1392164570230608 0.6666666666666666 0.1363502358490566 0.6666666666666666 0.12979887316561844 0.6666666666666666 0.11792452830188678 0.6666666666666666 0.11464884696016771 0.6666666666666666 0.11464884696016771 0.6666666666666666 0.10482180293501048 0.6666666666666666 0.09949882075471699 0.6666666666666666 0.09417583857442348 0.6666666666666666 0.08598663522012578 0.6666666666666666 0.0884433962264151 0.6666666666666666 0.10236504192872116 0.6666666666666666 0.11874344863731656
1 0.6666666666666666 0.9952739197530863 0.6666666666666666 0.9943094135802469 0.6666666666666666 0.9721257716049383 0.6666666666666666 0.9624807098765432 0.6666666666666666 0.9750192901234568
1 0.6666666666666666 0.518677424863388 0.6666666666666666 0.5096055327868853 0.6666666666666666 0.5048027663934427 0.6666666666666666 0.5032018442622951 0.6666666666666666 0.5208119877049181 0.6666666666666666 0.5298838797814208 0.6666666666666666 0.538422131147541 0.6666666666666666 0.5432248975409836 0.6666666666666666 0.5288165983606558
1 0.6666666666666666 0.419953893442623 0.6666666666666666 0.4242230191256831 0.6666666666666666 0.4263575819672132 0.6666666666666666 0.43703039617486344 0.6666666666666666 0.44770321038251365 0.6666666666666666 0.4562414617486339 0.6666666666666666 0.4503714139344263 0.6666666666666666 0.4519723360655738 0.6666666666666666 0.4445013661202186 0.6666666666666666 0.44396772540983614 0.6666666666666666 0.42849214480874326
1 0.6666666666666666 0.44823685109289624 0.6666666666666666 0.4487704918032787 0.6666666666666666 0.4546405396174864 0.6666666666666666 0.4567751024590165 0.6666666666666666 0.48185621584699456 0.6666666666666666 0.4887935450819672 0.6666666666666666 0.4925290300546448 0.6666666666666666 0.4994663592896175 0.6666666666666666 0.498932718579235 0.6666666666666666 0.4834571379781421 0.6666666666666666 0.46851519808743175 0.6666666666666666 0.46264515027322406
1 0.6666666666666666 0.5416239754098361 0.6666666666666666 0.5629696038251367 0.6666666666666666 0.574709699453552 0.6666666666666666 0.5944544057377049 0.6666666666666666 0.5912525614754099 0.6666666666666666 0.5960553278688525 0.6666666666666666 0.6109972677595629 0.6666666666666666 0.5901852800546449 0.6666666666666666 0.5837815915300547 0.6666666666666666 0.5624359631147541 0.6666666666666666 0.5560322745901639 0.6666666666666666 0.5533640710382514 0.6666666666666666 0.5432248975409836
1 0.6666666666666666 0.3959400614754099 0.6666666666666666 0.3836663251366121 0.6666666666666666 0.37886355874316946 0.6666666666666666 0.36925802595628415 0.6666666666666666 0.34631147540983614 0.6666666666666666 0.34150870901639346 0.6666666666666666 0.343109631147541 0.6666666666666666 0.3468451161202186 0.6666666666666666 0.3532488046448088 0.6666666666666666 0.3665898224043716 0.6666666666666666 0.38099812158469953 0.6666666666666666 0.3879354508196722 0.6666666666666666 0.4172856898907104 0.6666666666666666 0.4215548155737705 0.6666666666666666 0.42849214480874326 0.6666666666666666 0.437564036885246 0.6666666666666666 0.4391649590163935 0.6666666666666666 0.42475665983606564 0.6666666666666666 0.4140838456284153 0.6666666666666666 0.4028773907103826
1 0.6666666666666666 0.421021174863388 0.6666666666666666 0.40981471994535523 0.6666666666666666 0.4274248633879782 0.6666666666666666 0.43222762978142076 0.6666666666666666 0.4364967554644809 0.6666666666666666 0.42689122267759566
1 0.6666666666666666 0.5010672814207651 0.6666666666666666 0.4871926229508197 0.6666666666666666 0.46317879098360665 0.6666666666666666 0.45784238387978143 0.6666666666666666 0.44610228825136616 0.6666666666666666 0.44343408469945356 0.6666666666666666 0.4412995218579235 0.6666666666666666 0.4690488387978142 0.6666666666666666 0.49306267076502736 0.6666666666666666 0.49626451502732244 0.6666666666666666 0.4983990778688525
1 0.6666666666666666 0.5048027663934427 0.6666666666666666 0.49786543715847004 0.6666666666666666 0.4935963114754099 0.6666666666666666 0.5000000000000001 0.6666666666666666 0.5096055327868853 0.6666666666666666 0.5240138319672132 0.6666666666666666 0.5282829576502733 0.6666666666666666 0.5256147540983607 0.6666666666666666 0.5160092213114754
1 0.6666666666666666 0.7102544398907104 0.6666666666666666 0.7129226434426229 0.6666666666666666 0.7113217213114753 0.6666666666666666 0.7038507513661202 0.6666666666666666 0.7006489071038251 0.6666666666666666 0.6921106557377049 0.6666666666666666 0.7017161885245901 0.6666666666666666 0.69744706284153 0.6666666666666666 0.7049180327868853
1 0.6666666666666666 0.7193263319672131 0.6666666666666666 0.7166581284153005 0.6666666666666666 0.7214608948087431 0.6666666666666666 0.7305327868852459 0.6666666666666666 0.7385373975409836 0.6666666666666666 0.7540129781420765 0.6666666666666666 0.79510331284153 0.6666666666666666 0.8057761270491803 0.6666666666666666 0.8079106898907104 0.6666666666666666 0.7961705942622951 0.6666666666666666 0.7876323428961749 0.6666666666666666 0.7844304986338798 0.6666666666666666 0.7630848702185792 0.6666666666666666 0.7385373975409836
1 0.6666666666666666 0.834592725409836 0.6666666666666666 0.7983051571038251 0.6666666666666666 0.7903005464480874 0.6666666666666666 0.7903005464480874 0.6666666666666666 0.7988387978142076 0.6666666666666666 0.8105788934426229 0.6666666666666666 0.8207180669398907 0.6666666666666666 0.8436646174863388 0.6666666666666666 0.852202868852459 0.6666666666666666 0.8591401980874317 0.6666666666666666 0.8676784494535519 0.6666666666666666 0.8762167008196721 0.6666666666666666 0.8772839822404371 0.6666666666666666 0.8703466530054644 0.6666666666666666 0.8559383538251365 0.6666666666666666 0.8399291325136612
1 0.6666666666666666 0.9237107240437158 0.6666666666666666 0.9098360655737704 0.6666666666666666 0.8996968920765026 0.6666666666666666 0.89275956284153 0.6666666666666666 0.8970286885245901 0.6666666666666666 0.9050332991803279 0.6666666666666666 0.9247780054644809 0.6666666666666666 0.9391863046448088 0.6666666666666666 0.9482581967213114 0.6666666666666666 0.9567964480874317 0.6666666666666666 0.9669356215846995 0.6666666666666666 0.9402535860655737 0.6666666666666666 0.9343835382513661
1 0.6666666666666666 0.8943604849726775 0.6666666666666666 0.8820867486338798 0.6666666666666666 0.8868895150273223 0.6666666666666666 0.89275956284153 0.6666666666666666 0.8804858265027322 0.6666666666666666 0.891692281420765 0.6666666666666666 0.9023650956284154 0.6666666666666666 0.9146388319672131 0.6666666666666666 0.9258452868852459 0.6666666666666666 0.9253116461748633 0.6666666666666666 0.911436987704918
1 0.6666666666666666 0.930114412568306 0.6666666666666666 0.9327826161202185 0.6666666666666666 0.9541282445355191 0.6666666666666666 0.9733393101092895 0.6666666666666666 0.9760075136612022
1 0.6666666666666666 0.9680029030054644 0.6666666666666666 0.9866803278688524 0.6666666666666666 0.9765411543715846 0.6666666666666666 0.9551955259562841 0.6666666666666666 0.9333162568306012 0.6666666666666666 0.9194415983606556 0.6666666666666666 0.9333162568306012 0.6666666666666666 0.9589310109289618
1 0.6666666666666666 0.9973531420765026 0.6666666666666666 0.9978867827868853 0.6666666666666666 0.98828125 0.6666666666666666 0.9738729508196721 0.6666666666666666 0.9856130464480874
1 0.6666666666666666 0.9968195013661202 0.6666666666666666 0.9866803278688524 0.6666666666666666 0.9781420765027322 0.6666666666666666 0.9808102800546448 0.6666666666666666 0.9936176571038251 0.6666666666666666 0.9978867827868853 0.6666666666666666 0.9984204234972678
1 0.6666666666666666 0.9738729508196721 0.6666666666666666 0.987213968579235 0.6666666666666666 0.9957522199453552 0.6666666666666666 0.9968195013661202 0.6666666666666666 0.9914830942622951 0.6666666666666666 0.9744065915300547 0.6666666666666666 0.9637337773224043 0.6666666666666666 0.956262807377049 0.6666666666666666 0.9466572745901639 0.6666666666666666 0.9349171789617486 0.6666666666666666 0.9071678620218578 0.6666666666666666 0.9002305327868853 0.6666666666666666 0.9039660177595628 0.6666666666666666 0.9034323770491803 0.6666666666666666 0.9082351434426229 0.6666666666666666 0.9183743169398907 0.6666666666666666 0.9237107240437158 0.6666666666666666 0.9418545081967213 0.6666666666666666 0.9621328551912568
1 0.6666666666666666 0.9898821721311476 0.6666666666666666 0.9962858606557377 0.6666666666666666 0.9930840163934426 0.6666666666666666 0.9962858606557377 0.6666666666666666 0.9957522199453552 0.6666666666666666 0.9658683401639344 0.6666666666666666 0.9503927595628415 0.6666666666666666 0.9503927595628415 0.6666666666666666 0.9626664959016393 0.6666666666666666 0.9722720286885246 0.6666666666666666 0.9749402322404371 0.6666666666666666 0.9632001366120219 0.6666666666666666 0.9632001366120219 0.6666666666666666 0.9690701844262294 0.6666666666666666 0.9802766393442623
1 0.6666666666666666 0.3068220628415301 0.6666666666666666 0.29241376366120225 0.6666666666666666 0.27426997950819676 0.6666666666666666 0.2913464822404372 0.6666666666666666 0.3110911885245902 0.6666666666666666 0.3137593920765028 0.6666666666666666 0.3116248292349727
1 0.6666666666666666 0.24278517759562845 0.6666666666666666 0.2518570696721312 0.6666666666666666 0.2513234289617487 0.6666666666666666 0.22997780054644812 0.6666666666666666 0.22891051912568308 0.6666666666666666 0.23584784836065578 0.6666666666666666 0.25025614754098363 0.6666666666666666 0.2689335724043716 0.6666666666666666 0.2812073087431694 0.6666666666666666 0.29294740437158473 0.6666666666666666 0.303620218579235 0.6666666666666666 0.3110911885245902 0.6666666666666666 0.31002390710382516 0.6666666666666666 0.29348104508196726 0.6666666666666666 0.2769381830601093 0.6666666666666666 0.2603953210382514
1 0.6666666666666666 0.31696123633879786 0.6666666666666666 0.3303022540983607 0.6666666666666666 0.3393741461748634 0.6666666666666666 0.3452441939890711 0.6666666666666666 0.32016308060109294 0.6666666666666666 0.3073557035519126 0.6666666666666666 0.29988473360655743 0.6666666666666666 0.31002390710382516
1 0.6666666666666666 0.40234375000000006 0.6666666666666666 0.38313268442622955 0.6666666666666666 0.3767289959016394 0.6666666666666666 0.3612534153005465 0.6666666666666666 0.34577783469945356 0.6666666666666666 0.34044142759562845 0.6666666666666666 0.35004696038251365 0.6666666666666666 0.3681907445355192 0.6666666666666666 0.3858008879781421 0.6666666666666666 0.40554559426229514 0.6666666666666666 0.4274248633879782 0.6666666666666666 0.4306267076502733 0.6666666666666666 0.421021174863388 0.6666666666666666 0.40928107923497276
1 0.6666666666666666 0.8762167008196721 0.6666666666666666 0.8650102459016393 0.6666666666666666 0.8548710724043715 0.6666666666666666 0.8676784494535519 0.6666666666666666 0.873014856557377 0.6666666666666666 0.8932932035519126 0.6666666666666666 0.8970286885245901 0.6666666666666666 0.8986296106557377 0.6666666666666666 0.8900913592896175
1 0.6666666666666666 0.8639429644808744 0.6666666666666666 0.854337431693989 0.6666666666666666 0.8452655396174863 0.6666666666666666 0.8329918032786886 0.6666666666666666 0.8260544740437158 0.6666666666666666 0.834592725409836 0.6666666666666666 0.8383282103825137 0.6666666666666666 0.8495346653005464 0.6666666666666666 0.8751494193989071 0.6666666666666666 0.9050332991803279 0.6666666666666666 0.9178406762295083 0.6666666666666666 0.9109033469945356 0.6666666666666666 0.9157061133879781 0.6666666666666666 0.9242443647540983 0.6666666666666666 0.9253116461748633 0.6666666666666666 0.9066342213114754 0.6666666666666666 0.8986296106557377 0.6666666666666666 0.8938268442622951 0.6666666666666666 0.8756830601092895
1 0.6666666666666666 0.9648010587431693 0.6666666666666666 0.9610655737704917 0.6666666666666666 0.951993681693989 0.6666666666666666 0.9429217896174863 0.6666666666666666 0.951993681693989 0.6666666666666666 0.9888148907103824 0.6666666666666666 0.9754738729508197 0.6666666666666666 0.9680029030054644
1 0.6666666666666666 0.812713456284153 0.6666666666666666 0.8036415642076502 0.6666666666666666 0.7993724385245901 0.6666666666666666 0.7983051571038251 0.6666666666666666 0.8073770491803279 0.6666666666666666 0.8228526297814208 0.6666666666666666 0.834592725409836 0.6666666666666666 0.8538037909836066 0.6666666666666666 0.8607411202185792 0.6666666666666666 0.851135587431694 0.6666666666666666 0.8265881147540983
1 0.6666666666666666 0.7364028346994536 0.6666666666666666 0.7230618169398907 0.6666666666666666 0.7113217213114753 0.6666666666666666 0.715057206284153 0.6666666666666666 0.7273309426229507 0.6666666666666666 0.754546618852459 0.6666666666666666 0.7903005464480874 0.6666666666666666 0.7945696721311476 0.6666666666666666 0.7737576844262294 0.6666666666666666 0.7465420081967213
1 0.6666666666666666 0.7102544398907104 0.6666666666666666 0.6894424521857924 0.6666666666666666 0.6867742486338798 0.6666666666666666 0.6921106557377049 0.6666666666666666 0.7134562841530054 0.6666666666666666 0.7203936133879781 0.6666666666666666 0.7235954576502732
1 0.6666666666666666 0.7299991461748633 0.6666666666666666 0.7262636612021858 0.6666666666666666 0.7321337090163934 0.6666666666666666 0.7502774931693988 0.6666666666666666 0.7726904030054644 0.6666666666666666 0.7817622950819673 0.6666666666666666 0.8079106898907104 0.6666666666666666 0.8292563183060109 0.6666666666666666 0.833525443989071 0.6666666666666666 0.8207180669398907 0.6666666666666666 0.8164489412568305 0.6666666666666666 0.7988387978142076 0.6666666666666666 0.7924351092896175 0.6666666666666666 0.7561475409836066 0.6666666666666666 0.7412056010928961
1 0.6666666666666666 0.7967042349726775 0.6666666666666666 0.7935023907103824 0.6666666666666666 0.7881659836065573 0.6666666666666666 0.794036031420765 0.6666666666666666 0.7999060792349727 0.6666666666666666 0.8201844262295083 0.6666666666666666 0.8330074985936995 0.6666666666666666 0.8751494193989071 0.6666666666666666 0.8724812158469946 0.6666666666666666 0.854337431693989 0.6666666666666666 0.8436646174863388 0.6666666666666666 0.8329918032786886 0.6666666666666666 0.8148480191256829
1 0.6666666666666666 0.45784238387978143 0.6666666666666666 0.44770321038251365 0.6666666666666666 0.43809767759562845 0.6666666666666666 0.43703039617486344 0.6666666666666666 0.4348958333333334 0.6666666666666666 0.439698599726776 0.6666666666666666 0.45303961748633886 0.6666666666666666 0.46157786885245905 0.6666666666666666 0.4866589822404372 0.6666666666666666 0.49199538934426235 0.6666666666666666 0.5021345628415301 0.6666666666666666 0.5101391734972678 0.6666666666666666 0.5085382513661202 0.6666666666666666 0.4855917008196722 0.6666666666666666 0.4663806352459017
1 0.6666666666666666 0.515475580601093 0.6666666666666666 0.5101391734972678 0.6666666666666666 0.5026682035519127 0.6666666666666666 0.498932718579235 0.6666666666666666 0.5026682035519127 0.6666666666666666 0.5090718920765028 0.6666666666666666 0.5240138319672132 0.6666666666666666 0.5320184426229508 0.6666666666666666 0.5245474726775957 0.6666666666666666 0.5250811133879781 0.6666666666666666 0.5330857240437159 0.6666666666666666 0.5346866461748635
1 0.6666666666666666 0.5704405737704918 0.6666666666666666 0.5677723702185793 0.6666666666666666 0.5843152322404371 0.6666666666666666 0.6029926571038252 0.6666666666666666 0.6179345969945356 0.6666666666666666 0.6200691598360656 0.6666666666666666 0.6040599385245903
1 0.6666666666666666 0.5693732923497269 0.6666666666666666 0.5544313524590164 0.6666666666666666 0.5490949453551913 0.6666666666666666 0.5544313524590164 0.6666666666666666 0.6056608606557378 0.6666666666666666 0.6222037226775957 0.6666666666666666 0.6307419740437159 0.6666666666666666 0.6200691598360656 0.6666666666666666 0.6045935792349727
1 0.6666666666666666 0.23958333333333337 0.6666666666666666 0.2315787226775957 0.6666666666666666 0.2102330942622951 0.6666666666666666 0.21877134562841535 0.6666666666666666 0.225708674863388 0.6666666666666666 0.2209059084699454 0.6666666666666666 0.1979593579234973 0.6666666666666666 0.23211236338797817 0.6666666666666666 0.25719347677595633 0.6666666666666666 0.2646644467213115 0.6666666666666666 0.2673326502732241 0.6666666666666666 0.27747182377049184 0.6666666666666666 0.26092896174863395
1 0.6666666666666666 0.2860100751366121 0.6666666666666666 0.2769381830601093 0.6666666666666666 0.26946721311475413 0.6666666666666666 0.2646644467213115 0.6666666666666666 0.2806736680327869 0.6666666666666666 0.2961492486338798 0.6666666666666666 0.32870133196721313 0.6666666666666666 0.34257599043715853 0.6666666666666666 0.33457137978142076 0.6666666666666666 0.32123036202185795 0.6666666666666666 0.3068220628415301 0.6666666666666666 0.30095201502732244
1 0.6666666666666666 0.35378244535519127 0.6666666666666666 0.37993084016393447 0.6666666666666666 0.381531762295082 0.6666666666666666 0.382599043715847 0.6666666666666666 0.381531762295082 0.6666666666666666 0.35965249316939896 0.6666666666666666 0.3319031762295082 0.6666666666666666 0.3084229849726776 0.6666666666666666 0.30628842213114754 0.6666666666666666 0.29668288934426235 0.6666666666666666 0.29294740437158473 0.6666666666666666 0.303620218579235 0.6666666666666666 0.31215846994535523 0.6666666666666666 0.3164275956284153 0.6666666666666666 0.3164275956284153 0.6666666666666666 0.3340377390710383 0.6666666666666666 0.3489796789617487
1 0.6666666666666666 0.6259392076502733 0.6666666666666666 0.6179345969945356 0.6666666666666666 0.5864497950819673 0.6666666666666666 0.5688396516393442 0.6666666666666666 0.5576331967213115 0.6666666666666666 0.5410903346994537 0.6666666666666666 0.5437585382513662 0.6666666666666666 0.5522967896174864 0.6666666666666666 0.5725751366120219 0.6666666666666666 0.6045935792349727 0.6666666666666666 0.6275401297814208 0.6666666666666666 0.6371456625683061 0.6666666666666666 0.6440829918032788 0.6666666666666666 0.6435493510928962 0.6666666666666666 0.635011099726776
1 0.6666666666666666 0.5512295081967213 0.6666666666666666 0.5416239754098361 0.6666666666666666 0.5426912568306012 0.6666666666666666 0.5506958674863388 0.6666666666666666 0.6121872865437119 0.6666666666666666 0.6243382855191257 0.6666666666666666 0.6216700819672132 0.6666666666666666 0.5821806693989071
1 0.6666666666666666 0.43009306693989074 0.6666666666666666 0.39060365437158473 0.6666666666666666 0.3874018101092897 0.6666666666666666 0.3879354508196722 0.6666666666666666 0.3890027322404372 0.6666666666666666 0.41088200136612024 0.6666666666666666 0.421021174863388 0.6666666666666666 0.4429004439890711 0.6666666666666666 0.4546405396174864 0.6666666666666666 0.437564036885246
1 0.6666666666666666 0.49573087431693996 0.6666666666666666 0.4925290300546448 0.6666666666666666 0.49733179644808745 0.6666666666666666 0.5090718920765028 0.6666666666666666 0.5208119877049181 0.6666666666666666 0.5106728142076503 0.6666666666666666 0.5069373292349727
1 0.6666666666666666 0.6622267759562842 0.6666666666666666 0.6499530396174864 0.6666666666666666 0.7166581284153005 0.6666666666666666 0.6969134221311476 0.6666666666666666 0.6814378415300547
1 0.6666666666666666 0.6873078893442622 0.6666666666666666 0.6798369193989071 0.6666666666666666 0.6798369193989071 0.6666666666666666 0.676635075136612 0.6666666666666666 0.6883751707650273 0.6666666666666666 0.6985143442622951 0.6666666666666666 0.7038507513661202 0.6666666666666666 0.7267973019125683 0.6666666666666666 0.7278645833333334 0.6666666666666666 0.7278645833333334 0.6666666666666666 0.7203936133879781 0.6666666666666666 0.7027834699453552
1 0.6666666666666666 0.6707650273224043 0.6666666666666666 0.696379781420765 0.6666666666666666 0.7017161885245901 0.6666666666666666 0.7033171106557377 0.6666666666666666 0.6905097336065573 0.6666666666666666 0.677702356557377 0.6666666666666666 0.6734332308743168 0.6666666666666666 0.6718323087431693 0.6666666666666666 0.6595585724043717 0.6666666666666666 0.6552894467213115 0.6666666666666666 0.6536885245901639 0.6666666666666666 0.6424820696721312 0.6666666666666666 0.6307419740437159 0.6666666666666666 0.6280737704918034 0.6666666666666666 0.633943818306011 0.6666666666666666 0.6275401297814208 0.6666666666666666 0.6243382855191257 0.6666666666666666 0.6264728483606558 0.6666666666666666 0.6334101775956285 0.6666666666666666 0.6440829918032788 0.6666666666666666 0.6478184767759564 0.6666666666666666 0.6478184767759564 0.6666666666666666 0.6494193989071039 0.6666666666666666 0.6611594945355191 0.6666666666666666 0.6675631830601092
1 0.6666666666666666 0.49573087431693996 0.6666666666666666 0.48185621584699456 0.6666666666666666 0.47598616803278687 0.6666666666666666 0.4695824795081968 0.6666666666666666 0.45944330601092903 0.6666666666666666 0.4509050546448088 0.6666666666666666 0.5026682035519127 0.6666666666666666 0.5058700478142076 0.6666666666666666 0.4935963114754099 0.6666666666666666 0.49146174863387987 0.6666666666666666 0.4946635928961749
0 0.6666666666666666 0.5128073770491803 0.6666666666666666 0.5074709699453552 0.6666666666666666 0.5357539275956285 0.6666666666666666 0.5282829576502733
1 0.6666666666666666 0.46851519808743175 0.6666666666666666 0.4551741803278689 0.6666666666666666 0.4519723360655738 0.6666666666666666 0.460510587431694 0.6666666666666666 0.46851519808743175 0.6666666666666666 0.47651980874316946 0.6666666666666666 0.49146174863387987 0.6666666666666666 0.49733179644808745 0.6666666666666666 0.49733179644808745 0.6666666666666666 0.5037354849726776 0.6666666666666666 0.4887935450819672
1 0.6666666666666666 0.4466359289617487 0.6666666666666666 0.42689122267759566 0.6666666666666666 0.41888661202185795 0.6666666666666666 0.41888661202185795 0.6666666666666666 0.42262209699453557 0.6666666666666666 0.4295594262295082 0.6666666666666666 0.4391649590163935 0.6666666666666666 0.4610442281420766 0.6666666666666666 0.4519723360655738
1 0.6666666666666666 0.46691427595628415 0.6666666666666666 0.4546405396174864 0.6666666666666666 0.4429004439890711 0.6666666666666666 0.4412995218579235 0.6666666666666666 0.45143869535519127 0.6666666666666666 0.4637124316939891 0.6666666666666666 0.47171704234972683 0.6666666666666666 0.47598616803278687
1 0.6666666666666666 0.38313268442622955 0.6666666666666666 0.3665898224043716 0.6666666666666666 0.36712346311475413 0.6666666666666666 0.3665898224043716 0.6666666666666666 0.342042349726776 0.6666666666666666 0.3489796789617487 0.6666666666666666 0.3585852117486339 0.6666666666666666 0.37085894808743175 0.6666666666666666 0.38046448087431695 0.6666666666666666 0.3927382172131148 0.6666666666666666 0.39967554644808745 0.6666666666666666 0.41355020491803285 0.6666666666666666 0.421021174863388 0.6666666666666666 0.41461748633879786 0.6666666666666666 0.41461748633879786 0.6666666666666666 0.41301656420765026 0.6666666666666666 0.39914190573770497
1 0.6666666666666666 0.8794185450819673 0.6666666666666666 0.8836876707650273 0.6666666666666666 0.8863558743169399 0.6666666666666666 0.8820867486338798 0.6666666666666666 0.8714139344262294 0.6666666666666666 0.8735484972677595
1 0.6666666666666666 0.0021132172131147734 0.6666666666666666 0.009584187158469966 0.6666666666666666 0.018122438524590185 0.6666666666666666 0.023992486338797834 0.6666666666666666 0.02185792349726778 0.6666666666666666 0.015454234972677615 0.6666666666666666 0.006915983606557398 0.6666666666666666 0.0021132172131147734 0.6666666666666666 0.0013020833333333333
1 0.6666666666666666 0.030396174863387998 0.6666666666666666 0.019189719945355208 0.6666666666666666 0.036799863387978166 0.6666666666666666 0.05334272540983609 0.6666666666666666 0.06294825819672133 0.6666666666666666 0.05601092896174866 0.6666666666666666 0.043203551912568326
1 0.6666666666666666 0.01758879781420767 0.6666666666666666 0.006915983606557398 0.6666666666666666 0.0026468579234972867 0.6666666666666666 0.003180498633879801 0.6666666666666666 0.02452612704918035 0.6666666666666666 0.05227544398907106 0.6666666666666666 0.04533811475409838 0.6666666666666666 0.027194330601092918
