0 0.13143151997641161 0.00998581250682089 0.13225056104313068 0.038360798865000524 0.13552672531000703 0.0536396376732511 0.1486313823775124 0.06237040270653714 0.1633741215784559 0.0634617483356979 0.17320261437908496 0.05473098330241185 0.18221206611299487 0.03508676197751826 0.17729781971268035 0.017625231910946174 0.16828836797877042 0.007803121248499379 0.1560027519779842 0.005620429990177867 0.14617425917735513 0.005620429990177867
0 0.23872589971661176 0.09947615409800283 0.25101151571739805 0.08201462403143073 0.26411617278490346 0.0776492415147877 0.2780398709191279 0.06237040270653714 0.2878683637197569 0.04490887263996505 0.3017920618539814 0.05145694641492959 0.31407767785476765 0.0634617483356979 0.3230871295886775 0.07437520462730544 0.31162055465461036 0.09074538906471677 0.28950644585319507 0.10493288224380659 0.2780398709191279 0.11912037542289641 0.27394466558553243 0.13330786860198623 0.2690304191852179 0.1442213248935938 0.25674480318443166 0.15513478118520135 0.2428211050502072 0.16604823747680889 0.23135453011614004 0.1725963112517734 0.22316411944894912 0.1682309287351304 0.22725932478254457 0.16168285496016588 0.23872589971661176 0.1485867074102368 0.23872589971661176 0.12785114045618245
0 0.2362687765164545 0.187875150060024 0.24937343358395989 0.17477900251009493 0.2632971317181843 0.16386554621848737 0.2764017887856897 0.1529520899268798 0.2829541173194424 0.16495689184764814 0.28459219945288056 0.18460111317254174 0.28459219945288056 0.1955145694641493 0.27394466558553243 0.20970206264323912 0.260020967451308 0.23262032085561493 0.25101151571739805 0.26208665284295535 0.24364014611692628 0.2730001091345629 0.23135453011614004 0.27190876350540216 0.2198879551820728 0.25990396158463386 0.22398316051566824 0.241351085888901 0.23381165331629725 0.22279821019316817 0.23954494078333088 0.20315398886827457
0 0.002023031434796109 0.19878860635163156 0.026594263436368663 0.2118847539015606 0.03478467410355952 0.22498090145148966 0.027413304503087762 0.25335588780966933 0.02168001703605417 0.2697260722470806 0.008575359968548796 0.27190876350540216 0.0012039903680770407 0.26208665284295535 0.00448015463495337 0.23262032085561493 0.00448015463495337 0.21625013641820362
0 0.09293658984061458 0.07110116773982318 0.10440316477468181 0.06018771144821562 0.11996494504234438 0.06127905707737639 0.13388864317656882 0.0678271308523409 0.1469933002440742 0.07655789588562696 0.14044097171032155 0.10056749972716357 0.13388864317656882 0.1169376841645749 0.1363457663767261 0.13330786860198623 0.14044097171032155 0.15186074429771906 0.14453617704391694 0.1725963112517734 0.14207905384375968 0.19005784131834552 0.13225056104313068 0.19114918694750624 0.12324110930922072 0.1780530393975772 0.11259357544187266 0.16604823747680889 0.10276508264124362 0.1562261268143621 0.08474617917342372 0.1529520899268798 0.0757367274395138 0.13767325111862924 0.07655576850623287 0.12894248608534323 0.08802234344030005 0.12239441231037868 0.09866987730764816 0.1169376841645749 0.10522220584140088 0.10602422787296735 0.10194604157452455 0.09511077158135979 0.09703179517421003 0.08747135217723451
0 0.03068946876996409 0.27736549165120594 0.03969892050387404 0.28718760231365276 0.05034645437122215 0.290461639201135 0.05771782397169391 0.29591836734693877 0.06672727570560386 0.30683182363854633 0.08228905597326645 0.3144712430426716 0.09539371304077184 0.31883662555931463 0.10686028797483901 0.3177452799301539 0.12487919144265891 0.3090145148968678 0.13880288957688336 0.3002837498635818 0.15108850557766965 0.2937356760886172 0.16173603944501777 0.28609625668449196 0.1633741215784559 0.2784568372803667 0.1723835733123659 0.2609953072137946 0.17565973757924222 0.24680781403470478 0.17565973757924222 0.236985703372258 0.1699264501122086 0.21515879078904288 0.15764083411142232 0.1976972607224708 0.14535521811063606 0.19878860635163156 0.13470768424328797 0.20315398886827457 0.12406015037593984 0.21297609953072136 0.10030795944108635 0.21952417330568588 0.08392713810670466 0.22388955582232895 0.06836535783904202 0.22607224708065043 0.05034645437122215 0.23480301211393648 0.04707029010434582 0.24462512277638326 0.038060838370435876 0.26426934410127684
0 0.1691074090454895 0.29155298483029574 0.17156453224564674 0.27736549165120594 0.1797549429128376 0.26208665284295535 0.183031107179714 0.25226454218050853 0.19449768211378118 0.26426934410127684 0.20268809278097202 0.27954818290952743 0.2084213802480056 0.2970097129760995 0.2092404213147247 0.3122885517843501 0.20023096958081477 0.31010586052602856 0.18548823037987125 0.3024664411219033
0 0.3329156223893066 0.4050529302630143 0.3452012383900928 0.3919567827130852 0.3624011007911937 0.3810433264214777 0.3673153471915081 0.3908654370839245 0.3681343882582273 0.4170577321837826 0.36649630612478906 0.4345192622503547 0.36567726505806997 0.4563461748335698 0.3632201418579128 0.4672596311251773 0.35175356692384563 0.4716250136418204 0.3460202794568119 0.4683509767543382 0.3402869919897783 0.4476154098002838 0.3353727455894639 0.4323365709920332 0.3320965813225875 0.41596638655462187
0 0.3124395957213295 0.19878860635163156 0.3189919242550821 0.18350976754338097 0.33864890985634016 0.18350976754338097 0.3591249365243173 0.18896649568918475 0.3861532917260471 0.20097129760995305 0.3861532917260471 0.22498090145148966 0.38861041492620435 0.236985703372258 0.3771438399921372 0.24899050529302627 0.3648582239913509 0.24571646840554404 0.3542106901240028 0.24244243151806177 0.33946795092305926 0.22716359270981118 0.3329156223893066 0.2217068645640074 0.3148967189214867 0.21297609953072136
0 0.3927056202597998 0.20751937138491758 0.3984389077268334 0.19878860635163156 0.4123626058610579 0.20751937138491758 0.4312005503955968 0.2217068645640074 0.43283863252903504 0.2337116664847757 0.42464822186184414 0.25226454218050853 0.41645781119465336 0.2577212703263123 0.40171507199370976 0.2588126159554731 0.39188657919308073 0.25662992469715157 0.3877913738594853 0.25335588780966933 0.38942945599292356 0.2435337771472225 0.39434370239323796 0.23043762959729344 0.3910675381263617 0.2184328276765251
0 0.44676233066325943 0.3242933537051184 0.46232411093092207 0.31883662555931463 0.47051452159811297 0.32975008185092214 0.4672383573312366 0.3472116119174943 0.46641931626451755 0.36685583324238785 0.4688764394646747 0.38431736330895994 0.4582289055973266 0.3865000545672815 0.4533146591970121 0.3821346720506385 0.44348616639638316 0.36685583324238785 0.4410290431962258 0.3515769944341373 0.4410290431962258 0.33411546436756523
0 0.4778858911985847 0.34393757503001204 0.4860763018657755 0.33848084688420826 0.5057332874670336 0.34393757503001204 0.5139236981342244 0.3461202662883336 0.5319426016020443 0.35048564880497657 0.538494930135797 0.3526683400632981 0.5327616426687634 0.3788606351631562 0.5335806837354825 0.401778893375532 0.5229331498681343 0.40723562152133586 0.5024571232001572 0.39741351085888904 0.48853342506593284 0.39304812834224606 0.47870493226530375 0.3875914001964422 0.47460972693170833 0.3788606351631562 0.47379068586498924 0.3592164138382626
0 0.6212180778744246 0.37449525264651323 0.6294084885416155 0.35812506820910184 0.6367798581420873 0.3526683400632981 0.6490654741428735 0.3461202662883336 0.64333218667584 0.3242933537051184 0.6375988992088063 0.3002837498635818 0.6375988992088063 0.2926443304594565 0.6523416384097499 0.294827021717778 0.6662653365439744 0.30355778675106404 0.681827116811637 0.30683182363854633 0.6957508149458613 0.31337989741351086 0.711312595213524 0.31337989741351086 0.7178649237472766 0.3242933537051184 0.7137697184136813 0.339572192513369 0.6998460202794569 0.3624904507257449 0.6924746506789851 0.3734039070173524 0.6785509525447606 0.37995198079231696 0.6621701312103789 0.388682745825603 0.6515225973430308 0.40287023900469277 0.6351417760086491 0.4301538797337117 0.6294084885416155 0.43670195350867624 0.6187609546742674 0.4345192622503547 0.6171228725408292 0.4170577321837826 0.6179419136075484 0.3985048564880498
0 0.6490654741428735 0.42687984284622943 0.6670843776106934 0.3985048564880498 0.6769128704113224 0.3908654370839245 0.6859223221452323 0.3919567827130852 0.6965698560125805 0.40614427589217506 0.7080364309466476 0.429062534104551 0.7137697184136813 0.43997599039615853 0.7178649237472766 0.4618029029793736 0.7186839648139958 0.48581250682091026 0.7162268416138385 0.4967259631125178 0.702303143479614 0.491269234966714 0.681827116811637 0.48253846993342797 0.6654462954772553 0.4738077049001419 0.6572558848100644 0.46944232238349887 0.6531606794764689 0.44870675542944455
0 0.06836535783904202 0.008894466877660132 0.07406588366340683 0.0012987012987012998 0.07406588366340684 0.0012987012987012987 0.10276508264124362 0.006711775619338623 0.11586973970874899 0.015442540652624664 0.12078398610906352 0.03290407071919675 0.12160302717578259 0.05254829204409034 0.09948891837436728 0.05254829204409034 0.0904794666404573 0.05036560078576883 0.08147001490654739 0.03617810760667902 0.07491768637279474 0.02635599694423222
0 0.49754287679984277 0.2217068645640074 0.4991809589332809 0.19878860635163156 0.5139236981342244 0.19333187820582778 0.5286664373351679 0.1802357306558987 0.5343997248022015 0.1682309287351304 0.5393139712025161 0.15404343555604058 0.5524186282700215 0.14094728800611153 0.5663423264042459 0.13876459674779 0.5728946549379985 0.1605915093310051 0.5827231477386275 0.18460111317254174 0.6040182154733238 0.20751937138491758 0.6195799957409864 0.2217068645640074 0.6220371189411438 0.236985703372258 0.6187609546742674 0.2511731965513478 0.5974658869395711 0.2588126159554731 0.576989860271594 0.2697260722470806 0.5638852032040886 0.27736549165120594 0.5499615050698642 0.2937356760886172 0.5335806837354825 0.2762741460220452 0.5196569856012581 0.25990396158463386 0.509828492800629 0.2435337771472225 0.4991809589332809 0.2337116664847757
0 0.40744835946074337 0.0023463931026956016 0.41504906055989627 0.0012987012987012987 0.4647812341310793 0.0012987012987012987 0.4721526037315511 0.0023463931026956016 0.4778858911985847 0.015442540652624664 0.46068602879748394 0.02635599694423222 0.44840041279669757 0.024173305685910706 0.4312005503955968 0.02089926879842844 0.42137205759496776 0.015442540652624664
0 0.4819810965321802 0.003437738731856357 0.48853342506593284 0.01435119502346391 0.5073713696004717 0.019807923169267685 0.5270283552017299 0.024173305685910706 0.5401330122692352 0.02635599694423222 0.548323422936426 0.023081960056749954 0.5556947925368978 0.011077158135981643 0.5581409951894989 0.0012987012987012998 0.5270283552017299 0.005620429990177867 0.5032761642668764 0.0023463931026956016
0 0.5548757514701786 0.03181272509003599 0.5622471210706504 0.017625231910946174 0.5679804085376842 0.012168503765142398 0.5786279424050322 0.027447342573392975 0.5876373941389421 0.0416348357524828 0.5982849280062902 0.0536396376732511 0.6023801333398857 0.07219251336898394 0.5941897226726948 0.07437520462730544 0.5720756138712795 0.05800502018989411 0.5638852032040886 0.048182909527447325
0 0.6498845152095927 0.004529084361017112 0.6588939669435026 0.01871657754010693 0.663808213343817 0.038360798865000524 0.6621701312103789 0.047091563898286566 0.6531606794764689 0.07110116773982318 0.64333218667584 0.08747135217723451 0.6310465706750537 0.11475499290625339 0.6294084885416155 0.12566844919786094 0.6318656117417727 0.13985594237695076 0.6416941045424017 0.14531267052275454 0.6588939669435026 0.15186074429771906 0.6711795829442889 0.15186074429771906 0.6769128704113224 0.1442213248935938 0.6769128704113224 0.1267597948270217 0.682646157878356 0.10929826476044963 0.6883794453453896 0.0929280803230383 0.6941127328124232 0.06455309396485864 0.7014841024128949 0.05473098330241185 0.7195030058807149 0.05254829204409034 0.7375219093485348 0.05800502018989411 0.7588169770832309 0.07328385899814469 0.7727406752174554 0.085288660918913 0.7850262912182417 0.085288660918913 0.7948547840188708 0.07437520462730544 0.8014071125526234 0.05145694641492959 0.8014071125526234 0.04054349012332204 0.7956738250855898 0.02853868820255373 0.789121496551837 0.015442540652624664 0.7866643733516798 0.004529084361017112 0.7702999328386327 0.0012987012987012987 0.7399790325486919 0.0012987012987012987 0.7088554720133668 0.0012987012987012987 0.6883794453453896 0.0012987012987012987 0.6662653365439744 0.0012987012987012987 0.6523416384097499 0.0012987012987012987
0 0.8300735498877915 0.005620429990177867 0.8194260160204434 0.015442540652624664 0.818606974953724 0.03945214449416128 0.8251593034874769 0.0536396376732511 0.8317116320212297 0.06237040270653714 0.837444919488263 0.04927425515660808 0.8382639605549822 0.02853868820255373 0.8415401248218587 0.01653388628178542
0 0.9193490261601718 0.005620429990177867 0.931634642160958 0.02853868820255373 0.9414631349615871 0.04927425515660808 0.9488345045620589 0.07110116773982318 0.9562058741625304 0.08201462403143073 0.9799580650973839 0.0678271308523409 0.9938817632316085 0.06237040270653714 0.9980506822612085 0.05056613554512713 0.9980506822612085 0.015442540652624664 0.9980506822612085 0.0023463931026956016 0.9980506822612085 0.0012987012987012987 0.9504725866954971 0.0023463931026956016 0.9406440938948679 0.004529084361017112
0 0.6597130080102217 0.17914438502673796 0.6711795829442889 0.1605915093310051 0.681827116811637 0.15404343555604058 0.6982079381460187 0.13003383171450397 0.7129506773469622 0.1169376841645749 0.7178649237472766 0.13439921423114698 0.7227791701475912 0.15731747244352284 0.720322046947434 0.187875150060024 0.7252362933477485 0.21406744515988213 0.7170458826805576 0.2293462839681327 0.6998460202794569 0.22061551893484665 0.6851032810785133 0.2118847539015606 0.6703605418775698 0.20424533449743534 0.664627254410536 0.1955145694641493
0 0.06836535783904202 0.3177452799301539 0.08228905597326645 0.32320200807595767 0.09129850770717643 0.32756739059260065 0.09866987730764816 0.3362981556258867 0.09457467197405277 0.3624904507257449 0.09457467197405277 0.388682745825603 0.08720330237358098 0.4083269671504966 0.07000343997248021 0.4126923496671396 0.061813029305289334 0.40941831277965735 0.05362261863809848 0.3865000545672815 0.05198453650466031 0.3755865982756739 0.051165495437941244 0.3570337225799411 0.05607974183825574 0.34502892065917273 0.06263207037200842 0.32756739059260065
0 0.006937277835110631 0.4836298155625887 0.015127688502301484 0.46944232238349887 0.029051386636525924 0.46616828549601663 0.04051796157059313 0.45416348357524833 0.05034645437122215 0.437793299137837 0.05280357757137941 0.429062534104551 0.06672727570560386 0.4257884972170687 0.08147001490654739 0.42360580595874714 0.0904794666404573 0.42687984284622943 0.08884138450701917 0.437793299137837 0.07655576850623287 0.4476154098002838 0.0650891935721657 0.45852886609189136 0.05526070077153667 0.47271635927098116 0.054441659704817576 0.48908654370839244 0.05771782397169391 0.5163701844374113 0.06672727570560386 0.5392884426497871 0.08065097383982832 0.5720288115246098 0.07819385063967106 0.5829422678162175 0.06754631677232295 0.5883989959620212 0.05280357757137941 0.5829422678162175 0.037241797303716774 0.5807595765578959 0.023318099169492335 0.5709374658954491 0.014308647435582387 0.5622067008621631 0.0009746588693957114 0.5507103376109802 0.0009746588693957114 0.5185528756957329 0.0009746588693957114 0.5021826912583215
0 0.10358412370796269 0.5611153552330023 0.11177453437515354 0.544745170795591 0.13143151997641161 0.536014405762305 0.14781234131079332 0.5229182582123759 0.15764083411142232 0.513096147549929 0.1691074090454895 0.5010913456291608 0.1797549429128376 0.5010913456291608 0.183031107179714 0.5152788388082506 0.18221206611299487 0.5305576776165012 0.18221206611299487 0.553475935828877 0.18221206611299487 0.5720288115246098 0.1723835733123659 0.5818509221870567 0.16009795731157958 0.5840336134453782 0.14535521811063606 0.5883989959620212 0.13962193064360248 0.5927643784786643 0.13470768424328797 0.602586489141111 0.12569823250937798 0.6211393648368438 0.12242206824250165 0.6331441667576121 0.12160302717578259 0.642966277420059 0.11832686290890625 0.6669758812615956 0.11750782184218712 0.6844374113281676 0.11832686290890625 0.7008075957655789 0.11505069864202987 0.709538360798865 0.10194604157452455 0.7215431627196334 0.09703179517421003 0.735730655898723 0.10276508264124362 0.7553748772236166 0.10686028797483901 0.7706537160318672 0.10440316477468181 0.776110444177671 0.08884138450701917 0.7782931354359925 0.06918439890576109 0.7728364072901889 0.0593559061051321 0.7706537160318672 0.037241797303716774 0.7608316053694205 0.03969892050387404 0.7237258539779549 0.042156043704031296 0.7073556695405435 0.04788933117106489 0.6975335588780966 0.06099398823857026 0.6822547200698461 0.06918439890576109 0.67352395503656 0.07655576850623287 0.6538797337116665 0.08228905597326645 0.6440576230492197 0.0962127541074909 0.6200480192076832 0.10358412370796269 0.598221106624468 0.10522220584140088 0.5840336134453782
0 0.23053548904942092 0.5392884426497871 0.24855439251724082 0.549110553312234 0.2616590495847462 0.5578413183455201 0.2649352138516225 0.5709374658954491 0.25920192638458894 0.5763941940412529 0.24691631038380263 0.5818509221870567 0.23463069438301637 0.5840336134453782 0.22562124264910638 0.5840336134453782 0.2198879551820728 0.5687547746371276 0.21824987304863466 0.5523845901997163 0.22070699624879192 0.5436538251664302
0 0.2657542549183416 0.47599039615846345 0.2723065834520943 0.4705336680126596 0.28131603518600423 0.47271635927098116 0.2944206922535096 0.4836298155625887 0.3034301439874195 0.49890865437083926 0.3124395957213295 0.513096147549929 0.31817288318836306 0.5338317145039835 0.3214490474552394 0.5578413183455201 0.3263632938555539 0.5720288115246098 0.3378298687896211 0.585124959074539 0.33701082772290203 0.5971297609953072 0.32882041705571113 0.6124085998035579 0.32800137598899204 0.6298701298701299 0.32554425278883486 0.6353268580159337 0.31571575998820584 0.634235512386773 0.30670630825429585 0.6244134017243261 0.2993349386538241 0.6156826366910402 0.2878683637197569 0.6036778347702718 0.28131603518600423 0.5949470697369857 0.2747637066522515 0.585124959074539 0.2723065834520943 0.5785768852995744 0.2723065834520943 0.5611153552330023 0.2649352138516225 0.5512932445705555 0.26411617278490346 0.540379788278948 0.2649352138516225 0.5251009494706974 0.2682113781184988 0.5076394194041254 0.2649352138516225 0.49236058059587473
0 0.23381165331629725 0.6014951435119503 0.24691631038380263 0.5883989959620212 0.2616590495847462 0.5873076503328605 0.2665732959850607 0.589490341591182 0.27885891198584695 0.6080432172869148 0.288687404786476 0.6200480192076832 0.2960587743869477 0.6287787842409691 0.3034301439874195 0.638600894903416 0.28459219945288056 0.651697042453345 0.2780398709191279 0.6615191531157918 0.27148754238537515 0.67352395503656 0.2649352138516225 0.6822547200698461 0.25838288531786985 0.6833460656990068 0.24937343358395989 0.6789806831823639 0.24364014611692628 0.67352395503656 0.23954494078333088 0.6615191531157918 0.2362687765164545 0.6462403143075413 0.23463069438301637 0.6298701298701299 0.23463069438301637 0.6189566735785224
0 0.64333218667584 0.49236058059587473 0.6531606794764689 0.48581250682091026 0.662989172277098 0.4836298155625887 0.673636706144446 0.4879951980792317 0.6908365685455469 0.4967259631125178 0.6982079381460187 0.5 0.7006650613461759 0.5087307650332861 0.6891984864121087 0.5261922950998582 0.6810080757449178 0.5338317145039835 0.6744557472111652 0.549110553312234 0.6777319114780416 0.5720288115246098 0.6834651989450751 0.5916730328495035 0.6801890346781987 0.6080432172869148 0.6752747882778842 0.6189566735785224 0.6679034186774124 0.6331441667576121 0.6580749258767834 0.651697042453345 0.653979720543188 0.6571537705991488 0.6425131456091208 0.6647931900032741 0.63432273494193 0.656062424969988 0.6302275296083345 0.6407835861617375 0.624494242141301 0.6113172541743971 0.6228561600078628 0.589490341591182 0.6220371189411438 0.5763941940412529 0.63432273494193 0.5523845901997163 0.6392369813422445 0.5316490232456619 0.6384179402755255 0.5163701844374113
0 0.6171228725408292 0.6746153006657208 0.6318656117417727 0.669158572519917 0.6392369813422445 0.6724326094073994 0.6482464330761544 0.6800720288115246 0.6523416384097499 0.696442213248936 0.6556178026766263 0.7051729782822219 0.6498845152095927 0.7215431627196334 0.6449702688092781 0.7259085452362762 0.6285894474748964 0.7291825821237586 0.6203990368077055 0.7324566190112408 0.6105705440070764 0.7368220015278839 0.6056562976067621 0.735730655898723 0.5966468458728521 0.726999890865437 0.6023801333398857 0.7160864345738296 0.6081134208069192 0.7051729782822219 0.615484790407391 0.6920768307322929
0 0.7817501269513654 0.7062643239113826 0.7858453322849608 0.6909854851031321 0.7956738250855898 0.6866201025864892 0.8120546464199715 0.696442213248936 0.8210640981538815 0.7040816326530612 0.8325306730879487 0.7128123976863472 0.8439972480220159 0.7215431627196334 0.8595590282896785 0.7313652733820801 0.863654233623274 0.7411873840445269 0.854644781889364 0.7575575684819382 0.8439972480220159 0.7662883335152243 0.8341687552213868 0.7728364072901889 0.8136927285534097 0.7641056422569027 0.8046832768194997 0.7553748772236166 0.797311907219028 0.7400960384153661 0.7923976608187134 0.7335479646404015 0.7858453322849608 0.7171777802029903
0 0.846454371222173 0.776110444177671 0.8579209461562403 0.7793844810651533 0.8718446442904646 0.7837498635817963 0.8824921781578128 0.7902979373567609 0.8996920405589136 0.7957546655025647 0.9136157386931381 0.7815671723234748 0.9144347797598571 0.7553748772236166 0.9087014922928236 0.7466441121903307 0.9013301226923518 0.7433700753028485 0.8890445066915655 0.7433700753028485 0.8751208085573411 0.7444614209320092 0.8661113568234312 0.7542835315944559 0.8587399872229593 0.7651969878860636
0 0.9193490261601718 0.7302739277529193 0.9201680672268908 0.709538360798865 0.9259013546939243 0.7040816326530612 0.9357298474945533 0.6997162501364181 0.9480154634953396 0.7018989413947397 0.9586629973626877 0.7073556695405435 0.9701295722967549 0.709538360798865 0.989786557898013 0.718269125832151 0.9980506822612085 0.7201044053985229 0.9979769685652039 0.758648914111099 0.9881484757645749 0.7630142966277419 0.9725866954969123 0.758648914111099 0.9594820384294069 0.7466441121903307 0.9365488885612724 0.7390046927862054
0 0.8792160138909365 0.1682309287351304 0.89395875309188 0.15404343555604058 0.9111586154929808 0.1605915093310051 0.9299965600275198 0.16168285496016588 0.9521106688289351 0.16277420058932662 0.9660343669631595 0.18460111317254174 0.9693105312300359 0.19878860635163156 0.9619391616295642 0.2173414820473644 0.9545677920290924 0.2293462839681327 0.9447392992284633 0.24462512277638326 0.9324536832276771 0.24571646840554404 0.9168919029600145 0.2380770490014187 0.8972349173587565 0.23480301211393648 0.8874064245581273 0.22388955582232895 0.8808540960243746 0.20861071701407835 0.8800350549576555 0.18678380443086323
0 0.7579979360165119 0.23589435774309722 0.7719216341507363 0.22388955582232895 0.7866643733516798 0.2118847539015606 0.7940357429521516 0.20533668012659606 0.807140400019657 0.20533668012659606 0.8112356053532525 0.2217068645640074 0.8120546464199715 0.24571646840554404 0.8153308106868478 0.2784568372803667 0.8136927285534097 0.3002837498635818 0.8128736874866906 0.3166539343009931 0.8030451946860616 0.3264760449634399 0.7907595786852754 0.3362981556258867 0.7792930037512081 0.34502892065917273 0.7612741002833882 0.3493943031758158 0.7571788949497928 0.33738950125504746 0.7506265664160401 0.3199279711884754 0.7448932789490065 0.3046491323802248 0.7457123200157255 0.2970097129760995 0.7547217717496355 0.28391356542617047 0.7653693056169837 0.26536068973043764 0.7653693056169837 0.25008185092218704
0 0.7604550592166691 0.3635817963549057 0.7735597162841745 0.3559423769507803 0.7858453322849608 0.3515769944341373 0.8038642357527807 0.34393757503001204 0.8136927285534097 0.3330241187384045 0.8218831392206006 0.339572192513369 0.817787933887005 0.36139910509658413 0.818606974953724 0.38322601767979925 0.8169688928202861 0.39741351085888904 0.8112356053532525 0.4170577321837826 0.8055023178862188 0.41924042344210416 0.7751977984176127 0.40941831277965735 0.7678264288171409 0.4181490778129434 0.7678264288171409 0.43670195350867624 0.7702835520172981 0.4530721379460875 0.7751977984176127 0.4672596311251773 0.7792930037512081 0.491269234966714 0.7784739626844891 0.5 0.7694645109505791 0.5032740368874823 0.7383409504152538 0.5010913456291608 0.7235982112143102 0.4945432718541963 0.7252362933477485 0.4792644330459457 0.7252362933477485 0.46616828549601663 0.7391599914819729 0.45088944668776604 0.7432551968155683 0.43342791662119395 0.7465313610824448 0.41924042344210416 0.7506265664160401 0.4116010040379789 0.7661883466837027 0.388682745825603 0.7653693056169837 0.37995198079231696
0 0.787483414418399 0.45852886609189136 0.8014071125526234 0.437793299137837 0.8153308106868478 0.4323365709920332 0.8243402624207578 0.4519807923169268 0.835806837354825 0.47271635927098116 0.8431782069552968 0.4945432718541963 0.8472734122888922 0.5076394194041254 0.8505495765557685 0.5163701844374113 0.8472734122888922 0.5294663319873405 0.8431782069552968 0.536014405762305 0.8341687552213868 0.5392884426497871 0.8235212213540387 0.5371057513914658 0.8104165642865333 0.5294663319873405 0.8014071125526234 0.5229182582123759 0.797311907219028 0.5163701844374113 0.7923976608187134 0.5021826912583215 0.7850262912182417 0.48908654370839244 0.7850262912182417 0.47489905052930265
0 0.7719216341507363 0.4225144603295864 0.7858453322849608 0.41924042344210416 0.7932167018854325 0.42360580595874714 0.7964928661523089 0.4345192622503547 0.789121496551837 0.44215868165447997 0.7833882090848034 0.44325002728364077 0.7784739626844891 0.4388846447669977
0 0.8292545088210722 0.32975008185092214 0.8415401248218587 0.32865873622176145 0.8603780693563975 0.32756739059260065 0.874301767490622 0.3242933537051184 0.8898635477582846 0.3242933537051184 0.8923206709584418 0.33738950125504746 0.8849493013579702 0.3493943031758158 0.874301767490622 0.3526683400632981 0.8652923157567121 0.35812506820910184 0.855463822956083 0.3635817963549057 0.8407210837551397 0.3657644876132271 0.8292545088210722 0.3734039070173524 0.8243402624207578 0.37012987012987014 0.8243402624207578 0.35812506820910184 0.826797385620915 0.348302957546655
0 0.8915016298917228 0.3111972061551893 0.8988729994921946 0.3024664411219033 0.9062443690926664 0.30137509549274255 0.9152538208265761 0.3024664411219033 0.9193490261601718 0.3111972061551893 0.9250823136272052 0.32538469933427916 0.931634642160958 0.34393757503001204 0.9324536832276771 0.3493943031758158 0.9152538208265761 0.34393757503001204 0.903787245892509 0.33848084688420826 0.8988729994921946 0.3319327731092437 0.8972349173587565 0.32538469933427916
0 0.9619391616295642 0.24025974025974026 0.9693105312300359 0.22825493833897195 0.9783199829639457 0.2173414820473644 0.9840532704309795 0.21625013641820362 0.9980506822612085 0.220489022055103 0.9980506822612085 0.2708174178762414 0.9980506822612085 0.3024664411219033 0.990605598964732 0.28718760231365276 0.9824151882975414 0.2686347266179199 0.9734057365636314 0.2588126159554731
0 0.9840532704309795 0.3210193168176361 0.9856913525644176 0.30683182363854633 0.9963388864317657 0.3079231692677071 0.9980506822612085 0.315906362545018 0.9980506822612085 0.3319327731092437 0.9914246400314511 0.3330241187384045
0 0.9365488885612724 0.48472116119174946 0.9496535456287779 0.4574375204627306 0.9643962848297214 0.4356106078795155 0.9750438186970695 0.4279711884753902 0.990605598964732 0.43342791662119395 0.9971579274984848 0.44652406417112306 0.9980506822612085 0.4548510313216196 0.9947008042983276 0.49345192622503553 0.9980506822612085 0.5095208992687985 0.9873294346978557 0.5207355669540543 0.9611201205628451 0.5294663319873405 0.9545677920290924 0.5218269125832151 0.9488345045620589 0.5076394194041254 0.9447392992284633 0.48908654370839244
0 0.0028420725015152054 0.606951871657754 0.012670565302144221 0.6222307104660046 0.031508509836683185 0.6418749317908983 0.03969892050387404 0.6538797337116665 0.031508509836683185 0.6789806831823639 0.020860975969335074 0.6975335588780966 0.009394401035267893 0.7149950889446688 0.003661113568234274 0.7149950889446688 0.0028420725015152054 0.6898941394739714 0.0028420725015152054 0.6593364618574703 0.0012039903680770407 0.638600894903416 0.0009746588693957114 0.6327949361562811
0 0.03478467410355952 0.6877114482156499 0.038060838370435876 0.6800720288115246 0.04461316690418856 0.6626104987449526 0.05280357757137941 0.6549710793408273 0.06263207037200842 0.6549710793408273 0.06345111143872752 0.6637018443741133 0.05526070077153667 0.6767979919240422 0.04870837223778399 0.6898941394739714
0 0.10440316477468181 0.7324566190112408 0.11586973970874899 0.718269125832151 0.12979343784297342 0.709538360798865 0.14044097171032155 0.6997162501364181 0.15682179304470326 0.6931681763614537 0.1650122037118941 0.6855287569573284 0.17893590184611854 0.6877114482156499 0.17402165544580403 0.7008075957655789 0.16419316264517503 0.7149950889446688 0.15026946451095052 0.7324566190112408 0.1428980949104788 0.7433700753028485 0.13306960210984975 0.7564662228527774 0.12487919144265891 0.767379679144385 0.11914590397562531 0.7651969878860636 0.11259357544187266 0.7542835315944559
0 0.20268809278097202 0.6058605260285933 0.21415466771503922 0.5993124522536287 0.2248022015823873 0.5993124522536287 0.2264402837158255 0.6145912910618793 0.22807836584926366 0.6451489686783805 0.23299261224957818 0.669158572519917 0.2428211050502072 0.6898941394739714 0.25183055678411714 0.7008075957655789 0.24691631038380263 0.7073556695405435 0.23053548904942092 0.7040816326530612 0.21743083198191554 0.6986249045072573 0.20432617491441016 0.6931681763614537 0.19531672318050025 0.6822547200698461 0.18958343571346664 0.677889337553203 0.19531672318050025 0.6538797337116665 0.1994119285140957 0.6320528211284514
0 0.1519075466443887 0.8295863800065482 0.1633741215784559 0.8284950343773873 0.17565973757924222 0.8590527119938886 0.19122151784690486 0.8721488595438175 0.21415466771503922 0.8677834770271745 0.22725932478254457 0.8492306013314416 0.2428211050502072 0.8317690712648695 0.25756384425115075 0.8350431081523518 0.2682113781184988 0.8350431081523518 0.27722082985240876 0.8437738731856378 0.27967795305256604 0.8590527119938886 0.27394466558553243 0.8776055876896213 0.260020967451308 0.8917930808687111 0.24937343358395989 0.8983411546436756 0.23463069438301637 0.910345956564444 0.22070699624879192 0.9158026847102476 0.21005946238144382 0.9147113390810869 0.20105001064753383 0.910345956564444 0.18221206611299487 0.9092546109352833 0.17320261437908496 0.9092546109352833 0.14945042344423146 0.9136199934519261 0.14126001277704062 0.910345956564444 0.1428980949104788 0.8808796245771036 0.14617425917735513 0.8546873294772455
0 0.02168001703605417 0.9911055331223398 0.024956181302930498 0.9780093855724108 0.03969892050387404 0.97691803994325 0.051165495437941244 0.9725526574266069 0.06672727570560386 0.9660045836516424 0.07491768637279474 0.9572738186183564 0.09539371304077184 0.9561824729891957 0.10276508264124362 0.9518170904725526 0.11996494504234438 0.9452690166975881 0.1306124789096925 0.9387209429226236 0.13716480744344522 0.936538251664302 0.14371713597719787 0.9529084361017135 0.14371713597719787 0.9725526574266069 0.14044097171032155 0.9845574593473753 0.13143151997641161 0.9932882243806613 0.0937556309073337 0.9954709156389829 0.07246056317263747 0.9932882243806613 0.051165495437941244 0.9921968787515005 0.03887987943715497 0.9921968787515005
0 0.24937343358395989 0.7390046927862054 0.2665732959850607 0.7542835315944559 0.28049699411928514 0.7651969878860636 0.2952397333202287 0.7750190985485103 0.31407767785476765 0.7815671723234748 0.327182334922273 0.7913892829859216 0.31407767785476765 0.8121248499399759 0.30752534932101494 0.833951762523191 0.30424918505413856 0.8448652188147987 0.2878683637197569 0.8372257994106734 0.27885891198584695 0.8295863800065482 0.2608400085180271 0.820855614973262 0.2526495978508362 0.816490232456619 0.24609726931708353 0.8055767761650114 0.24527822825036447 0.776110444177671 0.24691631038380263 0.7619229509985812
0 0.31325863678804855 0.8306777256357089 0.3222680885219585 0.8143075411982974 0.3312775402558685 0.8012113936483685 0.3484774026569692 0.80339408490669 0.36158205972447455 0.8110335043108152 0.37468671679197996 0.8153988868274583 0.38287712745917074 0.8197642693441012 0.38287712745917074 0.8383171450398341 0.37960096319229447 0.8557786751064062 0.3673153471915081 0.8645094401396921 0.3542106901240028 0.8797882789479428 0.3411060330564975 0.8874276983520681 0.3304584991891494 0.8776055876896213 0.31981096532180125 0.8754228964312998 0.3124395957213295 0.869966168285496 0.3099824725211722 0.8568700207355668
0 0.3484774026569692 0.8961584633853542 0.3542106901240028 0.8917930808687111 0.3648582239913509 0.8819709702062644 0.3714105525251036 0.8743315508021391 0.37550575785869905 0.869966168285496 0.37878192212557543 0.8808796245771036 0.3853342506593281 0.9005238459019971 0.39188657919308073 0.9201680672268907 0.3951627434599571 0.936538251664302 0.3853342506593281 0.9572738186183564 0.37960096319229447 0.9627305467641601 0.36977247039166544 0.9583651642475172 0.36158205972447455 0.9485430535850704 0.35666781332416003 0.9310815235184984 0.3542106901240028 0.9179853759685692
0 0.4770668501318656 0.7815671723234748 0.4828001375988992 0.7695623704027065 0.4819810965321802 0.7608316053694205 0.49017150719937097 0.7466441121903307 0.5040952053335954 0.7400960384153661 0.5229331498681343 0.7259085452362762 0.5393139712025161 0.7149950889446688 0.5515995872033024 0.7117210520571865 0.5704375317378413 0.7160864345738296 0.5810850656051895 0.7215431627196334 0.5900945173390995 0.7259085452362762 0.5982849280062902 0.7411873840445269 0.6031991744066048 0.7521008403361344 0.6056562976067621 0.7739277529193496 0.6105705440070764 0.7957546655025647 0.6187609546742674 0.8077594674233328 0.6187609546742674 0.8197642693441012 0.6187609546742674 0.8437738731856378 0.6179419136075484 0.8579613663647276 0.61630383147411 0.8732402051729783 0.5884564352056612 0.8710575139146567 0.5663423264042459 0.878696933318782 0.5491424640031451 0.8885190439812288 0.5401330122692352 0.910345956564444 0.5352187658689206 0.9354469060351412 0.5245712320015726 0.9387209429226236 0.5106475338673481 0.9376295972934628 0.500819041066719 0.9332642147768198 0.4959047946664045 0.9267161410018553 0.5016380821334382 0.9168940303394085 0.50900945173391 0.910345956564444 0.5171998624011007 0.901615191531158 0.5221141088014153 0.8874276983520681 0.5286664373351679 0.8612354032522099 0.5360378069356397 0.8328604168940303 0.538494930135797 0.8110335043108152 0.5360378069356397 0.8012113936483685 0.5311235605353253 0.7979373567608862 0.5114665749340672 0.7946633198734039 0.500819041066719 0.7935719742442432 0.49017150719937097 0.7935719742442432 0.4836191786656183 0.7935719742442432 0.47952397333202285 0.7935719742442432
0 0.6310465706750537 0.8317690712648695 0.6466083509427163 0.820855614973262 0.6613510901436598 0.816490232456619 0.681827116811637 0.8186729237149405 0.7006650613461759 0.8197642693441012 0.720322046947434 0.8143075411982974 0.7293314986813438 0.8077594674233328 0.7399790325486919 0.7968460111317254 0.7506265664160401 0.7957546655025647 0.7530836896161974 0.8219469606024227 0.7481694432158829 0.8404998362981556 0.7342457450816584 0.8546873294772455 0.7219601290808721 0.865600785768853 0.7055793077464904 0.8808796245771036 0.6949317738791423 0.8874276983520681 0.6752747882778842 0.8907017352395503 0.6588939669435026 0.883062315835425 0.6416941045424017 0.8907017352395503 0.6351417760086491 0.8841536614645858 0.6269513653414581 0.8776055876896213 0.6285894474748964 0.8590527119938886 0.6302275296083345 0.8459565644439594
0 0.5745327370714368 0.9932882243806613 0.5827231477386275 0.9834661137182146 0.5982849280062902 0.9736440030557678 0.6130276672072338 0.963821892393321 0.6310465706750537 0.9409036341809451 0.6408750634756827 0.9223507584852122 0.6498845152095927 0.9059805740478009 0.6564368437433453 0.901615191531158 0.662989172277098 0.9037978827894795 0.6695415008108506 0.9147113390810869 0.672817665077727 0.9223507584852122 0.6621701312103789 0.9507257448433918 0.6564368437433453 0.968187274909964 0.6457893098759971 0.9725526574266069 0.6351417760086491 0.9801920768307322 0.6220371189411438 0.9889228418640184 0.61630383147411 0.994379570009822 0.5974658869395711 0.9965622612681436
0 0.7514456074827592 0.9223507584852122 0.7727406752174554 0.9081632653061223 0.788302455485118 0.901615191531158 0.8005880714859044 0.8939757721270325 0.817787933887005 0.8961584633853542 0.826797385620915 0.8994325002728364 0.8317116320212297 0.9070719196769617 0.8259783445541959 0.927807486631016 0.8235212213540387 0.9332642147768198 0.8153308106868478 0.9474517079559096 0.8046832768194997 0.9583651642475172 0.7899405376185562 0.9550911273600349 0.7727406752174554 0.9529084361017135 0.7596360181499501 0.9485430535850704 0.7539027306829165 0.936538251664302
0 0.8955968352253183 0.5829422678162175 0.903787245892509 0.589490341591182 0.9144347797598571 0.589490341591182 0.9283584778940817 0.598221106624468 0.9332727242943961 0.598221106624468 0.9422821760283061 0.589490341591182 0.9455583402951824 0.5742115027829314 0.9562058741625304 0.5687547746371276 0.9799580650973839 0.5687547746371276 0.9947008042983276 0.5556586270871986 0.9980506822612085 0.5348284768452836 0.9979769685652039 0.5218269125832151 0.989786557898013 0.5305576776165012 0.9758628597637886 0.5327403688748227 0.9635772437630024 0.536014405762305 0.9545677920290924 0.5316490232456619 0.9422821760283061 0.5305576776165012 0.9340917653611152 0.5371057513914658 0.922625190427048 0.5523845901997163 0.9218061493603289 0.5632980464913239 0.9103395744262618 0.5698461202662883 0.9013301226923518 0.5709374658954491 0.8972349173587565 0.5709374658954491
0 0.7776549216177698 0.7804758266943141 0.7842072501515227 0.7728364072901889 0.7940357429521516 0.7695623704027065 0.8014071125526234 0.7782931354359925 0.8038642357527807 0.7946633198734039 0.798130948285747 0.80339408490669 0.7899405376185562 0.8012113936483685 0.7833882090848034 0.7946633198734039
0 0.798130948285747 0.7553748772236166 0.798130948285747 0.7630142966277419 0.8087784821530951 0.7804758266943141 0.8120546464199715 0.7946633198734039 0.8087784821530951 0.8077594674233328 0.8022261536193425 0.816490232456619 0.7989499893524661 0.8383171450398341 0.797311907219028 0.8634180945105314 0.797311907219028 0.8754228964312998 0.798130948285747 0.883062315835425 0.818606974953724 0.8863363527229072 0.837444919488263 0.8896103896103896 0.8489114944223303 0.8874276983520681 0.8521876586892068 0.8732402051729783 0.8530066997559258 0.8535959838480847 0.8587399872229593 0.8514132925897632 0.8661113568234312 0.8383171450398341 0.8661113568234312 0.8219469606024227 0.8726636853571837 0.8066681217941721 0.8841302602912511 0.8012113936483685 0.8865873834914083 0.8001200480192076 0.8611971104231165 0.7913892829859216 0.8431782069552968 0.7870239004692786 0.8308925909545105 0.7826585179526355 0.818606974953724 0.7750190985485103 0.8128736874866906 0.7695623704027065
0 0.3853342506593281 0.9900141874931792 0.3959817845266762 0.9791007312015715 0.3877913738594853 0.9670959292808032 0.3927056202597998 0.9539997817308742 0.4008960309269907 0.9398122885517843 0.40253411306042886 0.9332642147768198 0.41645781119465336 0.927807486631016 0.43529575572919227 0.9256247953726945 0.4508575359968549 0.9212594128560515 0.45986698773076484 0.9223507584852122 0.4672383573312366 0.927807486631016 0.4688764394646747 0.9507257448433918 0.47460972693170833 0.968187274909964 0.4860763018657755 0.9812834224598931 0.48771438399921374 0.9932882243806613 0.4856558607848598 0.9974025974025974 0.45167657706357395 0.9965622612681436 0.4312005503955968 0.9954709156389829 0.41645781119465336 0.9954709156389829 0.40051108162563276 0.9974025974025974
0 0.8046832768194997 0.9921968787515005 0.8046832768194997 0.9736440030557678 0.8095975232198143 0.9660045836516424 0.8194260160204434 0.9572738186183564 0.8284354677543532 0.9452690166975881 0.8390830016217012 0.9507257448433918 0.8423591658885777 0.9692786205391247 0.8439972480220159 0.994379570009822 0.8417285042672038 0.9974025974025974 0.8153308106868478 0.9965622612681436
1 0.003661113568234274 0.003437738731856357 0.014308647435582387 0.003437738731856357 0.03396563303684045 0.005620429990177867 0.051165495437941244 0.006711775619338623 0.06099398823857026 0.011077158135981643 0.06918439890576109 0.038360798865000524 0.07901289170639013 0.05691367456073336 0.07409864530607561 0.0776492415147877 0.060174947171851165 0.08638000654807375 0.04543220797090763 0.09511077158135979 0.03232755090340228 0.09074538906471677 0.023318099169492335 0.08419731528975224 0.013489606368863318 0.0678271308523409 0.005299195701672466 0.047091563898286566 0.003661113568234274 0.0339954163483575
1 0.002023031434796109 0.0634617483356979 0.014308647435582387 0.08201462403143073 0.023318099169492335 0.10056749972716357 0.01594672956902058 0.10929826476044963 0.006118236768391535 0.10820691913128885 0.002023031434796109 0.10056749972716357 0.002023031434796109 0.085288660918913 0.0009746588693957114 0.07481174287897002
1 0.05280357757137941 0.09947615409800283 0.06263207037200842 0.0929280803230383 0.06918439890576109 0.09074538906471677 0.07901289170639013 0.08201462403143073 0.08884138450701917 0.08747135217723451 0.09539371304077184 0.10056749972716357 0.09293658984061458 0.11257230164793187 0.08310809703998559 0.11802902979373565 0.07246056317263747 0.12239441231037868 0.061813029305289334 0.12239441231037868 0.05689878290497484 0.11366364727709265
1 0.003661113568234274 0.11584633853541415 0.028232345569806857 0.12021172105205717 0.04788933117106489 0.12566844919786094 0.060174947171851165 0.13439921423114698 0.06345111143872752 0.14531267052275454 0.07082248103919928 0.16604823747680889 0.0650891935721657 0.18460111317254174 0.0593559061051321 0.19878860635163156 0.04870837223778399 0.20424533449743534 0.04051796157059313 0.20533668012659606 0.027413304503087762 0.20097129760995305 0.018403852769177814 0.19660591509331002 0.0012039903680770407 0.18460111317254174 0.0009746588693957114 0.17604496343992207 0.002023031434796109 0.13767325111862924
1 0.05526070077153667 0.2118847539015606 0.05607974183825574 0.22061551893484665 0.06754631677232295 0.21625013641820362 0.08556522024014285 0.21297609953072136 0.10194604157452455 0.20861071701407835 0.11914590397562531 0.20533668012659606 0.12160302717578259 0.19878860635163156 0.11259357544187266 0.18460111317254174 0.10440316477468181 0.1725963112517734 0.0937556309073337 0.16386554621848737 0.08802234344030005 0.16277420058932662 0.07901289170639013 0.1605915093310051 0.07491768637279474 0.18569245880170246 0.07000343997248021 0.19333187820582778 0.061813029305289334 0.20424533449743534
1 0.029051386636525924 0.29155298483029574 0.011032483168706057 0.3177452799301539 0.017584811702458743 0.3319327731092437 0.025775222369649596 0.34502892065917273 0.03887987943715497 0.3526683400632981 0.04870837223778399 0.34502892065917273 0.054441659704817576 0.3242933537051184 0.05526070077153667 0.30683182363854633 0.043794125837469465 0.3024664411219033 0.03642275623699771 0.29810105860526026
1 0.006937277835110631 0.3461202662883336 0.03068946876996409 0.35812506820910184 0.04051796157059313 0.3624904507257449 0.04543220797090763 0.38431736330895994 0.049527413304503054 0.401778893375532 0.05198453650466031 0.4126923496671396 0.051165495437941244 0.42360580595874714 0.03478467410355952 0.44979810105860535 0.020860975969335074 0.46071155735021285 0.0077563189018297 0.46616828549601663 0.0009746588693957114 0.46165011459129107 0.0012039903680770407 0.42033176907126485 0.0012039903680770407 0.3952308196005675 0.002023031434796109 0.36794717887154865
1 0.1101364522417154 0.32865873622176145 0.12569823250937798 0.3210193168176361 0.14371713597719787 0.3122885517843501 0.15682179304470326 0.3046491323802248 0.16665028584533229 0.30355778675106404 0.18548823037987125 0.32320200807595767 0.1994119285140957 0.33848084688420826 0.20268809278097202 0.348302957546655 0.18794535358002845 0.3657644876132271 0.1813930250462758 0.37776928953399547 0.17729781971268035 0.3919567827130852 0.16828836797877042 0.40287023900469277 0.15518371091126507 0.40287023900469277 0.13143151997641161 0.4050529302630143 0.12160302717578259 0.4050529302630143 0.10440316477468181 0.401778893375532 0.09866987730764816 0.3985048564880498 0.10604124690811995 0.3690385245007094 0.10767932904155814 0.3493943031758158
1 0.06672727570560386 0.46944232238349887 0.077374809572952 0.4563461748335698 0.09457467197405277 0.4410673360253192 0.09785083624092909 0.4170577321837826 0.10522220584140088 0.4116010040379789 0.12897439677625436 0.41596638655462187 0.1519075466443887 0.4148750409254611 0.16665028584533229 0.4126923496671396 0.17893590184611854 0.4225144603295864 0.18958343571346664 0.44870675542944455 0.19122151784690486 0.4705336680126596 0.18466918931315213 0.48472116119174946 0.1813930250462758 0.49017788933755324 0.16583124477861316 0.491269234966714 0.1519075466443887 0.5021826912583215 0.13880288957688336 0.5185528756957329 0.12487919144265891 0.5294663319873405 0.1084983701082772 0.540379788278948 0.10030795944108635 0.553475935828877 0.09703179517421003 0.5720288115246098 0.08720330237358098 0.5698461202662883 0.08065097383982832 0.5545672814580378 0.07000343997248021 0.5261922950998582 0.06345111143872752 0.5 0.06345111143872752 0.486903852450071
1 0.0028420725015152054 0.5665720833788062 0.022499058102773237 0.5785768852995744 0.0413370026373122 0.5927643784786643 0.058536865038413 0.598221106624468 0.06836535783904202 0.5971297609953072 0.07655576850623287 0.5927643784786643 0.08556522024014285 0.5840336134453782 0.0962127541074909 0.5840336134453782 0.0904794666404573 0.6036778347702718 0.08228905597326645 0.6222307104660046 0.077374809572952 0.634235512386773 0.07164152210591834 0.642966277420059 0.058536865038413 0.6440576230492197 0.04543220797090763 0.6407835861617375 0.03068946876996409 0.6265960929826476 0.016765770635739648 0.6113172541743971 0.005299195701672466 0.5971297609953072 0.002023031434796109 0.585124959074539
2 0.025775222369649596 0.8415911819273163 0.04051796157059313 0.8328604168940303 0.04707029010434582 0.8426825275564771 0.04625124903762672 0.8535959838480847 0.03478467410355952 0.8546873294772455 0.029870427703245023 0.8514132925897632
1 0.002023031434796109 0.726999890865437 0.020860975969335074 0.7139037433155079 0.031508509836683185 0.6975335588780966 0.037241797303716774 0.6986249045072573 0.03314659197012135 0.7215431627196334 0.029870427703245023 0.7400960384153661 0.026594263436368663 0.7597402597402597 0.014308647435582387 0.7619229509985812 0.006118236768391535 0.7564662228527774 0.0009746588693957114 0.7437380146863941
1 0.20596425704784835 0.2631779984721161 0.21251658558160108 0.26208665284295535 0.2288974069159828 0.27954818290952743 0.2428211050502072 0.281730874167849 0.24937343358395989 0.294827021717778 0.24118302291676902 0.3144712430426716 0.2248022015823873 0.31556258867183234 0.21824987304863466 0.3122885517843501 0.21497370878175828 0.2937356760886172 0.21169754451488196 0.2806395285386882
1 0.17893590184611854 0.003437738731856357 0.18548823037987125 0.0219906144275892 0.18958343571346664 0.042726181381643545 0.20105001064753383 0.048182909527447325 0.21333562664832015 0.047091563898286566 0.21333562664832015 0.038360798865000524 0.2108785034481629 0.02526465131507146 0.20105001064753383 0.011077158135981643 0.19695480531393844 0.004529084361017112 0.18794535358002845 0.0023463931026956016 0.18558651530787756 0.0012987012987012987
1 0.2084213802480056 0.0023463931026956016 0.21661179091519647 0.01653388628178542 0.22807836584926366 0.03072137946087524 0.24036398185004995 0.024173305685910706 0.24937343358395989 0.019807923169267685 0.25756384425115075 0.00998581250682089 0.25674480318443166 0.003437738731856357 0.2362687765164545 0.0023463931026956016 0.2264402837158255 0.0023463931026956016
1 0.23299261224957818 0.05254829204409034 0.24036398185004995 0.04054349012332204 0.24445918718364534 0.03072137946087524 0.25346863891755533 0.023081960056749954 0.2665732959850607 0.019807923169267685 0.27722082985240876 0.029630033831714486 0.2780398709191279 0.042726181381643545 0.2665732959850607 0.06237040270653714 0.25756384425115075 0.07110116773982318 0.24691631038380263 0.07328385899814469 0.2379068586498927 0.06891847648150168
1 0.15518371091126507 0.09511077158135979 0.16665028584533229 0.0776492415147877 0.17893590184611854 0.06673578522318016 0.18712631251330938 0.06018771144821562 0.20105001064753383 0.05800502018989411 0.2108785034481629 0.05800502018989411 0.22807836584926366 0.06455309396485864 0.23463069438301637 0.07437520462730544 0.23544973544973544 0.08965404343555602 0.2264402837158255 0.10056749972716357 0.21497370878175828 0.11257230164793187 0.21906891411535373 0.12348575793953942 0.21906891411535373 0.1442213248935938 0.21415466771503922 0.1584088180726836 0.20514521598112928 0.17150496562261264 0.18876439464674757 0.18460111317254174 0.17156453224564674 0.1976972607224708 0.16255508051173684 0.18896649568918475 0.14945042344423146 0.17368765688093418 0.14617425917735513 0.14203863363527228 0.14126001277704062 0.12457710356870019 0.14781234131079332 0.11148095601877112
1 0.17729781971268035 0.2020626432391138 0.19204055891362393 0.19114918694750624 0.20678329811456742 0.1824184219142202 0.2198879551820728 0.17696169376841642 0.22807836584926366 0.192240532576667 0.2288974069159828 0.20861071701407835 0.2248022015823873 0.22498090145148966 0.21661179091519647 0.241351085888901 0.21169754451488196 0.2511731965513478 0.19859288744737658 0.25226454218050853 0.18794535358002845 0.23916839463057948 0.18221206611299487 0.22716359270981118 0.17893590184611854 0.21297609953072136
1 0.2829541173194424 0.13439921423114698 0.2878683637197569 0.12239441231037868 0.3001539797205432 0.10929826476044963 0.3099824725211722 0.09838480846884207 0.3214490474552394 0.08965404343555602 0.3329156223893066 0.08201462403143073 0.3484774026569692 0.09183673469387753 0.36403918292463183 0.10384153661464585 0.37550575785869905 0.11038961038961037 0.3812390453257326 0.13003383171450397 0.38287712745917074 0.15076939866855832 0.3902484970596426 0.17368765688093418 0.39352466132651887 0.192240532576667 0.37222959359182267 0.18350976754338097 0.3460202794568119 0.1725963112517734 0.327182334922273 0.17150496562261264 0.30670630825429585 0.18460111317254174 0.30670630825429585 0.19442322383498853 0.2944206922535096 0.192240532576667 0.2903254869199141 0.17150496562261264 0.28950644585319507 0.1529520899268798
1 0.2723065834520943 0.006711775619338623 0.2878683637197569 0.02635599694423222 0.32063000638852035 0.0536396376732511 0.3460202794568119 0.07655789588562696 0.36977247039166544 0.09401942595219905 0.38042000425901357 0.10056749972716357 0.38942945599292356 0.08856269780639527 0.3984389077268334 0.07110116773982318 0.3959817845266762 0.0438175270108043 0.3902484970596426 0.00998581250682089 0.37965420086163126 0.0012987012987012987 0.35666781332416003 0.0023463931026956016 0.3397628057070785 0.0012987012987012987 0.30097302078726224 0.0012987012987012987 0.28541124051959965 0.0012987012987012987
1 0.3951627434599571 0.004529084361017112 0.4000769898602715 0.02526465131507146 0.404172195193867 0.046000218269125814 0.404172195193867 0.06673578522318016 0.41154356479433885 0.07110116773982318 0.42137205759496776 0.06127905707737639 0.42546726292856324 0.0416348357524828 0.42546726292856324 0.03072137946087524 0.4172768522613724 0.0219906144275892 0.4090864415941815 0.011077158135981643
1 0.8095975232198143 0.05145694641492959 0.8218831392206006 0.06455309396485864 0.826797385620915 0.07874058714394847 0.8194260160204434 0.10275019098548507 0.8112356053532525 0.1169376841645749 0.8046832768194997 0.12348575793953942 0.797311907219028 0.12021172105205717 0.7923976608187134 0.10165884535632433 0.7948547840188708 0.085288660918913 0.8038642357527807 0.07219251336898394
1 0.845635330155454 0.0023463931026956016 0.846454371222173 0.01871657754010693 0.844816289088735 0.05145694641492959 0.8415401248218587 0.06891847648150168 0.8333497141546677 0.08201462403143073 0.8292545088210722 0.10056749972716357 0.827616426687634 0.12457710356870019 0.826797385620915 0.14312997926443302 0.8317116320212297 0.14749536178107606 0.8489114944223303 0.15731747244352284 0.8661113568234312 0.16168285496016588 0.8751208085573411 0.16168285496016588 0.8890445066915655 0.15076939866855832 0.9046062869592281 0.14640401615191528 0.9209871082936099 0.1442213248935938 0.9324536832276771 0.13876459674779 0.9422821760283061 0.11584633853541415 0.9455583402951824 0.09074538906471677 0.9373679296279914 0.0656444395940194 0.9267203957606434 0.04490887263996505 0.9144347797598571 0.00998581250682089 0.9087301587301587 0.0012987012987012987 0.8841302602912511 0.004529084361017112 0.8590785241972033 0.0012987012987012987
1 0.9512916277622161 0.09074538906471677 0.9643962848297214 0.085288660918913 0.9734057365636314 0.07983193277310922 0.9873294346978557 0.07437520462730544 0.9980506822612085 0.07348234748444829 0.9980506822612085 0.12130306668121792 0.9980506822612085 0.17150496562261264 0.9980506822612085 0.19442322383498853 0.9980506822612085 0.20970206264323912 0.9840532704309795 0.20315398886827457 0.9775009418972267 0.1976972607224708 0.9709486133634742 0.17914438502673796 0.9586629973626877 0.1529520899268798 0.9463773813619014 0.14967805303939757 0.9398250528281489 0.14203863363527228 0.9422821760283061 0.1267597948270217 0.9504725866954971 0.11038961038961037
1 0.6982079381460187 0.11584633853541415 0.6973888970792996 0.09838480846884207 0.6973888970792996 0.07874058714394847 0.7096745130800859 0.06891847648150168 0.7186839648139958 0.06127905707737639 0.7334267040149393 0.06455309396485864 0.7522646485494783 0.08201462403143073 0.7702835520172981 0.0929280803230383 0.7850262912182417 0.10056749972716357 0.7858453322849608 0.12021172105205717 0.7932167018854325 0.13767325111862924 0.7768358805510508 0.1562261268143621 0.7612741002833882 0.1682309287351304 0.749807525349321 0.17368765688093418 0.7334267040149393 0.1682309287351304 0.7309695808147821 0.15404343555604058 0.7293314986813438 0.13221652297282546 0.7219601290808721 0.1169376841645749 0.7178649237472766 0.10602422787296735 0.7080364309466476 0.10820691913128885
1 0.7317886218815012 0.1802357306558987 0.7530836896161974 0.18132707628505948 0.7604550592166691 0.17914438502673796 0.7743787573508936 0.1725963112517734 0.7850262912182417 0.16277420058932662 0.7932167018854325 0.1485867074102368 0.8014071125526234 0.1365819054894685 0.8079594410863761 0.1365819054894685 0.8169688928202861 0.14967805303939757 0.8153308106868478 0.1682309287351304 0.8087784821530951 0.18460111317254174 0.8022261536193425 0.1955145694641493 0.787483414418399 0.19987995198079228 0.7751977984176127 0.20970206264323912 0.7629121824168265 0.21952417330568588 0.7506265664160401 0.22607224708065043 0.7375219093485348 0.22716359270981118 0.7334267040149393 0.22061551893484665 0.7317886218815012 0.20315398886827457
1 0.8235212213540387 0.1584088180726836 0.836625878421544 0.1605915093310051 0.8521876586892068 0.17150496562261264 0.8677494389568693 0.1725963112517734 0.8726636853571837 0.19878860635163156 0.8808540960243746 0.23043762959729344 0.8865873834914083 0.24899050529302627 0.8849493013579702 0.2697260722470806 0.8841302602912511 0.2937356760886172 0.8849493013579702 0.3122885517843501 0.8669303978901503 0.3111972061551893 0.8513686176224877 0.3177452799301539 0.837444919488263 0.3177452799301539 0.8227021802873197 0.31883662555931463 0.8235212213540387 0.3024664411219033 0.8251593034874769 0.28391356542617047 0.8210640981538815 0.25335588780966933 0.818606974953724 0.2293462839681327 0.8153308106868478 0.20097129760995305 0.8169688928202861 0.18678380443086323 0.8218831392206006 0.1725963112517734
1 0.4033531541271479 0.08638000654807375 0.42956246826215866 0.08965404343555602 0.45249561813029304 0.10275019098548507 0.4868953429324947 0.11475499290625339 0.4950857535996855 0.12130306668121792 0.4950857535996855 0.1442213248935938 0.4959047946664045 0.16277420058932662 0.4918095893328091 0.17914438502673796 0.47460972693170833 0.19333187820582778 0.4557717823971694 0.20097129760995305 0.4451242485298213 0.21406744515988213 0.43529575572919227 0.21515879078904288 0.41891493439481053 0.20097129760995305 0.404172195193867 0.18896649568918475 0.3992579487935525 0.18132707628505948 0.3927056202597998 0.1485867074102368 0.3861532917260471 0.12130306668121792 0.3861532917260471 0.10929826476044963 0.39188657919308073 0.09620211721052055
1 0.4361147967959113 0.0339954163483575 0.4541337002637312 0.03617810760667902 0.47133356266483206 0.03181272509003599 0.4828001375988992 0.02635599694423222 0.5 0.03290407071919675 0.5245712320015726 0.03617810760667902 0.5327616426687634 0.042726181381643545 0.5106475338673481 0.06673578522318016 0.500819041066719 0.08747135217723451 0.4893524661326519 0.09947615409800283 0.4639621930643602 0.09838480846884207 0.44840041279669757 0.08747135217723451 0.42956246826215866 0.07983193277310922 0.423010139728406 0.0776492415147877 0.43283863252903504 0.05800502018989411
1 0.500819041066719 0.10056749972716357 0.5114665749340672 0.08419731528975224 0.5221141088014153 0.0656444395940194 0.5311235605353253 0.05473098330241185 0.5434091765361115 0.0438175270108043 0.5524186282700215 0.042726181381643545 0.5704375317378413 0.07000982211066242 0.5843612298720658 0.07983193277310922 0.5966468458728521 0.08638000654807375 0.5909135584058185 0.10165884535632433 0.5720756138712795 0.11257230164793187 0.5655232853375268 0.1169376841645749 0.548323422936426 0.12785114045618245 0.5376758890690779 0.13876459674779 0.5327616426687634 0.14749536178107606 0.5245712320015726 0.16168285496016588 0.5171998624011007 0.17914438502673796 0.5040952053335954 0.19005784131834552 0.49099054826609 0.192240532576667 0.5049142464003146 0.17477900251009493 0.5114665749340672 0.15076939866855832 0.5073713696004717 0.13112517734366472 0.5024571232001572 0.1169376841645749
1 0.5753517781381559 0.006711775619338623 0.5876373941389421 0.023081960056749954 0.5999230101397284 0.0416348357524828 0.6105705440070764 0.05582232893157261 0.6048372565400428 0.08092327840226997 0.6031991744066048 0.09511077158135979 0.6138467082739528 0.10275019098548507 0.6236752010745819 0.10820691913128885 0.6302275296083345 0.0929280803230383 0.6318656117417727 0.07655789588562696 0.6441512277425591 0.06237040270653714 0.6515225973430308 0.04927425515660808 0.6507035562763117 0.03072137946087524 0.6400560224089636 0.00998581250682089 0.6270168886267958 0.0012987012987012987 0.6064753386734811 0.0012987012987012987 0.5900945173390995 0.003437738731856357
1 0.5712565728045604 0.13003383171450397 0.5794469834717513 0.12021172105205717 0.5884564352056612 0.11148095601877112 0.5982849280062902 0.1071155735021281 0.6130276672072338 0.11366364727709265 0.6212180778744246 0.12348575793953942 0.6294084885416155 0.14531267052275454 0.6416941045424017 0.15513478118520135 0.6556178026766263 0.1682309287351304 0.6547987616099071 0.18896649568918475 0.6457893098759971 0.1976972607224708 0.6318656117417727 0.20861071701407835 0.6269513653414581 0.21297609953072136 0.6097515029403574 0.20424533449743534 0.5950087637394139 0.19114918694750624 0.5859993120055039 0.17696169376841642 0.5819041066719085 0.15950016370184436 0.576989860271594 0.14640401615191528
1 0.6285894474748964 0.22825493833897195 0.63432273494193 0.2173414820473644 0.6474273920094353 0.20861071701407835 0.6564368437433453 0.20533668012659606 0.6687224597441316 0.2184328276765251 0.6785509525447606 0.22279821019316817 0.6957508149458613 0.22825493833897195 0.721141088014153 0.236985703372258 0.7358838272150966 0.236985703372258 0.7473504021491638 0.2380770490014187 0.7571788949497928 0.25008185092218704 0.7539027306829165 0.2664520353595984 0.7440742378822874 0.28609625668449196 0.7367028682818156 0.2970097129760995 0.7186839648139958 0.3002837498635818 0.6973888970792996 0.299192404234421 0.6752747882778842 0.294827021717778 0.6425131456091208 0.2850049110553312 0.6359608170753681 0.27954818290952743 0.633503693875211 0.26426934410127684 0.6294084885416155 0.25226454218050853
1 0.25592576211771256 0.2664520353595984 0.2673923370517798 0.236985703372258 0.27722082985240876 0.2217068645640074 0.2927826101200714 0.21515879078904288 0.30670630825429585 0.22279821019316817 0.31981096532180125 0.22607224708065043 0.336191786656183 0.23480301211393648 0.35175356692384563 0.24680781403470478 0.36567726505806997 0.25990396158463386 0.3648582239913509 0.27954818290952743 0.3542106901240028 0.3024664411219033 0.3443821973233738 0.3144712430426716 0.32800137598899204 0.32320200807595767 0.31080151358789126 0.339572192513369 0.2976968565203859 0.3526683400632981 0.2919635690533523 0.3646731419840664 0.2878683637197569 0.38322601767979925 0.28131603518600423 0.38977409145476377 0.269849460251937 0.39304812834224606 0.25674480318443166 0.3821346720506385 0.25346863891755533 0.3624904507257449 0.25592576211771256 0.33411546436756523 0.25920192638458894 0.3166539343009931 0.25920192638458894 0.3024664411219033 0.25510672105099347 0.28282221979700967
1 0.21333562664832015 0.32756739059260065 0.2264402837158255 0.3210193168176361 0.23708781758317363 0.32211066244679687 0.24691631038380263 0.32211066244679687 0.24609726931708353 0.348302957546655 0.24609726931708353 0.3603077594674234 0.23381165331629725 0.3657644876132271 0.21906891411535373 0.3635817963549057 0.2108785034481629 0.3592164138382626 0.21333562664832015 0.34502892065917273
1 0.1797549429128376 0.40723562152133586 0.18794535358002845 0.38431736330895994 0.19449768211378118 0.3690385245007094 0.20760233918128654 0.3646731419840664 0.22234507838223005 0.37776928953399547 0.2428211050502072 0.3788606351631562 0.25346863891755533 0.3908654370839245 0.2608400085180271 0.4126923496671396 0.25920192638458894 0.4279711884753902 0.25756384425115075 0.44325002728364077 0.25674480318443166 0.46616828549601663 0.25510672105099347 0.49017788933755324 0.2542876799842744 0.5141874931790898 0.25592576211771256 0.536014405762305 0.25592576211771256 0.5458365164247517 0.23872589971661176 0.5338317145039835 0.2288974069159828 0.5185528756957329 0.2248022015823873 0.5 0.21906891411535373 0.48472116119174946 0.2092404213147247 0.4716250136418204 0.20105001064753383 0.45416348357524833 0.19531672318050025 0.437793299137837 0.18958343571346664 0.4279711884753902
1 0.269849460251937 0.40723562152133586 0.2829541173194424 0.3985048564880498 0.298515897587105 0.40068754774637133 0.31735384212164397 0.4083269671504966 0.32554425278883486 0.41924042344210416 0.327182334922273 0.43670195350867624 0.3320965813225875 0.4552548292044091 0.33701082772290203 0.4738077049001419 0.34192507412321654 0.4792644330459457 0.35257260799056467 0.48472116119174946 0.3599439775910364 0.4770817417876242 0.3730486346585417 0.4716250136418204 0.38042000425901357 0.4574375204627306 0.3902484970596426 0.4519807923169268 0.3984389077268334 0.44979810105860535 0.40499123626058603 0.4552548292044091 0.40581027732730524 0.47489905052930265 0.40581027732730524 0.49017788933755324 0.40662931839402433 0.5152788388082506 0.40662931839402433 0.5327403688748227 0.4033531541271479 0.553475935828877 0.39680082559339525 0.5698461202662883 0.38942945599292356 0.5796682309287352 0.3779628810588562 0.5829422678162175 0.3632201418579128 0.5818509221870567 0.3484774026569692 0.5774855396704136 0.3378298687896211 0.5709374658954491 0.3304584991891494 0.5622067008621631 0.32800137598899204 0.5436538251664302 0.3222680885219585 0.5054567281458038 0.2944206922535096 0.46944232238349887 0.27885891198584695 0.46071155735021285 0.2657542549183416 0.4563461748335698 0.26411617278490346 0.4356106078795155 0.2665732959850607 0.42033176907126485
1 0.2952397333202287 0.38431736330895994 0.30752534932101494 0.3603077594674234 0.32063000638852035 0.34502892065917273 0.3353727455894639 0.3319327731092437 0.36158205972447455 0.31883662555931463 0.37550575785869905 0.30355778675106404 0.38861041492620435 0.3090145148968678 0.39434370239323796 0.32975008185092214 0.38942945599292356 0.3559423769507803 0.38042000425901357 0.36685583324238785 0.3632201418579128 0.36794717887154865 0.35257260799056467 0.3723125613881917 0.3402869919897783 0.38431736330895994 0.32882041705571113 0.3952308196005675 0.3165348010549249 0.39741351085888904 0.3026111029207004 0.39413947397140675
1 0.0012039903680770407 0.7739277529193496 0.015127688502301484 0.7706537160318672 0.03232755090340228 0.7739277529193496 0.04461316690418856 0.776110444177671 0.0593559061051321 0.7804758266943141 0.08884138450701917 0.7892065917276001 0.10358412370796269 0.7913892829859216 0.1084983701082772 0.80339408490669 0.10440316477468181 0.8284950343773873 0.10686028797483901 0.852504638218924 0.10931741117499627 0.8765142420604605 0.11832686290890625 0.9005238459019971 0.12569823250937798 0.9125286478227654 0.1265172735760971 0.9245334497435338 0.1101364522417154 0.9343555604059806 0.09703179517421003 0.9409036341809451 0.077374809572952 0.9419949798101058 0.06672727570560386 0.9474517079559096 0.05362261863809848 0.9539997817308742 0.037241797303716774 0.963821892393321 0.024956181302930498 0.9692786205391247 0.009394401035267893 0.97691803994325 0.0028420725015152054 0.9703699661682854 0.002023031434796109 0.9332642147768198 0.0009746588693957114 0.9133580705009281 0.0028420725015152054 0.8175815780857798 0.0009746588693957117 0.8051402379133473
1 0.11586973970874899 0.8088508130524937 0.12078398610906352 0.8055767761650114 0.12733631464281617 0.8066681217941721 0.14207905384375968 0.820855614973262 0.14207905384375968 0.8415911819273163 0.1363457663767261 0.8645094401396921 0.13388864317656882 0.8896103896103896 0.12569823250937798 0.8972498090145149 0.11750782184218712 0.878696933318782 0.11341261650859173 0.8437738731856378 0.11177453437515354 0.8284950343773873 0.11177453437515354 0.8197642693441012
1 0.13225056104313068 0.7750190985485103 0.14453617704391694 0.7521008403361344 0.1560027519779842 0.7368220015278839 0.16583124477861316 0.7204518170904725 0.17811686077939948 0.7051729782822219 0.18876439464674757 0.7008075957655789 0.20023096958081477 0.7171777802029903 0.20105001064753383 0.7411873840445269 0.20023096958081477 0.767379679144385 0.19695480531393844 0.7837498635817963 0.18466918931315213 0.7946633198734039 0.17402165544580403 0.8066681217941721 0.17156453224564674 0.8197642693441012 0.1592789162448605 0.8197642693441012 0.1486313823775124 0.816490232456619 0.13880288957688336 0.8044854305358506 0.13225056104313068 0.7935719742442432
1 0.1428980949104788 0.606951871657754 0.154364669844546 0.5938557241078251 0.1650122037118941 0.5916730328495035 0.183031107179714 0.5862163047036997 0.18958343571346664 0.5905816872203428 0.19204055891362393 0.606951871657754 0.19204055891362393 0.6244134017243261 0.18712631251330938 0.6473316599367019 0.18221206611299487 0.6647931900032741 0.17811686077939948 0.6746153006657208 0.1650122037118941 0.6746153006657208 0.15354562877782693 0.6833460656990068 0.1379838485101643 0.6909854851031321 0.12733631464281617 0.6986249045072573 0.12406015037593984 0.6789806831823639 0.1265172735760971 0.6582451162283095 0.13225056104313068 0.638600894903416 0.13552672531000703 0.6200480192076832
1 0.38042000425901357 0.2631779984721161 0.4008960309269907 0.2675433809887591 0.41973397546152963 0.2664520353595984 0.423010139728406 0.27190876350540216 0.40826740052746247 0.28937029357197425 0.38942945599292356 0.29155298483029574 0.3779628810588562 0.29155298483029574 0.37550575785869905 0.2784568372803667
1 0.43283863252903504 0.2609953072137946 0.4402100021295068 0.236985703372258 0.4451242485298213 0.22388955582232895 0.45740986453060756 0.21079340827239984 0.47051452159811297 0.2020626432391138 0.48771438399921374 0.20097129760995305 0.49099054826609 0.2173414820473644 0.4950857535996855 0.23916839463057948 0.5049142464003146 0.25444723343883 0.5180189034678199 0.2697260722470806 0.5319426016020443 0.290461639201135 0.5401330122692352 0.30683182363854633 0.5409520533359543 0.32211066244679687 0.5368568480023589 0.339572192513369 0.5196569856012581 0.33520680999672603 0.4967238357331236 0.32975008185092214 0.481162055465461 0.3264760449634399 0.46641931626451755 0.3122885517843501 0.4541337002637312 0.3057404780093856 0.44430520746310226 0.29155298483029574 0.43775287892934944 0.27736549165120594
1 0.4000769898602715 0.3057404780093856 0.4099054826609006 0.29810105860526026 0.42546726292856324 0.28282221979700967 0.4369338378626304 0.29591836734693877 0.4418480842629449 0.3079231692677071 0.4344767146624732 0.32756739059260065 0.4344767146624732 0.3570337225799411 0.4410290431962258 0.38322601767979925 0.4500384949301358 0.3995962021172106 0.4451242485298213 0.4126923496671396 0.4312005503955968 0.4279711884753902 0.4262863039952823 0.4530721379460875 0.4287434271954396 0.4879951980792317 0.4221910986616869 0.48908654370839244 0.41645781119465336 0.4650769398668559 0.413181646927777 0.4476154098002838 0.4000769898602715 0.44215868165447997 0.38942945599292356 0.4410673360253192 0.3763247989254181 0.44652406417112306 0.3730486346585417 0.4126923496671396 0.3738676757252609 0.38322601767979925 0.38287712745917074 0.37776928953399547 0.3951627434599571 0.3624904507257449 0.39761986666011434 0.34066353814252975 0.4000769898602715 0.3199279711884754
1 0.4393909610627877 0.4356106078795155 0.4451242485298213 0.4257884972170687 0.4549527413304503 0.4126923496671396 0.46068602879748394 0.401778893375532 0.47379068586498924 0.40068754774637133 0.49344767146624735 0.4116010040379789 0.5171998624011007 0.42033176907126485 0.5270283552017299 0.4279711884753902 0.529485478401887 0.43997599039615853 0.5196569856012581 0.46071155735021285 0.5049142464003146 0.4781730874167849 0.48853342506593284 0.491269234966714 0.47952397333202285 0.5120048019207684 0.4590479466640457 0.495634617483357 0.44430520746310226 0.49017788933755324 0.4361147967959113 0.4836298155625887 0.43365767359575413 0.4618029029793736
1 0.5507805461365832 0.3046491323802248 0.5655232853375268 0.28937029357197425 0.5761708192048749 0.27954818290952743 0.5917325994725375 0.2730001091345629 0.6040182154733238 0.27190876350540216 0.6138467082739528 0.2675433809887591 0.6228561600078628 0.2588126159554731 0.6261323242747391 0.28282221979700967 0.6294084885416155 0.30355778675106404 0.63432273494193 0.32538469933427916 0.6392369813422445 0.34066353814252975 0.62531328320802 0.3526683400632981 0.61630383147411 0.34502892065917273 0.6072943797402002 0.32538469933427916 0.5966468458728521 0.31337989741351086 0.5868183530722231 0.30683182363854633 0.5728946549379985 0.30683182363854633 0.557332874670336 0.3144712430426716 0.5491424640031451 0.3177452799301539
1 0.5442282176028306 0.3515769944341373 0.547504381869707 0.3362981556258867 0.5524186282700215 0.32756739059260065 0.5589709568037742 0.32320200807595767 0.5737136960047177 0.31883662555931463 0.5835421888053467 0.3199279711884754 0.5900945173390995 0.3264760449634399 0.6015610922731666 0.33520680999672603 0.6097515029403574 0.3461202662883336 0.61630383147411 0.3624904507257449 0.6122086261405147 0.38322601767979925 0.6097515029403574 0.4050529302630143 0.6089324618736384 0.4225144603295864 0.6056562976067621 0.437793299137837 0.5884564352056612 0.43670195350867624 0.5704375317378413 0.4312452253628724 0.5548757514701786 0.4312452253628724 0.5434091765361115 0.4345192622503547 0.5352187658689206 0.4257884972170687 0.5303045194686062 0.41596638655462187 0.538494930135797 0.40723562152133586 0.5393139712025161 0.3821346720506385 0.5409520533359543 0.36685583324238785
1 0.18712631251330938 0.5021826912583215 0.20268809278097202 0.49345192622503553 0.21497370878175828 0.5032740368874823 0.221526037315511 0.5120048019207684 0.2248022015823873 0.5305576776165012 0.2157927498484774 0.540379788278948 0.21415466771503922 0.5578413183455201 0.21824987304863466 0.5807595765578959 0.21743083198191554 0.5905816872203428 0.20760233918128654 0.5927643784786643 0.1994119285140957 0.5960384153661464 0.19367864104706212 0.5840336134453782 0.18876439464674757 0.5774855396704136 0.18712631251330938 0.5611153552330023 0.18794535358002845 0.5414711339081087 0.19122151784690486 0.5251009494706974 0.18958343571346664 0.513096147549929
1 0.20105001064753383 0.6986249045072573 0.21415466771503922 0.7128123976863472 0.22807836584926366 0.7139037433155079 0.24855439251724082 0.718269125832151 0.24118302291676902 0.7379133471570446 0.24118302291676902 0.7651969878860636 0.2379068586498927 0.7979373567608862 0.2379068586498927 0.8197642693441012 0.23053548904942092 0.8328604168940303 0.21661179091519647 0.8481392557022809 0.20596425704784835 0.8568700207355668 0.19449768211378118 0.8601440576230492 0.18385014824643306 0.8568700207355668 0.1764787786459613 0.8426825275564771 0.17156453224564674 0.8295863800065482 0.18466918931315213 0.816490232456619 0.18794535358002845 0.8044854305358506 0.20023096958081477 0.7902979373567609 0.20514521598112928 0.776110444177671 0.20760233918128654 0.7510094947069738 0.20678329811456742 0.7335479646404015 0.2035071338476911 0.7171777802029903
1 0.25756384425115075 0.7084470151697042 0.269849460251937 0.6909854851031321 0.2829541173194424 0.677889337553203 0.2936016511867905 0.665884535632435 0.3026111029207004 0.6626104987449526 0.31407767785476765 0.6495143511950235 0.32882041705571113 0.6451489686783805 0.34192507412321654 0.6549710793408273 0.3542106901240028 0.6571537705991488 0.36076301865775545 0.6669758812615956 0.3624011007911937 0.6975335588780966 0.36567726505806997 0.718269125832151 0.3673153471915081 0.735730655898723 0.36567726505806997 0.7619229509985812 0.35584877225744094 0.771745061661028 0.34765836159025015 0.784841209210957 0.34192507412321654 0.7924806286150823 0.32554425278883486 0.7793844810651533 0.3148967189214867 0.771745061661028 0.2976968565203859 0.7651969878860636 0.28623028158631875 0.7575575684819382 0.2747637066522515 0.7488268034486522 0.2673923370517798 0.7422787296736876 0.25674480318443166 0.7335479646404015 0.2542876799842744 0.7248171996071155
1 0.14535521811063606 0.9321728691476591 0.15764083411142232 0.9223507584852122 0.17893590184611854 0.9223507584852122 0.19531672318050025 0.9256247953726945 0.20514521598112928 0.9321728691476591 0.2084213802480056 0.959456509876678 0.2084213802480056 0.97691803994325 0.2084213802480056 0.9900141874931792 0.18876439464674757 0.9932882243806613 0.16828836797877042 0.9921968787515005 0.15354562877782693 0.9911055331223398 0.1486313823775124 0.9911055331223398 0.14945042344423146 0.9725526574266069 0.15108850557766965 0.9518170904725526
1 0.21333562664832015 0.9321728691476591 0.23135453011614004 0.9234421041143731 0.24691631038380263 0.9168940303394085 0.25510672105099347 0.910345956564444 0.2665732959850607 0.9005238459019971 0.2755827477189706 0.8885190439812288 0.27967795305256604 0.8743315508021391 0.28541124051959965 0.8546873294772455 0.28541124051959965 0.8481392557022809 0.2936016511867905 0.852504638218924 0.3034301439874195 0.8612354032522099 0.30752534932101494 0.883062315835425 0.3050682261208577 0.901615191531158 0.2944206922535096 0.9256247953726945 0.28377315838616146 0.9376295972934628 0.2764017887856897 0.9474517079559096 0.269849460251937 0.9616392011349995 0.2690304191852179 0.9747353486849285 0.2632971317181843 0.9856488049765361 0.2526495978508362 0.9911055331223398 0.23708781758317363 0.9911055331223398 0.22316411944894912 0.9911055331223398 0.21497370878175828 0.9889228418640184 0.21824987304863466 0.963821892393321 0.21661179091519647 0.9496343992142311
1 0.28049699411928514 0.9889228418640184 0.2764017887856897 0.9736440030557678 0.28131603518600423 0.9605478555058388 0.2870493226530378 0.9485430535850704 0.29687781545366687 0.9387209429226236 0.3017920618539814 0.9474517079559096 0.3050682261208577 0.9703699661682854 0.30588726718757675 0.9812834224598931 0.3050682261208577 0.9921968787515005 0.2925663832784576 0.9974025974025974
1 0.31571575998820584 0.8863363527229072 0.3353727455894639 0.8950671177561934 0.3443821973233738 0.9027065371603187 0.3509345258571264 0.9343555604059806 0.35175356692384563 0.9507257448433918 0.34765836159025015 0.9616392011349995 0.3402869919897783 0.9703699661682854 0.33701082772290203 0.97691803994325 0.33455370452274474 0.994379570009822 0.3222680885219585 0.9954709156389829 0.31325863678804855 0.994379570009822 0.3165348010549249 0.9714613117974462 0.3124395957213295 0.9485430535850704 0.30752534932101494 0.936538251664302 0.3034301439874195 0.9288988322601768 0.31162055465461036 0.9092546109352833
1 0.3443821973233738 0.9932882243806613 0.3624011007911937 0.9921968787515005 0.3771438399921372 0.9921968787515005 0.37550575785869905 0.9812834224598931 0.36977247039166544 0.9714613117974462 0.3624011007911937 0.963821892393321 0.35666781332416003 0.963821892393321 0.3460202794568119 0.9823747680890538
1 0.8194260160204434 0.41596638655462187 0.8243402624207578 0.39413947397140675 0.8325306730879487 0.38322601767979925 0.8530066997559258 0.37776928953399547 0.8718446442904646 0.3723125613881917 0.8857683424246893 0.36139910509658413 0.9005110816256328 0.36794717887154865 0.9119776565596999 0.3875914001964422 0.9111586154929808 0.4225144603295864 0.9168919029600145 0.44870675542944455 0.9209871082936099 0.47489905052930265 0.9185299850934526 0.49345192622503553 0.903787245892509 0.5109134562916076 0.8890445066915655 0.513096147549929 0.8685684800235883 0.5087307650332861 0.8562828640228021 0.5 0.844816289088735 0.4781730874167849 0.835806837354825 0.45416348357524833 0.8284354677543532 0.4356106078795155
1 0.8972349173587565 0.3472116119174943 0.9201680672268908 0.35485103132161955 0.9406440938948679 0.3603077594674234 0.9578439562959686 0.36139910509658413 0.9660343669631595 0.38431736330895994 0.9701295722967549 0.40723562152133586 0.9594820384294069 0.4323365709920332 0.9447392992284633 0.44652406417112306 0.9365488885612724 0.45962021172105205 0.9332727242943961 0.4781730874167849 0.9267203957606434 0.4683509767543382 0.9218061493603289 0.44652406417112306 0.9193490261601718 0.42360580595874714 0.9185299850934526 0.401778893375532 0.9168919029600145 0.38431736330895994 0.9095205333595426 0.37012987012987014 0.9005110816256328 0.3592164138382626
1 0.9046062869592281 0.5251009494706974 0.9136157386931381 0.5076394194041254 0.922625190427048 0.4967259631125178 0.9283584778940817 0.49017788933755324 0.9357298474945533 0.5 0.9406440938948679 0.5174615300665721 0.9267203957606434 0.5283749863581797 0.9234442314937671 0.5371057513914658 0.912796697626419 0.540379788278948
1 0.8325306730879487 0.549110553312234 0.845635330155454 0.544745170795591 0.854644781889364 0.536014405762305 0.8587399872229593 0.5229182582123759 0.8611971104231165 0.5174615300665721 0.8759398496240602 0.5218269125832151 0.8890445066915655 0.5229182582123759 0.8972349173587565 0.5261922950998582 0.9046062869592281 0.5392884426497871 0.8980539584254755 0.553475935828877 0.8865873834914083 0.5687547746371276 0.8783969728242175 0.5753028484120921 0.863654233623274 0.5807595765578959 0.846454371222173 0.5818509221870567 0.8382639605549822 0.5763941940412529 0.8349877962881059 0.5643893921204846
1 0.9373679296279914 0.6124085998035579 0.9439202581617442 0.5993124522536287 0.9562058741625304 0.5829422678162175 0.9660343669631595 0.5796682309287352 0.9815961472308222 0.5774855396704136 0.990605598964732 0.5720288115246098 0.9980506822612085 0.5703754228964314 0.9980506822612085 0.6222307104660046 0.9980506822612085 0.6626104987449526 0.9980506822612085 0.7018989413947397 0.9889675168312939 0.7029902870239004 0.9709486133634742 0.6931681763614537 0.9521106688289351 0.6898941394739714 0.9406440938948679 0.6866201025864892 0.9340917653611152 0.6626104987449526 0.9340917653611152 0.638600894903416 0.9357298474945533 0.6244134017243261
1 0.8972349173587565 0.24244243151806177 0.9152538208265761 0.24899050529302627 0.9299965600275198 0.25226454218050853 0.9242632725604861 0.2730001091345629 0.9152538208265761 0.28718760231365276 0.9046062869592281 0.290461639201135 0.8947777941585993 0.2926443304594565 0.8955968352253183 0.2697260722470806 0.8955968352253183 0.2555385790679908
1 0.922625190427048 0.290461639201135 0.9406440938948679 0.2686347266179199 0.9455583402951824 0.2577212703263123 0.9545677920290924 0.25444723343883 0.9693105312300359 0.2686347266179199 0.9758628597637886 0.28282221979700967 0.9799580650973839 0.294827021717778 0.9766819008305077 0.3122885517843501 0.9775009418972267 0.3308414274800829 0.9684914901633167 0.34502892065917273 0.9586629973626877 0.3493943031758158 0.9447392992284633 0.34502892065917273 0.9349108064278343 0.3362981556258867 0.9299965600275198 0.3166539343009931 0.9275394368273626 0.3057404780093856
1 0.9684914901633167 0.3624904507257449 0.980777106164103 0.3472116119174943 0.9914246400314511 0.3428462294008513 0.9980506822612085 0.3460567698153642 0.9980506822612085 0.38431736330895994 0.9980506822612085 0.4137836952963004 0.9980506822612085 0.4225144603295864 0.9815961472308222 0.41050965840881815 0.9750438186970695 0.3908654370839245 0.9725866954969123 0.37449525264651323
1 0.33455370452274474 0.6331441667576121 0.33701082772290203 0.6145912910618793 0.34683932052353106 0.5993124522536287 0.35666781332416003 0.5938557241078251 0.37468671679197996 0.5971297609953072 0.3869723327927662 0.6004037978827895 0.3861532917260471 0.6167739823202009 0.3771438399921372 0.6331441667576121 0.3648582239913509 0.6484230055658627 0.3550297311907219 0.6473316599367019 0.34274411518993564 0.6451489686783805
1 0.39761986666011434 0.6004037978827895 0.4148197290612151 0.6058605260285933 0.423010139728406 0.6091345629160756 0.42956246826215866 0.6004037978827895 0.4312005503955968 0.5949470697369857 0.4451242485298213 0.5807595765578959 0.46232411093092207 0.5698461202662883 0.47133356266483206 0.5611153552330023 0.47379068586498924 0.5425624795372694 0.4729716447982702 0.5283749863581797 0.4647812341310793 0.5174615300665721 0.45659082346388846 0.5065480737749646 0.4475813717299785 0.495634617483357 0.43365767359575413 0.4945432718541963 0.4271053450620014 0.49890865437083926 0.41973397546152963 0.5141874931790898 0.41645781119465336 0.5327403688748227 0.413181646927777 0.549110553312234 0.4099054826609006 0.5643893921204846 0.40499123626058603 0.5742115027829314 0.3984389077268334 0.5840336134453782
1 0.4344767146624732 0.6156826366910402 0.4475813717299785 0.6004037978827895 0.4590479466640457 0.5873076503328605 0.4729716447982702 0.5763941940412529 0.4868953429324947 0.5731201571537706 0.5065523285337526 0.5873076503328605 0.5196569856012581 0.5971297609953072 0.5188379445345389 0.6091345629160756 0.5131046570675053 0.6309614754992907 0.5106475338673481 0.6418749317908983 0.5073713696004717 0.6582451162283095 0.5 0.669158572519917 0.4860763018657755 0.6789806831823639 0.47379068586498924 0.6811633744406853 0.46314315199764117 0.6844374113281676 0.4492194538634168 0.677889337553203 0.4402100021295068 0.6593364618574703 0.4361147967959113 0.6375095492742552
1 0.6916556096122659 0.388682745825603 0.6973888970792996 0.37776928953399547 0.7080364309466476 0.3646731419840664 0.7129506773469622 0.3515769944341373 0.7186839648139958 0.3493943031758158 0.7252362933477485 0.3526683400632981 0.7383409504152538 0.3559423769507803 0.7481694432158829 0.3635817963549057 0.7563598538830737 0.3755865982756739 0.7579979360165119 0.388682745825603 0.7489884842826019 0.40068754774637133 0.7424361557488492 0.4083269671504966 0.7383409504152538 0.42360580595874714 0.7350647861483774 0.4388846447669977 0.7293314986813438 0.4519807923169268 0.7227791701475912 0.4530721379460875 0.7162268416138385 0.4356106078795155 0.7104935541468049 0.4181490778129434 0.7031221845463332 0.40614427589217506 0.6982079381460187 0.3985048564880498
1 0.7235982112143102 0.3166539343009931 0.7358838272150966 0.3079231692677071 0.7432551968155683 0.3122885517843501 0.7481694432158829 0.33848084688420826 0.7539027306829165 0.3570337225799411 0.7399790325486919 0.348302957546655 0.7268743754811866 0.34502892065917273 0.7219601290808721 0.34175488377169055 0.7244172522810294 0.32865873622176145
1 0.481162055465461 0.5240096038415366 0.4893524661326519 0.5043653825166431 0.4991809589332809 0.4945432718541963 0.5065523285337526 0.48581250682091026 0.5171998624011007 0.4781730874167849 0.5245712320015726 0.47271635927098116 0.5311235605353253 0.46944232238349887 0.538494930135797 0.49236058059587473 0.5458662997362688 0.5185528756957329 0.5540567104034596 0.536014405762305 0.5630661621373696 0.5556586270871986 0.5540567104034596 0.5698461202662883 0.5352187658689206 0.5818509221870567 0.5204760266679772 0.5829422678162175 0.5081904106671908 0.5763941940412529 0.49754287679984277 0.5698461202662883 0.4860763018657755 0.5632980464913239 0.4770668501318656 0.5611153552330023 0.47870493226530375 0.540379788278948
1 0.5343997248022015 0.4574375204627306 0.5393139712025161 0.44543271854196226 0.5565138336036168 0.4443413729128015 0.5712565728045604 0.44325002728364077 0.5827231477386275 0.4443413729128015 0.5999230101397284 0.45088944668776604 0.6072943797402002 0.4639855942376951 0.615484790407391 0.47489905052930265 0.6285894474748964 0.4836298155625887 0.6326846528084918 0.5010913456291608 0.6318656117417727 0.5294663319873405 0.6269513653414581 0.5523845901997163 0.6195799957409864 0.5643893921204846 0.6130276672072338 0.5731201571537706 0.5982849280062902 0.5654807377496454 0.5802660245384704 0.5589326639746808 0.5728946549379985 0.5567499727163593 0.5638852032040886 0.5392884426497871 0.5556947925368978 0.5163701844374113 0.5458662997362688 0.491269234966714 0.5425901354693925 0.4770817417876242 0.538494930135797 0.4672596311251773
1 0.6081134208069192 0.44979810105860535 0.6171228725408292 0.4443413729128015 0.6269513653414581 0.44979810105860535 0.6326846528084918 0.4476154098002838 0.64333218667584 0.4345192622503547 0.6507035562763117 0.46616828549601663 0.6466083509427163 0.4770817417876242 0.6375988992088063 0.4792644330459457 0.62531328320802 0.4705336680126596 0.6130276672072338 0.46071155735021285
1 0.5303045194686062 0.5960384153661464 0.5442282176028306 0.5873076503328605 0.5565138336036168 0.5807595765578959 0.5663423264042459 0.5698461202662883 0.5810850656051895 0.5698461202662883 0.5958278048061331 0.5763941940412529 0.6097515029403574 0.5818509221870567 0.6171228725408292 0.5938557241078251 0.6220371189411438 0.6353268580159337 0.6269513653414581 0.6582451162283095 0.6113895850737956 0.6669758812615956 0.6089324618736384 0.6866201025864892 0.6023801333398857 0.7051729782822219 0.5941897226726948 0.7073556695405435 0.5745327370714368 0.7008075957655789 0.5589709568037742 0.6953508676197752 0.5434091765361115 0.6931681763614537 0.5253902730682917 0.6800720288115246 0.5114665749340672 0.6724326094073994 0.5229331498681343 0.6396922405325767 0.5286664373351679 0.6211393648368438 0.5311235605353253 0.6080432172869148
1 0.7121316362802431 0.5043653825166431 0.7293314986813438 0.5054567281458038 0.7399790325486919 0.5229182582123759 0.7506265664160401 0.5392884426497871 0.7489884842826019 0.5687547746371276 0.7473504021491638 0.5862163047036997 0.7416171146821302 0.6091345629160756 0.7383409504152538 0.6189566735785224 0.7219601290808721 0.6102259085452363 0.7145887594804003 0.6004037978827895 0.7006650613461759 0.5883989959620212 0.6949317738791423 0.5905816872203428 0.6851032810785133 0.5622067008621631 0.6875604042786706 0.5392884426497871 0.7006650613461759 0.5305576776165012 0.7104935541468049 0.5196442213248936
1 0.7457123200157255 0.5120048019207684 0.7768358805510508 0.513096147549929 0.7866643733516798 0.5185528756957329 0.7964928661523089 0.5305576776165012 0.8136927285534097 0.5458365164247517 0.8218831392206006 0.5643893921204846 0.836625878421544 0.5949470697369857 0.8562828640228021 0.5938557241078251 0.8800350549576555 0.5862163047036997 0.8898635477582846 0.5873076503328605 0.9013301226923518 0.6014951435119503 0.9177109440267336 0.6014951435119503 0.9275394368273626 0.6102259085452363 0.9250823136272052 0.6298701298701299 0.9275394368273626 0.6538797337116665 0.9291775189608008 0.6789806831823639 0.9250823136272052 0.6888027938448106 0.912796697626419 0.7106297064280257 0.9111586154929808 0.7335479646404015 0.9029682048257899 0.7346393102695623 0.8833112192245318 0.7324566190112408 0.8718446442904646 0.7280912364945977 0.8571019050895212 0.709538360798865 0.8382639605549822 0.696442213248936 0.8194260160204434 0.6844374113281676 0.8079594410863761 0.6811633744406853 0.7907595786852754 0.6811633744406853 0.7833882090848034 0.6866201025864892 0.7760168394843318 0.6986249045072573 0.7653693056169837 0.6975335588780966 0.7596360181499501 0.6898941394739714 0.7539027306829165 0.6669758812615956 0.7440742378822874 0.6451489686783805 0.7407980736154112 0.6331441667576121 0.7530836896161974 0.602586489141111 0.7571788949497928 0.5545672814580378 0.7547217717496355 0.5327403688748227
1 0.6916556096122659 0.602586489141111 0.7104935541468049 0.6134999454327186 0.7285124576146248 0.6265960929826476 0.7367028682818156 0.6484230055658627 0.7473504021491638 0.6822547200698461 0.7522646485494783 0.7018989413947397 0.7530836896161974 0.7237258539779549 0.7481694432158829 0.7422787296736876 0.7317886218815012 0.7455527665611699 0.720322046947434 0.7466441121903307 0.7063983488132095 0.7499181490778128 0.6916556096122659 0.7444614209320092 0.6777319114780416 0.7400960384153661 0.663808213343817 0.7346393102695623 0.6572558848100644 0.7259085452362762 0.6654462954772553 0.7084470151697042 0.6572558848100644 0.6746153006657208 0.6531606794764689 0.665884535632435 0.6711795829442889 0.6407835861617375 0.6859223221452323 0.6189566735785224
1 0.9193490261601718 0.7400960384153661 0.9471964224286205 0.7521008403361344 0.9684914901633167 0.7662883335152243 0.9676724490965977 0.7793844810651533 0.9512916277622161 0.820855614973262 0.9496535456287779 0.8470479100731202 0.9480154634953396 0.8645094401396921 0.9406440938948679 0.8852450070937465 0.9283584778940817 0.8961584633853542 0.9103395744262618 0.9037978827894795 0.8947777941585993 0.9136199934519261 0.8767588906907793 0.9245334497435338 0.8628351925565549 0.9256247953726945 0.8562828640228021 0.9310815235184984 0.844816289088735 0.9452690166975881 0.836625878421544 0.9409036341809451 0.8341687552213868 0.9256247953726945 0.8407210837551397 0.910345956564444 0.8439972480220159 0.8994325002728364 0.8530066997559258 0.8950671177561934 0.8620161514898356 0.8754228964312998 0.8677494389568693 0.8568700207355668 0.8767588906907793 0.833951762523191 0.8824921781578128 0.8175815780857798 0.8964158762920373 0.8044854305358506 0.9103395744262618 0.7957546655025647 0.9218061493603289 0.7826585179526355 0.922625190427048 0.7619229509985812
1 0.9783199829639457 0.767379679144385 0.9963388864317657 0.771745061661028 0.9980506822612085 0.7899923605805959 0.9980506822612085 0.8274036887482266 0.9979769685652039 0.8677834770271745 0.9980506822612085 0.8687656880934191 0.9980506822612085 0.9125286478227654 0.9979769685652039 0.927807486631016 0.9758628597637886 0.9092546109352833 0.9627582026962832 0.9005238459019971 0.9512916277622161 0.8885190439812288 0.9562058741625304 0.869966168285496 0.9578439562959686 0.8404998362981556 0.9578439562959686 0.8274036887482266 0.9586629973626877 0.816490232456619 0.9684914901633167 0.8001200480192076 0.9750438186970695 0.7902979373567609
1 0.8480924533556112 0.9561824729891957 0.8603780693563975 0.9398122885517843 0.873482726423903 0.9343555604059806 0.8898635477582846 0.9321728691476591 0.9005110816256328 0.9256247953726945 0.9136157386931381 0.9168940303394085 0.9291775189608008 0.9070719196769617 0.9406440938948679 0.9037978827894795 0.9545677920290924 0.9027065371603187 0.9693105312300359 0.9158026847102476 0.9848723114976985 0.9299901778893375 0.9963388864317657 0.9409036341809451 0.9971579274984848 0.9605478555058388 0.9938817632316085 0.9867401506056968 0.9874801382541321 0.9974025974025974 0.9627582026962832 0.9974025974025974 0.9332727242943961 0.9974025974025974 0.9136157386931381 0.9974025974025974 0.8857683424246893 0.9974025974025974 0.8693875210903075 0.9974025974025974 0.8530066997559258 0.9954709156389829 0.8480924533556112 0.9791007312015715
2 0.8805691203954904 0.9712812960235641 0.8835835292699101 0.9679341277279422 0.8876027411024698 0.9712812960235641 0.88559313518619 0.9779756326148079 0.8830811277908402 0.9773061989556836
1 0.609774723176785 0.7537153568081403 0.6183155483209742 0.7423349846030258 0.6338899941721429 0.7343017806935334 0.6449428267116819 0.7322934797161601 0.654488454814011 0.7343017806935334 0.6630292799582002 0.740996117284777 0.6700629006651795 0.7490293211942697 0.6695604991861096 0.7644262953541304 0.6710677036233195 0.7798232695139912 0.6705653021442495 0.79187307537823 0.6665460903116899 0.8072700495380908 0.6610196740419203 0.8092783505154639 0.6489620385442414 0.8112866514928371 0.6409236148791222 0.8153032534475834 0.6338899941721429 0.8213281563797028 0.6273587749442334 0.8226670236979516 0.6268563734651634 0.8106172178337128 0.6198227527581841 0.7972285446512251 0.6142963364884146 0.7898647744008568 0.609774723176785 0.7771455348774937 0.609774723176785 0.7650957290132548
1 0.6786037258093688 0.7563930914446378 0.6841301420791382 0.7517070558307672 0.6921685657442574 0.7543847904672646 0.7082454130744961 0.7543847904672646 0.7167862382186854 0.7563930914446378 0.7278390707582243 0.7543847904672646 0.7444183195675328 0.7490293211942697 0.7489399328791624 0.7523764894898916 0.754466349148932 0.7677734636497524 0.7559735535861417 0.7771455348774937 0.7514519402745121 0.7865176061052349 0.7414039106931131 0.7898647744008568 0.730853479632644 0.7965591109921006 0.7208054500512449 0.8045923149015932 0.7097526175117059 0.8099477841745883 0.698197383493097 0.8119560851519614 0.6856373465163481 0.8119560851519614 0.6750869154558791 0.8106172178337128 0.6725749080605293 0.8106172178337128 0.6740821124977392 0.7978979783103495 0.6781013243302989 0.78116213683224 0.6765941198930889 0.7731289329227473 0.675589316934949 0.7644262953541304
1 0.7499447358373024 0.7470210202168964 0.7564759550652117 0.7309546123979115 0.7579831595024216 0.7209131075110456 0.763007174293121 0.7115410362833042 0.7700407950001005 0.7048466996920606 0.7785816201442897 0.707524434328558 0.787624846767549 0.7329629133752845 0.7936536645163883 0.7523764894898916 0.7921464600791785 0.7617485607176329 0.7826008319768494 0.7704511982862497 0.7765720142280099 0.7758066675592449 0.7705431964791704 0.78116213683224 0.763007174293121 0.78116213683224
1 0.7559735535861417 0.7958896773329763 0.7620023713349812 0.7871870397643594 0.7715479994373103 0.7878564734234837 0.7800888245814995 0.7965591109921006 0.7906392556419686 0.8092783505154639 0.7941560659954582 0.8132949524702101 0.7926488615582484 0.828691926630071 0.7916440586001084 0.8394028651760611 0.7921464600791785 0.848105502744678 0.7926488615582484 0.8628330432454144 0.7921464600791785 0.8842549203373945 0.7901368541628987 0.8896103896103896 0.7735576053535902 0.9003213281563797 0.7459255240047427 0.9197349042709868 0.7328630855489239 0.9297764091578524 0.720303048572175 0.9304458428169768 0.7157814352605454 0.9304458428169768 0.7077430115954261 0.9304458428169768 0.7002069894093769 0.9250903735439818 0.6901589598279778 0.9224126389074843 0.6841301420791382 0.913040567679743 0.6831253391209984 0.8976435935198822 0.6831253391209984 0.8929575579060115 0.6916661642651876 0.8929575579060115 0.7037237997628665 0.890279823269514 0.7132694278651955 0.8855937876556433 0.7238198589256647 0.8735439817914045 0.7358774944233436 0.8635024769045387 0.7454231225256727 0.8554692729950462 0.7504471373163722 0.8474360690855537 0.7539639476698619 0.8353862632213147 0.7594903639396314 0.8199892890614541 0.7589879624605615 0.8086089168563395
1 0.36460280139064727 0.6559780425759808 0.3751532324511163 0.6425893693934931 0.3831916561162356 0.6325478645066274 0.38821567090693515 0.6184897576650155 0.3917324812604248 0.6097871200963985 0.4083117300697333 0.6131342883920203 0.4193645626092723 0.6131342883920203 0.4279053877534615 0.6158120230285179 0.4314221981069512 0.6332172981657518 0.43292940254416107 0.6519614406212344 0.4379534173348606 0.6707055830767171 0.44498703804184 0.6834248226000803 0.4485038483953297 0.6907885928504485 0.4485038483953297 0.7041772660329361 0.44247503064649024 0.7289463114205382 0.44197262916742025 0.7450127192395234 0.44247503064649024 0.758401392422011 0.4469966439581198 0.7784844021957424 0.4485038483953297 0.7932119426964789 0.43946062177207046 0.7985674119694738 0.4203693655674122 0.7978979783103495 0.40178051084182387 0.7985674119694738 0.3932396856976347 0.8045923149015932 0.3862060649906553 0.8112866514928371 0.37314362653483646 0.8079394831972152 0.36359799843250734 0.8025840139242201 0.35204276441389837 0.7999062792877225 0.34953075701854863 0.7952202436738519 0.3555595747673881 0.7851787387869862 0.3651052028697172 0.7711206319453743 0.3721388235766966 0.7550542241263891 0.3741484294929764 0.7249297094657918 0.3726412250557666 0.7008300977373142 0.36912441470227686 0.6881108582139511 0.3656076043487872 0.6727138840540903
1 0.3872108679487952 0.8213281563797028 0.3947468901348445 0.8066006158789665 0.4098189345069432 0.8032534475833446 0.42539338035811175 0.8032534475833446 0.4389582202930005 0.8039228812424689 0.4490062498743996 0.8052617485607176 0.4575470750185888 0.8206587227205784 0.4610638853720785 0.837394564198688 0.466087900162778 0.8581470076315437 0.46960471051626773 0.8755522827687777 0.47261911939068746 0.8889409559512653 0.47513112678603725 0.9029990627928772 0.4741263238278973 0.913040567679743 0.4655854986837081 0.9210737715892354 0.4495086513534695 0.9143794349979917 0.43644621289765073 0.9137100013388673 0.42137416852555215 0.9163877359753648 0.4098189345069432 0.9224126389074843 0.39776129900926427 0.9230820725666087 0.3952492916139145 0.904337930111126 0.39273728421856474 0.8795688847235239 0.38821567090693515 0.8648413442227875 0.38419645907437544 0.8554692729950462 0.3867084664697253 0.8420805998125586
1 0.4570446735395189 0.6941357611460705 0.4736239223488274 0.6894497255321997 0.4871887622837161 0.6861025572365779 0.4987439963023251 0.6780693533270853 0.5092944273627941 0.6773999196679609 0.5218544643395431 0.6881108582139511 0.5314000924418721 0.6968134957825679 0.533409698358152 0.7048466996920606 0.5153232451116336 0.7202436738519212 0.5092944273627941 0.7249297094657918 0.500251200739535 0.7322934797161601 0.4871887622837161 0.7416655509439015 0.477643134181387 0.7543847904672646 0.4741263238278973 0.7791538358548667 0.46307349128835834 0.78116213683224 0.4535278631860292 0.7771455348774937 0.4500110528325395 0.7563930914446378 0.44649424247904984 0.7329629133752845 0.45151825726974937 0.7102021689650556
1 0.45403026466509916 0.800575712946847 0.4545326661441691 0.7858481724461106 0.46759510459998793 0.7858481724461106 0.4736239223488274 0.7871870397643594 0.4756335282651072 0.7999062792877225 0.4736239223488274 0.8092783505154639 0.46859990755812786 0.8213281563797028 0.46257108980928835 0.8226670236979516 0.46056148389300855 0.8139643861293346
1 0.46859990755812786 0.8300307939483198 0.4741263238278973 0.8213281563797028 0.47965274009766684 0.8106172178337128 0.48367195193022644 0.8025840139242201 0.49974879926046506 0.8012451466059713 0.5123088362372139 0.8025840139242201 0.5268784791302425 0.8072700495380908 0.532907296879082 0.8112866514928371 0.5298928880046623 0.8266836256526978 0.5268784791302425 0.8407417324943098 0.5248688732139627 0.8614941759271656 0.5203472599023331 0.8768911500870263 0.5173328510279134 0.8876020886330165 0.5143184421534938 0.8949658588833848 0.5067824199674443 0.9036684964520016 0.5017584051767447 0.9076850984067478 0.4947247844697655 0.9110322667023699 0.48517915636743636 0.9090239657249967 0.4801551415767368 0.9070156647476235 0.4761359297441771 0.8876020886330165 0.4736239223488274 0.8708662471549069 0.4691023090371978 0.8527915383585487 0.46759510459998793 0.8427500334716829
1 0.47261911939068746 0.9351318784308476 0.4746287253069673 0.9230820725666087 0.478145535660457 0.9163877359753648 0.4876911637627861 0.9163877359753648 0.4912079741162758 0.9284375418396037 0.4987439963023251 0.9418262150220913 0.5047728140511646 0.9485205516133351 0.510299230320934 0.9491899852724595 0.5238640702558228 0.9498594189315839 0.5349169027953617 0.946512250635962 0.5444625308976909 0.94316508234034 0.5565201663953698 0.9491899852724595 0.5645585900604891 0.9538760208863303 0.5705874078093286 0.9612397911366984 0.5796306344325878 0.9692729950461909 0.5826450433070074 0.9739590306600616 0.5776210285163079 0.9846699692060518 0.5700850063302586 0.9920337394564199 0.5680754004139787 0.9973892087294149 0.5675830469644901 0.9974025974025974 0.5263760776511727 0.9974025974025974 0.5077872229255843 0.9953809077520418 0.49572958742790535 0.9953809077520418 0.4922127770744157 0.9913643057972955 0.4907055726372058 0.9826616682286785 0.4856815578465063 0.9739590306600616 0.477643134181387 0.9625786584549472 0.4746287253069673 0.9532065872272057 0.47261911939068746 0.9445039496585889
1 0.5394385161069913 0.9351318784308476 0.5479793412511806 0.9123711340206186 0.55501296195816 0.8963047262016335 0.5635537871023492 0.8876020886330165 0.5720946122465385 0.8815771857008972 0.5851570507023572 0.8782300174052751 0.6017362995116657 0.8788994510643996 0.6127891320512048 0.8782300174052751 0.6228371616326038 0.8842549203373945 0.6333875926930729 0.8916186905877627 0.6419284178372621 0.8969741598607578 0.6489620385442414 0.8983130271790066 0.6353971986093527 0.9123711340206186 0.6283635779023734 0.9297764091578524 0.620827555716324 0.941156781362967 0.6092723216977151 0.951867719908957 0.6017362995116657 0.9612397911366984 0.5911858684511967 0.9686035613870666 0.5841522477442174 0.9665952604096933 0.5776210285163079 0.9565537555228276 0.5630513856232793 0.9498594189315839 0.5504913486465304 0.9424956486812157
1 0.6303731838186531 0.9947114740929174 0.6414260163581922 0.9819922345695542 0.653483651855871 0.974628464319186 0.6655412873535499 0.9665952604096933 0.6690580977070396 0.9525371535680814 0.6730773095395992 0.9418262150220913 0.6811157332047185 0.9358013120899719 0.6946805731396073 0.93245414379435 0.7037237997628665 0.9358013120899719 0.7187958441349651 0.9378096130673451 0.7318582825907839 0.9378096130673451 0.7398967062559032 0.9358013120899719 0.7449207210466028 0.9364707457490963 0.7519543417535821 0.9505288525907082 0.764011977251261 0.9572231891819521 0.7710455979582405 0.9605703574775739 0.7795864231024295 0.9625786584549472 0.7896344526838286 0.9632480921140715 0.8006872852233676 0.9719507296826885 0.7991800807861579 0.9873477038425492 0.7986776793070879 0.9973892087294149 0.7499447358373024 0.9940420404337931 0.731355881111714 0.9947114740929174 0.7112598219489158 0.9953809077520418 0.686642149474488 0.9947114740929174 0.6665460903116899 0.9953809077520418 0.6494644400233114 0.9960503414111661 0.6358996000884227 0.9960503414111661
