0 0.12578781512605042 0.001953125 0.10116859243697479 0.032234768907562994 0.06916360294117646 0.10609243697478987 0.056033350840336116 0.12414653361344535 0.07162552521008403 0.13563550420168063 0.0954241071428571 0.10773371848739494 0.11101628151260501 0.0749080882352941 0.12414653361344535 0.04536502100840334 0.13071165966386555 0.014180672268907513
0 0.1290703781512605 0.06670168067226889 0.13399422268907563 0.08311449579831931 0.1528689600840336 0.07983193277310924 0.16271664915966383 0.08639705882352938 0.1717436974789916 0.11429884453781508 0.18487394957983194 0.12414653361344535 0.19554227941176466 0.12414653361344535 0.20374868697478987 0.11594012605042014 0.208672531512605 0.07654936974789911 0.208672531512605 0.051930147058823484 0.20374868697478987 0.035517331932773066 0.19472163865546216 0.02238707983193272 0.17584690126050417 0.01910451680672265 0.15533088235294118 0.015821953781512577 0.14055934873949577 0.012539390756302504 0.13399422268907563 0.03387605042016806 0.13071165966386555 0.050288865546218475
0 0.0035123424369747636 0.001953125 0.013360031512605008 0.001953125 0.009256827731092404 0.001953125 0.017463235294117613 0.001953125 0.03387605042016803 0.001953125 0.0437237394957983 0.001953125 0.038799894957983166 0.001953125 0.04618566176470587 0.001953125 0.05767463235294115 0.001953125 0.0683429621848739 0.001953125 0.07162552521008403 0.001953125 0.050288865546218475 0.001953125 0.030593487394957958 0.001953125
0 0.050288865546218475 0.001953125 0.060957195378151224 0.001953125 0.07080488445378147 0.001953125 0.07080488445378147 0.001953125 0.07654936974789917 0.001953125 0.0757287289915966 0.001953125 0.058495273109243684 0.001953125 0.050288865546218475 0.001953125
0 0.16928177521008403 0.001953125 0.18992909663865531 0.001953125 0.18323266806722688 0.001953125 0.17584690126050417 0.001953125
0 0.35228466386554624 0.001953125 0.36951811974789917 0.001953125 0.36623555672268904 0.001953125 0.3572085084033614 0.020745798319327713 0.35310530462184875 0.10445115546218486 0.345719537815126 0.109375 0.34243697478991597 0.061777836134453756 0.3481814600840336 0.001953125 0.3448988970588235 0.001953125 0.3473608193277311 0.001953125
0 0.07244616596638653 0.19800420168067223 0.08967962184873945 0.1733849789915966 0.10445115546218486 0.17830882352941174 0.12414653361344535 0.20128676470588236 0.14220063025210083 0.20292804621848737 0.16025472689075626 0.16189600840336132 0.1807707457983193 0.14055934873949577 0.1717436974789916 0.18979779411764702 0.17666754201680668 0.24888392857142855 0.18241202731092437 0.29648109243697485 0.20210740546218486 0.3046875 0.21359637605042014 0.32602415966386555 0.22098214285714285 0.3621323529411765 0.22836790966386555 0.3867515756302522 0.21031381302521007 0.3719800420168068 0.19472163865546216 0.3736213235294118 0.18651523109243695 0.39659926470588236 0.17912946428571425 0.4277836134453782 0.18405330882352938 0.4688156512605043 0.17110710470085472 0.49202056623931634 0.15399639423076925 0.5170606303418804 0.14302127100840334 0.5049238445378151 0.13891806722689076 0.47866334033613456 0.1380974264705882 0.45240283613445387 0.14958639705882348 0.4146533613445379 0.1454831932773109 0.3900341386554622 0.1372767857142857 0.3440782563025211 0.12824973739495799 0.2899159663865547 0.11758140756302521 0.25380777310924374 0.10527179621848737 0.22918855042016806 0.08885898109243695 0.21934086134453779
0 0.27514443277310924 0.33751313025210083 0.29894301470588236 0.3309480042016807 0.3120732668067227 0.3194590336134454 0.32438287815126055 0.3063287815126051 0.3334099264705882 0.303046218487395 0.3506433823529411 0.3211003151260504 0.3711594012605042 0.3457195378151261 0.3728006827731092 0.3637736344537815 0.35310530462184875 0.38018644957983194 0.33915441176470584 0.3900341386554622 0.32356223739495793 0.40644695378151263 0.3145351890756302 0.42285976890756305 0.30222557773109243 0.43763130252100846 0.28253019957983194 0.43599002100840345 0.2702205882352941 0.41957720588235303 0.2611935399159664 0.40972951680672276 0.26529674369747897 0.3752626050420168 0.26693802521008403 0.35064338235294124
0 0.2529871323529412 0.7691701680672269 0.27514443277310924 0.7560399159663864 0.2899159663865546 0.7478335084033615 0.30304621848739494 0.728138130252101 0.3128939075630252 0.7199317226890757 0.32684480042016806 0.7347032563025211 0.32848608193277307 0.7593224789915967 0.3325892857142857 0.7888655462184873 0.33669248949579833 0.8069196428571428 0.34161633403361347 0.813484768907563 0.35310530462184875 0.813484768907563 0.3760832457983193 0.8019957983193278 0.38264837184873945 0.8036370798319328 0.3875722163865546 0.8052783613445378 0.3908547794117647 0.8216911764705881 0.3883928571428571 0.8348214285714286 0.3777245273109243 0.8479516806722689 0.36541491596638653 0.8545168067226889 0.3481814600840336 0.8774947478991597 0.33751313025210083 0.8791360294117647 0.32766544117647056 0.8758534663865545 0.31781775210084034 0.8676470588235294 0.29976365546218486 0.8676470588235294 0.2948398109243697 0.8512342436974789 0.2948398109243697 0.8315388655462184 0.2784269957983193 0.8413865546218486 0.26693802521008403 0.8200498949579831 0.2546284138655462 0.8036370798319328
0 0.02895220588235292 0.3358718487394958 0.047006302521008375 0.38018644957983194 0.05439206932773108 0.40972951680672276 0.06013655462184872 0.4261423319327732 0.05357142857142855 0.45240283613445387 0.05357142857142855 0.4720982142857143 0.047006302521008375 0.47538077731092443 0.038799894957983166 0.4688156512605043 0.01664259453781511 0.4704569327731093 0.005974264705882332 0.4720982142857143 0.0026917016806722316 0.4327074579831933 0.0010504201680671954 0.3982405462184875 0.007615546218487368 0.3883928571428572 0.013360031512605008 0.38018644957983194 0.021566439075630217 0.35556722689075637
0 0.2579109768907563 0.001953125 0.26447610294117646 0.001953125 0.26693802521008403 0.001953125 0.27678571428571425 0.001953125 0.3046875 0.001953125 0.33751313025210083 0.001953125 0.35638786764705876 0.001953125 0.36459427521008403 0.001953125 0.36705619747899154 0.001953125 0.3883928571428571 0.001953125 0.39659926470588236 0.001953125 0.40234375 0.001953125 0.39331670168067223 0.001953125 0.36705619747899154 0.001953125 0.33833377100840334 0.001953125 0.3350512079831933 0.001953125 0.33833377100840334 0.001953125 0.3317686449579832 0.001953125 0.3211003151260504 0.001953125 0.3128939075630252 0.001953125 0.29467568277310935 0.001953125 0.2702205882352941 0.001953125 0.26365546218487396 0.001953125
0 0.4819459033613446 0.001953125 0.4901523109243697 0.001953125 0.49473148634453784 0.001953125 0.5336462710084033 0.001953125 0.5672925420168067 0.001953125 0.5607274159663865 0.001953125 0.536108193277311 0.001953125 0.5188747373949579 0.001953125 0.5155921743697479 0.001953125 0.5065651260504201 0.001953125 0.49507615546218486 0.001953125
0 0.4819459033613446 0.001953125 0.4991793592436975 0.001953125 0.5082064075630252 0.001953125 0.5155921743697479 0.001953125 0.5164128151260504 0.001953125 0.5049238445378151 0.001953125 0.49425551470588236 0.001953125 0.4835871848739496 0.001953125 0.47866334033613445 0.001953125 0.4737394957983193 0.001953125 0.4737394957983193 0.001953125 0.47784269957983194 0.001953125
0 0.39659926470588236 0.001953125 0.4138327205882353 0.001953125 0.4318868172268907 0.001953125 0.45076155462184875 0.001953125 0.4597886029411765 0.001953125 0.47620141806722693 0.001953125 0.49425551470588236 0.001953125 0.5123096113445378 0.001953125 0.5320049894957983 0.012539390756302504 0.5549829306722689 0.02566964285714285 0.5689338235294118 0.038799894957983194 0.5689338235294118 0.06013655462184869 0.5566242121848739 0.08311449579831931 0.5475971638655462 0.08967962184873945 0.5303637079831933 0.0749080882352941 0.5131302521008403 0.0683429621848739 0.4819459033613446 0.06670168067226889 0.46635372899159666 0.0749080882352941 0.45076155462184875 0.06998424369747897 0.4277836134453782 0.0404411764705882 0.4162946428571429 0.020745798319327713 0.4048056722689075 0.001953125
1 0.4179359243697479 0.001953125 0.4466583508403361 0.001953125 0.4565060399159664 0.001953125 0.46553308823529416 0.001953125 0.46717436974789917 0.001953125 0.46717436974789917 0.001953125 0.46553308823529416 0.001953125 0.46717436974789917 0.001953125 0.4704569327731093 0.001953125 0.4819459033613446 0.001953125 0.47866334033613445 0.001953125 0.4597886029411765 0.001953125 0.44912027310924374 0.001953125 0.4425551470588235 0.001953125 0.4318868172268907 0.001953125 0.41055015756302515 0.001953125 0.40234375 0.001953125 0.3892134978991597 0.001953125 0.3777245273109243 0.001953125 0.3760832457983193 0.001953125 0.3736213235294118 0.001953125 0.36623555672268904 0.001953125 0.36541491596638653 0.001953125 0.36705619747899154 0.001953125 0.3744419642857143 0.001953125 0.3883928571428571 0.001953125 0.4031643907563025 0.001953125 0.41137079831932777 0.001953125
1 0.0051536239495798 0.22262342436974786 0.019104516806722677 0.24724264705882354 0.029772846638655426 0.2587316176470589 0.030593487394957958 0.28335084033613445 0.024028361344537785 0.3145351890756303 0.011718749999999972 0.3621323529411765 0.0018710609243697274 0.3752626050420168 0.0018710609243697274 0.3161764705882354 0.0009765625 0.27875525210084084 0.0009765625 0.27875525210084084
1 0.0026917016806722316 0.4868697478991597 0.020745798319327713 0.4868697478991597 0.0437237394957983 0.495076155462185 0.05767463235294115 0.5164128151260504 0.06423975840336132 0.5443146008403362 0.05767463235294115 0.5919117647058824 0.04618566176470587 0.6739758403361346 0.030593487394957958 0.7068014705882354 0.018283876050420145 0.6772584033613446 0.010077468487394936 0.6444327731092437 0.0009765625 0.6411502100840337 0.0009765625 0.6370141806722692 0.0043329831932772955 0.5475971638655462 0.0035123424369747636 0.5196953781512605
1 0.0363379726890756 0.29483981092436984 0.050288865546218475 0.24888392857142855 0.05931591386554619 0.23247111344537813 0.0749080882352941 0.227547268907563 0.08557641806722688 0.2357536764705882 0.1028098739495798 0.24724264705882354 0.11101628151260501 0.263655462184874 0.12004332983193278 0.2866334033613446 0.12578781512605042 0.3293067226890757 0.12250525210084029 0.3490021008403362 0.11429884453781508 0.3703387605042018 0.10855435924369744 0.39495798319327735 0.1019892331932773 0.43434873949579833 0.08721769957983189 0.4458377100840336 0.06916360294117646 0.43434873949579833 0.05931591386554619 0.40808823529411764 0.04946822478991594 0.3637736344537815 0.041261817226890735 0.32602415966386555
1 0.12742909663865543 0.3637736344537815 0.1364561449579832 0.3867515756302522 0.1372767857142857 0.4130120798319328 0.13481486344537813 0.43599002100840345 0.12414653361344535 0.43927258403361347 0.11265756302521007 0.4277836134453782 0.11101628151260501 0.40972951680672276 0.11922268907563022 0.38182773109243706
1 0.21195509453781514 0.001953125 0.20621060924369744 0.001953125 0.208672531512605 0.001953125 0.21687893907563022 0.001953125 0.227547268907563 0.001953125 0.23985688025210083 0.001953125 0.2538077731092437 0.001953125 0.25709033613445376 0.001953125 0.25544905462184875 0.001953125 0.2521664915966386 0.001953125 0.24888392857142855 0.001953125 0.23329175420168063 0.001953125 0.22016150210084034 0.001953125
0 0.4963071165966386 0.001953125 0.511078650210084 0.001953125 0.5307740283613446 0.001953125 0.5455455619747899 0.001953125 0.5545726102941176 0.001953125 0.5570345325630252 0.001953125 0.5521106880252101 0.001953125 0.5422629989495799 0.001953125 0.5201056985294118 0.001953125 0.5045135241596639 0.001953125 0.4971277573529411 0.001953125
0 0.48317686449579833 0.38511029411764697 0.5061548056722689 0.33915441176470584 0.5176437762605042 0.30140493697478987 0.5274914653361344 0.2948398109243697 0.5381597951680672 0.31453518907563016 0.5496487657563025 0.309611344537815 0.5594964548319328 0.27022058823529405 0.5677028623949579 0.24560136554621848 0.5791918329831933 0.23247111344537813 0.5873982405462185 0.23903623949579833 0.5964252888655462 0.25380777310924363 0.5915014443277311 0.2931985294117646 0.5783711922268907 0.3227415966386554 0.5594964548319328 0.3621323529411764 0.5480074842436975 0.4064469537815125 0.5332359506302521 0.43599002100840334 0.5266708245798319 0.45240283613445376 0.5069754464285714 0.4310661764705882 0.49958967962184875 0.42121848739495793 0.48481814600840334 0.40808823529411764
0 0.5980665703781513 0.4556853991596638 0.6161206670168067 0.4294248949579832 0.6300715598739496 0.40972951680672265 0.6423811712184874 0.39331670168067223 0.646484375 0.4015231092436974 0.6530495010504201 0.4294248949579832 0.6530495010504201 0.45076155462184864 0.6440224527310925 0.46553308823529405 0.6308922006302521 0.4704569327731092 0.610376181722689 0.47866334033613445
0 0.4347590598739496 0.6083245798319328 0.44706867121848737 0.5820640756302521 0.45937828256302515 0.578781512605042 0.48645942752100835 0.5541622899159664 0.49958967962184875 0.5443146008403361 0.5143612132352942 0.542673319327731 0.5291327468487395 0.5475971638655461 0.5389804359243697 0.577140231092437 0.5430836397058824 0.6099658613445378 0.5463662027310924 0.6362263655462185 0.547186843487395 0.6674107142857142 0.5422629989495799 0.6936712184873949 0.5201056985294118 0.6920299369747899 0.4938451943277311 0.6756171218487395 0.4766117384453782 0.660845588235294 0.4626608455882353 0.6509978991596638 0.44706867121848737 0.6362263655462185
0 0.5738576680672269 0.001953125 0.5878085609243697 0.001953125 0.6091452205882353 0.001953125 0.6271993172268908 0.001953125 0.6436121323529411 0.001953125 0.6592043067226891 0.001953125 0.6805409663865547 0.001953125 0.693671218487395 0.01089810924369744 0.69202993697479 0.04536502100840334 0.6862854516806722 0.058495273109243684 0.6665900735294117 0.06670168067226889 0.6600249474789917 0.08311449579831931 0.6600249474789917 0.12250525210084034 0.6674107142857144 0.14055934873949577 0.6633075105042017 0.1635372899159664 0.6403295693277311 0.17502626050420167 0.6255580357142858 0.17666754201680673 0.6280199579831933 0.14220063025210083 0.6288405987394958 0.11101628151260501 0.6255580357142858 0.07983193277310924 0.6173516281512605 0.02895220588235292 0.6091452205882353 0.001953125 0.5951943277310925 0.001953125 0.5837053571428572 0.001953125 0.5779608718487395 0.001953125 0.5730370273109244 0.001953125
0 0.7281381302521008 0.05521271008403361 0.7412683823529411 0.01089810924369744 0.7420890231092436 0.001953125 0.7437303046218489 0.001953125 0.7478335084033614 0.001953125 0.7511160714285714 0.001953125 0.7601431197478992 0.001953125 0.7798384978991597 0.001953125 0.791327468487395 0.001953125 0.7921481092436975 0.001953125 0.7905068277310925 0.001953125 0.7954306722689075 0.001953125 0.8052783613445378 0.009256827731092432 0.7937893907563025 0.03387605042016806 0.78640362394958 0.04864758403361341 0.7806591386554622 0.06670168067226889 0.7732733718487395 0.07654936974789917 0.7617844012605042 0.07819065126050417
0 0.7347032563025211 0.2144170168067227 0.7281381302521008 0.18815651260504201 0.7314206932773109 0.17010241596638653 0.7478335084033614 0.15533088235294118 0.7560399159663866 0.13563550420168063 0.7675288865546219 0.11429884453781514 0.7872242647058825 0.09132090336134452 0.7995338760504203 0.08311449579831931 0.8167673319327731 0.08475577731092437 0.8208705357142858 0.09788602941176472 0.8159466911764706 0.11758140756302521 0.8036370798319328 0.1454831932773109 0.7937893907563025 0.16681985294117646 0.7847623424369747 0.20456932773109243 0.7757352941176472 0.23082983193277312 0.7634256827731092 0.2341123949579832 0.7445509453781514 0.2160582983193277
0 0.7921481092436975 0.2341123949579832 0.813484768907563 0.24724264705882354 0.8282563025210086 0.2603728991596638 0.8463103991596639 0.27186186974789905 0.8504136029411766 0.2784269957983193 0.8586200105042017 0.3030462184873949 0.8602612920168069 0.3211003151260504 0.8684676995798319 0.33915441176470584 0.8791360294117647 0.3506433823529411 0.8832392331932775 0.32602415966386544 0.8832392331932775 0.306328781512605 0.8774947478991597 0.2817095588235293 0.8758534663865547 0.23082983193277312 0.8643644957983194 0.2062106092436975 0.8528755252100841 0.1799501050420168 0.8471310399159664 0.1569721638655462 0.8356420693277311 0.13891806722689076 0.8257943802521008 0.12742909663865543 0.8159466911764706 0.13563550420168063 0.808560924369748 0.15533088235294118 0.7995338760504203 0.1799501050420168 0.79625131302521 0.19472163865546216 0.794610031512605 0.2160582983193277
0 0.8323595063025211 0.10773371848739494 0.8298975840336136 0.08967962184873951 0.8413865546218489 0.06998424369747897 0.8438484768907564 0.0404411764705882 0.8438484768907564 0.001953125 0.8389246323529413 0.001953125 0.8413865546218489 0.001953125 0.8463103991596639 0.001953125 0.8495929621848741 0.001953125 0.8504136029411766 0.001953125 0.8561580882352942 0.001953125 0.8643644957983194 0.001953125 0.8651851365546219 0.001953125 0.8668264180672269 0.001953125 0.8750328256302522 0.001953125 0.88734243697479 0.001953125 0.8774947478991597 0.0026917016806722316 0.8684676995798319 0.015821953781512577 0.8610819327731094 0.04372373949579833 0.8577993697478992 0.08311449579831931 0.8553374474789917 0.09296218487394958 0.8487723214285716 0.11101628151260501 0.8405659138655464 0.12250525210084034
0 0.8832392331932775 0.001953125 0.8996520483193278 0.001953125 0.907858455882353 0.001953125 0.9218093487394958 0.001953125 0.9374015231092439 0.015821953781512577 0.9472492121848741 0.0404411764705882 0.9464285714285716 0.07983193277310924 0.9365808823529413 0.058495273109243684 0.9300157563025211 0.03551733193277312 0.9234506302521008 0.014180672268907568 0.907858455882353 0.0043329831932772955 0.8955488445378152 0.001953125 0.8881630777310925 0.001953125
0 0.9661239495798319 0.001953125 0.9669445903361344 0.001953125 0.9726890756302522 0.001953125 0.9735097163865547 0.001953125 0.9694065126050422 0.0043329831932772955 0.9620207457983194 0.02895220588235292 0.9595588235294119 0.05193014705882354 0.9579175420168069 0.0749080882352941 0.9735097163865547 0.07819065126050417 0.9923844537815127 0.08475577731092437 0.9990234375 0.09554412585346622 0.9990234375 0.001953125 0.9981289390756303 0.001953125 0.9990234375 0.001953125 0.9973082983193278 0.001953125 0.9858193277310925 0.001953125
0 0.9694065126050422 0.46717436974789905 0.983357405462185 0.4409138655462185 0.9990234375 0.4313780199579833 0.9990234375 0.49507615546218486 0.9990234375 0.5279017857142857 0.983357405462185 0.49179359243697474
0 0.6509978991596639 0.3604910714285714 0.6452534138655461 0.32438287815126043 0.6477153361344539 0.30140493697478987 0.6624868697478992 0.2931985294117646 0.6780790441176472 0.2899159663865546 0.69859506302521 0.31125262605042014 0.7215730042016808 0.32438287815126043 0.7470128676470589 0.32766544117647056 0.7773765756302522 0.3916754201680672 0.7888655462184875 0.42450105042016806 0.8036370798319328 0.4327074579831932 0.8282563025210086 0.4474789915966386 0.8372833508403361 0.4606092436974789 0.8438484768907564 0.4852284663865546 0.8397452731092439 0.50328256302521 0.8192292542016808 0.49343487394957974 0.8069196428571428 0.4885110294117646 0.8011751575630253 0.49343487394957974 0.7831210609243697 0.5229779411764706 0.7732733718487395 0.5541622899159664 0.7626050420168067 0.5689338235294117 0.7560399159663866 0.5689338235294117 0.7519367121848739 0.542673319327731 0.7519367121848739 0.5311843487394957 0.7486541491596639 0.48194590336134446 0.7412683823529411 0.46225052521008403 0.7314206932773109 0.42285976890756294 0.7223936449579833 0.39659926470588225 0.7084427521008403 0.3916754201680672 0.6944918592436975 0.3916754201680672 0.6830028886554622 0.3883928571428571 0.6715139180672269 0.38182773109243695 0.6616662289915967 0.3752626050420168
0 0.8069196428571428 0.5853466386554621 0.8077402836134453 0.5558035714285714 0.8225118172268908 0.5279017857142857 0.8397452731092439 0.5361081932773109 0.8463103991596639 0.5558035714285714 0.8561580882352942 0.5853466386554621 0.8709296218487397 0.6148897058823529 0.8815979516806725 0.6444327731092436 0.8922662815126052 0.6723345588235293 0.8955488445378152 0.6936712184873949 0.8742121848739497 0.696953781512605 0.8569787289915967 0.696953781512605 0.8372833508403361 0.6805409663865546 0.8192292542016808 0.659204306722689 0.8266150210084033 0.6411502100840336 0.8290769432773111 0.6148897058823529 0.8233324579831933 0.6034007352941176 0.813484768907563 0.5968356092436974
0 0.7626050420168067 0.6477153361344538 0.7675288865546219 0.6230961134453781 0.7798384978991597 0.6230961134453781 0.7954306722689075 0.6444327731092436 0.813484768907563 0.6723345588235293 0.8208705357142858 0.6936712184873949 0.8290769432773111 0.7199317226890756 0.8356420693277311 0.7560399159663866 0.8463103991596639 0.7806591386554622 0.8381039915966388 0.7987132352941178 0.8307182247899161 0.810202205882353 0.8151260504201681 0.7823004201680672 0.8069196428571428 0.7626050420168069 0.7970719537815125 0.7281381302521008 0.7872242647058825 0.696953781512605 0.7765559348739497 0.6772584033613445 0.7708114495798319 0.6723345588235293
0 0.8274356617647061 0.9103203781512605 0.8225118172268908 0.8758534663865547 0.8290769432773111 0.8479516806722689 0.8348214285714286 0.8266150210084033 0.8405659138655464 0.811843487394958 0.8463103991596639 0.7987132352941178 0.8577993697478992 0.7855829831932775 0.8742121848739497 0.7642463235294119 0.8865217962184875 0.7609637605042017 0.890625 0.7888655462184875 0.8832392331932775 0.806919642857143 0.8717502626050422 0.8200498949579833 0.8660057773109244 0.8348214285714286 0.8619025735294119 0.8594406512605042 0.8733915441176472 0.8807773109243697 0.8783153886554622 0.8955488445378152 0.8692883403361344 0.9037552521008405 0.8569787289915967 0.9053965336134455 0.8487723214285716 0.9119616596638656 0.8356420693277311 0.9152442226890758
0 0.742004964953271 0.5219042056074765 0.7365289135514018 0.505476051401869 0.7374415887850467 0.4853971962616822 0.7401796144859812 0.47627044392523354 0.7442866530373832 0.47900846962616817 0.7465683411214953 0.5009126752336448 0.7488500292056074 0.5182535046728971 0.7497627044392523 0.5355943341121494 0.7456556658878504 0.5346816588785046
0 0.6005403037383177 0.4972619742990654 0.6060163551401869 0.49087324766355134 0.6192501460280373 0.4826591705607476 0.6306585864485981 0.47992114485981296 0.6448050525700935 0.47809579439252325 0.6521064544392523 0.4990873247663551 0.6616895443925234 0.5255549065420559 0.6689909462616822 0.558411214953271 0.6712726343457943 0.5812280957943924 0.6712726343457943 0.5940055490654205 0.6653402453271028 0.6168224299065419 0.6635148948598131 0.6414646612149532 0.6607768691588785 0.6533294392523363 0.6562134929906541 0.6505914135514018 0.6452613901869159 0.635988609813084 0.6361346378504672 0.6149970794392522 0.6297459112149533 0.6086083528037383 0.6229008469626168 0.6003942757009345 0.6169684579439252 0.5940055490654205 0.6192501460280373 0.557498539719626 0.6210754964953271 0.5392450350467288 0.6206191588785046 0.5219042056074765 0.6137740946261682 0.5091267523364486 0.6078417056074766 0.5027380257009345
0 0.2706082067757009 0.7026139018691587 0.2842983352803738 0.6852730724299064 0.28475467289719625 0.6651942172897195 0.28840537383177567 0.7172167056074765 0.28292932242990654 0.7299941588785046 0.27699693341121495 0.7345575350467288 0.2733462324766355 0.7236054322429906 0.27152088200934577 0.7117406542056074
0 0.2902307242990654 0.6533294392523363 0.30346451518691586 0.6633688668224298 0.3116785922897196 0.6661068925233644 0.31715464369158874 0.6496787383177569 0.3116785922897196 0.635988609813084 0.3071152161214953 0.6341632593457943 0.299357476635514 0.6378139602803737
0 0.29616311331775697 0.5721013434579438 0.2966194509345794 0.558411214953271 0.3007264894859813 0.5611492406542055 0.30757155373831774 0.5721013434579438 0.31715464369158874 0.583966121495327 0.3267377336448598 0.5930928738317756 0.32628139602803735 0.6013069509345793 0.31532929322429903 0.603132301401869 0.3098532418224299 0.5985689252336448 0.3020955023364486 0.5885294976635513 0.299357476635514 0.5830534462616821
0 0.3135039427570093 0.6232111565420559 0.32034900700934577 0.6149970794392522 0.3326701226635514 0.610433703271028 0.34088419976635514 0.6168224299065419 0.3550306658878504 0.6195604556074765 0.3783038843457944 0.6159097546728971 0.3851489485981308 0.6250365070093457 0.3878869742990654 0.6588054906542055 0.387430636682243 0.6788843457943924 0.3865179614485981 0.7108279789719625 0.3924503504672897 0.7546363901869158 0.39153767523364486 0.7783659462616821 0.387430636682243 0.7947941004672896 0.37647853387850466 0.7902307242990654 0.36141939252336447 0.7911433995327102 0.351379964953271 0.798444801401869 0.34270955023364486 0.8011828271028036 0.3381461740654205 0.7774532710280373 0.33540814836448596 0.7436842873831775 0.3290194217289719 0.7144786799065419 0.3116785922897196 0.6962251752336448 0.3212616822429906 0.6861857476635513 0.31989266939252337 0.6724956191588785 0.31715464369158874 0.6606308411214952 0.31989266939252337 0.6369012850467288
2 0.3646137558411215 0.7455096378504672 0.37465318341121495 0.7363828855140185 0.3814982476635514 0.746422313084112 0.3801292348130841 0.760112441588785 0.3696334696261682 0.7582870911214952
2 0.4326080607476635 0.2015551985981308 0.4243939836448598 0.18603971962616822 0.42211229556074764 0.16961156542056072 0.436258761682243 0.1604848130841121 0.44812353971962615 0.1769129672897196 0.4494925525700934 0.1842143691588785 0.4367150992990654 0.1924284462616822
2 0.6589515186915887 0.001953125 0.6644275700934579 0.001953125 0.6699036214953271 0.001953125 0.6753796728971962 0.001953125 0.6799430490654205 0.001953125 0.6799430490654205 0.001953125 0.6785740362149533 0.001953125 0.6740106600467289 0.001953125 0.6639712324766355 0.001953125 0.6621458820093458 0.001953125
2 0.898072429906542 0.001953125 0.8962470794392523 0.001953125 0.9021794684579438 0.001953125 0.9090245327102803 0.001953125 0.914044246495327 0.001953125 0.9131315712616822 0.001953125 0.9090245327102803 0.001953125
0 0.553081191588785 0.9189179322429906 0.5617516063084111 0.9371714369158877 0.5640332943925234 0.9526869158878504 0.560382593457944 0.9709404205607475 0.5571882301401869 0.9901066004672896 0.5512558411214953 0.9946699766355138 0.5471488025700935 0.9928446261682242 0.5471488025700935 0.9636390186915886 0.5476051401869159 0.9462981892523363 0.5485178154205607 0.9316953855140186
0 0.5558192172897196 0.8048335280373831 0.5622079439252337 0.8130476051401867 0.5663149824766355 0.792056074766355 0.5685966705607476 0.7683265186915886 0.5685966705607476 0.746422313084112 0.5663149824766355 0.733644859813084 0.5590135806074766 0.7144786799065419 0.5567318925233644 0.6943998247663551 0.5708783586448598 0.6706702686915886 0.5768107476635513 0.6277745327102803 0.5772670852803738 0.603132301401869 0.5749853971962616 0.5921801985981308 0.5717910338785046 0.5958308995327102 0.5676839953271028 0.6095210280373831 0.5631206191588785 0.6186477803738317 0.5581009053738317 0.6259491822429906 0.5544502044392523 0.6332505841121494 0.5535375292056074 0.6442026869158878 0.5535375292056074 0.6588054906542055 0.5521685163551402 0.6770589953271027 0.5494304906542056 0.700788551401869 0.5494304906542056 0.7427716121495326 0.553081191588785 0.7847546728971961
0 0.5581009053738317 0.9006644275700932 0.5581009053738317 0.8778475467289719 0.5640332943925234 0.857768691588785 0.5731600467289719 0.8331264602803736 0.5822867990654206 0.8057462032710279 0.589131863317757 0.7820166471962615 0.5932389018691588 0.7637631425233644 0.5950642523364486 0.7427716121495326 0.6055600175233644 0.7391209112149532 0.6133177570093458 0.7482476635514017 0.6219881717289719 0.7774532710280373 0.6270078855140186 0.8084842289719625 0.631571261682243 0.831301109813084 0.6292895735981308 0.8486419392523363 0.6233571845794392 0.857768691588785 0.6142304322429906 0.864157418224299 0.6087543808411214 0.8769348714953269 0.6105797313084111 0.8933630257009344 0.6137740946261682 0.9198306074766354 0.6133177570093458 0.9581629672897196 0.6133177570093458 0.9828051985981308 0.6110360689252337 0.9974080023364484 0.6055600175233644 1.0010587032710279 0.5932389018691588 1.0129234813084111 0.5909572137850467 1.0257009345794392 0.5859375 1.026613609813084 0.582743136682243 1.0101854556074765 0.5777234228971962 0.9855432242990654 0.5731600467289719 0.960900992990654 0.5690530081775701 0.9399094626168223 0.5612952686915887 0.9207432827102802 0.5581009053738317 0.9097911799065419
0 0.5991712908878505 1.0704220210280373 0.595520589953271 1.0430417640186915 0.5968896028037383 1.0247882593457942 0.598714953271028 1.0174868574766354 0.6096670560747663 1.0092727803738317 0.6124050817757009 1.0092727803738317 0.6201628212616822 1.038478387850467 0.6238135221962616 1.059469918224299 0.6256388726635513 1.0758980724299063 0.6197064836448598 1.0923262266355138 0.6137740946261682 1.0968896028037383 0.6060163551401869 1.091413551401869 0.6009966413551402 1.0841121495327102
0 0.6270078855140186 0.7455096378504672 0.6406980140186915 0.7409462616822429 0.6543881425233644 0.7683265186915886 0.6657965829439252 0.8057462032710279 0.6785740362149533 0.8468165887850465 0.68359375 0.8769348714953269 0.6826810747663551 0.9170925817757007 0.6858754380841121 0.9462981892523363 0.693176839953271 0.9882812499999998 0.7105176693925234 1.0193122079439252 0.7205570969626168 1.032089661214953 0.7328782126168224 1.0576445677570092 0.7342472254672897 1.0804614485981308 0.725120473130841 1.091413551401869 0.7173627336448598 1.0923262266355138 0.7064106308411214 1.0804614485981308 0.6872444509345794 1.0640332943925233 0.6708162967289719 1.0612952686915886 0.6662529205607476 1.0631206191588785 0.6557571553738317 1.0704220210280373 0.6484557535046729 1.073160046728972 0.6402416764018691 1.0658586448598129 0.6311149240654206 1.0430417640186915 0.6247261974299065 1.0247882593457942 0.6219881717289719 1.0010587032710279 0.6201628212616822 0.9764164719626167 0.6201628212616822 0.949036214953271 0.6197064836448598 0.9207432827102802 0.6229008469626168 0.9088785046728971 0.6393290011682242 0.9043151285046729 0.6516501168224299 0.8979264018691588 0.6457177278037383 0.8796728971962615 0.6370473130841121 0.8614193925233644 0.6402416764018691 0.8386025116822429 0.6406980140186915 0.8130476051401867 0.634765625 0.792056074766355 0.631571261682243 0.7738025700934579 0.6306585864485981 0.75919976635514
0 0.6886134637850467 0.9271320093457942 0.693176839953271 0.9070531542056073 0.6977402161214953 0.9006644275700932 0.7114303446261682 0.9015771028037383 0.7210134345794392 0.9061404789719625 0.7347035630841121 0.9170925817757007 0.7397232768691588 0.9316953855140186 0.7397232768691588 0.9590756425233644 0.7337908878504672 0.9718530957943925 0.7232951226635513 0.9855432242990654 0.7191880841121495 0.9983206775700932 0.7141683703271028 1.0047094042056073 0.7082359813084111 1.0010587032710279 0.6986528913551402 0.9864558995327102 0.6940895151869159 0.9727657710280373 0.6913514894859812 0.9535995911214952 0.6904388142523364 0.9389967873831775
0 0.5631206191588785 1.1580388434579438 0.556275554906542 1.1343092873831775 0.560382593457944 1.1215318341121494 0.5658586448598131 1.1224445093457942 0.5777234228971962 1.137959988317757 0.5877628504672897 1.1553008177570092 0.5932389018691588 1.1735543224299063 0.598714953271028 1.1927205023364484 0.6037346670560747 1.2064106308411213 0.6037346670560747 1.21553738317757 0.5968896028037383 1.2255768107476634 0.5946079147196262 1.2264894859813082 0.5909572137850467 1.2210134345794392 0.5886755257009345 1.2164500584112148 0.5841121495327103 1.2009345794392523 0.5813741238317757 1.195458528037383 0.5708783586448598 1.177205023364486 0.5654023072429907 1.169903621495327
0 0.5959769275700935 1.1543881425233644 0.6037346670560747 1.1251825350467288 0.6078417056074766 1.1142304322429906 0.6142304322429906 1.1087543808411213 0.6265515478971962 1.0968896028037383 0.6311149240654206 1.085024824766355 0.6343092873831775 1.1014529789719625 0.6416106892523364 1.1206191588785046 0.6516501168224299 1.11788113317757 0.6626022196261682 1.111492406542056 0.6740106600467289 1.1087543808411213 0.6822247371495327 1.111492406542056 0.6849627628504672 1.1206191588785046 0.6721853095794392 1.143436039719626 0.6667092581775701 1.1790303738317756 0.6644275700934579 1.195458528037383 0.6616895443925234 1.209148656542056 0.6543881425233644 1.2137120327102802 0.6438923773364486 1.2036726051401867 0.637959988317757 1.202759929906542 0.6333966121495327 1.2045852803738317 0.6311149240654206 1.2064106308411213 0.6215318341121495 1.2082359813084111 0.6124050817757009 1.2036726051401867 0.6055600175233644 1.1918078271028036 0.5996276285046729 1.177205023364486 0.5973459404205607 1.1680782710280373
0 0.6066080729166667 1.2356770833333333 0.61474609375 1.2194010416666665 0.6253255208333334 1.22265625 0.6310221354166667 1.2356770833333333 0.6253255208333334 1.2454427083333333 0.5951227152122641 1.247088738207547
0 0.6881725383254718 1.239718455188679 0.6803416126179246 1.2249778891509433 0.6752745430424528 1.2139224646226414 0.6743532576650944 1.1964180424528301 0.6812628979952831 1.1761497641509433 0.6923183225235849 1.164173054245283 0.7098227446933962 1.1485112028301887 0.7194962411556604 1.1383770636792452 0.7323942364386793 1.1227152122641508 0.7457528744103774 1.1217939268867925 0.75634765625 1.1171875 0.7687850088443396 1.113502358490566 0.7784585053066038 1.1144236438679245 0.7816830041273585 1.1162662146226414 0.7872107163915094 1.1199513561320753 0.7913565005896227 1.1448260613207546 0.7936597140330188 1.1697007665094339 0.8005693543632075 1.198260613207547 0.7973448555424528 1.2222140330188678 0.7918171432783019 1.2369545990566038 0.7812223614386793 1.2434035966981132 0.7743127211084906 1.2452461674528301 0.7660211527122641 1.2434035966981132 0.7655605100235849 1.2258991745283019 0.7637179392688679 1.207473466981132 0.7591115123820755 1.205630896226415 0.7443709463443396 1.2249778891509433 0.7439103036556604 1.2360333136792452 0.7337761645047169 1.2341907429245282 0.7245633107311321 1.2332694575471697 0.7162717423349056 1.2360333136792452 0.7079801739386793 1.2378758844339621 0.7029131043632075 1.2378758844339621 0.6960034640330188 1.2378758844339621
0 0.8937928734756097 0.8941977896341462 0.8795017149390243 0.8715701219512195 0.8723561356707317 0.8620426829268293 0.8711652057926829 0.8429878048780488 0.8789062499999999 0.8263147865853657 0.8967701981707317 0.8155964176829267 0.9092749618902438 0.8120236280487805 0.9057021722560975 0.8429878048780488 0.9122522865853658 0.8644245426829267
0 0.9140386814024389 0.8429878048780488 0.9146341463414633 0.8560880335365852 0.9307116996951219 0.8513243140243902 0.943216463414634 0.8608517530487805 0.9575076219512194 0.8429878048780488 0.9712033155487804 0.852515243902439 0.984303544207317 0.8620426829268293 0.9974037728658536 0.8548971036585364 0.9990234375 0.832125360308035 0.9990234375 0.7071496212121211 0.9990234375 0.6953124999999999 0.9845821496212122 0.6908735795454545 0.9816228693181817 0.6745975378787877 0.9749644886363635 0.6509232954545453 0.9660866477272727 0.6450047348484848 0.9579486268939392 0.6657196969696969 0.9490707859848484 0.6908735795454545 0.9424124053030303 0.7041903409090908 0.930575284090909 0.7485795454545453 0.9246567234848484 0.7855705492424241 0.9187381628787878 0.8092447916666665 0.9165187026515151 0.8284801136363635
0 0.9357540246212122 0.9912405303030303 0.9290956439393938 0.9749644886363635 0.9401929450757576 0.9557291666666665 0.9490707859848484 0.9364938446969695 0.9512902462121211 0.9172585227272727 0.9520300662878787 0.9098603219696968 0.954989346590909 0.8684303977272727 0.9557291666666665 0.8565932765151514 0.9727450284090908 0.8654711174242422 0.9949396306818181 0.8773082386363635 0.9990234375 0.8895596590909094 0.9990234375 0.9512902462121211 0.9990234375 0.9646070075757573 0.9853219696969697 0.9734848484848484 0.9616477272727273 0.9749644886363635 0.9564689867424241 0.9808830492424241 0.9461115056818181 0.9882812499999998
0 0.7738642331932774 0.3785451680672268 0.7714023109243697 0.35638786764705876 0.7820706407563025 0.3490021008403361 0.7898667279411765 0.3448988970588235 0.7976628151260504 0.3301273634453781 0.8005350577731093 0.3219209558823529 0.8140756302521008 0.3087907037815125 0.8280265231092437 0.3022255777310924 0.8374638918067228 0.31207326680672265 0.8510044642857143 0.3350512079831932 0.8633140756302521 0.34079569327731085 0.8723411239495799 0.35474658613445376 0.8748030462184875 0.36951811974789905 0.8624934348739496 0.38346901260504196 0.8526457457983194 0.39495798319327724 0.8419774159663866 0.40562631302521 0.8337710084033614 0.4179359243697478 0.8263852415966387 0.42532169117647056 0.8169478728991597 0.42614233193277307 0.8050485819327732 0.4179359243697478 0.7931492909663866 0.407267594537815 0.7857635241596639 0.39577862394957974 0.78125 0.3867515756302521
0 0.653640362394958 0.39824054621848737 0.6610261292016807 0.3875722163865546 0.6729254201680672 0.39495798319327724 0.6790802258403361 0.40562631302521 0.6762079831932774 0.4335280987394957 0.6745667016806723 0.45322347689075626 0.6675912552521008 0.4614298844537814 0.6618467699579832 0.4573266806722689 0.6585642069327732 0.44009322478991586 0.6544610031512605 0.42203912815126043 0.6519990808823529 0.40972951680672265
0 0.6483061974789917 0.4770220588235293 0.6528197216386555 0.4696362920168067 0.6581538865546219 0.4696362920168067 0.6729254201680672 0.4712775735294117 0.6811318277310925 0.4876903886554621 0.6897485556722689 0.5065651260504201 0.7028788077731093 0.5196953781512604 0.7032891281512605 0.5402113970588235 0.6995962447478992 0.5812434348739496 0.7065716911764707 0.6042213760504201 0.718060661764706 0.6140690651260504 0.730780593487395 0.6222754726890756 0.7262670693277311 0.6411502100840336 0.7225741859243697 0.657563025210084 0.7184709821428572 0.6739758403361344 0.7114955357142857 0.6862854516806722 0.7036994485294118 0.6944918592436974 0.6950827205882353 0.6879267331932772 0.6864659926470589 0.6706932773109243 0.6745667016806723 0.6624868697478992 0.6663602941176471 0.6559217436974789 0.6680015756302521 0.635405724789916 0.6741563813025211 0.6083245798319328 0.6766183035714286 0.5935530462184874 0.6733357405462185 0.5672925420168067 0.6684118960084033 0.5385701155462185 0.6655396533613446 0.5164128151260504 0.6561022846638656 0.49507615546218486
0 0.5403919380252101 1.2459624474789917 0.5457261029411765 1.2123161764705883 0.5547531512605042 1.197544642857143 0.5646008403361344 1.204109768907563 0.5687040441176471 1.2106748949579833 0.571576286764706 1.2164193802521008 0.5736278886554622 1.221343224789916 0.5760898109243697 1.2418592436974791 0.5555737920168068 1.2467830882352942 0.5470432313550422 1.248046875
0 0.4830163043478261 1.2458673007246375 0.4978770380434782 1.247282608695652 0.508491847826087 1.247282608695652 0.5007076539855073 1.2189764492753623 0.4964617300724638 1.2090692934782608 0.4879698822463768 1.2218070652173911 0.48175519045575893 1.248046875
0 0.001169463734567934 0.7024498456790123 0.0009765625 0.6735146604938271 0.001169463734567934 0.6578414351851851 0.009006076388888923 0.6614583333333333 0.019253954475308675 0.7012442129629629 0.024076485339506206 0.7277681327160493 0.03070746527777781 0.7530864197530864 0.03191309799382719 0.7976948302469136 0.03974971064814818 0.8206018518518519 0.04758632330246917 0.8447145061728394 0.04818913966049386 0.8579764660493827 0.04577787422839509 0.880883487654321 0.0451750578703704 0.8929398148148147 0.03673562885802472 0.8615933641975309 0.03552999614197534 0.8483314043209875 0.03010464891975312 0.8157793209876543 0.022268036265432133 0.7844328703703702 0.018048321759259293 0.7554976851851851 0.011417341820987687 0.7289737654320987 0.003580729166666699 0.7157118055555555
0 0.04739801255230125 0.726366370292887 0.05516148012552301 0.7239147489539748 0.07436584728033473 0.714925470711297 0.0874411610878661 0.7043017782426777 0.09602183577405857 0.6928608786610878 0.09602183577405857 0.6699790794979078 0.0947960251046025 0.6454628661087866 0.09969926778242677 0.6119573744769874 0.11114016736401673 0.573548640167364 0.11972084205020919 0.5465808054393304 0.1270757060669456 0.5220645920502092 0.12748430962343096 0.5016344142259413 0.12830151673640167 0.4689461297071129 0.12871012029288703 0.45587081589958145 0.1168606171548117 0.446064330543933 0.11277458158995815 0.4452471234309623 0.10337669979079497 0.4485159518828451 0.08621535041841004 0.4485159518828451 0.06782819037656904 0.44688153765690364 0.062107740585774056 0.4395266736401673 0.05843030857740585 0.4607740585774057 0.062107740585774056 0.4795698221757321 0.07109701882845187 0.4999999999999999 0.07395724372384938 0.5130753138075312 0.07354864016736401 0.531053870292887 0.07191422594142259 0.5547528765690376 0.06374215481171548 0.5809035041841003 0.06333355125523012 0.6029680962343096 0.06251634414225941 0.6258498953974895 0.061290533472803346 0.6528177301255229 0.0616991370292887 0.6814199790794978 0.057204497907949785 0.6993985355648534 0.05189265167364016 0.703484571129707 0.0469894089958159 0.717377092050209
0 0.10582832112970711 0.6797855648535563 0.11400039225941422 0.6487316945606694 0.12298967050209204 0.6372907949790794 0.134430570083682 0.6446456589958158 0.14301124476987448 0.6569037656903765 0.152817730125523 0.6732479079497907 0.16425862970711297 0.6634414225941422 0.17529092573221755 0.6479144874476986 0.18305439330543932 0.6291187238493723 0.1748823221757322 0.5972476464435146 0.16589304393305437 0.573548640167364 0.15772097280334726 0.562107740585774 0.152817730125523 0.5416775627615061 0.14668867677824268 0.5302366631799162 0.13769939853556484 0.5286022489539748 0.13116174163179917 0.5392259414225941 0.12421548117154811 0.5588389121338911 0.12176385983263598 0.5710970188284518 0.116043410041841 0.5972476464435146 0.11114016736401673 0.6144089958158995 0.10296809623430962 0.6315703451882844 0.10010787133891214 0.6569037656903765 0.10010787133891214 0.6765167364016735
0 0.14341984832635982 0.7508825836820083 0.15036610878661086 0.7590546548117154 0.15526935146443513 0.7664095188284519 0.16058119769874477 0.7696783472803348 0.16630164748953974 0.7680439330543933 0.16957047594142258 0.7418933054393304 0.17243070083682008 0.7329040271966526 0.1806027719665272 0.7214631276150627 0.18223718619246862 0.709205020920502 0.17692533995815898 0.6944952928870292 0.16916187238493724 0.6904092573221756 0.16507583682008367 0.6887748430962342 0.1556779550209205 0.6928608786610878 0.15036610878661086 0.709205020920502 0.14628007322175732 0.7280007845188283
0 0.18387160041841003 0.7435277196652719 0.19286087866108786 0.7476137552301254 0.20593619246861924 0.7566030334728033 0.2181942991631799 0.7647751046025104 0.23045240585774057 0.774581589958159 0.23412983786610878 0.7835708682008369 0.2300438023012552 0.7950117677824269 0.21574267782426776 0.8072698744769875 0.21083943514644352 0.8252484309623431 0.21002222803347279 0.8522162656903767 0.21533407426778242 0.86774320083682 0.22963519874476987 0.8661087866108788 0.2357642520920502 0.8636571652719665 0.22595776673640167 0.8775496861924685 0.21492547071129706 0.8930766213389121 0.20879641736401672 0.8947110355648535 0.19776412133891214 0.8873561715481171 0.19000065376569036 0.8726464435146444 0.18468880753138076 0.8669259937238494 0.17978556485355648 0.8554850941422594 0.17569952928870292 0.8399581589958158 0.17610813284518828 0.817076359832636 0.17855975418410042 0.7990978033472804 0.18223718619246862 0.777033211297071 0.18223718619246862 0.7549686192468619
0 0.26273208682008364 0.9184100418410042 0.27580740062761505 0.9053347280334727 0.2811192468619247 0.9037003138075315 0.28969992154811713 0.907786349372385 0.29868919979079495 0.9102379707112971 0.30318383891213385 0.9167756276150627 0.3068612709205021 0.9249476987447698 0.30890428870292885 0.9437434623430963 0.3084956851464435 0.9576359832635983 0.3003236140167364 0.978066161087866 0.29337735355648537 0.9788833682008369 0.28479667887029286 0.9682596757322175 0.2766246077405858 0.9535499476987448 0.268861140167364 0.9412918410041842 0.2643665010460251 0.9331197698744771 0.2615062761506276 0.9282165271966527
0 0.08866697175732217 1.1929916317991631 0.08703255753138076 1.173378661087866 0.09070998953974894 1.1611205543933054 0.09765625 1.1529484832635983 0.09683904288702928 1.1267978556485356 0.10133368200836819 1.1047332635983262 0.10664552824267783 1.0900235355648535 0.11522620292887029 1.0957439853556485 0.11890363493723849 1.099830020920502 0.11931223849372384 1.1325183054393306 0.11931223849372384 1.1578517259414225 0.12053804916317991 1.176647489539749 0.11767782426778242 1.196260460251046 0.10787133891213388 1.2215938807531381 0.1021508891213389 1.2436584728033473 0.0974490296249253 1.248046875 0.08662395397489539 1.2461100941422594 0.0874411610878661 1.2248627092050208 0.09152719665271966 1.2109701882845187
0 0.17937696129707112 0.8750980648535565 0.1887748430962343 0.8955282426778242 0.2006243462343096 0.9061519351464435 0.21329105648535565 0.9069691422594142 0.2218717311715481 0.8996142782426779 0.23126961297071127 0.8881733786610879 0.2365814592050209 0.8759152719665273 0.24189330543933052 0.8996142782426779 0.250473980125523 0.9265821129707112 0.25333420502092047 0.9429262552301254 0.2553772228033473 0.9649908472803348 0.2598718619246862 0.9846038179916319 0.2660009152719665 1.0107544456066946 0.2676353294979079 1.0287330020920502 0.26109767259414224 1.043442730125523 0.25006537656903766 1.0483459728033473 0.24434492677824265 1.0507975941422594 0.23412983786610878 1.0377222803347281 0.23617285564853555 1.0132060669456067 0.2365814592050209 0.992775889121339 0.23045240585774057 0.9797005753138075 0.2181942991631799 0.9764317468619246 0.21124803870292885 0.972345711297071 0.1998071391213389 0.9609048117154813 0.1740651150627615 0.9453778765690377 0.16957047594142258 0.9421090481171548 0.16997907949790794 0.9306681485355648 0.17569952928870292 0.9143240062761506 0.17651673640167362 0.8971626569037656 0.17815115062761505 0.884904550209205
0 0.2496567730125523 0.8612055439330544 0.2643665010460251 0.8505818514644352 0.2721299686192468 0.8505818514644352 0.28643109309623427 0.8579367154811715 0.29419456066945604 0.8710120292887029 0.2962375784518828 0.8800013075313808 0.2827536610878661 0.8898077928870294 0.26232348326359833 0.8979798640167365 0.2512911872384937 0.9061519351464435 0.2488395658995816 0.9061519351464435 0.24434492677824265 0.884904550209205 0.24393632322175732 0.8742808577405858 0.2459793410041841 0.8652915794979079
0 0.35608803353658536 0.5185467479674797 0.36720337906504064 0.5098132621951219 0.38427337398373984 0.511401168699187 0.3945947662601626 0.5177527947154472 0.40134336890243905 0.5233104674796748 0.40213732215447157 0.5423653455284553 0.40610708841463417 0.5574504573170732 0.40809197154471544 0.5653899898373984 0.4164284806910569 0.5701537093495935 0.4215891768292683 0.5701537093495935 0.42992568597560976 0.5685658028455285 0.4366742886178862 0.572535569105691 0.43786521849593496 0.5772992886178862 0.4362773119918699 0.587620680894309 0.42952870934959353 0.5931783536585366 0.42119220020325204 0.5884146341463414 0.4072980182926829 0.5804751016260162 0.3965796493902439 0.5741234756097561 0.38427337398373984 0.5622141768292683 0.3755398882113821 0.551098831300813 0.370776168699187 0.5455411585365854 0.3636305894308943 0.5368076727642277 0.35648501016260165 0.5304560467479675
0 0.48589939024390244 1.1727642276422765 0.49860264227642276 1.1727642276422765 0.5101149644308943 1.1854674796747968 0.5168635670731707 1.194994918699187 0.5224212398373984 1.2005525914634148 0.5343305386178862 1.2037284044715448 0.5438579776422764 1.2005525914634148 0.5410791412601627 1.2172256097560976 0.5379033282520326 1.233104674796748 0.5363154217479675 1.2434260670731707 0.5335365853658537 1.2466018800813008 0.5266728595020329 1.248046875 0.5168635670731707 1.2450139735772359 0.5132907774390244 1.2426321138211383 0.5057482215447154 1.2275470020325203 0.5021754319105691 1.213255843495935 0.4982056656504065 1.1973767784552847 0.4894721798780488 1.1926130589430894 0.48788427337398377 1.1838795731707317
0 0.0012309611344537815 0.001953125 0.004103203781512605 0.001953125 0.010955810546874986 0.029520670572916685 0.014007568359374986 0.03765869140625 0.017059326171874986 0.051900227864583315 0.015024820963541644 0.06309000651041669 0.008412679036458315 0.06817626953125 0.0043436686197916435 0.07631429036458331 0.0018005371093749861 0.07834879557291669 0.0009765625 0.0634300595238097 0.0009765625 0.024434407552083315
1 0.002309163411458315 0.001953125 0.017059326171874986 0.001953125 0.026214599609374986 0.001953125 0.036895751953124986 0.018330891927083315 0.040456136067708315 0.044779459635416685 0.037913004557291644 0.06919352213541669 0.033843994140624986 0.08648681640625 0.029266357421874986 0.09665934244791669 0.025705973307291644 0.09971110026041669 0.012481689453124986 0.10072835286458331 0.0009765625 0.09873128255208335 0.0028177897135416435 0.09157307942708331 0.016042073567708315 0.07326253255208331 0.021636962890624986 0.060038248697916685 0.019602457682291644 0.033589680989583315 0.016042073567708315 0.012227376302083315 0.009429931640624986 0.001953125
1 0.053680419921874986 0.001953125 0.06893920898437499 0.001953125 0.07809448242187499 0.001953125 0.08928426106770833 0.001953125 0.09640502929687499 0.001953125 0.09691365559895833 0.001953125 0.07555135091145833 0.001953125 0.058258056640624986 0.001953125 0.048594156901041644 0.001953125
1 0.006378173828124986 0.13633219401041669 0.028249104817708315 0.11090087890625 0.044525146484374986 0.09259033203125 0.05266316731770833 0.08953857421875 0.050120035807291644 0.10988362630208331 0.053171793619791644 0.12819417317708331 0.060801188151041644 0.14040120442708331 0.07453409830729164 0.14548746744791669 0.08368937174479164 0.16074625651041669 0.07249959309895833 0.17905680338541669 0.06843058268229164 0.19329833984375 0.06385294596354164 0.21160888671875 0.059783935546874986 0.22279866536458331 0.047068277994791644 0.23907470703125 0.032826741536458315 0.24721272786458331 0.021636962890624986 0.22991943359375 0.009938557942708315 0.21669514973958331 0.003835042317708315 0.20347086588541669 0.0058695475260416435 0.19024658203125 0.021128336588541644 0.16990152994791669 0.018076578776041644 0.14752197265625
1 0.055206298828124986 0.001953125 0.06181844075520833 0.001953125 0.07707722981770833 0.001953125 0.08826700846354164 0.001953125 0.10199991861979164 0.001953125 0.10810343424479164 0.001953125 0.11471557617187499 0.001953125 0.11522420247395833 0.001953125 0.11166381835937499 0.005106608072916685 0.09945678710937499 0.023417154947916685 0.08419799804687499 0.050882975260416685 0.07911173502604164 0.06309000651041669 0.07046508789062499 0.08140055338541669 0.061309814453124986 0.09767659505208331 0.059783935546874986 0.08750406901041669 0.05724080403645833 0.058003743489583315 0.05724080403645833 0.03765869140625 0.055206298828124986 0.015279134114583315 0.052154541015624986 0.001953125 0.050120035807291644 0.001953125 0.050628662109374986 0.001953125
1 0.09386189778645833 0.15159098307291669 0.10556030273437499 0.13022867838541669 0.11369832356770833 0.11598714192708331 0.125396728515625 0.10276285807291669 0.13200887044270831 0.09869384765625 0.140655517578125 0.09259033203125 0.14574178059895831 0.08953857421875 0.148284912109375 0.08953857421875 0.15794881184895831 0.09462483723958331 0.16100056966145831 0.10072835286458331 0.16303507486979163 0.12005615234375 0.162017822265625 0.12819417317708331 0.15794881184895831 0.14345296223958331 0.15540568033854163 0.15159098307291669 0.151336669921875 0.16583251953125 0.146759033203125 0.17905680338541669 0.14269002278645831 0.18922932942708331 0.13506062825520831 0.19736735026041669 0.12895711263020831 0.19126383463541669 0.11878458658854164 0.18007405598958331 0.10861206054687499 0.17193603515625 0.10250854492187499 0.16481526692708331
1 0.11776733398437499 0.001953125 0.13200887044270831 0.001953125 0.15184529622395831 0.001953125 0.16913859049479163 0.001953125 0.184906005859375 0.001953125 0.19660441080729163 0.001953125 0.21288045247395831 0.001953125 0.22050984700520831 0.001953125 0.22559611002604163 0.001953125 0.21898396809895831 0.001953125 0.213897705078125 0.001953125 0.210845947265625 0.001953125 0.21033732096354163 0.00408935546875 0.20677693684895831 0.01324462890625 0.19355265299479163 0.011210123697916685 0.18083699544270831 0.00408935546875 0.157440185546875 0.002054850260416685 0.145233154296875 0.001953125 0.13811238606770831 0.001953125 0.131500244140625 0.001953125 0.12437947591145833 0.001953125 0.12336222330729164 0.001953125
1 0.36445109049479163 0.026468912760416685 0.37360636393229163 0.011210123697916685 0.38428751627604163 0.001953125 0.397003173828125 0.00714111328125 0.4112447102864583 0.02545166015625 0.427520751953125 0.044779459635416685 0.44328816731770837 0.07529703776041669 0.461090087890625 0.08445231119791669 0.4707532051282052 0.10223023504273504 0.47685750325520837 0.12412516276041669 0.48041788736979163 0.14955647786458331 0.485504150390625 0.17702229817708331 0.48601277669270837 0.19635009765625 0.48906453450520837 0.22076416015625 0.500762939453125 0.28688557942708326 0.502288818359375 0.31129964192708326 0.49109903971354163 0.33571370442708326 0.480926513671875 0.35504150390625 0.47278849283854163 0.37742106119791663 0.46973673502604163 0.39573160807291663 0.46465047200520837 0.41302490234375 0.45295206705729163 0.42624918619791663 0.44176228841145837 0.43743896484375 0.43260701497395837 0.44761149088541663 0.427520751953125 0.45371500651041663 0.41480509440104163 0.44354248046875 0.40107218424479163 0.43336995442708326 0.39039103190104163 0.43133544921875 0.384796142578125 0.43235270182291663 0.37360636393229163 0.41200764973958326 0.36597696940104163 0.39369710286458326 0.3761494954427083 0.37843831380208326 0.3837788899739583 0.36623128255208326 0.3822530110677083 0.34690348307291663 0.3700459798177083 0.32859293619791663 0.3547871907552083 0.31028238932291663 0.3456319173177083 0.29095458984375 0.340545654296875 0.27467854817708326 0.334442138671875 0.24822998046875 0.3349507649739583 0.23195393880208331 0.340545654296875 0.21059163411458331 0.34003702799479163 0.17091878255208331 0.340545654296875 0.13734944661458331 0.3425801595052083 0.12615966796875 0.35224405924479163 0.12310791015625 0.358856201171875 0.11090087890625 0.3593648274739583 0.08953857421875 0.3624165852864583 0.05291748046875
1 0.21491495768229163 0.050882975260416685 0.21033732096354163 0.029520670572916685 0.21644083658854163 0.009175618489583315 0.21949259440104163 0.001953125 0.22254435221354163 0.001953125 0.233734130859375 0.001953125 0.24085489908854163 0.001953125 0.253570556640625 0.001953125 0.2632344563802083 0.001953125 0.2784932454427083 0.001953125 0.296295166015625 0.001953125 0.305450439453125 0.001953125 0.311553955078125 0.001953125 0.319183349609375 0.001953125 0.331390380859375 0.001953125 0.34156290690104163 0.001953125 0.343597412109375 0.001953125 0.3395284016927083 0.015279134114583315 0.337493896484375 0.035624186197916685 0.33088175455729163 0.041727701822916685 0.3181660970052083 0.05291748046875 0.30341593424479163 0.06512451171875 0.273406982421875 0.08038330078125 0.262725830078125 0.08648681640625 0.24797566731770831 0.09157307942708331 0.24390665690104163 0.09055582682291669 0.23017374674479163 0.08750406901041669 0.22508748372395831 0.08445231119791669 0.21796671549479163 0.06817626953125
1 0.308502197265625 0.001953125 0.32782999674479163 0.001953125 0.33851114908854163 0.001953125 0.3456319173177083 0.001953125 0.34156290690104163 0.001953125 0.342071533203125 0.001953125 0.340545654296875 0.001953125 0.329864501953125 0.001953125 0.323760986328125 0.001953125 0.319183349609375 0.001953125 0.31562296549479163 0.001953125
0 0.18592325846354163 0.15362548828125 0.191009521484375 0.17600504557291669 0.195587158203125 0.21059163411458331 0.19965616861979163 0.23500569661458331 0.20982869466145831 0.25128173828125 0.24034627278645831 0.26654052734375 0.239837646484375 0.27874755859375 0.23119099934895831 0.29400634765625 0.22050984700520831 0.31028238932291663 0.19813028971354163 0.29298909505208326 0.18744913736979163 0.28586832682291663 0.18287150065104163 0.27773030598958326 0.181854248046875 0.25331624348958326 0.17778523763020831 0.21160888671875 0.175750732421875 0.18210856119791669 0.180328369140625 0.16176350911458331
1 0.19507853190104163 0.14752197265625 0.206268310546875 0.15769449869791669 0.22050984700520831 0.17803955078125 0.23322550455729163 0.19329833984375 0.247467041015625 0.20652262369791669 0.25763956705729163 0.21669514973958331 0.2800191243489583 0.23297119140625 0.2830708821614583 0.24517822265625 0.27137247721354163 0.25840250651041663 0.26221720377604163 0.26247151692708326 0.244415283203125 0.25229899088541663 0.22101847330729163 0.24416097005208331 0.20830281575520831 0.23297119140625 0.203216552734375 0.22483317057291669 0.19609578450520831 0.16786702473958331
1 0.21796671549479163 0.08953857421875 0.238311767578125 0.10886637369791669 0.258148193359375 0.10276285807291669 0.2784932454427083 0.09767659505208331 0.299346923828125 0.08445231119791669 0.31104532877604163 0.07529703776041669 0.32172648111979163 0.06410725911458331 0.337493896484375 0.051900227864583315 0.33393351236979163 0.09767659505208331 0.3334248860677083 0.13226318359375 0.3334248860677083 0.16684977213541669 0.3334248860677083 0.19838460286458331 0.32935587565104163 0.22381591796875 0.32477823893229163 0.23297119140625 0.30799357096354163 0.23195393880208331 0.293243408203125 0.22788492838541669 0.281036376953125 0.22585042317708331 0.259674072265625 0.21059163411458331 0.23932902018229163 0.18719482421875 0.220001220703125 0.16074625651041669 0.204742431640625 0.14243570963541669 0.21338907877604163 0.11598714192708331
1 0.28052775065104163 0.31028238932291663 0.282562255859375 0.28383382161458326 0.28357950846354163 0.26857503255208326 0.28815714518229163 0.25229899088541663 0.29731241861979163 0.24619547526041669 0.30341593424479163 0.24619547526041669 0.314605712890625 0.24822998046875 0.3257954915364583 0.24924723307291669 0.33088175455729163 0.25128173828125 0.33088175455729163 0.27467854817708326 0.328338623046875 0.28586832682291663 0.319183349609375 0.29604085286458326 0.3074849446614583 0.30621337890625 0.296295166015625 0.31943766276041663 0.2861226399739583 0.32554117838541663 0.2800191243489583 0.32147216796875
1 0.22953392094017094 0.35096153846153855 0.22702991452991456 0.33259882478632485 0.22744724893162394 0.3184094551282052 0.23412459935897437 0.30755876068376076 0.24497529380341881 0.2866920405982907 0.24914863782051283 0.276676014957265 0.25248731303418803 0.2674946581196581 0.2666766826923077 0.2750066773504274 0.27502337072649574 0.272502670940171 0.2754407051282051 0.30255074786324787 0.27377136752136755 0.3217481303418803 0.2687633547008547 0.3342681623931625 0.2641726762820513 0.34678819444444453 0.2591646634615385 0.37099358974358976 0.25624332264957267 0.3926949786324787 0.25457398504273504 0.4043803418803419 0.24622729700854704 0.4110576923076924 0.2387152777777778 0.4093883547008548 0.23370726495726496 0.4018763354700855 0.23203792735042736 0.3843482905982907 0.23245526175213677 0.36682024572649574
1 0.18946981837606838 0.46614583333333337 0.20324185363247865 0.467815170940171 0.21284054487179488 0.4653111645299146 0.22577791132478633 0.4569644764957266 0.23412459935897437 0.45112179487179493 0.2374632745726496 0.4360977564102565 0.23662860576923078 0.4227430555555556 0.22911658653846156 0.4093883547008548 0.22202190170940173 0.39186030982905984 0.21158854166666669 0.38518295940170943 0.20532852564102566 0.38267895299145305 0.19906850961538464 0.38518295940170943 0.1936431623931624 0.3910256410256411 0.18905248397435898 0.40271100427350426 0.18696581196581197 0.42357772435897445 0.1865484775641026 0.44444444444444453 0.18738314636752137 0.45779914529914534
1 0.2445579594017094 0.4202390491452992 0.2537393162393163 0.41940438034188043 0.2599993322649573 0.42775106837606847 0.2679286858974359 0.43943643162393164 0.27502337072649574 0.44611378205128205 0.28128338675213677 0.45112179487179493 0.2871260683760684 0.4544604700854701 0.29338608440170943 0.4544604700854701 0.30006343482905984 0.4544604700854701 0.30423677884615385 0.4544604700854701 0.29755942841880345 0.4694845085470086 0.2917167467948718 0.48701255341880345 0.27669270833333337 0.4861778846153847 0.2641726762820513 0.4728231837606838 0.25123530982905984 0.4628071581196581 0.24414062500000003 0.44360977564102566 0.24205395299145302 0.4360977564102565
1 0.15775240384615385 0.5279113247863249 0.16943776709401712 0.5095486111111112 0.18070579594017094 0.4953592414529915 0.18780048076923078 0.4811698717948718 0.20616319444444445 0.48033520299145305 0.2153445512820513 0.47783119658119666 0.22619524572649574 0.4703191773504274 0.23829794337606838 0.46698050213675213 0.25290464743589747 0.48033520299145305 0.2633380074786325 0.4903512286324787 0.27502337072649574 0.49869791666666674 0.286708733974359 0.5053752670940171 0.2925514155982906 0.5195646367521368 0.29547275641025644 0.535423344017094 0.29547275641025644 0.5487780448717949 0.2917167467948718 0.5663060897435898 0.29463808760683763 0.5863381410256411 0.30423677884615385 0.6030315170940171 0.30757545405982906 0.6113782051282052 0.3059061164529915 0.620559561965812 0.2958900908119658 0.633079594017094 0.2875434027777778 0.6439302884615385 0.27961404914529914 0.6556156517094017 0.27711004273504275 0.671474358974359 0.27168469551282054 0.6873330662393163 0.2670940170940171 0.6956797542735044 0.2675113514957265 0.7165464743589745 0.2691806891025641 0.7349091880341881 0.2687633547008547 0.7432558760683762 0.25874732905982906 0.7532719017094018 0.24914863782051283 0.7599492521367521 0.2416366185897436 0.7641225961538463 0.23370726495726496 0.7599492521367521 0.22160456730769232 0.7541065705128205 0.20198985042735043 0.7382478632478633 0.19656450320512822 0.7315705128205129 0.1907218215811966 0.7282318376068376 0.1903044871794872 0.7115384615384616 0.18487913995726496 0.6956797542735044 0.17653245192307693 0.6856637286324787 0.1665164262820513 0.6798210470085471 0.16192574786324787 0.6781517094017094 0.1698551014957265 0.6706396901709403 0.17736712072649574 0.6614583333333334 0.18070579594017094 0.6522769764957266 0.18571380876068377 0.6347489316239316 0.1865484775641026 0.5980235042735044 0.17319377670940173 0.5621327457264957 0.16276041666666669 0.5537860576923077 0.15775240384615385 0.5446047008547009
1 0.297142094017094 0.49118589743589747 0.3038194444444445 0.4703191773504274 0.3109141292735043 0.4569644764957266 0.31717414529914534 0.44360977564102566 0.32510349893162394 0.4319244123931625 0.3367888621794872 0.4244123931623932 0.3447182158119658 0.4219083867521368 0.35640357905982906 0.41856971153846156 0.36391559829059833 0.41690037393162394 0.36934094551282054 0.41856971153846156 0.3785223023504274 0.43442841880341887 0.3893729967948718 0.44611378205128205 0.39730235042735046 0.45028712606837606 0.41149172008547014 0.4536258012820513 0.41691706730769235 0.4611378205128206 0.4173344017094017 0.4836738782051283 0.4106570512820513 0.49786324786324787 0.4056490384615385 0.5120526175213675 0.39312900641025644 0.5070446047008548 0.3818609775641026 0.5037059294871795 0.37017561431623935 0.5028712606837608 0.36391559829059833 0.5037059294871795 0.3555689102564103 0.5120526175213675 0.3513955662393163 0.527076655982906 0.35389957264957267 0.539596688034188 0.36391559829059833 0.5504473824786326 0.37601829594017094 0.5638020833333334 0.3872863247863248 0.5746527777777778 0.39104233440170943 0.5821647970085471 0.3818609775641026 0.5971888354700855 0.37560096153846156 0.6005275106837608 0.3626635950854701 0.6005275106837608 0.35181290064102566 0.6021968482905984 0.3426315438034188 0.6013621794871795 0.3367888621794872 0.5971888354700855 0.32927684294871795 0.5880074786324787 0.32176482371794873 0.577991452991453 0.3109141292735043 0.5621327457264957 0.30298477564102566 0.5454393696581197 0.30173277243589747 0.527076655982906 0.29755942841880345 0.5087139423076924
1 0.42651575854700857 0.471988514957265 0.4340277777777778 0.45946848290598297 0.44529580662393164 0.4469484508547009 0.4523904914529915 0.44194043803418803 0.46240651709401714 0.43526308760683763 0.47117053952991456 0.43526308760683763 0.4786825587606838 0.43943643162393164 0.48410790598290604 0.44861778846153855 0.49036792200854706 0.471988514957265 0.48828125000000006 0.49118589743589747 0.49036792200854706 0.5120526175213675 0.49495860042735046 0.5254073183760685 0.49495860042735046 0.5370926816239316 0.48619457799145305 0.5504473824786326 0.46699719551282054 0.557124732905983 0.4536424946581197 0.5688100961538463 0.44863448183760685 0.5713141025641026 0.4402877938034188 0.5638020833333334 0.4323584401709402 0.561298076923077 0.42275974893162394 0.5579594017094017 0.4119090544871795 0.5562900641025641 0.4085703792735043 0.5320846688034189 0.4069010416666667 0.5203993055555556 0.4152477297008547 0.5070446047008548 0.41900373931623935 0.49118589743589747 0.4219250801282052 0.4811698717948718
1 0.48410790598290604 0.42107371794871795 0.49495860042735046 0.42775106837606847 0.5041399572649573 0.43943643162393164 0.514155982905983 0.4536258012820513 0.5216680021367521 0.46447649572649574 0.5304320245726496 0.47532719017094016 0.5354400373931624 0.48283920940170943 0.5341880341880342 0.49368990384615385 0.5254240117521368 0.5128872863247864 0.5191639957264957 0.5287459935897436 0.5083133012820513 0.5304153311965812 0.5012186164529915 0.5295806623931625 0.49621060363247865 0.5128872863247864 0.49328926282051283 0.5020365918803419 0.49328926282051283 0.4861778846153847 0.49328926282051283 0.47115384615384615 0.48953325320512825 0.45779914529914534 0.4857772435897436 0.4427751068376069 0.4828559027777778 0.4319244123931625
1 0.5379440438034189 0.44444444444444453 0.5417000534188035 0.4310897435897436 0.549629407051282 0.4177350427350428 0.5571414262820513 0.40354567307692313 0.5634014423076923 0.3843482905982907 0.5696614583333334 0.36932425213675213 0.5742521367521368 0.3910256410256411 0.5805121527777778 0.4018763354700855 0.5871895032051282 0.4135616987179488 0.5959535256410257 0.4244123931623932 0.5988748664529915 0.429420405982906 0.5963708600427351 0.44861778846153855 0.5947015224358975 0.45779914529914534 0.5988748664529915 0.467815170940171 0.6009615384615385 0.47532719017094016 0.5976228632478633 0.4811698717948718 0.5913628472222222 0.4861778846153847 0.5825988247863249 0.48951655982905984 0.5730001335470086 0.49118589743589747 0.5613147702991453 0.48951655982905984 0.5521334134615385 0.4853432158119658 0.545456063034188 0.48033520299145305 0.541282719017094 0.47783119658119666 0.5366920405982907 0.467815170940171 0.5358573717948718 0.4586338141025641
1 0.530849358974359 0.5320846688034189 0.5379440438034189 0.5095486111111112 0.5429520566239316 0.5020365918803419 0.5504640758547009 0.5003672542735044 0.5592280982905983 0.5003672542735044 0.562984107905983 0.5003672542735044 0.5742521367521368 0.5003672542735044 0.583850827991453 0.5020365918803419 0.5888588408119658 0.5020365918803419 0.5972055288461539 0.5020365918803419 0.6038828792735043 0.5095486111111112 0.6113948985042735 0.5212339743589745 0.6155682425213675 0.5320846688034189 0.6126469017094017 0.5446047008547009 0.6101428952991453 0.5604634081196582 0.6080562232905983 0.5763221153846154 0.6068042200854701 0.5888421474358975 0.6005442040598291 0.6030315170940171 0.5917801816239316 0.6155515491452992 0.5867721688034189 0.6230635683760685 0.583850827991453 0.5988581730769231 0.5771734775641026 0.5838341346153847 0.5684094551282052 0.5829994658119658 0.5621494391025641 0.5921808226495727 0.558810763888889 0.6030315170940171 0.5554720886752137 0.6188902243589745 0.5512987446581197 0.6180555555555556 0.5492120726495727 0.6147168803418804 0.5458733974358975 0.5888421474358975 0.5417000534188035 0.5646367521367522 0.5396133814102565 0.5596287393162394 0.5358573717948718 0.5504473824786326
1 0.47325721153846156 0.08470219017094022 0.4824385683760684 0.07552083333333337 0.5003839476495727 0.07385149572649574 0.5145733173076923 0.07719017094017094 0.528762686965812 0.08219818376068377 0.5396133814102565 0.09638755341880345 0.5404480502136753 0.1155849358974359 0.5375267094017094 0.14312900641025644 0.5341880341880342 0.16399572649572652 0.5262586805555556 0.16149172008547014 0.5116519764957266 0.14897168803418803 0.5024706196581197 0.13645165598290598 0.48869858440170943 0.12476629273504275 0.48202123397435903 0.11141159188034189 0.4770132211538462 0.09388354700854701
1 0.5258413461538461 0.26916399572649574 0.5254240117521368 0.23995058760683763 0.5283453525641026 0.21991853632478636 0.537109375 0.20239049145299148 0.5437867254273505 0.19070512820512825 0.5429520566239316 0.1815237713675214 0.5425347222222222 0.1631610576923077 0.5517160790598291 0.1372863247863248 0.5583934294871795 0.12476629273504275 0.5746694711538461 0.11057692307692307 0.5821814903846154 0.09972622863247865 0.5934495192307693 0.09638755341880345 0.6034655448717949 0.09555288461538464 0.6193242521367521 0.10139556623931628 0.6239149305555556 0.11308092948717952 0.6197415865384616 0.1589877136752137 0.6155682425213675 0.1815237713675214 0.6122295673076923 0.20072115384615385 0.6051348824786326 0.21991853632478636 0.6013788728632479 0.23327323717948723 0.5851028311965812 0.22409188034188038 0.5730001335470086 0.22075320512820518 0.5663227831196581 0.23410790598290604 0.5608974358974359 0.2591479700854701 0.5525507478632479 0.27834535256410264 0.5487947382478633 0.29587339743589747 0.5437867254273505 0.30088141025641024 0.5337706997863249 0.29837740384615385 0.528762686965812 0.2883613782051282
1 0.575504139957265 0.3584735576923077 0.5842681623931625 0.33677216880341887 0.5905281784188035 0.3200787927350428 0.5988748664529915 0.2925347222222222 0.6043002136752137 0.28752670940170943 0.6209935897435898 0.3067240918803419 0.6330962873931625 0.32341746794871795 0.6410256410256411 0.34428418803418803 0.6393563034188035 0.3634815705128206 0.6372696314102565 0.37767094017094016 0.6318442841880342 0.38685229700854706 0.6239149305555556 0.39853766025641024 0.6176549145299146 0.41022302350427353 0.6109775641025641 0.41856971153846156 0.6059695512820513 0.42608173076923084 0.5955361912393162 0.41439636752136755 0.5834334935897436 0.4018763354700855 0.5780081463675214 0.3810096153846154
1 0.3847823183760684 0.6072048611111112 0.4002236912393163 0.5930154914529915 0.41149172008547014 0.5913461538461539 0.42442908653846156 0.6038661858974359 0.4377837873931624 0.6305755876068376 0.45072115384615385 0.6531116452991453 0.47325721153846156 0.6689703525641026 0.5028879540598291 0.6965144230769231 0.5250066773504274 0.7090344551282052 0.5391960470085471 0.7132077991452992 0.5442040598290598 0.7173811431623932 0.545456063034188 0.7499332264957266 0.5521334134615385 0.8050213675213675 0.5600627670940171 0.8250534188034189 0.5579760950854701 0.8467548076923077 0.5521334134615385 0.8784722222222223 0.5479600694444445 0.8960002670940173 0.5417000534188035 0.9001736111111112 0.5279280181623932 0.8909922542735043 0.5170773237179488 0.8876535790598292 0.5216680021367521 0.9151976495726497 0.5216680021367521 0.9368990384615385 0.5049746260683761 0.964443108974359 0.49954927884615385 0.9794671474358976 0.49328926282051283 0.9811364850427351 0.46991853632478636 0.9761284722222223 0.46240651709401714 0.9727897970085471 0.4557291666666667 0.9627737713675215 0.4490518162393163 0.9394030448717949 0.437366452991453 0.9026776175213675 0.4281850961538462 0.8709602029914532 0.42359441773504275 0.8592748397435899 0.4110743856837607 0.8567708333333335 0.4035623664529915 0.8400774572649574 0.39855435363247865 0.8167067307692308 0.39438100961538464 0.7983440170940173 0.39563301282051283 0.7749732905982907 0.39771968482905984 0.7399172008547009 0.39229433760683763 0.7132077991452992 0.39229433760683763 0.6831597222222223 0.39563301282051283 0.6572849893162394 0.38979033119658124 0.6314102564102565
1 0.5646534455128206 0.7015224358974359 0.5771734775641026 0.675647702991453 0.5825988247863249 0.6647970085470086 0.5909455128205129 0.7065304487179488 0.5976228632478633 0.7240584935897436 0.5905281784188035 0.7374131944444445 0.5863548344017094 0.7499332264957266 0.5792601495726496 0.7507678952991454 0.5725827991452992 0.7415865384615385 0.5659054487179488 0.7215544871794872
1 0.5909455128205129 0.6572849893162394 0.594284188034188 0.6405916132478633 0.5992922008547009 0.6238982371794872 0.6093082264957266 0.6130475427350428 0.6168202457264957 0.6130475427350428 0.628505608974359 0.6264022435897436 0.6385216346153847 0.6364182692307693 0.6502069978632479 0.650607638888889 0.6518763354700855 0.6664663461538463 0.6464509882478633 0.6965144230769231 0.643112313034188 0.7207198183760685 0.6376869658119658 0.7299011752136753 0.6276709401709402 0.7349091880341881 0.6184895833333334 0.7365785256410257 0.6105602297008548 0.7332398504273505 0.6059695512820513 0.7115384615384616 0.6017962072649573 0.6915064102564104 0.5951188568376069 0.6664663461538463
0 0.5149906517094017 0.001953125 0.5321013621794872 0.001953125 0.5450387286324787 0.001953125 0.5550547542735043 0.001953125 0.5596454326923077 0.001953125 0.5663227831196581 0.001953125 0.5717481303418803 0.001953125 0.5721654647435898 0.001953125 0.5709134615384616 0.001953125 0.5696614583333334 0.001953125 0.5679921207264957 0.001953125 0.5663227831196581 0.001953125 0.5600627670940171 0.001953125 0.5558894230769231 0.001953125 0.5525507478632479 0.001953125 0.5475427350427351 0.001953125 0.5400307158119658 0.001953125 0.5325186965811967 0.001953125 0.5250066773504274 0.001953125 0.5220853365384616 0.001953125 0.5199986645299146 0.001953125 0.5199986645299146 0.001953125
0 0.5667401175213675 0.001953125 0.5763388087606838 0.001953125 0.5867721688034189 0.001953125 0.5955361912393162 0.001953125 0.6088908920940171 0.001953125 0.615985576923077 0.001953125 0.6109775641025641 0.001953125 0.6017962072649573 0.001953125 0.5959535256410257 0.001953125 0.5905281784188035 0.001953125 0.579677483974359 0.001953125 0.5742521367521368 0.001953125 0.5692441239316239 0.001953125 0.5654881143162394 0.001953125
1 0.0009765625 0.7311197916666667 0.009161086309523829 0.7450706845238096 0.01520647321428574 0.7739025297619047 0.021716889880952404 0.8120349702380951 0.024972098214285733 0.8380766369047619 0.023111979166666692 0.8548177083333333 0.01520647321428574 0.8687686011904763 0.004975818452380973 0.880859375 0.0009765625 0.8826155462184875 0.0009765625 0.802734375
1 0.0021856398809524044 0.8948102678571428 0.01520647321428574 0.8827194940476191 0.024507068452380973 0.8687686011904763 0.02822730654761907 0.8678385416666667 0.03241257440476193 0.8855096726190477 0.03613281250000003 0.8929501488095237 0.04031808035714288 0.9106212797619047 0.03892299107142859 0.9264322916666667 0.033807663690476206 0.9403831845238095 0.02776227678571431 0.9534040178571428 0.024507068452380973 0.9682849702380951 0.021251860119047644 0.9794456845238095 0.01520647321428574 0.9915364583333333 0.007765997023809548 1.0008370535714286 0.003115699404761925 1.005487351190476 0.0009765625 1.0045971513605443 0.0009765625 0.9422433035714286 0.0009765625 0.905087425595237
1 0.0026506696428571647 1.0138578869047619 0.01613653273809526 1.0026971726190477 0.021716889880952404 0.9906063988095237 0.03427269345238097 0.9645647321428572 0.0412481398809524 0.9366629464285714 0.04496837797619049 0.9236421130952381 0.0510137648809524 0.9096912202380951 0.057989211309523836 0.919921875 0.06403459821428574 0.9357328869047619 0.06728980654761907 0.9552641369047619 0.07147507440476192 0.9682849702380951 0.07752046130952384 0.9775855654761905 0.09100632440476192 1.005487351190476 0.09937686011904763 1.0185081845238095 0.10309709821428574 1.044549851190476 0.09891183035714286 1.0650111607142856 0.09193638392857145 1.0798921130952381 0.08682105654761907 1.0854724702380951 0.07240513392857145 1.0864025297619047 0.06263950892857145 1.0826822916666667 0.04310825892857145 1.0808221726190477 0.03427269345238097 1.0771019345238095 0.02590215773809526 1.074311755952381 0.01799665178571431 1.0724516369047619 0.010091145833333356 1.0687313988095237 0.003115699404761925 1.064081101190476 0.001255580357142877 1.0603608630952381 0.0009765625 1.0578497023809523
1 0.03892299107142859 0.7320498511904763 0.060314360119047644 0.7357700892857144 0.07566034226190478 0.7264694940476192 0.08914620535714288 0.717168898809524 0.09751674107142859 0.7041480654761906 0.10774739583333336 0.703218005952381 0.12262834821428574 0.720889136904762 0.13099888392857145 0.7339099702380953 0.14401971726190477 0.7627418154761905 0.15704055059523814 0.7822730654761905 0.1658761160714286 0.7990141369047619 0.16959635416666669 0.8148251488095237 0.16773623511904762 0.8548177083333333 0.16634114583333337 0.888299851190476 0.16680617559523814 0.9310825892857142 0.16215587797619047 0.9431733630952381 0.13704427083333337 0.9608444940476191 0.12076822916666667 0.9701450892857142 0.10588727678571432 0.9878162202380951 0.10170200892857144 0.9906063988095237 0.08728608630952382 0.9682849702380951 0.08077566964285716 0.9515438988095237 0.07333519345238097 0.9264322916666667 0.0644996279761905 0.907831101190476 0.05938430059523811 0.9031808035714286 0.052408854166666685 0.8966703869047619 0.051478794642857165 0.8724888392857142 0.051478794642857165 0.8399367559523809 0.043573288690476206 0.8064546130952381 0.0375279017857143 0.7794828869047619 0.0375279017857143 0.7692522321428572 0.0375279017857143 0.7506510416666667
2 0.1119326636904762 0.8473772321428572 0.11611793154761905 0.841796875 0.12355840773809525 0.8501674107142856 0.12634858630952384 0.8594680059523809 0.1216982886904762 0.8687686011904763 0.11518787202380955 0.8641183035714286 0.11007254464285716 0.8576078869047619
1 0.10774739583333336 1.0138578869047619 0.11890811011904763 0.9933965773809523 0.13285900297619052 0.9794456845238095 0.14448474702380953 0.9720052083333333 0.15983072916666669 0.9580543154761905 0.16913132440476192 0.9561941964285714 0.17889694940476192 0.9608444940476191 0.19656808035714285 0.9710751488095237 0.20958891369047622 0.9840959821428572 0.21749441964285715 0.9887462797619047 0.22493489583333331 0.9933965773809523 0.22632998511904762 0.9999069940476191 0.22260974702380953 1.0203683035714286 0.21981956845238093 1.0324590773809523 0.20819382440476192 1.0482700892857142 0.19610305059523814 1.0557105654761905 0.1826171875 1.0622209821428572 0.17378162202380953 1.0705915178571428 0.16355096726190477 1.076171875 0.1547154017857143 1.0826822916666667 0.14587983630952384 1.0854724702380951 0.1351841517857143 1.0882626488095237 0.13146391369047622 1.0891927083333333 0.1216982886904762 1.0845424107142856 0.1096075148809524 1.0798921130952381 0.10170200892857144 1.076171875 0.10635230654761905 1.0594308035714286 0.10821242559523812 1.0398995535714286 0.10635230654761905 1.0240885416666667
1 0.49558221726190477 0.001953125 0.5048828125 0.001953125 0.5192987351190476 0.001953125 0.5337146577380952 0.001953125 0.5565011160714286 0.001953125 0.5792875744047619 0.001953125 0.5909133184523809 0.001953125 0.6071893601190476 0.004743303571428659 0.6141648065476191 0.029854910714285754 0.6178850446428571 0.05961681547619052 0.6202101934523809 0.08751860119047628 0.6085844494047619 0.08844866071428575 0.5890531994047619 0.08751860119047628 0.5788225446428571 0.09216889880952389 0.5704520089285714 0.10053943452380959 0.5597563244047619 0.11263020833333337 0.5509207589285714 0.12286086309523814 0.5495256696428571 0.10425967261904767 0.5569661458333334 0.09495907738095244 0.5644066220238095 0.08472842261904767 0.5727771577380952 0.06891741071428575 0.5788225446428571 0.05310639880952389 0.5778924851190476 0.04194568452380959 0.5718470982142857 0.02241443452380959 0.5630115327380952 0.015904017857142905 0.5485956101190476 0.006603422619047672 0.5323195684523809 0.001953125 0.5183686755952381 0.001953125 0.5067429315476191 0.001953125
0 0.5523158482142857 0.001953125 0.5611514136904762 0.001953125 0.5658017113095238 0.001953125 0.5695219494047619 0.001953125 0.5723121279761905 0.001953125 0.5676618303571428 0.001953125 0.5588262648809523 0.001953125 0.5499906994047619 0.001953125
1 0.5997488839285714 0.001953125 0.6011439732142857 0.001953125 0.6090494791666666 0.001953125 0.6150948660714286 0.001953125 0.6216052827380952 0.001953125 0.6174200148809523 0.001953125 0.616024925595238 0.001953125 0.622442336309524 0.001953125 0.6495070684523809 0.001953125 0.6653180803571428 0.001953125 0.6792689732142857 0.001953125 0.6946149553571428 0.001953125 0.7090308779761905 0.001953125 0.7229817708333333 0.001953125 0.7378627232142857 0.001953125 0.7471633184523809 0.001953125 0.7411179315476191 0.001953125 0.7369326636904762 0.001953125 0.7387927827380952 0.001953125 0.7397228422619048 0.001953125 0.7387927827380952 0.001953125 0.7364676339285714 0.001953125 0.7346075148809523 0.001953125 0.7350725446428571 0.001953125 0.7336774553571428 0.009393601190476275 0.7271670386904762 0.026134672619047672 0.7248418898809523 0.03264508928571436 0.7178664434523809 0.04566592261904767 0.7141462053571428 0.05124627976190482 0.7062406994047619 0.048456101190476275 0.6983351934523809 0.041015625000000056 0.6978701636904762 0.014973958333333426 0.6821701895043731 0.001953125 0.6770453717201166 0.001953125 0.6816007653061225 0.001953125 0.6821701895043731 0.001953125 0.6827396137026239 0.001953125 0.6793230685131195 0.001953125 0.6736288265306122 0.001953125 0.6682192966472303 0.001953125 0.6628097667638484 0.001953125 0.6588237973760933 0.001953125 0.6548378279883381 0.001953125 0.6522754190962099 0.001953125 0.6434493440233235 0.001953125 0.6292137390670554 0.001953125 0.6175405430029154 0.001953125 0.6104227405247813 0.001953125 0.6044437864431487 0.001953125 0.6010272412536443 0.001953125
1 0.6685040087463556 0.07798833819241979 0.6796077806122449 0.07741891399416906 0.689003279883382 0.07172467201166177 0.6927045371720116 0.07058582361516036 0.68359375 0.09393221574344024 0.6796077806122449 0.10702897230320696 0.678184220116618 0.11841745626822153 0.6682192966472303 0.11500091107871718 0.6650874635568513 0.11215379008746357 0.6667957361516035 0.09620991253644312 0.6676498724489796 0.08482142857142855
1 0.6716358418367346 0.12752824344023322 0.680461916909621 0.1286670918367347 0.6853020225947521 0.1417638483965014 0.6833090379008746 0.15998542274052474 0.6796077806122449 0.1702350583090379 0.6753370991253644 0.16738793731778423 0.6724899781341107 0.16226311953352768 0.6730594023323615 0.14802751457725943 0.67192055393586 0.13550018221574345
1 0.68359375 0.12183400145772594 0.6909962645772595 0.09620991253644312 0.6958363702623906 0.08197430758017493 0.7035235969387755 0.06546100583090375 0.7080789905247813 0.05919733965014573 0.7160509293002915 0.06318330903790087 0.7379737609329445 0.07172467201166177 0.7448068513119533 0.07798833819241979 0.7573341836734694 0.08766854956268222 0.7650214103498542 0.09393221574344024 0.7544870626822157 0.11557033527696792 0.7499316690962099 0.12809766763848396 0.7467998360058309 0.14290269679300288 0.7425291545189504 0.15429118075801745 0.7345572157434402 0.15884657434402333 0.7208910349854227 0.159415998542274 0.7109261115160349 0.1582771501457726 0.7055165816326531 0.1565688775510204 0.7003917638483965 0.15372175655976672 0.6932739613702623 0.15315233236151604 0.6915656887755102 0.15201348396501457 0.6875797193877551 0.13379190962099125
1 0.6061520590379008 0.24938502186588918 0.6109921647230321 0.220344387755102 0.6155475583090378 0.20952532798833817 0.6209570881924198 0.1981368440233236 0.6275054664723032 0.19016490524781338 0.6312067237609329 0.1878872084548105 0.6366162536443148 0.1861789358600583 0.6448729045189504 0.1844706632653061 0.6536989795918368 0.1821929664723032 0.6574002368804664 0.17991526967930027 0.6608167820699709 0.17934584548104954 0.6665110240524781 0.1787764212827988 0.6722052660349854 0.17479045189504372 0.6776147959183673 0.17934584548104954 0.6759065233236151 0.20155338921282795 0.6767606596209912 0.22831632653061223 0.6767606596209912 0.24255193148688042 0.6770453717201166 0.2584958090379008 0.675052387026239 0.2733008381924198 0.6693581450437317 0.2807033527696793 0.6630944788629737 0.2841198979591837 0.6554072521865889 0.28924471574344024 0.6517059948979591 0.2909529883381924 0.6474353134110787 0.2932306851311953 0.641456359329446 0.2977860787172011 0.638324526239067 0.30348032069970843 0.6366162536443148 0.3120216836734694 0.6229500728862973 0.3006331997084548 0.6127004373177842 0.28924471574344024 0.6070061953352769 0.2807033527696793 0.6033049380466472 0.26817602040816324
1 0.6830243258017492 0.1878872084548105 0.6861561588921282 0.17308217930029152 0.692989249271137 0.16169369533527694 0.6989682033527697 0.16226311953352768 0.7100719752186588 0.16397139212827988 0.7163356413994169 0.16738793731778423 0.7231687317784257 0.1702350583090379 0.7248770043731778 0.1924426020408163 0.7282935495626822 0.20724763119533524 0.7325642310495627 0.22376093294460642 0.7354113520408163 0.2294551749271137 0.7459456997084548 0.23287172011661805 0.7544870626822157 0.2379965379008746 0.7692920918367346 0.2471073250728863 0.7764098943148687 0.23913538629737607 0.7826735604956268 0.22888575072886297 0.7869442419825072 0.2186361151603498 0.7883678024781341 0.23230229591836732 0.7914996355685131 0.2436907798833819 0.7960550291545189 0.25052387026239065 0.8034575437317784 0.2550792638483965 0.8048811042274052 0.26475947521865884 0.8031728316326531 0.2801339285714285 0.8011798469387754 0.2909529883381924 0.8000409985422741 0.2983555029154519 0.7977633017492711 0.30689686588921283 0.7940620444606413 0.31600765306122447 0.7900760750728862 0.3245490160349854 0.7866595298833818 0.33707634839650147 0.78125 0.34390943877551017 0.7769793185131195 0.3461871355685131 0.7735627733236151 0.3467565597667638 0.7672991071428571 0.3461871355685131 0.7621742893586005 0.3387846209912536 0.754771774781341 0.3325209548104956 0.7465151239067055 0.32284074344023317 0.7374043367346939 0.31657707725947515 0.727439413265306 0.31259110787172006 0.7183286260932944 0.3080357142857143 0.7069401421282798 0.30234147230320696 0.6981140670553936 0.2972166545189504 0.6909962645772595 0.2932306851311953 0.686725583090379 0.2909529883381924 0.68359375 0.2863975947521865 0.6816007653061225 0.2772868075801749 0.6816007653061225 0.2664677478134111 0.6807466290087463 0.24027423469387754 0.6801772048104956 0.22262208454810495 0.6801772048104956 0.2083864795918367 0.6798924927113702 0.19528972303206993 0.6798924927113702 0.19187317784256558
1 0.0032163401741294104 1.0888526119402984 0.021678715796019953 1.091767723880597 0.03771183146766174 1.091767723880597 0.05666005907960204 1.0966262437810945 0.07172147077114432 1.0995413557213929 0.0848394745024876 1.0995413557213929 0.08969799440298512 1.1102300995024874 0.08775458644278611 1.1296641791044775 0.08338191853233834 1.1529850746268657 0.07949510261194034 1.1695040422885572 0.07657999067164184 1.1908815298507462 0.07657999067164184 1.2064287935323383 0.07803754664179108 1.2190609452736318 0.07949510261194034 1.2326648009950247 0.07998095460199009 1.2443252487562189 0.02369135766479976 1.248046875 0.0009765625 1.248046875 0.0009765625 1.157843594527363
1 0.10913207400497515 1.2462686567164178 0.11933496579601993 1.2122590174129353 0.13099541355721397 1.2035136815920398 0.14217000932835824 1.2161458333333333 0.15091534514925375 1.236551616915423 0.150429493159204 1.2472403606965174
1 0.12808030161691547 1.1782493781094527 0.12516518967661694 1.1481265547263682 0.1275944496268657 1.1238339552238805 0.13099541355721397 1.107314987562189 0.13876904539801 1.0995413557213929 0.1533446050995025 1.0966262437810945 0.16208994092039805 1.0927394278606966 0.17812305659203984 1.082050684079602 0.1883259483830846 1.0762204601990049 0.19901469216417914 1.070390236318408 0.21407610385572143 1.06650342039801 0.22719410758706468 1.0635883084577114 0.23253847947761194 1.06650342039801 0.23739699937810946 1.0762204601990049 0.24079796330845774 1.0946828358208955 0.2393404073383085 1.1141169154228856 0.2393404073383085 1.136466106965174 0.2393404073383085 1.1656172263681592 0.24128381529850748 1.1860230099502487 0.24176966728855723 1.2005985696517412 0.24225551927860697 1.2093439054726367 0.24322722325870647 1.2190609452736318 0.21893462375621894 1.1986551616915422 0.19804298818407964 1.1840796019900497 0.1844391324626866 1.181164490049751 0.17229283271144283 1.1879664179104477 0.1625757929104478 1.1996268656716418 0.15285875310945277 1.2112873134328357 0.14605682524875624 1.2074004975124377 0.13779734141791047 1.1986551616915422 0.12905200559701496 1.1889381218905473
1 0.1567455690298508 1.2433535447761193 0.15917482898009952 1.2239194651741292 0.16306164490049754 1.2161458333333333 0.17277868470149257 1.2025419776119401 0.1883259483830846 1.1967117537313432 0.19415617226368162 1.1976834577114428 0.2043590640547264 1.2035136815920398 0.20727417599502493 1.2064287935323383 0.22816581156716423 1.2200326492537312 0.23642529539800997 1.2248911691542288 0.246142335199005 1.2336365049751243 0.24857159514925373 1.2452969527363182 0.24444671175373126 1.248046875 0.2194204757462687 1.2462686567164178 0.1951278762437811 1.2462686567164178 0.17472209266169156 1.2462686567164178 0.16160408893034828 1.2472403606965174
1 0.2544018190298508 1.2200326492537312 0.2621754508706468 1.2200326492537312 0.2733500466417911 1.2210043532338308 0.2888973103233831 1.2258628731343284 0.3059021299751244 1.2443252487562189 0.33116643345771146 1.2472403606965174 0.3608034048507463 1.2472403606965174 0.3816950404228856 1.2462686567164178 0.3909262282338309 1.2433535447761193 0.3923837842039801 1.2200326492537312 0.38703941231343286 1.1928249378109452 0.3797516324626866 1.1627021144278606 0.37197800062189057 1.136466106965174 0.3646902207711443 1.120918843283582 0.34962880907960203 1.109258395522388 0.336024953358209 1.097597947761194 0.3229069496268657 1.083994092039801 0.3122182058457712 1.0752487562189055 0.30687383395522394 1.06650342039801 0.30444457400497515 1.0490127487562189 0.3015294620646767 1.0354088930348258 0.29764264614427866 1.0266635572139302 0.29035486629353235 1.0227767412935322 0.2840387904228856 1.0247201492537312 0.27189249067164184 1.0324937810945274 0.2631471548507463 1.0519278606965174 0.25100085509950254 1.0655317164179103 0.24468477922885576 1.0635883084577114 0.2451706312189055 1.0985696517412935 0.2451706312189055 1.120918843283582 0.24468477922885576 1.1335509950248757 0.2451706312189055 1.1500699626865671 0.24662818718905474 1.1685323383084576 0.24905744713930353 1.1918532338308456
1 0.29861435012437815 0.888681592039801 0.3039587220149254 0.8877098880597014 0.3170767257462687 0.8857664800995024 0.3306805814676617 0.884794776119403 0.34136932524875624 0.890625 0.34962880907960203 0.9071439676616915 0.3530297730099503 0.9294931592039801 0.35448732898009955 0.9479555348258706 0.35351562500000006 0.9576725746268657 0.34865710509950254 0.9771066542288558 0.3408834732587065 0.9916822139303483 0.33019472947761197 0.9975124378109452 0.31659087375621897 1.0062577736318408 0.30444457400497515 1.0082011815920398 0.2971567941542289 1.0043143656716418 0.2961850901741294 0.9945973258706466 0.30541627798507465 0.9858519900497511 0.3151333177860697 0.9741915422885572 0.3151333177860697 0.9547574626865671 0.3151333177860697 0.9343516791044777 0.31270405783582095 0.9207478233830846 0.31027479788557216 0.9149175995024876 0.3015294620646767 0.9022854477611939 0.2991002021144279 0.8993703358208955
1 0.3530297730099503 0.8818796641791045 0.36517607276119407 0.867304104477612 0.3797516324626866 0.8527285447761195 0.3899545242537314 0.8468983208955223 0.3986998600746269 0.8430115049751243 0.40210082400497515 0.869247512437811 0.39627060012437815 0.9032571517412935 0.39384134017412936 0.9294931592039801 0.39384134017412936 0.9440687189054726 0.3836384483830846 0.9479555348258706 0.3739214085820896 0.9450404228855722 0.3676053327114428 0.9372667910447761 0.3617751088308458 0.921719527363184 0.35788829291044777 0.9100590796019901 0.35545903296019904 0.9003420398009949
1 0.40210082400497515 0.9304648631840795 0.4050159359452737 0.9052005597014925 0.4059876399253732 0.8877098880597014 0.41133201181592044 0.8731343283582089 0.4142471237562189 0.8702192164179103 0.4244500155472637 0.8809079601990049 0.43173779539801 0.9003420398009949 0.43805387126865675 0.9207478233830846 0.4404831312189055 0.9333799751243781 0.4458275031094528 0.9528140547263682 0.45117187500000006 0.9761349502487562 0.44194068718905477 0.9877953980099503 0.4302802394278607 0.9916822139303483 0.42396416355721395 0.9916822139303483 0.41813393967661694 0.9848802860696517 0.41230371579601993 0.9722481343283582 0.4074451958955224 0.9625310945273631 0.4050159359452737 0.9537857587064675 0.4025866759950249 0.9440687189054726
1 0.3107606498756219 1.0198616293532339 0.32630791355721395 1.017918221393035 0.3389400652985075 1.0082011815920398 0.351572217039801 0.9926539179104477 0.36031755286069655 0.9839085820895521 0.36614777674129356 0.9868236940298507 0.3748931125621891 1.0072294776119404 0.38023748445273636 1.0237484452736318 0.3855818563432836 1.0305503731343284 0.38315259639303484 1.0538712686567164 0.3782940764925373 1.0762204601990049 0.3739214085820896 1.0907960199004976 0.37052044465174133 1.103428171641791 0.3569165889303483 1.097597947761194 0.345741993159204 1.089824315920398 0.33699665733830847 1.0762204601990049 0.32533620957711445 1.0674751243781093 0.3170767257462687 1.0616449004975124 0.31367576181592044 1.0509561567164178 0.3122182058457712 1.045125932835821
1 0.37732237251243783 0.9926539179104477 0.3826667444029851 0.9693330223880596 0.3875252643034826 0.9635027985074627 0.39627060012437815 0.9596159825870647 0.40112912002487566 0.9673896144278606 0.4059876399253732 0.9771066542288558 0.41036030783582095 0.9945973258706466 0.4108461598258707 1.0091728855721394 0.40890275186567165 1.0237484452736318 0.4045300839552239 1.0247201492537312 0.39529889614427866 1.0169465174129353 0.3865535603233831 1.0101445895522387 0.38120918843283585 1.0062577736318408
1 0.8631743625621889 0.08022388059701507 0.865117770522388 0.05204446517412947 0.872891402363184 0.027751865671641895 0.88066503420398 0.009289490049751381 0.8947547419154228 0.0063743781094528496 0.9025283737562189 0.009289490049751381 0.9127312655472636 0.02483675373134342 0.9175897854477612 0.029695273631840935 0.9253634172885571 0.04135572139303495 0.9297360851990049 0.05398787313432851 0.9321653451492536 0.06662002487562202 0.9404248289800994 0.08702580845771157 0.9443116449004975 0.0909126243781096 0.9345946050995024 0.10743159203980113 0.9258492692786069 0.11812033582089565 0.9175897854477612 0.12492226368159215 0.9112737095771144 0.12200715174129367 0.8991274098258706 0.10548818407960209 0.890382074004975 0.09965796019900508 0.8821225901741293 0.09577114427860711 0.8724055503731343 0.08896921641791056
1 0.7878673041044776 0.001953125 0.7985560478855721 0.001953125 0.8073013837064676 0.001953125 0.8150750155472636 0.001953125 0.8170184235074626 0.001953125 0.8199335354477612 0.001953125 0.8277071672885571 0.001953125 0.8330515391791044 0.001953125 0.8354807991293531 0.001953125 0.8325656871890547 0.001953125 0.8335373911691542 0.001953125 0.8330515391791044 0.03358208955223896 0.8184759794776119 0.046214241293532465 0.8107023476368158 0.039412313432835966 0.8116740516169153 0.019978233830845904 0.8068155317164178 0.001953125 0.8014711598258706 0.001953125 0.7956409359452735 0.001953125 0.7941833799751243 0.001953125 0.7941833799751243 0.001953125 0.7980701958955223 0.001953125 0.7975843439054726 0.001953125 0.7956409359452735 0.001953125
1 0.7426830690298507 0.001953125 0.7514284048507462 0.001953125 0.7567727767412935 0.001953125 0.7650322605721392 0.001953125 0.7742634483830845 0.001953125 0.78300878420398 0.001953125 0.794669231965174 0.001953125 0.7951550839552238 0.001953125 0.7776644123134328 0.001953125 0.7592020366915422 0.001953125 0.7494849968905472 0.001953125
1 0.9234200093283581 0.001953125 0.9399389769900497 0.001953125 0.9506277207711442 0.001953125 0.9554862406716418 0.001953125 0.960830612562189 0.001953125 0.962774020522388 0.001953125 0.9656891324626864 0.001953125 0.9661749844527363 0.001953125 0.9671466884328357 0.001953125 0.9642315764925373 0.001953125 0.9603447605721391 0.001953125 0.9559720926616915 0.012204601990049913 0.9496560167910446 0.019006529850746412 0.9365380130597014 0.001953125 0.9195331934079601 0.001953125 0.9064151896766168 0.001953125 0.8962122978855721 0.001953125 0.8855235541044776 0.001953125 0.8753206623134328 0.001953125 0.8714338463930348 0.001953125 0.8714338463930348 0.001953125 0.869004586442786 0.001953125 0.8626885105721392 0.001953125 0.8529714707711442 0.001953125 0.8447119869402985 0.001953125 0.8442261349502487 0.001953125 0.8408251710199004 0.001953125 0.8345090951492536 0.001953125 0.8257637593283581 0.001953125 0.8175042754975124 0.001953125 0.8107023476368158 0.001953125 0.8034145677860696 0.001953125 0.8073013837064676 0.001953125 0.8092447916666666 0.001953125 0.8257637593283581 0.001953125 0.878721626243781 0.001953125 0.905929337686567 0.001953125
1 0.8617168065920398 0.0967428482587066 0.8743489583333333 0.10840329601990062 0.8913537779850745 0.11812033582089565 0.8991274098258706 0.12978078358208966 0.8996132618159203 0.14824315920398023 0.8879528140547263 0.16573383084577126 0.8801791822139303 0.1880830223880598 0.8748348103233831 0.20265858208955234 0.8665753264925372 0.19682835820895533 0.8617168065920398 0.1803093905472638 0.859287546641791 0.15698849502487572 0.8568582866915422 0.1462997512437812 0.8481129508706466 0.13463930348258718 0.8563724347014925 0.11520522388059712
1 0.8792074782338307 0.20946050995024884 0.8869811100746268 0.1939132462686568 0.8947547419154228 0.1793376865671643 0.9078727456467661 0.14727145522388074 0.9205048973880596 0.1453280472636817 0.9263351212686566 0.15698849502487572 0.9311936411691542 0.1871113184079603 0.9345946050995024 0.20848880597014935 0.9360521610696516 0.22597947761194043 0.9375097170398009 0.2347248134328359 0.9365380130597014 0.24638526119402998 0.9350804570895521 0.2638759328358209 0.9311936411691542 0.2735929726368159 0.9253634172885571 0.28136660447761197 0.9161322294776119 0.2901119402985075 0.9132171175373134 0.29497046019900497 0.9088444496268656 0.3017723880597015 0.9044717817164178 0.30954601990049757 0.8947547419154228 0.3076026119402986 0.8889245180348258 0.30080068407960203 0.8840659981343283 0.2784514925373135 0.8811508861940298 0.254158893034826 0.88066503420398 0.23569651741293546
1 0.9287643812189054 0.1375544154228857 0.9336229011194029 0.12589396766169164 0.9384814210199004 0.11617692786069667 0.943339940920398 0.10548818407960209 0.9535428327114428 0.09577114427860711 0.9598589085820894 0.0909126243781096 0.970547652363184 0.08799751243781107 0.9831798041044775 0.09188432835820909 0.9982412157960199 0.10548818407960209 0.9990234375 0.10774793566887808 0.9990234375 0.12492226368159215 0.9990234375 0.15504508706467673 0.9990234375 0.1793376865671643 0.9933826958955223 0.19488495024875635 0.9826939521144278 0.20168687810945285 0.9758920242537312 0.2104322139303484 0.964717428482587 0.23083799751243794 0.9584013526119401 0.2347248134328359 0.9496560167910446 0.23180970149253743 0.945283348880597 0.22597947761194043 0.9404248289800994 0.21237562189054737 0.9321653451492536 0.17836598258706476 0.9307077891791044 0.15796019900497527
1 0.892325481965174 0.3182913557213931 0.9049576337064675 0.3192630597014926 0.9122454135572139 0.34064054726368165 0.9127312655472636 0.36687655472636815 0.9112737095771144 0.3863106343283582 0.9093303016169153 0.41157493781094534 0.9088444496268656 0.4436411691542289 0.9088444496268656 0.4621035447761195 0.8966981498756218 0.47667910447761197 0.88066503420398 0.48250932835820903 0.8675470304726367 0.488339552238806 0.855400730721393 0.49222636815920395 0.8495705068407959 0.49222636815920395 0.8471412468905472 0.4737639925373135 0.8413110230099502 0.45432991293532343 0.8354807991293531 0.43489583333333337 0.8349949471393034 0.4300373134328358 0.8519997667910447 0.41254664179104483 0.865117770522388 0.4018578980099503 0.8762923662935322 0.38339552238805974 0.8850377021144278 0.3639614427860697 0.8889245180348258 0.3503575870646767
1 0.9418823849502487 0.2745646766169155 0.9545145366915422 0.277479788557214 0.964717428482587 0.2765080845771145 0.9661749844527363 0.2599891169154229 0.964717428482587 0.2502720771144279 0.9535428327114428 0.24249844527363196 0.9472267568407959 0.23861162935323393 0.9438257929104477 0.24055503731343292 0.9423682369402985 0.25707400497512445
1 0.9710335043532337 0.23375310945273642 0.9875524720149254 0.2240360696517414 0.9967836598258706 0.21140391791044788 0.9972695118159203 0.2599891169154229 0.9990234375 0.2936644900497518 0.9987270677860696 0.3163479477611941 0.9885241759950247 0.291083644278607 0.9763778762437809 0.2784514925373135 0.9720052083333333 0.2735929726368159 0.9720052083333333 0.254158893034826
1 0.9117595615671641 0.31343283582089554 0.9180756374378108 0.29788557213930356 0.9282785292288557 0.28525342039801005 0.9365380130597014 0.28331001243781095 0.9506277207711442 0.28525342039801005 0.960830612562189 0.28719682835820903 0.9710335043532337 0.291083644278607 0.9826939521144278 0.29788557213930356 0.9943543998756219 0.3163479477611941 0.9987270677860696 0.3328669154228856 0.9990234375 0.335633032752903 0.9990234375 0.41254664179104483 0.9948402518656716 0.42129197761194037 0.9841515080845771 0.42226368159203986 0.9715193563432836 0.4280939054726368 0.9676325404228854 0.43683924129353235 0.9632598725124377 0.45432991293532343 0.9632598725124377 0.4708488805970149 0.970547652363184 0.4854244402985075 0.9754061722636815 0.49514148009950254 0.9671466884328357 0.5029151119402985 0.9520852767412935 0.498056592039801 0.9409106809701492 0.49125466417910446 0.9316794931592038 0.47959421641791045 0.9200190453980098 0.4621035447761195 0.9161322294776119 0.4562733208955224 0.9151605254975124 0.4319807213930349 0.9151605254975124 0.39505597014925375 0.9185614894278606 0.36979166666666674 0.9190473414179103 0.3503575870646767 0.9185614894278606 0.34064054726368165
1 0.6783328072390572 0.45495317760942755 0.6832649410774411 0.42404513888888884 0.6852377946127945 0.41155039983164976 0.6947732533670034 0.40497422138047134 0.7105560816498316 0.4036589856902356 0.7207491582491582 0.4122080176767676 0.7292981902356902 0.4437736742424242 0.7352167508417508 0.46218697390572383 0.7348879419191918 0.4812578914141413 0.7319286616161615 0.5036168981481481 0.7266677188552189 0.5174268728956228 0.7197627314814814 0.5220301978114478 0.7098984638047138 0.5220301978114478 0.7033222853535354 0.508220223063973 0.6904987373737373 0.49309501262626254 0.6816208964646464 0.4779698021885521 0.6776751893939393 0.4648174452861953
1 0.7112136994949495 0.5345249368686869 0.7233796296296295 0.5299216119528619 0.7319286616161615 0.5286063762626262 0.7371896043771043 0.5299216119528619 0.7434369739057238 0.5470196759259258 0.7463962542087541 0.5660905934343434 0.7536300505050505 0.5785853324915824 0.7602062289562289 0.5825310395622895 0.7667824074074073 0.5792429503367003 0.7753314393939393 0.5680634469696969 0.7786195286195285 0.5641177398989898 0.7809211910774411 0.5825310395622895 0.7802635732323232 0.5950257786195285 0.7759890572390572 0.6068628998316498 0.7631655092592592 0.6200152567340067 0.7602062289562289 0.6279066708754208 0.7582333754208753 0.6423742634680134 0.755602904040404 0.6515809132996633 0.747053872053872 0.6502656776094276 0.7408065025252525 0.6430318813131313 0.7381760311447811 0.6298795244107743 0.7378472222222222 0.618700021043771 0.7273253367003366 0.610150989057239 0.71713226010101 0.605547664141414 0.7092408459595959 0.5989714856902356 0.7036510942760942 0.5838462752525252 0.7039799031986531 0.5628025042087541 0.7052951388888888 0.5476772937710437
1 0.8013073442760942 0.5568839436026936 0.7944023569023568 0.5660905934343434 0.7914430765993266 0.5766124789562289 0.7881549873737373 0.589107218013468 0.7851957070707071 0.6068628998316498 0.7848668981481481 0.6127814604377104 0.7861821338383838 0.618700021043771 0.7917718855218855 0.627249053030303 0.7973616372053871 0.6377709385521885 0.8029513888888888 0.6450047348484848 0.8118292297979798 0.6535537668350168 0.8170901725589225 0.652238531144781 0.8220223063973063 0.6351404671717171 0.823666351010101 0.6127814604377104 0.8115004208754208 0.6029171927609427 0.8026225799663299 0.5904224537037036 0.801964962121212 0.5766124789562289
1 0.8332018097643097 0.51216593013468 0.8460253577441077 0.5055897516835016 0.861808186026936 0.5016440446127945 0.8736453072390572 0.49638310185185175 0.8881128998316498 0.48980692340067333 0.8992924031986531 0.48586121632996626 0.9058685816498316 0.4832307449494949 0.9131023779461279 0.47731218434343425 0.9232954545454545 0.4852035984848484 0.93701171875 0.5052083333333334 0.9484049479166666 0.5060221354166667 0.9683430989583334 0.51416015625 0.9715983072916666 0.53857421875 0.9736328125 0.56298828125 0.9671223958333334 0.5849609375 0.9642740885416666 0.6036783854166667 0.9630533854166666 0.6158854166666667 0.9610188802083334 0.6272786458333334 0.952880859375 0.6500651041666667 0.9475911458333334 0.6622721354166667 0.9374186197916666 0.68505859375 0.9313151041666666 0.697265625 0.926025390625 0.7151692708333334 0.9215494791666666 0.7330729166666667 0.9182942708333334 0.7509765625 0.916259765625 0.775390625 0.9142252604166666 0.7884114583333335 0.91259765625 0.794921875 0.901611328125 0.794921875 0.899169921875 0.7916666666666667 0.900390625 0.76806640625 0.9044596354166666 0.7412109375 0.9056803385416666 0.7127278645833334 0.9044596354166666 0.6907552083333334 0.9012044270833334 0.68017578125 0.8955078125 0.6598307291666667 0.8898111979166666 0.6468098958333334 0.8824869791666666 0.6329752604166667 0.87353515625 0.6012369791666667 0.8645833333333334 0.5857747395833334 0.8548177083333334 0.5646158854166667 0.8458658854166666 0.5377604166666667 0.83935546875 0.5247395833333334
1 0.9679361979166666 0.6240234375 0.9707845052083334 0.599609375 0.9764811197916666 0.5890299479166667 0.9878743489583334 0.5939127604166667 0.998046875 0.6061197916666667 0.9990234375 0.6289902553763438 0.9990234375 0.6782956178160919 0.9863169001436782 0.6580908764367817 0.9784595007183907 0.6423760775862069 0.9717245869252873 0.6333961925287357
1 0.37849093031609193 1.1059626436781609 0.39139951508620696 1.0633081896551724 0.39925691451149425 1.0408584770114944 0.4110430136494253 1.0363685344827587 0.4222678699712644 1.0386135057471264 0.4379826688218391 1.0700431034482758 0.44808503951149425 1.1059626436781609 0.46991853632478636 1.142227564102564 0.47784788995726496 1.1639289529914532 0.4786825587606838 1.1831263354700856 0.4816038995726496 1.2006543803418803 0.4790998931623932 1.2190170940170941 0.47576121794871795 1.2357104700854702 0.47534388354700857 1.2457264957264957 0.4436320334757834 1.248046875 0.42484642094017094 1.2465611645299146 0.41149172008547014 1.2457264957264957 0.40189302884615385 1.244891826923077 0.39855435363247865 1.2165130876068377 0.39104233440170943 1.1789529914529915 0.3806089743589744 1.134715544871795 0.3772702991452992 1.1238648504273505
2 0.49883742559523814 1.0882626488095237 0.5039527529761905 1.0808221726190477 0.5104631696428571 1.093843005952381 0.5062779017857143 1.103143601190476 0.5011625744047619 1.097563244047619
1 0.41978236607142855 1.0231584821428572 0.43559337797619047 1.0073474702380951 0.44721912202380953 0.998046875 0.45512462797619047 0.9943266369047619 0.46907552083333337 0.9924665178571428 0.48581659226190477 0.998046875 0.49837239583333337 1.0008370535714286 0.5155784970238095 1.0064174107142856 0.5295293898809523 1.0119977678571428 0.537899925595238 1.0129278273809523 0.5472005208333334 1.0147879464285714 0.5658017113095238 1.0147879464285714 0.5704520089285714 1.0203683035714286 0.5727771577380952 1.0398995535714286 0.5690569196428571 1.0594308035714286 0.5630115327380952 1.0826822916666667 0.5555710565476191 1.0994233630952381 0.5504557291666666 1.1236049107142856 0.5551060267857143 1.1589471726190477 0.5681268601190476 1.1831287202380951 0.5732421875 1.1989397321428572 0.5578962053571428 1.1942894345238095 0.5513857886904762 1.1905691964285714 0.5416201636904762 1.191499255952381 0.5332496279761905 1.191499255952381 0.5188337053571428 1.1849888392857142 0.5118582589285714 1.1784784226190477 0.49976748511904756 1.1682477678571428 0.49279203869047616 1.1635974702380951 0.48302641369047616 1.1580171130952381 0.47326078869047616 1.1375558035714286 0.4630301339285714 1.1198846726190477 0.4560546875 1.1059337797619047 0.448149181547619 1.0864025297619047 0.4397786458333333 1.0622209821428572 0.43466331845238093 1.0501302083333333 0.4314081101190476 1.0436197916666667
1 0.5099981398809523 0.9794456845238095 0.5197637648809523 0.9561941964285714 0.5272042410714286 0.939453125 0.5258091517857143 0.9180617559523809 0.5253441220238095 0.900390625 0.5388299851190476 0.9087611607142856 0.5448753720238095 0.9115513392857142 0.5420851934523809 0.9375930059523809 0.5420851934523809 0.9757254464285714 0.5425502232142857 1.0026971726190477 0.5309244791666666 1.0045572916666667 0.5179036458333334 0.9999069940476191 0.5072079613095238 0.9952566964285714
1 0.567196800595238 1.1050037202380951 0.5723121279761905 1.0771019345238095 0.576962425595238 1.0538504464285714 0.5797526041666666 1.035249255952381 0.5857979910714286 1.038969494047619 0.5909133184523809 1.0492001488095237 0.5950985863095238 1.076171875 0.5997488839285714 1.0929129464285714 0.6057942708333334 1.1022135416666667 0.6006789434523809 1.1124441964285714 0.5941685267857143 1.132905505952381 0.5899832589285714 1.1440662202380951 0.5806826636904762 1.1301153273809523 0.5713820684523809 1.122674851190476 0.5653366815476191 1.1161644345238095
1 0.6583426339285714 0.6650855654761906 0.6755487351190476 0.6697358630952381 0.6876395089285714 0.6846168154761906 0.6950799851190476 0.6957775297619049 0.7085658482142857 0.7041480654761906 0.7225167410714286 0.6864769345238096 0.7313523065476191 0.6697358630952381 0.7392578125 0.6613653273809524 0.7439081101190476 0.6985677083333334 0.7490234375 0.736700148809524 0.7508835565476191 0.7683221726190477 0.7471633184523809 0.7850632440476191 0.7373976934523809 0.7822730654761905 0.7248418898809523 0.7729724702380951 0.7155412946428571 0.7543712797619047 0.6978701636904762 0.7590215773809523 0.6801990327380952 0.7646019345238095 0.6671781994047619 0.7599516369047619 0.6546223958333334 0.7432105654761906 0.6490420386904762 0.7283296130952381 0.6522972470238095 0.7060081845238096 0.6560174851190476 0.6827566964285715
1 0.7485584077380952 0.6743861607142858 0.7513485863095238 0.6632254464285715 0.7597191220238095 0.6632254464285715 0.7685546875 0.6762462797619049 0.7778552827380952 0.6967075892857144 0.7885509672619048 0.722749255952381 0.7955264136904762 0.7469308035714287 0.7987816220238095 0.7683221726190477 0.7950613839285714 0.7850632440476191 0.7862258184523809 0.7952938988095237 0.7727399553571428 0.8045944940476191 0.7652994791666666 0.802734375 0.7601841517857143 0.7841331845238095 0.7587890625 0.7608816964285714 0.7578590029761905 0.7329799107142858 0.7555338541666666 0.7162388392857144 0.7508835565476191 0.697637648809524
1 0.6788039434523809 0.7869233630952381 0.6922898065476191 0.7757626488095237 0.7104259672619048 0.7729724702380951 0.7127511160714286 0.7739025297619047 0.7197265625 0.7841331845238095 0.7271670386904762 0.7952938988095237 0.7341424851190476 0.8008742559523809 0.7420479910714286 0.8018043154761905 0.7490234375 0.7990141369047619 0.7541387648809523 0.7915736607142856 0.7573939732142857 0.8166852678571428 0.7541387648809523 0.8306361607142856 0.7490234375 0.8464471726190477 0.742978050595238 0.8669084821428572 0.7411179315476191 0.8817894345238095 0.7392578125 0.888299851190476 0.7313523065476191 0.8938802083333333 0.7229817708333333 0.8948102678571428 0.7146112351190476 0.8929501488095237 0.703915550595238 0.8920200892857142 0.6969401041666666 0.8929501488095237 0.6885695684523809 0.8994605654761905 0.6871744791666666 0.8780691964285714 0.6857793898809523 0.8501674107142856 0.6829892113095238 0.8343563988095237 0.6769438244047619 0.8083147321428572 0.6764787946428571 0.8018043154761905
1 0.7652994791666666 0.8464471726190477 0.7643694196428571 0.822265625 0.772274925595238 0.8138950892857142 0.7857607886904762 0.8092447916666667 0.7936662946428571 0.8083147321428572 0.801571800595238 0.8157552083333333 0.8145926339285714 0.8306361607142856 0.8183128720238095 0.8445870535714286 0.8187779017857143 0.8594680059523809 0.8141276041666666 0.8845796130952381 0.8145926339285714 0.9059709821428572 0.8169177827380952 0.9217819940476191 0.8076171875 0.946893601190476 0.8001767113095238 0.966424851190476 0.7945963541666666 0.9840959821428572 0.7862258184523809 0.998046875 0.7801804315476191 1.0064174107142856 0.7713448660714286 1.0101376488095237 0.7629743303571428 1.0129278273809523 0.7569289434523809 1.0138578869047619 0.7499534970238095 1.0092075892857142 0.7401878720238095 0.9878162202380951 0.7476283482142857 0.9487537202380951 0.7532087053571428 0.9031808035714286 0.7587890625 0.8771391369047619
1 0.7197265625 1.0147879464285714 0.7294921875 0.9952566964285714 0.7346075148809523 0.9915364583333333 0.7439081101190476 1.0101376488095237 0.7522786458333333 1.017578125 0.7634393601190476 1.0240885416666667 0.7699497767857143 1.0259486607142856 0.7666945684523809 1.0482700892857142 0.7648344494047619 1.0687313988095237 0.762509300595238 1.083612351190476 0.7611142113095238 1.093843005952381 0.7587890625 1.1040736607142856 0.7471633184523809 1.1059337797619047 0.7383277529761905 1.1059337797619047 0.7392578125 1.078031994047619 0.7401878720238095 1.0557105654761905 0.7299572172619048 1.0361793154761905 0.7248418898809523 1.0259486607142856
1 0.7671595982142857 1.0919828869047619 0.7783203125 1.0966331845238095 0.7871558779761905 1.1050037202380951 0.7927362351190476 1.117094494047619 0.7969215029761905 1.1301153273809523 0.7997116815476191 1.1394159226190477 0.8076171875 1.1515066964285714 0.8169177827380952 1.156156994047619 0.8215680803571428 1.156156994047619 0.8299386160714285 1.156156994047619 0.8410993303571428 1.152436755952381 0.8485398065476191 1.142206101190476 0.8587704613095238 1.1282552083333333 0.8648158482142857 1.1105840773809523 0.8694661458333333 1.0864025297619047 0.8755115327380952 1.0492001488095237 0.8801618303571428 1.0259486607142856 0.8810918898809523 0.9989769345238095 0.8820219494047619 0.978515625 0.8806268601190476 0.9487537202380951 0.879696800595238 0.9217819940476191 0.8759765625 0.9115513392857142 0.8606305803571428 0.9245721726190477 0.8490048363095238 0.9301525297619047 0.8355189732142857 0.9329427083333333 0.8262183779761905 0.9338727678571428 0.821103050595238 0.9329427083333333 0.8159877232142857 0.9459635416666667 0.8122674851190476 0.9552641369047619 0.8071521577380952 0.9738653273809523 0.8025018601190476 0.9878162202380951 0.7894810267857143 1.0101376488095237 0.7866908482142857 1.0166480654761905 0.7783203125 1.0278087797619047 0.7759951636904762 1.035249255952381 0.7755301339285714 1.0510602678571428 0.772274925595238 1.0668712797619047 0.7704148065476191 1.076171875
1 0.8871372767857143 0.9301525297619047 0.8871372767857143 0.9096912202380951 0.9052734375 0.8901599702380951 0.9182942708333333 0.8743489583333333 0.9266648065476191 0.8650483630952381 0.9424758184523809 0.8752790178571428 0.9508463541666666 0.8789992559523809 0.9494512648809523 0.9059709821428572 0.9457310267857143 0.9227120535714286 0.9415457589285714 0.9292224702380951 0.9355003720238095 0.9422433035714286 0.9275948660714285 0.9599144345238095 0.9234095982142857 0.9757254464285714 0.918759300595238 0.9831659226190477 0.9048084077380952 0.9850260416666667 0.8922526041666666 0.9813058035714286 0.8862072172619048 0.9627046130952381 0.8862072172619048 0.9496837797619047
1 0.8001767113095238 1.1663876488095237 0.8099423363095238 1.161737351190476 0.8248232886904762 1.1691778273809523 0.8336588541666666 1.1803385416666665 0.8331938244047619 1.212890625 0.8327287946428571 1.2435825892857142 0.8224981398809523 1.2473028273809523 0.8085472470238095 1.2473028273809523 0.8027808779761901 1.248046875 0.8011067708333333 1.232421875 0.8076171875 1.2156808035714286 0.8062220982142857 1.1896391369047619
1 0.22772507440476192 0.8483072916666667 0.22446986607142855 0.8297061011904763 0.22819010416666669 0.8138950892857142 0.23702566964285715 0.8018043154761905 0.23842075892857145 0.7841331845238095 0.2412109375 0.7785528273809523 0.24632626488095238 0.7804129464285714 0.25144159226190477 0.8036644345238095 0.2593470982142857 0.8241257440476191 0.26864769345238093 0.8380766369047619 0.26864769345238093 0.8455171130952381 0.25376674107142855 0.8510974702380951 0.24586123511904762 0.8510974702380951 0.23749069940476192 0.8520275297619047
1 0.8392392113095238 1.1673177083333333 0.850399925595238 1.1552269345238095 0.8564453125 1.1431361607142856 0.8666759672619048 1.136625744047619 0.8750465029761905 1.1515066964285714 0.8871372767857143 1.1831287202380951 0.8973679315476191 1.2082403273809523 0.8987630208333333 1.2259114583333333 0.8964378720238095 1.2463727678571428 0.8722563244047619 1.2463727678571428 0.8591424851190472 1.248046875 0.8401692708333333 1.2473028273809523 0.8387741815476191 1.220331101190476 0.8383091517857143 1.1998697916666665
1 0.8741164434523809 1.136625744047619 0.8871372767857143 1.1710379464285714 0.8978329613095238 1.1942894345238095 0.9062034970238095 1.2082403273809523 0.9229445684523809 1.2101004464285714 0.9396856398809523 1.2138206845238095 0.9485212053571428 1.2054501488095237 0.9508463541666666 1.181268601190476 0.9643322172619048 1.1440662202380951 0.9773530505952381 1.115234375 0.9913039434523809 1.0966331845238095 0.9950241815476191 1.0724516369047619 0.9982793898809523 1.0305989583333333 0.9990234375 1.0038132440476175 0.9990234375 0.985956101190476 0.9829334077380951 0.9878162202380951 0.9736328125 0.9906063988095237 0.9638671875 0.9989769345238095 0.9452659970238095 1.0026971726190477 0.9387555803571428 1.0045572916666667 0.9257347470238095 1.0036272321428572 0.918759300595238 1.0017671130952381 0.908993675595238 1.0017671130952381 0.8978329613095238 1.0026971726190477 0.8917875744047619 1.0026971726190477 0.8829520089285714 1.0529203869047619 0.8792317708333333 1.083612351190476 0.8769066220238095 1.1161644345238095
1 0.9108537946428571 1.2221912202380951 0.9261997767857143 1.2212611607142856 0.938290550595238 1.2212611607142856 0.9452659970238095 1.2212611607142856 0.9787223048941799 1.2399140211640212 0.9924464957423941 1.248046875 0.9513372189153438 1.248046875 0.9342861276455027 1.248046875 0.9053509424603174 1.2471478174603174 0.9048342427248678 1.237847222222222 0.906384341931217 1.2275132275132274
1 0.9544374173280424 1.2130456349206349 0.9694217096560848 1.2223462301587302 0.9828559027777778 1.226479828042328 0.9973234953703703 1.237847222222222 0.9990234375 1.237847222222222 0.9990234375 1.156208664021164 0.9990234375 1.0983382936507937 0.9844060019841271 1.1252066798941798 0.9725219080687831 1.142774470899471 0.9632213128306878 1.1655092592592593 0.9559875165343915 1.1882440476190477
