1 0.0013020833333333333 0.003038194444444395 0.0013020833333333333 0.014973958333333285 0.0013020833333333333 0.022569444444444395 0.0013020833333333333 0.014973958333333285 0.0013020833333333333 0.01388888888888884 0.0013020833333333333 0.016059027777777728 0.0013020833333333333 0.012803819444444394 0.0013020833333333333 0.0062934027777777285 0.0013020833333333333 0.0013020833333333333
1 0.0013020833333333333 0.0052083333333332845 0.0013020833333333333 0.01931423611111106 0.0013020833333333333 0.023654513888888843 0.0013020833333333333 0.03993055555555551 0.0013020833333333333 0.059461805555555504 0.0013020833333333333 0.07139756944444439 0.0013020833333333333 0.0909288194444444 0.0013020833333333333 0.09852430555555552 0.0013020833333333333 0.0952690972222222 0.0013020833333333333 0.09201388888888885 0.0013020833333333333 0.08333333333333329 0.0013020833333333333 0.05186631944444439 0.0013020833333333333 0.02582465277777773 0.004665798611111087 0.008463541666666618
1 0.0013020833333333333 0.1245659722222222 0.0013020833333333333 0.1104600694444444 0.0013020833333333333 0.10937499999999996 0.0013020833333333333 0.11371527777777773 0.009006076388888914 0.1202256944444444 0.010091145833333334 0.1397569444444444 0.0166015625 0.15277777777777773 0.01768663194444442 0.1592881944444444 0.0024956597222222467 0.16796874999999997 0.0013020833333333333 0.1668836805555555 0.0013020833333333333 0.16362847222222218 0.0013020833333333333 0.15494791666666663 0.0013020833333333333 0.14084201388888887
1 0.0013020833333333333 0.18749999999999997 0.014431423611111086 0.17990451388888884 0.029622395833333332 0.1820746527777777 0.051323784722222245 0.1983506944444444 0.052408854166666664 0.2200520833333333 0.048068576388888916 0.2374131944444444 0.033962673611111084 0.23198784722222218 0.010091145833333334 0.22330729166666663 0.0013020833333333333 0.22330729166666663 0.0013020833333333333 0.21245659722222218 0.0013020833333333333 0.20269097222222218
1 0.0013020833333333333 0.20920138888888884 0.0013020833333333333 0.1864149305555555 0.0013020833333333333 0.18424479166666663 0.0013020833333333333 0.1907552083333333 0.0013020833333333333 0.19509548611111105 0.0013020833333333333 0.22222222222222218 0.0013020833333333333 0.24175347222222218 0.0013020833333333333 0.2591145833333333 0.0013020833333333333 0.26671006944444436 0.0013020833333333333 0.26996527777777773 0.0013020833333333333 0.26671006944444436 0.0013020833333333333 0.2591145833333333 0.0013020833333333333 0.24175347222222218 0.0013020833333333333 0.2276475694444444
1 0.0013020833333333333 0.09635416666666663 0.0013020833333333333 0.09418402777777773 0.0013020833333333333 0.10828993055555552 0.0013020833333333333 0.1202256944444444 0.0013020833333333333 0.13758680555555552 0.0013020833333333333 0.14735243055555552 0.0013020833333333333 0.14843749999999997 0.0013020833333333333 0.1245659722222222 0.0013020833333333333 0.1104600694444444
1 0.0013020833333333333 0.04591211484593836 0.0013020833333333333 0.0513830532212885 0.0013020833333333333 0.05193014705882351 0.0013020833333333333 0.05411852240896357 0.0013020833333333333 0.06670168067226889 0.0013020833333333333 0.07983193277310922 0.0013020833333333333 0.08967962184873947 0.0013020833333333333 0.0978860294117647 0.0013020833333333333 0.10663953081232491 0.0013020833333333333 0.10882790616246497 0.0013020833333333333 0.10390406162464984 0.0013020833333333333 0.0902267156862745 0.0013020833333333333 0.08366158963585434 0.0013020833333333333 0.07764355742296918 0.0013020833333333333 0.06834296218487394 0.0013020833333333333 0.06013655462184872 0.0013020833333333333 0.052477240896358524
1 0.0013020833333333333 0.11922268907563023 0.0013020833333333333 0.12250525210084033 0.0013020833333333333 0.1301645658263305 0.0013020833333333333 0.1405593487394958 0.0013020833333333333 0.14657738095238096 0.0013020833333333333 0.1454831932773109 0.0013020833333333333 0.14438900560224088 0.0013020833333333333 0.13344712885154061 0.0013020833333333333 0.12742909663865545 0.0013020833333333333 0.1219581582633053
1 0.06913077731092439 0.12414653361344537 0.07624299719887957 0.1219581582633053 0.08773196778711485 0.12633490896358543 0.09375 0.12797619047619047 0.08335521708683476 0.13618259803921567 0.07788427871148462 0.13946516106442577 0.06748949579831935 0.13290003501400557 0.0658482142857143 0.1290703781512605
1 0.054359243697478986 0.033876050420168044 0.06147146358543417 0.03168767507002799 0.07624299719887957 0.03332895658263303 0.08827906162464987 0.033876050420168044 0.09703256302521009 0.03770570728291314 0.09539128151260505 0.049741771708683456 0.09101453081232495 0.05794817927170867 0.09046743697478991 0.06560749299719887 0.08390231092436977 0.07217261904761903 0.07679009103641458 0.07709646358543416 0.07077205882352944 0.07764355742296918 0.0658482142857143 0.071078431372549 0.06147146358543417 0.06506039915966384 0.05764180672268907 0.053571428571428555 0.055453431372549024 0.049194677871148444 0.05381214985994398 0.04262955182072828
1 0.13368785014005602 0.0032387955182072606 0.14845938375350143 0.0015975140056022185 0.15775997899159666 0.010898109243697456 0.16706057422969187 0.0087097338935574 0.17745535714285712 0.004880077030812303 0.1916797969187675 0.003785889355742275 0.20043329831932777 0.004332983193277289 0.20590423669467786 0.01418067226890754 0.20535714285714288 0.026763830532212863 0.20426295518207285 0.04098827030812323 0.19879201680672268 0.05794817927170867 0.19605654761904767 0.07271971288515404 0.1922268907563025 0.0825674019607843 0.18128501400560224 0.0978860294117647 0.17800245098039222 0.1022627801120448 0.16487219887955185 0.11429884453781512 0.15502450980392157 0.12305234593837533 0.14572391456582634 0.13180584733893555 0.12384016106442579 0.12742909663865545 0.11399247198879554 0.1175814075630252 0.10633315826330532 0.10554534313725489 0.10688025210084036 0.0902267156862745 0.11508665966386555 0.08037902661064424 0.13149947478991597 0.06943714985994397 0.13861169467787116 0.06013655462184872 0.14900647759103644 0.053571428571428555 0.14244135154061624 0.04044117647058821 0.13806460084033614 0.030046393557422946 0.13697041316526612 0.020198704481792694 0.13478203781512607 0.009256827731092416
1 0.10195640756302522 0.1301645658263305 0.1172750350140056 0.13399422268907563 0.1358762254901961 0.13837097338935572 0.14736519607843138 0.1405593487394958 0.15283613445378152 0.14603028711484592 0.14627100840336135 0.15751925770308123 0.14298844537815128 0.1722907913165266 0.1408000700280112 0.17885591736694675 0.133140756302521 0.187609418767507 0.12329306722689078 0.19855129551820727 0.1167279411764706 0.20402223389355742 0.10633315826330532 0.2034751400560224 0.09812675070028014 0.2073047969187675 0.08773196778711485 0.20402223389355742 0.07624299719887957 0.19855129551820727 0.06803658963585435 0.19417454481792717 0.06748949579831935 0.18159138655462184 0.07514880952380953 0.1722907913165266 0.08280812324929972 0.1646314775910364 0.08171393557422972 0.15423669467787113 0.08061974789915967 0.14712447478991594 0.08718487394957986 0.14110644257703078 0.09265581232492999 0.1367296918767507 0.09539128151260505 0.13399422268907563
1 0.0702249649859944 0.2034751400560224 0.08007265406162467 0.20566351540616246 0.08773196778711485 0.2105873599439776 0.093202906162465 0.21605829831932774 0.09539128151260505 0.22152923669467786 0.09265581232492999 0.22535889355742297 0.08335521708683476 0.22590598739495796 0.07624299719887957 0.22426470588235292 0.06748949579831935 0.21605829831932774 0.0663953081232493 0.2116815476190476
1 0.10250350140056023 0.21605829831932774 0.11235119047619051 0.2116815476190476 0.12438725490196079 0.21441701680672268 0.12712272408963587 0.22426470588235292 0.1211046918767507 0.23247111344537816 0.1134453781512605 0.23356530112044815 0.10633315826330532 0.23192401960784315 0.10031512605042019 0.22918855042016806 0.09812675070028014 0.22426470588235292
1 0.12493434873949583 0.23684786414565825 0.12985819327731093 0.2313769257703081 0.13697041316526612 0.23301820728291314 0.1397058823529412 0.2384891456582633 0.13806460084033614 0.24560136554621848 0.13259366246498602 0.24669555322128853 0.1276698179271709 0.24341299019607843
1 0.13095238095238096 0.20839898459383754 0.13915878851540617 0.1947216386554622 0.1479122899159664 0.1919861694677871 0.1643251050420168 0.2001925770308123 0.17307860644257703 0.2045693277310924 0.1878501400560224 0.21004026610644255 0.1982449229691877 0.21332282913165265 0.19332107843137258 0.2237176120448179 0.1862088585434174 0.2308298319327731 0.17471988795518212 0.23192401960784315 0.1643251050420168 0.23356530112044815 0.15447741596638656 0.23630077030812324 0.14845938375350143 0.23575367647058823 0.1402529761904762 0.22864145658263305 0.13478203781512607 0.22262342436974789 0.1287640056022409 0.21715248599439774
1 0.20699842436974794 0.2155112044817927 0.21903448879551823 0.2155112044817927 0.23107055322128853 0.21332282913165265 0.2452949929971989 0.20949317226890754 0.249671743697479 0.21879376750700277 0.2376356792717087 0.22535889355742297 0.22942927170868352 0.22918855042016806 0.21684611344537816 0.22973564425770307 0.20481004901960786 0.228094362745098 0.20152748599439776 0.22754726890756302 0.20098039215686278 0.21988795518207283
1 0.20426295518207285 0.12414653361344537 0.21794030112044824 0.12688200280112044 0.22778799019607843 0.13344712885154061 0.2392769607843137 0.14712447478991594 0.2436537114845939 0.15916053921568626 0.24912464985994398 0.16681985294117643 0.24803046218487398 0.1810442927170868 0.24310661764705888 0.19800420168067226 0.2349002100840336 0.20511642156862744 0.21848739495798322 0.2067577030812325 0.21028098739495796 0.20402223389355742 0.1993391106442577 0.1919861694677871 0.1938681722689076 0.18268557422969187 0.19660364145658268 0.17064950980392157 0.20043329831932777 0.15806635154061624 0.1982449229691877 0.1525954131652661 0.1982449229691877 0.14712447478991594 0.19988620448179276 0.1405593487394958 0.20207457983193278 0.13180584733893555
1 0.22778799019607843 0.003785889355742275 0.2365414915966387 0.010898109243697456 0.2436537114845939 0.010898109243697456 0.26170780812324934 0.004880077030812303 0.2649903711484594 0.0070684523809523584 0.2688200280112045 0.02074579831932771 0.2737438725490196 0.03278186274509802 0.27866771708683474 0.03825280112044816 0.2917979691876751 0.039346988795518185 0.30328693977591037 0.0360644257703081 0.30985206582633057 0.028405112044817906 0.31422881652661067 0.01691614145658261 0.31477591036414565 0.0032387955182072606 0.3136817226890756 0.0013020833333333333 0.2731967787114846 0.0013020833333333333 0.25678396358543415 0.0013020833333333333 0.23982405462184878 0.0015975140056022185 0.23380602240896362 0.0015975140056022185
1 0.32188813025210083 0.020198704481792694 0.3393951330532213 0.027310924369747875 0.3410364145658264 0.030046393557422946 0.3372067577030813 0.04317664565826329 0.327359068627451 0.05521271008403359 0.32243522408963593 0.06506039915966384 0.31313462885154064 0.07053133753501399 0.30164565826330536 0.07162552521008402 0.28632703081232497 0.05630689775910363 0.2857799369747899 0.0513830532212885 0.29508053221288516 0.045365021008403346 0.3027398459383754 0.04208245798319326 0.3114933473389356 0.0360644257703081 0.31587009803921573 0.028405112044817906
1 0.3207939425770308 0.0013020833333333333 0.3246235994397759 0.013633578431372527 0.3383009453781513 0.023481267507002777 0.35361957282913165 0.024028361344537796 0.36456144957983194 0.01527485994397757 0.37386204481792723 0.009256827731092416 0.3765975140056023 0.003785889355742275 0.37386204481792723 0.0015975140056022185 0.35471376050420167 0.0015975140056022185 0.3410364145658264 0.0021446078431372325 0.3311887254901961 0.0021446078431372325
1 0.3497899159663866 0.030046393557422946 0.36292016806722693 0.021839985994397737 0.3705794817927171 0.015821953781512584 0.3776917016806723 0.013633578431372527 0.3853510154061625 0.01691614145658261 0.3880864845938376 0.02895220588235292 0.3858981092436975 0.033876050420168044 0.3705794817927171 0.03442314425770306 0.35307247899159666 0.03770570728291314 0.3503370098039216 0.03825280112044816
1 0.24748336834733897 0.0634191176470588 0.26608455882352944 0.05685399159663864 0.2781206232492997 0.05411852240896357 0.28796831232493 0.0634191176470588 0.29781600140056025 0.07436099439775909 0.3005514705882353 0.0825674019607843 0.3005514705882353 0.09898021708683473 0.29945728291316526 0.10937499999999999 0.2890625 0.1181285014005602 0.2731967787114846 0.11594012605042016 0.26170780812324934 0.11211046918767505 0.25186011904761907 0.10773371848739494 0.25842524509803927 0.09624474789915966 0.25240721288515405 0.08584996498599438 0.24693627450980396 0.07326680672268907 0.2463891806722689 0.0672487745098039
1 0.3388480392156863 0.049741771708683456 0.34924282212885155 0.0437237394957983 0.36839110644257705 0.04153536414565824 0.3820684523809524 0.04044117647058821 0.3941045168067227 0.0398940826330532 0.403952205882353 0.045365021008403346 0.41215861344537813 0.04810049019607842 0.4170824579831933 0.050288865546218475 0.4176295518207283 0.0634191176470588 0.41379989495798325 0.07600227591036414 0.41161151960784315 0.0863970588235294 0.406140581232493 0.09077380952380952 0.3902748599439776 0.08967962184873947 0.3760504201680672 0.09405637254901959 0.3634672619047619 0.09077380952380952 0.34924282212885155 0.08311449579831931 0.3383009453781513 0.07381390056022408 0.33283000700280113 0.06834296218487394 0.33283000700280113 0.05630689775910363
1 0.31094625350140054 0.10335696778711484 0.30383403361344535 0.11265756302521007 0.29781600140056025 0.12086397058823528 0.30383403361344535 0.13290003501400557 0.30821078431372556 0.14329481792717086 0.31751137955182074 0.14603028711484592 0.327906162464986 0.14821866246498597 0.33337710084033617 0.148765756302521 0.329000350140056 0.1372767857142857 0.31969975490196084 0.12359943977591036 0.3180584733893557 0.11265756302521007 0.31696428571428575 0.10718662464985994
1 0.25951943277310924 0.15916053921568626 0.2753851540616246 0.1531425070028011 0.288515406162465 0.15095413165266106 0.29781600140056025 0.15095413165266106 0.30656950280112044 0.15040703781512604 0.3114933473389356 0.14985994397759103 0.32845325630252103 0.15478378851540617 0.34213060224089636 0.15916053921568626 0.3454131652661065 0.16299019607843138 0.3366596638655462 0.17447916666666666 0.3311887254901961 0.18487394957983191 0.32407650560224094 0.1919861694677871 0.3202468487394958 0.19800420168067226 0.31039915966386555 0.1919861694677871 0.2989101890756303 0.18542104341736695 0.2841386554621849 0.18159138655462184 0.2737438725490196 0.18542104341736695 0.2600665266106443 0.18596813725490194 0.2573310574229692 0.18487394957983191 0.2535014005602241 0.17119660364145659 0.2540484943977592 0.16189600840336132
1 0.35799632352941174 0.13454131652661064 0.36674982492997205 0.13508841036414565 0.3782387955182073 0.14384191176470587 0.3826155462184874 0.14603028711484592 0.3716736694677871 0.1525954131652661 0.35799632352941174 0.15861344537815125 0.35088410364145656 0.1613489145658263 0.3470544467787115 0.1558779761904762 0.3503370098039216 0.1525954131652661 0.35580794817927175 0.14712447478991594 0.35635504201680673 0.14384191176470587
1 0.39136904761904767 0.14220063025210083 0.3995754551820729 0.13891806722689073 0.4176295518207283 0.12797619047619047 0.4291185224089636 0.1372767857142857 0.44170168067226895 0.14821866246498597 0.442248774509804 0.1602547268907563 0.43896621148459386 0.16681985294117643 0.4296656162464986 0.16353728991596636 0.4170824579831933 0.1640843837535014 0.4083289565826331 0.1613489145658263 0.39793417366946776 0.15423669467787113
1 0.4198179271708684 0.1684611344537815 0.4296656162464986 0.16681985294117643 0.4367778361344538 0.16900822829131654 0.4400603991596639 0.17338497899159663 0.44334296218487396 0.18159138655462184 0.43623074229691877 0.18487394957983191 0.42693014705882354 0.1843268557422969 0.42255339635854344 0.17776172969187676
1 0.3191526610644258 0.22590598739495796 0.3383009453781513 0.22043504901960784 0.34924282212885155 0.21277573529411764 0.35963760504201686 0.2073047969187675 0.37112657563025214 0.21222864145658263 0.3733149509803922 0.23247111344537816 0.3749562324929972 0.25271358543417366 0.367844012605042 0.25927871148459386 0.36127888655462187 0.26529674369747897 0.3541666666666667 0.27076768207282914 0.3426776960784314 0.267485119047619 0.329547443977591 0.2499781162464986 0.32188813025210083 0.24013042717086833 0.3191526610644258 0.23247111344537816
1 0.46303834033613445 0.03442314425770306 0.48328081232493 0.026763830532212863 0.49695815826330536 0.021292892156862725 0.5166535364145659 0.023481267507002777 0.5199360994397759 0.0398940826330532 0.523218662464986 0.05685399159663864 0.5106355042016807 0.06451330532212883 0.4909401260504202 0.07436099439775909 0.4810924369747899 0.08803834033613445 0.4690563725490196 0.10445115546218486 0.45428483893557425 0.10773371848739494 0.442795868347339 0.10445115546218486 0.43458946078431376 0.09296218487394957 0.4324010854341737 0.0825674019607843 0.44170168067226895 0.06998424369747898 0.44498424369747897 0.06068364845938374 0.45154936974789917 0.05302433473389354 0.45811449579831937 0.044270833333333315
1 0.0013020833333333333 0.17339409722222218 0.0013020833333333333 0.1820746527777777 0.0013020833333333333 0.1918402777777777 0.0013020833333333333 0.2081163194444444 0.0013020833333333333 0.2276475694444444 0.0013020833333333333 0.2450086805555555 0.0013020833333333333 0.26019965277777773 0.0013020833333333333 0.2493489583333333 0.0013020833333333333 0.23198784722222218 0.0013020833333333333 0.22330729166666663 0.0013020833333333333 0.21462673611111105 0.0013020833333333333 0.19050202546296302
1 0.0013020833333333333 0.2352430555555555 0.0013020833333333333 0.2493489583333333 0.0013020833333333333 0.26562499999999994 0.0013020833333333333 0.28081597222222215 0.0013020833333333333 0.29275173611111105 0.0013020833333333333 0.30251736111111105 0.0013020833333333333 0.30577256944444436 0.0013020833333333333 0.29275173611111105 0.0013020833333333333 0.26779513888888884 0.0013020833333333333 0.25151909722222215
1 0.0013020833333333333 0.31662326388888884 0.0013020833333333333 0.3231336805555555 0.0013020833333333333 0.3328993055555555 0.0013020833333333333 0.3426649305555556 0.0013020833333333333 0.3513454861111111 0.0013020833333333333 0.3502604166666667 0.0013020833333333333 0.3448350694444444 0.0013020833333333333 0.33181423611111105
1 0.0013020833333333333 0.27322048611111105 0.0013020833333333333 0.29492187499999994 0.0013020833333333333 0.30577256944444436 0.0013020833333333333 0.32204861111111105 0.0013020833333333333 0.333984375 0.0013020833333333333 0.3426649305555556 0.0013020833333333333 0.3502604166666667 0.0013020833333333333 0.3546006944444444 0.0013020833333333333 0.353515625 0.0013020833333333333 0.33832465277777773 0.0013020833333333333 0.3231336805555555 0.0013020833333333333 0.30251736111111105 0.0013020833333333333 0.2786458333333333
1 0.0013020833333333333 0.30468749999999994 0.013346354166666666 0.30034722222222215 0.022026909722222248 0.2884114583333333 0.032877604166666664 0.2786458333333333 0.039388020833333336 0.27756076388888884 0.052408854166666664 0.2743055555555555 0.07628038194444442 0.2645399305555555 0.09364149305555558 0.24392361111111105 0.10883246527777775 0.24609374999999997 0.11642795138888891 0.2547743055555555 0.12076822916666667 0.2645399305555555 0.10666232638888891 0.2743055555555555 0.09798177083333333 0.28190104166666663 0.08713107638888891 0.29166666666666663 0.0751953125 0.30577256944444436 0.06976996527777775 0.3133680555555555 0.049153645833333336 0.32204861111111105 0.032877604166666664 0.32421874999999994 0.020941840277777752 0.3274739583333333 0.00792100694444442 0.3350694444444444 0.0013020833333333333 0.34375 0.0013020833333333333 0.3415798611111111 0.0013020833333333333 0.32421874999999994
1 0.4219641837899544 0.12396546803652969 0.43177440068493156 0.1141552511415525 0.4415846175799087 0.11147973744292237 0.4603132134703196 0.1141552511415525 0.4745826198630137 0.13020833333333334 0.4763662956621004 0.1444777397260274 0.4603132134703196 0.1533961187214612 0.45407034817351605 0.15072060502283105 0.4406927796803654 0.136451198630137
1 0.45317851027397266 0.1614226598173516 0.4638805650684932 0.15517979452054795 0.4817173230593607 0.14715325342465754 0.48706835045662095 0.162314497716895 0.47814997146118726 0.19174514840182647 0.4745826198630137 0.1962043378995434 0.4647724029680366 0.1962043378995434 0.4567458618721462 0.18461044520547945 0.4505029965753425 0.17569206621004566
1 0.41063456632653067 0.1986341411564626 0.4272427721088436 0.18866921768707481 0.441857993197279 0.18866921768707481 0.4531515731292517 0.19199085884353742 0.45780187074829937 0.2032844387755102 0.45248724489795916 0.21524234693877553 0.4385363520408163 0.2258715986394558 0.4272427721088436 0.22919323979591835 0.41993516156462585 0.2258715986394558 0.41462053571428575 0.21590667517006804
1 0.4923469387755102 0.17073235544217688 0.5169270833333334 0.17338966836734693 0.5388499149659864 0.17405399659863943 0.5501434948979592 0.17671130952380953 0.5547937925170068 0.1946481717687075 0.5554581207482993 0.2105920493197279 0.5541294642857143 0.2185639880952381 0.5322066326530613 0.2225499574829932 0.5136054421768708 0.21922831632653061 0.4996545493197279 0.2105920493197279 0.48636798469387754 0.19996279761904764 0.48371067176870747 0.19331951530612246 0.485703656462585 0.18335459183673472
1 0.42458545918367346 0.25111607142857145 0.4338860544217687 0.23650085034013604 0.44584396258503406 0.22786458333333334 0.45780187074829937 0.21989264455782312 0.4744100765306123 0.22122130102040816 0.483046343537415 0.23716517857142858 0.48238201530612246 0.24912308673469388 0.484375 0.26705994897959184 0.4783960459183674 0.2776892006802721 0.4644451530612245 0.28632546768707484 0.44982993197278914 0.28233949829931976 0.4372076955782313 0.27901785714285715 0.4325573979591837 0.2677242772108844 0.42923575680272114 0.25842368197278914
1 0.47108843537414963 0.2883184523809524 0.4797247023809524 0.2816751700680272 0.48636798469387754 0.2776892006802721 0.4936755952380953 0.2770248724489796 0.49699723639455784 0.2816751700680272 0.5003188775510204 0.29230442176870747 0.49301126700680276 0.2976190476190476 0.4817176870748299 0.29828337585034015 0.4724170918367347 0.29695471938775514
1 0.3634672619047619 0.27569621598639454 0.37941113945578236 0.2650669642857143 0.3907047193877551 0.2570950255102041 0.40797725340136054 0.2564306972789116 0.41860650510204084 0.2564306972789116 0.4232568027210884 0.2630739795918367 0.4312287414965987 0.2796821853741497 0.43587903911564624 0.2989477040816327 0.4325573979591837 0.31356292517006806 0.4225924744897959 0.32219919217687076 0.41860650510204084 0.3288424744897959 0.40997023809523814 0.3361500850340136 0.40000531462585037 0.3447863520408163 0.38738307823129253 0.33216411564625853 0.37542517006802717 0.3255208333333333 0.3701105442176871 0.31156994047619047 0.364795918367347 0.29496173469387754 0.3634672619047619 0.28632546768707484
1 0.3256005527210884 0.29695471938775514 0.33689413265306123 0.2856611394557823 0.34486607142857145 0.2796821853741497 0.35483099489795916 0.27901785714285715 0.3608099489795919 0.29961203231292516 0.3667889030612245 0.3182132227891156 0.3707748724489796 0.32751381802721086 0.366124574829932 0.3361500850340136 0.36413159013605445 0.3394717261904762 0.35217368197278914 0.33548575680272114 0.34486607142857145 0.3288424744897959 0.33689413265306123 0.3162202380952381 0.33025085034013607 0.3095769557823129 0.32626488095238093 0.30426232993197283
1 0.37542517006802717 0.3334927721088436 0.388047406462585 0.34212903911564624 0.3946906887755102 0.3461150085034013 0.3946906887755102 0.3580729166666667 0.4026626275510204 0.3746811224489796 0.4013339710884354 0.3859747023809524 0.3913690476190476 0.391953656462585 0.3780824829931973 0.3985969387755102 0.3714392006802721 0.3972682823129252 0.3621386054421769 0.38398171768707484 0.3554953231292517 0.3746811224489796 0.3461947278911565 0.36803784013605445 0.33689413265306123 0.36670918367346944 0.33755846088435376 0.3594015731292517 0.3528380102040816 0.35607993197278914 0.3608099489795919 0.3547512755102041 0.367453231292517 0.34545068027210885 0.3701105442176871 0.3394717261904762
1 0.26049638605442177 0.36139455782312924 0.2744472789115646 0.3633875425170068 0.2737829506802721 0.3740167942176871 0.269796981292517 0.38331738945578236 0.26514668367346944 0.38331738945578236 0.26116071428571425 0.3740167942176871
1 0.29238414115646255 0.3567442602040816 0.308328018707483 0.3554156037414966 0.32227891156462585 0.35607993197278914 0.33157950680272114 0.3600659013605442 0.3322438350340136 0.3746811224489796 0.3242718962585034 0.38398171768707484 0.31032100340136054 0.3932823129251701 0.2950414540816326 0.3952752976190476 0.2844122023809524 0.3972682823129252 0.2737829506802721 0.3959396258503401 0.2724542942176871 0.389296343537415 0.2797619047619048 0.3753454506802721 0.2844122023809524 0.36803784013605445
1 0.5262276785714285 0.001328656462585034 0.5547937925170068 0.001992984693877551 0.5773809523809524 0.0013020833333333333 0.598639455782313 0.0013020833333333333 0.6225552721088435 0.001992984693877551 0.6006324404761906 0.01328656462585034 0.5833599064625851 0.029894770408163268 0.5733949829931974 0.023251488095238096 0.5601084183673469 0.01594387755102041 0.543500212585034 0.011293579931972789 0.5322066326530613 0.005978954081632654
1 0.5248990221088435 0.009300595238095238 0.5448288690476191 0.016608205782312927 0.5634300595238096 0.023915816326530615 0.5740593112244898 0.030559098639455783 0.5753879676870749 0.03919536564625851 0.5720663265306123 0.05381058673469388 0.5634300595238096 0.06377551020408163 0.5468218537414966 0.06377551020408163 0.5328709608843538 0.06111819727891157 0.528220663265306 0.052481930272108845 0.5235703656462585 0.03919536564625851 0.522906037414966 0.027237457482993197 0.522906037414966 0.02059417517006803
1 0.5481505102040817 0.16608205782312926 0.5567867772108843 0.14947385204081634 0.5647587159863946 0.13419430272108843 0.5800382653061225 0.1209077380952381 0.5919961734693877 0.1129357993197279 0.598639455782313 0.11094281462585033 0.6079400510204082 0.11825042517006802 0.5993037840136055 0.13751594387755103 0.5886745323129251 0.15279549319727892 0.5787096088435374 0.16276041666666666 0.5747236394557823 0.17803996598639457 0.5753879676870749 0.18667623299319727 0.5640943877551021 0.18999787414965985 0.5587797619047619 0.1880048894557823 0.5554581207482993 0.1753826530612245
1 0.5647587159863946 0.19664115646258504 0.57937393707483 0.19199085884353742 0.5900031887755102 0.18534757653061226 0.6026254251700681 0.18202593537414966 0.6125903486394558 0.1800329506802721 0.6159119897959183 0.1873405612244898 0.6086043792517007 0.1953125 0.6026254251700681 0.2032844387755102 0.598639455782313 0.21391369047619047 0.5959821428571429 0.21723533163265307 0.58468856292517 0.2185639880952381 0.5740593112244898 0.2185639880952381 0.5667517006802721 0.21657100340136057 0.5634300595238096 0.20992772108843538 0.562765731292517 0.2032844387755102
1 0.6212266156462585 0.047167304421768703 0.6298628826530613 0.043181335034013606 0.6431494472789115 0.045174319727891155 0.6464710884353742 0.050488945578231297 0.6404921343537415 0.06377551020408163 0.638499149659864 0.07905505952380952 0.639827806122449 0.08901998299319729 0.6451424319727891 0.09832057823129252 0.6444781037414966 0.10894982993197279 0.635841836734694 0.10695684523809523 0.6285342261904763 0.10031356292517007 0.620562287414966 0.08636267006802721 0.6185693027210885 0.0744047619047619 0.620562287414966 0.06045386904761905
1 0.6238839285714285 0.11957908163265307 0.6325201955782314 0.1136001275510204 0.6451424319727891 0.1129357993197279 0.6610863095238096 0.11825042517006802 0.6757015306122449 0.12024340986394559 0.6836734693877551 0.12555803571428573 0.6856664540816326 0.14681653911564627 0.6790231717687075 0.15943877551020408 0.6697225765306123 0.16541772959183673 0.6590933248299319 0.1667463860544218 0.6424851190476191 0.15678146258503403 0.6331845238095238 0.1488095238095238 0.6325201955782314 0.13352997448979592 0.6285342261904763 0.12688669217687074
1 0.6757015306122449 0.17338966836734693 0.6816804846938775 0.16475340136054423 0.6903167517006802 0.16608205782312926 0.6996173469387755 0.17405399659863943 0.7036033163265306 0.18202593537414966 0.6909810799319728 0.18999787414965985 0.68234481292517 0.1953125 0.6776945153061225 0.18534757653061226
1 0.6869951105442177 0.19996279761904764 0.6969600340136055 0.19331951530612246 0.7069249574829932 0.18534757653061226 0.7122395833333334 0.18069727891156462 0.7215401785714285 0.18136160714285712 0.7275191326530613 0.18401892006802723 0.733498086734694 0.19199085884353742 0.737484056122449 0.20727040816326534 0.7401413690476191 0.21457801870748297 0.7301764455782314 0.21524234693877553 0.7142325680272109 0.21789965986394558 0.7036033163265306 0.22055697278911565 0.6956313775510204 0.22321428571428573 0.6889880952380952 0.22055697278911565 0.6850021258503401 0.20992772108843538
1 0.5700733418367347 0.22321428571428573 0.5860172193877551 0.22454294217687076 0.5919961734693877 0.22852891156462585 0.5966464710884355 0.24247980442176872 0.601296768707483 0.25111607142857145 0.5906675170068026 0.25576636904761907 0.5919961734693877 0.2637383078231293 0.5853528911564626 0.27569621598639454 0.5760522959183674 0.2783535289115646 0.5694090136054423 0.2776892006802721 0.5621014030612245 0.26440263605442177 0.5581154336734694 0.25111607142857145 0.5614370748299319 0.2411511479591837 0.5667517006802721 0.23251488095238096
1 0.5993037840136055 0.22520727040816327 0.6152476615646258 0.2272002551020408 0.6278698979591838 0.22454294217687076 0.6331845238095238 0.21922831632653061 0.6431494472789115 0.21324936224489796 0.6577646683673469 0.20527742346938774 0.6703869047619048 0.2032844387755102 0.6763658588435374 0.20859906462585034 0.6850021258503401 0.2225499574829932 0.6909810799319728 0.23517219387755103 0.6889880952380952 0.2471301020408163 0.6876594387755102 0.2590880102040816 0.6757015306122449 0.2663956207482993 0.6597576530612245 0.27171024659863946 0.6471354166666666 0.2690529336734694 0.6338488520408164 0.2604166666666667 0.6291985544217688 0.2570950255102041 0.6245482568027211 0.24779443027210887 0.6172406462585034 0.24314413265306123 0.6086043792517007 0.24314413265306123 0.6019610969387755 0.23716517857142858 0.598639455782313 0.23185055272108845
1 0.6245482568027211 0.26440263605442177 0.6371704931972789 0.26838860544217685 0.6491284013605442 0.27436755952380953 0.6497927295918368 0.2889827806122449 0.6484640731292517 0.2962903911564626 0.6365061649659864 0.30226934523809523 0.621890943877551 0.30293367346938777 0.6145833333333334 0.3049266581632653 0.6066113945578232 0.30559098639455784 0.6105973639455783 0.2989477040816327 0.6119260204081632 0.28300382653061223 0.6179049744897959 0.2730389030612245
1 0.152875212585034 0.26705994897959184 0.1701477465986395 0.25975233843537415 0.19273490646258504 0.25510204081632654 0.21399340986394555 0.24779443027210887 0.22595131802721088 0.2418154761904762 0.2379092261904762 0.2345078656462585 0.25053146258503406 0.22520727040816327 0.25584608843537415 0.21723533163265307 0.25119579081632654 0.20727040816326534 0.25717474489795916 0.1986341411564626 0.2638180272108844 0.19398384353741496 0.2797619047619048 0.19132653061224492 0.2950414540816326 0.19132653061224492 0.3036777210884354 0.1953125 0.3149713010204082 0.1986341411564626 0.31696428571428575 0.20992772108843538 0.31297831632653067 0.22188562925170066 0.310985331632653 0.23118622448979595 0.3216145833333333 0.24845875850340138 0.33290816326530615 0.2617453231292517 0.33755846088435376 0.27171024659863946 0.3402157738095238 0.2763605442176871 0.33025085034013607 0.28233949829931976 0.32360756802721086 0.28964710884353745 0.31696428571428575 0.2956260629251701 0.309656675170068 0.29828337585034015 0.2917198129251701 0.28964710884353745 0.27644026360544216 0.2810108418367347 0.269796981292517 0.2783535289115646 0.2591677295918367 0.2796821853741497 0.2531887755102041 0.28366815476190477 0.23923788265306123 0.2843324829931973 0.23193027210884357 0.2849968112244898 0.2226296768707483 0.29496173469387754 0.22395833333333334 0.30426232993197283 0.22595131802721088 0.31356292517006806 0.21797937925170072 0.31289859693877553 0.20735012755102042 0.30691964285714285 0.19672087585034012 0.30691964285714285 0.18941326530612246 0.30625531462585037 0.18542729591836737 0.29695471938775514 0.17878401360544216 0.2883184523809524 0.17413371598639457 0.2770248724489796 0.1641687925170068 0.2730389030612245
1 0.23060161564625856 0.2956260629251701 0.23658056972789118 0.291640093537415 0.24986713435374153 0.29097576530612246 0.26049638605442177 0.2962903911564626 0.27178996598639454 0.3002763605442177 0.2837478741496599 0.3075839710884354 0.2957057823129252 0.31754889455782315 0.30301339285714285 0.3241921768707483 0.30699936224489793 0.3401360544217687 0.30633503401360546 0.349436649659864 0.2970344387755102 0.349436649659864 0.29105548469387754 0.34212903911564624 0.2784332482993197 0.32950680272108845 0.2731186224489796 0.31887755102040816 0.2691326530612245 0.31156994047619047 0.2618250425170068 0.31156994047619047 0.25053146258503406 0.31289859693877553 0.24189519557823128 0.3148915816326531 0.23658056972789118 0.3168845663265306 0.23193027210884357 0.31090561224489793 0.22794430272108843 0.30359800170068024
1 0.4019982993197279 0.349436649659864 0.4119632227891157 0.34146471088435376 0.41993516156462585 0.33814306972789115 0.4272427721088436 0.34212903911564624 0.44052933673469385 0.3501009778911565 0.4451796343537415 0.3567442602040816 0.4478369472789116 0.3753454506802721 0.44982993197278914 0.3932823129251701 0.44584396258503406 0.3999255952380953 0.43654336734693877 0.4025829081632653 0.42458545918367346 0.3952752976190476 0.4126275510204082 0.38863201530612246 0.4066485969387755 0.3853103741496599 0.407312925170068 0.37335246598639454 0.40066964285714285 0.3633875425170068
1 0.6644079506802721 0.002657312925170068 0.6883237670068026 0.001328656462585034 0.6863307823129251 0.011293579931972789 0.6836734693877551 0.016608205782312927 0.67703018707483 0.016608205782312927 0.6690582482993198 0.01594387755102041 0.6664009353741497 0.011293579931972789
1 0.6717155612244898 0.023915816326530615 0.68234481292517 0.021922831632653062 0.6889880952380952 0.02657312925170068 0.6909810799319728 0.0352093962585034 0.6863307823129251 0.043181335034013606 0.68234481292517 0.04650297619047619 0.6743728741496599 0.04916028911564626 0.6650722789115647 0.05115327380952381
1 0.698953018707483 0.004650297619047619 0.7162255527210885 0.004650297619047619 0.7414700255102041 0.004650297619047619 0.7633928571428572 0.008636267006802721 0.7700361394557823 0.013950892857142858 0.7653858418367347 0.022587159863945577 0.7487776360544217 0.02923044217687075 0.7408056972789115 0.0352093962585034 0.723533163265306 0.03653805272108843 0.7062606292517007 0.029894770408163268 0.697624362244898 0.02458014455782313 0.6943027210884355 0.016608205782312927 0.6943027210884355 0.011293579931972789
1 0.6996173469387755 0.03720238095238095 0.7142325680272109 0.04052402210884354 0.7328337585034014 0.043845663265306124 0.7427986819727891 0.04450999149659864 0.7507706207482993 0.06178252551020408 0.7620642006802721 0.08769132653061225 0.7687074829931974 0.10695684523809523 0.7540922619047619 0.12688669217687074 0.7447916666666666 0.13485863095238096 0.7288477891156463 0.12755102040816327 0.7115752551020408 0.12622236394557823 0.7022746598639457 0.12755102040816327 0.6903167517006802 0.1209077380952381 0.6896524234693877 0.10363520408163267 0.6896524234693877 0.08769132653061225 0.6936383928571429 0.07241177721088436 0.6929740646258504 0.05779655612244899 0.6929740646258504 0.047167304421768703 0.6943027210884355 0.04251700680272109
1 0.6909810799319728 0.12755102040816327 0.698953018707483 0.1295440051020408 0.7022746598639457 0.1408375850340136 0.7095822704081632 0.15146683673469388 0.7228688350340136 0.1640890731292517 0.7261904761904763 0.17272534013605442 0.719547193877551 0.17405399659863943 0.7082536139455783 0.17006802721088435 0.696295705782313 0.16209608843537415 0.6883237670068026 0.15678146258503403 0.6896524234693877 0.14283056972789115
1 0.7408056972789115 0.17936862244897958 0.7520992772108843 0.17073235544217688 0.7673788265306123 0.16209608843537415 0.7766794217687075 0.16209608843537415 0.7826583758503401 0.16608205782312926 0.7786724064625851 0.17671130952380953 0.7760150935374149 0.1873405612244898 0.7766794217687075 0.19796981292517005 0.7680431547619048 0.20992772108843538 0.7547565901360543 0.20926339285714288 0.7454559948979592 0.2032844387755102 0.7401413690476191 0.19331951530612246
1 0.7853156887755102 0.1959768282312925 0.8025882227891157 0.1992984693877551 0.8138818027210885 0.20527742346938774 0.8251753826530613 0.21192070578231292 0.8138818027210885 0.21657100340136057 0.8039168792517007 0.2225499574829932 0.7932876275510204 0.23118622448979595 0.7859800170068026 0.23782950680272108 0.7786724064625851 0.23849383503401358 0.7733577806122449 0.22520727040816327 0.7720291241496599 0.2185639880952381 0.7766794217687075 0.20926339285714288
2 0.821189413265306 0.3673735119047619 0.8284970238095238 0.3673735119047619 0.8331473214285715 0.37335246598639454 0.831154336734694 0.3819887329931973 0.8231823979591838 0.38066007653061223 0.8191964285714285 0.37733843537414963
1 0.522906037414966 0.31024128401360546 0.5348639455782314 0.29828337585034015 0.5488148384353742 0.29363307823129253 0.5640943877551021 0.29363307823129253 0.5740593112244898 0.28964710884353745 0.5800382653061225 0.30426232993197283 0.5714019982993198 0.31422725340136054 0.5581154336734694 0.3202062074829932 0.5468218537414966 0.3241921768707483 0.5328709608843538 0.32485650510204084 0.5262276785714285 0.3268494897959184 0.5235703656462585 0.32087053571428575
1 0.5534651360544217 0.331499787414966 0.562765731292517 0.3235278486394558 0.5720663265306123 0.3228635204081633 0.5787096088435374 0.3334927721088436 0.5906675170068026 0.34677933673469385 0.5900031887755102 0.3554156037414966 0.5826955782312925 0.370030824829932 0.5773809523809524 0.37800276360544216 0.5707376700680272 0.3799957482993197 0.5647587159863946 0.3673735119047619 0.5554581207482993 0.3540869472789116 0.5514721513605442 0.3441220238095238
1 0.599968112244898 0.350765306122449 0.6152476615646258 0.350765306122449 0.6285342261904763 0.35342261904761907 0.6477997448979592 0.3580729166666667 0.6551073554421768 0.3594015731292517 0.6577646683673469 0.3753454506802721 0.6637436224489797 0.38996067176870747 0.6664009353741497 0.40058992346938777 0.6710512329931974 0.409890518707483 0.6730442176870749 0.41919111394557823 0.6690582482993198 0.4258343962585034 0.6571003401360543 0.4311490221088436 0.6484640731292517 0.4338063350340136 0.6378348214285715 0.42782738095238093 0.621890943877551 0.4231770833333333 0.6032897534013606 0.41188350340136054 0.5959821428571429 0.4052402210884354 0.58468856292517 0.3985969387755102 0.5753879676870749 0.39394664115646255 0.5760522959183674 0.389296343537415 0.58468856292517 0.38066007653061223 0.5893388605442177 0.37335246598639454 0.5926605017006802 0.36272321428571425
1 0.7713647959183674 0.001328656462585034 0.7866443452380952 0.001328656462585034 0.8005952380952381 0.001328656462585034 0.8012595663265306 0.005978954081632654 0.793951955782313 0.014615221088435375 0.7912946428571429 0.025244472789115648 0.7853156887755102 0.02923044217687075 0.7760150935374149 0.022587159863945577 0.7766794217687075 0.015279549319727892 0.7713647959183674 0.009300595238095238 0.7587425595238096 0.004650297619047619 0.7467846513605442 0.003985969387755102 0.7527636054421768 0.0013020833333333333
1 0.7501062925170068 0.03919536564625851 0.7673788265306123 0.031223426870748302 0.7733577806122449 0.029894770408163268 0.7866443452380952 0.033880739795918366 0.7972735969387755 0.033880739795918366 0.8085671768707483 0.043845663265306124 0.8205250850340136 0.06111819727891157 0.8218537414965986 0.06842580782312925 0.817203443877551 0.07905505952380952 0.8218537414965986 0.09234162414965986 0.8258397108843538 0.09699192176870748 0.8245110544217688 0.10695684523809523 0.8238467261904763 0.1209077380952381 0.8118888180272109 0.12422937925170069 0.7946162840136055 0.1209077380952381 0.7853156887755102 0.11559311224489797 0.77734375 0.10961415816326531 0.77468643707483 0.09765625 0.7687074829931974 0.08436968537414967 0.7627285289115647 0.07374043367346939 0.7547565901360543 0.059789540816326536 0.7514349489795918 0.050488945578231297
1 0.8118888180272109 0.002657312925170068 0.8271683673469389 0.002657312925170068 0.8437765731292517 0.003321641156462585 0.8656994047619048 0.004650297619047619 0.8676923894557823 0.011957908163265307 0.8703497023809524 0.023915816326530615 0.8663637329931974 0.03188775510204082 0.8570631377551021 0.03653805272108843 0.8424479166666666 0.041852678571428575 0.8331473214285715 0.04450999149659864 0.8245110544217688 0.04052402210884354 0.8118888180272109 0.027901785714285716 0.8025882227891157 0.019265518707482995 0.8019238945578232 0.01594387755102041 0.8072385204081632 0.009300595238095238
1 0.7879730017006802 0.27503188775510207 0.8059098639455783 0.2810108418367347 0.821189413265306 0.2849968112244898 0.8318186649659864 0.2849968112244898 0.8437765731292517 0.28233949829931976 0.8524128401360543 0.2843324829931973 0.8610491071428572 0.29230442176870747 0.8756643282312925 0.3002763605442177 0.8789859693877551 0.30691964285714285 0.8670280612244898 0.3182132227891156 0.8517485119047619 0.3228635204081633 0.8384619472789115 0.32618516156462585 0.8265040391156463 0.331499787414966 0.8152104591836734 0.33216411564625853 0.8025882227891157 0.32751381802721086 0.7906303146258504 0.32153486394557823 0.7766794217687075 0.3195418792517007 0.7839870323129251 0.3095769557823129 0.7879730017006802 0.30359800170068024 0.7833227040816326 0.2856611394557823
1 0.7826583758503401 0.24447278911564627 0.7959449404761906 0.23849383503401358 0.8005952380952381 0.2305218962585034 0.8112244897959183 0.22520727040816327 0.8251753826530613 0.22122130102040816 0.8331473214285715 0.21922831632653061 0.8424479166666666 0.2272002551020408 0.8517485119047619 0.2331792091836735 0.8444409013605442 0.2418154761904762 0.8444409013605442 0.253109056122449 0.8437765731292517 0.26705994897959184 0.8397906037414966 0.2763605442176871 0.8331473214285715 0.2783535289115646 0.8152104591836734 0.2770248724489796 0.8039168792517007 0.27436755952380953 0.7946162840136055 0.2690529336734694 0.7859800170068026 0.2624096513605442 0.7839870323129251 0.25111607142857145
1 0.8245110544217688 0.17272534013605442 0.8265040391156463 0.16276041666666666 0.833811649659864 0.15744579081632654 0.8470982142857143 0.15279549319727892 0.8590561224489797 0.15811011904761904 0.8690210459183674 0.1667463860544218 0.8663637329931974 0.17604698129251703 0.8663637329931974 0.18136160714285712 0.8617134353741497 0.1953125 0.8577274659863946 0.20129145408163265 0.8451052295918368 0.20527742346938774 0.8384619472789115 0.20992772108843538 0.835140306122449 0.19796981292517005 0.8291613520408164 0.1873405612244898 0.8231823979591838 0.1800329506802721
1 0.8331473214285715 0.09699192176870748 0.8444409013605442 0.08702699829931972 0.8590561224489797 0.08702699829931972 0.8730070153061225 0.08835565476190477 0.8836362670068026 0.09234162414965986 0.8962585034013606 0.1016422193877551 0.9068877551020408 0.10961415816326531 0.9108737244897959 0.11559311224489797 0.9082164115646258 0.12356505102040816 0.8896152210884355 0.13286564625850342 0.8763286564625851 0.14349489795918366 0.8683567176870749 0.15146683673469388 0.8544058248299319 0.1481451955782313 0.8437765731292517 0.14482355442176872 0.8377976190476191 0.13087266156462585 0.8318186649659864 0.12157206632653061 0.8304900085034014 0.11426445578231292 0.8304900085034014 0.10496386054421769
1 0.875 0.007971938775510204 0.8849649234693877 0.001992984693877551 0.8949298469387755 0.00664328231292517 0.892936862244898 0.014615221088435375 0.8809789540816326 0.021922831632653062 0.875 0.01992984693877551
0 0.21665072278911568 0.007307610544217687 0.21332908163265304 0.019265518707482995 0.2126647534013605 0.035873724489795915 0.2113360969387755 0.051817602040816334 0.2113360969387755 0.06576849489795918 0.21399340986394555 0.07174744897959183 0.2266156462585034 0.06842580782312925 0.2379092261904762 0.06377551020408163 0.25186011904761907 0.05713222789115646 0.2638180272108844 0.05381058673469388 0.27776892006802717 0.050488945578231297 0.28175488945578236 0.043845663265306124 0.268468324829932 0.03985969387755102 0.2638180272108844 0.025908801020408167 0.26116071428571425 0.01328656462585034 0.2485384778911565 0.017272534013605442 0.23857355442176872 0.013950892857142858 0.22595131802721088 0.010629251700680272
0 0.1595184948979592 0.14482355442176872 0.16483312074829934 0.13950892857142858 0.1761267006802721 0.13884460034013604 0.18276998299319733 0.1368516156462585 0.18941326530612246 0.14615221088435373 0.18941326530612246 0.15412414965986396 0.18808460884353742 0.17006802721088435 0.19140625 0.18468324829931973 0.19406356292517005 0.1959768282312925 0.2013711734693878 0.20461309523809523 0.19937818877551025 0.20793473639455784 0.1814413265306122 0.20129145408163265 0.17346938775510204 0.1959768282312925 0.1641687925170068 0.18933354591836735 0.15686118197278912 0.18534757653061226 0.14955357142857142 0.17671130952380953 0.15486819727891157 0.16276041666666666 0.1608471513605442 0.15279549319727892
0 0.18609162414965988 0.11094281462585033 0.19738520408163263 0.09234162414965986 0.20070684523809526 0.08436968537414967 0.2066857993197279 0.07772640306122448 0.21665072278911568 0.07772640306122448 0.22794430272108843 0.07374043367346939 0.23857355442176872 0.06909013605442177 0.24455250850340135 0.08436968537414967 0.24787414965986398 0.09433460884353741 0.24720982142857148 0.10097789115646259 0.24189519557823128 0.10894982993197279 0.23193027210884357 0.1129357993197279 0.22860863095238093 0.11758609693877552 0.21997236394557826 0.11891475340136054 0.21000744047619047 0.11825042517006802 0.19804953231292513 0.116921768707483
0 0.22860863095238093 0.1288796768707483 0.2325946003401361 0.12157206632653061 0.24056653911564627 0.116921768707483 0.25119579081632654 0.116921768707483 0.2624893707482993 0.12024340986394559 0.2737829506802721 0.12356505102040816 0.28109056122448983 0.12555803571428573 0.28706951530612246 0.13020833333333334 0.2970344387755102 0.13751594387755103 0.29902742346938777 0.14216624149659865 0.287733843537415 0.14349489795918366 0.2737829506802721 0.14748086734693877 0.26514668367346944 0.1488095238095238 0.2531887755102041 0.1561171343537415 0.24455250850340135 0.1481451955782313 0.24189519557823128 0.14216624149659865 0.2332589285714286 0.13419430272108843
0 0.31032100340136054 0.09167729591836736 0.310985331632653 0.08237670068027211 0.31231398809523814 0.07706207482993198 0.3242718962585034 0.07374043367346939 0.3322438350340136 0.07706207482993198 0.346859056122449 0.08968431122448979 0.35483099489795916 0.0936702806122449 0.3621386054421769 0.09632759353741498 0.367453231292517 0.09699192176870748 0.37542517006802717 0.09699192176870748 0.38605442176870747 0.09566326530612246 0.3933620323129252 0.09433460884353741 0.4019982993197279 0.09632759353741498 0.408641581632653 0.09898490646258502 0.41462053571428575 0.10297087585034014 0.4179421768707483 0.10695684523809523 0.4232568027210884 0.11160714285714286 0.41860650510204084 0.11758609693877552 0.41129889455782315 0.12622236394557823 0.4019982993197279 0.13352997448979592 0.39004039115646255 0.13751594387755103 0.38339710884353745 0.13751594387755103 0.3760894982993197 0.13153698979591835 0.367453231292517 0.1282153486394558 0.35815263605442177 0.13087266156462585 0.35350233843537415 0.1368516156462585 0.3501806972789116 0.14150191326530612 0.34818771258503406 0.14681653911564627 0.3435374149659864 0.15013818027210885 0.3402157738095238 0.1481451955782313 0.33689413265306123 0.13818027210884354 0.33290816326530615 0.13153698979591835 0.3249362244897959 0.12223639455782313 0.3229432397959184 0.11027848639455783 0.3202859268707483 0.10363520408163267 0.3149713010204082 0.09699192176870748
0 0.39668367346938777 0.030559098639455783 0.39934098639455784 0.022587159863945577 0.407312925170068 0.018601190476190476 0.4126275510204082 0.016608205782312927 0.4232568027210884 0.01992984693877551 0.43189306972789115 0.022587159863945577 0.441857993197279 0.02458014455782313 0.45248724489795916 0.031223426870748302 0.4544802295918367 0.03653805272108843 0.4451796343537415 0.04849596088435374 0.441857993197279 0.05646789965986395 0.4372076955782313 0.06709715136054421 0.4325573979591837 0.07174744897959183 0.42657844387755106 0.06443983843537415 0.42392113095238093 0.0584608843537415 0.4232568027210884 0.051817602040816334 0.41993516156462585 0.04251700680272109 0.4166135204081633 0.04052402210884354 0.4033269557823129 0.03919536564625851
0 0.3201742256637168 0.21250460914454283 0.3230549410029498 0.2004056047197641 0.33284937315634217 0.19061117256637175 0.3461006637168141 0.17563145280235995 0.3524382374631268 0.16583702064896763 0.36280881268436577 0.1629563053097346 0.37778853244837757 0.1560425884955753 0.38643067846607665 0.1502811578171092 0.39334439528023596 0.15431415929203549 0.40141039823008845 0.1641085914454278 0.41178097345132736 0.16871773598820064 0.41639011799410025 0.18081674041297943 0.4175424041297935 0.18888274336283192 0.40371497050147487 0.19810103244837765 0.39737739675516215 0.2009817477876107 0.3835499631268436 0.20559089233038355 0.36626567109144537 0.20386246312684372 0.3541666666666666 0.20328632005899713 0.3461006637168141 0.2102000368731564 0.3351539454277286 0.21480918141592928 0.3224787979351032 0.21941832595870214
0 0.37894081858407075 0.21250460914454283 0.38931139380530966 0.2102000368731564 0.40198654129793504 0.20559089233038355 0.4065956858407079 0.2067431784660768 0.4100525442477876 0.2234513274336284 0.41466168879056037 0.2309411873156343 0.4209992625368731 0.23727876106194698 0.4209992625368731 0.24419247787610623 0.41581397492625366 0.24937776548672574 0.40141039823008845 0.25168233775811216 0.39334439528023596 0.25283462389380534 0.38527839233038347 0.256291482300885 0.380093104719764 0.25686762536873164 0.37951696165191734 0.24304019174041305 0.3806692477876106 0.22690818584070804
0 0.28906249999999994 0.6077387536873157 0.29597621681415925 0.591030604719764 0.30173764749262527 0.5662564528023598 0.30404221976401175 0.5553097345132744 0.3195980825958702 0.5489721607669616 0.33457780235988194 0.5391777286135694 0.34437223451327426 0.5328401548672567 0.3547428097345133 0.5322640117994101 0.3674179572271386 0.5449391592920354 0.37433167404129786 0.5524290191740413 0.36972252949852497 0.5604950221238938 0.36453724188790554 0.5737463126843657 0.35531895280235987 0.5818123156342183 0.3472529498525074 0.5893021755162242 0.3461006637168141 0.5944874631268436 0.3461006637168141 0.6065864675516224 0.3461006637168141 0.6158047566371682 0.3461006637168141 0.6215661873156342 0.33457780235988194 0.6313606194690266 0.32593565634218286 0.6336651917404129 0.31037979351032446 0.6290560471976401 0.2982807890855457 0.6255991887905604 0.2902147861356932 0.6186854719764011
0 0.34955752212389374 0.6636246312684365 0.36338495575221236 0.6636246312684365 0.37087481563421826 0.6618962020648967 0.37951696165191734 0.6584393436578171 0.38931139380530966 0.6526779129793511 0.40371497050147487 0.639426622418879 0.40832411504424776 0.6359697640117994 0.42330383480825956 0.6359697640117994 0.43079369469026546 0.6371220501474927 0.43252212389380523 0.6423073377581121 0.43194598082595864 0.6492210545722713 0.4209992625368731 0.6538301991150443 0.41466168879056037 0.660167772861357 0.40947640117994094 0.665929203539823 0.40141039823008845 0.6699622050147492 0.3881591076696165 0.6774520648967552 0.37778853244837757 0.6814850663716815 0.3691463864306784 0.684941924778761 0.36396109882005895 0.6832134955752213 0.35186209439528016 0.6774520648967552 0.3455245206489675 0.6722667772861358 0.34437223451327426 0.6693860619469026
0 0.37145095870206485 0.6878226401179942 0.380093104719764 0.684941924778761 0.38643067846607665 0.6820612094395281 0.39622511061946897 0.6780282079646018 0.4031388274336283 0.673419063421829 0.4054433997050147 0.6797566371681416 0.40371497050147487 0.6947363569321534 0.40083425516224186 0.7039546460176992 0.39737739675516215 0.7120206489675517 0.39276825221238937 0.7177820796460178 0.38643067846607665 0.7212389380530975 0.37836467551622416 0.7229673672566372 0.37029867256637167 0.7218150811209441 0.3651133849557522 0.716053650442478 0.3656895280235988 0.7079876474926254 0.36972252949852497 0.6970409292035399 0.37029867256637167 0.6935840707964602
0 0.4100525442477876 0.673419063421829 0.41466168879056037 0.665929203539823 0.4204231194690265 0.6595916297935104 0.428489122418879 0.6532540560471977 0.4359789823008849 0.6521017699115045 0.43713126843657807 0.6584393436578171 0.43194598082595864 0.6647769174041298 0.42733683628318575 0.6693860619469026 0.4279129793510324 0.673419063421829 0.43021755162241887 0.6774520648967552 0.43367441002949847 0.6883987831858408 0.43425055309734506 0.6987693584070797 0.4290652654867256 0.7016500737463128 0.4204231194690265 0.7022262168141594 0.40947640117994094 0.7033785029498526 0.40429111356932146 0.705683075221239 0.4060195427728613 0.6953125 0.40890025811209435 0.6832134955752213
0 0.4359789823008849 0.6711144911504426 0.4405881268436578 0.6590154867256637 0.44577341445427726 0.6526779129793511 0.4590247050147492 0.6480687684365781 0.46709070796460167 0.6474926253687315 0.47227599557522115 0.6469164823008849 0.47746128318584063 0.6509494837758112 0.48437499999999994 0.6567109144542772 0.49186485988200584 0.6630484882005899 0.4958978613569321 0.6676576327433629 0.49474557522123885 0.6762997787610621 0.4935932890855457 0.6814850663716815 0.4889841445427728 0.6843657817109144 0.4809181415929203 0.6843657817109144 0.47227599557522115 0.6878226401179942 0.46709070796460167 0.6786043510324484 0.4653622787610619 0.6745713495575222 0.4555678466076696 0.6728429203539824 0.44116426991150437 0.6739952064896756
0 0.500507005899705 0.6388504793510325 0.5074207227138642 0.63078447640118 0.5154867256637168 0.6279037610619469 0.522400442477876 0.6255991887905604 0.5270095870206489 0.6290560471976401 0.5368040191740412 0.6348174778761062 0.5442938790560471 0.6405789085545722 0.5489030235988199 0.6440357669616519 0.5604258849557522 0.6463403392330384 0.5690680309734512 0.6486449115044247 0.5765578908554572 0.6503733407079646 0.5817431784660766 0.6532540560471977 0.58116703539823 0.660167772861357 0.5702203171091446 0.6618962020648967 0.5535121681415928 0.665929203539823 0.5437177359882005 0.6642007743362831 0.5333471607669615 0.660167772861357 0.5247050147492626 0.6595916297935104 0.5212481563421828 0.6613200589970502 0.5137582964601769 0.6630484882005899 0.506268436578171 0.6618962020648967 0.5022354351032448 0.655558628318584 0.5010831489675516 0.6515256268436578 0.49877857669616515 0.6446119100294986
0 0.4665145648967551 0.21250460914454283 0.4705475663716814 0.20501474926253693 0.47918971238938046 0.20386246312684372 0.48956028761061937 0.21077617994100303 0.49877857669616515 0.2171137536873157 0.5085730088495574 0.2234513274336284 0.5177912979351031 0.23036504424778767 0.51663901179941 0.2384310471976402 0.5149105825958702 0.2470731932153393 0.5097252949852508 0.25283462389380534 0.5016592920353982 0.26032448377581124 0.49935471976401175 0.26666205752212396 0.49532171828908544 0.269542772861357 0.4884080014749262 0.2706950589970502 0.48667957227138636 0.25974834070796465 0.48783185840707954 0.24649705014749268 0.48667957227138636 0.23497418879056053 0.48495114306784654 0.2292127581120945 0.48034199852507364 0.2234513274336284 0.474004424778761 0.21480918141592928
0 0.5218242994100294 0.23382190265486733 0.5344994469026548 0.2292127581120945 0.5448700221238938 0.2292127581120945 0.5558167404129793 0.22633204277286142 0.5535121681415928 0.24073561946902663 0.5471745943952802 0.24534476401179947 0.535651733038348 0.24880162241887913 0.5281618731563421 0.24937776548672574 0.5183674410029497 0.24995390855457233 0.5189435840707963 0.24246404867256643
0 0.44001198377581113 0.28452249262536883 0.45614398967551617 0.2885554941002951 0.4653622787610619 0.2954692109144543 0.47573285398230086 0.3006544985250738 0.48725571533923295 0.30238292772861364 0.5045400073746312 0.2954692109144543 0.5039638643067845 0.2862509218289086 0.5010831489675516 0.2735757743362833 0.5068445796460176 0.26493362831858414 0.5131821533923303 0.25859605457227147 0.522400442477876 0.2557153392330384 0.5304664454277286 0.25686762536873164 0.5368040191740412 0.2580199115044248 0.5465984513274336 0.2551391961651918 0.5558167404129793 0.25744376843657824 0.5592735988200589 0.27415191740412986 0.5656111725663716 0.2804894911504425 0.565035029498525 0.2868270648967552 0.5471745943952802 0.2885554941002951 0.5368040191740412 0.2914362094395281 0.5333471607669615 0.2943169247787611 0.5264334439528023 0.298926069321534 0.519519727138643 0.3058397861356933 0.5172151548672566 0.31217735988200596 0.5183674410029497 0.32081950589970504 0.5218242994100294 0.32773322271386435 0.5189435840707963 0.33579922566371684 0.5154867256637168 0.3427129424778761 0.5103014380530974 0.350202802359882 0.506268436578171 0.3536596607669617 0.500507005899705 0.3519312315634218 0.4855272861356932 0.3536596607669617 0.48034199852507364 0.3536596607669617 0.46420999262536866 0.3525073746312684 0.457872418879056 0.3519312315634218 0.45268713126843646 0.35077894542772864 0.44634955752212385 0.3461698008849558 0.43885969764011795 0.34040837020648973 0.4354028392330383 0.33695151179941 0.4365551253687315 0.3260047935103246 0.44116426991150437 0.31966721976401186 0.4428926991150442 0.3087205014749263 0.4428926991150442 0.29777378318584075
0 0.5794386061946901 0.28164177728613576 0.5852000368731564 0.2931646386430679 0.5909614675516224 0.3012306415929204 0.6001797566371682 0.3012306415929204 0.6030604719764011 0.29719764011799416 0.6059411873156342 0.285674778761062 0.6117026179941002 0.27242348820059004 0.6157356194690266 0.2637813421828909 0.6203447640117994 0.256291482300885 0.6238016224188789 0.25168233775811216 0.6157356194690266 0.24995390855457233 0.6117026179941002 0.24822547935103254 0.6059411873156342 0.253410766961652 0.5996036135693213 0.25917219764011806 0.597299041297935 0.26493362831858414 0.5921137536873156 0.27242348820059004 0.5886568952802359 0.2776087758112095
0 0.45672013274336276 0.8307061209439528 0.4555678466076696 0.823216261061947 0.45729627581120935 0.812845685840708 0.46709070796460167 0.8082365412979352 0.48034199852507364 0.8047796828908554 0.48956028761061937 0.8007466814159292 0.49877857669616515 0.7944091076696166 0.509149151917404 0.7944091076696166 0.519519727138643 0.7978659660766962 0.5275857300884955 0.8007466814159292 0.532771017699115 0.8088126843657818 0.5316187315634218 0.8226401179941004 0.5275857300884955 0.8301299778761062 0.5177912979351031 0.8335868362831859 0.5028115781710913 0.8364675516224188 0.4935932890855457 0.8370436946902656 0.48437499999999994 0.8364675516224188 0.4705475663716814 0.8353152654867256
0 0.5563928834808259 0.8105411135693216 0.5535121681415928 0.8018989675516225 0.5558167404129793 0.7967136799410031 0.5615781710914454 0.8013228244837758 0.5742533185840707 0.8093888274336284 0.5823193215339232 0.8116933997050149 0.5944183259587019 0.805355825958702 0.6001797566371682 0.7984421091445428 0.6059411873156342 0.7972898230088497 0.61515947640118 0.7978659660766962 0.620920907079646 0.8065081120943954 0.6249539085545722 0.8168786873156343 0.6261061946902654 0.8278254056047198 0.6214970501474926 0.8324345501474927 0.6117026179941002 0.828977691740413 0.5996036135693213 0.82609697640118 0.5817431784660766 0.82609697640118 0.5742533185840707 0.8272492625368733 0.5656111725663716 0.82609697640118 0.562154314159292 0.8197594026548672
0 0.551783738938053 0.6820612094395281 0.5546644542772862 0.6757236356932154 0.5610020280235988 0.6728429203539824 0.5673396017699114 0.668809918879056 0.5736771755162241 0.6693860619469026 0.5800147492625368 0.6716906342182892 0.5875046091445427 0.6745713495575222 0.591537610619469 0.6907033554572272 0.5944183259587019 0.7016500737463128 0.5984513274336282 0.7074115044247788 0.6065173303834808 0.7125967920353983 0.610550331858407 0.7166297935103246 0.6111264749262536 0.7258480825958702 0.61343104719764 0.737947087020649 0.6053650442477876 0.7264242256637169 0.5944183259587019 0.7270003687315635 0.5765578908554572 0.7293049410029498 0.5690680309734512 0.7264242256637169 0.5633066002949851 0.7120206489675517 0.5627304572271385 0.705683075221239 0.5604258849557522 0.6993455014749262 0.5563928834808259 0.6918556415929205
0 0.6485757743362831 0.7206627949852508 0.6600986356932154 0.714325221238938 0.6670123525073746 0.714325221238938 0.6727737831858406 0.7183582227138644 0.6750783554572269 0.7241196533923304 0.6670123525073746 0.732185656342183 0.6635554941002949 0.7373709439528024 0.6583702064896754 0.7465892330383482 0.6531849188790559 0.7535029498525074 0.6456950589970502 0.7609928097345132 0.6422382005899704 0.7748202433628318 0.639933628318584 0.7811578171091446 0.6364767699115044 0.7944091076696166 0.6353244837758112 0.8007466814159292 0.6347483407079645 0.8088126843657818 0.6347483407079645 0.8139979719764012 0.6312914823008849 0.8220639749262538 0.6255300516224188 0.807084255162242 0.6197686209439527 0.7978659660766962 0.6128549041297934 0.7944091076696166 0.6013320427728613 0.7932568215339234 0.5978751843657816 0.7886476769911505 0.5955706120943952 0.7840385324483776 0.6013320427728613 0.7811578171091446 0.6082457595870205 0.7846146755162242 0.61343104719764 0.7880715339233039 0.6174640486725663 0.786343104719764 0.6180401917404129 0.780581674041298 0.6203447640117994 0.777700958702065 0.626682337758112 0.7719395280235989 0.6301391961651918 0.7667542404129795 0.6376290560471976 0.7552313790560472 0.6439666297935102 0.7448608038348082 0.6445427728613567 0.7367948008849559 0.6468473451327433 0.7281526548672567
0 0.5984513274336282 0.34328908554572274 0.5909614675516224 0.33695151179941 0.5863523230088495 0.32773322271386435 0.5794386061946901 0.3213956489675517 0.5788624631268435 0.3167865044247788 0.5852000368731564 0.31275350294985255 0.5921137536873156 0.31160121681415937 0.6030604719764011 0.3110250737463128 0.6117026179941002 0.31217735988200596 0.6249539085545722 0.30987278761061954 0.6307153392330384 0.3075682153392331 0.637052912979351 0.3058397861356933 0.6439666297935102 0.3035352138643069 0.6526087758112094 0.301806784660767 0.6577940634218288 0.30238292772861364 0.6624032079646017 0.3139057890855458 0.6629793510324483 0.32542865044247793 0.6658600663716814 0.3352230825958702 0.6681646386430677 0.3392560840707965 0.6572179203539822 0.3467459439528024 0.6549133480825957 0.3496266592920354 0.6416620575221238 0.350202802359882 0.6220731932153392 0.3484743731563422
0 0.5172151548672566 0.3553880899705015 0.5183674410029497 0.347322087020649 0.5258573008849557 0.33695151179941 0.529890302359882 0.3317662241887906 0.5419893067846607 0.331190081120944 0.5489030235988199 0.331190081120944 0.5477507374631267 0.3450175147492625 0.5500553097345132 0.3565403761061947 0.5546644542772862 0.3646063790560472 0.5615781710914454 0.3749769542772861 0.5667634587020648 0.3801622418879056 0.5633066002949851 0.3836191002949853 0.5535121681415928 0.3818906710914454 0.5471745943952802 0.3755530973451327 0.5373801622418878 0.3680632374631269 0.5264334439528023 0.3611495206489676
0 0.5494791666666666 0.4406572640117994 0.5512075958702064 0.4297105457227139 0.5592735988200589 0.4153069690265487 0.5667634587020648 0.4009033923303835 0.5742533185840707 0.4020556784660767 0.585776179941003 0.4078171091445428 0.6024843289085545 0.4147308259587021 0.610550331858407 0.4210683997050148 0.6220731932153392 0.4291344026548673 0.6318676253687315 0.4331674041297935 0.639933628318584 0.4389288348082596 0.6422382005899704 0.4429618362831858 0.6416620575221238 0.4492994100294985 0.6335960545722713 0.457365412979351 0.6243777654867255 0.4631268436578171 0.6117026179941002 0.4660075589970501 0.6024843289085545 0.4579415560471976 0.5903853244837758 0.4475709808259587 0.58116703539823 0.4423856932153392 0.569644174041298 0.44123340707964603 0.562154314159292 0.4429618362831858
0 0.2637122050147492 0.6930079277286136 0.27350663716814155 0.6993455014749262 0.2930955014749262 0.714325221238938 0.3074990781710914 0.7241196533923304 0.31902193952802355 0.7356425147492626 0.3276640855457227 0.7465892330383482 0.34149151917404125 0.7575359513274337 0.3380346607669616 0.7627212389380532 0.32535951327433627 0.767330383480826 0.31383665191740406 0.7661780973451328 0.3057706489675516 0.7609928097345132 0.30173764749262527 0.740827802359882 0.3005853613569321 0.7316095132743364 0.2971285029498525 0.7252719395280236 0.2896386430678466 0.7218150811209441 0.2844533554572271 0.7166297935103246 0.27638735250737456 0.7097160766961652 0.27235435103244837 0.7051069321533924
0 0.7154083702064896 0.7730918141592921 0.7292358038348081 0.7730918141592921 0.7447916666666665 0.775972529498525 0.7528576696165191 0.7800055309734514 0.7517053834808259 0.7874953908554573 0.7459439528023598 0.7961375368731564 0.7453678097345131 0.7990182522123894 0.730964233038348 0.7990182522123894 0.7228982300884955 0.7984421091445428 0.7142560840707963 0.8036273967551623 0.7021570796460176 0.8059319690265486 0.6940910766961651 0.8059319690265486 0.6871773598820058 0.8047796828908554 0.6998525073746311 0.7932568215339234 0.7067662241887905 0.783462389380531
0 0.7908831120943952 0.7529268067846608 0.8070151179941002 0.7563836651917405 0.8191141224188789 0.764449668141593 0.8266039823008849 0.7684826696165192 0.8237232669616518 0.7811578171091446 0.8242994100294984 0.7915283923303836 0.8283324115044247 0.7978659660766962 0.8335176991150441 0.8018989675516225 0.8421598451327433 0.8047796828908554 0.8473451327433628 0.8105411135693216 0.8467689896755162 0.8209116887905604 0.8404314159292033 0.8272492625368733 0.8283324115044247 0.8295538348082596 0.8208425516224188 0.8307061209439528 0.8047105457227137 0.8335868362831859 0.7977968289085545 0.8358914085545722 0.7920353982300884 0.8358914085545722 0.7770556784660766 0.8226401179941004 0.77647953539823 0.8180309734513275 0.7816648230088495 0.8024751106194691 0.7816648230088495 0.7926806784660768 0.7787841076696164 0.7788532448377582 0.7787841076696164 0.7748202433628318 0.7839693952802359 0.7586882374631269
0 0.8461928466076696 0.7667542404129795 0.8508019911504423 0.7581120943952803 0.8554111356932151 0.751198377581121 0.8652055678466075 0.7488938053097346 0.877880715339233 0.7477415191740414 0.8963172935103244 0.7477415191740414 0.9066878687315634 0.75984052359882 0.9159061578171089 0.7690588126843658 0.9170584439528023 0.775972529498525 0.9164823008849557 0.789223820058997 0.9170584439528023 0.7949852507374632 0.9043832964601769 0.8024751106194691 0.8957411504424777 0.8088126843657818 0.8859467182890853 0.821487831858407 0.8824898598820058 0.8226401179941004 0.8692385693215338 0.807084255162242 0.8640532817109143 0.7990182522123894 0.8629009955752212 0.7909522492625368 0.8536827064896754 0.7811578171091446 0.8484974188790559 0.7736679572271387
0 0.6583702064896754 0.8186071165191741 0.6618270648967551 0.8105411135693216 0.6693169247787609 0.8076603982300886 0.6814159292035398 0.8088126843657818 0.6894819321533922 0.8088126843657818 0.6981240781710913 0.8111172566371682 0.71195151179941 0.8151502581120944 0.7315403761061946 0.821487831858407 0.7361495206489675 0.8243685471976402 0.7367256637168141 0.8295538348082596 0.728083517699115 0.8387721238938054 0.7211698008849557 0.8405005530973452 0.7021570796460176 0.8456858407079646 0.6935149336283185 0.852599557522124 0.6831443584070795 0.861241703539823 0.6785352138643067 0.8629701327433629 0.6745022123893804 0.861241703539823 0.6681646386430677 0.8560564159292036 0.6647077802359881 0.8387721238938054 0.6612509218289085 0.82609697640118
0 0.6468473451327433 0.9159752949852508 0.6451189159292036 0.906757005899705 0.650304203539823 0.9004194321533924 0.6618270648967551 0.8923534292035399 0.6687407817109143 0.8842874262536874 0.6796874999999999 0.8767975663716814 0.6894819321533922 0.8762214233038348 0.7004286504424778 0.8825589970501476 0.7027332227138642 0.8860158554572272 0.6963956489675516 0.8917772861356932 0.6871773598820058 0.8975387168141594 0.6848727876106193 0.9015717182890856 0.6791113569321533 0.9107900073746312 0.666436209439528 0.9119422935103244 0.6549133480825957 0.9130945796460178
0 0.6831443584070795 0.9119422935103244 0.6894819321533922 0.9050285766961652 0.6946672197640117 0.9021478613569323 0.7010047935103244 0.9015717182890856 0.7107992256637168 0.9027240044247788 0.7200175147492623 0.903876290560472 0.728083517699115 0.906757005899705 0.733844948377581 0.9079092920353983 0.7419109513274336 0.9165514380530974 0.7424870943952802 0.927498156342183 0.7407586651917404 0.9344118731563422 0.735573377581121 0.9372925884955753 0.7205936578171092 0.9344118731563422 0.706190081120944 0.9321073008849557 0.7004286504424778 0.930378871681416 0.6889057890855456 0.9298027286135694 0.6848727876106193 0.9194321533923304
0 0.4705475663716814 0.10995114306784669 0.48437499999999994 0.09958056784660775 0.49071257374631266 0.0886338495575222 0.500507005899705 0.08056784660766969 0.5114537241887905 0.07595870206489683 0.5247050147492626 0.07250184365781719 0.5304664454277286 0.08748156342182899 0.538532448377581 0.10015671091445437 0.5396847345132744 0.10534199852507382 0.5344994469026548 0.11398414454277295 0.5258573008849557 0.11628871681415937 0.5143344395280236 0.11974557522123902 0.5010831489675516 0.1255070058997051 0.49186485988200584 0.13126843657817117 0.48495114306784654 0.132996865781711 0.47746128318584063 0.12493086283185849 0.47227599557522115 0.11744100294985259
0 0.41120483038348077 0.09439528023598827 0.4181185471976401 0.0822962758112095 0.41984697640117985 0.07595870206489683 0.42445612094395274 0.07711098820059005 0.4290652654867256 0.0886338495575222 0.43079369469026546 0.10015671091445437 0.43252212389380523 0.10764657079646027 0.42503226401179933 0.10534199852507382 0.4181185471976401 0.09785213864306792
0 0.39449668141592914 0.017768252212389462 0.39334439528023596 0.009126106194690349 0.39219210914454267 0.0027885324483776647 0.39553834808259597 0.0013020833333333333 0.42130265567765574 0.0013450091575091542 0.44133470695970695 0.0013450091575091542 0.44705815018315015 0.002060439560439557 0.4441964285714286 0.011361034798534793 0.4384729853479854 0.016369047619047613 0.4241643772893773 0.012076465201465198 0.41772550366300365 0.01064560439560439 0.4091403388278389 0.011361034798534793
0 0.4542124542124542 0.0013020833333333333 0.45206616300366304 0.006353021978021975 0.4477735805860806 0.014938186813186809 0.4456272893772894 0.01994619963369963 0.45063530219780223 0.025669642857142853 0.4592204670329671 0.028531364468864465 0.4649439102564103 0.02996222527472527 0.47138278388278393 0.026385073260073253 0.47996794871794873 0.023523351648351645 0.48712225274725274 0.01994619963369963 0.49713827838827845 0.01851533882783882 0.5057234432234433 0.01851533882783882 0.5135931776556776 0.01851533882783882 0.51788576007326 0.016369047619047613 0.5186011904761906 0.0056375915750915715 0.49356112637362637 0.0013450091575091542 0.4785370879120879 0.0013450091575091542 0.46852106227106227 0.0013020833333333333
0 0.12361429663608563 0.26519495412844035 0.13197629969418959 0.25563837920489296 0.14451930428134555 0.24847094801223238 0.1570623088685015 0.24130351681957185 0.1743836009174312 0.23712251529051986 0.18812117737003056 0.2353306574923547 0.19767775229357798 0.23353879969418959 0.20962347094801217 0.23413608562691132 0.22037461773700304 0.2353306574923547 0.2185827599388379 0.24130351681957185 0.2048451834862385 0.24548451834862384 0.193496750764526 0.24847094801223238 0.18453746177370026 0.25026280581039756 0.1719944571865443 0.2538465214067278 0.16004873853211007 0.2592220948012232 0.1522840214067278 0.2628058103975535 0.14451930428134555 0.2675840978593272 0.137351873088685 0.2681813837920489 0.13018444189602443 0.269973241590214
0 0.19469132262996944 0.34224483944954126 0.193496750764526 0.326118119266055 0.19708046636085622 0.31715883027522934 0.2036506116207951 0.3159642584097859 0.22216647553516813 0.31715883027522934 0.2305284785932721 0.317756116207951 0.24127962538226297 0.3189506880733945 0.2520307721712538 0.3195479740061162 0.2526280581039755 0.3243262614678899 0.25143348623853207 0.3416475535168195 0.2526280581039755 0.35060684250764523 0.24904434250764526 0.3553851299694189 0.2406823394495413 0.3619552752293578 0.2365013379204893 0.3673308486238532 0.22993119266055043 0.37629013761467883 0.22336104740061158 0.37151185015290517 0.21559633027522937 0.3595661314984709 0.20842889908256876 0.3512041284403669
0 0.2341121941896024 0.3774847094801223 0.2418769113149847 0.36912270642201833 0.2508362003058104 0.3631498470948012 0.2538226299694189 0.3589688455657492 0.2562117737003058 0.37270642201834864 0.2562117737003058 0.3828602828746177 0.2502389143730887 0.3840548547400611 0.24307148318042807 0.3810684250764526 0.24008505351681952 0.3792765672782874
0 0.25680905963302747 0.35299598623853207 0.25680905963302747 0.3398556957186544 0.25680905963302747 0.3297018348623853 0.25680905963302747 0.3231316896024465 0.2562117737003058 0.3189506880733945 0.263976490825688 0.31835340214067276 0.26875477828746175 0.3201452599388379 0.272338493883792 0.32790997706422015 0.27651949541284404 0.3332855504587156 0.2801032110091743 0.33866112385321095 0.2866733562691131 0.3470231269113149 0.2866733562691131 0.3523987003058104 0.280700496941896 0.3589688455657492 0.2717412079510703 0.3589688455657492 0.26457377675840976 0.35717698776758405
0 0.2532253440366972 0.2872945336391437 0.2603927752293578 0.28490538990825687 0.2657683486238532 0.28490538990825687 0.27472763761467883 0.28908639143730885 0.284881498470948 0.2938646788990826 0.29384078746177367 0.29804568042813456 0.30160550458715596 0.3016293960244648 0.30757836391437304 0.30222668195718655 0.3153430810397553 0.3016293960244648 0.3213159403669725 0.3016293960244648 0.32728879969418956 0.3105886850152905 0.33146980122324154 0.3195479740061162 0.3380399464831804 0.32790997706422015 0.3440128058103975 0.3338828363914373 0.3505829510703364 0.3380638379204893 0.35834766819571856 0.34343941131498473 0.36312595565749234 0.34642584097859325 0.35834766819571856 0.3518014143730887 0.3469992354740061 0.35299598623853207 0.3344562308868501 0.3518014143730887 0.324302370030581 0.35060684250764523 0.31773222477064217 0.3494122706422018 0.3129539373088685 0.34642584097859325 0.31175936544342503 0.3380638379204893 0.3087729357798165 0.32671540519877673 0.3063837920489296 0.317756116207951 0.29981364678899075 0.3123805428134556 0.28846521406727826 0.3070049694189602 0.2777140672782874 0.3010321100917431 0.2657683486238532 0.2962538226299694 0.2603927752293578 0.2926701070336391
0 0.08299885321100915 0.7531775611620795 0.08717985474006114 0.7483992737003057 0.09733371559633026 0.7454128440366973 0.10689029051987764 0.7412318425076453 0.11107129204892963 0.7346616972477064 0.11764143730886849 0.7274942660550457 0.12182243883792047 0.7227159785932722 0.133170871559633 0.7143539755351681 0.14153287461773698 0.7107702599388378 0.14511659021406728 0.7203268348623854 0.14571387614678896 0.7382454128440367 0.14631116207951067 0.7501911314984708 0.14213016055045868 0.7669151376146788 0.13675458715596325 0.7788608562691132 0.1271980122324159 0.7806527140672782 0.11226586391437306 0.7800554281345565 0.10390386085626908 0.7716934250764526 0.09374999999999996 0.7627341360856268 0.08837442660550458 0.7561639908256881
0 0.10629300458715596 0.7967794342507645 0.11883600917431192 0.7884174311926605 0.12898987003058102 0.7842364296636085 0.1427274464831804 0.7848337155963302 0.15467316513761464 0.7872228593272171 0.1612433103975535 0.7914038608562691 0.16303516819571862 0.7997658639143731 0.15765959480122324 0.8063360091743119 0.1564650229357798 0.8129061544342507 0.15527045107033635 0.8224627293577981 0.1427274464831804 0.824851873088685 0.13496272935779816 0.8236573012232414 0.12421158256880731 0.8236573012232414 0.11405772171253821 0.8200735856269112 0.11047400611620795 0.8123088685015291
0 0.16721616972477063 0.7914038608562691 0.18513474770642202 0.789612003058104 0.19409403669724767 0.7920011467889907 0.19887232415902142 0.7872228593272171 0.20424789755351677 0.7740825688073394 0.20603975535168195 0.7669151376146788 0.21022075688073394 0.7543721330275228 0.21022075688073394 0.7442182721712537 0.21738818807339447 0.7478019877675841 0.2251529051987767 0.7597477064220183 0.2341121941896024 0.7788608562691132 0.23889048165137608 0.7914038608562691 0.2365013379204893 0.8033495795107033 0.23232033639143732 0.8087251529051988 0.22216647553516813 0.8236573012232414 0.21440175840978593 0.8296301605504587 0.20603975535168195 0.835005733944954 0.19469132262996944 0.8403813073394494 0.18812117737003056 0.8451595948012232 0.1821483180428134 0.8481460244648318 0.1779673165137614 0.8481460244648318 0.17079988532110088 0.835005733944954 0.16721616972477063 0.8278383027522934 0.16363245412844032 0.816489870030581 0.16661888379204892 0.8057387232415901
0 0.2544199159021407 0.6552226681957186 0.25561448776758405 0.6486525229357798 0.26337920489296635 0.6373040902140672 0.27054663608562685 0.625358371559633 0.2735330657492354 0.6152045107033639 0.2759222094801223 0.6104262232415901 0.2801032110091743 0.6092316513761468 0.2830896406727828 0.6122180810397553 0.2896597859327217 0.6241637996941896 0.29622993119266056 0.6313312308868501 0.3051892201834862 0.6343176605504587 0.3111620795107033 0.635512232415902 0.3147457951070336 0.6444715214067278 0.315940366972477 0.6534308103975535 0.3123566513761467 0.656417240061162 0.297424503058104 0.6552226681957186 0.284881498470948 0.6570145259938838 0.2735330657492354 0.6576118119266054
0 0.4431622706422018 0.4079462920489296 0.4479405581039755 0.4043625764525994 0.45391341743119257 0.40734900611620795 0.46824827981651373 0.41690558103975534 0.47601299694189597 0.42646215596330267 0.4807912844036697 0.43243501529051986 0.4778048547400611 0.4449780198776758 0.4772075688073394 0.4539373088685015 0.48019399847094796 0.46050745412844035 0.48855600152905193 0.46468845565749234 0.49990443425076453 0.46468845565749234 0.5064745795107033 0.46707759938837917 0.5112528669724771 0.47543960244648314 0.5082664373088684 0.486190749235474 0.5016962920489295 0.49156632262996935 0.4903478593272171 0.49276089449541277 0.4795967125382263 0.494552752293578 0.4754157110091743 0.49694189602446476 0.4688455657492354 0.49933103975535165 0.45451070336391436 0.49753918195718655 0.4503297018348624 0.49574732415902134 0.4437595565749235 0.49335818042813456 0.42942469418960244 0.4921636085626911 0.42584097859327213 0.4909690366972477 0.419868119266055 0.4867880351681957 0.42106269113149847 0.4790233180428134 0.42942469418960244 0.47006402905198774 0.4395785550458715 0.45632645259938837 0.4479405581039755 0.44199159021406725 0.4485378440366972 0.43422687308868496 0.4491351299694189 0.42705944189602446 0.4479405581039755 0.417502866972477
0 0.36551509938837917 0.4473671636085627 0.3792526758409786 0.44258887614678893 0.3870173929663608 0.44199159021406725 0.39000382262996935 0.4503535932721712 0.3906011085626911 0.4557291666666667 0.38403096330275227 0.465285741590214 0.37089067278287463 0.4688694571865443 0.36312595565749234 0.4706613149847094 0.36252866972477066 0.45991016819571867
0 0.3386372324159021 0.48200974770642196 0.35118023700305806 0.47543960244648314 0.35655581039755346 0.473647744648318 0.36551509938837917 0.4748423165137614 0.3750716743119266 0.4730504587155963 0.38880925076452594 0.46827217125382264 0.3983658256880733 0.469466743119266 0.4067278287461773 0.47245317278287463 0.4091169724770642 0.4802178899082568 0.4109088302752293 0.4867880351681957 0.4091169724770642 0.49156632262996935 0.40135225535168195 0.4921636085626911 0.39179568042813456 0.49395546636085624 0.3822391055045871 0.49574732415902134 0.36969610091743116 0.49813646788990823 0.36432052752293576 0.49933103975535165 0.35655581039755346 0.49694189602446476 0.35118023700305806 0.4921636085626911 0.3469992354740061 0.4891771788990826
0 0.42464640672782866 0.5118740443425076 0.424049120795107 0.5047066131498471 0.4336056957186544 0.5023174694189602 0.4419676987767584 0.5011228975535168 0.45451070336391436 0.5023174694189602 0.45988627675840976 0.5023174694189602 0.471831995412844 0.5059011850152905 0.4789994266055045 0.5100821865443425 0.48556957186544336 0.5184441896024464 0.48915328746177367 0.5280007645259939 0.48855600152905193 0.5345709097859327 0.4730265672782874 0.5387519113149847 0.46406727828746175 0.5417383409785933 0.4479405581039755 0.539946483180428 0.4431622706422018 0.5363627675840978 0.4353975535168195 0.5315844801223241 0.43121655198776754 0.5190414755351681
0 0.5560493119266056 0.5148604740061161 0.5536601681957186 0.5041093272171253 0.5614248853211009 0.49873375382262997 0.5715787461773699 0.49395546636085624 0.5883027522935779 0.49873375382262997 0.5918864678899082 0.5070957568807339 0.5865108944954128 0.5196387614678899 0.5877054663608562 0.5244170489296636 0.6002484709480121 0.5280007645259939 0.6074159021406728 0.525611620795107 0.6127914755351681 0.5268061926605504 0.6098050458715596 0.5375573394495413 0.602637614678899 0.5477112003058103 0.5966647553516818 0.5614487767584098 0.5948728975535168 0.5680189220183486 0.5912891819571865 0.5811592125382262 0.5871081804281345 0.5871320718654434 0.5781488914373089 0.5865347859327217 0.5739678899082569 0.5847429281345565 0.5685923165137615 0.5751863532110092 0.5662031727828746 0.56503249235474 0.5650086009174311 0.550697629969419 0.5620221712538226 0.533973623853211 0.5608275993883791 0.5274034785932721 0.5602303134556575 0.5208333333333333
0 0.6450449159021406 0.5477112003058103 0.6492259174311926 0.5477112003058103 0.6575879204892966 0.550697629969419 0.6605743501529052 0.5542813455657493 0.667144495412844 0.552489487767584 0.6701309250764526 0.5548786314984709 0.6772983562691132 0.5578650611620795 0.6886467889908255 0.5626433486238532 0.6988006498470947 0.5662270642201834 0.7065653669724771 0.5721999235474006 0.7113436544342506 0.5727972094801222 0.7203029434250764 0.5716026376146789 0.727470374617737 0.5614487767584098 0.7340405198776758 0.5596569189602446 0.7352350917431192 0.5692134938837919 0.731651376146789 0.5805619266055045 0.7286649464831804 0.5954940749235473 0.727470374617737 0.6050506498470948 0.7280676605504587 0.6152045107033639 0.7209002293577981 0.6169963685015291 0.7131355122324159 0.6152045107033639 0.7053707951070335 0.6104262232415901 0.6976060779816513 0.6026615061162078 0.6910359327217125 0.5889239296636085 0.6808820718654434 0.5829510703363914 0.6737146406727827 0.5823537844036697 0.6725200688073394 0.5853402140672782 0.6719227828746176 0.5937022171253822 0.6725200688073394 0.6032587920489296 0.6796875 0.6104262232415901 0.6677417813455656 0.6122180810397553 0.6480313455657493 0.6163990825688073 0.6378774847094801 0.6193855122324159 0.6283209097859327 0.6217746559633027 0.6253344801223241 0.6175936544342507 0.6205561926605504 0.6038560779816513 0.6223480504587156 0.5931049311926605 0.6330991972477064 0.5805619266055045 0.6384747706422017 0.5662270642201834 0.6450449159021406 0.5554759174311926
0 0.6569906345565748 0.4963446100917431 0.6683390672782874 0.490371750764526 0.6784929281345565 0.48200974770642196 0.6862576452599387 0.4760368883792048 0.6934250764525993 0.47125860091743116 0.7005925076452599 0.46827217125382264 0.7065653669724771 0.46588302752293576 0.7047735091743119 0.4593128822629969 0.7101490825688073 0.4545345948012232 0.7203029434250764 0.45991016819571867 0.7280676605504587 0.4557291666666667 0.7346378058103974 0.4485617354740061 0.740013379204893 0.4473671636085627 0.7513618119266053 0.4497563073394495 0.7555428134556573 0.4545345948012232 0.7531536697247706 0.46767488532110085 0.7477780963302751 0.4784260321100917 0.740013379204893 0.49156632262996935 0.7352350917431192 0.49574732415902134 0.7017870795107033 0.49574732415902134 0.6934250764525993 0.5023174694189602 0.6820766437308867 0.5035120412844036 0.6689363532110092 0.5011228975535168
0 0.7346378058103974 0.5363627675840978 0.7406106651376146 0.5142631880733944 0.7465835244648318 0.502914755351682 0.758529243119266 0.49813646788990823 0.7686831039755351 0.49395546636085624 0.7806288226299692 0.48977446483180426 0.7889908256880732 0.4885798929663608 0.7985474006116208 0.49156632262996935 0.8069094036697247 0.49515003822629966 0.8104931192660549 0.5064984709480121 0.8182578363914373 0.5196387614678899 0.8194524082568807 0.5268061926605504 0.8200496941896024 0.5309871941896024 0.8218415519877675 0.5375573394495413 0.8224388379204893 0.542335626911315 0.8224388379204893 0.5489057721712538 0.8146741207951069 0.556670489296636 0.8057148318042814 0.5620460626911314 0.7949636850152905 0.56503249235474 0.7866016819571865 0.5668243501529052 0.7788369648318042 0.5662270642201834 0.7692803899082569 0.5626433486238532 0.7555428134556573 0.560851490825688 0.7429998088685014 0.5614487767584098 0.7382215214067278 0.5560732033639143 0.7352350917431192 0.5489057721712538 0.733443233944954 0.5435301987767583
0 0.0013020833333333333 0.16429721030042918 0.0013020833333333333 0.1536793633762518 0.0013020833333333333 0.14976752503576538 0.0013020833333333333 0.1503263590844063 0.0013020833333333333 0.15591469957081544 0.0013020833333333333 0.16988555078683834 0.0013020833333333333 0.1754738912732475 0.0013020833333333333 0.17156205293276108
0 0.0013020833333333333 0.15535586552217454 0.0013020833333333333 0.1430615164520744 0.0013020833333333333 0.13356133762517883 0.0013020833333333333 0.13020833333333334 0.0013020833333333333 0.1296494992846924 0.0013020833333333333 0.1296494992846924 0.0013020833333333333 0.13020833333333334 0.0013020833333333333 0.1363555078683834 0.0013020833333333333 0.14864985693848354 0.0013020833333333333 0.15703236766809728 0.0013020833333333333 0.16597371244635192 0.0013020833333333333 0.18329756795422034 0.0013020833333333333 0.19112124463519312 0.0013020833333333333 0.20118025751072963 0.0013020833333333333 0.21068043633762515 0.0013020833333333333 0.2145922746781116 0.0013020833333333333 0.21794527896995708 0.0013020833333333333 0.20676859799713876 0.0013020833333333333 0.19559191702432044 0.0013020833333333333 0.18776824034334763 0.0013020833333333333 0.1793857296137339 0.0013020833333333333 0.17435622317596566 0.0013020833333333333 0.16541487839771102
0 0.0013020833333333333 0.1184728183118741 0.0013020833333333333 0.10841380543633762 0.0013020833333333333 0.1000312947067239 0.0013020833333333333 0.09444295422031473 0.0013020833333333333 0.09053111587982832 0.0013020833333333333 0.08158977110157367 0.0013020833333333333 0.07097192417739627 0.0013020833333333333 0.0715307582260372 0.0013020833333333333 0.0787956008583691 0.0013020833333333333 0.09220761802575107 0.0013020833333333333 0.09947246065808298 0.0013020833333333333 0.1045019670958512 0.0013020833333333333 0.11288447782546494 0.0013020833333333333 0.11679631616595136 0.0013020833333333333 0.12238465665236052 0.0013020833333333333 0.125737660944206 0.0013020833333333333 0.12461999284692417 0.0013020833333333333 0.1251788268955651 0.0013020833333333333 0.1251788268955651 0.0013020833333333333 0.1285318311874106
0 0.0013020833333333333 0.17379738912732476 0.0013020833333333333 0.16317954220314734 0.0013020833333333333 0.1542381974248927 0.0013020833333333333 0.15256169527896996 0.0013020833333333333 0.15870886981402002 0.0013020833333333333 0.16541487839771102 0.0013020833333333333 0.16988555078683834 0.0013020833333333333 0.17435622317596566 0.0013020833333333333 0.17882689556509299 0.0013020833333333333 0.18273873390557938 0.0013020833333333333 0.1860917381974249 0.0013020833333333333 0.18273873390557938 0.0013020833333333333 0.17882689556509299 0.0013020833333333333 0.1760327253218884 0.0013020833333333333 0.17826806151645205 0.0013020833333333333 0.17882689556509299
0 0.017726216022889856 0.0013020833333333333 0.029461731044349054 0.008382510729613733 0.047903254649499294 0.012294349070100142 0.055168097281831176 0.012294349070100142 0.06522711015736767 0.007823676680972818 0.07584495708154508 0.0013020833333333333 0.054609263233190264 0.0016765021459227468 0.03616773962804006 0.0022353361945636626 0.023314556509298996 0.0016765021459227468
0 0.0842274678111588 0.0022353361945636626 0.06969778254649499 0.011176680972818312 0.0624329399141631 0.018441523605150213 0.05852110157367666 0.021235693848354793 0.06522711015736767 0.025706366237482115 0.0769626251788269 0.02682403433476395 0.09260997854077253 0.02682403433476395 0.09819831902718168 0.0324123748211731 0.10434549356223177 0.0357653791130186 0.11049266809728182 0.037441881258941344 0.11887517882689558 0.039118383404864086 0.13061069384835478 0.043589055793991416 0.13731670243204577 0.04805972818311874 0.13564020028612303 0.03800071530758226 0.13116952789699568 0.028500536480686695 0.13005185979971387 0.013412017167381975 0.1278165236051502 0.0013020833333333333 0.11887517882689558 0.0013020833333333333 0.09987482117310442 0.0013020833333333333
0 0.09372764663805437 0.07376609442060085 0.10099248927038625 0.0787956008583691 0.10266899141630899 0.08214860515021459 0.11775751072961371 0.06873658798283262 0.12893419170243203 0.05755990701001431 0.13284603004291842 0.05253040057224606 0.11663984263233189 0.04526555793991416 0.10322782546494991 0.041353719599427755 0.10266899141630899 0.04861856223175965 0.09819831902718168 0.05867757510729613 0.09540414878397711 0.06761891988555079
0 0.0013020833333333333 0.6465709942775394 0.01269670958512159 0.6404238197424893 0.020520386266094426 0.6370708154506438 0.028344062947067223 0.6258941344778254 0.03449123748211732 0.6175116237482118 0.043991416309012855 0.6158351216022889 0.05405042918454935 0.6147174535050072 0.05963876967095849 0.6186292918454935 0.07025661659513589 0.6298059728183119 0.06746244635193133 0.6426591559370529 0.05963876967095849 0.6493651645207439 0.04678558655221746 0.6493651645207439 0.038403075822603716 0.6504828326180258 0.018285050071530768 0.6577476752503576 0.006549535050071535 0.6583065092989985
0 0.07863912732474965 0.31462356938483543 0.08199213161659513 0.30568222460658084 0.08702163805436336 0.29674087982832614 0.09540414878397711 0.2894760371959943 0.10155132331902716 0.284446530758226 0.10993383404864092 0.2794170243204578 0.11552217453505005 0.2771816881258941 0.1199928469241774 0.27774052217453504 0.1272576895565093 0.2917113733905579 0.13452253218884122 0.3095940629470672 0.13675786838340487 0.32468258226037194 0.13955203862660945 0.33809459942775394 0.1384343705293276 0.34312410586552217 0.13061069384835478 0.3459182761087267 0.12446351931330472 0.34032993562231756 0.1194340128755365 0.3302709227467811 0.11049266809728182 0.32859442060085836 0.0993159871244635 0.33138859084406297 0.09260997854077253 0.33082975679542204 0.08702163805436336 0.32356491416309013
0 0.13116952789699568 0.2900348712446352 0.12949302575107294 0.28165236051502146 0.13116952789699568 0.2749463519313305 0.13731670243204577 0.271593347639485 0.14905221745350503 0.2710345135908441 0.1563170600858369 0.2721521816881259 0.16414073676680974 0.2771816881258941 0.17140557939914167 0.28221119456366234 0.17475858369098715 0.2872407010014306 0.1797880901287554 0.29674087982832614 0.18369992846924177 0.30288805436337624 0.18537643061516454 0.3084763948497854 0.18537643061516454 0.3135059012875536 0.17419974964234627 0.317976573676681 0.16358190271816883 0.3196530758226037 0.15352288984263232 0.31462356938483543 0.14458154506437768 0.3084763948497854 0.13508136623748213 0.2950643776824034
0 0.2703192060085837 0.8449570815450643 0.2781428826895565 0.841045243204578 0.28596655937052934 0.8421629113018598 0.2965844062947067 0.8466335836909872 0.3044080829756796 0.8533395922746781 0.3139082618025751 0.8617221030042918 0.32564377682403434 0.8689869456366237 0.3418499642346209 0.8768106223175965 0.3552619814020029 0.8807224606580829 0.36532099427753933 0.8863108011444921 0.3759388412017168 0.8946933118741058 0.3692328326180258 0.8969286480686695 0.35861498569384836 0.8930168097281831 0.34687947067238917 0.8918991416309012 0.3373792918454936 0.8924579756795422 0.32732027896995713 0.8969286480686695 0.3245261087267525 0.8958109799713877 0.30049624463519314 0.8851931330472103 0.29099606580829757 0.8790459585121603 0.2803782188841202 0.8689869456366237 0.27143687410586553 0.8544572603719599
0 0.28652539341917027 0.7968973533619456 0.28987839771101576 0.7784558297567954 0.29099606580829757 0.7689556509298998 0.2965844062947067 0.7711909871244634 0.301055078683834 0.7795734978540773 0.3060845851216023 0.7890736766809727 0.30664341917024324 0.7946620171673819 0.3060845851216023 0.8030445278969957 0.3027315808297568 0.8069563662374821 0.29602557224606585 0.8080740343347639
0 0.3099964234620887 0.7974561874105865 0.3194966022889843 0.7946620171673819 0.3373792918454936 0.7929855150214592 0.34520296852646637 0.7901913447782546 0.35358547925608014 0.7840441702432046 0.361409155937053 0.7767793276108726 0.3664386623748212 0.7695144849785408 0.3703505007153076 0.7628084763948498 0.3781741773962804 0.7566613018597996 0.387674356223176 0.7516317954220315 0.3921450286123033 0.7527494635193133 0.38599785407725323 0.7661614806866952 0.38879202432045784 0.773985157367668 0.38879202432045784 0.7801323319027181 0.3843213519313305 0.7840441702432046 0.3764976752503577 0.7857206723891274 0.36252682403433484 0.7946620171673819 0.361409155937053 0.8002503576537912 0.3630856580829757 0.8131035407725321 0.3703505007153076 0.827633226037196 0.3770565092989986 0.8248390557939914 0.38599785407725323 0.8298685622317596 0.38823319027181685 0.841045243204578 0.38208601573676687 0.8455159155937052 0.3697916666666667 0.8466335836909872 0.35861498569384836 0.840486409155937 0.35135014306151646 0.827074391988555 0.34129113018598 0.8186918812589413 0.33011444921316163 0.8147800429184548 0.3245261087267525 0.8125447067238912 0.3167024320457797 0.8063975321888411 0.3105552575107296 0.8030445278969957
0 0.36811516452074394 0.8058386981402003 0.3686739985693848 0.7968973533619456 0.3725858369098713 0.7935443490701002 0.38376251788268956 0.7901913447782546 0.38990969241773965 0.7907501788268956 0.39493919885550793 0.7952208512160229 0.4038805436337625 0.7996915236051502 0.4100277181688126 0.8024856938483548 0.4038805436337625 0.8103093705293275 0.39438036480686695 0.8203683834048641 0.38879202432045784 0.8237213876967097 0.3759388412017168 0.8198095493562231 0.3692328326180258 0.8142212088698141 0.3692328326180258 0.8114270386266095
0 0.0013020833333333333 0.826515557939914 0.0013020833333333333 0.8131035407725321 0.006549535050071535 0.8047210300429185 0.011020207439198848 0.7980150214592275 0.01381437768240342 0.7901913447782546 0.011579041487839762 0.781808834048641 0.007667203147353363 0.7728674892703862 0.007108369098712449 0.7628084763948498 0.013255543633762504 0.7600143061516452 0.024432224606580826 0.7577789699570815 0.045109084406294686 0.761131974248927 0.05907993562231758 0.7499552932761087 0.06466827610872676 0.7404551144492131 0.07025661659513589 0.7320726037195994 0.07808029327610873 0.7371021101573677 0.07919796137339057 0.7488376251788269 0.07081545064377681 0.7566613018597996 0.06522711015736767 0.7644849785407725 0.05684459942775392 0.7823676680972818 0.05125625894134478 0.7946620171673819 0.049020922746781125 0.8036033619456365 0.045109084406294686 0.8119858726752504 0.037844241773962804 0.8158977110157367 0.02610872675250357 0.8158977110157367 0.011020207439198848 0.8186918812589413 0.004314198855507878 0.8231625536480687
0 0.02666756080114448 0.8242802217453504 0.03560890557939914 0.8192507153075822 0.048462088698140206 0.8220448855507868 0.05293276108726752 0.8242802217453504 0.0624329399141631 0.8304273962804006 0.06858011444921315 0.833221566523605 0.0601976037195994 0.8427217453505006 0.05293276108726752 0.8477512517882689 0.048462088698140206 0.8488689198855508 0.038403075822603716 0.8438394134477826 0.029461731044349054 0.841045243204578
0 0.07640379113018599 0.8393687410586552 0.0769626251788269 0.826515557939914 0.07863912732474965 0.8147800429184548 0.08087446351931331 0.8080740343347639 0.08702163805436336 0.8030445278969957 0.09428648068669528 0.8013680257510729 0.10490432761087269 0.8041621959942775 0.10713966380543634 0.8119858726752504 0.1054631616595136 0.827633226037196 0.10155132331902716 0.8399275751072962 0.09987482117310442 0.8494277539341918 0.09037464234620889 0.8455159155937052
0 0.35973265379113023 0.9153701716738197 0.36811516452074394 0.9053111587982832 0.3787330114449214 0.9019581545064378 0.38823319027181685 0.9114583333333334 0.38879202432045784 0.9226350143061516 0.38990969241773965 0.9360470314735335 0.3904685264663806 0.9455472103004291 0.38879202432045784 0.9522532188841201 0.38488018597997137 0.965665236051502 0.3843213519313305 0.9790772532188842 0.38376251788268956 0.9852244277539342 0.38419996584699456 0.9968195013661202 0.3703253073770491 0.9957522199453552 0.3543160860655738 0.9968195013661202 0.3479123975409835 0.9861466871584699 0.34577783469945356 0.9765411543715846 0.35538336748633875 0.9626664959016393 0.3596524931693989 0.9423881489071038 0.3585852117486339 0.9285134904371585
0 0.0013020833333333333 0.019189719945355208 0.0013020833333333333 0.02025700136612024 0.0013020833333333333 0.023458845628415322 0.0013020833333333333 0.030929815573770513 0.0013020833333333333 0.03733350409836068 0.0013020833333333333 0.04480447404371587 0.0013020833333333333 0.05974641393442625 0.0013020833333333333 0.0693519467213115 0.0013020833333333333 0.08109204234972679 0.0013020833333333333 0.08215932377049183 0.0013020833333333333 0.08002476092896177 0.0013020833333333333 0.05867913251366123 0.0013020833333333333 0.0384007855191257 0.0013020833333333333 0.029264856557377178
0 0.006382342896174824 0.02025700136612024 0.0042477800546447675 0.041602629781420784 0.0013020833333333333 0.06508282103825139 0.0013020833333333333 0.08322660519125685 0.0013020833333333333 0.09389941939890711 0.0013020833333333333 0.09923582650273226 0.00851690573770488 0.10777407786885247 0.01598787568306011 0.11524504781420768 0.018122438524590168 0.1248505806010929 0.01918971994535516 0.13765795765027325 0.026660689890710392 0.14939805327868855 0.03199709699453549 0.13338883196721313 0.044804474043715826 0.11737961065573772 0.05761185109289616 0.10670679644808745 0.06401553961748634 0.0971012636612022 0.0565445696721311 0.08109204234972679 0.05227544398907099 0.07148650956284155 0.04587175546448082 0.05654456967213117 0.04266991120218577 0.04587175546448089 0.04053534836065572 0.029862534153005483 0.04160262978142071 0.019189719945355208 0.025593408469945327 0.021324282786885265
0 0.7397559852670349 0.2539422191528545 0.742633517495396 0.23308011049723756 0.7404753683241253 0.2244475138121547 0.7455110497237568 0.2172536832412523 0.7483885819521179 0.2136567679558011 0.7642150092081031 0.2172536832412523 0.7692506906077349 0.2266056629834254 0.7721282228360957 0.23811579189686924 0.7699700736648251 0.24602900552486187 0.7692506906077349 0.2532228360957643 0.7764445211786372 0.2539422191528545 0.7800414364640883 0.25753913443830573 0.7821995856353591 0.2712074125230202 0.7793220534069981 0.2784012430939226 0.7793220534069981 0.28847260589318596 0.7807608195211787 0.2992633517495396 0.7807608195211787 0.3042990331491712 0.7742863720073664 0.3129316298342541 0.7663731583793738 0.3194060773480663 0.7555824125230202 0.32300299263351745 0.7404753683241253 0.32444175874769793 0.7361590699815838 0.3194060773480663 0.7354396869244936 0.30861533149171266 0.7361590699815838 0.2920695211786372 0.7361590699815838 0.27552371086556166 0.7354396869244936 0.2654523480662983
0 0.48967760180995473 0.3641119909502262 0.4938018476621418 0.35939856711915535 0.5032286953242836 0.3570418552036199 0.5091204751131221 0.36116610105580693 0.5108880090497738 0.3700037707390649 0.5114771870286576 0.3770739064856712 0.505585407239819 0.3770739064856712 0.49615855957767724 0.37118212669683254
0 0.40189008295625944 0.9191176470588235 0.40365761689291096 0.9049773755656109 0.41131693061840124 0.8926046380090499 0.42192213423831076 0.8814102564102564 0.4301706259426848 0.8761076546003017 0.4384191176470588 0.878464366515837 0.4454892533936652 0.8855345022624435 0.4496134992458522 0.8884803921568628 0.45020267722473606 0.8973180618401208 0.4449000754147813 0.9102799773755655 0.43959747360482654 0.9208851809954751 0.43311651583710403 0.9273661387631976 0.4272247360482655 0.942095588235294 0.42545720211161386 0.9527007918552036 0.42192213423831076 0.9691977752639517 0.41838706636500755 0.9709653092006033 0.4130844645550528 0.9532899698340875 0.40837104072398195 0.9391496983408748 0.4042467948717949 0.9314903846153846 0.4013009049773755 0.9250094268476622
0 0.45727281297134237 0.8861236802413273 0.46669966063348417 0.8790535444947211 0.47907239819004527 0.8702158748114631 0.48967760180995473 0.8554864253393665 0.49321266968325794 0.8484162895927602 0.5002828054298644 0.8495946455505279 0.5067637631975868 0.8560756033182505 0.5108880090497738 0.8672699849170438 0.5132447209653092 0.878464366515837 0.518547322775264 0.8890695701357466 0.5256174585218703 0.8943721719457014 0.5421144419306184 0.8984964177978885 0.5538980015082956 0.9008531297134238 0.556843891402715 0.9067449095022625 0.5592006033182503 0.917350113122172 0.5574330693815988 0.9309012066365008 0.5533088235294118 0.9391496983408748 0.5485953996983408 0.942095588235294 0.5415252639517346 0.9397388763197587 0.5362226621417797 0.9344362745098039 0.5320984162895929 0.9226527149321266 0.5297417043740573 0.9167609351432882 0.5244391025641026 0.9126366892911011 0.5191365007541479 0.9073340874811463 0.5126555429864253 0.8996747737556561 0.5049962292609352 0.8920154600301659 0.4985152714932127 0.8926046380090499 0.4873208898944193 0.8937829939668175 0.48378582202111614 0.8996747737556561 0.47907239819004527 0.904388197586727 0.4708239064856712 0.9032098416289593 0.4619862368024133 0.9008531297134238 0.45727281297134237 0.8973180618401208 0.45668363499245856 0.8926046380090499
0 0.5615573152337858 0.9008531297134238 0.5680382730015082 0.8979072398190046 0.5768759426847662 0.8979072398190046 0.5874811463046757 0.8973180618401208 0.5921945701357466 0.90026395173454 0.5957296380090499 0.904388197586727 0.5851244343891403 0.9144042232277526 0.5821785444947211 0.9232418929110106 0.5810001885369532 0.9356146304675717 0.5833569004524887 0.942095588235294 0.5868919683257919 0.9456306561085973 0.594551282051282 0.9432739441930619 0.60338895173454 0.9403280542986425 0.6098699095022625 0.942095588235294 0.6169400452488688 0.951522435897436 0.6228318250377075 0.9580033936651584 0.6251885369532428 0.9656627073906486 0.620475113122172 0.9768570889894419 0.6169400452488688 0.9909973604826546 0.6151725113122172 0.9980674962292609 0.608237886500754 0.9986979166666666 0.5827677224736049 0.9986979166666666 0.5686274509803922 0.9921757164404222 0.5674490950226244 0.9750895550527904 0.5668599170437406 0.963895173453997 0.5639140271493214 0.9550575037707391 0.5562547134238311 0.9556466817496229 0.5497737556561085 0.9538791478129713 0.5491845776772247 0.9503440799396682 0.5544871794871794 0.9462198340874811 0.5592006033182503 0.9367929864253394 0.5633248491704373 0.9167609351432882 0.560968137254902 0.9091016214177979
0 0.6646634615384616 0.6810897435897436 0.6699660633484164 0.6852139894419307 0.684106334841629 0.6911057692307693 0.6894089366515838 0.7011217948717948 0.6988357843137255 0.7070135746606335 0.7117976998491704 0.7099594645550528 0.7294730392156863 0.708781108597285 0.7430241327300151 0.7052460407239819 0.7524509803921569 0.7011217948717948 0.7618778280542986 0.7052460407239819 0.7701263197586727 0.7140837104072398 0.7736613876319759 0.7252780920060332 0.7766072775263951 0.7276348039215687 0.7807315233785822 0.7193863122171945 0.7807315233785822 0.7105486425339366 0.7795531674208145 0.6987650829562595 0.7754289215686274 0.6946408371040724 0.7683587858220212 0.6846248114630468 0.7683587858220212 0.6816789215686274 0.7754289215686274 0.6787330316742081 0.7724830316742081 0.6746087858220212 0.7654128959276019 0.6704845399698341 0.760699472096531 0.6687170060331825 0.7577535822021116 0.6746087858220212 0.7489159125188537 0.6746087858220212 0.739489064856712 0.6687170060331825 0.7288838612368025 0.6604685143288085 0.7188678355957768 0.6504524886877828 0.714154411764706 0.6504524886877828 0.7023708521870287 0.6551659125188537 0.6958898944193063 0.6610576923076923 0.6911764705882354 0.6687170060331825 0.6805712669683258 0.6704845399698341
0 0.7824990573152338 0.6610576923076923 0.7807315233785822 0.6510416666666666 0.78190987933635 0.6410256410256411 0.7860341251885369 0.6357230392156863 0.7954609728506788 0.6339555052790348 0.8019419306184012 0.6433823529411765 0.8019419306184012 0.6528092006033183 0.803120286576169 0.666949472096531 0.8101904223227753 0.6769654977375565 0.8196172699849171 0.6893382352941176 0.8237415158371041 0.6946408371040724 0.8143146681749623 0.6887490573152338 0.803120286576169 0.6810897435897436 0.7913367269984918 0.675197963800905 0.7854449472096531 0.6675386500754148
0 0.8832484917043741 0.8283842383107088 0.8991562971342383 0.8142439668174962 0.9032805429864253 0.8071738310708899 0.9150641025641026 0.8042279411764706 0.9256693061840121 0.8089413650075414 0.9309719079939668 0.81483314479638 0.9398095776772247 0.8201357466063349 0.9480580693815988 0.8254383484162896 0.9445230015082956 0.8307409502262444 0.9327394419306184 0.8319193061840121 0.9221342383107088 0.8336868401206637 0.90858314479638 0.8454703996983409 0.9026913650075414 0.853718891402715 0.8997454751131221 0.8655024509803922 0.8897294494720965 0.8702158748114631 0.8832484917043741 0.86668080693816 0.8803026018099548 0.8472379336349926 0.8803026018099548 0.8354543740573153
0 0.0013020833333333333 0.3110170717592593 0.0013020833333333333 0.30197482638888895 0.0013020833333333333 0.29926215277777785 0.0013020833333333333 0.303783275462963 0.0013020833333333333 0.31011284722222227 0.0013020833333333333 0.31734664351851855 0.0013020833333333333 0.3245804398148149 0.0013020833333333333 0.327293113425926 0.0013020833333333333 0.3200593171296297
0 0.0013020833333333333 0.28569878472222227 0.0013020833333333333 0.2721354166666667 0.0013020833333333333 0.26399739583333337 0.0013020833333333333 0.2576678240740741 0.0013020833333333333 0.25314670138888895 0.0013020833333333333 0.24410445601851857 0.0013020833333333333 0.2576678240740741 0.0013020833333333333 0.2730396412037038 0.0013020833333333333 0.2866030092592593 0.0013020833333333333 0.2956452546296297 0.0013020833333333333 0.3001663773148149 0.0013020833333333333 0.29202835648148157
0 0.0013020833333333333 0.351707175925926 0.0013020833333333333 0.3444733796296297 0.0013020833333333333 0.33452690972222227 0.0013020833333333333 0.32910156250000006 0.0013020833333333333 0.3300057870370371 0.0013020833333333333 0.3381438078703704
0 0.0013020833333333333 0.3191550925925926 0.0013020833333333333 0.328197337962963 0.0013020833333333333 0.33633535879629634 0.0013020833333333333 0.328197337962963 0.0013020833333333333 0.2974537037037038 0.004032841435185157 0.2947410300925926 0.013979311342592596 0.2893156828703704 0.017596209490740738 0.2820818865740741 0.016691984953703682 0.2739438657407408 0.00674551504629628 0.26851851851851855 0.0013020833333333333 0.2739438657407408 0.0013020833333333333 0.2766565393518519 0.0013020833333333333 0.2757523148148149 0.0013020833333333333 0.2739438657407408 0.0013020833333333333 0.279369212962963 0.0013020833333333333 0.2893156828703704 0.0013020833333333333 0.3001663773148149
0 0.0013020833333333333 0.42297535211267606 0.0013020833333333333 0.41930751173708924 0.0013020833333333333 0.4144170579029734 0.0013020833333333333 0.4119718309859155 0.0013020833333333333 0.40891529733959314 0.0013020833333333333 0.4083039906103287 0.0013020833333333333 0.4095266040688576 0.0013020833333333333 0.40769268388106417 0.0013020833333333333 0.4028022300469483 0.0013020833333333333 0.4015796165884194 0.0013020833333333333 0.41380575117370894 0.0013020833333333333 0.425420579029734 0.0013020833333333333 0.42664319248826293 0.0013020833333333333 0.425420579029734 0.0013020833333333333 0.4278658059467919 0.0013020833333333333 0.4388693270735524 0.0013020833333333333 0.44620500782472616 0.0013020833333333333 0.45476330203442883 0.0013020833333333333 0.45659722222222227 0.0013020833333333333 0.45354068857589985 0.0013020833333333333 0.4492615414710485 0.0013020833333333333 0.43948063380281693 0.0013020833333333333 0.42969972613458535
0 0.0013020833333333333 0.425420579029734 0.0013020833333333333 0.41747359154929575 0.0013020833333333333 0.4083039906103287 0.0013020833333333333 0.39607785602503914 0.0013020833333333333 0.39607785602503914 0.0013020833333333333 0.39363262910798125 0.0013020833333333333 0.38079518779342725 0.0013020833333333333 0.374070813771518 0.0013020833333333333 0.36856905320813776 0.0013020833333333333 0.3722368935837246 0.0013020833333333333 0.386908255086072 0.0063331377151799595 0.3966891627543036 0.012446205007824748 0.40585876369327073 0.009389671361502372 0.4144170579029734 0.0020539906103286634 0.43153364632237873 0.0013020833333333333 0.44192586071987483 0.0013020833333333333 0.4517067683881064 0.0013020833333333333 0.4492615414710485 0.0013020833333333333 0.438258020344288 0.0013020833333333333 0.4278658059467919 0.0013020833333333333 0.424197965571205 0.0013020833333333333 0.42908841940532083
0 0.0020539906103286634 0.3759047339593114 0.007555751173708917 0.37101428012519566 0.012446205007824748 0.3618446791862285 0.010000978090766832 0.35145246478873243 0.008167057902973415 0.34289417057902977 0.01122359154929579 0.336781103286385 0.022227112676056333 0.3337245696400626 0.038121087636932706 0.336781103286385 0.04301154147104854 0.34106025039123633 0.050347222222222245 0.35756553208137715 0.056460289514867 0.36551251956181535 0.058905516431924876 0.37162558685446007 0.048513302034428794 0.38140649452269176 0.041177621283255084 0.38996478873239443 0.03261932707355242 0.40096830985915494 0.01733665884194054 0.399745696400626 0.012446205007824748 0.39485524256651017 0.007555751173708917 0.3856856416275431
0 0.05385638297872338 0.35233820921985815 0.060505319148936164 0.34513519503546103 0.06493794326241135 0.3423648049645391 0.060505319148936164 0.33737810283687947 0.0527482269503546 0.33737810283687947 0.050531914893617004 0.3407025709219858 0.048869680851063836 0.3467974290780142
0 0.0959663120567376 0.3828125 0.09762854609929077 0.3728390957446808 0.10483156028368794 0.36452792553191493 0.11480496453900708 0.3667442375886525 0.12588652482269502 0.3689605496453901 0.13918439716312056 0.3656360815602837 0.14638741134751773 0.358987145390071 0.1541445035460993 0.36064937943262415 0.15636081560283688 0.3661901595744681 0.15802304964539005 0.3817043439716312 0.1558067375886525 0.38946143617021284 0.14583333333333334 0.39389406028368795 0.1330895390070922 0.3955562943262412 0.11923758865248224 0.39666445035460995 0.10871010638297869 0.3950022163120568 0.10095301418439713 0.3900155141843972
0 0.12367021276595742 0.4265846631205674 0.13031914893617022 0.42270611702127664 0.13863031914893617 0.431571365248227 0.14084663120567376 0.43932845744680854 0.13863031914893617 0.44874778368794327 0.1325354609929078 0.45595079787234044 0.12477836879432624 0.45927526595744683 0.12311613475177303 0.4481937056737589 0.12367021276595742 0.4376662234042554 0.12311613475177303 0.43212544326241137
0 0.7086184610705596 0.39727798053527974 0.7114697384428222 0.3830215936739659 0.7171722931873479 0.37161648418491483 0.7352303832116788 0.3801703163017031 0.7485363442822384 0.3877737226277372 0.7523380474452553 0.3934762773722627 0.7485363442822384 0.4029805352798053 0.7361808090024331 0.40107968369829683 0.7276269768856447 0.40203010948905105
0 0.7399825121654501 0.3431037104622871 0.758040602189781 0.3450045620437956 0.7713465632603406 0.3507071167883211 0.7865533759124087 0.3488062652068126 0.7979584854014599 0.33930200729927007 0.7960576338199513 0.3326490267639903 0.7779995437956204 0.3269464720194647 0.7627927311435522 0.3269464720194647 0.7485363442822384 0.32789689781021897 0.7418833637469585 0.331698600973236
0 0.07563488442822386 0.08934002433090023 0.07848616180048666 0.10644768856447688 0.08038701338199516 0.11500152068126519 0.0936929744525548 0.11975364963503649 0.10889978710462293 0.12260492700729926 0.10224680656934311 0.10644768856447688 0.09939552919708032 0.0969434306569343 0.09464340024330901 0.0855383211678832 0.08703999391727497 0.07983576642335766
0 0.025262317518248218 0.16727493917274938 0.03381614963503654 0.1577706812652068 0.04332040754257912 0.14921684914841848 0.04236998175182486 0.1330596107055961 0.04522125912408762 0.12450577858880778 0.05377509124087591 0.12545620437956204 0.057576794403892996 0.13496046228710462 0.07183318126520684 0.14826642335766424 0.07373403284671536 0.15682025547445252 0.06518020072992703 0.1710766423357664 0.06042807177615572 0.18533302919708028 0.061378497566910016 0.20053984184914841 0.04617168491484188 0.18248175182481752
0 0.010055504866180084 0.2613670924574209 0.008154653284671576 0.2499619829683698 0.007204227493917322 0.2366560218978102 0.018609336982968405 0.2347551703163017 0.03001444647201949 0.24045772506082722 0.04236998175182486 0.24330900243309003 0.05282466545012169 0.24235857664233573 0.05852722019464721 0.25851581508515814 0.06042807177615572 0.26516879562043794 0.04141955596107061 0.2680200729927007 0.029064020681265235 0.26992092457420924
0 0.05662636861313871 0.2366560218978102 0.061378497566910016 0.2233500608272506 0.07183318126520684 0.23095346715328466 0.08323829075425797 0.23570559610705596 0.08228786496350367 0.24901155717761556 0.06898190389294405 0.25946624087591236 0.06232892335766423 0.2509124087591241
0 0.0013020833333333333 0.4638077858880778 0.0013020833333333333 0.4657086374695863 0.0013020833333333333 0.47236161800486615 0.0013020833333333333 0.4733120437956204 0.0013020833333333333 0.47051779197080285
0 0.0013020833333333333 0.48186587591240876 0.0013020833333333333 0.4761633211678831 0.0013020833333333333 0.4752128953771289 0.0013020833333333333 0.482816301703163 0.0013020833333333333 0.4932709854014598 0.0013020833333333333 0.5065769464720195 0.0013020833333333333 0.5141803527980535 0.0013020833333333333 0.5265358880778589 0.0013020833333333333 0.5350897201946472 0.0013020833333333333 0.5388914233576642 0.0013020833333333333 0.5379409975669099 0.0013020833333333333 0.5294727037712894 0.0013020833333333333 0.5008743917274939 0.0013020833333333333 0.48471715328467146
0 0.0013020833333333333 0.5008743917274939 0.0013020833333333333 0.48946928223844277 0.0013020833333333333 0.47711374695863745 0.0013020833333333333 0.47236161800486615 0.0013020833333333333 0.4657086374695863 0.0013020833333333333 0.4638077858880778 0.0013020833333333333 0.47711374695863745 0.0013020833333333333 0.48376672749391725 0.0013020833333333333 0.48946928223844277 0.0013020833333333333 0.4980231143552311 0.0013020833333333333 0.5094282238442822
0 0.0013020833333333333 0.5559990875912408 0.0013020833333333333 0.545544403892944 0.0013020833333333333 0.5379409975669099 0.0013020833333333333 0.5284367396593673 0.0013020833333333333 0.5265358880778589 0.0013020833333333333 0.5255854622871046 0.0013020833333333333 0.5369905717761557 0.0013020833333333333 0.5436435523114355 0.0013020833333333333 0.5512469586374695
0 0.0013020833333333333 0.5018248175182481 0.0013020833333333333 0.48566757907542574 0.0013020833333333333 0.47711374695863745 0.0013020833333333333 0.47426246958637464 0.0013020833333333333 0.4780641727493917 0.0013020833333333333 0.48186587591240876 0.013857208029197099 0.48566757907542574 0.03001444647201949 0.4942214111922141 0.0167084854014599 0.5037256690997566 0.009105079075425829 0.5179820559610705 0.0015016727493917619 0.5322384428223844 0.0013020833333333333 0.5407922749391727 0.0013020833333333333 0.5369905717761557 0.0013020833333333333 0.5274863138686131 0.0013020833333333333 0.5179820559610705 0.0013020833333333333 0.5084777980535279
0 0.4900205291970803 0.1397125912408759 0.5042769160583941 0.1330596107055961 0.5156820255474451 0.12735705596107055 0.5242358576642335 0.12260492700729926 0.5289879866180048 0.12925790754257907 0.5270871350364964 0.1444647201946472 0.5346905413625304 0.15586982968369828 0.5394426703163017 0.1625228102189781 0.529938412408759 0.16537408759124086 0.5099794708029197 0.16537408759124086 0.4985743613138685 0.1625228102189781 0.4928718065693431 0.15872110705596107 0.4900205291970803 0.15206812652068125
0 0.5413435218978102 0.12165450121654502 0.5432443734793186 0.10929896593673966 0.5470460766423356 0.10169555961070559 0.5489469282238443 0.09029045012165449 0.5575007603406325 0.07983576642335766 0.5660545924574208 0.07603406326034062 0.5746084245742091 0.08458789537712895 0.5860135340632603 0.09599300486618005 0.5898152372262774 0.10454683698296836 0.5755588503649635 0.11500152068126519 0.5679554440389295 0.12260492700729926 0.5584511861313869 0.1311587591240876 0.551798205596107 0.1311587591240876
0 0.06993232968369834 0.5132299270072992 0.07753573600973236 0.5132299270072992 0.08608956812652069 0.5084777980535279 0.09179212287104628 0.5037256690997566 0.10129638077858882 0.5008743917274939 0.11175106447688565 0.5179820559610705 0.12315617396593677 0.5255854622871046 0.1288587287104623 0.5379409975669099 0.1279083029197081 0.5531478102189781 0.12125532238442827 0.5607512165450121 0.10604850973236013 0.5617016423357664 0.0936929744525548 0.5559990875912408 0.07943658759124088 0.5559990875912408 0.06898190389294405 0.5578999391727494 0.07468445863746964 0.5502965328467153 0.07563488442822386 0.5331888686131386 0.07278360705596114 0.523684610705596
0 0.06232892335766423 0.6054212287104622 0.06232892335766423 0.5987682481751825 0.07658531021897814 0.5978178223844282 0.090841697080292 0.5911648418491483 0.09654425182481752 0.5807101581508515 0.0974946776155718 0.5731067518248175 0.10224680656934311 0.567404197080292 0.11555276763990267 0.5664537712895377 0.1279083029197081 0.5664537712895377 0.14121426399026762 0.5683546228710462 0.16117320559610707 0.5778588807785888 0.18018172141119226 0.58261100973236 0.19253725669099753 0.5873631386861313 0.19538853406326032 0.593065693430657 0.19538853406326032 0.6054212287104622 0.18113214720194648 0.6092229318734793 0.15927235401459858 0.608272506082725 0.14311511557177622 0.5997186739659367 0.13456128345498788 0.5911648418491483 0.12505702554744527 0.5959169708029196 0.11270149026763994 0.5997186739659367 0.10509808394160584 0.6130246350364963 0.0974946776155718 0.6196776155717761 0.08608956812652069 0.6196776155717761 0.06803147810218983 0.6168263381995133
0 0.1906364051094891 0.5607512165450121 0.19919023722627735 0.5512469586374695 0.20584321776155715 0.5388914233576642 0.20774406934306575 0.5293871654501215 0.21819875304136258 0.5445939781021897 0.23720726885644763 0.5617016423357664 0.24671152676399025 0.5702554744525546 0.24766195255474446 0.578809306569343 0.26001748783454987 0.5902144160583941 0.26857131995133826 0.5997186739659367 0.26762089416058393 0.6092229318734793 0.2609679136253041 0.6187271897810218 0.24671152676399025 0.6291818734793188 0.23720726885644763 0.6348844282238443 0.2258021593673966 0.6329835766423357 0.22105003041362536 0.6187271897810218 0.22960386253041362 0.6120742092457421 0.23815769464720202 0.5997186739659367 0.2277030109489052 0.5949665450121654 0.22105003041362536 0.6054212287104622 0.21154577250608275 0.6130246350364963 0.20489279197080293 0.6111237834549877 0.20204151459854014 0.6006690997566909 0.20109108880778592 0.5873631386861313 0.19348768248175188 0.5778588807785888 0.18113214720194648 0.575007603406326 0.1849338503649635 0.5683546228710462
0 0.0013020833333333333 0.575007603406326 0.0013020833333333333 0.5731067518248175 0.0013020833333333333 0.5721563260340632 0.0013020833333333333 0.5816605839416058 0.0013020833333333333 0.5968673965936739 0.0013020833333333333 0.6111237834549877 0.0013020833333333333 0.6253801703163017 0.0013020833333333333 0.6386861313868613 0.0013020833333333333 0.6472399635036495 0.0013020833333333333 0.6595954987834549 0.0013020833333333333 0.671000608272506 0.0013020833333333333 0.6738518856447687 0.0013020833333333333 0.6748023114355232 0.0013020833333333333 0.6776535888077858 0.0013020833333333333 0.6786040145985401 0.0013020833333333333 0.6719510340632603 0.0013020833333333333 0.6605459245742092 0.0013020833333333333 0.6424878345498782 0.0013020833333333333 0.6196776155717761 0.0013020833333333333 0.6035203771289538 0.0013020833333333333 0.5883135644768857
0 0.17067746350364965 0.7251748783454987 0.18018172141119226 0.7270757299270073 0.19253725669099753 0.7261253041362531 0.20299194038929436 0.7166210462287105 0.20774406934306575 0.696662104622871 0.21154577250608275 0.6833561435523113 0.20299194038929436 0.6919099756690997 0.1915868309002433 0.700463807785888 0.18303299878345505 0.7137697688564476
0 0.3791167664670659 0.5565275698602795 0.3853542914171657 0.5580869510978045 0.39003243512974056 0.5635447854291418 0.39159181636726553 0.570562000998004 0.38301521956087825 0.5775792165668663 0.37599800399201594 0.5767995259481038 0.3720995508982036 0.5729010728542915 0.3744386227544911 0.5658838572854291
0 0.421999750499002 0.5261196357285429 0.4274575848303393 0.5276790169660679 0.4352544910179641 0.5401540668662675 0.43915294411177647 0.5463915918163673 0.44071232534930144 0.5518494261477046 0.4430513972055889 0.5658838572854291 0.44928892215568866 0.5791385978043913 0.4414920159680639 0.5822573602794411 0.4227794411177645 0.5791385978043913 0.4118637724550898 0.5713416916167665 0.4001684131736527 0.5635447854291418 0.407185628742515 0.5502900449101796 0.4118637724550898 0.5378149950099801
0 0.3884730538922156 0.9970527694610779 0.3993887225548902 0.9978324600798403 0.41030439121756485 0.9962730788423153 0.4126434630738523 0.9869167914171656 0.41030439121756485 0.9721026696606786 0.4079653193612775 0.9596276197604791 0.40484655688622756 0.946372879241517 0.39860903193612773 0.946372879241517 0.3939308882235529 0.9549494760479041 0.39159181636726553 0.9658651447105787 0.39081212574850305 0.976001122754491 0.39003243512974056 0.989255863273453
0 0.4960703592814371 0.9986121506986029 0.5132235528942116 0.9986121506986029 0.5366142714570858 0.9978324600798403 0.5444033807385232 0.9986979166666666 0.5553268463073852 0.9986121506986029 0.5553268463073852 0.9853574101796406 0.5459705588822356 0.9658651447105787 0.5436314870259481 0.9580682385229541 0.5373939620758484 0.947932260479042 0.5264782934131736 0.947932260479042 0.5225798403193612 0.9580682385229541 0.5179016966067865 0.9697635978043913 0.5124438622754491 0.9814589570858283 0.5054266467065869 0.989255863273453
0 0.6824164171656687 0.9502713323353293 0.6980102295409182 0.9502713323353293 0.7034680638722555 0.9572885479041916 0.7198415668662674 0.9565088572854291 0.7362150698602795 0.9572885479041916 0.753368263473054 0.964305763473054 0.7658433133732535 0.9666448353293413 0.7728605289421159 0.9674245259481037 0.7689620758483035 0.9736620508982036 0.7572667165668663 0.9806792664670659 0.7377744510978044 0.9814589570858283 0.7260790918163673 0.9853574101796406 0.7104852794411177 0.9876964820359282 0.6995696107784432 0.9876964820359282 0.6933320858283434 0.974441741516966 0.6847554890219562 0.9588479291417166
0 0.7674026946107785 0.9299993762475051 0.7728605289421159 0.9424744261477046 0.7759792914171658 0.9557291666666666 0.7814371257485031 0.9666448353293413 0.7884543413173652 0.9822386477045909 0.7970309381237525 0.9962730788423153 0.8001497005988024 0.9986121506986029 0.8102856786427145 0.9970527694610779 0.8126247504990021 0.9954933882235529 0.8024887724550899 0.9767808133732534 0.7985903193612774 0.9635260728542914 0.7876746506986029 0.9432541167664671 0.7822168163672655 0.9338978293413174 0.7759792914171658 0.9299993762475051
0 0.8009293912175649 0.9588479291417166 0.8180825848303394 0.961187000998004 0.828998253493014 0.962746382235529 0.8375748502994013 0.962746382235529 0.846931137724551 0.961187000998004 0.8539483532934132 0.962746382235529 0.8492702095808383 0.9682042165668663 0.8375748502994013 0.9721026696606786 0.8180825848303394 0.9721026696606786 0.8063872255489022 0.9721026696606786
0 0.5826160179640719 0.03725361776447104 0.5935316866267466 0.02945671157684629 0.606006736526946 0.021659805389221538 0.6145833333333334 0.013862899201596786 0.6231599301397206 0.00840506487025946 0.6317365269461078 0.009184755489021935 0.6403131237524949 0.004506611776447085 0.6520084830339322 0.0021675399201596594 0.6590256986027945 0.0076253742514969846 0.6629241516966068 0.01932073353293411 0.6637038423153693 0.03179578343313371 0.6605850798403194 0.04349114271457085 0.6512287924151696 0.044270833333333315 0.6457709580838323 0.04037238023952094 0.6325162175648703 0.039592689620758466 0.6223802395209582 0.039592689620758466 0.6138036427145709 0.039592689620758466 0.6044473552894213 0.04037238023952094 0.5896332335329341 0.045830214570858265 0.5818363273453094 0.04894897704590817
0 0.5826160179640719 0.05674588323353292 0.5935316866267466 0.05050835828343312 0.6052270459081837 0.04816928642714569 0.6138036427145709 0.04738959580838322 0.6145833333333334 0.05908495508982035 0.6138036427145709 0.08013660179640718 0.6192614770459083 0.09417103293413172 0.6278380738522955 0.10742577345309379 0.623939620758483 0.11132422654690616 0.6122442614770459 0.11054453592814369 0.6005489021956087 0.10274762974051894 0.5904129241516967 0.09261165169660678 0.5904129241516967 0.07935691117764469 0.5896332335329341 0.0637630988023952
0 0.6488897205588823 0.05596619261477045 0.6605850798403194 0.05596619261477045 0.6683819860279442 0.0575255738522954 0.6792976546906188 0.0575255738522954 0.6863148702594811 0.05596619261477045 0.6855351796407185 0.07078031437125747 0.6816367265469062 0.08169598303393212 0.6707210578842315 0.08793350798403192 0.6559069361277445 0.08949288922155686 0.6481100299401198 0.09027257984031933 0.6481100299401198 0.07545845808383232
0 0.6488897205588823 0.0972897954091816 0.6637038423153693 0.09495072355289419 0.6792976546906188 0.09027257984031933 0.6824164171656687 0.09806948602794409 0.6808570359281437 0.11054453592814369 0.6800773453093812 0.11522267964071854 0.6660429141716567 0.11288360778443111 0.6535678642714572 0.10976484530938123
0 0.705807135728543 0.14017277944111775 0.7065868263473054 0.13315556387225547 0.7198415668662674 0.13159618263473052 0.7346556886227545 0.13783370758483032 0.7424525948103793 0.14017277944111775 0.7494698103792415 0.14563061377245506 0.7572667165668663 0.15576659181636723 0.7463510479041916 0.16434318862275446 0.738554141716567 0.16902133233532932 0.7276384730538923 0.16200411676646706 0.7167228043912176 0.15030875748502992
0 0.7549276447105789 0.13783370758483032 0.768182385229541 0.12223989520958083 0.7728605289421159 0.11834144211576846 0.782996506986028 0.12379927644710577 0.7939121756487025 0.12769772954091815 0.8048278443113772 0.12769772954091815 0.8165232035928144 0.1284774201596806 0.8250998003992017 0.12691803892215567 0.832117015968064 0.1354946357285429 0.8367951596806388 0.14641030439121755 0.8328967065868264 0.15186813872255486 0.8227607285429142 0.1604447355289421 0.8180825848303394 0.1705807135728543 0.8017090818363274 0.1666822604790419 0.7892340319361278 0.16434318862275446 0.7822168163672655 0.15498690119760478 0.7720808383233533 0.15498690119760478 0.7619448602794412 0.15186813872255486
0 0.7837761976047904 0.18773390718562874 0.7837761976047904 0.17525885728542911 0.7907934131736528 0.1705807135728543 0.8024887724550899 0.1721400948103792 0.8173028942115769 0.17759792914171654 0.8258794910179641 0.18929328842315365 0.830557634730539 0.2009886477045908 0.8313373253493014 0.20800586327345308 0.814184131736527 0.2002089570858283 0.7978106287425151 0.19163236027944108
0 0.16470184630738524 0.3818768712574851 0.17873627744510978 0.3810971806387226 0.19433008982035926 0.3810971806387226 0.20992390219560883 0.3857753243512974 0.2192801896207585 0.38421594311377244 0.22005988023952097 0.37719872754491024 0.203686377245509 0.3608252245508982 0.19510978043912175 0.350689246506986 0.18887225548902195 0.3475704840319362 0.17483782435129744 0.3584861526946108 0.16548153692614773 0.36394398702594816
0 0.0013020833333333333 0.5859375 0.0013020833333333333 0.587673611111111 0.0013020833333333333 0.6024305555555556 0.0013020833333333333 0.615451388888889 0.0013020833333333333 0.631076388888889 0.0013020833333333333 0.6285686728395062 0.0013020833333333333 0.5980902777777778
0 0.0013020833333333333 0.5859375 0.0013020833333333333 0.5868055555555556 0.0013020833333333333 0.5868055555555556 0.0013020833333333333 0.5815972222222222 0.0013020833333333333 0.5885416666666666 0.0013020833333333333 0.6015625 0.0013020833333333333 0.609375 0.0013020833333333333 0.6197916666666666 0.0013020833333333333 0.634548611111111 0.0013020833333333333 0.6328125 0.0013020833333333333 0.626736111111111 0.0013020833333333333 0.6145833333333334 0.0013020833333333333 0.599826388888889 0.0013020833333333333 0.595486111111111
0 0.0013020833333333333 0.6692708333333334 0.0013020833333333333 0.6692708333333334 0.0013020833333333333 0.6710069444444445 0.0013020833333333333 0.6701388888888888 0.0013020833333333333 0.657986111111111 0.0013020833333333333 0.6440972222222222 0.0013020833333333333 0.6475694444444444 0.0013020833333333333 0.6519097222222222 0.0013020833333333333 0.6510416666666666 0.0013020833333333333 0.646701388888889 0.0013020833333333333 0.6493055555555556
0 0.0013020833333333333 0.6987847222222222 0.0013020833333333333 0.7074652777777778 0.0013020833333333333 0.7178819444444445 0.0013020833333333333 0.71875 0.0013020833333333333 0.7170138888888888 0.0013020833333333333 0.7282986111111112 0.0013020833333333333 0.7378472222222222 0.0013020833333333333 0.7456597222222222 0.0013020833333333333 0.7612847222222222 0.0013020833333333333 0.7586805555555555 0.0013020833333333333 0.7508680555555555 0.0013020833333333333 0.7465277777777778 0.0013020833333333333 0.7439236111111112 0.0013020833333333333 0.7316261574074074
0 0.0013020833333333333 0.75 0.0013020833333333333 0.7586805555555555 0.0013020833333333333 0.7647569444444445 0.0013020833333333333 0.765625 0.0013020833333333333 0.7743055555555555 0.0013020833333333333 0.7864583333333334 0.0013020833333333333 0.7907986111111112 0.0013020833333333333 0.7881944444444445 0.0013020833333333333 0.7786458333333334 0.0013020833333333333 0.7777777777777778 0.0013020833333333333 0.7647569444444445
0 0.0013020833333333333 0.6961805555555555 0.0013020833333333333 0.6961805555555555 0.0013020833333333333 0.6961805555555555 0.0013020833333333333 0.7039930555555555 0.0013020833333333333 0.7161458333333334 0.0013020833333333333 0.734375 0.0013020833333333333 0.7404513888888888 0.0013020833333333333 0.7552083333333334 0.0013020833333333333 0.7647569444444445 0.0013020833333333333 0.7708333333333334 0.0013020833333333333 0.7864583333333334 0.0013020833333333333 0.8107638888888888 0.0013020833333333333 0.8237847222222222 0.0013020833333333333 0.8220486111111112 0.0013020833333333333 0.8116319444444445 0.0013020833333333333 0.8064236111111112 0.0013020833333333333 0.8072916666666666 0.0013020833333333333 0.8081597222222222 0.0013020833333333333 0.7951388888888888 0.0013020833333333333 0.7751736111111112 0.0013020833333333333 0.7630208333333334 0.0013020833333333333 0.7395833333333334 0.0013020833333333333 0.7230902777777778 0.0013020833333333333 0.7118055555555555
0 0.1362847222222222 0.4157986111111111 0.14843749999999997 0.40625 0.1527777777777778 0.4001736111111111 0.16319444444444445 0.4079861111111111 0.17621527777777782 0.4123263888888889 0.18055555555555558 0.4210069444444444 0.18229166666666666 0.4314236111111111 0.17708333333333334 0.44097222222222227 0.16840277777777782 0.4505208333333333 0.16666666666666663 0.45746527777777773 0.15451388888888887 0.45746527777777773 0.1458333333333333 0.4539930555555556 0.14756944444444445 0.4427083333333333 0.1449652777777778 0.4279513888888889
0 0.1629598348348348 0.3882671734234234 0.1793825075075075 0.3865076013513513 0.20284346846846843 0.3882671734234234 0.21574699699699695 0.3906132695195195 0.2198526651651651 0.3900267454954955 0.22395833333333334 0.402930274024024 0.2274774774774774 0.4140742304804805 0.23216966966966965 0.42228556681681684 0.2280640015015015 0.42991037912912916 0.22043918918918917 0.43577561936936937 0.20694913663663658 0.4404678115615615 0.20108389639639634 0.4410543355855856 0.19287256006006004 0.4334295232732733 0.1870073198198198 0.42815080705705705 0.17996903153153151 0.4111416103603604 0.1735172672672672 0.4052763701201201 0.16178678678678673 0.401757225975976
0 0.2526980105105105 0.4498521959459459 0.2503519144144144 0.4369486674174174 0.2585632507507507 0.42815080705705705 0.2702937312312312 0.4258047109609609 0.2814376876876876 0.4258047109609609 0.29258164414414406 0.41876642267267267 0.2996199324324324 0.4140742304804805 0.3125234609609609 0.41817989864864863 0.3178021771771771 0.4228720908408408 0.30959084084084076 0.4322564752252252 0.30137950450450446 0.43812171546546547 0.289649024024024 0.4422273836336336 0.28378378378378377 0.4486791478978979 0.2679476351351351 0.4486791478978979
0 0.29316816816816815 0.40234375 0.3054851726726726 0.39765155780780775 0.3201482732732732 0.3953054617117117 0.3330518018018018 0.3870941253753754 0.338917042042042 0.378296265015015 0.34830142642642636 0.3794693130630631 0.3594453828828828 0.39413241366366364 0.37000281531531526 0.403516798048048 0.36472409909909903 0.41583380255255253 0.35768581081081074 0.42169904279279274 0.34360923423423423 0.4193529466966967 0.3236674174174174 0.41876642267267267 0.3154560810810811 0.4140742304804805 0.2978603603603603 0.4111416103603604
0 0.5799784159159159 0.18181071696696696 0.5811514639639639 0.16949371246246248 0.5881897522522522 0.1606958521021021 0.5969876126126126 0.15189799174174173 0.6046124249249248 0.14016751126126126 0.608718093093093 0.12726398273273273 0.6134102852852852 0.11963917042042042 0.6222081456456455 0.12374483858858859 0.6257272897897898 0.13547531906906907 0.6280733858858859 0.1483788475975976 0.6374577702702702 0.16421499624624622 0.6503612987987988 0.17125328453453456 0.6573995870870871 0.17242633258258258 0.6661974474474474 0.17066676051051052 0.6703031156156155 0.17301285660660662 0.6726492117117117 0.18591638513513511 0.6779279279279279 0.19706034159159158 0.6785144519519518 0.20116600975975976 0.6661974474474474 0.19823338963963966 0.6527073948948948 0.2040986298798799 0.6380442942942942 0.21113691816816818 0.6233811936936936 0.21993477852852852 0.6116507132132131 0.22228087462462462 0.6022663288288288 0.22228087462462462 0.6028528528528527 0.21524258633633633 0.6093046171171171 0.2040986298798799 0.6169294294294293 0.19178162537537538 0.6210350975975976 0.1777050487987988 0.6104776651651651 0.17594547672672675 0.5958145645645646 0.17711852477477477
0 0.8016844969969968 0.029900994744744752 0.8016844969969968 0.023449230480480487 0.8181071696696697 0.03869885510510511 0.828078078078078 0.0480832394894895 0.8392220345345344 0.04984281156156157 0.850365990990991 0.046323667417417426 0.8538851351351351 0.052775431681681695 0.8591638513513513 0.062159816066066076 0.8691347597597597 0.0627463400900901 0.876173048048048 0.06626548423423424 0.8820382882882881 0.0774094406906907 0.8832113363363363 0.08503425300300299 0.8720673798798798 0.08327468093093093 0.855058183183183 0.08327468093093093 0.8439142267267267 0.08386120495495496 0.8310106981981981 0.09207254129129129 0.8245589339339339 0.08444772897897897 0.8227993618618618 0.07799596471471472 0.828078078078078 0.07037115240240241 0.8286646021021019 0.06098676801801803 0.8233858858858859 0.052775431681681695 0.8140015015015014 0.04339104729729731 0.8057901651651651 0.03576623498498499
0 0.8579908033033031 0.04280452327327328 0.8703078078078077 0.035179710960960967 0.879105668168168 0.02638185060060061 0.9026274441340782 0.009354632216014907 0.9171758612662942 0.02317562849162012 0.9164484404096834 0.03772404562383613 0.9019000232774674 0.050090200186219756 0.8820382882882881 0.0480832394894895 0.8720673798798798 0.05570805180180181 0.8620964714714714 0.05922719594594595 0.8585773273273273 0.05336195570570571
0 0.8749854515828678 0.15920332867783984 0.881532239292365 0.16284043296089387 0.8924435521415269 0.15629364525139663 0.9033548649906891 0.15483880353817506 0.9099016527001863 0.15120169925512103 0.9171758612662942 0.1308339152700186 0.9179032821229051 0.12646939013035383 0.9113564944134079 0.12501454841713222 0.8989903398510242 0.13374359869646182 0.8909887104283055 0.14101780726256982 0.8822596601489758 0.14829201582867785
0 0.9426355912476723 0.1068290270018622 0.9506372206703911 0.1068290270018622 0.9571840083798883 0.12501454841713222 0.9666404795158287 0.14538233240223464 0.9753695297951582 0.15774848696461827 0.9739146880819366 0.16356785381750466 0.9571840083798883 0.15920332867783984 0.9477275372439479 0.15192912011173185 0.9440904329608939 0.14174522811918064 0.9382710661080075 0.13447101955307264 0.936088803538175 0.1279242318435754 0.9411807495344506 0.12428712756052142 0.9448178538175047 0.11555807728119181
0 0.9295420158286779 0.026085311918063323 0.9426355912476723 0.018083682495344516 0.9499097998137803 0.01226431564245811 0.9586388500931099 0.007899790502793306 0.965913058659218 0.0013020833333333333 0.9753695297951582 0.0020804236499069 0.9790066340782123 0.015173999068901314 0.9899179469273743 0.026812732774674122 0.9986469972067039 0.03699662476722534 0.9971921554934823 0.04427083333333334 0.9797340549348231 0.04063372905027934 0.9593662709497207 0.03772404562383613 0.9382710661080075 0.03335952048417133
0 0.0013020833333333333 0.6850090579710145 0.0013020833333333333 0.686626552795031 0.009494694616977236 0.692287784679089 0.009494694616977236 0.6728778467908901 0.00787719979296068 0.6672166149068323 0.0022159679089026976 0.660746635610766 0.0013020833333333333 0.6502329192546583 0.0013020833333333333 0.6567028985507246 0.0013020833333333333 0.666407867494824 0.0013020833333333333 0.6728778467908901
0 0.0013020833333333333 0.8629334886128364 0.0013020833333333333 0.8596984989648032 0.0013020833333333333 0.853228519668737 0.0013020833333333333 0.853228519668737 0.0013020833333333333 0.8580810041407867 0.0013020833333333333 0.867785973084886 0.0013020833333333333 0.8815346790890269 0.0013020833333333333 0.8952833850931676 0.0013020833333333333 0.9041796066252586 0.0013020833333333333 0.9195458074534161 0.0013020833333333333 0.916310817805383 0.0013020833333333333 0.9082233436853002 0.0013020833333333333 0.890430900621118 0.0013020833333333333 0.8791084368530021 0.0013020833333333333 0.8791084368530021 0.0013020833333333333 0.873447204968944
0 0.0013020833333333333 0.9005714699074076 0.0013020833333333333 0.8996672453703706 0.0013020833333333333 0.887008101851852 0.0013020833333333333 0.8824869791666669 0.0013020833333333333 0.8851996527777778 0.0013020833333333333 0.8924334490740743 0.0013020833333333333 0.8987630208333335 0.0013020833333333333 0.9096137152777778 0.0013020833333333333 0.9213686342592594 0.0013020833333333333 0.9322193287037038 0.0013020833333333333 0.9322193287037038 0.0013020833333333333 0.9259426193019945
0 0.0013020833333333333 0.8535517939814815 0.0013020833333333333 0.8472222222222223 0.0013020833333333333 0.8463179976851852 0.0013020833333333333 0.8571686921296298 0.0013020833333333333 0.8653067129629631
0 0.0013020833333333333 0.8517433449074076 0.0013020833333333333 0.8535517939814815 0.0013020833333333333 0.8707320601851852 0.0013020833333333333 0.8933376736111112 0.0013020833333333333 0.9050925925925927 0.0013020833333333333 0.9168475115740743 0.0013020833333333333 0.9078052662037038 0.0013020833333333333 0.8942418981481483 0.0013020833333333333 0.8770616319444445 0.0013020833333333333 0.8616898148148149
0 0.010814525462962946 0.8824869791666669 0.014431423611111086 0.863498263888889 0.02256944444444442 0.8499348958333335 0.030707465277777752 0.8481264467592594 0.044270833333333336 0.8526475694444445 0.048791956018518524 0.8662109375000001 0.055121527777777755 0.8897207754629631 0.05060040509259256 0.8960503472222223 0.030707465277777752 0.8987630208333335 0.01714409722222217 0.9005714699074076
0 0.0542173032407407 0.8598813657407409 0.059642650462962944 0.8490306712962964 0.07411024305555551 0.8463179976851852 0.09219473379629628 0.8517433449074076 0.09581163194444442 0.8616898148148149 0.08405671296296295 0.8653067129629631 0.07049334490740737 0.8734447337962964 0.061451099537037056 0.8680193865740743
0 0.0013020833333333333 0.9521122685185186 0.0013020833333333333 0.9430700231481483 0.0013020833333333333 0.9457826967592594 0.0013020833333333333 0.9647714120370372 0.0013020833333333333 0.9711009837962964 0.0013020833333333333 0.9656756365740743 0.0013020833333333333 0.9701967592592594 0.0013020833333333333 0.962058738425926 0.0013020833333333333 0.9701967592592594 0.0013020833333333333 0.9783347800925927 0.0013020833333333333 0.985568576388889 0.0013020833333333333 0.985568576388889 0.0013020833333333333 0.9891854745370372 0.0013020833333333333 0.9973234953703706 0.0013020833333333333 0.9971132105943153 0.0013020833333333333 0.9971132105943153 0.0013020833333333333 0.9799539728682171 0.0013020833333333333 0.9668322028423773
0 0.07707525839793283 0.8800266472868218 0.08817829457364341 0.8729610788113695 0.09827196382428942 0.8709423449612403 0.11341246770025837 0.8729610788113695 0.1184593023255814 0.8749798126614987 0.11644056847545221 0.8901203165374677 0.09524386304909556 0.8921390503875969 0.08414082687338498 0.8951671511627907
0 0.05083171834625322 0.9405886627906977 0.06799095607235144 0.9315043604651163 0.07707525839793283 0.9153544896640827 0.08313145994832039 0.914345122739018 0.09423449612403097 0.9274668927648579 0.09827196382428942 0.9355418281653747 0.09322512919896637 0.9506823320413437 0.07707525839793283 0.9516916989664083 0.05890665374677003 0.9486635981912145
0 0.1002906976744186 0.954719799741602 0.1184593023255814 0.9587572674418605 0.13965600775193798 0.9627947351421189 0.1477309431524548 0.9496729651162791 0.149749677002584 0.9325137273901808 0.14066537467700257 0.924438791989664 0.12350613695090436 0.9284762596899224 0.11038436692506459 0.9325137273901808 0.10533753229974156 0.9446261304909561
0 0.10230943152454779 0.9698603036175711 0.10634689922480622 0.9617853682170542 0.12249677002583977 0.9648134689922481 0.13359980620155035 0.9738977713178295 0.1376372739018088 0.9950944767441859 0.11442183462532296 0.9971132105943153 0.11139373385012918 0.9779352390180879
0 0.17296511627906974 0.9981225775193798 0.17902131782945738 0.9839914405684754 0.1759932170542636 0.9759165051679587 0.18003068475452197 0.9577479005167958 0.16993701550387597 0.9516916989664083 0.15883397932816537 0.9456354974160207 0.16287144702842374 0.93453246124031 0.1759932170542636 0.9284762596899224 0.19113372093023254 0.9234294250645995 0.20324612403100772 0.9204013242894057 0.20223675710594313 0.9304949935400516 0.19113372093023254 0.9335230943152455 0.18911498708010335 0.9446261304909561 0.20324612403100772 0.9466448643410853 0.22040536175710593 0.9466448643410853 0.22646156330749356 0.954719799741602 0.22646156330749356 0.9728884043927648 0.22040536175710593 0.9769258720930233 0.20122739018087854 0.9759165051679587 0.19214308785529713 0.9870195413436692 0.1951711886304909 0.9971132105943153
0 0.2638081395348837 0.9537104328165374 0.2839954780361757 0.9506823320413437 0.3011547157622739 0.954719799741602 0.3183139534883721 0.9617853682170542 0.33042635658914726 0.9738977713178295 0.33547319121447033 0.9860101744186047 0.34354812661498707 0.9940851098191215 0.32638888888888884 0.9971132105943153 0.3132671188630491 0.9839914405684754 0.29610788113695086 0.9779352390180879 0.27894864341085274 0.9809633397932817 0.2688549741602067 0.9718790374677003
0 0.959762168141593 0.9966353244837758 0.9505438790560472 0.9781987463126843 0.9551530235988203 0.9563053097345132 0.9574575958702066 0.939021017699115 0.9424778761061946 0.9274981563421828 0.9574575958702066 0.9240412979351031 0.9781987463126844 0.9355641592920354 0.9931784660766961 0.9528484513274336 0.9931784660766961 0.965523598820059 0.9954830383480827 0.981655604719764 0.9989398967551623 0.98741703539823 0.9943307522123893 0.9931784660766961 0.982187960914454 0.9986979166666666 0.9655235988200591 0.9986979166666666
0 1.0242901917404128 0.9954830383480826 1.0208333333333333 0.981655604719764 1.0254424778761064 0.9620667404129793 1.040422197640118 0.9436301622418878 1.0461836283185841 0.9505438790560472 1.0438790560471976 0.9666758849557522 1.0577064896755164 0.9805033185840708 1.0657724926253689 0.9908738938053098
0 1.0493931800314467 0.9593651729559748 1.0555350825471699 0.9513806996855346 1.078447640117994 0.9643713126843657 1.078447640117994 0.9724373156342182 1.0555350825471699 0.9667354559748427
0 1.104950221238938 0.971285029498525 1.1164730825958704 0.9666758849557522 1.1176253687315636 0.9470870206489675 1.1210822271386431 0.9344118731563421 1.1245390855457227 0.9217367256637168 1.1176253687315636 0.9194321533923303 1.1061025073746313 0.92288901179941 1.104950221238938 0.9470870206489675
0 0.8353152654867255 0.5702894542772862 0.8445335545722713 0.5656803097345132 0.8491426991150443 0.5772031710914455 0.8641224188790559 0.5795077433628318 0.880254424778761 0.5829646017699115 0.8733407079646017 0.5990966076696165 0.8664269911504423 0.6129240412979351 0.8744929941002949 0.6279037610619469 0.8744929941002949 0.639426622418879 0.85836098820059 0.639426622418879 0.8445335545722713 0.6152286135693216 0.8387721238938054 0.5967920353982301
0 0.9263458702064898 0.9251935840707964 0.9367164454277287 0.8975387168141592 0.9390210176991151 0.8767975663716814 0.9505438790560472 0.8652747050147492 0.9655235988200591 0.8629701327433628 0.9735896017699114 0.8514472713864306 0.9747418879056049 0.837619837758112 0.9943307522123893 0.8456858407079646 1.0058536135693217 0.8572087020648967 0.9931784660766961 0.8733407079646017 0.9770464601769913 0.9033001474926253 0.9701327433628318 0.9136707227138642 0.949391592920354 0.917127581120944
0 1.08766592920354 0.8721884218289085 1.1072547935103245 0.8629701327433628 1.1279959439528024 0.8595132743362832 1.153346238938053 0.8618178466076696 1.1648691002949851 0.8606655604719764 1.163716814159292 0.8940818584070795 1.1441279498525072 0.896386430678466 1.1233867994100295 0.8894727138643068 1.099188790560472 0.880254424778761
0 0.9805033185840708 0.7500460914454278 0.992026179941003 0.7477415191740412 1.0093104719764012 0.7431323746312684 1.013919616519174 0.7362186578171092 1.01968104719764 0.7431323746312684 1.0173764749262537 0.7546552359882006 1.0208333333333333 0.7742441002949852 1.0219856194690264 0.7903761061946902 1.0208333333333333 0.8122695427728613 1.008158185840708 0.821487831858407 0.9931784660766961 0.8249446902654868 0.9793510324483776 0.8145741150442478 0.9735896017699114 0.8007466814159292 0.9851124631268439 0.7777009587020648
1 0.7393663194444445 0.3681485615079365 0.7564174107142857 0.37124875992063494 0.7641679067460317 0.36659846230158727 0.7641679067460317 0.35884796626984133 0.7548673115079366 0.35419766865079366 0.7455667162698413 0.3510974702380953 0.7393663194444445 0.3580729166666667
0 0.7509920634920636 0.3797743055555556 0.7595176091269842 0.3797743055555556 0.7703683035714287 0.3952752976190476 0.7781187996031745 0.40767609126984133 0.7889694940476191 0.4231770833333333 0.7943948412698413 0.4348028273809524 0.7711433531746033 0.435577876984127 0.7618427579365079 0.4348028273809524 0.7602926587301587 0.42162698412698413 0.7564174107142857 0.41542658730158727 0.7525421626984127 0.40767609126984133 0.7579675099206349 0.394500248015873
0 0.8843005952380953 0.1674107142857143 0.8928261408730159 0.16198536706349206 0.9060019841269842 0.16276041666666666 0.9153025793650794 0.1697358630952381 0.919952876984127 0.18523685515873015 0.9176277281746033 0.19453745039682538 0.9013516865079366 0.1906622023809524 0.8928261408730159 0.17826140873015872
0 0.8424479166666666 0.21391369047619047 0.8525235615079366 0.21003844246031747 0.8625992063492064 0.20461309523809523 0.8687996031746033 0.1898871527777778 0.8726748511904763 0.18058655753968256 0.8835255456349206 0.18833705357142858 0.8889508928571429 0.19996279761904764 0.9075520833333334 0.20616319444444445 0.9222780257936508 0.2146887400793651 0.9284784226190476 0.2208891369047619 0.9191778273809524 0.22863963293650794 0.8998015873015873 0.23251488095238096 0.8812003968253969 0.22708953373015872 0.8610491071428572 0.22708953373015872 0.8509734623015873 0.22398933531746032
0 0.8501984126984127 0.2410404265873016 0.8587239583333334 0.24026537698412698 0.8641493055555557 0.24801587301587302 0.8656994047619048 0.25809151785714285 0.8641493055555557 0.2666170634920635 0.8618241567460317 0.27824280753968256 0.8501984126984127 0.27514260912698413 0.851748511904762 0.26196676587301587
0 0.8501984126984127 0.32939608134920634 0.8703497023809524 0.32319568452380953 0.8812003968253969 0.3131200396825397 0.8959263392857143 0.30226934523809523 0.9067770337301587 0.31079489087301587 0.9036768353174603 0.32242063492063494 0.882750496031746 0.3386966765873016 0.8734499007936508 0.34334697420634924 0.8618241567460317 0.341796875 0.8610491071428572 0.33637152777777785 0.8587239583333334 0.3317212301587302
0 0.9013516865079366 0.337921626984127 0.9083271329365079 0.3441220238095238 0.9184027777777778 0.34024677579365076 0.9184027777777778 0.330171130952381 0.9122023809523809 0.32707093253968256
0 1.027684771825397 0.8176773313492064 1.0408606150793651 0.8347284226190476 1.0540364583333333 0.8448040674603176 1.062562003968254 0.8455791170634921 1.0579117063492063 0.8277529761904763 1.0478360615079365 0.8184523809523809 1.0346602182539684 0.8130270337301587
0 1.1044146825396826 0.7804749503968255 1.1199156746031746 0.7804749503968255 1.1160404265873016 0.7913256448412699 1.1121651785714286 0.8006262400793651 1.1160404265873016 0.8169022817460317 1.1222408234126984 0.8386036706349206 1.1245659722222223 0.8510044642857143 1.1144903273809523 0.8541046626984127 1.1020895337301588 0.8401537698412699 1.095889136904762 0.8293030753968255 1.0974392361111112 0.8145771329365079 1.0943390376984128 0.8014012896825397
0 1.0416356646825398 0.7665240575396827 1.0540364583333333 0.7672991071428572 1.0679873511904763 0.7649739583333334 1.0873635912698414 0.7672991071428572 1.1013144841269842 0.7742745535714285 1.0943390376984128 0.7913256448412699 1.0834883432539684 0.7990761408730159 1.068762400793651 0.7983010912698413 1.0594618055555556 0.7866753472222223 1.0439608134920635 0.7789248511904763
0 1.068762400793651 0.8060515873015873 1.0834883432539684 0.8045014880952381 1.0935639880952381 0.8099268353174603 1.0912388392857142 0.8254278273809524 1.08038814484127 0.8293030753968255 1.068762400793651 0.8277529761904763 1.0672123015873016 0.8184523809523809
0 1.0323350694444444 0.6983196924603176 1.0416356646825398 0.6859188988095238 1.0493861607142858 0.6789434523809524 1.0602368551587302 0.6719680059523809 1.074187748015873 0.6735181051587302 1.08038814484127 0.6773933531746033 1.0796130952380953 0.6897941468253969 1.0695374503968254 0.7037450396825397 1.0579117063492063 0.7076202876984127
0 0.8982514880952381 0.5789620535714286 0.9060019841269842 0.5619109623015873 0.9114273313492064 0.5564856150793651 0.9269283234126985 0.5650111607142857 0.9432043650793651 0.5750868055555556 0.9517299107142857 0.5905877976190477 0.9525049603174603 0.611514136904762 0.949404761904762 0.6293402777777778 0.9447544642857143 0.6355406746031746 0.9346788194444445 0.642516121031746 0.9230530753968255 0.6471664186507936 0.9176277281746033 0.6541418650793651 0.9091021825396827 0.6580171130952381 0.900576636904762 0.6618923611111112 0.8912760416666666 0.6549169146825397 0.8874007936507936 0.6456163194444445 0.8858506944444445 0.6339905753968255 0.8998015873015873 0.6215897817460317 0.9137524801587302 0.6146143353174603 0.9261532738095238 0.6091889880952381 0.9339037698412699 0.6022135416666666 0.9339037698412699 0.5890376984126985 0.9292534722222223 0.5859375 0.9137524801587302 0.589812748015873 0.904451884920635 0.5867125496031746
0 0.9114583333333334 0.5966435185185185 0.921875 0.5931712962962963 0.9288194444444445 0.5925925925925926 0.9299768518518517 0.5983796296296297 0.9259259259259259 0.6035879629629629 0.9184027777777778 0.6087962962962963 0.9126157407407408 0.6047453703703703
0 0.8049768518518517 0.4895833333333333 0.8136574074074074 0.47858796296296297 0.8206018518518517 0.4739583333333333 0.8304398148148149 0.47511574074074076 0.8460648148148149 0.4774305555555556 0.8576388888888888 0.47511574074074076 0.8657407407407408 0.49189814814814814 0.8755787037037037 0.4959490740740741 0.875 0.5052083333333334 0.8738425925925926 0.5208333333333334 0.8605324074074074 0.517361111111111 0.8454861111111112 0.5231481481481481 0.8298611111111112 0.5237268518518519 0.8240740740740741 0.5214120370370371 0.8177083333333334 0.5069444444444444 0.8130787037037037 0.4976851851851852
0 0.8692129629629629 0.39641203703703703 0.8773148148148149 0.3819444444444444 0.8848379629629629 0.3732638888888889 0.8917824074074074 0.3697916666666667 0.8987268518518517 0.3773148148148148 0.9021990740740741 0.3854166666666667 0.9027777777777778 0.39409722222222227 0.90625 0.4039351851851852 0.9033564814814815 0.4114583333333333 0.8946759259259259 0.42071759259259256 0.8883101851851851 0.42534722222222227 0.8738425925925926 0.42534722222222227 0.8657407407407408 0.43171296296296297 0.8587962962962963 0.44502314814814814 0.8506944444444445 0.4577546296296296 0.84375 0.4681712962962963 0.8391203703703703 0.47222222222222227 0.8321759259259259 0.4710648148148148 0.8292824074074074 0.4693287037037037 0.8327546296296297 0.45949074074074076 0.8379629629629629 0.4513888888888889 0.8396990740740741 0.4415509259259259 0.8460648148148149 0.43171296296296297 0.8559027777777778 0.4212962962962963 0.8663194444444445 0.4149305555555556 0.8703703703703703 0.4056712962962963
0 0.9021990740740741 0.3703703703703704 0.9068287037037037 0.3640046296296296 0.9091435185185185 0.3541666666666667 0.9149305555555555 0.35300925925925924 0.9259259259259259 0.3570601851851852 0.9299768518518517 0.3680555555555556 0.9230324074074074 0.3744212962962963 0.9189814814814815 0.375 0.9230324074074074 0.38946759259259256 0.9253472222222222 0.39699074074074076 0.9195601851851851 0.40046296296296297 0.9126157407407408 0.4016203703703704 0.9079861111111112 0.3946759259259259 0.9074074074074074 0.38483796296296297
0 0.9137731481481483 0.27835648148148145 0.9195601851851851 0.2760416666666667 0.9346064814814815 0.2766203703703704 0.9467592592592592 0.27372685185185186 0.9565972222222222 0.27199074074074076 0.9490740740740741 0.28530092592592593 0.9427083333333334 0.29398148148148145 0.9288194444444445 0.28935185185185186
0 0.9224537037037037 0.2309027777777778 0.9293981481481483 0.22511574074074073 0.9398148148148149 0.22048611111111113 0.9513888888888888 0.21701388888888887 0.9820601851851851 0.21932870370370372 0.9895833333333334 0.22569444444444445 0.9971064814814815 0.23958333333333334 1.0144675925925926 0.24594907407407407 1.0237268518518519 0.24826388888888887 1.0335648148148149 0.24942129629629628 1.0237268518518519 0.25810185185185186 1.0167824074074074 0.27141203703703703 1.0133101851851851 0.2795138888888889 1.0005787037037037 0.2760416666666667 0.9791666666666666 0.27141203703703703 0.9751157407407408 0.2633101851851852 0.9699074074074074 0.2586805555555555 0.9658564814814815 0.26273148148148145 0.9594907407407408 0.2667824074074074 0.9513888888888888 0.26273148148148145 0.9427083333333334 0.25289351851851855 0.9282407407407408 0.24016203703703706
0 0.9936342592592592 0.22048611111111113 1.0028935185185184 0.21875 1.0081018518518519 0.21180555555555555 1.015625 0.2065972222222222 1.0243055555555556 0.20254629629629628 1.034722222222222 0.2019675925925926 1.043402777777778 0.20717592592592593 1.0416666666666667 0.2152777777777778 1.041087962962963 0.22974537037037038 1.0381944444444444 0.2378472222222222 1.0300925925925926 0.24305555555555555 1.0167824074074074 0.24074074074074073 1.0040509259259258 0.23842592592592593
0 1.0289351851851851 0.16435185185185186 1.0300925925925926 0.15914351851851852 1.0364583333333333 0.15972222222222224 1.0422453703703705 0.16203703703703703 1.050347222222222 0.15914351851851852 1.0578703703703705 0.15277777777777776 1.0625 0.14930555555555555 1.0625 0.16087962962962962 1.0596064814814816 0.17997685185185186 1.0578703703703705 0.19270833333333334 1.0578703703703705 0.19849537037037038 1.0480324074074074 0.203125 1.0364583333333333 0.19907407407407407 1.0300925925925926 0.19386574074074073 1.0306712962962963 0.17939814814814814
0 1.068287037037037 0.18576388888888887 1.0648148148148149 0.17708333333333334 1.0677083333333333 0.171875 1.0763888888888888 0.17013888888888887 1.0821759259259258 0.17939814814814814 1.087962962962963 0.19212962962962962 1.0896990740740742 0.19502314814814814 1.0810185185185184 0.19560185185185186 1.0734953703703705 0.19618055555555555 1.0694444444444444 0.19155092592592593
0 0.9785879629629629 0.09606481481481481 0.9826388888888888 0.09027777777777778 0.9901620370370371 0.08217592592592593 0.9959490740740741 0.0787037037037037 1.0063657407407407 0.078125 1.0052083333333333 0.09027777777777778 0.9959490740740741 0.09606481481481481 0.984375 0.09837962962962964
0 1.0133101851851851 0.05844907407407407 1.019097222222222 0.056712962962962965 1.034722222222222 0.05960648148148148 1.0451388888888888 0.05844907407407407 1.0555555555555556 0.056134259259259266 1.0636574074074074 0.05844907407407407 1.0694444444444444 0.06597222222222222 1.0677083333333333 0.0769675925925926 1.0619212962962963 0.08564814814814814 1.0538194444444444 0.0943287037037037 1.0480324074074074 0.10011574074074074 1.0358796296296295 0.10185185185185186 1.0295138888888888 0.10706018518518519 1.019097222222222 0.11516203703703703 1.0115740740740742 0.12094907407407407 1.0069444444444444 0.12268518518518519 1.0023148148148149 0.11747685185185186 1.003472222222222 0.09780092592592593 1.009837962962963 0.09085648148148147 1.0104166666666667 0.078125 1.012152777777778 0.06655092592592593
0 1.0648148148148149 0.08854166666666667 1.0758101851851851 0.0920138888888889 1.083912037037037 0.09837962962962964 1.0885416666666667 0.10185185185185186 1.081597222222222 0.11168981481481481 1.0752314814814816 0.11747685185185186 1.068287037037037 0.11342592592592593 1.0630787037037037 0.10416666666666667 1.0578703703703705 0.10127314814814814 1.0601851851851851 0.0931712962962963
0 0.96875 0.4344468390804597 0.9858117816091952 0.43714080459770116 0.9992816091954023 0.443426724137931 0.9965876436781609 0.450610632183908 0.9947916666666666 0.4694683908045976 0.9947916666666666 0.48114224137931033 0.9768318965517241 0.48114224137931033 0.96875 0.4703663793103448 0.9696479885057471 0.4595905172413793 0.9741379310344827 0.4515086206896552
0 1.005567528735632 0.443426724137931 1.0154454022988506 0.44881465517241376 1.0307112068965518 0.46497844827586204 1.0441810344827587 0.4775502873563218 1.0513649425287357 0.4865301724137931 1.0531609195402298 0.5 1.0513649425287357 0.507183908045977 1.047772988505747 0.5206537356321839 1.0441810344827587 0.5341235632183908 1.0280172413793103 0.5350215517241379 1.0163433908045978 0.5242456896551724 1.0136494252873562 0.4982040229885057 1.0028735632183907 0.48114224137931033 1.0010775862068966 0.4640804597701149 1.0001795977011494 0.450610632183908
0 1.054956896551724 0.4793462643678161 1.061242816091954 0.4793462643678161 1.068426724137931 0.48742816091954017 1.0702227011494252 0.4982040229885057 1.0675287356321839 0.514367816091954 1.061242816091954 0.5116738505747126 1.0585488505747127 0.4973060344827586
0 0.9786278735632185 0.5772270114942528 0.9876077586206896 0.5799209770114943 1.0019755747126438 0.5808189655172413 1.0145474137931034 0.5862068965517241 1.0244252873563218 0.5844109195402298 1.0352011494252873 0.585308908045977 1.047772988505747 0.5736350574712643 1.054956896551724 0.5601652298850575 1.0585488505747127 0.5520833333333334 1.0459770114942528 0.5440014367816092 1.0352011494252873 0.5440014367816092 1.025323275862069 0.5466954022988505 1.011853448275862 0.5457974137931034 1.0001795977011494 0.5422054597701149 0.9920977011494253 0.5511853448275862 0.9867097701149424 0.5673491379310345
0 1.0702227011494252 0.5484913793103449 1.0935704022988506 0.5440014367816092 1.109734195402299 0.5475933908045977 1.1196120689655171 0.5538793103448275 1.1205100574712643 0.5745330459770115 1.1178160919540228 0.5817169540229885 1.105244252873563 0.5817169540229885 1.089080459770115 0.5736350574712643 1.0809985632183907 0.5601652298850575
0 1.1151221264367814 0.5404094827586207 1.1214080459770115 0.5278376436781609 1.1303879310344829 0.5197557471264368 1.1348778735632183 0.5269396551724138 1.1366738505747127 0.543103448275862 1.1465517241379308 0.5556752873563219 1.1555316091954022 0.5700431034482759 1.1528376436781607 0.5790229885057471 1.1438577586206895 0.5889008620689655 1.125 0.592492816091954 1.124102011494253 0.5835129310344828 1.1267959770114941 0.557471264367816
0 1.04058908045977 0.0016163793103447868 1.0504669540229885 0.011494252873563178 1.0639367816091954 0.02137212643678157 1.0702227011494252 0.022270114942528698 1.082794540229885 0.017780172413793063 1.0845905172413792 0.0025143678160919132 1.0648347701149425 0.00341235632183904
0 1.0639367816091954 0.5889008620689655 1.0720186781609196 0.5844109195402298 1.0783045977011494 0.6014727011494253 1.089080459770115 0.6149425287356322 1.109734195402299 0.6257183908045977 1.097162356321839 0.6364942528735632 1.0854885057471264 0.6436781609195402 1.0711206896551724 0.6409841954022989 1.0504669540229885 0.6400862068965517 1.039691091954023 0.6373922413793104 1.0585488505747127 0.6194324712643678 1.062140804597701 0.6023706896551724
0 0.9768318965517241 0.2979525862068965 0.9858117816091952 0.28897270114942525 0.9894037356321839 0.2808908045977011 1.0019755747126438 0.2835847701149425 1.018139367816092 0.287176724137931 1.0244252873563218 0.294360632183908 1.0226293103448276 0.3069324712643678 1.018139367816092 0.3105244252873563 0.9992816091954023 0.3069324712643678 0.9920977011494253 0.3114224137931034
0 0.9274425287356322 0.3347701149425287 0.9454022988505747 0.3401580459770115 0.9561781609195402 0.3419540229885057 0.9579741379310344 0.3491379310344827 0.9418103448275862 0.35183189655172414 0.9301364942528735 0.3527298850574712 0.9193606321839081 0.35003591954022983
0 1.033405172413793 0.39044540229885055 1.0360991379310345 0.3841594827586206 1.0531609195402298 0.38685344827586204 1.069324712643678 0.3913433908045976 1.0845905172413792 0.39313936781609193 1.1016522988505748 0.39673132183908044 1.1016522988505748 0.4128951149425287 1.1061422413793103 0.4245689655172413 1.1151221264367814 0.436242816091954 1.1267959770114941 0.44881465517241376 1.1133261494252873 0.4515086206896552 1.0926724137931034 0.4551005747126437 1.083692528735632 0.4568965517241379 1.0872844827586208 0.43534482758620685 1.082794540229885 0.4236709770114942 1.075610632183908 0.4110991379310345 1.0630387931034482 0.4048132183908046 1.0432830459770115 0.40301724137931033
0 1.1088362068965516 0.39762931034482757 1.1187140804597702 0.39493534482758613 1.124102011494253 0.3958333333333333 1.1214080459770115 0.40930316091954017 1.1276939655172413 0.4191810344827586 1.1429597701149425 0.421875 1.153735632183908 0.4227729885057471 1.1609195402298849 0.43534482758620685 1.1582255747126435 0.4443247126436782 1.1420617816091954 0.4470186781609195 1.1276939655172413 0.44163074712643674 1.1178160919540228 0.429058908045977 1.1124281609195403 0.4191810344827586 1.1079382183908046 0.4110991379310345
0 1.1205100574712643 0.2270114942528735 1.1339798850574712 0.23150143678160917 1.1492456896551724 0.24946120689655168 1.1609195402298849 0.2629310344827586 1.160021551724138 0.27909482758620685 1.1510416666666667 0.29256465517241376 1.1267959770114941 0.29615660919540227 1.1169181034482758 0.28538074712643674 1.1151221264367814 0.27280890804597696 1.1169181034482758 0.25035919540229884 1.1196120689655171 0.23599137931034478
0 1.0980603448275863 0.28268678160919536 1.109734195402299 0.27909482758620685 1.1124281609195403 0.2934626436781609 1.1196120689655171 0.301544540229885 1.1142241379310345 0.31501436781609193 1.1124281609195403 0.3239942528735632 1.096264367816092 0.3230962643678161 1.089978448275862 0.3132183908045977 1.0944683908045976 0.29615660919540227
0 1.0352011494252873 0.2970545977011494 1.0486709770114941 0.29525862068965514 1.0531609195402298 0.30244252873563215 1.0504669540229885 0.30962643678160917 1.0289152298850575 0.3168103448275862
0 1.027119252873563 0.32489224137931033 1.039691091954023 0.3213002873563218 1.0459770114942528 0.3177083333333333 1.0414870689655171 0.3338721264367816 1.0378951149425288 0.3473419540229885 1.033405172413793 0.35183189655172414 1.0235272988505748 0.3473419540229885 1.019935344827586 0.3374640804597701
0 1.1124281609195403 0.33117816091954017 1.1169181034482758 0.3419540229885057 1.1303879310344829 0.3491379310344827 1.1465517241379308 0.35362787356321834 1.1564295977011494 0.35183189655172414 1.1636135057471264 0.3374640804597701 1.1653645833333333 0.33221084770114906 1.1618175287356323 0.31501436781609193 1.1528376436781607 0.31950431034482757 1.1429597701149425 0.32848419540229884 1.1312859195402298 0.3302801724137931
0 1.1528376436781607 0.29525862068965514 1.1636135057471264 0.2835847701149425 1.1653645833333333 0.29321569683908116 1.1645114942528736 0.30513649425287354 1.1564295977011494 0.30872844827586204
0 1.0603448275862069 0.03124999999999996 1.0738146551724137 0.027658045977011454 1.0854885057471264 0.0258620689655172 1.090876436781609 0.035739942528735594 1.095366379310345 0.03843390804597697 1.0863864942528736 0.05010775862068961 1.0720186781609196 0.05459770114942525 1.0657327586206897 0.052801724137930994 1.0639367816091954 0.042025862068965476
0 1.1375718390804597 0.0025143678160919132 1.144755747126437 0.016882183908045936 1.154633620689655 0.030352011494252835 1.1636135057471264 0.035739942528735594 1.1653645833333333 0.020563936781608384 1.1645114942528736 0.0013020833333333333 1.1501436781609196 0.0025143678160919132
0 1.1124281609195403 0.201867816091954 1.1276939655172413 0.1955818965517241 1.1366738505747127 0.1848060344827586 1.1420617816091954 0.19737787356321834 1.1519396551724137 0.21443965517241378 1.1653645833333333 0.2270255253232759 1.1653645833333333 0.23419540229885052 1.153735632183908 0.23778735632183903 1.1429597701149425 0.23060344827586202 1.1321839080459768 0.22072557471264365 1.1214080459770115 0.21713362068965514
0 1.1214080459770115 0.042025862068965476 1.1267959770114941 0.027658045977011454 1.1312859195402298 0.01329022988505743 1.1330818965517242 0.008800287356321799 1.1465517241379308 0.03124999999999996 1.1456537356321839 0.04831178160919536 1.1420617816091954 0.06088362068965514 1.139367816091954 0.07704741379310341 1.1303879310344829 0.09051724137931032 1.1223060344827587 0.10129310344827581 1.1160201149425288 0.09231321839080457 1.1223060344827587 0.07614942528735628 1.125 0.05818965517241376
1 0.06515284267912773 0.3345015576323987 0.0724542445482866 0.32294100467289716 0.078538746105919 0.32294100467289716 0.08523169781931461 0.3351100077881619 0.09800915109034265 0.3381522585669781 0.108961253894081 0.3351100077881619 0.11687110591900311 0.3381522585669781 0.12538940809968846 0.3484959112149532 0.13938376168224298 0.3484959112149532 0.1412091121495327 0.3570142133956386 0.12964855919003113 0.3637071651090342 0.11808800623052958 0.3649240654205607 0.10835280373831775 0.360664914330218 0.0986176012461059 0.36309871495327095 0.09192464953271025 0.37222546728971956 0.09131619937694702 0.3801353193146417 0.08523169781931461 0.37830996884735196 0.07123734423676013 0.3770930685358255 0.06758664330218067 0.37283391744548283 0.06332749221183798 0.36249026479750773 0.056634540498442375 0.35823111370716504 0.06271904205607474 0.3521466121495327 0.07123734423676013 0.3466705607476635
1 0.1412091121495327 0.3138142523364486 0.1533781152647975 0.32415790498442365 0.16798091900311526 0.32537480529595014 0.1795414719626168 0.3217241043613707 0.18988512461059184 0.31503115264797504 0.1880597741433022 0.33206775700934577 0.18562597352024923 0.3442367601246106 0.1783245716510903 0.34971281152647965 0.16493866822429903 0.35762266355140176 0.15581191588785046 0.35397196261682234 0.14546826323987538 0.3533635124610592 0.14364291277258565 0.33328465732087226
1 0.0013020833333333333 0.3574746621621622 0.0013020833333333333 0.35465934684684686 0.0013020833333333333 0.3518440315315316 0.0013020833333333333 0.3567708333333334 0.0013020833333333333 0.36099380630630634 0.0013020833333333333 0.37577421171171177 0.0013020833333333333 0.38562781531531537 0.0013020833333333333 0.3954814189189189 0.0013020833333333333 0.40181587837837845 0.0013020833333333333 0.40181587837837845 0.0013020833333333333 0.37999718468468474
1 0.0013020833333333333 0.4046311936936937 0.0013020833333333333 0.39196227477477485 0.0013020833333333333 0.39196227477477485 0.0013020833333333333 0.40111204954954954 0.0013020833333333333 0.40885416666666674
1 0.0013020833333333333 0.38281250000000006 0.0013020833333333333 0.36380912162162166 0.0013020833333333333 0.35465934684684686 0.0013020833333333333 0.34691722972972977 0.0013020833333333333 0.3433980855855856 0.0013020833333333333 0.3476210585585586 0.0013020833333333333 0.3574746621621622 0.0013020833333333333 0.3595861486486487 0.0013020833333333333 0.3736627252252253 0.0013020833333333333 0.38070101351351354 0.0013020833333333333 0.3891469594594595 0.0013020833333333333 0.3961852477477478 0.0013020833333333333 0.3982967342342343 0.0013020833333333333 0.4032235360360361 0.0013020833333333333 0.4046311936936937 0.0013020833333333333 0.40040822072072074 0.0013020833333333333 0.391258445945946
1 0.0013020833333333333 0.3602899774774775 0.0013020833333333333 0.3560670045045045 0.0013020833333333333 0.3518440315315316 0.0013020833333333333 0.3497325450450451 0.0013020833333333333 0.34902871621621623 0.0013020833333333333 0.35395551801801806 0.0013020833333333333 0.36380912162162166 0.0013020833333333333 0.37647804054054057 0.0013020833333333333 0.387035472972973 0.0013020833333333333 0.39266610360360366 0.0013020833333333333 0.40040822072072074 0.0013020833333333333 0.41518862612612617 0.0013020833333333333 0.41589245495495497 0.0013020833333333333 0.40885416666666674 0.0013020833333333333 0.4039273648648649 0.0013020833333333333 0.391258445945946 0.0013020833333333333 0.37647804054054057
1 0.0013020833333333333 0.36099380630630634 0.0013020833333333333 0.3504363738738739 0.0015484234234234284 0.35395551801801806 0.005771396396396382 0.3602899774774775 0.003659909909909905 0.36662443693693697 0.0013020833333333333 0.36240146396396405
1 0.02125563063063063 0.40603885135135137 0.03110923423423421 0.4032235360360361 0.041666666666666664 0.3990005630630631 0.05292792792792792 0.38492398648648657 0.06207770270270271 0.37647804054054057 0.06911599099099097 0.38281250000000006 0.07896959459459459 0.38281250000000006 0.08319256756756754 0.3905546171171172 0.08248873873873874 0.40111204954954954 0.06911599099099097 0.4109656531531532 0.055743243243243236 0.42293074324324326 0.052224099099099086 0.436303490990991 0.053631756756756764 0.44967623873873874 0.06630067567567566 0.45671452702702703 0.07404279279279276 0.4736064189189189 0.06348536036036034 0.4827561936936937 0.053631756756756764 0.48838682432432434 0.04096283783783783 0.4862753378378379 0.024774774774774782 0.4827561936936937 0.005771396396396382 0.4764217342342343 0.0013020833333333333 0.469383445945946 0.0013020833333333333 0.46234515765765766 0.0013020833333333333 0.45671452702702703 0.0013020833333333333 0.4531953828828829 0.006475225225225219 0.4370073198198199 0.013513513513513487 0.4165962837837838
1 0.09093468468468469 0.3905546171171172 0.10219594594594594 0.3982967342342343 0.11627252252252251 0.40111204954954954 0.12753378378378377 0.40111204954954954 0.14583333333333334 0.3982967342342343 0.13597972972972971 0.40885416666666674 0.12471846846846846 0.41518862612612617 0.1211993243243243 0.420115427927928 0.1057150900900901 0.4109656531531532 0.0944538288288288 0.4046311936936937 0.08811936936936937 0.40111204954954954
1 0.05855855855855855 0.43137668918918926 0.0747466216216216 0.411669481981982 0.08882319819819817 0.40885416666666674 0.10430743243243241 0.41518862612612617 0.1134572072072072 0.42433840090090097 0.11768018018018016 0.4377111486486487 0.11838400900900899 0.4524915540540541 0.11838400900900899 0.46234515765765766 0.11134572072072073 0.47149493243243246 0.10078828828828827 0.48416385135135137 0.0944538288288288 0.48697916666666674 0.0817849099099099 0.47782939189189194 0.07545045045045044 0.46304898648648657 0.06981981981981981 0.4517877252252253 0.05926238738738739 0.44545326576576577
1 0.0013020833333333333 0.43278434684684686 0.0013020833333333333 0.4370073198198199 0.0013020833333333333 0.4370073198198199 0.0013020833333333333 0.42715371621621623 0.0013020833333333333 0.4215230855855856 0.0013020833333333333 0.42222691441441446
1 0.0013020833333333333 0.40885416666666674 0.0013020833333333333 0.40674268018018017 0.0013020833333333333 0.4208192567567568 0.0013020833333333333 0.4355996621621622 0.0013020833333333333 0.4461570945945947 0.0013020833333333333 0.4257460585585586
1 0.0013020833333333333 0.45741835585585594 0.0013020833333333333 0.44897240990990994 0.0013020833333333333 0.4384149774774775 0.0013020833333333333 0.4299690315315316 0.0013020833333333333 0.44545326576576577 0.0013020833333333333 0.4531953828828829 0.0013020833333333333 0.4602336711711712 0.0013020833333333333 0.4665681306306307 0.0013020833333333333 0.47571790540540543 0.0013020833333333333 0.4721987612612613 0.0013020833333333333 0.4679757882882883 0.0013020833333333333 0.46164132882882886
1 0.0013020833333333333 0.5052787162162162 0.0013020833333333333 0.498240427927928 0.0013020833333333333 0.48416385135135137 0.0013020833333333333 0.4743102477477478 0.0013020833333333333 0.4700872747747748 0.0013020833333333333 0.47923704954954954 0.0013020833333333333 0.4827561936936937 0.0013020833333333333 0.49612894144144143
1 0.0013020833333333333 0.46234515765765766 0.0013020833333333333 0.4475647522522523 0.0013020833333333333 0.4341920045045045 0.0013020833333333333 0.43208051801801806 0.0013020833333333333 0.4341920045045045 0.0013020833333333333 0.43911880630630634 0.0013020833333333333 0.4433417792792793 0.0013020833333333333 0.45389921171171177 0.0013020833333333333 0.45812218468468474 0.0013020833333333333 0.46445664414414417 0.0013020833333333333 0.4700872747747748 0.0013020833333333333 0.469383445945946
1 0.0013020833333333333 0.4468609234234235 0.0013020833333333333 0.43982263513513514 0.0013020833333333333 0.43278434684684686 0.0013020833333333333 0.43278434684684686 0.0013020833333333333 0.4306728603603604 0.0013020833333333333 0.4468609234234235 0.0013020833333333333 0.4595298423423424 0.0013020833333333333 0.4686796171171172 0.0013020833333333333 0.4736064189189189 0.0013020833333333333 0.47994087837837845 0.0013020833333333333 0.49331362612612617 0.0013020833333333333 0.5052787162162162 0.0013020833333333333 0.5130208333333334 0.0013020833333333333 0.5200591216216216 0.0013020833333333333 0.5207629504504505 0.0013020833333333333 0.5109093468468469 0.0013020833333333333 0.49753659909909914 0.0013020833333333333 0.4890906531531532 0.0013020833333333333 0.47782939189189194 0.0013020833333333333 0.4665681306306307 0.0013020833333333333 0.45671452702702703
1 0.0013020833333333333 0.5453969594594595 0.0013020833333333333 0.5425816441441441 0.0013020833333333333 0.5425816441441441 0.0013020833333333333 0.5461007882882883 0.0013020833333333333 0.5538429054054054 0.0013020833333333333 0.563696509009009 0.0013020833333333333 0.5735501126126127 0.0013020833333333333 0.5812922297297297 0.0013020833333333333 0.5791807432432433
1 0.057854729729729715 0.49331362612612617 0.06770833333333333 0.4855715090090091 0.07545045045045044 0.48064470720720726 0.08811936936936937 0.4890906531531532 0.09515765765765764 0.49260979729729737 0.08811936936936937 0.5003519144144145 0.0747466216216216 0.5059825450450451 0.06559684684684682 0.5038710585585586
1 0.10712274774774773 0.4890906531531532 0.11908783783783783 0.4919059684684685 0.13386824324324323 0.4919059684684685 0.1380912162162162 0.48064470720720726 0.13949887387387386 0.469383445945946 0.14020270270270271 0.45812218468468474 0.12753378378378377 0.465160472972973 0.11838400900900899 0.4736064189189189 0.10923423423423421 0.48134853603603606
1 0.14583333333333334 0.46234515765765766 0.1577984234234234 0.46304898648648657 0.16905968468468466 0.46304898648648657 0.17398648648648649 0.46586430180180183 0.17750563063063063 0.4771255630630631 0.17398648648648649 0.48768299549549554 0.16765202702702706 0.49542511261261263 0.1570945945945946 0.5017595720720721 0.1451295045045045 0.49683277027027034 0.13949887387387386 0.49401745495495497 0.14372184684684683 0.48134853603603606
1 0.225365990990991 0.3898507882882883 0.22747747747747749 0.38070101351351354 0.24085022522522523 0.3891469594594595 0.25 0.391258445945946 0.2570382882882883 0.3891469594594595 0.2626689189189189 0.3891469594594595 0.26618806306306303 0.3961852477477478 0.2633727477477477 0.40533502252252257 0.2626689189189189 0.41870777027027034 0.2584459459459459 0.42293074324324326 0.2514076576576576 0.4278575450450451 0.24014639639639634 0.42504222972972977 0.2359234234234234 0.42433840090090097 0.23170045045045043 0.411669481981982 0.2267736486486486 0.40181587837837845
1 0.26970720720720714 0.4039273648648649 0.2767454954954955 0.4032235360360361 0.28659909909909903 0.4032235360360361 0.28800675675675674 0.4109656531531532 0.28378378378378377 0.41941159909909914 0.2753378378378378 0.4215230855855856 0.26829954954954954 0.41800394144144143
1 0.36331644144144143 0.42504222972972977 0.3745777027027027 0.41448479729729737 0.3766891891891892 0.4046311936936937 0.38795045045045046 0.40251970720720726 0.3992117117117117 0.3968890765765766 0.40484234234234234 0.39336993243243246 0.41751126126126126 0.3975929054054055 0.4315878378378378 0.4039273648648649 0.4386261261261261 0.41026182432432434 0.44214527027027023 0.4208192567567568 0.4407376126126126 0.436303490990991 0.43440315315315314 0.44967623873873874 0.4294763513513513 0.4602336711711712 0.42243806306306303 0.4700872747747748 0.41751126126126126 0.4750140765765766 0.40906531531531526 0.46375281531531537 0.39569256756756754 0.46093750000000006 0.39498873873873874 0.4461570945945947 0.39146959459459457 0.436303490990991 0.3766891891891892 0.436303490990991 0.3675394144144144 0.43911880630630634
1 0.44988738738738737 0.3588823198198199 0.46396396396396394 0.3574746621621622 0.48226351351351343 0.3602899774774775 0.48789414414414406 0.3729588963963964 0.5012668918918918 0.38281250000000006 0.5076013513513513 0.3884431306306307 0.5019707207207208 0.3982967342342343 0.49563626126126126 0.4123733108108108 0.49141328828828823 0.4257460585585586 0.4850788288288288 0.42715371621621623 0.47311373873873874 0.4137809684684685 0.45762950450450446 0.40181587837837845 0.4548141891891892 0.38562781531531537 0.4534065315315315 0.3687359234234235
1 0.5139358108108109 0.38492398648648657 0.5167511261261261 0.36732826576576577 0.5167511261261261 0.36310529279279286 0.5287162162162162 0.3722550675675676 0.5385698198198198 0.37999718468468474 0.5244932432432433 0.38562781531531537
1 0.4857826576576576 0.43911880630630634 0.49070945945945943 0.43208051801801806 0.5012668918918918 0.43911880630630634 0.5097128378378378 0.4510838963963964 0.5104166666666666 0.45882601351351354 0.5019707207207208 0.4602336711711712 0.49000563063063063 0.45882601351351354 0.484375 0.4553068693693694
1 0.0013020833333333333 0.5834037162162162 0.0013020833333333333 0.567919481981982 0.0013020833333333333 0.559473536036036 0.0013020833333333333 0.5545467342342343 0.0013020833333333333 0.5503237612612614 0.0013020833333333333 0.5489161036036037 0.0013020833333333333 0.5622888513513514 0.0013020833333333333 0.5742539414414415 0.0013020833333333333 0.5798845720720721 0.0013020833333333333 0.5826998873873874 0.0013020833333333333 0.5819960585585586
1 0.0013020833333333333 0.5918496621621622 0.0013020833333333333 0.6024070945945946 0.0013020833333333333 0.6143721846846847 0.0013020833333333333 0.6207066441441441 0.0013020833333333333 0.629856418918919 0.0013020833333333333 0.637598536036036 0.0013020833333333333 0.6411176801801802 0.0013020833333333333 0.6439329954954955 0.0013020833333333333 0.6425253378378378 0.0013020833333333333 0.6390061936936937 0.0013020833333333333 0.641821509009009 0.0013020833333333333 0.6368947072072072 0.0013020833333333333 0.6277449324324325 0.0013020833333333333 0.6101492117117118
1 0.0013020833333333333 0.5693271396396397 0.0013020833333333333 0.5580658783783784 0.0013020833333333333 0.555954391891892 0.0013020833333333333 0.5615850225225226 0.0013020833333333333 0.5672156531531533 0.0013020833333333333 0.5665118243243243 0.0013020833333333333 0.5629926801801802 0.0013020833333333333 0.5489161036036037 0.0013020833333333333 0.5355433558558559 0.0013020833333333333 0.5263935810810811 0.0013020833333333333 0.5193552927927928 0.0013020833333333333 0.5123170045045046 0.0013020833333333333 0.5080940315315315 0.0013020833333333333 0.498240427927928 0.0013020833333333333 0.49260979729729737 0.0013020833333333333 0.5031672297297297 0.0013020833333333333 0.5151323198198199 0.0013020833333333333 0.5292088963963965 0.0013020833333333333 0.5439893018018018 0.0013020833333333333 0.5629926801801802
1 0.0013020833333333333 0.5172438063063064 0.0013020833333333333 0.5109093468468469 0.0013020833333333333 0.5045748873873874 0.0013020833333333333 0.5137246621621622 0.0013020833333333333 0.5193552927927928 0.0013020833333333333 0.5200591216216216
1 0.002956081081081067 0.5383586711711712 0.014217342342342324 0.5397663288288289 0.024070945945945943 0.5503237612612614 0.03110923423423421 0.5538429054054054 0.04025900900900899 0.5453969594594595 0.05011261261261261 0.5362471846846847 0.06207770270270271 0.5313203828828829 0.06489301801801801 0.5256897522522522 0.06418918918918919 0.514428490990991 0.06067004504504503 0.5045748873873874 0.05152027027027025 0.4947212837837838 0.042370495495495465 0.4919059684684685 0.03181306306306305 0.4996480855855856 0.026886261261261257 0.5095016891891893 0.019847972972972954 0.5200591216216216 0.012809684684684686 0.5278012387387387
1 0.10712274774774773 0.4947212837837838 0.11768018018018016 0.49542511261261263 0.13668355855855854 0.4996480855855856 0.1500563063063063 0.5052787162162162 0.15639076576576574 0.5095016891891893 0.1577984234234234 0.5256897522522522 0.15427927927927929 0.5348395270270271 0.14090653153153151 0.5348395270270271 0.13105292792792791 0.5306165540540541 0.12331081081081079 0.5172438063063064 0.11416103603603604 0.5080940315315315
1 0.16765202702702706 0.5109093468468469 0.17961711711711711 0.49683277027027034 0.18524774774774774 0.48838682432432434 0.1972128378378378 0.48486768018018017 0.20777027027027026 0.4890906531531532 0.21973536036036032 0.5017595720720721 0.21269707207207209 0.5123170045045046 0.20636261261261257 0.522874436936937 0.19862049549549546 0.5341356981981983 0.19510135135135132 0.5461007882882883 0.1873592342342342 0.5552505630630631 0.18313626126126126 0.5580658783783784 0.1746903153153153 0.5524352477477478 0.16765202702702706 0.5418778153153153 0.16413288288288286 0.5369510135135135 0.1648367117117117 0.5242820945945946
1 0.13246058558558557 0.5545467342342343 0.1352759009009009 0.5404701576576577 0.14864864864864866 0.5425816441441441 0.15920608108108106 0.5425816441441441 0.16905968468468466 0.5538429054054054 0.17680180180180174 0.5601773648648649 0.17820945945945943 0.5672156531531533 0.1725788288288288 0.5728462837837839 0.1549831081081081 0.563696509009009 0.1373873873873874 0.5615850225225226
1 0.0013020833333333333 0.5665118243243243 0.0013020833333333333 0.5538429054054054 0.0013020833333333333 0.5489161036036037 0.0013020833333333333 0.5503237612612614 0.004363738738738743 0.559473536036036 0.004363738738738743 0.5735501126126127 0.003659909909909905 0.5826998873873874 0.0013020833333333333 0.5848113738738739 0.0013020833333333333 0.5876266891891893 0.0013020833333333333 0.5777730855855856
1 0.0013020833333333333 0.5770692567567568 0.0013020833333333333 0.5665118243243243 0.0013020833333333333 0.5728462837837839 0.0013020833333333333 0.5714386261261262 0.0013020833333333333 0.5904420045045046 0.0013020833333333333 0.6024070945945946 0.0013020833333333333 0.6059262387387387 0.0013020833333333333 0.5988879504504505 0.0013020833333333333 0.596776463963964 0.0013020833333333333 0.5862190315315315
1 0.003659909909909905 0.5468046171171171 0.01140202702702701 0.5439893018018018 0.02266328828828827 0.5552505630630631 0.02970157657657657 0.5644003378378378 0.03040540540540541 0.5784769144144145 0.028997747747747733 0.5834037162162162 0.01632882882882884 0.5819960585585586 0.009994369369369371 0.5798845720720721 0.009290540540540534 0.5665118243243243 0.007882882882882858 0.555954391891892
1 0.03392454954954952 0.559473536036036 0.04448198198198198 0.5496199324324325 0.053631756756756764 0.5397663288288289 0.0627815315315315 0.5355433558558559 0.07122747747747744 0.5362471846846847 0.07052364864864864 0.5496199324324325 0.06348536036036034 0.5573620495495496 0.05644707207207208 0.5665118243243243 0.04096283783783783 0.5735501126126127 0.03673986486486484 0.5693271396396397
1 0.03673986486486484 0.5826998873873874 0.048001126126126135 0.5890343468468469 0.053631756756756764 0.5981841216216216 0.057854729729729715 0.5932573198198199 0.07193130630630629 0.592553490990991 0.08389639639639639 0.5862190315315315 0.09093468468468469 0.5742539414414415 0.09656531531531531 0.5644003378378378 0.0867117117117117 0.563696509009009 0.0747466216216216 0.5629926801801802 0.06418918918918919 0.5665118243243243 0.057854729729729715 0.5735501126126127 0.04729729729729729 0.5791807432432433
1 0.17961711711711711 0.45812218468468474 0.19228603603603603 0.44897240990990994 0.20213963963963963 0.4531953828828829 0.20495495495495497 0.4679757882882883 0.20073198198198194 0.47994087837837845 0.19087837837837837 0.4827561936936937 0.18384009009009006 0.47782939189189194 0.18032094594594592 0.469383445945946
1 0.20777027027027026 0.4468609234234235 0.21832770270270271 0.44123029279279286 0.22395833333333334 0.4440456081081081 0.23170045045045043 0.44474943693693697 0.23662725225225226 0.44052646396396405 0.23662725225225226 0.43278434684684686 0.24436936936936937 0.43208051801801806 0.24648085585585586 0.44545326576576577 0.25 0.45671452702702703 0.25351914414414417 0.46586430180180183 0.2549268018018018 0.47923704954954954 0.2507038288288288 0.489794481981982 0.24507319819819817 0.4947212837837838 0.23029279279279277 0.4996480855855856 0.22466216216216214 0.5003519144144145 0.2134009009009009 0.489794481981982 0.20777027027027026 0.48064470720720726 0.20847409909909906 0.47149493243243246 0.20988175675675672 0.45671452702702703
1 0.2584459459459459 0.45460304054054057 0.27181869369369366 0.4553068693693694 0.2795608108108108 0.45671452702702703 0.2774493243243243 0.46586430180180183 0.26900337837837834 0.4672719594594595 0.2605574324324324 0.4665681306306307
1 0.28589527027027023 0.4553068693693694 0.29434121621621623 0.44897240990990994 0.3020833333333333 0.44123029279279286 0.3126407657657657 0.4377111486486487 0.3217905405405405 0.43137668918918926 0.32671734234234234 0.4264498873873874 0.33094031531531526 0.42293074324324326 0.34431306306306303 0.4264498873873874 0.35627815315315314 0.4278575450450451 0.36190878378378377 0.43137668918918926 0.3612049549549549 0.4461570945945947 0.3590934684684684 0.4595298423423424 0.3576858108108108 0.4665681306306307 0.34642454954954954 0.47079110360360366 0.3330518018018018 0.47782939189189194 0.32319819819819817 0.48346002252252257 0.3147522522522522 0.48697916666666674 0.3063063063063063 0.4862753378378379 0.29293355855855857 0.48134853603603606 0.28800675675675674 0.4729025900900901 0.28519144144144143 0.46304898648648657
1 0.2598536036036036 0.4729025900900901 0.27041103603603606 0.4721987612612613 0.2795608108108108 0.4743102477477478 0.28589527027027023 0.4820523648648649 0.2830799549549549 0.4890906531531532 0.2753378378378378 0.4947212837837838 0.2640765765765765 0.49542511261261263 0.2570382882882883 0.49331362612612617 0.2577421171171171 0.4855715090090091
1 0.21832770270270271 0.5249859234234234 0.22255067567567566 0.5130208333333334 0.23240427927927923 0.5038710585585586 0.24788851351351351 0.5003519144144145 0.26478040540540543 0.5010557432432433 0.2802646396396396 0.5045748873873874 0.2795608108108108 0.522874436936937 0.2802646396396396 0.543285472972973 0.2767454954954955 0.5538429054054054 0.2584459459459459 0.5615850225225226 0.24577702702702697 0.5566582207207208 0.23310810810810811 0.5461007882882883 0.22184684684684686 0.5341356981981983
1 0.2816722972972973 0.49542511261261263 0.29152590090090086 0.4890906531531532 0.30489864864864863 0.4919059684684685 0.3034909909909909 0.4996480855855856 0.29293355855855857 0.5066863738738739 0.2887105855855856 0.5087978603603603
1 0.3612049549549549 0.5052787162162162 0.3752815315315315 0.5017595720720721 0.39146959459459457 0.4989442567567568 0.40906531531531526 0.4996480855855856 0.4161036036036036 0.5116131756756758 0.41751126126126126 0.5235782657657658 0.40625 0.5362471846846847 0.3999155405405405 0.5503237612612614 0.39639639639639634 0.5566582207207208 0.38795045045045046 0.551731418918919 0.3724662162162162 0.5461007882882883 0.3605011261261261 0.5292088963963965 0.3548704954954955 0.522874436936937
1 0.28659909909909903 0.5172438063063064 0.29574887387387383 0.5109093468468469 0.3063063063063063 0.5038710585585586 0.3119369369369369 0.498240427927928 0.3119369369369369 0.49331362612612617 0.32601351351351354 0.4890906531531532 0.3358671171171171 0.48697916666666674 0.34642454954954954 0.4947212837837838 0.352759009009009 0.5031672297297297 0.35205518018018017 0.5130208333333334 0.34783220720720714 0.5221706081081081 0.3365709459459459 0.5299127252252253 0.3217905405405405 0.5390625 0.3126407657657657 0.5453969594594595 0.30489864864864863 0.5496199324324325 0.2978603603603603 0.5489161036036037 0.2887105855855856 0.543285472972973 0.28659909909909903 0.5313203828828829
1 0.25563063063063063 0.576365427927928 0.2605574324324324 0.5665118243243243 0.2725225225225225 0.5629926801801802 0.2823761261261261 0.5545467342342343 0.28659909909909903 0.5503237612612614 0.29434121621621623 0.5552505630630631 0.29504504504504503 0.5644003378378378 0.28730292792792794 0.5869228603603603 0.28589527027027023 0.600999436936937 0.27393018018018017 0.5953688063063064
1 0.34923986486486486 0.6002956081081081 0.3548704954954955 0.5869228603603603 0.36542792792792794 0.5805884009009009 0.37105855855855857 0.5805884009009009 0.3802083333333333 0.5869228603603603 0.37880067567567566 0.600999436936937 0.37809684684684686 0.6108530405405406 0.37035472972972966 0.6157798423423424 0.3583896396396396 0.6143721846846847 0.3513513513513513 0.6101492117117118
1 0.38724662162162155 0.5848113738738739 0.397804054054054 0.5770692567567568 0.40625 0.5812922297297297 0.41891891891891886 0.5862190315315315 0.4329954954954955 0.5890343468468469 0.45129504504504503 0.5883305180180181 0.45692567567567566 0.5841075450450451 0.4674831081081081 0.5932573198198199 0.4717060810810811 0.6087415540540541 0.46537162162162155 0.6200028153153153 0.45199887387387383 0.6228181306306306 0.4365146396396396 0.6312640765765766 0.42173423423423423 0.6312640765765766 0.40836148648648646 0.6291525900900902 0.3971002252252252 0.6221143018018018 0.38583896396396394 0.6150760135135135 0.3851351351351351 0.6052224099099099 0.38654279279279274 0.592553490990991
1 0.31686373873873874 0.6361908783783784 0.3295326576576576 0.6390061936936937 0.3372747747747748 0.6516751126126127 0.3372747747747748 0.6580095720720721 0.32742117117117114 0.6573057432432433 0.3217905405405405 0.6537865990990991
1 0.3365709459459459 0.6397100225225226 0.3450168918918919 0.6284487612612613 0.3555743243243243 0.6207066441441441 0.37105855855855857 0.621410472972973 0.38302364864864863 0.6185951576576577 0.3928772522522522 0.6270411036036037 0.3971002252252252 0.6354870495495496 0.3837274774774775 0.6474521396396397 0.37176238738738737 0.6537865990990991 0.3590934684684684 0.6566019144144145 0.34712837837837834 0.6551942567567568 0.34079391891891886 0.6474521396396397
1 0.480152027027027 0.5017595720720721 0.4935247747747747 0.498240427927928 0.5054898648648648 0.498240427927928 0.5061936936936937 0.5172438063063064 0.5061936936936937 0.5278012387387387 0.49704391891891886 0.5334318693693694 0.4928209459459459 0.5207629504504505 0.48859797297297297 0.5130208333333334
1 0.5139358108108109 0.46445664414414417 0.5209740990990991 0.4560106981981982 0.5371621621621622 0.45460304054054057 0.5449042792792792 0.45460304054054057 0.5491272522522522 0.4721987612612613 0.5568693693693693 0.48697916666666674 0.5575731981981981 0.4947212837837838 0.5484234234234234 0.5003519144144145 0.549831081081081 0.5123170045045046 0.5434966216216216 0.5200591216216216 0.5315315315315314 0.5242820945945946 0.513231981981982 0.5221706081081081 0.5104166666666666 0.5031672297297297 0.5090090090090089 0.49331362612612617 0.5153434684684685 0.48486768018018017
1 0.49704391891891886 0.42504222972972977 0.5076013513513513 0.40111204954954954 0.5153434684684685 0.3905546171171172 0.5315315315315314 0.3884431306306307 0.5427927927927927 0.38562781531531537 0.5526463963963963 0.3898507882882883 0.5646114864864864 0.39336993243243246 0.5526463963963963 0.4137809684684685 0.5449042792792792 0.43278434684684686 0.5420889639639639 0.44474943693693697 0.5308277027027026 0.4468609234234235 0.5181587837837838 0.44967623873873874 0.5090090090090089 0.4440456081081081
1 0.0013020833333333333 0.6741976351351352 0.0013020833333333333 0.6727899774774776 0.0013020833333333333 0.6741976351351352 0.0013020833333333333 0.6763091216216218 0.0013020833333333333 0.6763091216216218 0.0013020833333333333 0.6805320945945947 0.0013020833333333333 0.6924971846846848 0.0013020833333333333 0.691793355855856 0.0013020833333333333 0.6932010135135136 0.0013020833333333333 0.6974239864864865 0.0013020833333333333 0.7100929054054056 0.0013020833333333333 0.712204391891892 0.0013020833333333333 0.7023507882882885 0.0013020833333333333 0.6903856981981983
1 0.0013020833333333333 0.6368947072072072 0.0013020833333333333 0.6207066441441441 0.0013020833333333333 0.6101492117117118 0.0013020833333333333 0.6066300675675677 0.0013020833333333333 0.6136683558558559 0.0013020833333333333 0.6185951576576577 0.0013020833333333333 0.6284487612612613 0.0013020833333333333 0.641821509009009 0.0013020833333333333 0.6530827702702703 0.0013020833333333333 0.6615287162162162 0.0013020833333333333 0.667159346846847 0.0013020833333333333 0.6551942567567568 0.0013020833333333333 0.6446368243243243
1 0.0013020833333333333 0.6847550675675677 0.0013020833333333333 0.6861627252252253 0.0013020833333333333 0.6946086711711713 0.0013020833333333333 0.7023507882882885 0.0013020833333333333 0.7044622747747749 0.0013020833333333333 0.7002393018018019
1 0.0013020833333333333 0.6826435810810811 0.0013020833333333333 0.6798282657657659 0.0013020833333333333 0.6798282657657659 0.0013020833333333333 0.6840512387387389 0.0013020833333333333 0.6932010135135136 0.0013020833333333333 0.7016469594594595 0.0013020833333333333 0.6988316441441443 0.0013020833333333333 0.6953125000000001
1 0.07545045045045044 0.6242257882882883 0.08600788288288286 0.6242257882882883 0.09586148648648647 0.6221143018018018 0.10430743243243241 0.621410472972973 0.10993806306306304 0.621410472972973 0.11134572072072073 0.6312640765765766 0.10430743243243241 0.6383023648648649 0.09234234234234233 0.6446368243243243 0.07896959459459459 0.6495636261261262 0.07193130630630629 0.6544904279279279 0.07052364864864864 0.650267454954955 0.0747466216216216 0.6397100225225226
1 0.11134572072072073 0.6129645270270271 0.12049549549549547 0.6024070945945946 0.13246058558558557 0.5988879504504505 0.13879504504504503 0.6017032657657658 0.13034909909909909 0.6115568693693694 0.12190315315315314 0.6192989864864865 0.11486486486486484 0.6228181306306306
1 0.11908783783783783 0.6368947072072072 0.11908783783783783 0.6284487612612613 0.12964527027027026 0.6200028153153153 0.14020270270270271 0.6122606981981983 0.14935247747747746 0.6101492117117118 0.16976351351351351 0.6129645270270271 0.18384009009009006 0.6150760135135135 0.1958051801801802 0.6157798423423424 0.20777027027027026 0.6284487612612613 0.20847409909909906 0.6446368243243243 0.20917792792792791 0.6615287162162162 0.20988175675675672 0.6734938063063064 0.20565878378378377 0.6826435810810811 0.19228603603603603 0.6903856981981983 0.1789132882882883 0.7107967342342344 0.15427927927927929 0.703758445945946 0.1380912162162162 0.6953125000000001 0.1373873873873874 0.6861627252252253 0.13457207207207209 0.6692708333333335 0.12682995495495494 0.6509712837837839
1 0.0013020833333333333 0.7854025900900902 0.0013020833333333333 0.7875140765765766 0.0013020833333333333 0.7952561936936938 0.0013020833333333333 0.7987753378378378 0.0013020833333333333 0.798071509009009 0.0013020833333333333 0.8100365990990991 0.0013020833333333333 0.8170748873873874 0.0013020833333333333 0.8128519144144145 0.0013020833333333333 0.8142595720720722 0.0013020833333333333 0.8262246621621623 0.0013020833333333333 0.8283361486486487 0.0013020833333333333 0.8332629504504506 0.0013020833333333333 0.831151463963964 0.0013020833333333333 0.8403012387387389 0.0013020833333333333 0.8431165540540541 0.0013020833333333333 0.8403012387387389 0.0013020833333333333 0.8487471846846848 0.0013020833333333333 0.8494510135135136 0.0013020833333333333 0.8515625000000001 0.0013020833333333333 0.8564893018018019 0.0013020833333333333 0.8571931306306307 0.0013020833333333333 0.8536739864864865 0.0013020833333333333 0.8065174549549551
1 0.20917792792792791 0.621410472972973 0.21480855855855854 0.6200028153153153 0.22043918918918917 0.6354870495495496 0.23240427927927923 0.6404138513513514 0.23803490990990986 0.6432291666666666 0.24225788288288289 0.6537865990990991 0.24929617117117112 0.6566019144144145 0.25211148648648646 0.6692708333333335 0.23733108108108106 0.667159346846847 0.22958896396396397 0.6734938063063064 0.22114301801801797 0.6784206081081082 0.21621621621621623 0.674901463963964 0.21621621621621623 0.6608248873873874 0.21551238738738734 0.6439329954954955 0.2119932432432432 0.6347832207207208
1 0.24436936936936937 0.6404138513513514 0.24859234234234232 0.6333755630630631 0.2570382882882883 0.6277449324324325 0.2633727477477477 0.6256334459459459 0.25633445945945943 0.6390061936936937 0.2507038288288288 0.6495636261261262
1 0.0013020833333333333 0.7157235360360361 0.0013020833333333333 0.7065737612612614 0.0013020833333333333 0.7100929054054056 0.0013020833333333333 0.7276886261261262 0.0013020833333333333 0.7410613738738739 0.0013020833333333333 0.7459881756756758 0.0013020833333333333 0.7389498873873874 0.0013020833333333333 0.7283924549549551
1 0.0013020833333333333 0.712204391891892 0.0013020833333333333 0.707981418918919 0.0013020833333333333 0.7044622747747749 0.0013020833333333333 0.7107967342342344 0.0013020833333333333 0.724169481981982 0.0013020833333333333 0.7312077702702703 0.0013020833333333333 0.7410613738738739 0.0013020833333333333 0.7403575450450451 0.0013020833333333333 0.7396537162162163 0.0013020833333333333 0.7389498873873874 0.0013020833333333333 0.7276886261261262
1 0.0013020833333333333 0.703758445945946 0.0013020833333333333 0.6946086711711713 0.0013020833333333333 0.6896818693693695 0.0013020833333333333 0.6932010135135136 0.009290540540540534 0.7002393018018019 0.014217342342342324 0.7016469594594595 0.012105855855855848 0.7093890765765766 0.0013020833333333333 0.7185388513513514 0.0013020833333333333 0.7255771396396398 0.0013020833333333333 0.7129082207207208
1 0.0013020833333333333 0.7516188063063064 0.0013020833333333333 0.7459881756756758 0.0013020833333333333 0.7431728603603606 0.0013020833333333333 0.7466920045045046 0.0013020833333333333 0.7502111486486487 0.0013020833333333333 0.7565456081081082 0.0015484234234234284 0.7685106981981983 0.004363738738738743 0.7846987612612614 0.004363738738738743 0.7924408783783785 0.0013020833333333333 0.8065174549549551 0.0013020833333333333 0.8170748873873874 0.0013020833333333333 0.8255208333333335 0.0013020833333333333 0.8276323198198199 0.0013020833333333333 0.8283361486486487 0.0013020833333333333 0.8227055180180182 0.0013020833333333333 0.7931447072072073 0.0013020833333333333 0.7727336711711712 0.0013020833333333333 0.7621762387387389
1 0.014217342342342324 0.6643440315315315 0.02055180180180179 0.6601210585585585 0.036036036036036036 0.6580095720720721 0.048001126126126135 0.6566019144144145 0.06067004504504503 0.6558980855855856 0.06841216216216213 0.6594172297297297 0.06348536036036034 0.6777167792792794 0.061373873873873865 0.6995354729729731 0.057854729729729715 0.707981418918919 0.04025900900900899 0.7016469594594595 0.02125563063063063 0.6967201576576577 0.014921171171171163 0.691793355855856 0.014921171171171163 0.6777167792792794
1 0.06981981981981981 0.6763091216216218 0.07263513513513513 0.6615287162162162 0.08037725225225223 0.6537865990990991 0.09234234234234233 0.6495636261261262 0.10430743243243241 0.646044481981982 0.1134572072072072 0.641821509009009 0.12542229729729729 0.6558980855855856 0.1282376126126126 0.6699746621621623 0.13034909909909909 0.6840512387387389 0.1261261261261261 0.6974239864864865 0.11838400900900899 0.7129082207207208 0.10853040540540541 0.7234656531531533 0.10219594594594594 0.7347269144144145 0.09375 0.7410613738738739 0.08389639639639639 0.736838400900901 0.06630067567567566 0.7164273648648649 0.06630067567567566 0.7016469594594595 0.06630067567567566 0.6833474099099099
1 0.0013020833333333333 0.7283924549549551 0.006475225225225219 0.7206503378378378 0.01703265765765764 0.7129082207207208 0.02125563063063063 0.7044622747747749 0.034628378378378365 0.7065737612612614 0.053631756756756764 0.7136120495495497 0.05926238738738739 0.7185388513513514 0.06207770270270271 0.7283924549549551 0.0550394144144144 0.7410613738738739 0.03181306306306305 0.7537302927927928 0.015625 0.7523226351351352 0.002956081081081067 0.753026463963964 0.0013020833333333333 0.7445805180180182
1 0.05011261261261261 0.814963400900901 0.05644707207207208 0.7966638513513514 0.06418918918918919 0.7783643018018019 0.07122747747747744 0.7671030405405407 0.07967342342342343 0.757249436936937 0.09656531531531531 0.7692145270270272 0.10360360360360359 0.7811796171171173 0.10782657657657657 0.7868102477477478 0.10008445945945943 0.7938485360360361 0.08741554054054053 0.7966638513513514 0.07756193693693691 0.8037021396396398 0.07404279279279276 0.8170748873873874 0.07193130630630629 0.8262246621621623 0.05715090090090088 0.8205940315315315
1 0.1528716216216216 0.7298001126126127 0.16131756756756754 0.7262809684684686 0.171875 0.7347269144144145 0.18595157657657654 0.7340230855855857 0.196509009009009 0.7361345720720722 0.20073198198198194 0.7403575450450451 0.20073198198198194 0.7586570945945947 0.196509009009009 0.7755489864864865 0.19087837837837837 0.7832911036036037 0.17680180180180174 0.786106418918919 0.16342905405405403 0.7846987612612614 0.14864864864864866 0.7790681306306307 0.14301801801801803 0.7769566441441443 0.14653716216216214 0.7656953828828831 0.15146396396396397 0.7473958333333335
1 0.19932432432432434 0.7283924549549551 0.20988175675675672 0.7361345720720722 0.22466216216216214 0.7269847972972974 0.23803490990990986 0.7213541666666669 0.2267736486486486 0.707981418918919 0.21762387387387383 0.7016469594594595 0.21551238738738734 0.6995354729729731 0.21269707207207209 0.712204391891892 0.20777027027027026 0.719946509009009
1 0.0013020833333333333 0.8607122747747749 0.0013020833333333333 0.8691582207207208 0.0013020833333333333 0.880419481981982 0.0013020833333333333 0.8909769144144145 0.0013020833333333333 0.8966075450450451 0.0013020833333333333 0.8888135751682872 0.0013020833333333333 0.8703859060402684
1 0.0013020833333333333 0.9472874720357942 0.0013020833333333333 0.9376747762863534 0.0013020833333333333 0.9368008948545862 0.0013020833333333333 0.9481613534675616 0.0013020833333333333 0.9577740492170023 0.0013020833333333333 0.962143456375839 0.0013020833333333333 0.9612695749440716 0.0013020833333333333 0.9656389821029082 0.0013020833333333333 0.962143456375839
1 0.0013020833333333333 0.9402964205816554 0.0013020833333333333 0.9359270134228188 0.0013020833333333333 0.9359270134228188 0.0013020833333333333 0.9394225391498882 0.0013020833333333333 0.9481613534675616 0.0013020833333333333 0.9525307606263982 0.0013020833333333333 0.9603956935123042
1 0.0013020833333333333 0.9787472035794184 0.0013020833333333333 0.9787472035794184 0.0013020833333333333 0.9813688478747203 0.0013020833333333333 0.9656389821029082 0.0013020833333333333 0.956900167785235 0.0013020833333333333 0.9665128635346756
1 0.0013020833333333333 0.8441694630872484 0.0013020833333333333 0.8363045302013422 0.0013020833333333333 0.8345567673378076 0.006256991051454164 0.8293134787472036 0.017617449664429536 0.8266918344519016 0.024608501118568233 0.8371784116331096 0.014995805369127516 0.8467911073825504 0.008878635346756147 0.8598993288590604 0.006256991051454164 0.8773769574944071 0.0027614653243847784 0.8834941275167786 0.0013020833333333333 0.8852418903803132 0.0013020833333333333 0.8904851789709172 0.0013020833333333333 0.894854586129754 0.0013020833333333333 0.8869896532438478 0.0013020833333333333 0.8712597874720358 0.0013020833333333333 0.8607732102908278
1 0.0013020833333333333 0.926314317673378 0.0013020833333333333 0.9123322147651006 0.0013020833333333333 0.8983501118568232 0.0013020833333333333 0.8992239932885906 0.0013020833333333333 0.913206096196868 0.0013020833333333333 0.921071029082774 0.0013020833333333333 0.9254404362416108 0.0013020833333333333 0.9306837248322148 0.0013020833333333333 0.9359270134228188 0.0013020833333333333 0.9385486577181208 0.0013020833333333333 0.9306837248322148
1 0.0013020833333333333 0.8738814317673378 0.0013020833333333333 0.861647091722595 0.0013020833333333333 0.864268736017897 0.0013020833333333333 0.8721336689038032 0.0013020833333333333 0.8826202460850112 0.0013020833333333333 0.8913590604026845 0.0013020833333333333 0.897476230425056 0.0013020833333333333 0.8861157718120806
1 0.0013020833333333333 0.9315576062639822 0.0013020833333333333 0.9140799776286354 0.0013020833333333333 0.9044672818791946 0.0013020833333333333 0.9027195190156599 0.0013020833333333333 0.910584451901566 0.0013020833333333333 0.9219449105145414 0.0013020833333333333 0.9359270134228188 0.0013020833333333333 0.9429180648769574 0.0013020833333333333 0.9429180648769574
1 0.0013020833333333333 0.9298098434004474 0.0013020833333333333 0.921071029082774 0.0013020833333333333 0.9035934004474272 0.0013020833333333333 0.897476230425056 0.0013020833333333333 0.892232941834452 0.004509228187919471 0.8904851789709172 0.01062639821029084 0.8957284675615212 0.012374161073825496 0.9167016219239373 0.014995805369127516 0.9306837248322148 0.01674356823266221 0.9394225391498882 0.0036353467561521433 0.9437919463087249 0.0013020833333333333 0.9455397091722596
1 0.030725671140939603 0.9507829977628636 0.024608501118568233 0.9368008948545862 0.01936521252796423 0.9175755033557048 0.018491331096196866 0.9088366890380314 0.03159955257270693 0.9035934004474272 0.047329418344519016 0.9009717561521252 0.059563758389261756 0.8983501118568232 0.06830257270693514 0.8931068232662193 0.07878914988814319 0.8992239932885906 0.07616750559284118 0.9114583333333334 0.06480704697986579 0.9245665548098434 0.05169882550335573 0.9324314876957495 0.042086129753915014 0.9376747762863534
1 0.08665408277404922 0.9070889261744967 0.09189737136465326 0.9009717561521252 0.109375 0.897476230425056 0.1251048657718121 0.897476230425056 0.13471756152125283 0.9062150447427294 0.1329697986577181 0.9184493847874721 0.1224832214765101 0.9254404362416108 0.10762723713646534 0.926314317673378 0.0953928970917226 0.9175755033557048
1 0.10325782997762863 0.8598993288590604 0.10325782997762863 0.851160514541387 0.11024888143176736 0.8380522930648769 0.11461828859060401 0.8284395973154363 0.13122203579418346 0.832809004474273 0.14957354586129756 0.832809004474273 0.1618078859060403 0.832809004474273 0.17054670022371363 0.845917225950783 0.17142058165548094 0.8651426174496644 0.16705117449664422 0.8861157718120806 0.15569071588366892 0.897476230425056 0.1443302572706935 0.9009717561521252 0.12772651006711408 0.8931068232662193 0.12423098434004476 0.8808724832214766 0.1259787472035794 0.8677642617449665
1 0.0013020833333333333 0.9385486577181208 0.0013020833333333333 0.9481613534675616 0.0013020833333333333 0.9542785234899328 0.0013020833333333333 0.970008389261745 0.0013020833333333333 0.9717561521252797 0.0013020833333333333 0.9603956935123042 0.0013020833333333333 0.9525307606263982
1 0.0013020833333333333 0.9831166107382551 0.0013020833333333333 0.9848643736017898 0.0013020833333333333 0.9874860178970918 0.0013020833333333333 0.9962248322147652 0.0013020833333333333 0.9986979166666666 0.0013020833333333333 0.9979725950782998 0.0013020833333333333 0.9962547938638543
1 0.0013020833333333333 0.9630173378076062 0.004509228187919471 0.9516568791946308 0.01412192393736019 0.9481613534675616 0.021112975391498884 0.9490352348993288 0.025482382550335563 0.9560262863534675 0.025482382550335563 0.9665128635346756 0.018491331096196866 0.9743777964205816 0.005383109619686799 0.9735039149888144
1 0.0013020833333333333 0.9901076621923938 0.0013020833333333333 0.9822427293064876 0.01062639821029084 0.9839904921700224 0.01062639821029084 0.993603187919463
1 0.0013020833333333333 0.9901076621923938 0.0013020833333333333 0.990981543624161 0.0013020833333333333 0.9962248322147652 0.0013020833333333333 0.9986979166666666
1 0.020239093959731558 0.9962248322147652 0.021986856823266215 0.9839904921700224 0.029851789709172277 0.9743777964205816 0.03334731543624162 0.964765100671141 0.038590604026845665 0.9542785234899328 0.04383389261744967 0.9499091163310962 0.05694211409395974 0.9560262863534675 0.07092421700223712 0.9577740492170023 0.08141079418344521 0.956900167785235 0.08927572706935123 0.959521812080537 0.09189737136465326 0.964765100671141 0.09451901565995528 0.970008389261745 0.09801454138702463 0.9787472035794184 0.10325782997762863 0.9892337807606264 0.10500559284116333 0.9962248322147652 0.07616750559284118 0.9962248322147652 0.04558165548098436 0.9979725950782998
1 0.14520413870246085 0.9114583333333334 0.16006012304250558 0.905341163310962 0.1696728187919463 0.8913590604026845 0.176663870246085 0.8782508389261744 0.176663870246085 0.8747553131991052 0.19239373601789703 0.8756291946308724 0.19763702460850108 0.8861157718120806 0.2020064317673378 0.9009717561521252 0.2020064317673378 0.9123322147651006 0.18715044742729306 0.9149538590604026 0.17142058165548094 0.9193232662192394 0.1574384787472036 0.926314317673378 0.14782578299776292 0.921071029082774
1 0.1443302572706935 0.9944770693512304 0.14258249440715887 0.9769994407158836 0.1460780201342282 0.964765100671141 0.15569071588366892 0.9542785234899328 0.16705117449664422 0.9586479306487696 0.16617729306487694 0.9665128635346756 0.16879893736017895 0.980494966442953 0.17054670022371363 0.9892337807606264 0.16617729306487694 0.9953509507829977
1 0.1810332774049217 0.8546560402684564 0.19064597315436238 0.8502866331096196 0.2063758389261745 0.843295581655481 0.21948406040268456 0.832809004474273 0.23171840044742723 0.8249440715883668 0.24307885906040264 0.8092142058165548 0.24919602908277402 0.8310612416107382 0.2596826062639821 0.8389261744966442 0.26405201342281875 0.851160514541387 0.2605564876957494 0.8651426174496644 0.2561870805369127 0.8747553131991052 0.23608780760626394 0.8651426174496644 0.21861017897091717 0.859025447427293 0.20025866890380314 0.8651426174496644 0.19676314317673374 0.8695120246085012 0.18365492170022368 0.8668903803131992
1 0.44756711409395966 0.5522930648769575 0.45193652125279643 0.5461758948545862 0.4667925055928412 0.5461758948545862 0.4781529642058166 0.5418064876957495 0.489513422818792 0.5418064876957495 0.4930089485458613 0.5619057606263982 0.49737835570469796 0.5785095078299777 0.48863954138702453 0.587248322147651 0.47727908277404923 0.5898699664429531 0.4650447427293065 0.5820050335570469 0.4536842841163311 0.5723923378076062
1 0.4965044742729306 0.5575363534675616 0.5008738814317674 0.5435542505592842 0.5061171700223714 0.5365631991051454 0.5174776286353469 0.533067673378076 0.5314597315436242 0.5374370805369127 0.5393246644295302 0.5426803691275167 0.5393246644295302 0.5549147091722595 0.5375769015659956 0.5680229306487695 0.5288380872483223 0.576761744966443 0.5183515100671142 0.5855005592841164 0.5113604586129754 0.5837527964205816 0.5052432885906041 0.5732662192393736
1 0.5559284116331097 0.47102209172259507 0.551559004474273 0.4570399888143177 0.551559004474273 0.4491750559284116 0.5637933445190156 0.4491750559284116 0.577775447427293 0.4517967002237136 0.5900097874720358 0.455292225950783 0.6039918903803132 0.4684004474272931 0.5996224832214766 0.4823825503355705 0.5952530760626399 0.4911213646532438 0.5812709731543625 0.4902474832214765 0.564667225950783 0.48587807606263983
1 0.6974972035794185 0.2315785794183445 0.7141009507829978 0.22546140939597314 0.7315785794183446 0.22109200223713646 0.7359479865771812 0.22808305369127516 0.7333263422818792 0.24381291946308725 0.7333263422818792 0.2542994966442953 0.7184703579418344 0.2542994966442953 0.7018666107382551 0.2525517337807606 0.6974972035794185 0.2473084451901566
1 0.21861017897091717 0.6921140939597316 0.22997063758389258 0.6825013982102908 0.2457005033557047 0.6781319910514542 0.2544393176733781 0.6816275167785234 0.2588087248322148 0.7026006711409396 0.2666736577181208 0.7148350111856824 0.2806557606263982 0.727069351230425 0.2911423378076063 0.7384298098434005 0.29638562639821026 0.7559074384787472 0.2858990492170022 0.7646462527964206 0.28327740492170017 0.7795022371364654 0.2806557606263982 0.7987276286353467 0.29026845637583887 0.8127097315436241 0.2920162192393736 0.8258179530201342 0.29026845637583887 0.8336828859060402 0.2771602348993288 0.835430648769575 0.2666736577181208 0.8371784116331096 0.2553131991051454 0.8249440715883668 0.24919602908277402 0.8092142058165548 0.24657438478747204 0.786493288590604 0.23259228187919465 0.7637723713646533 0.22472734899328853 0.7419253355704698 0.22472734899328853 0.7375559284116332 0.23958333333333334 0.7314387583892618 0.2457005033557047 0.719204418344519 0.2343400447427293 0.7043484340044742
1 0.26405201342281875 0.6833752796420582 0.2631781319910514 0.6685192953020134 0.2815296420581655 0.6667715324384788 0.30075503355704697 0.6667715324384788 0.3191065436241611 0.6685192953020134 0.3191065436241611 0.6868708053691276 0.3199804250559284 0.706096196868009 0.3094938478747203 0.7157088926174496 0.2920162192393736 0.703474552572707 0.2797818791946309 0.6912402125279642
1 0.21161912751677847 0.91582774049217 0.22647511185682326 0.9245665548098434 0.23696168903803128 0.9298098434004474 0.25094379194630867 0.9280620805369127 0.26405201342281875 0.9193232662192394 0.26405201342281875 0.9062150447427294 0.2588087248322148 0.8887374161073825 0.25094379194630867 0.8808724832214766 0.238709451901566 0.8730075503355704 0.22123182326621924 0.8668903803131992 0.21161912751677847 0.8677642617449665 0.20375419463087244 0.8738814317673378 0.20375419463087244 0.8861157718120806 0.21074524608501113 0.9027195190156599
1 0.2998811521252796 0.8363045302013422 0.2990072706935123 0.8205746644295302 0.30337667785234895 0.8144574944071589 0.3103677293064877 0.8118358501118568 0.32959312080536907 0.8214485458612976 0.34007969798657717 0.830187360178971 0.35493568232662187 0.8450433445190156 0.3636744966442953 0.8546560402684564 0.3767827181208054 0.8529082774049218 0.38639541387024606 0.8502866331096196 0.3960081096196868 0.8476649888143176 0.40037751677852346 0.8415478187919464 0.4152335011185682 0.8398000559284117 0.4292156040268456 0.8450433445190156 0.4283417225950783 0.8625209731543624 0.4213506711409396 0.8747553131991052 0.4108640939597315 0.8887374161073825 0.40474692393736017 0.8939807046979866 0.3986297539149888 0.9027195190156599 0.3881431767337807 0.8992239932885906 0.3776565995525727 0.8869896532438478 0.362800615212528 0.8747553131991052 0.3409535794183445 0.8677642617449665 0.3322147651006711 0.8625209731543624 0.3191065436241611 0.8555299217002238 0.3068722035794183 0.8476649888143176
1 0.305998322147651 0.7698895413870246 0.316484899328859 0.7725111856823266 0.32871923937360176 0.7725111856823266 0.3374580536912752 0.7690156599552572 0.3453229865771812 0.762898489932886 0.35406180089485456 0.765520134228188 0.35493568232662187 0.770763422818792 0.3435752237136465 0.7803761185682326 0.3322147651006711 0.7873671700223714 0.3173587807606264 0.7891149328859061 0.3103677293064877 0.7829977628635346
1 0.3260975950782998 0.6685192953020134 0.33571029082774045 0.667645413870246 0.3461968680089485 0.6807536353467561 0.3575573266219239 0.6877446868008948 0.362800615212528 0.6938618568232662 0.3575573266219239 0.7069700782997762 0.3453229865771812 0.7130872483221476 0.3278453579418344 0.7078439597315436 0.3269714765100671 0.6912402125279642
1 0.440576062639821 0.636185682326622 0.4501887583892618 0.6309423937360179 0.46154921700223706 0.6265729865771812 0.47290967561521247 0.6265729865771812 0.4807746085011186 0.6405550894854586 0.4685402684563758 0.638807326621924 0.4554320469798658 0.6431767337807607 0.4414499440715884 0.6484200223713646
1 0.47553131991051445 0.6160864093959731 0.4799007270693512 0.5994826621923938 0.48601789709172255 0.5933654921700223 0.49825223713646527 0.5889960850111857 0.5043694071588368 0.5863744407158836 0.5192253914988815 0.5933654921700223 0.5253425615212528 0.600356543624161 0.5235947986577182 0.6134647651006712 0.5227209172259508 0.6187080536912751 0.5078649328859061 0.6239513422818792 0.4965044742729306 0.6300685123042505 0.492135067114094 0.638807326621924 0.4825223713646532 0.6318162751677853
1 0.5349552572706936 0.5313199105145414 0.548937360178971 0.5269505033557047 0.5550545302013424 0.5295721476510067 0.5602978187919464 0.5531669463087249 0.5637933445190156 0.5758878635346757 0.5672888702460851 0.587248322147651 0.5576761744966444 0.5907438478747203 0.5410724272930648 0.5933654921700223 0.5305858501118569 0.5907438478747203 0.5323336129753916 0.5837527964205816 0.5428201901565997 0.5723923378076062 0.543694071588367 0.5549147091722595 0.5428201901565997 0.5418064876957495
1 0.5961269574944073 0.4989862975391499 0.6101090604026846 0.4919952460850112 0.62146951901566 0.4972385346756152 0.6302083333333334 0.5042295861297539 0.6284605704697986 0.5164639261744967 0.626712807606264 0.5217072147651006 0.6171001118568232 0.5217072147651006 0.6022441275167786 0.519959451901566 0.5935053131991053 0.5190855704697986 0.6004963646532439 0.5077251118568232
1 0.316484899328859 0.7235738255033558 0.3234759507829978 0.716582774049217 0.3383319351230425 0.7200782997762863 0.3496923937360179 0.7200782997762863 0.3584312080536913 0.7200782997762863 0.370665548098434 0.7279432326621924 0.3890170581655481 0.729690995525727 0.39426034675615207 0.7471686241610738 0.37940436241610737 0.7497902684563759 0.3636744966442953 0.7585290827740492 0.3523140380313199 0.7550335570469798 0.3383319351230425 0.7462947427293064 0.3269714765100671 0.7340604026845637
1 0.4388282997762863 0.6842491610738256 0.445819351230425 0.6816275167785234 0.45805369127516776 0.6833752796420582 0.4650447427293065 0.6912402125279642 0.4571798098434004 0.703474552572707 0.44407158836689037 0.7026006711409396 0.440576062639821 0.6938618568232662
1 0.5332074944071589 0.6187080536912751 0.5314597315436242 0.600356543624161 0.5428201901565997 0.5994826621923938 0.559423937360179 0.5968610178970918 0.5690366331096198 0.6099692393736018 0.5707843959731544 0.6230774608501118 0.5699105145413871 0.6379334451901566 0.5629194630872484 0.6396812080536912 0.5445679530201343 0.6318162751677853
1 0.20462807606263977 0.9970987136465325 0.22297958612975388 0.9970987136465325 0.2457005033557047 0.9970987136465325 0.2623042505592841 0.9962248322147652 0.26842142058165547 0.9927293064876958 0.2692953020134228 0.9848643736017898 0.26143036912751677 0.9735039149888144 0.2553131991051454 0.962143456375839 0.2457005033557047 0.9586479306487696 0.23521392617449663 0.9638912192393736 0.2343400447427293 0.975251677852349 0.22385346756152122 0.9822427293064876 0.20724972035794184 0.9831166107382551
1 0.2631781319910514 0.8834941275167786 0.2692953020134228 0.8651426174496644 0.2815296420581655 0.8817463646532439 0.2972595078299776 0.892232941834452 0.311241610738255 0.9027195190156599 0.3016289149888143 0.9097105704697986 0.28240352348993286 0.9114583333333334 0.2745385906040268 0.907962807606264 0.2666736577181208 0.8957284675615212
1 0.2876468120805369 0.9429180648769574 0.3068722035794183 0.9507829977628636 0.3260975950782998 0.962143456375839 0.3418274608501118 0.9612695749440716 0.3488185123042505 0.9481613534675616 0.3514401565995526 0.9219449105145414 0.3453229865771812 0.913206096196868 0.32172818791946306 0.9114583333333334 0.308619966442953 0.91582774049217 0.2998811521252796 0.9201971476510068
1 0.3304670022371365 0.9070889261744967 0.3496923937360179 0.9097105704697986 0.3575573266219239 0.910584451901566 0.36105285234899326 0.9027195190156599 0.3514401565995526 0.8992239932885906 0.3392058165548098 0.9009717561521252
1 0.19763702460850108 0.9394225391498882 0.2124930089485458 0.9411703020134228 0.22647511185682326 0.9455397091722596 0.23084451901565992 0.9359270134228188 0.21948406040268456 0.9306837248322148 0.2089974832214765 0.9359270134228188
1 0.23958333333333334 0.9376747762863534 0.2544393176733781 0.9315576062639822 0.2719169463087248 0.9219449105145414 0.2771602348993288 0.9167016219239373 0.2911423378076063 0.9175755033557048 0.2850251677852349 0.9350531319910514 0.2762863534675615 0.9446658277404922 0.26143036912751677 0.9455397091722596 0.24919602908277402 0.9499091163310962 0.23521392617449663 0.9516568791946308
1 0.27541247203579416 0.9970987136465325 0.2998811521252796 0.9953509507829977 0.313863255033557 0.9970987136465325 0.3016289149888143 0.988359899328859 0.29376398210290827 0.9848643736017898 0.2841512863534675 0.9901076621923938
1 0.4213506711409396 0.9962248322147652 0.445819351230425 0.9979725950782998 0.43970218120805366 0.988359899328859 0.4230984340044743 0.977873322147651 0.4196029082774049 0.9874860178970918
1 0.4292156040268456 0.972630033557047 0.43970218120805366 0.9796210850111856 0.45193652125279643 0.9866121364653244 0.45892757270693507 0.9717561521252797 0.46154921700223706 0.9507829977628636 0.4685402684563758 0.926314317673378 0.46329697986577184 0.910584451901566 0.4554320469798658 0.907962807606264 0.44756711409395966 0.9219449105145414 0.43358501118568227 0.9411703020134228 0.4318372483221476 0.9612695749440716
1 0.4563059284116331 0.9962248322147652 0.4799007270693512 0.9962248322147652 0.48689177852348986 0.9962248322147652 0.49825223713646527 0.9787472035794184 0.51310822147651 0.959521812080537 0.5209731543624162 0.9394225391498882 0.5253425615212528 0.926314317673378 0.5096126957494408 0.9070889261744967 0.49737835570469796 0.9018456375838926 0.4851440156599552 0.9114583333333334 0.47727908277404923 0.9228187919463088 0.4737835570469798 0.9376747762863534 0.4694141498881432 0.9551524049217002 0.4650447427293065 0.972630033557047 0.4598014541387024 0.9874860178970918
1 0.3986297539149888 0.7602768456375838 0.4134857382550335 0.7725111856823266 0.43271112975391496 0.778628355704698 0.4449454697986577 0.78125 0.4501887583892618 0.7961059843400448 0.44756711409395966 0.8162052572706936 0.4423238255033557 0.830187360178971 0.430089485458613 0.8389261744966442 0.41872902684563756 0.835430648769575 0.4038730425055928 0.835430648769575 0.3960081096196868 0.835430648769575 0.3951342281879195 0.8258179530201342 0.4082424496644295 0.8162052572706936 0.4161073825503356 0.799601510067114 0.40736856823266215 0.7908626957494408 0.39426034675615207 0.7847455257270693 0.3977558724832215 0.7716373042505592
1 0.4038730425055928 0.7567813199105146 0.4204767897091722 0.76814177852349 0.4362066554809843 0.770763422818792 0.45193652125279643 0.7672678970917226 0.46067533557046975 0.7585290827740492 0.45892757270693507 0.7436730984340044 0.4545581655480984 0.721826062639821 0.4510626398210291 0.711339485458613 0.4309633668903803 0.7087178411633109 0.4126118568232662 0.7104656040268457 0.4056208053691275 0.7183305369127516 0.40125139821029077 0.7288171140939598 0.40474692393736017 0.7462947427293064
1 0.45892757270693507 0.7104656040268457 0.4702880313199105 0.6999790268456376 0.47465743847874714 0.6938618568232662 0.4903873042505593 0.6894924496644296 0.5017477628635346 0.6825013982102908 0.5078649328859061 0.6702670581655482 0.5288380872483223 0.6702670581655482 0.5410724272930648 0.6798797539149888 0.548937360178971 0.6912402125279642 0.5559284116331097 0.716582774049217 0.562045581655481 0.7305648769574944 0.5559284116331097 0.7401775727069352 0.5524328859060402 0.7576552013422818 0.5524328859060402 0.7716373042505592 0.5401985458612976 0.7777544742729307 0.5262164429530202 0.7829977628635346 0.5183515100671142 0.786493288590604 0.5008738814317674 0.7882410514541388 0.494756711409396 0.7725111856823266 0.4842701342281879 0.765520134228188 0.4702880313199105 0.7567813199105146 0.46242309843400436 0.7358081655480985
1 0.45805369127516776 0.8004753914988815 0.4711619127516778 0.8013492729306488 0.48863954138702453 0.791736577181208 0.494756711409396 0.7882410514541388 0.48689177852348986 0.7768805928411634 0.47553131991051445 0.7663940156599552 0.4694141498881432 0.7663940156599552 0.4598014541387024 0.7725111856823266 0.4545581655480984 0.7803761185682326 0.4571798098434004 0.7908626957494408
1 0.435332774049217 0.8529082774049218 0.443197706935123 0.8380522930648769 0.4554320469798658 0.8363045302013422 0.47465743847874714 0.843295581655481 0.4851440156599552 0.845917225950783 0.4737835570469798 0.864268736017897 0.45805369127516776 0.8756291946308724 0.4510626398210291 0.8773769574944071 0.43970218120805366 0.8712597874720358
1 0.5096126957494408 0.845917225950783 0.5253425615212528 0.8398000559284117 0.5358291387024608 0.8380522930648769 0.5471895973154363 0.8424217002237137 0.5602978187919464 0.8555299217002238 0.5716582774049218 0.8695120246085012 0.5856403803131992 0.8791247203579419 0.5908836689038032 0.8808724832214766 0.5873881431767338 0.8896112975391498 0.5699105145413871 0.8913590604026845 0.5480634787472036 0.8939807046979866 0.5253425615212528 0.8878635346756152 0.5209731543624162 0.8756291946308724 0.5166037472035795 0.8572776845637584
1 0.5244686800894854 0.7908626957494408 0.5384507829977628 0.7856194071588366 0.5480634787472036 0.7847455257270693 0.551559004474273 0.7882410514541388 0.5471895973154363 0.7978537472035794 0.5576761744966444 0.8197007829977628 0.5602978187919464 0.8319351230425056 0.5533067673378076 0.8389261744966442 0.5384507829977628 0.832809004474273 0.5401985458612976 0.8188269015659956 0.5384507829977628 0.8022231543624162
1 0.5629194630872484 0.7419253355704698 0.5699105145413871 0.7358081655480985 0.5812709731543625 0.7340604026845637 0.5908836689038032 0.7331865212527964 0.6022441275167786 0.7340604026845637 0.6048657718120806 0.7462947427293064 0.5978747203579419 0.762898489932886 0.5935053131991053 0.7690156599552572 0.577775447427293 0.7672678970917226 0.5611717002237137 0.7646462527964206 0.5602978187919464 0.7524119127516778
1 0.5742799217002238 0.5959871364653244 0.5803970917225952 0.5933654921700223 0.5935053131991053 0.595113255033557 0.5926314317673378 0.6143386465324384 0.5795232102908278 0.6134647651006712
1 0.5952530760626399 0.587248322147651 0.6031180089485458 0.595113255033557 0.6144784675615212 0.595113255033557 0.62146951901566 0.5837527964205816 0.629334451901566 0.5706445749440716 0.6345777404921701 0.5522930648769575 0.6389471476510068 0.5409326062639821 0.6328299776286355 0.5295721476510067 0.618847874720358 0.5286982662192393 0.613604586129754 0.5391848434004475 0.6066135346756153 0.5557885906040269 0.6031180089485458 0.5671490492170023
1 0.613604586129754 0.4736437360178971 0.6284605704697986 0.4692743288590604 0.6415687919463088 0.457913870246085 0.6476859619686802 0.447427293064877 0.6511814876957495 0.4404362416107383 0.6625419463087249 0.4360668344519016 0.678271812080537 0.4299496644295302 0.683515100671141 0.4282019015659955 0.6931277964205816 0.4439317673378076 0.696623322147651 0.4596616331096197 0.6843889821029082 0.4684004474272931 0.6634158277404922 0.4832564317673378 0.6520553691275168 0.4919952460850112 0.6389471476510068 0.4928691275167785 0.626712807606264 0.4928691275167785 0.613604586129754 0.4876258389261745 0.6057396532438478 0.4841303131991051
1 0.6363255033557048 0.5059773489932886 0.6468120805369129 0.5016079418344519 0.6712807606263982 0.5042295861297539 0.6896322706935124 0.506851230425056 0.707109899328859 0.5033557046979865 0.7167225950782998 0.5016079418344519 0.7368218680089487 0.5016079418344519 0.7324524608501118 0.5286982662192393 0.7280830536912752 0.5496714205816554 0.7193442393736018 0.5610318791946308 0.6957494407158836 0.5610318791946308 0.6686591163310962 0.5461758948545862 0.6485598434004475 0.5383109619686801 0.6389471476510068 0.5278243847874721 0.6354516219239374 0.5164639261744967
1 0.65625 0.29296875 0.654296875 0.2779947916666667 0.6666666666666666 0.2760416666666667 0.681640625 0.2766927083333333 0.68359375 0.2903645833333333 0.6881510416666666 0.3059895833333333 0.7024739583333334 0.3255208333333333 0.7083333333333334 0.3365885416666667 0.6881510416666666 0.3365885416666667 0.6725260416666666 0.3352864583333333 0.6686197916666666 0.31640625 0.6666666666666666 0.3014322916666667
1 0.6848958333333334 0.2708333333333333 0.6985677083333334 0.2584635416666667 0.7174479166666666 0.259765625 0.7311197916666666 0.2610677083333333 0.728515625 0.2845052083333333 0.73046875 0.3072916666666667 0.7330729166666666 0.32421875 0.7330729166666666 0.34375 0.71484375 0.3424479166666667 0.7102864583333334 0.3294270833333333 0.703125 0.3170572916666667 0.697265625 0.30859375 0.6907552083333334 0.294921875
1 0.6588541666666666 0.353515625 0.6705729166666666 0.34375 0.69140625 0.33984375 0.7102864583333334 0.34375 0.71875 0.3509114583333333 0.712890625 0.3658854166666667 0.7057291666666666 0.3704427083333333 0.6907552083333334 0.3671875 0.6764322916666666 0.3743489583333333 0.66796875 0.37890625 0.6614583333333334 0.365234375
1 0.7649739583333334 0.3763020833333333 0.775390625 0.359375 0.7838541666666666 0.3541666666666667 0.7975260416666666 0.3502604166666667 0.8053385416666666 0.337890625 0.8235677083333334 0.337890625 0.8352864583333334 0.3372395833333333 0.8463541666666666 0.3365885416666667 0.861328125 0.3444010416666667 0.8736979166666666 0.3509114583333333 0.8802083333333334 0.3548177083333333 0.8743489583333334 0.3645833333333333 0.8763020833333334 0.375 0.8671875 0.3893229166666667 0.8619791666666666 0.3977864583333333 0.861328125 0.4088541666666667 0.8489583333333334 0.4205729166666667 0.833984375 0.427734375 0.8229166666666666 0.4309895833333333 0.8014322916666666 0.4303385416666667 0.7858072916666666 0.41015625 0.7747395833333334 0.3932291666666667 0.767578125 0.3828125
1 0.8815104166666666 0.3450520833333333 0.888671875 0.3404947916666667 0.89453125 0.3385416666666667 0.9010416666666666 0.3444010416666667 0.904296875 0.3489583333333333 0.9029947916666666 0.35546875 0.896484375 0.3522135416666667 0.8873697916666666 0.3515625
1 0.8802083333333334 0.369140625 0.8860677083333334 0.3658854166666667 0.89453125 0.3645833333333333 0.8984375 0.3678385416666667 0.9010416666666666 0.3626302083333333 0.8932291666666666 0.3567708333333333 0.884765625 0.359375
1 0.86328125 0.23502604166666666 0.8782552083333334 0.23307291666666666 0.8977864583333334 0.23697916666666666 0.9049479166666666 0.23893229166666666 0.9029947916666666 0.2532552083333333 0.9010416666666666 0.2669270833333333 0.9016927083333334 0.2799479166666667 0.896484375 0.2923177083333333 0.8834635416666666 0.30078125 0.876953125 0.294921875 0.8626302083333334 0.287109375 0.869140625 0.2779947916666667 0.8723958333333334 0.259765625 0.8717447916666666 0.24869791666666666
1 0.8990885416666666 0.001953125 0.9303385416666666 0.0013020833333333333 0.9479166666666666 0.0013020833333333333 0.9583333333333334 0.0013020833333333333 0.943359375 0.009114583333333334 0.9296875 0.018229166666666668 0.9153645833333334 0.014973958333333334
1 0.9772135416666666 0.0013020833333333333 0.982421875 0.012369791666666666 0.9928385416666666 0.024088541666666668 1.0045572916666667 0.038411458333333336 1.0162760416666667 0.025390625 1.0227864583333333 0.010416666666666666 1.0221354166666667 0.0013020833333333333 0.9993489583333334 0.0013020833333333333
1 1.0286458333333333 0.00390625 1.0221354166666667 0.026041666666666668 1.0149739583333333 0.037760416666666664 1.01171875 0.048828125 1.015625 0.052734375 1.0325520833333333 0.0546875 1.0455729166666667 0.054036458333333336 1.0559895833333333 0.050130208333333336 1.0598958333333333 0.050130208333333336 1.0572916666666667 0.035807291666666664 1.056640625 0.022135416666666668 1.044921875 0.012369791666666666
1 0.556640625 0.845703125 0.5651041666666666 0.8346354166666666 0.57421875 0.83203125 0.5904947916666666 0.8313802083333334 0.60546875 0.8326822916666666 0.609375 0.8424479166666666 0.609375 0.8561197916666666 0.6015625 0.869140625 0.5924479166666666 0.8743489583333334 0.5787760416666666 0.8697916666666666 0.568359375 0.8587239583333334
1 0.5904947916666666 0.8919270833333334 0.595703125 0.8795572916666666 0.6015625 0.8795572916666666 0.6009114583333334 0.896484375
1 0.6432291666666666 0.806640625 0.65234375 0.8059895833333334 0.669921875 0.8020833333333334 0.6861979166666666 0.80078125 0.701171875 0.7805989583333334 0.7063802083333334 0.7669270833333334 0.6907552083333334 0.7506510416666666 0.673828125 0.7493489583333334 0.666015625 0.75390625 0.6555989583333334 0.7630208333333334 0.6510416666666666 0.7708333333333334 0.6458333333333334 0.7864583333333334
1 0.5755208333333334 0.6393229166666666 0.5807291666666666 0.6223958333333334 0.59375 0.62109375 0.6100260416666666 0.6334635416666666 0.599609375 0.6471354166666666 0.5891927083333334 0.6516927083333334
1 0.5833333333333334 0.6647135416666666 0.591796875 0.6595052083333334 0.6002604166666666 0.6529947916666666 0.6100260416666666 0.6432291666666666 0.6145833333333334 0.6380208333333334 0.6223958333333334 0.6536458333333334 0.6263020833333334 0.6673177083333334 0.625 0.6751302083333334 0.6119791666666666 0.6731770833333334 0.6002604166666666 0.6731770833333334
1 0.5970052083333334 0.681640625 0.6087239583333334 0.6796875 0.6217447916666666 0.6796875 0.6256510416666666 0.6985677083333334 0.6197916666666666 0.70703125 0.603515625 0.7037760416666666 0.5983072916666666 0.6920572916666666
1 0.5989583333333334 0.6171875 0.6002604166666666 0.603515625 0.6080729166666666 0.6009114583333334 0.6145833333333334 0.6022135416666666 0.6184895833333334 0.6145833333333334 0.62109375 0.6263020833333334 0.6139322916666666 0.6295572916666666
1 0.6204427083333334 0.6341145833333334 0.6302083333333334 0.6282552083333334 0.6471354166666666 0.6236979166666666 0.677734375 0.6158854166666666 0.6796875 0.6302083333333334 0.6796875 0.6569010416666666 0.6796875 0.66796875 0.6608072916666666 0.6764322916666666 0.640625 0.6725260416666666 0.6334635416666666 0.6705729166666666 0.6276041666666666 0.6549479166666666 0.6217447916666666 0.6432291666666666
1 0.681640625 0.6061197916666666 0.6764322916666666 0.5970052083333334 0.6770833333333334 0.587890625 0.6875 0.5930989583333334 0.69140625 0.6022135416666666
1 0.6861979166666666 0.6126302083333334 0.6940104166666666 0.6080729166666666 0.705078125 0.6165364583333334 0.7200520833333334 0.62109375 0.7291666666666666 0.6223958333333334 0.7395833333333334 0.6341145833333334 0.7369791666666666 0.6393229166666666 0.716796875 0.6315104166666666 0.697265625 0.625 0.6888020833333334 0.62109375
1 0.87890625 0.057942708333333336 0.8880208333333334 0.05078125 0.8912760416666666 0.054036458333333336 0.8828125 0.07096354166666667
1 0.88671875 0.07161458333333333 0.8958333333333334 0.057942708333333336 0.9055989583333334 0.053385416666666664 0.9140625 0.045572916666666664 0.923828125 0.032552083333333336 0.9361979166666666 0.037760416666666664 0.953125 0.041015625 0.9609375 0.04296875 0.962890625 0.064453125 0.9680989583333334 0.08138020833333333 0.9739583333333334 0.09049479166666667 0.9733072916666666 0.09635416666666667 0.9557291666666666 0.10221354166666667 0.9388020833333334 0.10221354166666667 0.9212239583333334 0.10221354166666667 0.9069010416666666 0.10221354166666667 0.8951822916666666 0.09244791666666667 0.8893229166666666 0.083984375
1 0.9661458333333334 0.045572916666666664 0.98046875 0.045572916666666664 0.998046875 0.049479166666666664 1.005859375 0.052734375 1.0065104166666667 0.0703125 0.9934895833333334 0.07486979166666667 0.982421875 0.08138020833333333 0.9772135416666666 0.0859375 0.9694010416666666 0.07161458333333333 0.9661458333333334 0.056640625
1 0.916015625 0.10677083333333333 0.9342447916666666 0.10807291666666667 0.9388020833333334 0.111328125 0.935546875 0.119140625 0.9303385416666666 0.12369791666666667 0.921875 0.123046875 0.916015625 0.11783854166666667
1 0.9205729166666666 0.12760416666666666 0.9303385416666666 0.13020833333333334 0.9361979166666666 0.14388020833333334 0.9453125 0.15625 0.9602864583333334 0.16731770833333334 0.9674479166666666 0.17513020833333334 0.962890625 0.17838541666666666 0.9485677083333334 0.17708333333333334 0.9322916666666666 0.18424479166666666 0.9244791666666666 0.185546875 0.923828125 0.17513020833333334 0.91796875 0.16145833333333334 0.9134114583333334 0.15885416666666666 0.9186197916666666 0.14388020833333334 0.9186197916666666 0.13606770833333334
1 0.9583333333333334 0.10807291666666667 0.97265625 0.1015625 0.982421875 0.11067708333333333 0.990234375 0.12239583333333333 0.994140625 0.13151041666666666 0.9915364583333334 0.14322916666666666 0.9830729166666666 0.14778645833333334 0.97265625 0.14453125 0.9661458333333334 0.130859375 0.9609375 0.11848958333333333
1 0.982421875 0.103515625 0.998046875 0.10026041666666667 0.9973958333333334 0.11783854166666667 1.0032552083333333 0.12890625 0.9986979166666666 0.12955729166666666 0.9928385416666666 0.11979166666666667 0.9869791666666666 0.11002604166666667
1 0.9837239583333334 0.16861979166666666 0.986328125 0.15364583333333334 0.9921875 0.14778645833333334 0.9993489583333334 0.13802083333333334 1.0091145833333333 0.14127604166666666 1.0221354166666667 0.15169270833333334 1.0247395833333333 0.16276041666666666 1.0078125 0.166015625 0.990234375 0.16796875
1 1.0084635416666667 0.13216145833333334 1.0221354166666667 0.12044270833333333 1.03515625 0.11067708333333333 1.0462239583333333 0.10481770833333333 1.0559895833333333 0.10677083333333333 1.0611979166666667 0.11458333333333333 1.060546875 0.12955729166666666 1.0579427083333333 0.14127604166666666 1.0533854166666667 0.15169270833333334 1.0423177083333333 0.15559895833333334 1.0299479166666667 0.14778645833333334 1.017578125 0.138671875
1 0.6861979166666666 0.6282552083333334 0.712890625 0.634765625 0.7291666666666666 0.6419270833333334 0.728515625 0.6484375 0.71484375 0.6458333333333334 0.7024739583333334 0.6484375 0.6920572916666666 0.6569010416666666 0.6861979166666666 0.6647135416666666 0.6848958333333334 0.6458333333333334
1 0.73046875 0.6087239583333334 0.734375 0.5872395833333334 0.7415364583333334 0.572265625 0.74609375 0.56640625 0.7604166666666666 0.5677083333333334 0.7786458333333334 0.5716145833333334 0.7916666666666666 0.572265625 0.798828125 0.5729166666666666 0.8079427083333334 0.5852864583333334 0.8020833333333334 0.6080729166666666 0.7975260416666666 0.6204427083333334 0.7877604166666666 0.62109375 0.7701822916666666 0.6315104166666666 0.7506510416666666 0.6341145833333334 0.740234375 0.6282552083333334
1 0.8046875 0.5677083333333334 0.8190104166666666 0.5625 0.8229166666666666 0.572265625 0.8138020833333334 0.5774739583333334
1 0.6692708333333334 0.3834635416666667 0.6829427083333334 0.376953125 0.6959635416666666 0.3743489583333333 0.7063802083333334 0.3763020833333333 0.703125 0.3977864583333333 0.6985677083333334 0.4140625 0.6881510416666666 0.4186197916666667 0.6796875 0.4153645833333333 0.671875 0.40234375
1 0.689453125 0.421875 0.7018229166666666 0.4192708333333333 0.7076822916666666 0.4114583333333333 0.7102864583333334 0.4055989583333333 0.728515625 0.40625 0.7434895833333334 0.4108072916666667 0.7532552083333334 0.4192708333333333 0.7584635416666666 0.4329427083333333 0.7591145833333334 0.4440104166666667 0.74609375 0.443359375 0.7317708333333334 0.4420572916666667 0.7233072916666666 0.4505208333333333 0.7141927083333334 0.44921875 0.7057291666666666 0.4505208333333333 0.7005208333333334 0.45703125 0.6998697916666666 0.4420572916666667
1 0.74609375 0.4934895833333333 0.75390625 0.4778645833333333 0.76171875 0.4602864583333333 0.767578125 0.4485677083333333 0.7747395833333334 0.4427083333333333 0.7864583333333334 0.4407552083333333 0.8033854166666666 0.4388020833333333 0.818359375 0.4381510416666667 0.8333333333333334 0.443359375 0.822265625 0.4622395833333333 0.8118489583333334 0.4739583333333333 0.7994791666666666 0.4817708333333333 0.7825520833333334 0.4830729166666667 0.763671875 0.48828125
1 0.5559895833333334 0.7858072916666666 0.552734375 0.7799479166666666 0.5598958333333334 0.7701822916666666 0.5696614583333334 0.7701822916666666 0.5872395833333334 0.7721354166666666 0.5885416666666666 0.7819010416666666 0.5904947916666666 0.7955729166666666 0.5865885416666666 0.8033854166666666 0.5709635416666666 0.7994791666666666
1 0.6048177083333334 0.76171875 0.615234375 0.7708333333333334 0.62109375 0.7701822916666666 0.6321614583333334 0.7545572916666666 0.638671875 0.7376302083333334 0.6419270833333334 0.7174479166666666 0.6393229166666666 0.7109375 0.6315104166666666 0.7076822916666666 0.6158854166666666 0.71484375 0.6178385416666666 0.7298177083333334 0.6106770833333334 0.7493489583333334
1 0.7350260416666666 0.654296875 0.7415364583333334 0.6419270833333334 0.748046875 0.6393229166666666 0.7669270833333334 0.6373697916666666 0.7786458333333334 0.6360677083333334 0.7740885416666666 0.65625 0.7779947916666666 0.666015625 0.7708333333333334 0.6686197916666666 0.763671875 0.6640625 0.75390625 0.6673177083333334 0.7447916666666666 0.6673177083333334 0.736328125 0.662109375
1 0.775390625 0.6868489583333334 0.7838541666666666 0.6783854166666666 0.8020833333333334 0.6861979166666666 0.8151041666666666 0.6953125 0.8111979166666666 0.705078125 0.7962239583333334 0.7135416666666666 0.7864583333333334 0.7115885416666666 0.78515625 0.6985677083333334
1 0.6334635416666666 0.6751302083333334 0.658203125 0.6848958333333334 0.6803385416666666 0.69921875 0.6966145833333334 0.7096354166666666 0.712890625 0.71484375 0.7265625 0.7122395833333334 0.7376302083333334 0.7109375 0.7473958333333334 0.7083333333333334 0.7584635416666666 0.70703125 0.7662760416666666 0.72265625 0.7734375 0.7298177083333334 0.78125 0.7376302083333334 0.7819010416666666 0.7526041666666666 0.7734375 0.7662760416666666 0.7708333333333334 0.775390625 0.7565104166666666 0.7734375 0.736328125 0.76953125 0.71875 0.7669270833333334 0.7102864583333334 0.7643229166666666 0.6985677083333334 0.75390625 0.6888020833333334 0.7415364583333334 0.6809895833333334 0.732421875 0.6809895833333334 0.7194010416666666 0.6725260416666666 0.7109375 0.6588541666666666 0.7102864583333334 0.6477864583333334 0.7109375 0.6373697916666666 0.703125 0.6295572916666666 0.689453125
2 0.7356770833333334 0.724609375 0.7395833333333334 0.720703125 0.7447916666666666 0.7259114583333334 0.7415364583333334 0.7298177083333334
1 0.80078125 0.6276041666666666 0.8098958333333334 0.6100260416666666 0.82421875 0.607421875 0.8346354166666666 0.6126302083333334 0.8430989583333334 0.6328125 0.8528645833333334 0.646484375 0.8567708333333334 0.6529947916666666 0.8580729166666666 0.662109375 0.8489583333333334 0.67578125 0.8411458333333334 0.6868489583333334 0.833984375 0.6907552083333334 0.8274739583333334 0.6861979166666666 0.8203125 0.6764322916666666 0.8131510416666666 0.6692708333333334 0.8072916666666666 0.6595052083333334 0.8059895833333334 0.6458333333333334 0.8040364583333334 0.6360677083333334
1 0.858573717948718 0.461738782051282 0.8685897435897436 0.4447115384615385 0.8766025641025642 0.4326923076923077 0.8926282051282052 0.43569711538461536 0.9006410256410257 0.45973557692307687 0.9016426282051282 0.4737580128205128 0.8846153846153846 0.4877804487179487 0.8735977564102564 0.4837740384615385 0.867588141025641 0.4717548076923077
1 0.639273470464135 0.8175105485232067 0.650810917721519 0.8150382383966245 0.6615242616033755 0.8496505801687763 0.6475145042194094 0.8372890295358649 0.639273470464135 0.829872099156118
1 0.757120253164557 0.7804258966244726 0.7703059071729959 0.7820741033755274 0.7744264240506329 0.7944356540084389 0.7604166666666666 0.8043248945147679 0.7521756329113924 0.8051489978902953 0.7579443565400844 0.7952597573839663
1 0.6151606721698113 0.8408264544025156 0.6292870479559749 0.8334561713836477 0.6372715212264151 0.8383696933962264 0.6477127555031447 0.8500393081761005 0.657539799528302 0.8586379716981131 0.6685952240566038 0.8660082547169811 0.676579697327044 0.8715359669811321 0.67289455581761 0.875221108490566 0.6606107507861636 0.8844339622641509 0.6507837067610063 0.8930326257861635 0.644641804245283 0.8973319575471698 0.6403424724842767 0.9065448113207547 0.6335863797169812 0.9114583333333334 0.6139322916666666 0.9090015723270439 0.6071761988993711 0.9010170990566038 0.610861340408805 0.8868907232704402 0.6102471501572327 0.875221108490566 0.6139322916666666 0.8610947327044025 0.6151606721698113 0.8494251179245284
1 0.5856795400943396 0.937254323899371 0.5856795400943396 0.9225137578616351 0.5967349646226415 0.914529284591195 0.6028768671383649 0.9077731918238993 0.6071761988993711 0.9218995676100629 0.6041052476415095 0.9341833726415093 0.5930498231132075 0.9403252751572326
1 0.6900918828616353 0.867850825471698 0.6968479756289309 0.8580237814465409 0.708517590408805 0.8512676886792452 0.7189588246855346 0.8457399764150942 0.7281716784591196 0.8445115959119497 0.7355419614779874 0.8518818789308176 0.7398412932389937 0.8598663522012578 0.7429122444968553 0.8629373034591193 0.7336993907232704 0.8696933962264151 0.7251007272012578 0.8764494889937106 0.708517590408805 0.877063679245283 0.6980763561320754 0.8746069182389937
1 0.7115885416666666 0.8095027515723271 0.7220297759433962 0.805817610062893 0.7312426297169812 0.805817610062893 0.7435264347484277 0.8045892295597484 0.7435264347484277 0.8156446540880502 0.7367703419811321 0.8181014150943396 0.7171162539308176 0.8125737028301887
1 0.7902048938679246 0.7259728773584905 0.7988035573899371 0.719216784591195 0.8141583136792453 0.7124606918238993 0.8221427869496855 0.7020194575471698 0.8313556407232704 0.6971059355345912 0.8424110652515724 0.7044762185534591 0.8503955385220126 0.7173742138364779 0.8473245872641509 0.7284296383647798 0.8516239190251572 0.741941823899371 0.8460962067610063 0.7499262971698113 0.8411826847484276 0.7634384827044025 0.8319698309748428 0.7683520047169811 0.8178434551886792 0.7572965801886792 0.8006461281446541 0.7517688679245284 0.7889765133647799 0.7474695361635221 0.7871339426100629 0.7357999213836477
1 0.7465973860062892 0.8199439858490566 0.7496683372641509 0.8125737028301887 0.7576528105345912 0.8119595125786163 0.7650230935534591 0.8162588443396226 0.7674798545597484 0.8205581761006289 0.7607237617924528 0.8242433176100629
1 0.7613379520440251 0.8316136006289309 0.7717791863207547 0.8254716981132075 0.7809920400943396 0.8328419811320754 0.7871339426100629 0.839598073899371 0.7865197523584905 0.8481967374213836 0.7699366155660378 0.843283215408805 0.7637947130503145 0.839598073899371
1 0.8104731721698113 0.6025206367924528 0.8147725039308176 0.5865516902515723 0.8203002161949686 0.5791814072327044 0.8295130699685535 0.5724253144654088 0.8313556407232704 0.5877800707547169 0.8319698309748428 0.6025206367924528 0.8196860259433962 0.6019064465408804
1 0.8258279284591196 0.5601415094339622 0.8252137382075472 0.5509286556603773 0.8264421187106917 0.5374164701257861 0.8276704992138365 0.5294319968553459 0.8430252555031447 0.5300461871069182 0.8503955385220126 0.5257468553459119 0.8645219143081762 0.5226759040880503 0.8755773388364779 0.5325029481132075 0.8860185731132075 0.5423299921383647 0.9026017099056604 0.5546137971698113 0.8970739976415095 0.5675117924528302 0.8927746658805032 0.5767246462264151 0.8823334316037736 0.5779530267295597 0.86820705581761 0.5754962657232704 0.8559232507861636 0.5724253144654088 0.8485529677672957 0.5656692216981132 0.843639445754717 0.5589131289308176 0.8325840212264151 0.5650550314465409
1 0.8841760023584905 0.5865516902515723 0.8946172366352201 0.5847091194968553 0.9032159001572327 0.5926935927672955 0.9069010416666666 0.6055915880503144 0.907515231918239 0.61234768081761 0.8909320951257862 0.6227889150943396 0.8817192413522013 0.6289308176100629 0.8749631485849058 0.6172612028301886 0.8749631485849058 0.6098909198113207 0.8817192413522013 0.6019064465408804
1 0.616389052672956 0.9169860455974842 0.6342005699685535 0.9188286163522013 0.644641804245283 0.9243563286163522 0.6458701847484277 0.9403252751572326 0.6427992334905661 0.9538374606918238 0.631129618710692 0.9575226022012578 0.6225309551886792 0.9433962264150942 0.610861340408805 0.9347975628930817
1 0.6188458136792453 0.9962165880503143 0.644641804245283 0.9962165880503143 0.6630675117924528 0.9937598270440251 0.6808790290880503 0.9913030660377359 0.6876351218553459 0.9870037342767296 0.6827215998427674 0.9685780267295597 0.6753513168238995 0.9599793632075472 0.6630675117924528 0.9556800314465409 0.6532404677672957 0.9544516509433962 0.6427992334905661 0.9624361242138364 0.6329721894654088 0.965507075471698 0.6292870479559749 0.9784050707547168
1 0.7103601611635221 0.9968307783018867 0.7392271029874213 0.9962165880503143 0.7601095715408804 0.9968307783018867 0.7564244300314465 0.9906888757861635 0.7472115762578616 0.9863895440251572 0.7367703419811321 0.9870037342767296 0.7263291077044025 0.9937598270440251
1 0.7662514740566038 0.9974449685534591 0.7613379520440251 0.9882321147798742 0.7662514740566038 0.9820902122641509 0.7760785180817611 0.9790192610062892 0.7846771816037736 0.9876179245283018 0.7902048938679246 0.9956023977987422 0.7779210888364779 0.9956023977987422
1 0.6520120872641509 0.9218995676100629 0.6667526533018867 0.9176002358490566 0.6802648388364779 0.9169860455974842 0.6833357900943396 0.9304982311320754 0.6937770243710691 0.9360259433962264 0.7029898781446541 0.939096894654088 0.7079034001572327 0.9470813679245284 0.6943912146226415 0.9470813679245284 0.6796506485849058 0.9458529874213836 0.6747371265723271 0.9532232704402515 0.6636817020440252 0.9519948899371068 0.6507837067610063 0.9513806996855346 0.650169516509434 0.939096894654088
1 0.7343135809748428 0.8408264544025156 0.744140625 0.8273142688679246 0.7539676690251572 0.8303852201257862 0.7594953812893083 0.8451257861635221 0.7508967177672957 0.8543386399371068 0.7435264347484277 0.8561812106918238 0.7379987224842767 0.848810927672956
1 0.7017614976415095 0.8930326257861635 0.708517590408805 0.8856623427672955 0.7238723466981133 0.8825913915094339 0.7330852004716982 0.8850481525157233 0.742298054245283 0.8991745283018867 0.7330852004716982 0.903473860062893 0.7152736831761007 0.8985603380503143
1 0.7392271029874213 0.8795204402515723 0.7465973860062892 0.8684650157232704 0.7570386202830188 0.8561812106918238 0.7644089033018867 0.8500393081761005 0.774235947327044 0.8531102594339622 0.7840629913522013 0.8555670204402515 0.7883623231132075 0.875221108490566 0.7883623231132075 0.8875049135220126 0.7828346108490566 0.9022454795597484 0.7809920400943396 0.9225137578616351 0.7699366155660378 0.9231279481132075 0.7533534787735849 0.9212853773584905 0.7472115762578616 0.910844143081761 0.7465973860062892 0.901631289308176 0.744140625 0.8881191037735848
1 0.9984153891509434 0.8291568396226414 1.0143843356918238 0.8254716981132075 1.0211404284591195 0.8217865566037735 1.0321958529874213 0.8328419811320754 1.0457080385220126 0.8457399764150942 1.0457080385220126 0.8531102594339622 1.0285107114779874 0.8512676886792452 1.0149985259433962 0.85249606918239 1.0057856721698113 0.8512676886792452 0.999643769654088 0.8426690251572326
1 0.712202731918239 0.9378685141509434 0.7300142492138365 0.939096894654088 0.7386129127358491 0.9403252751572326 0.7472115762578616 0.9323408018867925 0.7515109080188679 0.9255847091194968 0.7607237617924528 0.9261988993710691 0.7656372838050315 0.939096894654088 0.768708235062893 0.9519948899371068 0.7699366155660378 0.9599793632075472 0.7496683372641509 0.9556800314465409 0.7398412932389937 0.9519948899371068 0.7281716784591196 0.9526090801886792 0.712202731918239 0.9526090801886792 0.7158878734276729 0.9476955581761005
1 0.8319698309748428 0.7738797169811321 0.8405684944968553 0.7732655267295597 0.852852299528302 0.7880060927672955 0.8602225825471699 0.8064318003144654 0.8479387775157233 0.8045892295597484 0.8405684944968553 0.796604756289308 0.8313556407232704 0.7923054245283018 0.8288988797169812 0.7818641902515723
1 0.7951184158805032 0.8426690251572326 0.8160008844339623 0.8365271226415093 0.8393401139937108 0.832227790880503 0.8479387775157233 0.8273142688679246 0.8534664897798742 0.816873034591195 0.8553090605345912 0.8107311320754716 0.8632935338050315 0.8119595125786163 0.8725063875786163 0.8242433176100629 0.8749631485849058 0.839598073899371 0.8743489583333334 0.8586379716981131 0.8669786753144654 0.873378537735849 0.8596083922955975 0.8795204402515723 0.8368833529874213 0.8795204402515723 0.8203002161949686 0.8782920597484276 0.7957326061320754 0.8776778694968553 0.7914332743710691 0.8598663522012578
1 0.7951184158805032 0.8856623427672955 0.8049454599056604 0.8819772012578616 0.8196860259433962 0.8825913915094339 0.8356549724842767 0.8868907232704402 0.8485529677672957 0.9004029088050314 0.8577658215408804 0.9188286163522013 0.8614509630503145 0.9366401336477987 0.8553090605345912 0.9458529874213836 0.845482016509434 0.9544516509433962 0.8307414504716982 0.9550658411949685 0.8049454599056604 0.9519948899371068 0.7969609866352201 0.946467177672956 0.7883623231132075 0.9280414701257861 0.790819084119497 0.9040880503144654
1 0.8424110652515724 0.8850481525157233 0.8577658215408804 0.8844339622641509 0.8639077240566038 0.8899616745283018 0.8669786753144654 0.901631289308176 0.8651361045597484 0.9151434748427673 0.8559232507861636 0.9083873820754716 0.8491671580188679 0.8936468160377359
1 0.8645219143081762 0.8832055817610063 0.8725063875786163 0.8715359669811321 0.8835618121069183 0.873378537735849 0.8860185731132075 0.8813630110062892 0.8829476218553459 0.9022454795597484 0.8731205778301887 0.9077731918238993 0.8712780070754716 0.8918042452830188
1 0.8583800117924528 0.6467423349056604 0.86820705581761 0.6436713836477987 0.8768057193396226 0.6430571933962264 0.8829476218553459 0.6430571933962264 0.8835618121069183 0.6528842374213836 0.8706638168238995 0.6565693789308176 0.8626793435534591 0.6559551886792453
1 0.8411826847484276 0.6946491745283018 0.8510097287735849 0.6829795597484276 0.8614509630503145 0.6713099449685535 0.866364485062893 0.6651680424528301 0.8841760023584905 0.6620970911949685 0.8946172366352201 0.6633254716981132 0.8995307586477987 0.6823653694968553 0.9032159001572327 0.7014052672955975 0.909357802672956 0.7210593553459118 0.903830090408805 0.7327289701257862 0.8921604756289309 0.7407134433962264 0.8743489583333334 0.741941823899371 0.8589942020440251 0.7443985849056604 0.8553090605345912 0.7321147798742138 0.8577658215408804 0.7222877358490566 0.852852299528302 0.7093897405660377
1 0.9050584709119497 0.6670106132075472 0.9124287539308176 0.6602545204402516 0.9277835102201258 0.6590261399371069 0.9419098860062892 0.6633254716981132 0.9548078812893083 0.6786802279874213 0.9597214033018867 0.6915782232704402 0.9498943592767296 0.7038620283018867 0.9382247444968553 0.7247444968553459 0.9296260809748428 0.7302722091194968 0.9179564661949686 0.7284296383647798 0.9154997051886792 0.71000393081761 0.909357802672956 0.6928066037735849 0.9044442806603774 0.6774518474842767
1 0.8110873624213837 0.9771766902515723 0.8350407822327045 0.9777908805031447 0.8448678262578616 0.9857753537735848 0.8491671580188679 0.9968307783018867 0.8313556407232704 0.9980591588050314 0.8203002161949686 0.9968307783018867 0.81538669418239 0.9894604952830188
1 0.9013733294025158 0.447130503144654 0.9271693199685535 0.44651631289308175 0.939453125 0.44958726415094336 0.9406815055031447 0.4686271619496855 0.937610554245283 0.47231230345911945 0.9216416077044025 0.4698555424528302 0.907515231918239 0.4649420204402515 0.9026017099056604 0.45757173742138363
1 0.9265551297169812 0.6541126179245282 0.9302402712264151 0.649813286163522 0.9425240762578616 0.6455139544025157 0.9437524567610063 0.6522700471698113 0.9388389347484276 0.6590261399371069
1 0.8989165683962264 0.7431702044025156 0.9105861831761007 0.7339573506289309 0.9204132272012578 0.7333431603773585 0.9326970322327045 0.7357999213836477 0.9333112224842767 0.7425560141509434 0.9222557979559749 0.7579107704402516 0.914885514937107 0.7615959119496855 0.9044442806603774 0.7523830581761005
1 0.9646349253144654 0.681751179245283 0.9738477790880503 0.6811369889937106 0.9836748231132075 0.6872788915094339 0.9855173938679246 0.6958775550314464 0.9756903498427674 0.6946491745283018 0.96586330581761 0.6946491745283018
0 1.020526238207547 0.6485849056603773 1.0364951847484276 0.6430571933962264 1.0457080385220126 0.6522700471698113 1.053692511792453 0.6541126179245282 1.0678188875786163 0.6522700471698113 1.0739607900943395 0.6473565251572327 1.0850162146226416 0.6485849056603773 1.082559453616352 0.6590261399371069 1.08992973663522 0.6688531839622641 1.0966858294025157 0.6719241352201258 1.106512873427673 0.685436320754717 1.1200250589622642 0.6940349842767296 1.1132689661949686 0.7001768867924528 1.100985161163522 0.6958775550314464 1.091772307389937 0.6872788915094339 1.0874729756289307 0.6829795597484276 1.0813310731132075 0.6737667059748427 1.0733465998427674 0.6700815644654088 1.065362126572327 0.6700815644654088 1.0573776533018868 0.6700815644654088 1.0524641312893082 0.672538325471698 1.0438654677672956 0.6768376572327043 1.037109375 0.6694673742138364 1.0303532822327044 0.6627112814465409
1 0.8632935338050315 0.9237421383647798 0.877419909591195 0.9133009040880502 0.8854043828616353 0.914529284591195 0.8946172366352201 0.9286556603773585 0.8909320951257862 0.9384827044025156 0.8841760023584905 0.946467177672956 0.8700496265723271 0.9440104166666666 0.8651361045597484 0.9335691823899371
1 0.879262480345912 0.5091637185534591 0.8817192413522013 0.4993366745283019 0.8890895243710691 0.48889544025157233 0.903830090408805 0.4796825864779874 0.9173422759433962 0.4747690644654088 0.9290118907232704 0.47845420597484273 0.9462092177672955 0.486438679245283 0.9578788325471699 0.4925805817610063 0.9627923545597484 0.5245184748427673 0.9621781643081762 0.5361880896226415 0.9492801690251572 0.546629323899371 0.9363821737421384 0.5570705581761006 0.9277835102201258 0.5589131289308176 0.907515231918239 0.5472435141509434 0.8921604756289309 0.5398732311320754 0.8804908608490566 0.5282036163522013 0.879262480345912 0.5189907625786163
1 0.9419098860062892 0.5619840801886792 0.9517369300314465 0.552157036163522 0.9615639740566038 0.5447867531446541 0.9763045400943396 0.5386448506289309 0.9892025353773585 0.5417158018867924 0.9855173938679246 0.5570705581761006 0.9756903498427674 0.5705827437106917 0.9664774960691824 0.5785672169811321 0.9560362617924528 0.5816381682389936 0.9486659787735849 0.5730395047169811
1 1.0549208922955975 0.5300461871069182 1.0573776533018868 0.5177623820754716 1.0665905070754718 0.5189907625786163 1.0758033608490567 0.5103920990566038 1.0776459316037736 0.5048643867924528 1.091772307389937 0.5073211477987422 1.1040561124213837 0.5097779088050315 1.1200250589622642 0.5097779088050315 1.1286237224842768 0.5103920990566038 1.127395341981132 0.51469143081761 1.1187966784591195 0.5208333333333334 1.1120405856918238 0.5331171383647798 1.1114263954402517 0.5411016116352201 1.0911581171383646 0.5411016116352201 1.0782601218553458 0.5404874213836478 1.0690472680817609 0.5423299921383647 1.0622911753144655 0.5435583726415094 1.0579918435534592 0.5355738993710691
1 0.9578788325471699 0.5890084512578616 0.9664774960691824 0.5834807389937107 0.9836748231132075 0.5834807389937107 1.001486340408805 0.5877800707547169 1.012541764937107 0.5933077830188679 1.0094708136792454 0.6068199685534591 1.0094708136792454 0.6172612028301886 1.0045572916666667 0.6283166273584905 0.9971870086477987 0.6356869103773585 0.9965728183962264 0.647970715408805 0.9910451061320754 0.649813286163522 0.9775329205974842 0.6485849056603773 0.9634065448113208 0.6381436713836478 0.9554220715408804 0.6338443396226415 0.9548078812893083 0.6203321540880503 0.9572646422955975 0.6055915880503144 0.9566504520440251 0.5957645440251572
1 0.937610554245283 0.7315005896226414 0.9480517885220126 0.7179884040880503 0.9560362617924528 0.7050904088050314 0.9597214033018867 0.6983343160377359 0.9744619693396226 0.6995626965408804 0.9885883451257862 0.7007910770440251 1.0002579599056605 0.7075471698113208 1.0149985259433962 0.7179884040880503 1.0094708136792454 0.7296580188679246 0.9978011988993711 0.7413276336477987 0.9861315841194968 0.7443985849056604 0.9738477790880503 0.7468553459119497 0.9634065448113208 0.7474695361635221 0.9511227397798742 0.7413276336477987
1 0.9222557979559749 0.7978331367924528 0.9216416077044025 0.7769506682389937 0.9204132272012578 0.7677378144654088 0.9271693199685535 0.7579107704402516 0.937610554245283 0.7468553459119497 0.9455950275157233 0.7474695361635221 0.9677058765723271 0.7572965801886792 0.9787613011006289 0.7646668632075472 0.9793754913522013 0.777564858490566 0.971391018081761 0.7923054245283018 0.9670916863207547 0.8088885613207547 0.9609497838050315 0.816873034591195 0.9529653105345912 0.8205581761006289 0.9369963639937108 0.8113453223270439
1 0.9474375982704403 0.6448997641509434 0.9529653105345912 0.6381436713836478 0.9670916863207547 0.647970715408805 0.9806038718553459 0.653498427672956 0.9732335888364779 0.6639396619496855 0.9707768278301887 0.6749950864779874 0.9621781643081762 0.6774518474842767 0.9511227397798742 0.6694673742138364 0.9480517885220126 0.6596403301886792 0.9462092177672955 0.6522700471698113
1 0.9197990369496855 0.20022602201257858 0.9283977004716982 0.1910131682389937 0.9388389347484276 0.18671383647798742 0.9541936910377359 0.18241450471698115 0.9609497838050315 0.18241450471698115 0.9578788325471699 0.20145440251572325 0.9560362617924528 0.21189563679245282 0.9406815055031447 0.21128144654088052 0.9277835102201258 0.2069821147798742
1 1.019912047955975 0.2763856132075471 1.0291249017295596 0.259188286163522 1.0395661360062893 0.2505896226415094 1.0530783215408805 0.25427476415094336 1.0665905070754718 0.26778694968553457 1.0807168828616354 0.2763856132075471 1.0942290683962264 0.28252751572327045 1.0844020243710693 0.3046383647798742 1.074574980345912 0.29235455974842767 1.0592202240566038 0.29235455974842767 1.046322228773585 0.29235455974842767 1.0328100432389937 0.291126179245283 1.0248255699685533 0.2868268474842767
1 0.909357802672956 0.23584905660377356 0.9167280856918238 0.2340064858490566 0.9253267492138365 0.24199095911949683 0.939453125 0.2585740959119497 0.9455950275157233 0.26717275943396224 0.9314686517295597 0.27208628144654085 0.9179564661949686 0.27147209119496857 0.9099719929245284 0.26962952044025157 0.9087436124213837 0.2604166666666667 0.9081294221698113 0.2505896226415094
1 0.9597214033018867 0.21128144654088052 0.9627923545597484 0.1953125 0.964020735062893 0.1860996462264151 0.9756903498427674 0.17627260220125784 0.9904309158805032 0.17258746069182387 1.003328911163522 0.1707448899371069 1.0192978577044025 0.1682881289308176 1.0242113797169812 0.16767393867924527 1.0260539504716981 0.1891705974842767 1.0223688089622642 0.1977692610062893 1.01069919418239 0.20329697327044025 1.0008721501572329 0.21066725628930816 0.9941160573899371 0.21496658805031446 0.976918730345912 0.21496658805031446
1 0.8860185731132075 0.9071590015723271 0.8915462853773585 0.8844339622641509 0.8927746658805032 0.8739927279874213 0.9026017099056604 0.8690792059748427 0.909357802672956 0.8561812106918238 0.9179564661949686 0.841440644654088 0.9363821737421384 0.8365271226415093 0.950508549528302 0.8352987421383647 0.9603355935534591 0.8402122641509434 0.9664774960691824 0.8438974056603773 0.9646349253144654 0.8561812106918238 0.9535795007861635 0.8604805424528301 0.9425240762578616 0.8653940644654088 0.9308544614779874 0.87890625 0.9259409394654088 0.9083873820754716 0.9204132272012578 0.9249705188679246 0.9062868514150942 0.9274272798742138 0.8970739976415095 0.9218995676100629
1 0.9775329205974842 0.6743808962264151 0.9855173938679246 0.6553409984276729 0.999643769654088 0.6528842374213836 1.0149985259433962 0.6510416666666666 1.0235971894654088 0.6608687106918238 1.0315816627358492 0.6719241352201258 1.038951945754717 0.6805227987421384 1.029739091981132 0.6964917452830188 1.0186836674528301 0.7118465015723271 0.9965728183962264 0.7007910770440251 0.9898167256289309 0.6958775550314464 0.9892025353773585 0.6872788915094339 0.9824464426100629 0.6786802279874213
1 1.0186836674528301 0.5945361635220126 1.038951945754717 0.5865516902515723 1.0524641312893082 0.5785672169811321 1.0622911753144655 0.5650550314465409 1.0690472680817609 0.555842177672956 1.0739607900943395 0.5644408411949685 1.0684330778301887 0.5797955974842767 1.0598344143081762 0.5890084512578616 1.056149272798742 0.6074341588050315 1.0512357507861634 0.6203321540880503 1.040794516509434 0.6313875786163522 1.0223688089622642 0.6424430031446541 1.0051714819182391 0.6455139544025157 1.0070140526729559 0.6375294811320754 1.0156127161949686 0.617875393081761 1.0156127161949686 0.6055915880503144
1 1.0186836674528301 0.7253586871069183 1.0235971894654088 0.7149174528301887 1.0303532822327044 0.7038620283018867 1.0450938482704404 0.7057045990566038 1.0518499410377358 0.7130748820754716 1.0475506092767295 0.7272012578616351 1.038951945754717 0.7388708726415093 1.0315816627358492 0.7376424921383647 1.0229829992138366 0.7327289701257862
1 1.091772307389937 0.002456761006289308 1.1114263954402517 0.0013020833333333333 1.1286237224842768 0.0013020833333333333 1.1243243907232705 0.014740566037735848 1.117568297955975 0.03378046383647799 1.115725727201258 0.03930817610062893 1.1040561124213837 0.036851415094339625 1.0954574488993711 0.030095322327044025 1.091772307389937 0.02026827830188679 1.0905439268867925 0.010441234276729558
1 1.0739607900943395 0.05896226415094339 1.0850162146226416 0.05466293238993711 1.097300019654088 0.047292649371069174 1.1003709709119496 0.04176493710691823 1.1114263954402517 0.04483588836477987 1.115725727201258 0.04790683962264151 1.118182488207547 0.059576454402515716 1.1169541077044025 0.07431702044025157 1.1132689661949686 0.0884433962264151 1.1108122051886793 0.09335691823899371 1.0997567806603774 0.09335691823899371 1.0862445951257862 0.09458529874213835 1.0733465998427674 0.08721501572327044 1.0672046973270441 0.08475825471698113 1.072732409591195 0.07677378144654087
1 1.0696614583333333 0.12160966981132075 1.0813310731132075 0.11915290880503143 1.0936148781446542 0.1044123427672956 1.0948432586477987 0.09827044025157232 1.1058986831761006 0.09949882075471699 1.1138831564465408 0.10072720125786162 1.1194108687106918 0.10871167452830188 1.1194108687106918 0.11792452830188678 1.1138831564465408 0.13143671383647798 1.1132689661949686 0.14372051886792453 1.097300019654088 0.14986242138364778 1.0911581171383646 0.1547759433962264 1.0837878341194969 0.16214622641509432 1.0807168828616354 0.1658313679245283 1.0684330778301887 0.16398879716981132 1.0678188875786163 0.15109080188679244 1.0672046973270441 0.14003537735849056
1 1.1525771422955975 0.036851415094339625 1.1648609473270441 0.04299331761006289 1.1642467570754718 0.10809748427672955 1.1642467570754718 0.16276041666666666 1.1642467570754718 0.19346992924528303 1.1648609473270441 0.21865172955974843 1.1556480935534592 0.20821049528301885 1.1488920007861634 0.1910131682389937 1.1402933372641508 0.17627260220125784 1.1316946737421383 0.16214622641509432 1.127395341981132 0.1455630896226415 1.1304662932389937 0.12836576257861634 1.1384507665094339 0.11976709905660377 1.142135908018868 0.1044123427672956 1.134765625 0.09642786949685533 1.144592669025157 0.08352987421383647 1.1488920007861634 0.06510416666666667 1.151962952044025 0.05159198113207547
1 1.0844020243710693 0.17135908018867926 1.0954574488993711 0.16030365566037735 1.1077412539308176 0.15416175314465408 1.1187966784591195 0.15293337264150944 1.1237102004716981 0.15723270440251572 1.1292379127358492 0.1682881289308176 1.134765625 0.17811517295597482 1.127395341981132 0.19039897798742136 1.1138831564465408 0.1959266902515723 1.1028277319182391 0.1953125 1.0948432586477987 0.1885564072327044 1.0887013561320755 0.17872936320754718
1 1.0512357507861634 0.2088246855345912 1.0622911753144655 0.20022602201257858 1.0758033608490567 0.19899764150943397 1.0905439268867925 0.19899764150943397 1.097300019654088 0.20022602201257858 1.0911581171383646 0.20759630503144655 1.0721182193396226 0.21250982704402513 1.065362126572327 0.21926591981132074 1.053692511792453 0.2346206761006289 1.0512357507861634 0.2475186713836478 1.0395661360062893 0.24506191037735847 1.0493931800314467 0.23339229559748428 1.0481647995283019 0.21926591981132074
1 0.9112003734276729 0.28866941823899367 0.9308544614779874 0.294811320754717 0.9406815055031447 0.2991106525157233 0.9462092177672955 0.3077093160377358 0.9369963639937108 0.31692216981132076 0.9326970322327045 0.3255208333333333 0.9290118907232704 0.3304343553459119 0.9179564661949686 0.32429245283018865 0.9118145636792453 0.3163079795597484 0.9124287539308176 0.3058667452830189 0.9044442806603774 0.3021816037735849 0.901987519654088 0.29849646226415094 0.903830090408805 0.291126179245283
1 0.96586330581761 0.3402613993710692 0.9781471108490566 0.33964720911949686 0.9842890133647799 0.34210397012578614 0.9892025353773585 0.3537735849056604 0.9910451061320754 0.3611438679245283 0.9787613011006289 0.36298643867924524 0.9726193985849058 0.35745872641509435 0.964020735062893 0.35193101415094336
1 1.124938580974843 0.30648093553459116 1.1359940055031446 0.3021816037735849 1.1501203812893082 0.30156741352201255 1.1495061910377358 0.31753636006289304 1.1353798152515724 0.324906643081761 1.1206392492138366 0.3255208333333333 1.1163399174528301 0.3163079795597484
1 0.8946172366352201 0.9986733490566038 0.9062868514150942 0.9870037342767296 0.9216416077044025 0.9857753537735848 0.9339254127358491 0.9876179245283018 0.9468234080188679 0.9925314465408804 0.9517369300314465 0.9980591588050314 0.942155562106917 0.9986979166666666 0.9105861831761007 0.9986979166666666
1 0.8534664897798742 0.9550658411949685 0.8632935338050315 0.9483097484276729 0.8780340998427674 0.9507665094339622 0.8835618121069183 0.9569084119496855 0.8921604756289309 0.9722631682389937 0.8989165683962264 0.9839327830188679 0.8915462853773585 0.9956023977987422 0.8755773388364779 0.9974449685534591 0.8589942020440251 0.9980591588050314 0.8540806800314465 0.9906888757861635 0.8473245872641509 0.9802476415094339 0.845482016509434 0.974719929245283 0.8534664897798742 0.971034787735849 0.8589942020440251 0.965507075471698 0.8589942020440251 0.9587509827044025
1 0.8847901926100629 0.9526090801886792 0.8964598073899371 0.9403252751572326 0.9007591391509434 0.9329549921383647 0.9124287539308176 0.9317266116352201 0.9277835102201258 0.9311124213836477 0.9388389347484276 0.9317266116352201 0.9462092177672955 0.939096894654088 0.9517369300314465 0.9495381289308176 0.9474375982704403 0.9624361242138364 0.9468234080188679 0.9741057389937106 0.950508549528302 0.9845469732704402 0.9523511202830188 0.9882321147798742 0.937610554245283 0.9839327830188679 0.9216416077044025 0.9808618317610063 0.9112003734276729 0.9814760220125786 0.903830090408805 0.9814760220125786 0.8976881878930817 0.9679638364779873 0.8903179048742138 0.9587509827044025
1 1.01069919418239 0.8617089229559748 1.0192978577044025 0.8549528301886792 1.0438654677672956 0.8574095911949685 1.0518499410377358 0.8623231132075472 1.0702756485849056 0.8746069182389937 1.0794885023584906 0.8795204402515723 1.0739607900943395 0.894261006289308 1.0715040290880504 0.9114583333333334 1.0592202240566038 0.9286556603773585 1.0450938482704404 0.9218995676100629 1.0260539504716981 0.9126867138364779 1.0137701454402517 0.9090015723270439 1.003328911163522 0.9059306210691823 0.9916592963836478 0.8991745283018867 1.003328911163522 0.8819772012578616
1 0.9677058765723271 0.9212853773584905 0.9806038718553459 0.9151434748427673 0.9873599646226415 0.9065448113207547 1.0045572916666667 0.9120725235849055 1.018069477201258 0.9163718553459118 1.0242113797169812 0.9182144261006289 1.044479658018868 0.9268130896226414 1.056149272798742 0.9341833726415093 1.0500073702830188 0.9440104166666666 1.0420228970125787 0.939096894654088 1.0309674724842768 0.9421678459119497 1.0211404284591195 0.9538374606918238 1.0143843356918238 0.9630503144654088 1.0119275746855345 0.9734915487421384 1.0027147209119496 0.9759483097484276 1.0021005306603774 0.9624361242138364 0.9990295794025158 0.946467177672956 0.9885883451257862 0.9329549921383647 0.9799896816037736 0.9280414701257861
1 0.9535795007861635 0.8297710298742138 0.9634065448113208 0.8205581761006289 0.9670916863207547 0.8150304638364779 0.9861315841194968 0.8242433176100629 0.9916592963836478 0.8273142688679246 0.9928876768867925 0.8371413128930817 0.9793754913522013 0.8334561713836477 0.9707768278301887 0.8328419811320754 0.9652491155660378 0.8377555031446541
1 1.0518499410377358 0.8567954009433962 1.061676985062893 0.85249606918239 1.0672046973270441 0.8500393081761005 1.0684330778301887 0.8377555031446541 1.0684330778301887 0.8340703616352201 1.0813310731132075 0.8346845518867925 1.08992973663522 0.8359129323899371 1.0966858294025157 0.8420548349056604 1.1058986831761006 0.8512676886792452 1.1089696344339621 0.8561812106918238 1.0954574488993711 0.8604805424528301 1.0837878341194969 0.8672366352201258 1.08194526336478 0.873378537735849 1.0665905070754718 0.8672366352201258
1 1.0285107114779874 0.7413276336477987 1.0346526139937107 0.7431702044025156 1.0358809944968554 0.7554540094339622 1.037109375 0.7720371462264151 1.0481647995283019 0.7873919025157233 1.0641337460691824 0.7996757075471698 1.0622911753144655 0.8150304638364779 1.0610627948113207 0.8242433176100629 1.0457080385220126 0.8138020833333334 1.0401803262578617 0.8101169418238993 1.0309674724842768 0.8088885613207547 1.0254397602201257 0.8082743710691823 1.0248255699685533 0.7978331367924528 1.0260539504716981 0.7800216194968553 1.0223688089622642 0.7622101022012578 1.0229829992138366 0.7542256289308176
1 1.0831736438679245 0.5859375 1.0960716391509433 0.5853233097484276 1.10835544418239 0.589622641509434 1.1138831564465408 0.5963787342767295 1.1280095322327044 0.5994496855345911 1.1452068592767295 0.5963787342767295 1.1617899960691824 0.6062057783018867 1.1581048545597483 0.6289308176100629 1.1501203812893082 0.6430571933962264 1.142135908018868 0.6510416666666666 1.1316946737421383 0.6406004323899371 1.1163399174528301 0.6344585298742138 1.117568297955975 0.6258598663522013 1.106512873427673 0.617875393081761 1.0942290683962264 0.6111193003144654 1.0868587853773584 0.6012922562893082 1.0837878341194969 0.5920794025157232
1 1.0887013561320755 0.6571835691823898 1.091772307389937 0.6485849056603773 1.099142590408805 0.6436713836477987 1.10835544418239 0.6399862421383647 1.115725727201258 0.6406004323899371 1.1286237224842768 0.6473565251572327 1.1359940055031446 0.6528842374213836 1.1390649567610063 0.6706957547169811 1.144592669025157 0.6891214622641509 1.1316946737421383 0.6903498427672955 1.1194108687106918 0.685436320754717 1.1058986831761006 0.6756092767295597 1.0966858294025157 0.6651680424528301
1 1.0573776533018868 0.2499754323899371 1.0622911753144655 0.23339229559748428 1.0696614583333333 0.22110849056603774 1.0868587853773584 0.21496658805031446 1.0985284001572326 0.21066725628930816 1.1114263954402517 0.2137382075471698 1.1138831564465408 0.23154972484276728 1.1114263954402517 0.24874705188679244 1.1120405856918238 0.2641018081761006 1.106512873427673 0.27147209119496857 1.0997567806603774 0.2751572327044025 1.0844020243710693 0.27147209119496857 1.0672046973270441 0.2641018081761006
1 0.9363821737421384 0.3316627358490566 0.9511227397798742 0.3347336871069182 0.9677058765723271 0.33534787735849053 0.9812180621069183 0.3316627358490566 0.9861315841194968 0.3206073113207547 0.9836748231132075 0.31323702830188677 0.9744619693396226 0.30340998427672955 0.9738477790880503 0.29296875 0.9812180621069183 0.28744103773584906 0.9849032036163522 0.2776139937106918 0.9756903498427674 0.27208628144654085 0.9707768278301887 0.2684011399371069 0.9627923545597484 0.2745430424528302 0.9554220715408804 0.2843700864779874 0.9498943592767296 0.29235455974842767 0.9474375982704403 0.29849646226415094 0.950508549528302 0.3070951257861635 0.9468234080188679 0.31507959905660377 0.941295695754717 0.3218356918238994
1 0.9873599646226415 0.33780463836477986 0.9922734866352201 0.32367826257861637 0.9941160573899371 0.3181505503144654 1.0021005306603774 0.31507959905660377 1.012541764937107 0.3138512185534591 1.0223688089622642 0.31937893081761004 1.019912047955975 0.33104854559748426 1.0156127161949686 0.3427181603773585 1.0119275746855345 0.35623034591194963 1.008856623427673 0.3611438679245283 1.0008721501572329 0.3593012971698113 0.9941160573899371 0.35623034591194963 0.9910451061320754 0.34517492138364775
1 0.9333112224842767 0.3642148191823899 0.9468234080188679 0.35868710691823896 0.9609497838050315 0.35623034591194963 0.9707768278301887 0.36237224842767296 0.9744619693396226 0.3703567216981132 0.9677058765723271 0.3863256682389937 0.9615639740566038 0.4029088050314465 0.9591072130503145 0.4151926100628931 0.9572646422955975 0.4231770833333333 0.9492801690251572 0.424405463836478 0.937610554245283 0.4201061320754717 0.9247125589622641 0.4145784198113207 0.914885514937107 0.41089327830188677 0.9136571344339622 0.4078223270440251 0.9228699882075472 0.4035229952830188 0.9277835102201258 0.4016804245283019 0.9283977004716982 0.3955385220125786 0.9277835102201258 0.38693985849056606 0.9253267492138365 0.38018376572327045 0.9253267492138365 0.3771128144654088 0.9308544614779874 0.3740418632075471
1 0.8958456171383649 0.42931898584905653 0.9056726611635221 0.41826356132075465 0.9099719929245284 0.4151926100628931 0.9240983687106917 0.420720322327044 0.9388389347484276 0.426248034591195 0.9511227397798742 0.4311615566037736 0.9468234080188679 0.44221698113207547 0.9283977004716982 0.44160279088050314 0.9124287539308176 0.44160279088050314 0.901987519654088 0.44221698113207547 0.8989165683962264 0.43484669811320753
1 0.9634065448113208 0.4231770833333333 0.9732335888364779 0.42870479559748426 0.9941160573899371 0.43177574685534587 1.0082424331761006 0.4385318396226415 1.0162269064465408 0.43177574685534587 1.0260539504716981 0.41703518081761004 1.0364951847484276 0.4053655660377358 1.0309674724842768 0.3949243317610063 1.027282330974843 0.3826405267295598 1.0223688089622642 0.36974253144654085 1.0174552869496856 0.36667158018867924 1.008856623427673 0.36974253144654085 0.9978011988993711 0.36912834119496857 0.9855173938679246 0.3703567216981132 0.9787613011006289 0.38325471698113206 0.9738477790880503 0.39246757075471694 0.9689342570754716 0.40475137578616355
1 1.0598344143081762 0.29665389150943394 1.0721182193396226 0.29972484276729555 1.0813310731132075 0.3120086477987421 1.0874729756289307 0.32429245283018865 1.0997567806603774 0.33104854559748426 1.1071270636792454 0.33780463836477986 1.1200250589622642 0.3525452044025157 1.1402933372641508 0.3593012971698113 1.1316946737421383 0.37465605345911945 1.117568297955975 0.3844830974842767 1.10835544418239 0.390625 1.0733465998427674 0.3844830974842767 1.040794516509434 0.3783411949685534 1.029739091981132 0.3660573899371069 1.027896521226415 0.3543877751572327 1.0364951847484276 0.35623034591194963 1.044479658018868 0.3470174921383648 1.0493931800314467 0.3292059748427673 1.053692511792453 0.31692216981132076
1 1.1341514347484276 0.38571147798742134 1.1482778105345912 0.388782429245283 1.1648609473270441 0.38693985849056606 1.1648609473270441 0.3470174921383648 1.1556480935534592 0.35991548742138363 1.1458210495283019 0.3611438679245283 1.1390649567610063 0.3758844339622642
1 1.1323088639937107 0.39123919025157233 1.1556480935534592 0.3961527122641509 1.1653645833333333 0.3973672734866352 1.1642467570754718 0.42379127358490565 1.1562622838050314 0.41580680031446543 1.143978478773585 0.4164209905660377 1.1292379127358492 0.4139642295597484 1.1286237224842768 0.4053655660377358
1 1.0137701454402517 0.44221698113207547 1.0266681407232705 0.4274764150943396 1.0346526139937107 0.4176493710691824 1.0438654677672956 0.41150746855345904 1.056149272798742 0.41089327830188677 1.0690472680817609 0.4164209905660377 1.0758033608490567 0.4268622248427673 1.0788743121069182 0.4409886006289308 1.0782601218553458 0.4557291666666667 1.070889838836478 0.4704697327044025 1.0610627948113207 0.4747690644654088 1.046322228773585 0.4735406839622642 1.038951945754717 0.46555621069182385 1.029739091981132 0.45388659591194963
1 1.0672046973270441 0.47906839622641506 1.0764175511006289 0.47415487421383645 1.08194526336478 0.4649420204402515 1.091772307389937 0.46064268867924524 1.1077412539308176 0.4588001179245283 1.1212534394654088 0.45757173742138363 1.1323088639937107 0.45757173742138363 1.1390649567610063 0.4704697327044025 1.136608195754717 0.48398191823899367 1.1298521029874213 0.4999508647798742 1.1261669614779874 0.5060927672955975 1.1108122051886793 0.5048643867924528 1.0936148781446542 0.5017934355345911 1.080102692610063 0.49872248427672955
1 1.1341514347484276 0.4514298349056604 1.144592669025157 0.452658215408805 1.16117580581761 0.44958726415094336 1.1574906643081762 0.46064268867924524 1.1458210495283019 0.46555621069182385
1 1.1452068592767295 0.4729264937106918 1.1648609473270441 0.46432783018867924 1.1642467570754718 0.5177623820754716 1.1648609473270441 0.5644408411949685 1.1653645833333333 0.5689735652515725 1.1568764740566038 0.5650550314465409 1.1470494300314467 0.546629323899371 1.1396791470125787 0.5361880896226415 1.1378365762578617 0.51469143081761 1.1353798152515724 0.5011792452830188 1.1427500982704404 0.48582448899371067
1 1.151348761792453 0.5890084512578616 1.1624041863207546 0.5767246462264151 1.1653645833333333 0.5949804278039831 1.1653645833333333 0.6037490172955975 1.153805522798742 0.5957645440251572
1 1.0420228970125787 0.7450127751572326 1.0414087067610063 0.7579107704402516 1.0512357507861634 0.7542256289308176 1.0592202240566038 0.7394850628930817 1.0733465998427674 0.7265870676100629 1.08992973663522 0.7222877358490566 1.0948432586477987 0.7044762185534591 1.0966858294025157 0.6971059355345912 1.0874729756289307 0.6921924135220126 1.0813310731132075 0.6977201257861635 1.070889838836478 0.7093897405660377 1.0604486045597483 0.715531643081761 1.0549208922955975 0.7272012578616351 1.046936419025157 0.7382566823899371
1 1.1003709709119496 0.7020194575471698 1.1095838246855345 0.7032478380503143 1.118182488207547 0.7038620283018867 1.1243243907232705 0.7026336477987422 1.1218676297169812 0.715531643081761 1.1194108687106918 0.7308863993710691 1.1071270636792454 0.7284296383647798 1.0979142099056605 0.7222877358490566
1 1.0493931800314467 0.7615959119496855 1.070889838836478 0.7597533411949685 1.0936148781446542 0.7622101022012578 1.1015993514150944 0.7708087657232704 1.1120405856918238 0.7744939072327043 1.1230960102201257 0.7714229559748427 1.131080483490566 0.7652810534591196 1.1286237224842768 0.7591391509433962 1.117568297955975 0.7480837264150942 1.1108122051886793 0.7388708726415093 1.099142590408805 0.7284296383647798 1.0868587853773584 0.7272012578616351 1.072732409591195 0.7339573506289309 1.0659763168238994 0.7413276336477987 1.056149272798742 0.7542256289308176
1 1.1415217177672956 0.6565693789308176 1.1501203812893082 0.6510416666666666 1.1568764740566038 0.6485849056603773 1.1648609473270441 0.653498427672956 1.1653645833333333 0.6620602397798735 1.1642467570754718 0.6848221305031447 1.1581048545597483 0.6915782232704402 1.1482778105345912 0.6903498427672955 1.1464352397798743 0.6768376572327043
1 1.1286237224842768 0.6952633647798742 1.1409075275157232 0.6940349842767296 1.151348761792453 0.6958775550314464 1.1556480935534592 0.6983343160377359 1.163018376572327 0.7130748820754716 1.1653645833333333 0.7230462608097485 1.1476636202830188 0.745626965408805 1.1304662932389937 0.7388708726415093 1.125552771226415 0.7272012578616351 1.125552771226415 0.7130748820754716
1 1.151962952044025 0.7517688679245284 1.1642467570754718 0.7315005896226414 1.1648609473270441 0.7615959119496855
1 1.0887013561320755 0.8832055817610063 1.0997567806603774 0.8856623427672955 1.1077412539308176 0.8893474842767296 1.117568297955975 0.8954893867924527 1.117568297955975 0.9120725235849055 1.1095838246855345 0.9188286163522013 1.100985161163522 0.9200569968553459 1.08194526336478 0.910844143081761 1.0831736438679245 0.8918042452830188
1 1.124938580974843 0.8961035770440251 1.1427500982704404 0.8997887185534591 1.1556480935534592 0.9004029088050314 1.1653645833333333 0.8998313505826859 1.1653645833333333 0.9403252751572326 1.1648609473270441 0.9569084119496855 1.1501203812893082 0.9569084119496855 1.1353798152515724 0.9458529874213836 1.1298521029874213 0.9286556603773585 1.125552771226415 0.910844143081761 1.124938580974843 0.9022454795597484
1 1.065362126572327 0.9280414701257861 1.0733465998427674 0.9169860455974842 1.0794885023584906 0.9151434748427673 1.0923864976415094 0.9194428066037735 1.0997567806603774 0.9243563286163522 1.1022135416666667 0.937254323899371 1.099142590408805 0.9581367924528301 1.097300019654088 0.9704205974842767 1.089315546383648 0.972877358490566 1.0844020243710693 0.9642786949685535 1.0739607900943395 0.9556800314465409 1.0598344143081762 0.9470813679245284 1.06351955581761 0.9341833726415093
1 1.1218676297169812 0.7941479952830188 1.1353798152515724 0.7714229559748427 1.1452068592767295 0.7591391509433962 1.1605616155660379 0.7677378144654088 1.1653645833333333 0.7714734560621942 1.1653645833333333 0.816873034591195 1.1653645833333333 0.8420548349056604 1.1653645833333333 0.8506534984276729 1.1341514347484276 0.8555670204402515 1.1292379127358492 0.8518818789308176 1.1292379127358492 0.8463541666666666 1.127395341981132 0.8297710298742138 1.1206392492138366 0.816873034591195 1.118182488207547 0.805817610062893
1 1.0622911753144655 0.974719929245283 1.0813310731132075 0.9777908805031447 1.1028277319182391 0.9784050707547168 1.117568297955975 0.9722631682389937 1.1243243907232705 0.9827044025157233 1.1169541077044025 0.9937598270440251 1.0966858294025157 0.9956023977987422 1.0813310731132075 0.991917256289308 1.0721182193396226 0.9863895440251572
1 1.1237102004716981 0.9470813679245284 1.1316946737421383 0.9483097484276729 1.143978478773585 0.9612077437106917 1.1409075275157232 0.9759483097484276 1.1378365762578617 0.9870037342767296 1.1304662932389937 0.9900746855345912 1.1280095322327044 0.9777908805031447 1.1224818199685533 0.974719929245283 1.1218676297169812 0.9618219339622641
1 1.144592669025157 0.9863895440251572 1.1544197130503144 0.991917256289308 1.1636325668238994 0.9943740172955975 1.1653645833333333 0.9816725628930815 1.1653645833333333 0.9612077437106917 1.1556480935534592 0.9624361242138364 1.1482778105345912 0.971034787735849
1 0.9480517885220126 0.47906839622641506 0.9437524567610063 0.4588001179245283 0.9468234080188679 0.4489730738993711 0.9560362617924528 0.44283117138364775 0.9652491155660378 0.44651631289308175 0.9689342570754716 0.450815644654088 0.96586330581761 0.46002849842767296 0.9652491155660378 0.4759974449685534 0.964020735062893 0.48459610849056606 0.9548078812893083 0.48521029874213834
1 0.964020735062893 0.49135220125786166 0.976918730345912 0.4895096305031446 0.9892025353773585 0.48889544025157233 1.0008721501572329 0.4907380110062893 1.0082424331761006 0.5042501965408804 1.01069919418239 0.5220617138364779 1.0149985259433962 0.5355738993710691 1.019912047955975 0.5398732311320754 1.0002579599056605 0.5368022798742138 0.9806038718553459 0.5368022798742138 0.969548447327044 0.5355738993710691 0.9664774960691824 0.520219143081761 0.9652491155660378 0.5067069575471698
1 1.117568297955975 0.7376424921383647 1.125552771226415 0.7493121069182389 1.136608195754717 0.7591391509433962 1.144592669025157 0.7542256289308176 1.1341514347484276 0.745626965408805 1.125552771226415 0.7357999213836477
