1 0.0009765625 0.0013020833333333333 0.0009765625 0.0013020833333333333 0.012548556551337242 0.007714950790007909 0.020369678735733032 0.0013020833333333333 0.019500665366649628 0.0013020833333333333 0.010810528881847858 0.0013020833333333333 0.0009765625 0.0013020833333333333 0.0009765625 0.0013020833333333333
0 0.14550763368606567 0.13471490144729614 0.16114988923072815 0.09792051712671916 0.17592310905456543 0.07180838286876678 0.1889583170413971 0.050443907578786217 0.21242167055606842 0.038574750224749245 0.21502871811389923 0.06349997719128926 0.2072076052427292 0.10029435157775879 0.20373155176639557 0.11216351389884949 0.18287521600723267 0.11809810002644856 0.17679211497306824 0.12996724247932434 0.16375690698623657 0.14421021938323975 0.15419776737689972 0.14895787835121155
0 0.05165416747331619 0.11572424570719402 0.08206964284181595 0.11691117286682129 0.08641470968723297 0.1418363849322001 0.06729640811681747 0.1335279941558838
0 0.0009765625 0.2522195180257161 0.0009765625 0.23322888215382895 0.0038584202993661165 0.2272942860921224 0.011679543182253838 0.2474718689918518 0.015155596658587456 0.2617148558298747 0.019500665366649628 0.26764945189158124 0.03166685625910759 0.26764945189158124 0.04470205679535866 0.26527559757232666 0.028190800920128822 0.2783316771189372 0.016893623396754265 0.29138773679733276 0.00907250214368105 0.2937615712483724 0.0009765625 0.2902008295059204 0.0009765625 0.2807055115699768 0.0009765625 0.27002326647440594
0 0.08815273642539978 0.10860276222229004 0.10205695778131485 0.09910744428634644 0.11683018505573273 0.10029435157775879 0.1316034197807312 0.10860276222229004 0.14463861286640167 0.11453733841578166 0.13594849407672882 0.14421021938323975 0.14376960694789886 0.16557469964027405 0.12465131282806396 0.1786307692527771 0.1107470914721489 0.18812610705693564 0.10292597115039825 0.19049994150797525 0.09771189093589783 0.17744386196136475 0.08902174979448318 0.15489246447881064 0.09423583745956421 0.14064947764078775 0.08989076316356659 0.12521958351135254
0 0.21937379240989685 0.0013020833333333333 0.21415971219539642 0.0013020833333333333 0.21502871811389923 0.0013020833333333333 0.22024279832839966 0.01483644296725591 0.24023011326789856 0.0041542040805021925 0.24544420838356018 0.0013020833333333333 0.2497892677783966 0.0013020833333333333 0.2523963153362274 0.0013020833333333333 0.2523963153362274 0.0013020833333333333 0.23153997957706451 0.0013020833333333333
0 0.28368079662323 0.048070078094800316 0.3036681115627289 0.036200920740763344 0.322786420583725 0.036200920740763344 0.33582162857055664 0.037387837966283165 0.3427737355232239 0.06349997719128926 0.3505948483943939 0.08842519919077556 0.3419046998023987 0.09673360983530681 0.3236554265022278 0.08605136473973592 0.31409624218940735 0.07774295409520467 0.3001920282840729 0.06349997719128926
0 0.3436427414417267 0.10978968938191731 0.35667791962623596 0.09317286809285481 0.3662371039390564 0.08249062299728394 0.37927231192588806 0.07892988125483195 0.39578354358673096 0.05875231325626373 0.4027356505393982 0.042135496934254967 0.4088187515735626 0.03264017403125763 0.4288060665130615 0.03382708877325058 0.4418412744998932 0.03501400351524353 0.4461863338947296 0.048070078094800316 0.4279370605945587 0.0706214706103007 0.41403284668922424 0.09435977538426717 0.4062117040157318 0.11453733841578166 0.39491453766822815 0.13590182860692343 0.3862244188785553 0.1430233120918274 0.37318921089172363 0.14539714654286703 0.36015400290489197 0.14064947764078775 0.35320186614990234 0.13471490144729614
0 0.3870934247970581 0.0013020833333333333 0.39578354358673096 0.0013020833333333333 0.4079497456550598 0.0013020833333333333 0.41663986444473267 0.0013020833333333333 0.4270680248737335 0.0013020833333333333 0.4270680248737335 0.0013020833333333333 0.41055676341056824 0.0017803733547528584 0.4018666446208954 0.0013020833333333333 0.3975215554237366 0.0013020833333333333 0.3923075199127197 0.0013020833333333333
0 0.442710280418396 0.0013020833333333333 0.43662717938423157 0.0013020833333333333 0.43749621510505676 0.005341118822495143 0.444448322057724 0.023144851128260296 0.4557454586029053 0.040948579708735146 0.47051873803138733 0.03382708877325058 0.47138774394989014 0.011275696257750193 0.4609595537185669 0.0013020833333333333 0.4609595537185669 0.0013020833333333333 0.4618285596370697 0.0013020833333333333 0.4490540623664856 0.0013020833333333333
0 0.47051873803138733 0.0013020833333333333 0.46878066658973694 0.0013020833333333333 0.47138774394989014 0.0013020833333333333 0.480077862739563 0.0029672887176275253 0.4870299696922302 0.0013020833333333333 0.5000651478767395 0.0013020833333333333 0.5113623738288879 0.0013020833333333333 0.5261355638504028 0.0013020833333333333 0.5330876708030701 0.0013020833333333333 0.5313496589660645 0.0013020833333333333 0.5078862905502319 0.0013020833333333333 0.48789897561073303 0.0013020833333333333
0 0.6321552395820618 0.0013020833333333333 0.6530115604400635 0.0013020833333333333 0.6747369170188904 0.0013020833333333333 0.6825580596923828 0.007714950790007909 0.6886411309242249 0.02670559783776601 0.6964622735977173 0.04688315590222677 0.7025453448295593 0.06231305996576945 0.7121044993400574 0.08723828196525574 0.7190566062927246 0.10266818602879842 0.7242707014083862 0.11691117286682129 0.7129734754562378 0.12403265635172527 0.6990692615509033 0.11928500731786092 0.6816890239715576 0.11928500731786092 0.6660467386245728 0.11572424570719402 0.6556186079978943 0.11691117286682129 0.6399763226509094 0.12284574906031291 0.635631263256073 0.11216351389884949 0.6373693346977234 0.09673360983530681 0.6382383108139038 0.08249062299728394 0.6434524655342102 0.06706072390079498 0.6521425247192383 0.057565400997797646 0.6469284892082214 0.042135496934254967 0.6408453583717346 0.027892515063285828 0.6373693346977234 0.020771019160747528 0.633024275302887 0.010088780894875526
0 0.686034083366394 0.0013020833333333333 0.6982002854347229 0.0013020833333333333 0.7129734754562378 0.0013020833333333333 0.7268776893615723 0.005341118822495143 0.7355678677558899 0.020771019160747528 0.7390438914299011 0.03501400351524353 0.7486030459403992 0.048070078094800316 0.760769248008728 0.05875231325626373 0.7668523192405701 0.08130370577176411 0.7738044857978821 0.10148127873738606 0.7746734619140625 0.11097659667332967 0.7616382837295532 0.11097659667332967 0.7468650341033936 0.11097659667332967 0.7303537726402283 0.10860276222229004 0.7216636538505554 0.08723828196525574 0.7129734754562378 0.0658738116423289 0.7025453448295593 0.040948579708735146 0.6955932378768921 0.018397189676761627 0.6912481188774109 0.007714950790007909
0 0.7824945449829102 0.08367754022280376 0.7972678542137146 0.06943455338478088 0.8137791156768799 0.06468689441680908 0.8337663412094116 0.061126142740249634 0.8659198880195618 0.05875231325626373 0.8798241019248962 0.06231305996576945 0.8902522921562195 0.0706214706103007 0.8937283158302307 0.09079903364181519 0.882431149482727 0.10266818602879842 0.8607058525085449 0.11335042119026184 0.8546227216720581 0.1311541497707367 0.8563607335090637 0.152518630027771 0.8572297692298889 0.17388312021891275 0.8554916977882385 0.1988083521525065 0.8441945314407349 0.21423824628194174 0.8242072463035583 0.2320419947306315 0.8120410442352295 0.24628496170043945 0.794660747051239 0.25578027963638306 0.7868396639823914 0.2308550477027893 0.7824945449829102 0.2177989880243937 0.7920536994934082 0.19999523957570395 0.7972678542137146 0.182191530863444 0.794660747051239 0.1691354513168335 0.7868396639823914 0.1430233120918274 0.7833636403083801 0.12878032525380453 0.7816255688667297 0.10860276222229004
0 0.798136830329895 0.26290178298950195 0.8094340562820435 0.25340644518534344 0.8207311630249023 0.2450980544090271 0.8302903175354004 0.23560269673665366 0.8381114602088928 0.22966814041137695 0.8494086861610413 0.2213597297668457 0.8589677810668945 0.21423824628194174 0.8676578998565674 0.2308550477027893 0.869395911693573 0.2403503656387329 0.8511466979980469 0.24984570344289145 0.8441945314407349 0.2605279286702474 0.8302903175354004 0.2783316771189372 0.8216001987457275 0.28664008776346844 0.8103030323982239 0.28782697518666583 0.7998749017715454 0.28901390234629315
0 0.367975115776062 0.2415372927983602 0.37840327620506287 0.22254663705825806 0.39491453766822815 0.2177989880243937 0.41663986444473267 0.22017282247543335 0.4435792863368988 0.22373358408610025 0.4661736488342285 0.21423824628194174 0.4852919578552246 0.19999523957570395 0.49398207664489746 0.17625693480173746 0.5018031597137451 0.1632008751233419 0.5078862905502319 0.18337843815485635 0.49572011828422546 0.21305131912231445 0.49050602316856384 0.23560269673665366 0.49137505888938904 0.25340644518534344 0.4826849102973938 0.2605279286702474 0.46791166067123413 0.2688363393147786 0.45140042901039124 0.27239710092544556 0.43749621510505676 0.27002326647440594 0.4244610071182251 0.26290178298950195 0.4009976387023926 0.2569671869277954 0.3862244188785553 0.24865877628326416
0 0.4044736623764038 0.33886436621348065 0.41229480504989624 0.3139391342798869 0.43054407835006714 0.3020699620246887 0.4453173279762268 0.2902008295059204 0.45400744676589966 0.2830793261528015 0.47399476170539856 0.28426623344421387 0.4826849102973938 0.3091914653778076 0.48789897561073303 0.32224754492441815 0.47747084498405457 0.3281821012496948 0.45661449432373047 0.3281821012496948 0.444448322057724 0.33411669731140137 0.43836522102355957 0.35073351860046387 0.4288060665130615 0.3685372670491536 0.4209849536418915 0.3709110418955485 0.41316381096839905 0.3602288564046224
0 0.25847941637039185 0.46230355898539227 0.27672868967056274 0.44568673769632977 0.29497796297073364 0.43856529394785565 0.30193009972572327 0.44331292311350506 0.29237091541290283 0.45755592981974286 0.2906329035758972 0.47298582394917804 0.2915019094944 0.487228790918986 0.2715145945549011 0.4824811617533366 0.2645624876022339 0.47535963853200275
0 0.3106202185153961 0.4528082211812337 0.327131450176239 0.4373783270517985 0.3436427414417267 0.420761505762736 0.35320186614990234 0.4005839427312215 0.36015400290489197 0.37209800879160565 0.3627610206604004 0.3519204457600911 0.3810103237628937 0.35073351860046387 0.39578354358673096 0.3519204457600911 0.407080739736557 0.3685372670491536 0.41229480504989624 0.3804064194361369 0.4079497456550598 0.3982101281483968 0.40012863278388977 0.4195746183395386 0.3870934247970581 0.44212599595387775 0.37666523456573486 0.46111663182576496 0.3636300265789032 0.47773345311482746 0.35146385431289673 0.49078957239786786 0.3453807532787323 0.5002848307291666 0.33755964040756226 0.513340950012207 0.3245244324207306 0.5097801685333252 0.3080131709575653 0.49553720156351727 0.30193009972572327 0.48960260550181073 0.3036681115627289 0.47535963853200275
0 0.3436427414417267 0.5809951623280843 0.3627610206604004 0.5667521158854166 0.3818793296813965 0.5560699303944906 0.39143845438957214 0.5418268839518229 0.39317652583122253 0.5228362878163656 0.38014131784439087 0.47892038027445477 0.3662371039390564 0.487228790918986 0.3618920147418976 0.49553720156351727 0.35580891370773315 0.5074063539505005 0.3497258424758911 0.5263969898223877 0.3479878008365631 0.5406399965286255 0.3462497591972351 0.5548830032348633
0 0.5018031597137451 0.1465840538342794 0.5078862905502319 0.12759341796239218 0.5243975520133972 0.12284574906031291 0.5452538728713989 0.12878032525380453 0.5600271224975586 0.13471490144729614 0.5574200749397278 0.14895787835121155 0.5800144672393799 0.1572662889957428 0.59565669298172 0.16557469964027405 0.601739764213562 0.1798176964124044 0.59565669298172 0.2059298356374105 0.5939186811447144 0.22017282247543335 0.5765383839607239 0.23678964376449585 0.5669792294502258 0.2450980544090271 0.5513370037078857 0.2569671869277954 0.5391708016395569 0.2640886902809143 0.5278736352920532 0.2640886902809143 0.5165764689445496 0.2569671869277954 0.5026722550392151 0.25340644518534344 0.5000651478767395 0.2403503656387329 0.5018031597137451 0.22373358408610025 0.5096243619918823 0.20949057737986246 0.5148383975028992 0.189313014348348 0.513969361782074 0.17150928576787314 0.5087553262710571 0.15489246447881064
0 0.4826849102973938 0.35073351860046387 0.49485108256340027 0.3436120351155599 0.5113623738288879 0.3447989225387573 0.5200524926185608 0.3637895981470744 0.5243975520133972 0.38990171750386554 0.5131003856658936 0.4029577970504761 0.49224406480789185 0.40651853879292804 0.4852919578552246 0.4148269494374593 0.4783398509025574 0.420761505762736 0.47747084498405457 0.38990171750386554 0.4792088568210602 0.3685372670491536
0 0.5330876708030701 0.35785500208536786 0.5522060394287109 0.35785500208536786 0.5730623006820679 0.36260263125101727 0.588704526424408 0.3661634127298991 0.5869665145874023 0.387527863184611 0.5730623006820679 0.40533165136973065 0.5591580867767334 0.4160138765970866 0.5443848371505737 0.41245309511820477 0.5365636944770813 0.3993970553080241 0.5348256826400757 0.37921945254007977
0 0.5965256690979004 0.37209800879160565 0.6121678948402405 0.3709110418955485 0.6208580732345581 0.3827802340189616 0.6156440377235413 0.41007928053538006 0.6199890375137329 0.4338175853093465 0.6269411444664001 0.45874281724294025 0.6295482516288757 0.47773345311482746 0.6199890375137329 0.49435027440388996 0.605215847492218 0.4990979830423991 0.5930496454238892 0.49316338698069256 0.5834904909133911 0.47417275110880536 0.5817524790763855 0.4480605920155843 0.5739313364028931 0.4314437707265218 0.5826214551925659 0.41245309511820477 0.5904425978660583 0.4005839427312215 0.5973947048187256 0.3851540883382161
0 0.7199256420135498 0.1335279941558838 0.7294847369194031 0.1264064908027649 0.7399129271507263 0.11928500731786092 0.7572932243347168 0.11928500731786092 0.7711974382400513 0.12403265635172527 0.7781494855880737 0.1418363849322001 0.7746734619140625 0.1584532062212626 0.764245331287384 0.1750700076421102 0.760769248008728 0.1916868289311727 0.7538171410560608 0.20949057737986246 0.7416509389877319 0.22966814041137695 0.7338298559188843 0.2450980544090271 0.7277467250823975 0.2545933723449707 0.7068904042243958 0.2522195180257161 0.6982002854347229 0.2415372927983602 0.6955932378768921 0.2308550477027893 0.7025453448295593 0.21661206086476645 0.7164495587348938 0.19999523957570395 0.723401665687561 0.17744386196136475 0.7251396775245667 0.15964011351267496 0.7260087132453918 0.1465840538342794
0 0.8624438643455505 0.12878032525380453 0.8711339831352234 0.11809810002644856 0.882431149482727 0.11335042119026184 0.8989424109458923 0.12284574906031291 0.9076325297355652 0.1382756531238556 0.913715660572052 0.1632008751233419 0.910239577293396 0.1916868289311727 0.9015494585037231 0.2083036502202352 0.8911212682723999 0.22254663705825806 0.8746100664138794 0.22610739866892496 0.8676578998565674 0.20711676279703775 0.8650509119033813 0.185752272605896 0.8641818761825562 0.1691354513168335 0.8615748286247253 0.15489246447881064
0 0.9232747554779053 0.15014479557673135 0.9389170408248901 0.13946256041526794 0.9458691477775574 0.14064947764078775 0.9536902904510498 0.15133172273635864 0.9649874567985535 0.1679485241572062 0.9762845635414124 0.18693917989730835 0.991926908493042 0.20711676279703775 1.0 0.2272942860921224 1.0 0.2439111073811849 0.9875817894935608 0.2450980544090271 0.9736775755882263 0.2474718689918518 0.9649874567985535 0.25340644518534344 0.9510831832885742 0.23560269673665366 0.9406550526618958 0.2284812331199646 0.9180607199668884 0.2177989880243937 0.9163227081298828 0.19762142499287924 0.919798731803894 0.182191530863444 0.9224057793617249 0.16438778241475424
0 0.9719395637512207 0.26290178298950195 0.9823676943778992 0.2522195180257161 0.9954029321670532 0.25340644518534344 1.0 0.2605279286702474 0.9988789558410645 0.2688363393147786 0.9858437776565552 0.2795185645421346 0.9736775755882263 0.28426623344421387
0 0.7242707014083862 0.3982101281483968 0.7286157011985779 0.3590419292449951 0.7477340698242188 0.33411669731140137 0.7590312361717224 0.3495465914408366 0.758162260055542 0.3768456776936849 0.7564241290092468 0.3993970553080241 0.7486030459403992 0.42906991640726727 0.7416509389877319 0.4480605920155843 0.7329608201980591 0.4314437707265218 0.7260087132453918 0.417200764020284
0 0.7677213549613953 0.38871483008066815 0.7781494855880737 0.387527863184611 0.7903156876564026 0.3649764855702718 0.7990058660507202 0.3531073331832886 0.8103030323982239 0.34123818079630536 0.8242072463035583 0.3483596642812093 0.8328973650932312 0.3602288564046224 0.841587483882904 0.37447182337443036 0.8520156741142273 0.3756587505340576 0.8711339831352234 0.37328489621480304 0.8737410306930542 0.3827802340189616 0.8659198880195618 0.40770546595255536 0.8520156741142273 0.42194847265879315 0.8433255553245544 0.4326306978861491 0.832028329372406 0.4492475191752116 0.82942134141922 0.46230355898539227 0.8137791156768799 0.47298582394917804 0.8042199015617371 0.47773345311482746 0.7920536994934082 0.47417275110880536 0.7720664739608765 0.47298582394917804 0.7625072598457336 0.47535963853200275 0.7538171410560608 0.4682381550470988 0.7494720816612244 0.45755592981974286 0.7555551528930664 0.43975218137105304 0.760769248008728 0.4160138765970866
0 0.8806931376457214 0.37328489621480304 0.8919903039932251 0.3661634127298991 0.9067635536193848 0.3637895981470744 0.9206677675247192 0.3614157438278198 0.9319649338722229 0.35785500208536786 0.9536902904510498 0.35073351860046387 0.9502142071723938 0.37209800879160565 0.9363099932670593 0.39108864466349286 0.9215367436408997 0.4017709096272786 0.9058945178985596 0.4160138765970866 0.8945973515510559 0.42669610182444256 0.8806931376457214 0.4195746183395386 0.8737410306930542 0.4112662076950073 0.8754790425300598 0.3946493864059448
0 0.8050889372825623 0.487228790918986 0.8302903175354004 0.47654656569163006 0.8494086861610413 0.4646774133046468 0.8676578998565674 0.45518211523691815 0.8798241019248962 0.4492475191752116 0.9015494585037231 0.44331292311350506 0.9093705415725708 0.43975218137105304 0.9163227081298828 0.42788298924763996 0.9293578863143921 0.40770546595255536 0.9380480051040649 0.4160138765970866 0.9467381238937378 0.44093910853068036 0.9510831832885742 0.4646774133046468 0.9458691477775574 0.4848549763361613 0.9345719814300537 0.487228790918986 0.919798731803894 0.483668049176534 0.910239577293396 0.49197645982106525 0.9024184942245483 0.4990979830423991 0.8954663276672363 0.5026586850484213 0.8798241019248962 0.501471757888794 0.8554916977882385 0.4990979830423991 0.8363734483718872 0.49435027440388996 0.82942134141922 0.501471757888794 0.8181241154670715 0.5074063539505005 0.8120410442352295 0.5050325393676758
0 0.6964622735977173 0.5477615197499593 0.7190566062927246 0.5299577713012695 0.7346988320350647 0.524023175239563 0.7433889508247375 0.5477615197499593 0.7477340698242188 0.567939043045044 0.7546861171722412 0.5833689371744791 0.7711974382400513 0.601172685623169 0.7755424976348877 0.6213502089182535 0.7746734619140625 0.6391539573669434 0.7685903310775757 0.6569577058156332 0.7520791292190552 0.667639970779419 0.7399129271507263 0.6759483814239502 0.7294847369194031 0.704434315363566 0.7260087132453918 0.7293594678243002 0.7268776893615723 0.7483501434326172 0.7251396775245667 0.7649669647216797 0.713842511177063 0.7625931104024252 0.7016763091087341 0.7542847792307535 0.6903791427612305 0.7519110043843588 0.6808200478553772 0.7400418122609457 0.6625707149505615 0.7127427260080973 0.6547496318817139 0.6890044212341309 0.6538805961608887 0.671200672785441 0.6747369170188904 0.6617053747177124 0.686034083366394 0.6533969640731812 0.6938552260398865 0.6332194010416666 0.6955932378768921 0.6106680234273275 0.6938552260398865 0.5857427914937338 0.6938552260398865 0.5714998245239258
0 0.7772805094718933 0.6545838514963785 0.7868396639823914 0.6522100766499838 0.7937917709350586 0.6640791893005371 0.7990058660507202 0.6818829377492269 0.7911847233772278 0.6878174940745035 0.7833636403083801 0.6771353085835775 0.7798875570297241 0.6664530038833618
0 0.8867762684822083 0.7329203287760416 0.8980733752250671 0.7269856929779053 0.9015494585037231 0.7364810307820638 0.9111085534095764 0.7364810307820638 0.9302269220352173 0.7222380638122559 0.9450001120567322 0.7068081696828207 0.9606423377990723 0.69375212987264 0.9728085398674011 0.692565123240153 0.991926908493042 0.7115557988484701 1.0 0.7222380638122559 1.0 0.7354840437571207 1.0 0.766153891881307 1.0 0.7768361568450928 0.9910578727722168 0.7875184218088785 0.9867127537727356 0.8076960245768229 0.9762845635414124 0.8076960245768229 0.9528212547302246 0.7958267529805502 0.9363099932670593 0.7875184218088785 0.9206677675247192 0.7815837860107422 0.9111085534095764 0.770901600519816 0.9024184942245483 0.7566586335500082 0.8919903039932251 0.7554717063903809 0.8867762684822083 0.7542847792307535 0.8867762684822083 0.7447894414265951
0 0.9528212547302246 0.8361818790435791 0.9615113735198975 0.8195650577545166 0.9771536588668823 0.8148174285888672 0.9910578727722168 0.8219389915466309 1.0 0.8361818790435791 1.0 0.8563595612843832 1.0 0.8836585680643717 1.0 0.9145183563232422 1.0 0.9335090319315592 0.9997479915618896 0.932322104771932 0.9875817894935608 0.9133314291636149 0.9762845635414124 0.9097707271575928 0.9667254686355591 0.9180790583292643 0.9632493853569031 0.9299482504526774 0.9580353498458862 0.9418174425760905 0.9493451714515686 0.9441912174224854 0.941524088382721 0.9394435087839762 0.9450001120567322 0.9216397603352865 0.9484761953353882 0.9002753893534342 0.9510831832885742 0.8848454157511393 0.957166314125061 0.8729762236277262 0.957166314125061 0.8563595612843832 0.957166314125061 0.8492379983266195
0 0.02210770547389984 0.5821820497512817 0.04122600704431534 0.5893035729726156 0.059475287795066833 0.5976119836171468 0.07685556262731552 0.6154156923294067 0.08293865621089935 0.6439016660054525 0.08902174979448318 0.6700137456258138 0.1133541390299797 0.692565123240153 0.1316034197807312 0.704434315363566 0.14637665450572968 0.7174903551737467 0.1507217139005661 0.734107255935669 0.1489836871623993 0.7495370705922445 0.1307343989610672 0.7519110043843588 0.1133541390299797 0.7436025142669678 0.09075978398323059 0.737667957941691 0.0725104883313179 0.734107255935669 0.06121331453323364 0.7293594678243002 0.06816542893648148 0.7139296531677246 0.05686824768781662 0.6996866861979166 0.04383304342627525 0.6830698649088541 0.03601192310452461 0.6688268979390463 0.029059814289212227 0.6533969640731812 0.018631651997566223 0.6427147388458252 0.01776263676583767 0.6284717321395874 0.019500665366649628 0.6094810962677002 0.019500665366649628 0.5987988710403442
0 0.0009765625 0.7091819445292155 0.0009765625 0.6996866861979166 0.0009765625 0.7008735338846842 0.0029894066974520683 0.7127427260080973 0.004727433901280165 0.734107255935669 0.0012513796100392938 0.7614062627156576 0.0012513796100392938 0.7851444880167643 0.0009765625 0.8183781305948893 0.0009765625 0.832621177037557 0.0009765625 0.8456772168477377 0.0009765625 0.8433034420013428 0.0009765625 0.8397427399953207 0.0009765625 0.7637800375620524 0.0009765625 0.7293594678243002
0 0.010810528881847858 0.7139296531677246 0.027321787551045418 0.7281726201375326 0.03601192310452461 0.7566586335500082 0.04122600704431534 0.7958267529805502 0.04209502041339874 0.8338081041971842 0.03166685625910759 0.8409296671549479 0.015155596658587456 0.8349949518839518 0.0012513796100392938 0.825499693552653 0.002120393328368664 0.8065090974171957 0.006465461105108261 0.792266050974528 0.00820348784327507 0.7685278256734213 0.00820348784327507 0.7530978520711263 0.00820348784327507 0.7364810307820638
0 0.04904712364077568 0.8694155216217041 0.07077246159315109 0.8646678924560547 0.07946260273456573 0.8872192700703939 0.08641470968723297 0.9133314291636149 0.08554569631814957 0.9275744756062826 0.07946260273456573 0.9394435087839762 0.06990345567464828 0.9358828067779541 0.059475287795066833 0.9180790583292643 0.05078515410423279 0.9014622370402018
0 0.13942454755306244 0.7697146733601888 0.1507217139005661 0.7625931104024252 0.16462594270706177 0.7673408190409342 0.170709028840065 0.770901600519816 0.18461324274539948 0.7625931104024252 0.19504140317440033 0.7554717063903809 0.20460055768489838 0.7507240772247314 0.21415971219539642 0.7364810307820638 0.22024279832839966 0.7317333221435547 0.23327800631523132 0.7459762891133627 0.2471822202205658 0.7673408190409342 0.23327800631523132 0.7851444880167643 0.22458787262439728 0.8029482364654541 0.21850477159023285 0.8124435742696127 0.21589772403240204 0.8243128458658854 0.2089456170797348 0.8456772168477377 0.2072076052427292 0.8670417467753092 0.208076611161232 0.8836585680643717 0.20373155176639557 0.891966978708903 0.1906963437795639 0.8931539058685303 0.17592310905456543 0.8824716409047445 0.16288790106773376 0.8611071904500326 0.1524597406387329 0.8349949518839518 0.14203158020973206 0.8136305014292399 0.13507945835590363 0.8029482364654541 0.14550763368606567 0.7898922761281332 0.14203158020973206 0.7839576403299967
0 0.15767382085323334 0.2059298356374105 0.16549494862556458 0.18337843815485635 0.17679211497306824 0.1750700076421102 0.18548226356506348 0.1632008751233419 0.20199351012706757 0.1620139479637146 0.21329069137573242 0.1691354513168335 0.21589772403240204 0.185752272605896 0.21242167055606842 0.20949057737986246 0.20633859932422638 0.22254663705825806 0.19504140317440033 0.23560269673665366 0.17505410313606262 0.24865877628326416 0.16549494862556458 0.2640886902809143 0.15854284167289734 0.27002326647440594 0.1533287614583969 0.25934104124705 0.1533287614583969 0.2403503656387329 0.16028085350990295 0.22610739866892496
0 0.14637665450572968 0.0013020833333333333 0.13855552673339844 0.0013020833333333333 0.13855552673339844 0.0013020833333333333 0.1533287614583969 0.0013020833333333333 0.169840008020401 0.0013020833333333333 0.17592310905456543 0.0013020833333333333 0.171578049659729 0.0013020833333333333 0.16549494862556458 0.0013020833333333333 0.15767382085323334 0.0013020833333333333
0 0.24457517266273499 0.7293594678243002 0.2489202618598938 0.6890044212341309 0.26108643412590027 0.6735745271046957 0.28368079662323 0.6557707786560059 0.3027991056442261 0.6557707786560059 0.32191741466522217 0.6403409242630005 0.3288695216178894 0.6296586195627848 0.33755964040756226 0.6533969640731812 0.35320186614990234 0.6723875999450684 0.3653680682182312 0.7020605405171713 0.3688441216945648 0.7222380638122559 0.3592849671840668 0.7317333221435547 0.3505948483943939 0.7436025142669678 0.35233286023139954 0.7566586335500082 0.36015400290489197 0.7803968588511149 0.37492722272872925 0.7827707131703695 0.3810103237628937 0.792266050974528 0.37927231192588806 0.8088828722635905 0.37145116925239563 0.8219389915466309 0.3592849671840668 0.8183781305948893 0.3471187949180603 0.8112567265828451 0.33582162857055664 0.804135243097941 0.3245244324207306 0.804135243097941 0.3088822066783905 0.7982006072998047 0.29497796297073364 0.7875184218088785 0.28020474314689636 0.7768361568450928 0.2689075469970703 0.7649669647216797 0.26108643412590027 0.7578455607096354 0.2532653212547302 0.7447894414265951
0 0.0009765625 0.8836585680643717 0.0009765625 0.871789296468099 0.0009765625 0.8682285944620768 0.010810528881847858 0.871789296468099 0.018631651997566223 0.8765370845794678 0.026452774181962013 0.8848454157511393 0.0342738963663578 0.8979015350341797 0.04122600704431534 0.905022939046224 0.049916140735149384 0.9157052834828695 0.05860627442598343 0.9311351776123047 0.06642739474773407 0.9501258532206217 0.06642739474773407 0.965555747350057 0.06295134872198105 0.9774248600006104 0.04904712364077568 0.9857332706451416 0.03948798030614853 0.9892939726511637 0.028190800920128822 0.9952286084493002 0.01776263676583767 1.0 0.00907250214368105 1.0 0.0009765625 1.0 0.0009765625 0.9821725686391195 0.0009765625 0.9703033765157064 0.0009765625 0.965555747350057 0.0009765625 0.9513127009073893 0.0009765625 0.9441912174224854 0.0009765625 0.9275744756062826 0.0009765625 0.9097707271575928 0.0009765625 0.9021269480387369
0 0.09597386419773102 0.36735033988952637 0.10379498451948166 0.35666807492574054 0.11596117168664932 0.36735033988952637 0.12291327863931656 0.37447182337443036 0.1324724406003952 0.3815933068593343 0.13855552673339844 0.3934624989827474 0.1289963722229004 0.40651853879292804 0.12204426527023315 0.4195746183395386 0.11596117168664932 0.44093910853068036 0.10814005136489868 0.4480605920155843 0.10379498451948166 0.42432228724161786 0.10379498451948166 0.4005839427312215 0.10031892359256744 0.38871483008066815
0 0.10553301125764847 0.5430138111114502 0.11596117168664932 0.5453876654307047 0.12291327863931656 0.5560699303944906 0.1298653930425644 0.5714998245239258 0.13507945835590363 0.5881166458129883 0.14637665450572968 0.6023596127827963 0.1524597406387329 0.6249109903971354 0.15593579411506653 0.6581446329752604 0.15767382085323334 0.6913782755533854 0.15767382085323334 0.7127427260080973 0.14811468124389648 0.7079950968424479 0.13421045243740082 0.6913782755533854 0.11943722516298294 0.6771353085835775 0.10553301125764847 0.6628922621409098 0.09684287011623383 0.6462754408518473 0.0916287899017334 0.6177895069122314 0.08902174979448318 0.594051202138265 0.0924978107213974 0.5726867516835531 0.10292597115039825 0.5548830032348633
0 0.4009976387023926 0.69375212987264 0.4044736623764038 0.6830698649088541 0.41577085852622986 0.6771353085835775 0.43575817346572876 0.6806960105895996 0.4453173279762268 0.6830698649088541 0.45487645268440247 0.6890044212341309 0.4644356369972229 0.6996866861979166 0.46964970231056213 0.7103688716888428 0.47225674986839294 0.7317333221435547 0.46878066658973694 0.7447894414265951 0.4653046429157257 0.7578455607096354 0.4418412744998932 0.7459762891133627 0.43141311407089233 0.737667957941691 0.4192469120025635 0.7246119181315104 0.4088187515735626 0.7091819445292155
2 0.4020811915397644 0.620144764582316 0.4117761254310608 0.612199862798055 0.4175930619239807 0.6174964904785156 0.41823941469192505 0.6289724508921305 0.4143614172935486 0.6342690785725912 0.40983712673187256 0.6333862940470377
2 0.4233383238315582 0.6545016765594482 0.42726850509643555 0.6518177191416422 0.4304617643356323 0.6528241634368896 0.4280053973197937 0.6591986020406088 0.42456650733947754 0.6608760356903076
2 0.3121384084224701 0.8719524542490641 0.315399169921875 0.8668626149495443 0.31772828102111816 0.8725887139638265 0.31446751952171326 0.8789509932200114
0 0.39062991738319397 0.8050847848256429 0.4095139503479004 0.8050847848256429 0.42390182614326477 0.7940309047698975 0.4355919063091278 0.7706951300303141 0.4418866038322449 0.7608696619669596 0.45897215604782104 0.7670105298360189 0.4715615212917328 0.7780644098917643 0.48415088653564453 0.7903463840484619 0.48774784803390503 0.7989437580108643 0.47785618901252747 0.8149103323618571 0.46616610884666443 0.8296487331390381 0.4562744200229645 0.8505280812581381 0.45267748832702637 0.8726356824239095 0.4436850845813751 0.8886023362477621 0.42210331559181213 0.8775484561920166 0.40861472487449646 0.865266482035319 0.3996223211288452 0.8517562548319498 0.3924283981323242 0.8382461865743002 0.38613370060920715 0.8284204800923666
0 0.46616610884666443 0.6822648048400879 0.4787554442882538 0.6687546571095785 0.4904455542564392 0.672439177831014 0.4976394772529602 0.6908621788024902 0.502135694026947 0.7203389803568522 0.509329617023468 0.7387619813283285 0.5246167182922363 0.7620978355407715 0.5327098369598389 0.7792925834655762 0.5255159735679626 0.7854336102803549 0.5129265785217285 0.7768361568450928 0.5075311660766602 0.7608696619669596 0.49674028158187866 0.7436747550964355 0.48594939708709717 0.7387619813283285 0.48145318031311035 0.7264800071716309 0.47695696353912354 0.7117416063944498 0.47336000204086304 0.6994595527648926
0 0.47336000204086304 0.7645541826883951 0.4796546995639801 0.7498157819112142 0.4931432902812958 0.751043955485026 0.502135694026947 0.7620978355407715 0.5048334002494812 0.7780644098917643 0.5003371834754944 0.7878899574279785 0.4904455542564392 0.7866617838541666 0.4832516610622406 0.7768361568450928
0 0.5084303617477417 0.8149103323618571 0.5183219909667969 0.8038565317789713 0.5264151692390442 0.7964873313903809 0.5372060537338257 0.7817489306131998 0.5426015257835388 0.7768361568450928 0.5443999767303467 0.792802651723226 0.5426015257835388 0.8112257321675619 0.5363068580627441 0.8296487331390381 0.5273144245147705 0.8419307072957357 0.516523540019989 0.8443872133890787 0.5084303617477417 0.8370179335276285
1 0.5614855885505676 0.5459345976511637 0.5632840394973755 0.5754114389419556 0.5623847842216492 0.5987472534179688 0.5758733749389648 0.6122574011484782 0.5848658084869385 0.6257676283518473 0.5902612209320068 0.6466469764709473 0.6046491265296936 0.6613854169845581 0.6199361681938171 0.6650699774424235 0.6352232098579407 0.6662982304890951 0.643316388130188 0.6687546571095785 0.65770423412323 0.657700777053833 0.6702935695648193 0.6491034030914307 0.6810845136642456 0.6392778158187866 0.6846814751625061 0.6245394547780355 0.6855807304382324 0.5926062266031901 0.6819837093353271 0.5483910242716471 0.6747897863388062 0.5311962366104126 0.6496110558509827 0.528739849726359 0.6325255036354065 0.5140014886856079 0.6235331296920776 0.5103169282277426 0.6055483222007751 0.5090886751810709 0.5893619656562805 0.5115450620651245 0.5776718854904175 0.5275116761525472
2 0.49674028158187866 0.2880127827326457 0.5003371834754944 0.27695898214975995 0.5102288722991943 0.2794153690338135 0.5111280679702759 0.2929255962371826 0.5048334002494812 0.29783837000528973
2 0.8646650910377502 0.6179031133651733 0.8683947324752808 0.614198366800944 0.8711072206497192 0.6206816832224528 0.8694118857383728 0.6239233016967773 0.8666994571685791 0.6243864297866821
2 0.23284105956554413 0.8518060048421224 0.24039366841316223 0.8454580307006836 0.24446046352386475 0.8565670649210612 0.23865075409412384 0.8652954896291097 0.23284105956554413 0.8621215025583903
0 0.9121349453926086 0.5625365575154623 0.9370965957641602 0.5540132522583008 0.9611667990684509 0.5491427580515543 0.9727560877799988 0.5491427580515543 0.9736475944519043 0.5783654848734537 0.971864640712738 0.6075881719589233 0.9772135615348816 0.6343756516774496 0.9781050682067871 0.6477693319320679 0.9665156602859497 0.6562925974527994 0.9558178782463074 0.6428989171981812 0.9379881024360657 0.6319403648376465 0.9237242937088013 0.6319403648376465 0.9148093461990356 0.61976424853007 0.9148093461990356 0.5990649064381918 0.9148093461990356 0.5808006922403971
0 0.21409977972507477 0.133937269449234 0.23727846145629883 0.1351548731327057 0.254216730594635 0.133937269449234 0.2533252537250519 0.14733099937438965 0.2551082372665405 0.1631599466005961 0.2551082372665405 0.1777712901433309 0.25154227018356323 0.19603546460469565 0.254216730594635 0.2142996390660604 0.2533252537250519 0.22647575537363687 0.2435188740491867 0.2301285664240519 0.22836358845233917 0.222822904586792 0.21766573190689087 0.2191700537999471 0.2185572236776352 0.20334112644195557 0.22301465272903442 0.1838593284289042 0.21944870054721832 0.17168323198954263 0.20964233577251434 0.15950711568196616 0.20696786046028137 0.14854862292607626
0 0.12138501554727554 1.0 0.12405947595834732 1.0 0.1302998960018158 0.9899181524912516 0.14367221295833588 0.9850477377573649 0.16685090959072113 0.9874829451243082 0.1802232265472412 0.9899181524912516 0.18111470341682434 1.0 0.18557214736938477 1.0 0.18111470341682434 1.0 0.16417644917964935 1.0 0.15258710086345673 1.0 0.13297437131404877 1.0
0 0.00994900707155466 1.0 0.042042579501867294 1.0 0.0741361454129219 1.0 0.08572549372911453 1.0 0.07948507368564606 1.0 0.06878721714019775 1.0 0.06165531650185585 0.994788646697998 0.05006596818566322 0.994788646697998 0.04115108773112297 1.0 0.03134471923112869 1.0 0.023321326822042465 1.0 0.01708091050386429 1.0
0 0.25154227018356323 0.9497369925181071 0.26313161849975586 0.939996083577474 0.2791784107685089 0.9266023635864258 0.29076775908470154 0.914426326751709 0.3041400909423828 0.9083382288614908 0.31305497884750366 0.9071205457051595 0.32375282049179077 0.9095557530721029 0.33623364567756653 0.9229495525360107 0.3397996127605438 0.9290375709533691 0.3317762017250061 0.9436489741007487 0.31572940945625305 0.9558250109354655 0.30859750509262085 0.9594779014587402 0.3023570775985718 0.964348316192627 0.2961166799068451 0.9619131088256836 0.28096139430999756 0.9655659198760986 0.2720465064048767 0.9716540177663168 0.26224014163017273 0.96678360303243
0 0.2756124436855316 0.9862653414408366 0.2827443480491638 0.9789597193400065 0.29076775908470154 0.9765245119730631 0.3005741238594055 0.9777420361836752 0.30503156781196594 0.9899181524912516 0.3059230446815491 1.0 0.2996826171875 1.0 0.29165923595428467 1.0 0.2854188084602356 1.0 0.2791784107685089 1.0
0 0.3915058970451355 0.9302551746368408 0.4013122618198395 0.9010325272878011 0.4084441661834717 0.8852035204569498 0.4227079749107361 0.8852035204569498 0.44321221113204956 0.8985973199208578 0.45747601985931396 0.9071205457051595 0.4726313054561615 0.9241671562194824 0.48065468668937683 0.946084181467692 0.4842206835746765 0.964348316192627 0.47887173295021057 0.9789597193400065 0.46728238463401794 0.9619131088256836 0.45658454298973083 0.9606955051422119 0.4414292275905609 0.9692188103993734 0.4298399090766907 0.9801772435506185 0.4200335443019867 0.994788646697998 0.4191420078277588 1.0 0.42181649804115295 1.0 0.41111865639686584 1.0 0.39418038725852966 1.0 0.3816995322704315 1.0 0.39239737391471863 1.0 0.3950718641281128 0.9801772435506185 0.3959633409976959 0.9582602977752686 0.3959633409976959 0.9448664983113607
0 0.4940270483493805 0.8133645057678223 0.48154619336128235 0.8243230183919271 0.4726313054561615 0.8364991346995035 0.4663909077644348 0.8523281415303549 0.46104195713996887 0.8681569894154867 0.45658454298973083 0.8852035204569498 0.45747601985931396 0.896162192026774 0.4663909077644348 0.9022501309712728 0.48154619336128235 0.9034677346547445 0.49224406480789185 0.890074094136556 0.4967014789581299 0.8742450873057047 0.4967014789581299 0.8620689709981283 0.5002674460411072 0.8462400436401367 0.49848446249961853 0.8279759089152018
0 0.559105634689331 0.7914474805196127 0.5751524567604065 0.7987531026204427 0.5929822325706482 0.8048412005106608 0.6090289950370789 0.8121469020843506 0.6250758171081543 0.8133645057678223 0.6348821520805359 0.8157997131347656 0.6446885466575623 0.8425871531168619 0.650037407875061 0.8645041783650717 0.6384481191635132 0.8766802151997884 0.6206183433532715 0.8925092220306396 0.6018970608711243 0.9046853383382162 0.5831758379936218 0.9119909604390463 0.5617801547050476 0.9339080651601156 0.5403843522071838 0.939996083577474 0.5154227614402771 0.9412137667338053 0.5038334131240845 0.9412137667338053 0.4895695745944977 0.9387784798940023 0.4868951141834259 0.9241671562194824 0.4877866208553314 0.9119909604390463 0.49581000208854675 0.9022501309712728 0.50472491979599 0.8852035204569498 0.5109652876853943 0.8645041783650717 0.5100738406181335 0.8523281415303549 0.5305780172348022 0.8535457452138265 0.5412759184837341 0.845022439956665 0.548407793045044 0.8231054147084554 0.5510822534561157 0.8072764078776041
0 0.5751524567604065 0.936343272527059 0.5885247588157654 0.9253847599029541 0.5992226600646973 0.9156438509623209 0.6099204421043396 0.9107734362284342 0.6170523762702942 0.9156438509623209 0.6348821520805359 0.9351256688435873 0.6402310729026794 0.9412137667338053 0.6491459608078003 0.9619131088256836 0.6366651058197021 0.9740892251332601 0.6152694225311279 0.9862653414408366 0.604571521282196 0.9935710430145264 0.5947651863098145 0.9887005488077799 0.5903077125549316 0.9765245119730631 0.5849587917327881 0.9680012067159017 0.5796099305152893 0.9594779014587402
0 0.6589523553848267 0.8340638478597006 0.6830225586891174 0.8243230183919271 0.6937203407287598 0.8218878110249838 0.6972863078117371 0.8340638478597006 0.691045880317688 0.8462400436401367 0.6758905649185181 0.8571985562642416 0.6660842299461365 0.8778978983561198 0.6598438024520874 0.8681569894154867 0.6562778353691101 0.8486752510070801
0 0.6723246574401855 0.8839859167734782 0.6741076111793518 0.9046853383382162 0.6821309924125671 0.9229495525360107 0.6919373869895935 0.9314728577931722 0.6990692615509033 0.9339080651601156 0.7079841494560242 0.9083382288614908 0.7160075902938843 0.8888564904530843 0.7293798923492432 0.8718098799387614 0.7338373064994812 0.8596336841583252 0.7231394648551941 0.8462400436401367 0.7088756561279297 0.8486752510070801 0.6937203407287598 0.8547633488972982 0.6839140057563782 0.8620689709981283 0.6767821311950684 0.873027483622233
0 0.41735905408859253 0.41764076550801593 0.43162286281585693 0.43712254365285236 0.4512355923652649 0.45903952916463214 0.46460792422294617 0.47852130730946857 0.4726313054561615 0.5101792017618815 0.4877866208553314 0.5247906049092611 0.502941906452179 0.535749077796936 0.5180972218513489 0.5540132522583008 0.528795063495636 0.5783654848734537 0.5377099514007568 0.5978472232818604 0.5439503788948059 0.6112409830093384 0.5448418259620667 0.6246347427368164 0.5341439843177795 0.6416812737782797 0.5225546360015869 0.6526397864023844 0.5127482414245605 0.6599454879760742 0.50472491979599 0.6526397864023844 0.4975929856300354 0.61976424853007 0.493135541677475 0.5881063143412272 0.473522812128067 0.5698422193527222 0.4619334638118744 0.5491427580515543 0.44945263862609863 0.5369666814804077 0.4271654188632965 0.5211377143859863 0.4200335443019867 0.5053087472915649 0.4102271497249603 0.4931326707204183 0.39061442017555237 0.4821741580963135 0.38615697622299194 0.46634523073832196 0.39328888058662415 0.445645809173584 0.4030952453613281 0.4261640707651774 0.4066612124443054 0.4188583691914876
0 0.7917840480804443 0.8778978983561198 0.8024818897247314 0.8645041783650717 0.8122882843017578 0.8803331851959229 0.8185286521911621 0.9059030214945475 0.829226553440094 0.9266023635864258 0.8417073488235474 0.9473017056783041 0.8532967567443848 0.9546074072519938 0.8631030917167664 0.9655659198760986 0.8791499137878418 0.9801772435506185 0.8898477554321289 0.9862653414408366 0.9014370441436768 0.9899181524912516 0.9183753728866577 0.9960062503814697 0.9281817078590393 1.0 0.9299647212028503 1.0 0.926398754119873 1.0 0.9192668199539185 1.0 0.9110295176506042 1.0 0.8604286313056946 1.0 0.8452733755111694 1.0 0.8247690796852112 1.0 0.8105052709579468 1.0 0.8024818897247314 0.9838301340738932 0.8006989359855652 0.9631307125091553 0.7989159226417542 0.9424312909444174 0.7980244159698486 0.9253847599029541 0.7953500151634216 0.9083382288614908 0.7944585084915161 0.891291618347168
0 0.7498841285705566 1.0 0.7436437010765076 1.0 0.7507755756378174 0.9972238540649414 0.7614734768867493 0.9887005488077799 0.7801946997642517 0.9862653414408366 0.7926754951477051 0.9874829451243082 0.803373396396637 1.0 0.809613823890686 1.0 0.8140712380409241 1.0
0 0.8898477554321289 0.7658776442209879 0.9014370441436768 0.7744009494781494 0.9174838662147522 0.7890122731526693 0.9317476749420166 0.7987531026204427 0.9326391816139221 0.8133645057678223 0.9228327870368958 0.817017396291097 0.9085689783096313 0.8084940910339355 0.8934136629104614 0.7975355784098307 0.8844988346099854 0.7780537605285645
1 0.0009765625 0.0013020833333333333 0.0009765625 0.0013020833333333333 0.0009765625 0.014611338575681051 0.0009765625 0.03896356622378031 0.0009765625 0.058445354302724205 0.0009765625 0.058445354302724205 0.0009765625 0.04556302229563395 0.0009765625 0.007305669287840526 0.0009765625 0.0013020833333333333
1 0.02599579282104969 0.0013020833333333333 0.03936811536550522 0.0013020833333333333 0.05184894800186157 0.0013020833333333333 0.0634382888674736 0.0013020833333333333 0.06611275672912598 0.0013020833333333333 0.0634382888674736 0.01826417197783788 0.04293406754732132 0.0206993967294693 0.03223620727658272 0.010958503931760788 0.025104302912950516 0.0013020833333333333 0.025104302912950516 0.0013020833333333333
1 0.0009765625 0.010958503931760788 0.010840495117008686 0.014611338575681051 0.02421281673014164 0.02435223013162613 0.02421281673014164 0.0620981901884079 0.02599579282104969 0.09132086237271626 0.005491566378623247 0.09010324875513713 0.0009765625 0.0876680314540863 0.0009765625 0.07183907926082611 0.0009765625 0.05966296295324961 0.0009765625 0.037745957573254905
1 0.03401918709278107 0.029222677151362102 0.05541490018367767 0.029222677151362102 0.0705701932311058 0.02800506850083669 0.07948507368564606 0.04870446026325226 0.09642335027456284 0.07549191514650981 0.10266377031803131 0.08401519060134888 0.08839995414018631 0.09497370322545369 0.077702097594738 0.10593220591545105 0.05808936059474945 0.1071498195330302 0.04115108773112297 0.10349698861440022 0.03491067513823509 0.09375608960787456 0.03223620727658272 0.06940385699272156 0.03223620727658272 0.05235729614893595
1 0.0009765625 0.07305668791135152 0.0009765625 0.0706214706103007 0.0009765625 0.09253847599029541 0.0009765625 0.11202027400334676 0.0009765625 0.14002533753712973 0.0009765625 0.1376179258028666 0.0009765625 0.10958502689997356 0.0009765625 0.10174361864725749 0.0009765625 0.07427431146303813
1 0.0009765625 0.15220144391059875 0.0009765625 0.15463666121164957 0.0009765625 0.1765536665916443 0.0009765625 0.19360023736953735 0.0009765625 0.21064678827921549 0.0009765625 0.2301285664240519 0.0009765625 0.2593512535095215 0.0009765625 0.30196766058603924 0.0009765625 0.31779662768046063 0.0009765625 0.3263198932011922 0.0009765625 0.3299727439880371 0.0009765625 0.30683809518814087 0.0009765625 0.266510804494222 0.0009765625 0.22160528103510538 0.0009765625 0.19360023736953735
1 0.0009765625 0.10227937499682109 0.013514959253370762 0.10227937499682109 0.02599579282104969 0.10836742321650188 0.040259599685668945 0.12054353952407837 0.057197876274585724 0.133937269449234 0.07324465364217758 0.14611337582270303 0.0848340094089508 0.16437755028406778 0.08839995414018631 0.18264172474543253 0.06967870891094208 0.18507695198059082 0.047391507774591446 0.1862945556640625 0.03580215945839882 0.18751217921574911 0.010840495117008686 0.1887298027674357 0.0009765625 0.18994740645090738 0.0009765625 0.174118439356486 0.0009765625 0.15828949213027954 0.0009765625 0.1448957622051239 0.0009765625 0.1266315976778666 0.0009765625 0.11323787768681844
1 0.07591912895441055 0.0013020833333333333 0.08572549372911453 0.0013020833333333333 0.10622971504926682 0.0013020833333333333 0.10979567468166351 0.0013020833333333333 0.11247013509273529 0.003652834643920263 0.11692757159471512 0.03165789941946665 0.12049353122711182 0.0535749097665151 0.11425311118364334 0.05966296295324961 0.10622971504926682 0.06818624337514241 0.09553185850381851 0.05479251344998678 0.08661697804927826 0.037745957573254905 0.077702097594738 0.023134618997573853 0.07235316932201385 0.012176115065813065 0.07235316932201385 0.0013020833333333333
1 0.11603608727455139 0.0013020833333333333 0.11960203945636749 0.0013020833333333333 0.12138501554727554 0.0024352228889862695 0.12405947595834732 0.021917007863521576 0.1302998960018158 0.051139687498410545 0.1338658481836319 0.0633157988389333 0.14367221295833588 0.07792713244756062 0.15615305304527283 0.08036236464977264 0.1588275134563446 0.0657510260740916 0.16774238646030426 0.04992206891377767 0.18111470341682434 0.0413987934589386 0.19537852704524994 0.034093121687571205 0.20607638359069824 0.02678745488325755 0.20518489181995392 0.006088057532906532 0.2007274627685547 0.0013020833333333333 0.18824662268161774 0.0013020833333333333 0.1793317347764969 0.0013020833333333333 0.173091322183609 0.0013020833333333333 0.15793602168560028 0.0013020833333333333 0.1445637047290802 0.0013020833333333333 0.13564881682395935 0.0013020833333333333 0.12940840423107147 0.0013020833333333333 0.13208286464214325 0.0013020833333333333
1 0.1757657825946808 0.0013020833333333333 0.18111470341682434 0.0013020833333333333 0.18913809955120087 0.0013020833333333333 0.19537852704524994 0.0013020833333333333 0.2042934149503708 0.0013020833333333333 0.20696786046028137 0.0013020833333333333 0.20964233577251434 0.0013020833333333333 0.2007274627685547 0.0013020833333333333 0.18557214736938477 0.0013020833333333333
1 0.25956568121910095 0.0013020833333333333 0.25956568121910095 0.0013020833333333333 0.2604571580886841 0.0013020833333333333 0.2675890326499939 0.007305669287840526 0.27650392055511475 0.013393727441628775 0.29433369636535645 0.014611338575681051 0.30146560072898865 0.013393727441628775 0.31840386986732483 0.008523280421892801 0.330884724855423 0.007305669287840526 0.33623364567756653 0.0013020833333333333 0.3344506621360779 0.0013020833333333333 0.330884724855423 0.0013020833333333333 0.32375282049179077 0.0013020833333333333 0.3148379325866699 0.0013020833333333333 0.29789966344833374 0.0013020833333333333 0.28452733159065247 0.0013020833333333333 0.27026352286338806 0.0013020833333333333
1 0.330884724855423 0.0013020833333333333 0.34336555004119873 0.0013020833333333333 0.34782296419143677 0.0013020833333333333 0.3522804379463196 0.003652834643920263 0.37189316749572754 0.004870445777972539 0.38615697622299194 0.006088057532906532 0.38972291350364685 0.0013020833333333333 0.3870484530925751 0.0013020833333333333 0.3808080554008484 0.0013020833333333333 0.3745676279067993 0.0013020833333333333 0.35762935876846313 0.0013020833333333333
1 0.3397996127605438 0.023134618997573853 0.3522804379463196 0.017046560843785603 0.36832723021507263 0.014611338575681051 0.38259100914001465 0.015828949709733326 0.39418038725852966 0.021917007863521576 0.3959633409976959 0.03531073530515035 0.38615697622299194 0.0535749097665151 0.3808080554008484 0.06453341245651245 0.3745676279067993 0.07183907926082611 0.36476126313209534 0.07305668791135152 0.35762935876846313 0.07305668791135152 0.3496059775352478 0.05722774068514506 0.345148503780365 0.04992206891377767
1 0.2221231758594513 0.03044028828541438 0.2292550653219223 0.021917007863521576 0.24441038072109222 0.012176115065813065 0.2613486349582672 0.015828949709733326 0.2720465064048767 0.03044028828541438 0.2756124436855316 0.04870446026325226 0.2756124436855316 0.0657510260740916 0.2720465064048767 0.0827975869178772 0.2649146020412445 0.10227937499682109 0.25867417454719543 0.11932592590649922 0.24441038072109222 0.12297876675923665 0.23103804886341095 0.12297876675923665 0.21231679618358612 0.12297876675923665 0.2114253044128418 0.10349698861440022 0.21588274836540222 0.08645041783650716 0.2185572236776352 0.06940385699272156 0.22034019231796265 0.046269237995147705
1 0.2863103151321411 0.0657510260740916 0.2818528711795807 0.08888564507166545 0.2747209668159485 0.11323787768681844 0.26580607891082764 0.1315020521481832 0.26669755578041077 0.14246055483818054 0.2782869338989258 0.16681277751922607 0.28452733159065247 0.18507695198059082 0.28809329867362976 0.19725306828816733 0.2996826171875 0.1996882756551107 0.3201868534088135 0.20334112644195557 0.3291017413139343 0.20334112644195557 0.3389081060886383 0.20334112644195557 0.35406339168548584 0.20821158091227213 0.36119529604911804 0.20455874999364218 0.36208680272102356 0.1838593284289042 0.36119529604911804 0.17046560843785605 0.35762935876846313 0.15707188844680786 0.34782296419143677 0.14002533753712973 0.3415825664997101 0.1278492013613383 0.33712512254714966 0.11689070860544841 0.3326677083969116 0.1071498195330302 0.32375282049179077 0.09984413782755534 0.3112719655036926 0.0876680314540863 0.2970081865787506 0.07427431146303813
1 0.1695253700017929 0.28005067507425946 0.17844025790691376 0.2581336498260498 0.1909210979938507 0.2483927607536316 0.20251043140888214 0.23743424812952676 0.21588274836540222 0.2301285664240519 0.23460400104522705 0.23986947536468506 0.24619334936141968 0.24473992983500162 0.2506507933139801 0.27274497350056964 0.2533252537250519 0.2946619987487793 0.24084441363811493 0.30683809518814087 0.22390614449977875 0.320231835047404 0.2087508589029312 0.33362555503845215 0.19537852704524994 0.33849600950876874 0.18468067049980164 0.3263198932011922 0.1757657825946808 0.30683809518814087
1 0.0009765625 0.34945448239644367 0.0009765625 0.33971365292867023 0.0009765625 0.3677186568578084 0.0009765625 0.39450613657633465 0.0009765625 0.40059419473012287 0.0009765625 0.396941343943278 0.0009765625 0.3774596055348714
1 0.0009765625 0.3421488602956136 0.0009765625 0.33362555503845215 0.005491566378623247 0.34945448239644367 0.026887280866503716 0.36650105317433673 0.03401918709278107 0.37989481290181476 0.02599579282104969 0.3872004747390747 0.00816603098064661 0.3823300202687581 0.0009765625 0.38598283131917316 0.0009765625 0.38111241658528644 0.0009765625 0.3677186568578084
1 0.0009765625 0.40911749998728436 0.0009765625 0.40911749998728436 0.0009765625 0.4261640707651774 0.011731983162462711 0.4651275873184204 0.021538352593779564 0.5004383325576782 0.026887280866503716 0.5308786233266195 0.02421281673014164 0.5564484596252441 0.009057518094778061 0.5783654848734537 0.007274542935192585 0.6161114374796549 0.007274542935192585 0.6343756516774496 0.0009765625 0.6416812737782797 0.0009765625 0.6428989171981812 0.0009765625 0.631599505742391 0.0009765625 0.5722774267196655 0.0009765625 0.4858270088831584 0.0009765625 0.4383401075998942
1 0.0009765625 0.4030294020970662 0.013514959253370762 0.39572374025980633 0.03491067513823509 0.39572374025980633 0.04650001972913742 0.3884180784225464 0.06878721714019775 0.393288532892863 0.08661697804927826 0.40181179841359455 0.09909781068563461 0.43103448549906415 0.10533823072910309 0.47243324915568036 0.10622971504926682 0.5053087472915649 0.09553185850381851 0.5211377143859863 0.07681061327457428 0.5247906049092611 0.057197876274585724 0.5260082085927328 0.03491067513823509 0.518702507019043 0.02777876704931259 0.5065263907114664 0.02242984063923359 0.4809565544128418 0.014406447298824787 0.448081096013387 0.007274542935192585 0.43103448549906415 0.001925614313222468 0.4188583691914876
1 0.013514959253370762 0.19725306828816733 0.05184894800186157 0.198470671971639 0.07859358936548233 0.19360023736953735 0.09107441455125809 0.20090589920679727 0.09820632636547089 0.21673484643300375 0.10890419036149979 0.22525813182195029 0.1267339438199997 0.25082798798878986 0.13564881682395935 0.2739625771840413 0.13654030859470367 0.2910091479619344 0.1231679916381836 0.3165789842605591 0.11157865077257156 0.3311903476715088 0.09909781068563461 0.34336646397908527 0.08750846982002258 0.3604129950205485 0.08839995414018631 0.3823300202687581 0.07591912895441055 0.38111241658528644 0.058980848640203476 0.37380675474802655 0.047391507774591446 0.36528344949086505 0.02064686268568039 0.3470192750295003 0.007274542935192585 0.3348431984583537 0.0009765625 0.31779662768046063 0.0009765625 0.3056204915046692 0.023321326822042465 0.295879602432251 0.03758513554930687 0.28857394059499103 0.04828299582004547 0.27518022060394287 0.05095745995640755 0.26056885719299316 0.042042579501867294 0.2556984027226766 0.03134471923112869 0.25082798798878986 0.02599579282104969 0.24961036443710327 0.019755376502871513 0.23865185181299844 0.010840495117008686 0.22525813182195029 0.0037085902877151966 0.21673484643300375 0.0009765625 0.2094291845957438 0.001925614313222468 0.20090589920679727
1 0.11603608727455139 0.3470192750295003 0.12495096772909164 0.3518897294998169 0.1338658481836319 0.3555425802866618 0.14545518159866333 0.34945448239644367 0.1659594178199768 0.34458406766255695 0.17754876613616943 0.3360607624053955 0.16328494250774384 0.3104909261067708 0.1623934656381607 0.2849211096763611 0.1552615612745285 0.27639782428741455 0.14545518159866333 0.2532631953557332 0.137431800365448 0.23865185181299844 0.12495096772909164 0.222822904586792 0.11960203945636749 0.2301285664240519 0.13119138777256012 0.24717513720194498 0.13921478390693665 0.26543931166330975 0.14278073608875275 0.2837035059928894 0.1409977525472641 0.30075005690256756 0.13654030859470367 0.3104909261067708 0.12851692736148834 0.32388466596603394 0.12138501554727554 0.3360607624053955
1 0.13921478390693665 0.36893630027770996 0.15971900522708893 0.3604129950205485 0.1757657825946808 0.3531073331832886 0.1873551309108734 0.3506721258163452 0.19537852704524994 0.37989481290181476 0.2007274627685547 0.4127703507741292 0.20161893963813782 0.4346872965494792 0.2087508589029312 0.4492986599604289 0.2221231758594513 0.46147477626800537 0.21409977972507477 0.4809565544128418 0.20340190827846527 0.5077439943949381 0.19448703527450562 0.5162672996520996 0.1757657825946808 0.5174849033355713 0.15971900522708893 0.5162672996520996 0.1409977525472641 0.5089615980784098 0.12584245204925537 0.5077439943949381 0.11514459550380707 0.5028735399246216 0.11157865077257156 0.47243324915568036 0.11157865077257156 0.45903952916463214 0.12584245204925537 0.4419929583867391 0.1338658481836319 0.4225112199783325 0.1409977525472641 0.40911749998728436 0.14634668827056885 0.393288532892863
1 0.03580215945839882 0.5296610196431478 0.0527404360473156 0.5369666814804077 0.06522126495838165 0.5369666814804077 0.09196591377258301 0.532096266746521 0.09642335027456284 0.5381842851638794 0.09374888986349106 0.5527956485748291 0.08750846982002258 0.5649717648824056 0.0848340094089508 0.5820182959238688 0.08215953409671783 0.594194491704305 0.07324465364217758 0.5929768085479736 0.05541490018367767 0.5832358996073405 0.04471703991293907 0.5783654848734537 0.03134471923112869 0.571059783299764 0.03312769532203674 0.5588837464650472 0.03312769532203674 0.5454899470011393
1 0.10355525463819504 0.5308786233266195 0.11157865077257156 0.5162672996520996 0.12584245204925537 0.518702507019043 0.14545518159866333 0.5260082085927328 0.15258710086345673 0.5308786233266195 0.14010626077651978 0.5442723433176676 0.1231679916381836 0.5369666814804077
1 0.13832329213619232 0.5588837464650472 0.15258710086345673 0.5454899470011393 0.16506794095039368 0.5308786233266195 0.18289770185947418 0.5272258122762045 0.2007274627685547 0.5369666814804077 0.2078593522310257 0.5588837464650472 0.2185572236776352 0.5783654848734537 0.23549549281597137 0.595412015914917 0.24173590540885925 0.6185466448465983 0.23549549281597137 0.6319403648376465 0.2256891131401062 0.6477693319320679 0.21677424013614655 0.6599454879760742 0.20696786046028137 0.672121524810791 0.1909210979938507 0.6855152448018392 0.18111470341682434 0.6879505316416422 0.1695253700017929 0.6867329279581705 0.1623934656381607 0.6660335063934326 0.15971900522708893 0.6246347427368164 0.15258710086345673 0.6027177572250366 0.14367221295833588 0.5844535032908121 0.13921478390693665 0.5747126340866089
1 0.16150197386741638 0.7330021063486735 0.16506794095039368 0.7159555753072103 0.17398281395435333 0.7037794589996338 0.18646365404129028 0.6976913611094157 0.2042934149503708 0.6855152448018392 0.2185572236776352 0.672121524810791 0.23460400104522705 0.6428989171981812 0.24975930154323578 0.6185466448465983 0.254216730594635 0.6112409830093384 0.2782869338989258 0.6075881719589233 0.29879114031791687 0.6063705285390218 0.3139464557170868 0.6100233793258667 0.3175123929977417 0.6209818522135416 0.31840386986732483 0.6343756516774496 0.3023570775985718 0.6428989171981812 0.2818528711795807 0.6441165208816528 0.2684805691242218 0.6526397864023844 0.2551082372665405 0.6709040006001791 0.24084441363811493 0.6891681353251139 0.2399529367685318 0.7342197100321451 0.22747209668159485 0.7317845026652018 0.21231679618358612 0.7281316121419271 0.19983597099781036 0.7366549173990885 0.19181257486343384 0.74517822265625 0.17844025790691376 0.7500487168629965 0.1695253700017929 0.7549192110697428 0.1623934656381607 0.7537015279134115
1 0.0009765625 0.6441165208816528 0.0009765625 0.6514221827189127 0.0009765625 0.6514221827189127 0.010840495117008686 0.6514221827189127 0.02242984063923359 0.6623806953430176 0.03580215945839882 0.6818624337514242 0.05095745995640755 0.7025618553161621 0.05808936059474945 0.7147379716237386 0.058980848640203476 0.7256964047749838 0.053631920367479324 0.7390902042388916 0.043825555592775345 0.7439606189727783 0.036693647503852844 0.7281316121419271 0.026887280866503716 0.7123027642567953 0.011731983162462711 0.7037794589996338 0.0009765625 0.695256233215332 0.0009765625 0.6867329279581705 0.0009765625 0.6928209463755289 0.0009765625 0.6968146959940592 0.0009765625 0.6794273058573405 0.0009765625 0.6640203793843588 0.0009765625 0.6514221827189127
1 0.26224014163017273 0.16924800475438437 0.27026352286338806 0.17046560843785605 0.27739545702934265 0.18751217921574911 0.2782869338989258 0.20334112644195557 0.27026352286338806 0.21795246998469034 0.2604571580886841 0.22891096274058023 0.25956568121910095 0.20334112644195557 0.2604571580886841 0.1887298027674357
1 0.2551082372665405 0.25082798798878986 0.2675890326499939 0.23743424812952676 0.28096139430999756 0.21795246998469034 0.28720182180404663 0.21064678827921549 0.30859750509262085 0.2094291845957438 0.33355918526649475 0.21551724274953207 0.34693148732185364 0.2191700537999471 0.3522804379463196 0.24108707904815674 0.3522804379463196 0.27274497350056964 0.3496059775352478 0.295879602432251 0.34336555004119873 0.31292617321014404 0.32553577423095703 0.3165789842605591 0.3103804886341095 0.30683809518814087 0.2889847755432129 0.2995324532190959 0.26937204599380493 0.2910091479619344 0.2604571580886841 0.2788330316543579
1 0.2007274627685547 0.3543249766031901 0.2114253044128418 0.3409312168757121 0.23192954063415527 0.32875510056813556 0.25243377685546875 0.3117085297902425 0.26313161849975586 0.30196766058603924 0.2818528711795807 0.3056204915046692 0.3005741238594055 0.31779662768046063 0.31662091612815857 0.32266706228256226 0.33623364567756653 0.32266706228256226 0.3460400104522705 0.32875510056813556 0.3531719148159027 0.3518897294998169 0.34782296419143677 0.37989481290181476 0.3397996127605438 0.4042470455169678 0.32999321818351746 0.42129357655843097 0.31929534673690796 0.4346872965494792 0.3059230446815491 0.43712254365285236 0.2863103151321411 0.43103448549906415 0.2675890326499939 0.43712254365285236 0.25599971413612366 0.44686341285705566 0.2435188740491867 0.45173386732737225 0.22658061981201172 0.45173386732737225 0.21677424013614655 0.445645809173584 0.2087508589029312 0.4261640707651774 0.2042934149503708 0.3872004747390747
1 0.3629782795906067 0.2544807990392049 0.3888314366340637 0.26056885719299316 0.412010133266449 0.2690921425819397 0.42805689573287964 0.2788330316543579 0.4235994815826416 0.2934443950653076 0.4102271497249603 0.30683809518814087 0.3986378014087677 0.3275374968846639 0.39239737391471863 0.3409312168757121 0.3701101839542389 0.33971365292867023 0.35762935876846313 0.3360607624053955 0.3522804379463196 0.3214494585990906 0.3522804379463196 0.30927332242329914 0.35852086544036865 0.28857394059499103 0.3603038191795349 0.27152736981709796
1 0.37278464436531067 0.15950711568196616 0.37545913457870483 0.19116501013437906 0.3879399597644806 0.2094291845957438 0.4084441661834717 0.2118644118309021 0.43251436948776245 0.2118644118309021 0.45034411549568176 0.21064678827921549 0.47173982858657837 0.19603546460469565 0.4860036373138428 0.1765536665916443 0.493135541677475 0.15098383029301962 0.4868951141834259 0.11567309498786926 0.47798025608062744 0.08157997330029805 0.47084832191467285 0.05601013700167338 0.45301857590675354 0.051139687498410545 0.4485611319541931 0.05601013700167338 0.43608030676841736 0.07792713244756062 0.4191420078277588 0.10958502689997356 0.4084441661834717 0.13271965583165488 0.3959633409976959 0.15220144391059875 0.3843740224838257 0.15707188844680786
1 0.4761972725391388 0.02678745488325755 0.4842206835746765 0.010958503931760788 0.4967014789581299 0.0013020833333333333 0.5065078735351562 0.0013020833333333333 0.5225546360015869 0.0013020833333333333 0.5386013984680176 0.0013020833333333333 0.5510822534561157 0.0013020833333333333 0.559105634689331 0.0013020833333333333 0.5564311742782593 0.006088057532906532 0.5457333326339722 0.025569843749205273 0.5350354909896851 0.04018118232488632 0.5198801755905151 0.051139687498410545 0.5002674460411072 0.051139687498410545 0.4868951141834259 0.05479251344998678 0.47887173295021057 0.05479251344998678 0.47530579566955566 0.04870446026325226
1 0.493135541677475 0.0657510260740916 0.5136398077011108 0.0657510260740916 0.5359269976615906 0.05722774068514506 0.5475163459777832 0.04018118232488632 0.5617801547050476 0.013393727441628775 0.5662375092506409 0.0013020833333333333 0.576043963432312 0.0013020833333333333 0.5920906662940979 0.0013020833333333333 0.6125949621200562 0.0013020833333333333 0.6170523762702942 0.0024352228889862695 0.6170523762702942 0.03165789941946665 0.6117033958435059 0.058445354302724205 0.6063545346260071 0.07792713244756062 0.6018970608711243 0.09740892052650452 0.5929822325706482 0.11445548137029012 0.574260950088501 0.12297876675923665 0.5537567734718323 0.11689070860544841 0.5368184447288513 0.11445548137029012 0.5225546360015869 0.11202027400334676 0.502941906452179 0.11445548137029012 0.4949185252189636 0.10958502689997356 0.4877866208553314 0.09619130690892537 0.4860036373138428 0.07914474606513977
1 0.6143779158592224 0.08888564507166545 0.6295332312583923 0.08888564507166545 0.6286417245864868 0.11932592590649922 0.6313162446022034 0.1351548731327057 0.6250758171081543 0.15463666121164957 0.6170523762702942 0.17168323198954263 0.6036800742149353 0.1631599466005961 0.5911992192268372 0.15220144391059875 0.5822843313217163 0.14367815852165222 0.5822843313217163 0.1351548731327057 0.5911992192268372 0.1278492013613383 0.6027885675430298 0.11689070860544841 0.6063545346260071 0.1047145922978719
1 0.6010056138038635 0.0013020833333333333 0.6081374883651733 0.0013020833333333333 0.624184250831604 0.0013020833333333333 0.6402310729026794 0.0013020833333333333 0.6634097099304199 0.0013020833333333333 0.6803480386734009 0.0013020833333333333 0.6963948607444763 0.0013020833333333333 0.7275968790054321 0.0013020833333333333 0.7329457998275757 0.0013020833333333333 0.7240309715270996 0.0013020833333333333 0.6981778144836426 0.0013020833333333333 0.6678671836853027 0.0013020833333333333 0.6393396258354187 0.0013020833333333333 0.624184250831604 0.0013020833333333333 0.6152694225311279 0.0013020833333333333
1 0.5189886689186096 0.2739625771840413 0.5323610305786133 0.27639782428741455 0.5350354909896851 0.30075005690256756 0.533252477645874 0.33240795135498047 0.5296865701675415 0.3458016713460286 0.5163142085075378 0.33240795135498047 0.5011589527130127 0.320231835047404 0.49224406480789185 0.3031852642695109 0.48511216044425964 0.28126827875773114 0.4868951141834259 0.27152736981709796 0.4975929856300354 0.26665693521499634
1 0.5439503788948059 0.27639782428741455 0.5608886480331421 0.26056885719299316 0.58050137758255 0.24352230628331503 0.5947651863098145 0.2325637936592102 0.6027885675430298 0.22891096274058023 0.6170523762702942 0.2349990208943685 0.6339906454086304 0.2459575335184733 0.641122579574585 0.25691600640614826 0.6446885466575623 0.2849211096763611 0.643796980381012 0.30805571873982746 0.6330991983413696 0.32266706228256226 0.6268587708473206 0.32875510056813556 0.6018970608711243 0.3275374968846639 0.5840672850608826 0.3311903476715088 0.5689120292663574 0.33971365292867023 0.554648220539093 0.3421488602956136 0.5448418259620667 0.3421488602956136 0.5421674251556396 0.3251022696495056 0.5439503788948059 0.3044028878211975
1 0.6143779158592224 0.1838593284289042 0.6250758171081543 0.1765536665916443 0.6339906454086304 0.15828949213027954 0.6375565528869629 0.14367815852165222 0.6482544541358948 0.1315020521481832 0.6607353091239929 0.1290668249130249 0.6856969594955444 0.13028442859649658 0.7026352882385254 0.13028442859649658 0.712441623210907 0.14976622660954794 0.712441623210907 0.1777712901433309 0.7044182419776917 0.20334112644195557 0.691045880317688 0.21551724274953207 0.68658846616745 0.2349990208943685 0.6821309924125671 0.25082798798878986 0.6812394857406616 0.2690921425819397 0.6812394857406616 0.29222675164540607 0.67143315076828 0.3044028878211975 0.6527119278907776 0.29831480979919434 0.650037407875061 0.26543931166330975 0.643796980381012 0.2459575335184733 0.6339906454086304 0.2349990208943685 0.6134864687919617 0.222822904586792 0.6027885675430298 0.2191700537999471 0.6081374883651733 0.20334112644195557
1 0.6232928037643433 0.3543249766031901 0.6339906454086304 0.33727840582529706 0.6464715003967285 0.32266706228256226 0.6598438024520874 0.3141437768936157 0.6723246574401855 0.3141437768936157 0.6839140057563782 0.31292617321014404 0.6963948607444763 0.32875510056813556 0.7088756561279297 0.33727840582529706 0.716899037361145 0.3531073331832886 0.716899037361145 0.38111241658528644 0.7195734977722168 0.4042470455169678 0.7160075902938843 0.41642316182454425 0.691045880317688 0.4261640707651774 0.6776735782623291 0.44077539443969727 0.6625182628631592 0.45173386732737225 0.647363007068634 0.46390998363494873 0.6357735991477966 0.46756283442179364 0.6286417245864868 0.4395577907562256 0.624184250831604 0.4139879544576009 0.6250758171081543 0.393288532892863 0.6268587708473206 0.372589111328125
1 0.691045880317688 0.25082798798878986 0.7026352882385254 0.26056885719299316 0.7160075902938843 0.26422170797983807 0.7293798923492432 0.2630041042963664 0.7436437010765076 0.24473992983500162 0.7525585293769836 0.2301285664240519 0.7632564306259155 0.2094291845957438 0.7677139043807983 0.19603546460469565 0.7703883051872253 0.18142410119374594 0.7775202393531799 0.17168323198954263 0.783760666847229 0.1607247292995453 0.7864351272583008 0.18142410119374594 0.7873266339302063 0.19116501013437906 0.7784116864204407 0.20821158091227213 0.7775202393531799 0.22891096274058023 0.7846521139144897 0.2556984027226766 0.788218080997467 0.27639782428741455 0.7873266339302063 0.2934443950653076 0.7757372856140137 0.30927332242329914 0.7659308910369873 0.32388466596603394 0.7587989568710327 0.3251022696495056 0.740969181060791 0.3214494585990906 0.7347288131713867 0.33362555503845215 0.7258139252662659 0.3458016713460286 0.715116024017334 0.3360607624053955 0.7088756561279297 0.3165789842605591 0.692828893661499 0.30805571873982746 0.6856969594955444 0.2995324532190959 0.6883714199066162 0.2788330316543579 0.6901544332504272 0.26422170797983807
1 0.7677139043807983 0.33849600950876874 0.7757372856140137 0.3251022696495056 0.7855436205863953 0.3117085297902425 0.7935670614242554 0.3056204915046692 0.8060478568077087 0.3044028878211975 0.8140712380409241 0.3153613805770874 0.8060478568077087 0.33362555503845215 0.7980244159698486 0.34458406766255695 0.783760666847229 0.3604129950205485 0.7739543318748474 0.3774596055348714 0.766822338104248 0.3713715076446533 0.766822338104248 0.3531073331832886
1 0.8194202184677124 0.2995324532190959 0.8327925205230713 0.2849211096763611 0.8452733755111694 0.2739625771840413 0.8595371246337891 0.2593512535095215 0.8711265325546265 0.2581336498260498 0.8827158212661743 0.2739625771840413 0.8880647420883179 0.2995324532190959 0.8862817883491516 0.3214494585990906 0.8782584071159363 0.33971365292867023 0.8782584071159363 0.3604129950205485 0.8675605058670044 0.3604129950205485 0.8470563292503357 0.3531073331832886 0.8319010138511658 0.34458406766255695 0.8194202184677124 0.33240795135498047 0.8203116655349731 0.3153613805770874
1 0.8853902816772461 0.2459575335184733 0.8978711366653442 0.23378141721089682 0.9085689783096313 0.2301285664240519 0.9183753728866577 0.23378141721089682 0.9326391816139221 0.23986947536468506 0.9433370232582092 0.24473992983500162 0.9567093253135681 0.26056885719299316 0.9638412594795227 0.2703097462654114 0.9665156602859497 0.28126827875773114 0.9682987332344055 0.2946619987487793 0.9665156602859497 0.30196766058603924 0.9522519111633301 0.3251022696495056 0.9495774507522583 0.33849600950876874 0.9353136420249939 0.34458406766255695 0.9157009124755859 0.3506721258163452 0.8951966166496277 0.3518897294998169 0.8889562487602234 0.3506721258163452 0.8934136629104614 0.3348431984583537 0.8960881233215332 0.30927332242329914 0.8943051695823669 0.2849211096763611 0.8898477554321289 0.267874538898468 0.8871732354164124 0.2581336498260498
1 0.20251043140888214 0.5247906049092611 0.21320828795433044 0.4931326707204183 0.22390614449977875 0.47365085283915204 0.23816995322704315 0.46269237995147705 0.24886780977249146 0.4712156454722087 0.2506507933139801 0.483391801516215 0.24530185759067535 0.49922072887420654 0.23727846145629883 0.5235730012257894 0.22301465272903442 0.5345314741134644 0.2114253044128418 0.5345314741134644
1 0.21766573190689087 0.5491427580515543 0.2292550653219223 0.5686246156692505 0.23816995322704315 0.5856711864471436 0.2470848262310028 0.6015001138051351 0.2675890326499939 0.6015001138051351 0.2934421896934509 0.5978472232818604 0.30859750509262085 0.5966296195983887 0.32286134362220764 0.6002825101216634 0.3273187577724457 0.5905416011810303 0.3317762017250061 0.5820182959238688 0.33355918526649475 0.5613189538319906 0.33623364567756653 0.5394018888473511 0.3389081060886383 0.5296610196431478 0.3273187577724457 0.5199201107025146 0.3139464557170868 0.5126144091288248 0.2889847755432129 0.5016559759775797 0.27739545702934265 0.49556787808736164 0.26669755578041077 0.4931326707204183 0.25867417454719543 0.49556787808736164 0.2506507933139801 0.5150496959686279 0.24262739717960358 0.532096266746521 0.23103804886341095 0.5418371359507242
1 0.043825555592775345 0.7683128515879313 0.058980848640203476 0.7537015279134115 0.06878721714019775 0.7463959058125814 0.08839995414018631 0.7488311131795248 0.09909781068563461 0.7537015279134115 0.12227649986743927 0.7622248331705729 0.12851692736148834 0.7792713642120361 0.12851692736148834 0.7963178952534994 0.13564881682395935 0.8279759089152018 0.14991262555122375 0.8535457452138265 0.1588275134563446 0.873027483622233 0.16685090959072113 0.8925092220306396 0.18646365404129028 0.9071205457051595 0.1900295913219452 0.9205142656962076 0.1909210979938507 0.9387784798940023 0.1900295913219452 0.9570426146189371 0.18289770185947418 0.96678360303243 0.16685090959072113 0.96678360303243 0.15258710086345673 0.9631307125091553 0.1338658481836319 0.964348316192627 0.11871055513620377 0.964348316192627 0.10622971504926682 0.9606955051422119 0.08750846982002258 0.9533898035685221 0.08929144591093063 0.9473017056783041 0.09553185850381851 0.9205142656962076 0.09196591377258301 0.896162192026774 0.0848340094089508 0.8693745930989584 0.07859358936548233 0.8596336841583252 0.0670042484998703 0.8547633488972982 0.053631920367479324 0.8559809525807699 0.047391507774591446 0.8462400436401367 0.05095745995640755 0.8255407015482584 0.05006596818566322 0.799970785776774 0.047391507774591446 0.7804889678955078
1 0.0010341261513531208 0.8389343420664469 0.026887280866503716 0.8511103789011637 0.040259599685668945 0.8596336841583252 0.040259599685668945 0.8791155815124512 0.019755376502871513 0.8681569894154867 0.005491566378623247 0.8620689709981283 0.0009765625 0.8596336841583252 0.0009765625 0.8511103789011637
1 0.077702097594738 0.9582602977752686 0.09285739809274673 0.9704364140828451 0.10979567468166351 0.9728716214497884 0.11603608727455139 0.9801772435506185 0.11157865077257156 0.9972238540649414 0.10801269114017487 1.0 0.10088079422712326 1.0 0.09107441455125809 1.0 0.07681061327457428 0.9984414577484131 0.06789573282003403 0.9899181524912516 0.0741361454129219 0.9728716214497884
1 0.18913809955120087 0.9777420361836752 0.20340190827846527 0.9594779014587402 0.21588274836540222 0.9497369925181071 0.23371250927448273 0.9570426146189371 0.2399529367685318 0.9619131088256836 0.254216730594635 0.9692188103993734 0.26313161849975586 0.9838301340738932 0.26580607891082764 1.0 0.2827443480491638 1.0 0.2854188084602356 1.0 0.24975930154323578 1.0 0.2328210175037384 1.0 0.2078593522310257 1.0 0.19537852704524994 1.0 0.1900295913219452 1.0 0.1900295913219452 0.9960062503814697
1 0.3005741238594055 1.0 0.3077060282230377 1.0 0.3148379325866699 1.0 0.3112719655036926 0.9838301340738932 0.31662091612815857 0.9704364140828451 0.330884724855423 0.9594779014587402 0.345148503780365 0.9473017056783041 0.3558463752269745 0.9387784798940023 0.371001660823822 0.9387784798940023 0.3816995322704315 0.9436489741007487 0.38615697622299194 0.9582602977752686 0.38615697622299194 0.9838301340738932 0.37902507185935974 1.0 0.37278464436531067 1.0 0.36255037784576416 1.0 0.33712512254714966 1.0 0.32553577423095703 1.0
1 0.2568911910057068 0.7731833457946777 0.27650392055511475 0.7853594621022543 0.2961166799068451 0.7987531026204427 0.29789966344833374 0.8194526036580404 0.2961166799068451 0.8584160804748535 0.29522520303726196 0.891291618347168 0.2934421896934509 0.9046853383382162 0.26937204599380493 0.914426326751709 0.25867417454719543 0.9290375709533691 0.2435188740491867 0.936343272527059 0.22658061981201172 0.936343272527059 0.21231679618358612 0.9339080651601156 0.20251043140888214 0.9302551746368408 0.19894446432590485 0.9156438509623209 0.2078593522310257 0.9046853383382162 0.21766573190689087 0.8827683130900065 0.2185572236776352 0.8608514467875162 0.2221231758594513 0.8377167383829752 0.22658061981201172 0.817017396291097 0.24084441363811493 0.7914474805196127 0.24797631800174713 0.7817066510518392
1 0.3068145513534546 0.8097116947174072 0.32553577423095703 0.8133645057678223 0.345148503780365 0.8194526036580404 0.3629782795906067 0.8267582257588705 0.37991654872894287 0.8304111162821451 0.39239737391471863 0.8535457452138265 0.40398675203323364 0.8791155815124512 0.3986378014087677 0.890074094136556 0.38972291350364685 0.9095557530721029 0.38259100914001465 0.9241671562194824 0.3638697564601898 0.9229495525360107 0.35495489835739136 0.9205142656962076 0.33623364567756653 0.9071205457051595 0.3201868534088135 0.8985973199208578 0.3059230446815491 0.894944429397583 0.3032485842704773 0.8718098799387614 0.30503156781196594 0.8389343420664469
1 0.32999321818351746 0.6112409830093384 0.33712512254714966 0.595412015914917 0.3638697564601898 0.5856711864471436 0.3808080554008484 0.5686246156692505 0.39418038725852966 0.5515780448913574 0.3986378014087677 0.5211377143859863 0.39328888058662415 0.5040911436080933 0.39328888058662415 0.49556787808736164 0.41111865639686584 0.5065263907114664 0.4209250211715698 0.5272258122762045 0.43518880009651184 0.5430547396341959 0.45034411549568176 0.5588837464650472 0.4619334638118744 0.5722774267196655 0.47798025608062744 0.594194491704305 0.4860036373138428 0.608805775642395 0.48511216044425964 0.61976424853007 0.4619334638118744 0.61976424853007 0.44588667154312134 0.6112409830093384 0.42805689573287964 0.6027177572250366 0.40755268931388855 0.6051529248555502 0.39952927827835083 0.6100233793258667 0.3888314366340637 0.6270699501037598 0.39061442017555237 0.6355932553609213 0.39685481786727905 0.6526397864023844 0.39774632453918457 0.6648159027099609 0.3915058970451355 0.6879505316416422 0.39061442017555237 0.7049970626831055 0.3808080554008484 0.7098675568898519 0.3745676279067993 0.7098675568898519 0.36565274000167847 0.6879505316416422 0.3567378520965576 0.6672511100769043 0.3460400104522705 0.6428989171981812 0.3397996127605438 0.6331579685211182
1 0.36119529604911804 0.7585719426472982 0.3629782795906067 0.7366549173990885 0.37635061144828796 0.7256964047749838 0.3852654993534088 0.7220436731974283 0.39685481786727905 0.720825990041097 0.40755268931388855 0.7281316121419271 0.41825053095817566 0.7390902042388916 0.4307313859462738 0.7512663205464681 0.4298399090766907 0.7658776442209879 0.4235994815826416 0.7804889678955078 0.4164675772190094 0.7877946694691976 0.4057697057723999 0.7914474805196127 0.39239737391471863 0.7877946694691976 0.3834824860095978 0.7768361568450928 0.37189316749572754 0.7719656626383463 0.366544246673584 0.769530455271403
1 0.4262739419937134 0.6112409830093384 0.44321221113204956 0.61976424853007 0.46015048027038574 0.6282875537872314 0.48065468668937683 0.6343756516774496 0.4913525879383087 0.6343756516774496 0.5011589527130127 0.6623806953430176 0.5020503997802734 0.6696863969167074 0.4868951141834259 0.6611630916595459 0.4761972725391388 0.6599454879760742 0.4619334638118744 0.668468713760376 0.44766965508461 0.6709040006001791 0.43608030676841736 0.6696863969167074 0.4129016101360321 0.6672511100769043 0.4030952453613281 0.6611630916595459 0.39774632453918457 0.6392460664113363 0.3953627645969391 0.6269699732462565 0.39645129442214966 0.6202794710795084 0.40515974164009094 0.6121022701263428 0.4155009984970093 0.6076420148213705
1 0.5042181611061096 0.6804935932159424 0.5112937688827515 0.6775200366973877 0.5281663537025452 0.6871840159098307 0.5395961403846741 0.6931311289469401 0.5515702366828918 0.6998216311136881 0.5493931770324707 0.7146892547607422 0.5412289500236511 0.736990769704183 0.5374190211296082 0.7570621172587076 0.5346976518630981 0.7704431215922037 0.5232678651809692 0.745911439259847 0.5140151381492615 0.7317871252695719 0.5069395303726196 0.7139458656311035 0.5042181611061096 0.6983348528544108
1 0.5156479477882385 0.6685994466145834 0.5249006748199463 0.6567053000132242 0.5395961403846741 0.6440678437550863 0.5477603077888489 0.6321736574172974 0.5537473559379578 0.6173059940338135 0.5608229637145996 0.6076420148213705 0.5700756907463074 0.6143324375152588 0.5760626792907715 0.6299434900283813 0.5804169178009033 0.6448111534118652 0.5847711563110352 0.661909023920695 0.5776955485343933 0.6745465596516927 0.5657213926315308 0.6879274845123291 0.5564687252044678 0.6961046854654948 0.5461274981498718 0.6916443506876627 0.540684700012207 0.6879274845123291 0.5276220440864563 0.6819803714752197 0.5232678651809692 0.6790068944295248
1 0.6255919337272644 0.0013020833333333333 0.6212376356124878 0.01516503095626831 0.6212376356124878 0.038953314224878945 0.6185163259506226 0.05753791332244873 0.6136177778244019 0.07612250745296478 0.6152506470680237 0.08281296491622925 0.6255919337272644 0.07909603913625081 0.6348446011543274 0.06645851333936055 0.6435530185699463 0.05530776083469391 0.6391988396644592 0.04415700336297353 0.6337560415267944 0.030776093403498333 0.6283132433891296 0.015908415118853252
1 0.41658955812454224 0.4054416020711263 0.4231208860874176 0.3853701750437419 0.4345507025718689 0.3764495849609375 0.4410820007324219 0.36306869983673096 0.4492461681365967 0.3392804066340129 0.46176454424858093 0.336306889851888 0.47482720017433167 0.3407671848932902 0.47537145018577576 0.3504311641057332 0.47210580110549927 0.3697591225306193 0.4715615212917328 0.38834373156229657 0.4715615212917328 0.4076717694600423 0.4710172712802887 0.42625629901885986 0.46448594331741333 0.43815048535664874 0.45305609703063965 0.44409751892089844 0.44434767961502075 0.44335416952768963 0.43291789293289185 0.4225393931070964 0.42203232645988464 0.4121319850285848
1 0.4601317048072815 0.45301814874013263 0.4731943607330322 0.44335416952768963 0.48680129647254944 0.4515313307444255 0.5020410418510437 0.47457627455393475 0.5096608996391296 0.49167410532633465 0.5189136266708374 0.5087719758351644 0.5330648422241211 0.5258697668711344 0.5450388789176941 0.5392506917317709 0.5553801655769348 0.5474278926849365 0.5559244155883789 0.5712161858876547 0.5553801655769348 0.589800755182902 0.5548359155654907 0.5972346067428589 0.5401404500007629 0.580136775970459 0.5292548537254333 0.5593220392862955 0.5189136266708374 0.5385073026021322 0.5074838399887085 0.5280998945236206 0.49550971388816833 0.5206660429636637 0.48299136757850647 0.5147190093994141 0.47482720017433167 0.49762117862701416 0.4710172712802887 0.4782932202021281 0.46720731258392334 0.4678858121236165
1 0.48353561758995056 0.43146002292633057 0.49823108315467834 0.4195658763249715 0.5118380188941956 0.4106452862421672 0.5232678651809692 0.40841511885325116 0.5330648422241211 0.4128754138946533 0.5450388789176941 0.42551294962565106 0.5575572848320007 0.4299732446670532 0.5668100118637085 0.4366637070973714 0.5717085003852844 0.45450488726298016 0.5755184292793274 0.4708593289057414 0.5809612274169922 0.48870054880777997 0.5836825966835022 0.500594695409139 0.5815054774284363 0.5117454528808594 0.5706199407577515 0.5214094320933024 0.5619114637374878 0.5333036184310913 0.5532031059265137 0.5362771352132162 0.542861819267273 0.5273565053939819 0.5308877229690552 0.5117454528808594 0.5216349959373474 0.49762117862701416 0.5129265785217285 0.48126673698425293 0.5063952207565308 0.4656556447347005 0.49823108315467834 0.4537614981333415 0.4906112253665924 0.44632768630981445 0.48625701665878296 0.44038061300913495
1 0.6332117915153503 0.5013380845387777 0.6370217204093933 0.4790365695953369 0.6440973281860352 0.47234614690144855 0.6631470322608948 0.4634254773457845 0.6745768189430237 0.45301814874013263 0.6914494037628174 0.44335416952768963 0.7056006193161011 0.4299732446670532 0.71703040599823 0.4225393931070964 0.7268273830413818 0.4277430772781372 0.7344472408294678 0.4448409080505371 0.7398900389671326 0.45970861117045086 0.7458771467208862 0.4678858121236165 0.7502313256263733 0.48052334785461426 0.7491427659988403 0.493160883585612 0.7404343485832214 0.5072851975758871 0.7311816215515137 0.5132322311401367 0.7181190252304077 0.5243829886118571 0.705056369304657 0.5303300619125366 0.6936264634132385 0.5355337460835775 0.6881837844848633 0.5340469678243002 0.6778424978256226 0.5266131162643433 0.6636912822723389 0.5243829886118571 0.651172935962677 0.5184359550476074 0.6419202089309692 0.5132322311401367
1 0.5564687252044678 0.7094856103261312 0.5668100118637085 0.6968480745951334 0.5815054774284363 0.6834671497344971 0.5874925255775452 0.6745465596516927 0.594568133354187 0.669342835744222 0.6228705048561096 0.6797502040863037 0.6408316493034363 0.6834671497344971 0.6495401263237 0.6894141832987467 0.659337043762207 0.7206363677978516 0.6696783304214478 0.7399643262227377 0.6783867478370667 0.758548895517985 0.6604256629943848 0.7667261759440104 0.647363007068634 0.7801071008046468 0.6337560415267944 0.7957180341084799 0.6234148144721985 0.8016651471455892 0.6070864796638489 0.7986915906270345 0.5913024544715881 0.7897710005442301 0.5738856196403503 0.7815937995910645 0.5608229637145996 0.7808504104614258 0.5488488078117371 0.7786203225453695 0.54449462890625 0.763009230295817 0.548304557800293 0.7407077153523763 0.5526587963104248 0.7258399327596029
1 0.6430087685585022 0.8001783688863119 0.652805745601654 0.7875408331553141 0.6647798418998718 0.7771334648132324 0.6756653785705566 0.767469565073649 0.6876394748687744 0.7667261759440104 0.6914494037628174 0.7838239669799805 0.6958036422729492 0.8038953145345052 0.6919937133789062 0.8128159840901693 0.6729439496994019 0.8150460720062256 0.6587927937507629 0.8202497164408366 0.651172935962677 0.8224799633026123 0.645730197429657 0.8135592937469482
1 0.7447885274887085 0.5162057876586914 0.7545855045318604 0.4998513460159302 0.763293981552124 0.4857270320256551 0.7774451971054077 0.48424025376637775 0.7970390915870667 0.4879571994145711 0.8041146993637085 0.5043116410573324 0.8046590089797974 0.5266131162643433 0.8019376397132874 0.5489146709442139 0.8019376397132874 0.5741897424062093 0.8052033185958862 0.594261089960734 0.8139116764068604 0.6113588809967041 0.8275186419487 0.6336604356765747 0.8345942497253418 0.6537317434946696 0.8335056900978088 0.6663693189620972 0.818265974521637 0.6656259298324585 0.8046590089797974 0.667112668355306 0.7915963530540466 0.6492714881896973 0.7817993760108948 0.6425809860229492 0.7817993760108948 0.6247398058573405 0.7774451971054077 0.5979779958724976 0.7622053623199463 0.5838536421457926 0.7545855045318604 0.5697294076283773 0.7513198852539062 0.5362771352132162 0.7464213967323303 0.5243829886118571
1 0.8155445456504822 0.5228962103525797 0.826430082321167 0.5132322311401367 0.8362270593643188 0.5065418084462484 0.8509225249290466 0.5072851975758871 0.8634409308433533 0.5117454528808594 0.885756254196167 0.5191792647043864 0.8966417908668518 0.5251263380050659 0.9015403389930725 0.5615521669387817 0.9042617082595825 0.587570587793986 0.9075273275375366 0.6031817197799683 0.9102486968040466 0.6210228602091471 0.9167800545692444 0.6366339921951294 0.9265770316123962 0.6462979316711426 0.9400274157524109 0.6461910406748453 0.9528695344924927 0.6581920782725016 0.9569249749183655 0.6674236456553141 0.9535454511642456 0.6794246832529703 0.9420551657676697 0.6932720343271891 0.9285371899604797 0.7080425421396891 0.9163709878921509 0.7154277960459391 0.9089360237121582 0.7218898932139078 0.8967698812484741 0.7154277960459391 0.8805482387542725 0.7163509527842203 0.8683820962905884 0.7135814825693766 0.8568918108940125 0.7006572882334391 0.8433738350868225 0.6877330938975016 0.8399943709373474 0.6757320562998453 0.8386425375938416 0.6452678839365641 0.8244486451148987 0.6064953009287516 0.8122824430465698 0.5751080513000488 0.8102547526359558 0.5474133491516113
1 0.9684152007102966 0.161533921957016 0.9772018790245056 0.1753812630971273 0.9900439977645874 0.1919980843861898 1.0 0.22338539361953735 1.0 0.2316938042640686 1.0 0.18452604611714682 1.0 0.161533921957016 0.9968029856681824 0.1596876084804535 0.9846368432044983 0.1596876084804535
1 0.9569249749183655 0.3313947121302287 0.9792296290397644 0.30462316672007245 0.9981548190116882 0.28985265890757245 1.0 0.28246740500132245 1.0 0.290685494740804 1.0 0.3443189064661662 1.0 0.38401464621225995 1.0 0.4181714455286662 1.0 0.4467892249425252 1.0 0.45694394906361896 0.9988306760787964 0.46986814339955646 0.9934234619140625 0.4874081214269002 0.9866644740104675 0.49387021859486896 0.9751742482185364 0.4984860022862752 0.9609802961349487 0.49387021859486896 0.9582766890525818 0.47540708382924396 0.9569249749183655 0.45325132211049396 0.9521936178207397 0.4310956398646037 0.9440828561782837 0.4052472511927287 0.9562489986419678 0.3886304299036662 0.9609802961349487 0.3683209816614787 0.9603044390678406 0.3480115334192912
1 1.0 0.25108009576797485 1.0 0.2409253716468811 1.0 0.2409253716468811 1.0 0.2630811333656311 1.0 0.2796979347864787 1.0 0.26954323053359985
1 0.9021770358085632 0.5160260200500488 0.9116396307945251 0.5031018257141113 0.9244817495346069 0.4966396888097127 0.9352961778640747 0.5012555122375488 0.9501659870147705 0.5021786689758301 0.9569249749183655 0.5021786689758301 0.9636839032173157 0.5067944526672363 0.9636839032173157 0.5234112739562988 0.9643598198890686 0.5363354682922363 0.9528695344924927 0.5409512519836426 0.9413792490959167 0.5446438789367676 0.926509439945221 0.5474133491516113 0.915695071220398 0.5492596626281738 0.90826016664505 0.5427975654602051 0.904204785823822 0.5335659980773926
1 0.9751742482185364 0.5095639228820801 0.9873403906822205 0.5058712959289551 1.0 0.5123333930969238 1.0 0.5298733711242676 0.9907198548316956 0.5354123115539551 0.9812572598457336 0.5372586250305176 0.9772018790245056 0.5215649604797363
1 0.9954512119293213 0.49756284554799396 1.0 0.4800228675206502 1.0 0.4670986731847127 1.0 0.46103020509084064 1.0 0.49571653207143146 1.0 0.5132565498352051 1.0 0.5132565498352051 1.0 0.5067944526672363
1 0.9913958311080933 0.5520291328430176 0.9893680810928345 0.5437207221984863 1.0 0.5391049385070801 1.0 0.5335659980773926 1.0 0.5252575874328613 1.0 0.5252575874328613 1.0 0.5538754463195801 1.0 0.5631070137023926 1.0 0.5566449165344238 0.9988306760787964 0.5529522895812988
1 0.9819332361221313 0.5603375434875488 0.9893680810928345 0.5603375434875488 1.0 0.5640301704406738 1.0 0.5704922676086426 1.0 0.5852627754211426 1.0 0.595085064570109 1.0 0.6166500250498453 1.0 0.6277279059092203 0.9974789023399353 0.6323436896006266 0.9853127002716064 0.6351131598154703 0.9799054861068726 0.6138805548350016 0.9778777956962585 0.5935711065928141 0.9792296290397644 0.5788006782531738
1 0.9704428911209106 0.6757320562998453 0.9772018790245056 0.6600383917490641 0.9826090931892395 0.6489605108896891 0.9880163073539734 0.6443447271982828 1.0 0.6406521002451578 1.0 0.6360363165537516 1.0 0.6252142190933228 1.0 0.6397289435068766 1.0 0.6877330938975016 1.0 0.7163509527842203 1.0 0.7043499151865641 0.9873403906822205 0.6941951910654703 0.9765260219573975 0.6849636236826578
1 0.6216787695884705 0.9028285344441732 0.6358727216720581 0.8889811833699545 0.6466870903968811 0.8769801457722982 0.6561496257781982 0.8788264592488607 0.664936363697052 0.8935969670613607 0.66899174451828 0.9102137883504232 0.6730471849441528 0.924061139424642 0.6703435778617859 0.9305232365926107 0.6547978520393372 0.9379084904988607 0.6480388641357422 0.9379084904988607 0.6379004120826721 0.9286769231160482 0.6291137337684631 0.9212916692097982 0.6230306029319763 0.9139064153035482
1 0.4331028461456299 1.0 0.4276956617832184 1.0 0.42701974511146545 1.0 0.4351305365562439 0.9896052678426107 0.4445931315422058 0.9785273869832357 0.4533798396587372 0.9748347600301107 0.4614906311035156 0.9766810735066732 0.46757373213768005 0.9822200139363607 0.47162914276123047 0.9923747380574545 0.4763604402542114 1.0 0.48244351148605347 1.0 0.4925819933414459 1.0 0.5029887557029724 1.0 0.47298091650009155 1.0 0.4540557265281677 1.0 0.43986183404922485 1.0
1 0.0009765625 0.9776042302449545 0.0009765625 0.9932978947957357 0.0009765625 1.0 0.0009765625 1.0 0.0009765625 1.0 0.0009765625 1.0 0.0009765625 1.0 0.0009765625 1.0 0.0009765625 1.0 0.0009765625 0.994221051534017
1 0.4810917377471924 0.9932978947957357 0.48987841606140137 0.9711421330769857 0.4959614872932434 0.9582179387410482 0.5020445585250854 0.9554484685262045 0.5196179747581482 0.953602155049642 0.5351637005805969 0.9554484685262045 0.5480057597160339 0.9563716252644857 0.5642273426055908 0.9619105656941732 0.5770694017410278 0.9766810735066732 0.5851802229881287 0.9859126408894857 0.5966705083847046 0.9997599919637045 0.6142439246177673 1.0 0.6311413645744324 0.9840663274129232 0.6514183878898621 0.972065289815267 0.6662881970405579 0.9748347600301107 0.6798061728477478 0.986835797627767 0.6892687678337097 0.9997599919637045 0.7000831365585327 1.0 0.7034626007080078 1.0 0.7000831365585327 1.0 0.6784543395042419 1.0 0.5676068067550659 1.0 0.549357533454895 1.0 0.5378673076629639 1.0 0.5302836894989014 1.0 0.5142107605934143 1.0 0.5000168681144714 1.0 0.4885266125202179 1.0
1 0.6534460186958313 0.9517558415730795 0.6629086136817932 0.9416011174519857 0.6757507920265198 0.935139020284017 0.6852133870124817 0.9342158635457357 0.6933241486549377 0.9406779607137045 0.6994072198867798 0.9563716252644857 0.7075180411338806 0.9822200139363607 0.7061662077903748 0.997913678487142 0.6933241486549377 0.9849894841512045 0.6791302561759949 0.975757916768392 0.667639970779419 0.968372662862142 0.6588532328605652 0.9656031926472982
1 0.7041385769844055 0.9480632146199545 0.7108975648880005 0.9305232365926107 0.7136011719703674 0.9175990422566732 0.7217119336128235 0.894520123799642 0.7304986119270325 0.8806727727254232 0.7467201948165894 0.8714412053426107 0.7690248489379883 0.8714412053426107 0.7838946580886841 0.876056989034017 0.789301872253418 0.8935969670613607 0.789301872253418 0.9175990422566732 0.790653645992279 0.9434474309285482 0.791329562664032 0.9619105656941732 0.7859223484992981 0.9748347600301107 0.7676730751991272 0.9776042302449545 0.7561827898025513 0.986835797627767 0.7426648139953613 0.9932978947957357 0.7298227548599243 0.9960673650105795 0.7169806361198425 0.997913678487142 0.7142770290374756 0.9877589543660482 0.7129251956939697 0.9739116032918295 0.7088698148727417 0.9600642522176107
1 0.6946759819984436 0.7662013371785482 0.7027867436408997 0.7606623967488607 0.7115734219551086 0.7671245733896891 0.7250913977622986 0.7717402776082357 0.7311745285987854 0.7754329045613607 0.7338781356811523 0.7920497258504232 0.7277950048446655 0.8105128606160482 0.7237396240234375 0.8160518010457357 0.7108975648880005 0.8114360173543295 0.7048144340515137 0.8049739201863607 0.6994072198867798 0.7892803351084391 0.6980554461479187 0.7772792180379232
1 0.7291467785835266 0.8252833684285482 0.7338781356811523 0.809589703877767 0.7392853498458862 0.7938960393269857 0.7440165877342224 0.7902034123738607 0.7615900039672852 0.7892803351084391 0.7811910510063171 0.7883570988972982 0.7967367768287659 0.7865107854207357 0.810930609703064 0.7837413946787516 0.8203932046890259 0.7855877081553141 0.8244486451148987 0.7938960393269857 0.8170137405395508 0.816974957784017 0.8095788359642029 0.8363612492879232 0.8028198480606079 0.8511317571004232 0.7926813960075378 0.8631327946980795 0.7838946580886841 0.8668254216512045 0.7669971585273743 0.8659022649129232 0.7514514923095703 0.8631327946980795 0.7440165877342224 0.8594401677449545 0.7359058260917664 0.8419001897176107
1 0.7318503856658936 0.7634319464365641 0.7345539927482605 0.7366603215535482 0.7345539927482605 0.7071193854014078 0.7426648139953613 0.6886562506357828 0.7528032660484314 0.6775783697764078 0.7649694681167603 0.6683468023935953 0.7724043726921082 0.6720394293467203 0.7818669676780701 0.6886562506357828 0.7947090268135071 0.6923488775889078 0.8034957647323608 0.6868099371592203 0.8075511455535889 0.6785015265146891 0.8170137405395508 0.6766552130381266 0.8278281688690186 0.6766552130381266 0.8339112401008606 0.6803478399912516 0.8393183946609497 0.6923488775889078 0.8433738350868225 0.7025036017100016 0.8339112401008606 0.7200435797373453 0.8258004188537598 0.7385066350301107 0.8237727284431458 0.7569697697957357 0.8197173476219177 0.7735865910847982 0.8034957647323608 0.7763561407725016 0.790653645992279 0.7782024542490641 0.7710525989532471 0.7800487677256266 0.7494238018989563 0.7837413946787516 0.7406371235847473 0.7809718449910482
1 0.8454015254974365 0.7145046393076578 0.8514845967292786 0.7108120123545328 0.8650026321411133 0.7191204229990641 0.8764928579330444 0.7274287541707357 0.8805482387542725 0.7375835577646891 0.8805482387542725 0.7606623967488607 0.8805482387542725 0.7828181584676107 0.8832518458366394 0.7911266485850016 0.8704097867012024 0.7994349797566732 0.8541882038116455 0.7985119024912516 0.8420220017433167 0.7948192755381266 0.8318835496902466 0.7911266485850016 0.8264763355255127 0.7791255315144857 0.8285040259361267 0.7643550237019857 0.8325594067573547 0.7458918889363607 0.8379666209220886 0.7320446173350016 0.8413461446762085 0.7237361272176107
1 0.8298557996749878 0.7975886662801107 0.8379666209220886 0.802204449971517 0.8393183946609497 0.8178981145222982 0.8372907638549805 0.8409770329793295 0.8352630138397217 0.8677485783894857 0.8339112401008606 0.8815959294637045 0.8332353234291077 0.8972895940144857 0.8345871567726135 0.9111369450887045 0.8291799426078796 0.9157527287801107 0.8170137405395508 0.8825190862019857 0.8102547526359558 0.861286481221517 0.8129583597183228 0.842823346455892 0.8190414309501648 0.824360211690267 0.8244486451148987 0.8068202336629232
1 0.8474292159080505 0.8068202336629232 0.8677061796188354 0.805897076924642 0.8798723816871643 0.802204449971517 0.8886590600013733 0.8003581364949545 0.9028530120849609 0.8123591740926107 0.915019154548645 0.8225138982137045 0.9298889636993408 0.824360211690267 0.9366479516029358 0.8197444279988607 0.9427310228347778 0.8262065251668295 0.9474623799324036 0.8437465031941732 0.9447587728500366 0.8695948918660482 0.9400274157524109 0.8899043401082357 0.9379997849464417 0.9111369450887045 0.9325925707817078 0.9379084904988607 0.930564820766449 0.960987408955892 0.9292130470275879 0.975757916768392 0.9231299757957458 0.9849894841512045 0.9096119999885559 0.9812968571980795 0.8859554529190063 0.9665263493855795 0.8677061796188354 0.9563716252644857 0.8548640608787537 0.946216901143392 0.8359389305114746 0.9286769231160482 0.8420220017433167 0.901905377705892 0.8420220017433167 0.864979108174642 0.8440497517585754 0.8372844060262045 0.8440497517585754 0.8215907414754232
1 0.9380196928977966 0.7968943119049072 0.9416911602020264 0.8119379679361979 0.9508698582649231 0.8186240196228027 0.9594365358352661 0.8152809937795004 0.9655556678771973 0.8111022313435873 0.9545413255691528 0.8044161001841227 0.9459745287895203 0.80107315381368
0 0.9955391883850098 0.8044161001841227 1.0 0.7927155494689941 1.0 0.7829630374908447 1.0 0.8303245703379313 1.0 0.8487112522125244 1.0 0.8345034122467041 1.0 0.8219669659932455
1 0.9032331705093384 0.08179627855618794 0.8994312286376953 0.10152874390284221 0.8948689103126526 0.10983715454737346 0.9085558652877808 0.12437687317530315 0.9214824438095093 0.13164672255516052 0.9366902112960815 0.12749252716700235 0.9465752243995667 0.12126121918360393 0.9556998610496521 0.10152874390284221 0.9625433683395386 0.08802757660547893 0.9511375427246094 0.08179627855618794 0.9351694583892822 0.08387338121732076 0.9169201254844666 0.08283482988675435
1 0.9709076285362244 0.08906612793604533 0.9633037447929382 0.10568294922510783 0.9572206139564514 0.12333832184473674 0.9556998610496521 0.13476237654685974 0.9625433683395386 0.14826354384422302 0.971668004989624 0.15137919783592224 0.9899172782897949 0.15137919783592224 1.0 0.15034064650535583 1.0 0.15137919783592224 1.0 0.11918411652247111 1.0 0.08595047394434611 1.0 0.08387338121732076 0.9830737709999084 0.08698902527491252
1 0.9374505877494812 0.9718345006306967 0.9435336589813232 0.9593718846638998 0.9534186720848083 0.9552176793416342 0.9663452506065369 0.9469092686971029 0.9724283814430237 0.9250996907552084 0.9769906997680664 0.9199069341023763 0.9868757128715515 0.9219840367635092 0.9929587841033936 0.9375623067220052 1.0 0.9448321660359701 1.0 0.9552176793416342 1.0 0.9801429112752279 1.0 1.0 1.0 1.0 1.0 1.0 0.9899172782897949 1.0 0.9762303233146667 1.0 0.9595018029212952 1.0 0.951897919178009 1.0 0.9404920935630798 1.0 0.9359298348426819 1.0 0.9328882694244385 0.9894898732503256
1 0.8386002779006958 0.4567131996154785 0.856089174747467 0.4535975456237793 0.8933481574058533 0.440096378326416 0.900191605091095 0.4380192756652832 0.8872650265693665 0.42971086502075195 0.8728176951408386 0.4203639030456543 0.8690157532691956 0.4193253517150879 0.8598911166191101 0.42763376235961914 0.8507664799690247 0.4359421730041504 0.8416418433189392 0.44528913497924805
1 0.7433889508247375 0.0013020833333333333 0.7407819032669067 0.0013020833333333333 0.7399129271507263 0.0013020833333333333 0.7538171410560608 0.019584104418754578 0.7625072598457336 0.039761667450269066 0.7685903310775757 0.052817742029825844 0.7746734619140625 0.0706214706103007 0.7894467115402222 0.05993922551472982 0.7911847233772278 0.038574750224749245 0.7868396639823914 0.0013020833333333333 0.7824945449829102 0.0013020833333333333 0.7833636403083801 0.0013020833333333333 0.7659833431243896 0.0013020833333333333 0.7555551528930664 0.0013020833333333333
1 0.7937917709350586 0.0013020833333333333 0.7903156876564026 0.0013020833333333333 0.7963988184928894 0.008901866152882576 0.8007438778877258 0.03382708877325058 0.8059579133987427 0.049256990353266396 0.825945258140564 0.049256990353266396 0.8468015789985657 0.04688315590222677 0.869395911693573 0.050443907578786217 0.8893832564353943 0.05400465428829193 0.9032874703407288 0.061126142740249634 0.9380480051040649 0.06468689441680908 0.9649874567985535 0.06706072390079498 0.9832367300987244 0.06468689441680908 1.0 0.05875231325626373 0.9988789558410645 0.03026634454727173 0.9841057658195496 0.0029672887176275253 0.9754155874252319 0.0013020833333333333 0.9710705280303955 0.0013020833333333333 0.9310958981513977 0.0013020833333333333 0.8833001255989075 0.0013020833333333333 0.8485396504402161 0.0013020833333333333 0.8250762820243835 0.0013020833333333333 0.8050889372825623 0.0013020833333333333
1 0.9832367300987244 0.0013020833333333333 0.9893198013305664 0.0013020833333333333 1.0 0.0041542040805021925 1.0 0.025518680612246197 1.0 0.0013020833333333333 1.0 0.0013020833333333333 0.994533896446228 0.0013020833333333333
