0 0.001588 0.143143 0.011314 0.139901 0.021039 0.139901 0.024686 0.145304 0.025091 0.155569 0.023875 0.164214 0.021849 0.166915 0.015771 0.163133 0.008072 0.160972 0.001183 0.159892 0.000977 0.152529
0 0.008882 0.113967 0.021849 0.109105 0.029953 0.110185 0.041299 0.116669 0.049809 0.119911 0.060344 0.123693 0.069664 0.129095 0.075742 0.131797 0.079794 0.140982 0.077363 0.145304 0.068854 0.146925 0.061155 0.146384 0.049404 0.139361 0.041704 0.136119 0.033195 0.131797 0.028332 0.130176 0.022254 0.126394 0.016987 0.123693 0.008882 0.120451
0 0.070475 0.155029 0.074527 0.150707 0.081010 0.147465 0.088304 0.146925 0.100866 0.145304 0.107754 0.148005 0.112617 0.151247 0.115858 0.158271 0.115453 0.166915 0.110996 0.171778 0.102892 0.173939 0.095598 0.174479 0.087088 0.171237 0.078984 0.170157 0.070880 0.169617 0.070069 0.163133
0 0.125989 0.123693 0.123963 0.131256 0.122747 0.143143 0.120721 0.149626 0.119505 0.153948 0.119100 0.163133 0.117479 0.173939 0.111401 0.178801 0.106133 0.180422 0.102892 0.182583 0.107349 0.191768 0.110591 0.201493 0.116264 0.205275 0.121126 0.206896 0.123963 0.206896 0.127204 0.204735 0.130041 0.198792 0.135714 0.190688 0.152328 0.192849 0.157190 0.187446 0.154354 0.180963 0.148681 0.167996 0.144629 0.155029 0.143008 0.140982 0.139766 0.130716 0.138550 0.128015 0.131662 0.122612
0 0.196496 0.163673 0.202574 0.153948 0.209057 0.149626 0.217162 0.151787 0.222429 0.153948 0.229318 0.157190 0.233370 0.160432 0.229318 0.164214 0.219593 0.162593 0.211489 0.166915 0.209463 0.176100 0.205410 0.177181 0.201358 0.174479 0.196901 0.171237
0 0.213515 0.091276 0.221619 0.078849 0.226887 0.075607 0.233370 0.077228 0.239043 0.087494 0.242690 0.096138 0.245526 0.105863 0.233775 0.102621 0.223240 0.097759 0.217972 0.094517
0 0.230128 0.065882 0.234180 0.051295 0.237017 0.039408 0.237827 0.035086 0.243095 0.039408 0.245932 0.039949 0.251199 0.043731 0.258898 0.049133 0.268624 0.061020 0.275917 0.066963 0.284427 0.071285 0.290910 0.074527 0.296988 0.077768 0.305903 0.079930 0.310766 0.082091 0.312387 0.089114 0.307929 0.098299 0.301041 0.103702 0.293747 0.110185 0.280780 0.101541 0.272270 0.098839 0.263356 0.098299 0.254441 0.100460 0.249173 0.102621 0.246337 0.094517 0.241880 0.085873 0.236207 0.078309 0.232560 0.072906
0 0.212704 0.178261 0.216756 0.170157 0.223645 0.167455 0.226481 0.173939 0.226887 0.185285 0.226887 0.193929 0.226076 0.205275 0.224050 0.210138 0.217972 0.210138 0.211489 0.213380 0.206221 0.213380 0.210678 0.197711 0.212704 0.189067
0 0.224861 0.146384 0.230939 0.138280 0.237422 0.138280 0.243906 0.137200 0.251199 0.135579 0.254846 0.136119 0.258088 0.141522 0.254441 0.146384 0.249984 0.151247 0.242285 0.158271 0.237827 0.158811 0.230128 0.154489
0 0.301446 0.142062 0.303472 0.124773 0.306714 0.112887 0.311171 0.106403 0.315223 0.101001 0.325353 0.096678 0.327785 0.098299 0.330621 0.110726 0.331026 0.123152 0.330621 0.137200 0.331837 0.146384 0.340751 0.163673 0.346830 0.177181 0.348045 0.184745 0.344804 0.193389 0.336294 0.199872 0.329000 0.205275 0.323327 0.210678 0.318060 0.216081 0.311981 0.229588 0.307524 0.226346 0.308334 0.213380 0.309145 0.200413 0.312792 0.192309 0.312387 0.179882 0.308740 0.165294 0.306714 0.159351 0.303067 0.153408 0.302661 0.149626
0 0.286377 0.286575 0.288121 0.267973 0.290737 0.254023 0.295532 0.242397 0.304252 0.242397 0.308175 0.258673 0.309483 0.263904 0.304252 0.272624 0.302072 0.280180 0.296404 0.284831
0 0.194388 0.252860 0.199620 0.240072 0.202672 0.234840 0.213571 0.237165 0.225342 0.245884 0.231009 0.257510 0.232753 0.269717 0.232753 0.280180 0.232753 0.287156 0.225342 0.289481 0.218802 0.288900 0.214879 0.282506 0.212699 0.269717 0.209647 0.266230 0.204415 0.263323 0.196568 0.258673
0 0.147740 0.247047 0.153843 0.243559 0.160383 0.248791 0.165179 0.251116 0.175206 0.248791 0.182617 0.248791 0.184361 0.259254 0.184361 0.265648 0.181309 0.270299 0.173898 0.277855 0.164743 0.283668 0.159075 0.285993 0.153843 0.287156 0.150356 0.276111 0.147304 0.267973 0.146868 0.260417
0 0.120710 0.320289 0.132045 0.302851 0.135533 0.291806 0.141636 0.285412 0.150356 0.287737 0.149920 0.309245 0.145124 0.322614 0.140765 0.331334 0.135097 0.335984 0.127686 0.335403 0.121146 0.331334
0 0.203108 0.321452 0.210083 0.310407 0.214007 0.302269 0.220110 0.295875 0.227086 0.295875 0.233625 0.294131 0.238857 0.294713 0.240165 0.305176 0.237549 0.316220 0.235805 0.322614 0.231009 0.327265 0.219238 0.333659 0.212263 0.338890 0.206159 0.343541 0.202672 0.338890 0.201364 0.329590
0 0.215751 0.401669 0.225342 0.382487 0.231445 0.375512 0.239729 0.373768 0.250192 0.373186 0.261091 0.367374 0.269810 0.362142 0.274170 0.365048 0.273298 0.374349 0.266323 0.380162 0.256731 0.388881 0.251500 0.391788 0.243216 0.395275 0.234933 0.398182 0.225342 0.400507 0.221854 0.401669
0 0.230137 0.360979 0.233189 0.342378 0.235805 0.334821 0.244960 0.329009 0.249320 0.331915 0.260219 0.342378 0.265451 0.344703 0.271990 0.348772 0.271554 0.354004 0.264579 0.360398 0.254551 0.365048 0.245832 0.367955 0.239729 0.369117 0.232317 0.369699 0.230137 0.367374
0 0.295096 0.369117 0.298584 0.360398 0.304688 0.352841 0.309919 0.351679 0.315587 0.358654 0.317766 0.366211 0.317766 0.376093 0.314715 0.389462 0.312099 0.405157 0.309919 0.415039 0.309483 0.428409 0.309047 0.441778 0.307303 0.458636 0.306867 0.469680 0.305123 0.472586 0.304688 0.481887 0.291173 0.465030 0.286377 0.458054 0.292480 0.443522 0.298584 0.427827 0.301200 0.410389 0.302072 0.395275 0.300764 0.383068
0 0.332153 0.473749 0.338693 0.464448 0.346976 0.457473 0.354388 0.449335 0.362235 0.442941 0.370082 0.440616 0.374006 0.451660 0.370954 0.462705 0.364415 0.472005 0.359619 0.477818 0.357003 0.487119 0.354388 0.493513 0.346976 0.498744 0.341745 0.493513 0.339129 0.486537 0.337385 0.479562
0 0.310355 0.549898 0.315587 0.541760 0.317766 0.529553 0.317330 0.515602 0.319074 0.504557 0.322562 0.496419 0.327358 0.492932 0.333897 0.495838 0.336949 0.511533 0.341745 0.523740 0.347848 0.538272 0.348720 0.546991 0.342616 0.556873 0.336513 0.564430 0.329102 0.565592 0.322126 0.563849 0.316895 0.560361 0.311227 0.555711
0 0.345232 0.520833 0.346976 0.505720 0.350900 0.501070 0.357875 0.494094 0.365287 0.487700 0.370954 0.482468 0.378802 0.492350 0.381853 0.498744 0.379238 0.506301 0.372262 0.512695 0.365723 0.520252 0.362235 0.527809 0.361799 0.535366 0.361799 0.544666 0.357875 0.544085 0.352208 0.538272 0.348284 0.530134
0 0.258911 0.583031 0.271118 0.580706 0.275042 0.578381 0.284197 0.572568 0.295096 0.565592 0.301200 0.564430 0.307739 0.569080 0.311227 0.573730 0.311663 0.580125 0.308175 0.588844 0.301636 0.595819 0.294224 0.602214 0.288993 0.608608 0.284633 0.615583 0.282017 0.615583 0.277658 0.612677 0.269374 0.603376 0.261963 0.594076
0 0.306431 0.564430 0.310355 0.560942 0.318202 0.565592 0.326922 0.568499 0.331281 0.570243 0.330845 0.580125 0.322562 0.579543 0.317766 0.578962 0.313843 0.572568 0.310791 0.566755
0 0.336077 0.573149 0.338693 0.569080 0.347848 0.560361 0.351336 0.551060 0.357875 0.550479 0.358747 0.559780 0.357003 0.576056 0.355259 0.589425 0.354824 0.601632 0.353952 0.612095 0.350900 0.616746 0.344360 0.623140 0.340437 0.626046 0.335205 0.626628 0.331281 0.624302 0.333461 0.601051 0.334333 0.592913 0.334769 0.585937 0.334769 0.580706
0 0.196568 0.687081 0.209211 0.678943 0.217058 0.677781 0.224034 0.684175 0.227086 0.688244 0.217494 0.695219 0.213571 0.699289 0.208775 0.701614 0.203544 0.697545 0.200492 0.693476
0 0.212263 0.707427 0.220110 0.699870 0.225342 0.695801 0.232753 0.691150 0.236241 0.703939 0.237985 0.710914 0.231881 0.714983 0.225778 0.714983 0.225342 0.723121 0.221854 0.725446 0.218366 0.720796 0.215315 0.714402
0 0.236677 0.828916 0.235369 0.819034 0.234933 0.810896 0.237985 0.807989 0.244088 0.807989 0.247576 0.810314 0.251936 0.810314 0.253244 0.816127 0.249756 0.825428 0.251500 0.831822 0.253244 0.839960 0.248884 0.842866 0.243216 0.838216 0.240165 0.833566
0 0.271990 0.836472 0.277222 0.837054 0.281145 0.839379 0.285941 0.842866 0.285069 0.846935 0.278966 0.844610 0.275478 0.842866
0 0.396240 0.774856 0.394932 0.763811 0.395368 0.755092 0.398420 0.746954 0.404088 0.748117 0.414115 0.758580 0.419346 0.767880 0.418039 0.777181 0.414987 0.790551 0.412371 0.799270 0.405831 0.795782 0.401472 0.791132 0.399728 0.787063 0.397548 0.781250
0 0.503924 0.631278 0.517439 0.621396 0.524850 0.615583 0.530518 0.608026 0.532697 0.603376 0.533133 0.592332 0.536621 0.580706 0.542289 0.576637 0.545776 0.579543 0.553624 0.589425 0.560599 0.599307 0.564959 0.605701 0.566267 0.614421 0.559727 0.625465 0.554496 0.635928 0.551880 0.641160 0.547084 0.648717 0.540545 0.650460 0.530954 0.651042 0.523978 0.650460 0.518311 0.648135 0.511771 0.644648 0.508283 0.643485 0.505232 0.637672
0 0.459891 0.630697 0.464687 0.624302 0.468175 0.623140 0.471662 0.625465 0.482125 0.626628 0.488665 0.626628 0.496076 0.630697 0.498692 0.632440 0.503052 0.642904 0.503052 0.649879 0.495204 0.652786 0.489101 0.649298 0.483869 0.644066 0.478202 0.639416 0.473406 0.637091 0.465559 0.634184
0 0.493461 0.712077 0.493896 0.698126 0.499128 0.694638 0.506539 0.698707 0.516131 0.701614 0.520926 0.702776 0.534005 0.703358 0.536621 0.703939 0.535749 0.712077 0.531390 0.714983 0.524414 0.714983 0.511771 0.717890 0.503924 0.719052 0.497820 0.723121 0.492153 0.728934 0.487357 0.731841 0.484741 0.733003 0.489537 0.722540
0 0.418910 0.687663 0.419346 0.673712 0.422834 0.664993 0.419782 0.653367 0.419346 0.646973 0.425014 0.648135 0.433297 0.654529 0.438093 0.663249 0.442453 0.674293 0.444632 0.683594 0.445068 0.693476 0.444632 0.699289 0.437657 0.698126 0.433297 0.694638 0.425886 0.691732 0.423270 0.690569
0 0.357003 0.700451 0.363107 0.687663 0.367902 0.683594 0.378802 0.678362 0.387085 0.669062 0.393188 0.658598 0.389701 0.649879 0.393188 0.644648 0.397112 0.644066 0.403652 0.651623 0.406267 0.660342 0.410191 0.666155 0.413243 0.672549 0.413243 0.680687 0.412371 0.688244 0.409319 0.700451 0.408011 0.709170 0.408011 0.720215 0.404524 0.728934 0.398856 0.729515 0.389701 0.724284 0.384905 0.720796 0.376622 0.719634 0.367902 0.719634 0.362671 0.723121 0.358747 0.714983 0.357003 0.707427
0 0.411063 0.724284 0.419346 0.731259 0.422398 0.737653 0.427630 0.746373 0.427194 0.750442 0.424142 0.750442 0.416295 0.744629 0.411935 0.739979 0.407139 0.735328 0.407575 0.728353
0 0.426758 0.730678 0.431117 0.727190 0.436785 0.720796 0.446376 0.712658 0.451608 0.712077 0.454224 0.723121 0.453352 0.730678 0.449864 0.738816 0.442017 0.745210 0.437657 0.746954 0.431989 0.745791 0.428938 0.742304 0.427194 0.737072
0 0.456839 0.745210 0.458147 0.736491 0.462507 0.729515 0.465995 0.727190 0.473406 0.735328 0.479946 0.743466 0.482561 0.749860 0.480382 0.760324 0.483869 0.770787 0.488229 0.778925 0.487793 0.788807 0.479946 0.796945 0.474714 0.802176 0.470790 0.810314 0.467303 0.813221 0.461199 0.814383 0.458147 0.813221 0.456839 0.801014 0.457275 0.792294 0.461199 0.779506 0.464251 0.767880 0.467303 0.759742 0.465995 0.754511 0.462071 0.749860
0 0.543597 0.702195 0.547084 0.689988 0.555368 0.689407 0.562343 0.691732 0.561471 0.681269 0.556676 0.677200 0.550572 0.671968 0.546212 0.664411 0.545776 0.659761 0.551880 0.652786 0.557111 0.642904 0.563215 0.637672 0.570626 0.631859 0.578910 0.624302 0.585449 0.622559 0.591553 0.632440 0.596348 0.641160 0.598092 0.647554 0.602452 0.651623 0.610299 0.655692 0.615531 0.657436 0.619455 0.666155 0.618147 0.674874 0.616403 0.680106 0.606812 0.683012 0.588937 0.683594 0.578910 0.688244 0.571934 0.697545 0.565395 0.711496 0.563651 0.716727 0.561471 0.727190 0.559727 0.739397 0.555368 0.741722 0.549264 0.741722 0.545340 0.737653 0.542289 0.727190 0.539237 0.717890 0.539237 0.710333
0 0.380332 0.342262 0.384053 0.328621 0.390563 0.322834 0.405444 0.326554 0.417225 0.334821 0.429315 0.340195 0.434586 0.344329 0.432106 0.351769 0.424045 0.351356 0.415365 0.350529 0.410094 0.354663 0.401724 0.354249 0.395833 0.353423 0.389943 0.348049 0.383433 0.347222
0 0.396143 0.371197 0.397383 0.363343 0.401414 0.362103 0.403274 0.369957 0.398624 0.373677
0 0.328249 0.324074 0.334139 0.319114 0.343440 0.321594 0.348090 0.320767 0.350880 0.315807 0.349640 0.305886 0.350880 0.299686 0.359251 0.300513 0.368242 0.301339 0.372582 0.306300 0.374752 0.314567 0.371962 0.320767 0.365451 0.325728 0.356771 0.329034 0.352121 0.331101 0.347470 0.329861 0.342820 0.326968 0.337550 0.326968 0.332899 0.328621
0 0.328249 0.360863 0.329179 0.344329 0.332589 0.335648 0.339100 0.330688 0.347470 0.333581 0.351190 0.339368 0.355221 0.343089 0.364831 0.343915 0.371032 0.346809 0.374132 0.352596 0.372892 0.360450 0.371652 0.368717 0.367001 0.376571 0.360801 0.381118 0.352431 0.378638 0.344060 0.375744 0.339410 0.373264 0.331349 0.369957 0.327939 0.364997
0 0.453325 0.229226 0.463312 0.216649 0.477184 0.204812 0.484397 0.215169 0.489391 0.224787 0.478294 0.241063 0.467196 0.240323 0.458873 0.235884
0 0.477184 0.248461 0.487172 0.238104 0.496049 0.227006 0.495494 0.215909 0.502708 0.208511 0.512140 0.215169 0.516579 0.224047 0.515470 0.235144 0.511031 0.245502 0.503817 0.252900 0.494940 0.252900 0.486062 0.252900 0.482178 0.252160
0 0.473855 0.288411 0.474410 0.270656 0.476629 0.262518 0.483842 0.267696 0.494940 0.263258 0.502708 0.265477 0.511031 0.279534 0.517134 0.293590 0.514915 0.302468 0.507147 0.309866 0.502153 0.311346 0.496049 0.299509 0.488281 0.290631 0.482733 0.288411
0 0.545987 0.237364 0.558749 0.241803 0.567627 0.245502 0.565962 0.256599 0.562078 0.268436 0.557639 0.274355 0.555420 0.263258 0.550981 0.252160
0 0.563226 0.278779 0.567608 0.271267 0.571364 0.265425 0.571990 0.256243 0.577624 0.247897 0.592022 0.257913 0.610802 0.272937 0.623322 0.282118 0.626452 0.293803 0.613306 0.298811 0.599534 0.304654 0.589518 0.319678 0.583258 0.323017 0.575120 0.302150 0.565730 0.289630
0 0.393580 0.166099 0.410482 0.164430 0.417368 0.151910 0.417368 0.140224 0.410482 0.131878 0.406100 0.125200 0.400466 0.145232
0 0.309070 0.282953 0.332858 0.283787 0.344126 0.287126 0.345378 0.270433 0.357898 0.268763 0.367288 0.262086 0.372922 0.247062 0.377930 0.236211 0.377304 0.217849 0.371670 0.220353 0.358524 0.241219 0.349760 0.253739 0.337240 0.267094 0.325972 0.269598 0.319086 0.269598 0.312200 0.269598
0 0.391076 0.282118 0.397336 0.272937 0.402344 0.262921 0.409230 0.253739 0.411108 0.241219 0.406100 0.236211 0.396710 0.242054 0.390450 0.261251
0 0.600786 0.553385 0.609550 0.540031 0.611428 0.526676 0.625200 0.519164 0.639598 0.512487 0.645232 0.502471 0.658378 0.511652 0.662134 0.530015 0.660882 0.543369 0.641476 0.546708 0.631460 0.560063 0.617688 0.565905 0.606420 0.565071
0 0.622070 0.590111 0.627078 0.587607 0.638346 0.595954 0.648988 0.596788 0.660882 0.592615 0.667768 0.587607 0.677158 0.588442 0.687800 0.580929 0.696565 0.583433 0.708459 0.600962 0.703451 0.610143 0.685296 0.615986 0.674654 0.621828 0.656500 0.618490 0.638346 0.614316 0.632086 0.612647 0.626452 0.600127
0 0.692808 0.556724 0.705955 0.551716 0.715345 0.539196 0.722231 0.531684 0.722857 0.513321 0.717223 0.506644 0.714093 0.497463 0.705955 0.500801 0.704077 0.511652 0.697191 0.521668 0.694686 0.540865
0 0.734125 0.465745 0.746019 0.454060 0.754157 0.439870 0.767303 0.438201 0.766051 0.453225 0.756661 0.462407 0.745393 0.474927 0.737881 0.485777 0.732247 0.488281 0.732247 0.480769
0 0.774189 0.434862 0.784205 0.438201 0.796725 0.451556 0.817383 0.457399 0.826773 0.463241 0.820513 0.442374 0.811123 0.426516 0.801107 0.414830 0.791717 0.393964 0.785457 0.406484 0.780449 0.421508
0 0.709711 0.411492 0.709711 0.398972 0.719727 0.398972 0.729743 0.413161 0.737881 0.432358 0.733499 0.436532 0.719101 0.428185 0.712215 0.422342
0 0.767929 0.588442 0.767929 0.580095 0.777945 0.569244 0.781701 0.557559 0.781701 0.546708 0.786083 0.547543 0.792969 0.560897 0.807993 0.570913 0.819887 0.577591 0.839919 0.578425 0.848057 0.590111 0.842423 0.609308 0.831155 0.629340 0.814253 0.639356 0.784205 0.646868 0.772937 0.641860 0.766677 0.620994 0.781701 0.615986 0.797351 0.617655 0.806115 0.608474 0.807367 0.594284 0.800481 0.578425 0.789839 0.580095 0.784831 0.587607
0 0.002955 0.607639 0.020483 0.600962 0.024239 0.606804 0.017979 0.620159 0.018605 0.641860 0.014849 0.649372 0.007337 0.650207 0.003581 0.645199 0.003581 0.631844
0 0.002329 0.659388 0.008589 0.654380 0.019231 0.652711 0.025491 0.646868 0.033003 0.656884 0.037385 0.671908 0.029873 0.679420 0.022987 0.685263 0.012345 0.681924 0.005459 0.676916 0.002329 0.672743
0 0.042393 0.679420 0.044271 0.673578 0.055539 0.667735 0.065555 0.651876 0.074319 0.646868 0.080579 0.661892 0.088717 0.665231 0.106871 0.664396 0.102489 0.682759 0.089343 0.696114 0.073693 0.704460 0.059921 0.688602 0.052409 0.686098
0 0.103741 0.741186 0.101237 0.730335 0.100611 0.721989 0.110627 0.718650 0.123773 0.716146 0.128155 0.726997 0.128155 0.739517 0.116887 0.739517
0 0.153821 0.711138 0.160081 0.715311 0.174479 0.714476 0.181991 0.716146 0.192007 0.730335 0.206405 0.735343 0.214543 0.734509 0.210787 0.718650 0.203275 0.706130 0.194511 0.693610 0.186373 0.679420 0.175105 0.665231 0.165089 0.664396 0.164463 0.686098 0.161333 0.701122
0 0.172601 0.616820 0.188251 0.639356 0.203901 0.654380 0.210787 0.649372 0.202649 0.627671 0.202649 0.608474 0.189503 0.605970
0 0.208283 0.552551 0.202023 0.561732 0.200771 0.578425 0.207657 0.591780 0.217673 0.605970 0.228315 0.605970 0.233323 0.589276 0.225185 0.569244 0.216421 0.557559
0 0.253981 0.649372 0.267127 0.639356 0.282151 0.635183 0.288411 0.635183 0.298427 0.648538 0.309696 0.660223 0.314704 0.665231 0.308444 0.674412 0.297801 0.680255 0.282151 0.682759 0.270883 0.686098 0.258989 0.681924 0.252103 0.676916 0.250851 0.660223
0 0.299679 0.742021 0.312200 0.742021 0.315330 0.720319 0.312200 0.711972 0.304688 0.720319
0 0.375088 0.369613 0.381805 0.368579 0.387230 0.368235 0.391622 0.369613 0.393172 0.364446 0.393431 0.358590 0.388005 0.355834 0.381288 0.352734 0.378705 0.351356 0.376896 0.358245
0 0.406865 0.360656 0.410740 0.356867 0.418232 0.355145 0.425208 0.355145 0.430116 0.357212 0.427016 0.368924 0.424174 0.378913 0.416941 0.382702 0.408157 0.378569 0.407640 0.369957
0 0.426758 0.379602 0.429600 0.369268 0.433217 0.361690 0.442776 0.357901 0.447943 0.357556 0.450009 0.363757 0.448201 0.379258 0.438900 0.379602 0.431150 0.379258
0 0.450784 0.381669 0.461377 0.385458 0.467319 0.392003 0.473002 0.397859 0.479203 0.398892 0.486953 0.392692 0.488245 0.386836 0.486953 0.374780 0.478169 0.365823 0.467835 0.368924 0.459568 0.366857 0.452593 0.365479 0.451043 0.373057
0 0.474811 0.420249 0.476878 0.412326 0.475069 0.402681 0.481270 0.400959 0.487728 0.397859 0.494704 0.399237 0.496512 0.411982 0.499871 0.424383 0.500904 0.430239 0.494962 0.431961 0.487470 0.432994 0.479978 0.431961 0.476361 0.426105
0 0.367596 0.378913 0.371213 0.374780 0.379738 0.372024 0.385680 0.372368 0.391364 0.380291 0.398598 0.383391 0.405056 0.383047 0.410482 0.382358 0.416682 0.386491 0.419782 0.392347 0.422366 0.403715 0.424174 0.409915 0.423658 0.418527 0.413065 0.428172 0.408932 0.435750 0.408157 0.448495 0.407898 0.457451 0.411774 0.469508 0.414357 0.474330 0.412290 0.479842 0.406607 0.482942 0.400664 0.473986 0.400406 0.464685 0.397564 0.452629 0.390847 0.442639 0.386455 0.437472 0.380772 0.434028 0.377930 0.429550 0.376638 0.416460 0.374313 0.409915 0.370179 0.400615 0.368371 0.391658 0.368371 0.383047
0 0.396014 0.502921 0.405573 0.486731 0.409707 0.488453 0.415132 0.486042 0.419266 0.485353 0.424433 0.491554 0.423399 0.503954 0.420816 0.520144 0.421591 0.534268 0.414615 0.534612 0.408932 0.532890 0.404540 0.531167 0.402990 0.522211 0.399631 0.511877
0 0.451559 0.506710 0.461377 0.501543 0.465769 0.503266 0.467835 0.520144 0.466027 0.529101 0.467577 0.539090 0.473002 0.569059 0.474294 0.579048 0.467835 0.579393 0.459568 0.569403 0.455435 0.552869 0.453368 0.534956 0.451818 0.522211 0.451818 0.515322
0 0.475328 0.566647 0.485403 0.556313 0.492895 0.545635 0.498579 0.543224 0.505555 0.544946 0.507880 0.536679 0.510722 0.530823 0.516405 0.540468 0.518214 0.556658 0.509430 0.567336 0.494187 0.572503 0.486437 0.572159 0.481528 0.575948 0.476103 0.576981 0.476103 0.571814
0 0.471452 0.485698 0.474553 0.494654 0.480495 0.497410 0.489537 0.489487 0.498837 0.487076 0.503229 0.482253 0.502454 0.472608 0.501938 0.463996 0.506330 0.451251 0.503746 0.437472 0.494187 0.436784 0.491604 0.438161 0.489278 0.449873 0.485920 0.456763 0.480236 0.465719 0.474294 0.479842
0 0.508655 0.455385 0.518214 0.457107 0.522606 0.457451 0.532681 0.455385 0.536298 0.452285 0.537590 0.458140 0.537332 0.466752 0.531131 0.473641 0.518989 0.482942 0.518730 0.496032 0.520280 0.502577 0.516664 0.506366 0.513305 0.494309 0.509946 0.484664 0.506071 0.481564 0.504004 0.468474 0.505555 0.459518
0 0.521314 0.492587 0.521314 0.486042 0.525447 0.481564 0.532681 0.478119 0.537590 0.479153 0.541465 0.486042 0.546374 0.496376 0.542240 0.503266 0.536557 0.506710 0.529064 0.505332 0.523897 0.502577 0.521831 0.498443
0 0.564458 0.507399 0.576601 0.501543 0.584610 0.490520 0.589260 0.477431 0.590035 0.458485 0.590293 0.448495 0.606828 0.449184 0.618195 0.448151 0.620520 0.454351 0.618712 0.461241 0.610703 0.468474 0.602952 0.476053 0.598819 0.490520 0.598819 0.508088 0.598560 0.521867 0.597785 0.527034 0.589518 0.531856 0.572984 0.532201 0.562908 0.533579 0.560841 0.521867
0 0.570142 0.570092 0.578151 0.575259 0.585126 0.574226 0.600369 0.567681 0.597785 0.560103 0.592618 0.550113 0.584351 0.549769 0.584093 0.557691 0.576084 0.560791 0.572209 0.567681
0 0.298100 0.743703 0.308434 0.744048 0.314376 0.745081 0.311534 0.754726 0.313601 0.768849 0.308692 0.774016 0.297583 0.772294 0.290349 0.761271 0.295516 0.754726
0 0.280790 0.767127 0.287507 0.760582 0.292158 0.770227 0.301200 0.777805 0.310759 0.776772 0.316442 0.769883 0.318768 0.764371 0.327293 0.765749 0.334527 0.770572 0.339177 0.775050 0.341502 0.796751 0.345894 0.811908 0.348478 0.820519 0.347703 0.827409 0.348478 0.831542 0.337885 0.827753 0.328068 0.819141 0.316959 0.811219 0.306108 0.800196 0.296549 0.791584 0.286215 0.781250 0.284407 0.776427
0 0.340469 0.840498 0.347703 0.839809 0.352870 0.840843 0.355712 0.844976 0.347703 0.849454 0.341761 0.852899 0.340727 0.849454
0 0.341244 0.773672 0.348736 0.768160 0.354937 0.767816 0.360104 0.775739 0.364237 0.785728 0.366821 0.796062 0.358037 0.802262 0.347186 0.808118 0.345894 0.799507 0.342277 0.788828 0.341244 0.782283
0 0.349253 0.811563 0.357520 0.806741 0.364237 0.811563 0.373021 0.814319 0.381805 0.813974 0.391881 0.811563 0.402473 0.813285 0.408157 0.817763 0.418232 0.832576 0.425208 0.843254 0.428050 0.846354 0.420816 0.847732 0.408673 0.844632 0.400148 0.842565 0.389555 0.844976 0.379480 0.843598 0.373021 0.840154 0.363204 0.836709 0.350803 0.835331 0.351836 0.828786
0 0.444326 0.849110 0.451043 0.834642 0.458793 0.819486 0.463960 0.817075 0.471711 0.816730 0.478428 0.827753 0.486437 0.841532 0.490570 0.851866 0.480236 0.853588 0.473519 0.857033 0.472227 0.865989 0.468352 0.875289 0.459052 0.887346 0.452076 0.891479 0.448976 0.878045 0.445876 0.866678
0 0.462927 0.892857 0.479461 0.895957 0.489278 0.894235 0.489537 0.885279 0.497029 0.871156 0.499871 0.863233 0.491604 0.858410 0.487987 0.857377 0.481528 0.856688 0.477653 0.859099 0.474811 0.862544 0.473261 0.871500 0.470419 0.877701 0.467319 0.883212 0.461377 0.888035
0 0.494704 0.926270 0.501421 0.912836 0.507363 0.910425 0.512530 0.908358 0.519505 0.905258 0.522864 0.903191 0.528031 0.903880 0.534748 0.916625 0.538365 0.929026 0.544307 0.939360 0.552057 0.948661 0.557741 0.958650 0.558516 0.964506 0.554641 0.968295 0.543790 0.962439 0.534748 0.955206 0.526739 0.951761 0.516664 0.951761 0.504779 0.943838 0.499096 0.934538
2 0.566267 0.979663 0.569109 0.977940 0.570917 0.980007 0.568334 0.982074
0 0.489278 0.951761 0.497546 0.958306 0.502713 0.969329 0.509430 0.983796 0.523381 0.988963 0.535781 0.987585 0.545340 0.988274 0.545088 0.998698 0.525447 0.998698 0.501421 0.998264 0.481270 0.997230 0.464477 0.997575 0.464735 0.994130 0.476361 0.992752 0.489278 0.990686 0.493929 0.988619 0.493412 0.981041 0.488503 0.973807 0.490054 0.964851 0.489537 0.958306
0 0.536815 0.827409 0.539915 0.823619 0.547666 0.826720 0.555416 0.823964 0.563167 0.804674 0.571434 0.816730 0.584868 0.833609 0.577117 0.844632 0.578668 0.854621 0.587968 0.869433 0.593652 0.875634 0.584093 0.889068 0.578409 0.892857 0.569367 0.888035 0.564975 0.872878 0.563683 0.862889 0.549991 0.861511 0.541982 0.847043 0.537073 0.835331
0 0.335044 0.962095 0.341761 0.941082 0.346928 0.919726 0.350028 0.915247 0.358812 0.915936 0.364495 0.919726 0.373796 0.929371 0.382580 0.927648 0.393947 0.921448 0.399373 0.926959 0.402731 0.936949 0.406348 0.954861 0.409190 0.961750 0.405056 0.971051 0.402215 0.972773 0.393431 0.969329 0.386714 0.963817 0.382580 0.965540 0.384130 0.973462 0.383613 0.980696 0.381030 0.988274 0.365271 0.979663 0.356228 0.981729 0.346411 0.982763 0.339177 0.976562
0 0.404798 0.975529 0.409190 0.967262 0.414615 0.973462 0.421591 0.984485 0.426758 0.991030 0.422366 0.995853 0.417716 0.996542 0.412032 0.988963 0.407640 0.983452
0 0.423141 0.998264 0.428566 0.993441 0.434767 0.990686 0.440709 0.989308 0.443761 0.998698 0.436058 0.998698 0.427016 0.998264
0 0.285182 0.998264 0.288024 0.989997 0.295516 0.977596 0.301200 0.978285 0.309209 0.994475 0.312050 0.998264 0.300425 0.997575 0.293449 0.997575
0 0.000977 0.908014 0.017790 0.909392 0.026316 0.916970 0.021924 0.933504 0.016498 0.940394 0.006681 0.940738 0.000997 0.943149 0.001256 0.926270 0.001256 0.918348
0 0.020115 0.944527 0.023732 0.937293 0.028124 0.924893 0.031483 0.920759 0.038458 0.923170 0.048275 0.924548 0.052667 0.927993 0.049050 0.938671 0.048017 0.953828 0.045175 0.962784 0.040783 0.966573 0.029157 0.962784 0.022957 0.956928 0.021407 0.949694
0 0.041817 0.998608 0.047242 0.991030 0.062484 0.987241 0.073335 0.981729 0.082636 0.974840 0.089095 0.964506 0.098137 0.960717 0.104596 0.968640 0.106662 0.975874 0.104854 0.984141 0.092970 0.990341 0.085219 0.996197 0.080999 0.998698 0.065326 0.998264 0.054734 0.997575 0.045433 0.997919
0 0.116221 0.973807 0.128880 0.964851 0.134047 0.960373 0.135856 0.950383 0.143865 0.942805 0.149032 0.941082 0.152907 0.949350 0.156007 0.958995 0.158849 0.964851 0.178225 0.964162 0.181584 0.964162 0.181325 0.968984 0.177967 0.975529 0.167116 0.976562 0.157041 0.977251 0.147998 0.981729 0.133531 0.982763 0.123455 0.985863 0.114413 0.981729 0.114154 0.976907
0 0.013656 0.848765 0.023732 0.837054 0.031483 0.844976 0.030449 0.854277 0.031999 0.867711 0.030707 0.873567 0.025540 0.881490 0.018565 0.874945 0.015982 0.860133
0 0.034324 0.849799 0.048534 0.847388 0.058351 0.846010 0.064810 0.842565 0.071527 0.841187 0.081861 0.842565 0.086253 0.848765 0.094262 0.864955 0.099687 0.876323 0.098912 0.881834 0.093228 0.882523 0.089353 0.874256 0.081602 0.871845 0.073594 0.872534 0.070493 0.875289 0.061193 0.875634 0.056026 0.876667 0.039750 0.869089 0.035616 0.867711 0.033033 0.856688
0 0.044400 0.794340 0.046208 0.782628 0.054992 0.780217 0.061193 0.784350 0.057834 0.796407 0.052151 0.797440
0 0.056542 0.801229 0.062484 0.791240 0.063776 0.785384 0.069977 0.782283 0.076952 0.779183 0.080311 0.773327 0.092711 0.777805 0.100720 0.785039 0.090645 0.792617 0.088836 0.803296 0.090645 0.817419 0.090128 0.826375 0.083928 0.837743 0.071268 0.835331 0.065843 0.836709 0.062743 0.829131 0.062226 0.817763 0.060676 0.809152
0 0.120097 0.804674 0.121388 0.798129 0.126039 0.795029 0.132239 0.797784 0.137406 0.811563 0.141798 0.827753 0.144381 0.838431 0.145415 0.852210 0.146965 0.863577 0.150582 0.873223 0.151874 0.883557 0.149807 0.892168 0.143606 0.893546 0.137923 0.888724 0.133531 0.875289 0.136114 0.847043 0.131206 0.830164 0.124230 0.818108
0 0.104337 0.745081 0.120355 0.741636 0.128105 0.743014 0.127589 0.753004 0.126297 0.761271 0.118030 0.774016 0.116480 0.779872 0.111829 0.774705 0.107179 0.760238 0.104854 0.753004
0 0.000977 0.299341 0.007973 0.301408 0.016757 0.311742 0.023732 0.323110 0.029416 0.329999 0.019857 0.356178 0.014431 0.372024 0.012106 0.382358 0.001256 0.397170 0.000977 0.368924 0.000997 0.331721 0.002031 0.315531
0 0.042592 0.291419 0.048017 0.279018 0.051634 0.276607 0.059384 0.279362 0.067651 0.282807 0.071785 0.290730 0.073335 0.297964 0.063260 0.299686 0.051892 0.296241 0.047242 0.294519
0 0.069977 0.279018 0.081344 0.262483 0.090128 0.267650 0.100204 0.279018 0.107696 0.294174 0.110796 0.301064 0.103562 0.308642 0.090903 0.313120 0.086511 0.313465 0.084703 0.304164 0.081861 0.297275 0.076435 0.295897 0.072818 0.285907
0 0.054734 0.198413 0.060934 0.180845 0.064035 0.186012 0.066360 0.202202 0.076694 0.223559 0.084703 0.234237 0.085478 0.243882 0.082377 0.255939 0.069977 0.252149 0.065326 0.249049 0.065326 0.235960 0.061709 0.218047 0.058609 0.207713
0 0.024507 0.001378 0.043108 0.001302 0.048275 0.006545 0.044400 0.014468 0.037425 0.013434 0.031999 0.008267
0 0.053442 0.001302 0.050084 0.009301 0.046467 0.016534 0.048534 0.027557 0.058868 0.029280 0.070752 0.025491 0.075919 0.010678 0.076952 0.001302 0.063260 0.001302 0.056284 0.001302
0 0.268131 0.005511 0.284665 0.001378 0.297841 0.001302 0.305333 0.001378 0.310242 0.008267 0.314634 0.008956 0.317476 0.002411 0.328068 0.001302 0.335819 0.001378 0.338919 0.002067 0.342794 0.011023 0.347703 0.014468 0.351320 0.022390 0.348219 0.039958 0.343052 0.055459 0.332977 0.064415 0.328068 0.070616 0.322901 0.062004 0.319801 0.049948 0.304817 0.043403 0.298100 0.032035 0.287507 0.026524 0.276915 0.026179 0.265806 0.022390 0.265031 0.015157 0.266064 0.008267
0 0.340986 0.002067 0.346411 0.007234 0.350803 0.008267 0.349253 0.001722 0.343569 0.001302
0 0.352353 0.001302 0.356487 0.010678 0.363720 0.017568 0.367596 0.025835 0.367596 0.043403 0.369404 0.047881 0.374829 0.048914 0.377413 0.053392 0.381030 0.045814 0.383872 0.035480 0.389039 0.026868 0.390847 0.018257 0.381288 0.018601 0.373538 0.014468 0.373796 0.002067 0.364237 0.001302 0.355712 0.001302
0 0.355195 0.058559 0.372763 0.064415 0.377413 0.065104 0.375346 0.056837 0.371988 0.050292 0.362429 0.053048 0.358295 0.055804
0 0.393431 0.019290 0.399373 0.021012 0.399373 0.036858 0.401440 0.048570 0.390589 0.052703 0.384388 0.061315 0.381288 0.053048 0.386714 0.039614 0.389555 0.031346
0 0.375346 0.001302 0.376638 0.013434 0.387747 0.014468 0.394722 0.015501 0.398339 0.015157 0.400923 0.007578 0.400406 0.002756 0.389814 0.002411 0.382063 0.001722
0 0.087286 0.379947 0.096845 0.377191 0.112863 0.372024 0.124747 0.366857 0.129397 0.366512 0.128880 0.377535 0.126039 0.390969 0.122680 0.395448 0.109763 0.395448 0.100462 0.398548 0.093486 0.405437 0.091161 0.412326 0.087286 0.408193 0.083669 0.397859 0.083152 0.389247
0 0.128364 0.401303 0.134047 0.383736 0.139989 0.373057 0.145415 0.367890 0.155232 0.369268 0.153940 0.380291 0.149807 0.401648 0.148773 0.426794 0.152132 0.438161 0.138181 0.435750 0.130689 0.429894 0.128880 0.412671
0 0.153682 0.426794 0.167633 0.432305 0.181584 0.440228 0.193726 0.444362 0.205352 0.452285 0.212844 0.458485 0.208194 0.470886 0.205610 0.472952 0.197343 0.462618 0.189334 0.458485 0.182617 0.449873 0.174350 0.448495 0.167375 0.448840 0.158074 0.445740 0.155490 0.440573 0.154199 0.433683
0 0.001514 0.494309 0.014173 0.503954 0.017273 0.514288 0.016498 0.524622 0.015206 0.531512 0.002806 0.543913 0.000977 0.547702 0.000997 0.521178 0.000977 0.509121
0 0.022699 0.511188 0.033808 0.502577 0.038458 0.501199 0.045175 0.494654 0.050600 0.481220 0.057576 0.478119 0.065585 0.479497 0.069718 0.481220 0.065326 0.498099 0.060418 0.510499 0.054992 0.517044 0.050084 0.524278 0.045692 0.528756 0.033549 0.529101 0.026316 0.523245
0 0.059384 0.516700 0.067393 0.497410 0.072818 0.481220 0.076952 0.476742 0.081861 0.467785 0.090645 0.465374 0.096845 0.466408 0.097103 0.478808 0.095295 0.489831 0.089611 0.496376 0.079536 0.505677 0.077469 0.512566 0.081086 0.524967 0.083669 0.530823 0.089353 0.530823 0.091161 0.534956 0.092195 0.541846 0.083669 0.549080 0.072302 0.549080 0.062484 0.544257 0.057318 0.533923 0.056801 0.524967
0 0.090128 0.499476 0.095553 0.496032 0.106404 0.499476 0.120872 0.497410 0.134564 0.498787 0.144123 0.500165 0.146448 0.507055 0.137923 0.507399 0.121647 0.508088 0.108987 0.511877 0.101237 0.515666 0.097878 0.516355 0.095037 0.508433
0 0.026574 0.604539 0.037941 0.610050 0.044917 0.610395 0.045950 0.616939 0.043625 0.628307 0.043883 0.637607 0.045175 0.650353 0.045692 0.654486 0.038975 0.657587 0.034324 0.654486 0.025799 0.640019 0.022957 0.623484 0.023732 0.612806 0.026316 0.608672
0 0.054217 0.576637 0.062226 0.571470 0.066360 0.576981 0.077469 0.581115 0.085736 0.580771 0.091678 0.579048 0.100979 0.568025 0.104079 0.578359 0.113121 0.582493 0.116738 0.580426 0.123713 0.589727 0.124230 0.596616 0.116221 0.599372 0.107437 0.606605 0.101754 0.617628 0.096070 0.620040 0.084186 0.620384 0.076952 0.624518 0.073594 0.633474 0.073594 0.642086 0.069460 0.645186 0.064551 0.647597 0.054992 0.636574 0.052926 0.616595 0.053184 0.602472 0.054217 0.594549 0.054476 0.587315
0 0.159107 0.801229 0.162208 0.792962 0.164791 0.779872 0.174608 0.779872 0.172800 0.788828 0.181067 0.794340 0.190884 0.807774 0.181067 0.825686 0.171766 0.838776 0.168666 0.824308 0.164533 0.813974 0.160657 0.807774
0 0.152132 0.868400 0.162208 0.855310 0.168408 0.850143 0.172025 0.842910 0.177192 0.835676 0.187784 0.817763 0.192951 0.812941 0.199668 0.817419 0.197860 0.822242 0.192951 0.830509 0.187009 0.840498 0.179000 0.854966 0.178484 0.867711 0.177192 0.871156 0.171508 0.871500 0.163241 0.874256 0.154715 0.882179 0.153424 0.876667
0 0.144123 0.897680 0.148257 0.906636 0.154974 0.908703 0.164533 0.911114 0.171508 0.912836 0.172542 0.902847 0.176417 0.894235 0.176417 0.884590 0.174608 0.875634 0.168408 0.876667 0.157816 0.881490 0.153682 0.885623 0.153165 0.892857 0.148773 0.896646
0 0.173575 0.915247 0.175900 0.903536 0.177450 0.900435 0.183651 0.908703 0.189851 0.922481 0.192951 0.927993 0.188043 0.940049 0.182100 0.948316 0.175642 0.950039 0.171250 0.944872 0.169441 0.934882 0.171508 0.924548
0 0.192951 0.951416 0.198893 0.933504 0.207677 0.926959 0.214394 0.931093 0.223953 0.939016 0.218269 0.948661 0.208194 0.961750 0.201218 0.973462 0.198118 0.974840 0.196051 0.967262 0.194760 0.958650
0 0.210002 0.922826 0.215169 0.913525 0.219820 0.910425 0.228862 0.913525 0.237129 0.920759 0.241521 0.926959 0.242813 0.933504 0.239454 0.943838 0.230670 0.937982 0.226537 0.933849 0.216203 0.928337
0 0.219045 0.903880 0.226795 0.887346 0.232995 0.900780 0.241263 0.907669 0.249530 0.910769 0.252113 0.918003 0.243588 0.917314 0.228087 0.909736 0.222403 0.907669
0 0.059126 0.878390 0.069718 0.877701 0.071010 0.881834 0.067651 0.893891 0.063776 0.903536 0.058351 0.900780 0.057576 0.894579 0.058609 0.887001
0 0.001186 0.418027 0.014629 0.422244 0.023327 0.434896 0.011070 0.444912 0.001186 0.451765 0.002372 0.434369
0 0.451117 0.074846 0.449140 0.067993 0.458629 0.062721 0.471280 0.054814 0.477606 0.039526 0.484328 0.034255 0.493026 0.042162 0.493816 0.056395 0.488677 0.063776 0.486304 0.081699 0.481955 0.104894 0.466931 0.118600 0.457047 0.108057 0.455466 0.101204 0.454675 0.088025
0 0.452698 0.148648 0.476025 0.145485 0.506468 0.143377 0.515957 0.141795 0.527818 0.121763 0.538889 0.115437 0.552726 0.115964 0.551145 0.109111 0.537702 0.102786 0.528214 0.105948 0.510817 0.115964 0.501724 0.122818 0.473653 0.124399 0.460210 0.128616 0.454675 0.134942
0 0.549564 0.098568 0.553122 0.073265 0.555099 0.059031 0.564983 0.067993 0.570123 0.076428 0.582775 0.079063 0.598194 0.082226 0.596217 0.091715 0.584356 0.105421 0.575658 0.108584 0.561029 0.108584 0.555099 0.109111 0.552726 0.104367
0 0.459419 0.002098 0.480374 0.025820 0.485118 0.017386 0.480374 0.005788 0.475243 0.001302 0.464559 0.001571
0 0.521097 0.032673 0.525446 0.026347 0.537307 0.021603 0.545610 0.014750 0.556680 0.020549 0.563797 0.025820 0.563797 0.036363 0.552726 0.046379 0.551936 0.054814 0.548773 0.061667 0.544424 0.063776 0.529004 0.047434 0.524655 0.039526
0 0.549564 0.002098 0.549564 0.008951 0.560634 0.015277 0.563797 0.013168 0.557866 0.001571
0 0.561820 0.001302 0.566169 0.008424 0.570518 0.012114 0.580007 0.008951 0.593054 0.001571 0.576844 0.001571 0.566564 0.002098
0 0.231291 0.985250 0.246315 0.975234 0.256990 0.963637 0.261339 0.962055 0.261735 0.973125 0.270037 0.975234 0.282294 0.964691 0.288224 0.955729 0.287829 0.934116 0.272410 0.929371 0.260548 0.923572 0.252246 0.924100 0.246711 0.932007 0.244338 0.945713 0.237617 0.955202 0.235245 0.967854
0 0.583565 0.969962 0.589100 0.959946 0.608078 0.966800 0.624288 0.975234 0.632591 0.981033 0.629824 0.996848 0.606497 0.997375 0.597799 0.985777 0.589891 0.978397
0 0.615195 0.831847 0.631405 0.826575 0.649592 0.822358 0.654732 0.823412 0.655918 0.834483 0.644057 0.841863 0.631800 0.852933 0.624684 0.865585 0.613218 0.866639 0.608869 0.866112 0.608474 0.856096 0.612427 0.845026
0 0.612823 0.884563 0.618753 0.875601 0.627451 0.872965 0.636149 0.857150 0.644057 0.850824 0.648801 0.856623 0.646034 0.876655 0.643266 0.895106 0.622707 0.889307
0 0.644057 0.989995 0.645243 0.983141 0.654732 0.982087 0.656709 0.989467 0.654336 0.994739
0 0.662244 0.915665 0.668570 0.915138 0.680826 0.920937 0.696246 0.906176 0.695850 0.936224 0.694664 0.957311 0.703758 0.969435 0.711665 0.977343 0.706525 0.990522 0.695411 0.998698 0.676477 0.996320 0.668570 0.997902 0.669756 0.985777 0.681222 0.958892 0.684384 0.949403 0.678059 0.944659 0.672128 0.940969 0.671337 0.932007 0.668174 0.925681
0 0.699409 0.935170 0.713642 0.932534 0.719572 0.925154 0.724712 0.908812 0.734201 0.919355 0.741318 0.933588 0.738550 0.943605 0.744085 0.965218 0.747248 0.970490 0.732620 0.977343 0.720363 0.978924 0.715619 0.978397 0.709688 0.967854 0.701781 0.959419 0.698222 0.952566 0.698222 0.943077
0 0.700595 0.825521 0.712456 0.830792 0.721945 0.833428 0.733806 0.829738 0.736969 0.828684 0.739341 0.807597 0.743295 0.801799 0.753574 0.806016 0.761086 0.807597 0.763063 0.821831 0.768994 0.827629 0.771366 0.833955 0.772157 0.840808 0.757132 0.842390 0.741318 0.850824 0.726294 0.860841 0.708502 0.861368 0.695059 0.863476 0.699013 0.851352 0.699409 0.841336
0 0.776506 0.835537 0.776506 0.821831 0.784018 0.817613 0.797856 0.826048 0.805368 0.832374 0.811298 0.842917 0.817624 0.851879 0.823950 0.860841 0.812484 0.862949 0.805763 0.861368 0.792716 0.851879 0.784808 0.845553
0 0.765831 0.974707 0.785994 0.974707 0.806554 0.975761 0.822764 0.977343 0.820392 0.991576 0.816958 0.998698 0.795483 0.998698 0.775715 0.996320 0.766226 0.997902 0.764249 0.986304
0 0.778878 0.914611 0.785994 0.883508 0.788762 0.878237 0.792320 0.884036 0.799437 0.912502 0.804577 0.933588 0.800228 0.944659 0.792716 0.945713 0.787181 0.934116 0.782041 0.920937
0 0.849649 0.940442 0.856370 0.931480 0.865859 0.930953 0.874953 0.928317 0.873371 0.949403 0.879697 0.963109 0.882465 0.982614 0.879302 0.989467 0.865464 0.997375 0.861905 0.985777 0.856370 0.965218 0.854393 0.952039
0 0.859929 0.926208 0.869813 0.925681 0.877720 0.920409 0.885628 0.908812 0.887604 0.901432 0.881674 0.887726 0.878511 0.883508 0.870603 0.885090 0.866650 0.901432 0.860719 0.917774
0 0.865859 0.783348 0.871394 0.774914 0.880092 0.786511 0.884046 0.801799 0.888000 0.813396 0.905001 0.820249 0.908954 0.829738 0.903815 0.850297 0.892349 0.861368 0.888395 0.874019 0.884046 0.873492 0.881674 0.864003 0.872580 0.859786 0.863882 0.853987 0.862696 0.831847 0.861905 0.822885 0.865464 0.812869 0.867441 0.799690
0 0.869022 0.765952 0.874557 0.750137 0.874162 0.735904 0.883255 0.735904 0.887209 0.748556 0.889186 0.760680 0.891163 0.781767 0.898279 0.790728 0.922792 0.788620 0.920815 0.808652 0.916071 0.821304 0.903024 0.816032 0.889186 0.809179 0.885232 0.789674 0.880092 0.778077
0 0.789948 0.742757 0.804577 0.722198 0.817229 0.731686 0.807740 0.740648 0.795879 0.746974
0 0.506757 0.321750 0.526363 0.328286 0.540314 0.334821 0.540314 0.343871 0.531642 0.345379 0.512035 0.341860 0.507134 0.334319
0 0.485642 0.332308 0.501855 0.325772 0.507134 0.345379 0.513921 0.355936 0.522970 0.353925 0.530134 0.352920 0.531265 0.360461 0.517314 0.376046 0.507134 0.387609 0.496953 0.373532 0.487150 0.352920 0.487150 0.343871
0 0.540314 0.348898 0.548609 0.339346 0.564069 0.339346 0.570101 0.340854 0.578774 0.354428 0.591593 0.359455 0.598757 0.360964 0.603659 0.363980 0.602528 0.371521 0.595364 0.376046 0.588577 0.379062 0.578396 0.376548 0.573118 0.385095 0.571233 0.394144 0.561052 0.394647 0.550118 0.390122 0.548232 0.369510 0.545970 0.358450
0 0.577642 0.347893 0.574249 0.336330 0.575003 0.331302 0.582167 0.332810 0.587446 0.344876 0.590085 0.354428 0.582167 0.351412
0 0.605167 0.371521 0.607806 0.361466 0.617987 0.357444 0.625151 0.359958 0.632315 0.362975 0.638725 0.362975 0.633069 0.375543 0.634200 0.387106 0.623266 0.388111 0.611200 0.380570
0 0.647020 0.393139 0.654938 0.384592 0.660217 0.373532 0.673790 0.384089 0.684348 0.400177 0.692266 0.414756 0.694905 0.424308 0.683217 0.442407 0.675299 0.457489 0.673036 0.461511 0.661725 0.442909 0.663610 0.427827 0.663610 0.419281 0.655692 0.423806 0.651544 0.415259 0.650790 0.402691
0 0.653430 0.349903 0.656446 0.333313 0.663610 0.320745 0.673036 0.332810 0.681331 0.344373 0.680577 0.369510 0.677938 0.380068 0.664364 0.366494 0.656069 0.355434
0 0.697168 0.352920 0.703200 0.344876 0.723184 0.337838 0.737889 0.330297 0.749955 0.334821 0.747692 0.350406 0.739774 0.368002 0.731479 0.380068 0.728086 0.393641 0.721676 0.394144 0.714889 0.393641 0.709987 0.392133 0.698299 0.378057 0.697545 0.365991
0 0.621380 0.651544 0.622134 0.637971 0.629675 0.644003 0.644380 0.658583 0.648905 0.672157 0.637594 0.673162 0.631561 0.673162 0.624020 0.661599
0 0.624397 0.747567 0.633069 0.725446 0.645889 0.734496 0.658708 0.746561 0.666626 0.749578 0.667381 0.760638 0.671528 0.779239 0.668135 0.785775 0.661725 0.788288 0.653430 0.770693 0.640987 0.756616 0.632692 0.752594
0 0.644757 0.727457 0.657577 0.720922 0.663987 0.713884 0.661348 0.700310 0.662479 0.686736 0.680200 0.713884 0.687364 0.720922 0.680577 0.728966 0.669266 0.742037 0.665872 0.745556 0.653430 0.738015 0.649282 0.731479
0 0.674167 0.784266 0.682086 0.786780 0.690758 0.779239 0.691889 0.756113 0.697168 0.747567 0.706594 0.745556 0.711118 0.743042 0.704332 0.735501 0.696036 0.723938 0.691889 0.721927 0.685856 0.727960 0.676430 0.739523 0.673036 0.748069 0.670774 0.757119 0.674167 0.773206
0 0.661725 0.679195 0.670397 0.672157 0.686233 0.679195 0.691512 0.690758 0.698299 0.694277 0.703577 0.690758 0.710741 0.691763 0.716397 0.697293 0.717151 0.705337 0.727332 0.705337 0.725823 0.718408 0.716020 0.732987 0.711873 0.738518 0.702069 0.725446 0.693397 0.716397 0.685479 0.715392 0.676053 0.700812 0.666249 0.688244
0 0.647774 0.659588 0.653807 0.649031 0.655692 0.641992 0.665872 0.641490 0.673036 0.657074 0.668135 0.669140 0.657954 0.675676 0.651544 0.667129
0 0.932448 0.891349 0.933579 0.876267 0.941874 0.868223 0.949038 0.877775 0.961103 0.878278 0.974677 0.873250 0.981841 0.867720 0.992399 0.875261 0.989005 0.884813 0.983726 0.885819 0.984481 0.909447 0.986743 0.918497 0.977694 0.938103 0.965628 0.947153 0.956579 0.934584 0.949415 0.912967 0.944890 0.903415 0.938480 0.898387
0 0.962612 0.957207 0.967136 0.952180 0.978448 0.951677 0.983726 0.942628 0.984104 0.935087 0.989382 0.921010 0.996546 0.917994 0.997677 0.925535 0.998809 0.944639 0.997300 0.956704 0.991645 0.965754 0.983726 0.974803 0.978448 0.976311 0.970153 0.965251
0 0.998054 0.982344 0.993907 0.976311 0.994284 0.968770 0.998809 0.960224
0 0.762020 0.293094 0.768807 0.293094 0.781627 0.277007 0.785775 0.263936 0.780119 0.254384 0.774463 0.264941 0.768053 0.279018
0 0.790299 0.285051 0.788791 0.276001 0.798594 0.261925 0.804250 0.270471 0.814431 0.271980 0.823480 0.271477 0.835168 0.277510 0.829513 0.300133 0.823857 0.316220 0.817447 0.316723 0.811037 0.306668 0.807267 0.298122 0.798594 0.293094
0 0.797086 0.203608 0.793693 0.190537 0.797840 0.186012 0.806512 0.195564 0.808398 0.214668 0.818201 0.234274 0.835168 0.244329 0.854398 0.237794 0.861562 0.237291 0.864955 0.256395 0.858545 0.265947 0.846480 0.272985 0.834414 0.271477 0.815562 0.266952 0.810660 0.263936 0.800480 0.250865 0.793693 0.228744 0.794447 0.216679
0 0.602151 0.185509 0.619118 0.164394 0.625905 0.145793 0.631938 0.132722 0.648905 0.128197 0.653430 0.148307 0.640233 0.157859 0.634200 0.161881 0.633823 0.179476 0.638725 0.187520 0.646643 0.190034 0.645512 0.197575 0.639479 0.197072 0.631938 0.197072 0.623643 0.203105 0.612708 0.204613 0.608184 0.203608 0.603659 0.195061
0 0.583675 0.245335 0.584806 0.231258 0.590839 0.225225 0.594610 0.215673 0.605544 0.210143 0.610446 0.214165 0.617987 0.227236 0.629298 0.247346 0.635708 0.254887 0.625528 0.271477 0.619495 0.274996 0.605167 0.263936 0.595364 0.254384 0.584806 0.250865
0 0.645889 0.209138 0.657954 0.204613 0.668889 0.209138 0.677184 0.221203 0.676807 0.238296 0.661725 0.241815 0.652676 0.240307 0.648905 0.224220
0 0.663233 0.200591 0.667758 0.179979 0.673413 0.176460 0.691135 0.180482 0.705840 0.185509 0.715643 0.174952 0.723938 0.187017 0.722807 0.199083 0.719037 0.211651 0.706594 0.219192 0.691135 0.227739 0.684725 0.235783 0.682463 0.240307 0.678315 0.239805 0.679446 0.225225 0.676807 0.213662 0.669266 0.204110
0 0.652299 0.126186 0.659840 0.121662 0.674545 0.116132 0.685479 0.117137 0.692266 0.121662 0.693020 0.134230 0.686233 0.137749 0.676430 0.145793 0.666626 0.153334 0.659840 0.151323 0.654938 0.138755
0 0.671151 0.154340 0.679823 0.145793 0.689627 0.141269 0.694905 0.141269 0.699430 0.154842 0.707725 0.163892 0.711873 0.169924 0.708856 0.178974 0.702069 0.179979 0.686610 0.175454 0.671528 0.173444 0.669643 0.167913
0 0.676807 0.072897 0.682463 0.055804 0.686610 0.046754 0.699053 0.047760 0.703955 0.056809 0.703200 0.070886 0.695282 0.083957 0.688118 0.090995 0.682086 0.086470
0 0.728086 0.002011 0.753348 0.001302 0.759004 0.001302 0.752217 0.010557 0.746184 0.023126 0.733742 0.026142 0.722430 0.027650 0.723184 0.015082
0 0.695659 0.042230 0.695282 0.038711 0.703955 0.034689 0.717905 0.029159 0.719791 0.035694 0.717528 0.044241 0.715266 0.061836 0.707725 0.062842 0.706971 0.050776 0.701315 0.045246
0 0.719037 0.061334 0.720545 0.044743 0.728840 0.033683 0.736758 0.030667 0.743168 0.037202 0.746184 0.042230 0.736381 0.059825 0.727332 0.066361
0 0.729971 0.070886 0.736381 0.064350 0.743168 0.052787 0.746561 0.052787 0.751463 0.070886 0.761643 0.082449 0.776348 0.088481 0.782004 0.107585 0.788037 0.120656 0.800480 0.137247 0.813299 0.144788 0.832529 0.148810 0.836677 0.153837 0.832152 0.165903 0.815562 0.176963 0.793316 0.179476 0.786529 0.175454 0.788791 0.163892 0.785398 0.151323 0.774463 0.147804 0.758627 0.140766 0.753348 0.127695 0.752217 0.114121 0.746561 0.099039 0.738266 0.088984 0.734119 0.079935
0 0.841578 0.320745 0.847234 0.305663 0.857037 0.294100 0.866087 0.299127 0.880414 0.298625 0.883808 0.293094 0.895874 0.289575 0.916611 0.288570 0.924529 0.282537 0.927169 0.284045 0.924906 0.294100 0.917743 0.299630 0.912087 0.309685 0.906808 0.322253 0.898513 0.337838 0.889464 0.337335 0.880037 0.333313 0.863824 0.337838 0.851004 0.332810
0 0.838185 0.397161 0.842332 0.404199 0.863070 0.392133 0.879660 0.385095 0.883808 0.382581 0.886070 0.373029 0.885693 0.363477 0.875136 0.364483 0.858168 0.372024 0.848365 0.381576
0 0.940366 0.301641 0.941874 0.290078 0.949792 0.283542 0.960349 0.277510 0.967890 0.282034 0.973546 0.292592 0.977694 0.305663 0.975431 0.315718 0.970907 0.318734 0.964497 0.312701 0.953562 0.314209 0.947907 0.309182 0.943759 0.304155
0 0.887955 0.384592 0.890595 0.371018 0.899267 0.366494 0.901906 0.348395 0.920759 0.352417 0.941120 0.361466 0.949415 0.366494 0.949415 0.377051 0.947907 0.381576 0.932070 0.383587 0.923775 0.390122 0.921136 0.403193 0.903415 0.394647
0 0.818461 0.512467 0.827482 0.517173 0.835718 0.535475 0.840816 0.541750 0.841209 0.527631 0.840424 0.507760 0.842777 0.499393 0.843562 0.488412 0.839640 0.470110 0.829443 0.467495 0.827482 0.476385 0.826697 0.489458 0.820815 0.503577
0 0.841601 0.545934 0.846307 0.540704 0.852974 0.538613 0.862387 0.532338 0.872584 0.531815 0.871800 0.560576 0.861603 0.566328 0.848268 0.573126 0.843954 0.569465 0.843954 0.556915
0 0.847484 0.577832 0.866309 0.569988 0.874153 0.568942 0.890625 0.582538 0.897684 0.588291 0.891802 0.602933 0.892194 0.623850 0.892194 0.637446 0.888272 0.636923 0.886311 0.624895 0.878075 0.618097 0.877290 0.603455 0.867486 0.594566 0.857681 0.591951 0.851013 0.592474 0.848660 0.584630
0 0.842385 0.615483 0.849445 0.620189 0.872584 0.614960 0.871800 0.607116 0.866309 0.599272 0.857289 0.598226 0.851798 0.599272 0.848660 0.603978
0 0.834933 0.632739 0.839248 0.621758 0.844346 0.619666 0.847876 0.625418 0.854935 0.647381 0.861603 0.657840 0.865917 0.666729 0.868662 0.684509 0.859642 0.688692 0.847876 0.675619 0.843562 0.658886 0.841601 0.647904
0 0.910627 0.686078 0.914157 0.665161 0.913764 0.655748 0.929452 0.648950 0.941218 0.642152 0.940826 0.657840 0.944748 0.673005 0.954945 0.679280 0.958082 0.686078 0.958475 0.701242 0.962396 0.710655 0.945924 0.718499 0.933374 0.722159 0.925138 0.710132 0.915725 0.697059
0 0.960828 0.693922 0.963965 0.682940 0.971417 0.677188 0.977692 0.682940 0.988673 0.689738 0.990634 0.701765 0.983575 0.717976 0.971417 0.710132 0.964357 0.709609 0.962789 0.704380
0 0.908274 0.451284 0.918079 0.454422 0.928668 0.462789 0.934943 0.467495 0.947101 0.465403 0.956514 0.467495 0.961220 0.473247 0.968672 0.469064 0.971417 0.463835 0.961220 0.450238 0.956906 0.434551 0.940041 0.429321 0.931021 0.428276 0.919647 0.434028 0.912196 0.446055
0 0.972986 0.540182 0.971417 0.525017 0.972986 0.515604 0.979653 0.516127 0.991811 0.515081 0.998086 0.509329 0.995341 0.520310 0.979653 0.534429
0 0.971025 0.560053 0.973770 0.550117 0.975339 0.545411 0.988673 0.533906 0.999023 0.524542 0.999023 0.585153 0.995733 0.585153 0.991419 0.571034 0.980045 0.563713
0 0.990634 0.615483 0.986320 0.609208 0.989066 0.596135 0.991027 0.590905 0.998086 0.590382 0.998478 0.614437 0.997694 0.618097
0 0.983575 0.860212 0.989850 0.841909 0.999023 0.837323 0.999023 0.875377 0.991027 0.868056
1 0.000977 0.001302 0.016817 0.001302 0.023092 0.004706 0.034074 0.015165 0.042310 0.020917 0.045447 0.032421 0.040741 0.047586 0.038780 0.056476 0.027407 0.056476 0.016817 0.054384 0.015248 0.061182 0.024661 0.073732 0.032505 0.094649 0.032113 0.101447 0.020739 0.106154 0.011719 0.108245 0.008973 0.112429 0.007405 0.119227 0.001914 0.122364 0.000977 0.117135 0.000977 0.055953 0.000977 0.026502
1 0.019170 0.062751 0.020347 0.058568 0.033682 0.060659 0.039172 0.063274 0.039565 0.071118 0.038780 0.078962 0.048193 0.111906 0.032897 0.107200 0.034858 0.096741 0.030544 0.081053 0.027014 0.069549
1 0.041525 0.056999 0.048193 0.038174 0.055252 0.033990 0.067018 0.030853 0.076039 0.033467 0.087412 0.047063 0.093687 0.062228 0.094079 0.075301 0.087020 0.093081 0.077215 0.113475 0.067802 0.117658 0.054468 0.114521 0.055252 0.106154 0.048193 0.082622 0.045840 0.075301 0.043486 0.071641
2 0.062312 0.073732 0.065449 0.063797 0.070940 0.063274 0.072901 0.073210 0.070548 0.076870
1 0.001522 0.127071 0.009758 0.124979 0.019170 0.128640 0.034074 0.137006 0.028583 0.141190 0.019170 0.135961 0.009366 0.136483 0.000977 0.139621
1 0.028975 0.149557 0.037604 0.140144 0.052115 0.147465 0.067410 0.153740 0.066234 0.171519 0.056821 0.179886 0.046232 0.186684 0.028975 0.185638 0.019563 0.183547 0.019955 0.174657 0.027014 0.165767
1 0.002306 0.167336 0.010934 0.168382 0.014856 0.173088 0.016033 0.186684 0.012895 0.199757 0.008189 0.201849 0.001130 0.199234 0.001130 0.180932
1 0.014856 0.205510 0.018778 0.188776 0.030152 0.189822 0.042310 0.190345 0.049369 0.190345 0.055252 0.211262 0.048585 0.216491 0.035643 0.219106 0.025838 0.220151 0.018386 0.213353
1 0.000977 0.204464 0.010934 0.208647 0.023877 0.222766 0.020347 0.231656 0.013288 0.244729 0.006620 0.244206 0.000977 0.236362 0.000977 0.221197
1 0.002698 0.246298 0.008189 0.249958 0.010150 0.262508 0.007012 0.274013 0.003875 0.277673 0.000977 0.264600
1 0.009758 0.282380 0.021524 0.280811 0.028191 0.274013 0.012111 0.268783 0.010934 0.275581
1 0.028583 0.281857 0.032113 0.273490 0.039957 0.271398 0.046232 0.274013 0.041525 0.282902 0.039172 0.292315 0.031328 0.287086
1 0.066626 0.186161 0.071332 0.173611 0.086628 0.175180 0.095648 0.181455 0.105845 0.198712 0.107022 0.208124 0.093687 0.220151 0.085059 0.226949 0.077607 0.213353 0.071724 0.201849
1 0.080590 0.003332 0.076325 0.023801 0.081869 0.035173 0.092104 0.041428 0.107456 0.038016 0.107882 0.008449 0.105750 0.001302 0.092530 0.001302
1 0.092530 0.049957 0.100633 0.045408 0.108309 0.045977 0.115132 0.057349 0.113426 0.070426 0.103618 0.072132 0.099780 0.070426 0.098074 0.063034
1 0.083149 0.136952 0.076752 0.119894 0.085707 0.111365 0.088692 0.102268 0.102339 0.113639 0.117691 0.121600 0.120249 0.130129 0.115985 0.144344 0.101912 0.138089 0.091677 0.138658
1 0.090825 0.096013 0.096795 0.078955 0.101486 0.076112 0.111294 0.077249 0.116838 0.084073 0.121955 0.092033 0.121529 0.110228 0.121102 0.117620 0.109162 0.110796 0.098927 0.105679
1 0.112573 0.005038 0.126220 0.002195 0.146263 0.003901 0.161188 0.006175 0.170144 0.010155 0.168011 0.039153 0.164600 0.046545 0.146689 0.050525 0.132190 0.053937 0.120249 0.057349 0.111294 0.038585 0.109162 0.022096
1 0.117264 0.072701 0.119396 0.064172 0.136028 0.059054 0.151380 0.054506 0.162468 0.056211 0.167159 0.073838 0.170570 0.093170 0.169717 0.101130 0.161615 0.110796 0.148821 0.116482 0.137307 0.119894 0.127073 0.115345 0.128778 0.101699 0.124940 0.081798
1 0.144130 0.128423 0.146689 0.122168 0.157777 0.120463 0.170570 0.127286 0.180805 0.129560 0.188481 0.131266 0.194025 0.140932 0.197010 0.147187 0.195304 0.159696 0.192745 0.168225 0.183790 0.174479 0.169717 0.179597 0.160335 0.183008 0.152233 0.166519 0.147542 0.146049
1 0.165453 0.117051 0.170570 0.107954 0.175687 0.103973 0.185922 0.106248 0.192745 0.109659 0.193172 0.123874 0.180805 0.124443
1 0.194878 0.130129 0.197863 0.113639 0.202127 0.105679 0.211935 0.099425 0.225155 0.102268 0.240934 0.107954 0.243066 0.120463 0.240081 0.132403 0.229420 0.136383 0.224302 0.142069 0.217479 0.144344 0.206818 0.142638 0.200848 0.138089
1 0.018928 0.263038 0.014996 0.256047 0.022861 0.239444 0.026793 0.228957 0.031381 0.224588 0.047111 0.224588 0.053665 0.224588 0.058908 0.232452 0.058908 0.250804 0.048422 0.264786 0.035314 0.263912
1 0.087091 0.257795 0.092334 0.232452 0.097578 0.222840 0.110686 0.214975 0.122483 0.216723 0.136902 0.223714 0.145423 0.231579 0.145423 0.242065 0.142146 0.257795 0.142801 0.277894 0.134281 0.282264 0.128382 0.292750 0.122483 0.298867 0.115929 0.297120 0.108720 0.284885 0.100855 0.270903 0.093645 0.263038
1 0.018273 0.383634 0.034003 0.394994 0.047111 0.392373 0.055631 0.381012 0.067429 0.372273 0.072672 0.369652 0.073983 0.358291 0.063496 0.349553 0.041868 0.338192 0.035314 0.335570 0.030726 0.340814 0.025482 0.354796 0.022205 0.368778
1 0.077915 0.347805 0.083159 0.323336 0.096267 0.318967 0.108064 0.313723 0.111997 0.319841 0.116585 0.330327 0.128382 0.342562 0.131004 0.358291 0.122483 0.363535 0.106098 0.367030 0.088402 0.369652 0.084469 0.368778 0.081192 0.358291
1 0.138868 0.362661 0.136247 0.340814 0.149355 0.331201 0.157220 0.329453 0.173605 0.347805 0.177538 0.356544 0.170328 0.360039 0.153943 0.360039
1 0.160497 0.421211 0.152632 0.412472 0.157220 0.384508 0.163774 0.368778 0.178193 0.365282 0.189335 0.373147 0.199166 0.394121 0.210308 0.410724 0.208997 0.421211 0.201788 0.427328 0.184092 0.429076
1 0.199166 0.437815 0.207687 0.431697 0.216207 0.433445 0.222106 0.453544 0.215552 0.452671 0.204410 0.444806
1 0.216862 0.422085 0.218829 0.409850 0.248978 0.404607 0.260775 0.408103 0.277816 0.416841 0.292235 0.425580 0.283059 0.445680 0.271917 0.450923 0.245701 0.450923 0.231281 0.451797 0.224727 0.441310
1 0.250944 0.399364 0.267984 0.403733 0.289613 0.416841 0.294856 0.416841 0.295512 0.404607 0.295512 0.391499 0.292235 0.375769 0.288958 0.367030 0.279126 0.371400 0.263397 0.389751
1 0.241768 0.323336 0.243079 0.304985 0.247011 0.286633 0.258153 0.280516 0.277816 0.284011 0.289613 0.303237 0.296167 0.320714 0.300100 0.335570 0.300755 0.349553 0.292890 0.356544 0.280437 0.356544 0.275194 0.346057 0.261430 0.332949 0.250288 0.325958
1 0.130843 0.210727 0.137100 0.199121 0.140636 0.195857 0.155053 0.199121 0.157773 0.212541 0.159405 0.225960 0.156957 0.232852 0.152605 0.234302 0.144172 0.222696
1 0.159133 0.198758 0.163758 0.188603 0.170014 0.183525 0.184976 0.177359 0.193952 0.175183 0.202385 0.180261 0.208370 0.184976 0.204561 0.206012 0.201025 0.215805 0.192864 0.225598 0.183888 0.235028 0.174095 0.224147 0.165934 0.212541
1 0.155869 0.240468 0.167022 0.226323 0.180351 0.240831 0.177359 0.244458 0.163486 0.244821
1 0.183616 0.246634 0.184976 0.236841 0.203201 0.222696 0.208098 0.220157 0.221155 0.218706 0.228499 0.223059 0.234756 0.234302 0.233940 0.240106 0.238292 0.249898 0.242644 0.255339 0.240740 0.260779 0.235028 0.258240 0.228227 0.240831 0.212178 0.230675 0.202929 0.232852 0.198577 0.235391 0.193136 0.242282 0.192048 0.251712 0.189600 0.252437 0.186064 0.249536
1 0.226323 0.212903 0.232852 0.195494 0.230403 0.173732 0.235028 0.165390 0.246997 0.158136 0.260870 0.147255 0.275015 0.146892 0.280184 0.151970 0.281544 0.182074 0.279640 0.198033 0.273111 0.206737 0.252981 0.207463 0.238020 0.211453
1 0.283448 0.154146 0.295417 0.154509 0.303306 0.158136 0.308746 0.170830 0.308474 0.182437 0.305482 0.189691 0.299225 0.195494 0.289432 0.195857 0.285080 0.193318 0.285624 0.180623 0.284808 0.169380
1 0.175999 0.012332 0.192864 0.009067 0.211634 0.012694 0.227411 0.022125 0.233940 0.028290 0.235572 0.034094 0.229315 0.050778 0.225507 0.065286 0.223875 0.072177 0.214898 0.083058 0.207009 0.092488 0.201025 0.099379 0.196401 0.103006 0.180623 0.099016 0.173551 0.098291 0.169470 0.074716 0.167022 0.059120 0.168110 0.047513 0.173279 0.027928
1 0.194768 0.001302 0.198849 0.005440 0.220883 0.011969 0.228227 0.020311 0.235844 0.025026 0.245093 0.011244 0.247813 0.002539 0.232036 0.001813 0.219795 0.001302 0.202113 0.001302
1 0.251621 0.001451 0.245365 0.015959 0.239108 0.028290 0.241828 0.034819 0.251349 0.030829 0.260598 0.022125 0.261958 0.017047 0.263590 0.009067 0.266038 0.002539 0.258966 0.002539
1 0.251077 0.035544 0.260326 0.027202 0.267127 0.027202 0.279640 0.030467 0.288344 0.031917 0.296505 0.036632 0.300041 0.042436 0.309290 0.050415 0.316907 0.052591 0.320715 0.060933 0.323163 0.071451 0.321259 0.078343 0.316635 0.086322 0.310378 0.076166 0.294601 0.072177 0.281000 0.064197 0.267399 0.053679 0.261142 0.047513 0.255974 0.043524 0.251349 0.038083
1 0.319083 0.091762 0.328060 0.076892 0.330508 0.070726 0.346013 0.057669 0.351182 0.060208 0.365327 0.065286 0.383552 0.068550 0.386001 0.072902 0.390625 0.083420 0.393073 0.097203 0.396882 0.107721 0.399874 0.114975 0.399874 0.125131 0.396882 0.138550 0.392257 0.150157 0.389809 0.155960 0.383824 0.163939 0.374304 0.170830 0.365055 0.175183 0.353358 0.180261 0.341933 0.162851 0.334860 0.140001 0.336492 0.121504 0.335676 0.104094 0.330780 0.093939 0.326700 0.092488
1 0.347917 0.054042 0.353902 0.054042 0.361247 0.048601 0.364783 0.043886 0.362607 0.026477 0.358254 0.018860 0.354990 0.015959 0.352270 0.026840 0.350094 0.041710 0.349550 0.051140
1 0.407218 0.006529 0.400962 0.017772 0.401778 0.038083 0.405586 0.052591 0.418099 0.068550 0.427348 0.079793 0.434965 0.075078 0.443669 0.072539 0.446662 0.070363 0.450470 0.062384 0.464071 0.054042 0.468424 0.051140 0.474408 0.034819 0.477672 0.027565 0.463255 0.010881 0.454278 0.001302 0.442037 0.002176 0.417827 0.002902
1 0.388993 0.070001 0.388993 0.062384 0.394433 0.055130 0.402322 0.054405 0.409395 0.063109 0.417555 0.072539 0.422996 0.077980 0.424900 0.082695 0.423812 0.099742 0.424356 0.115338 0.421908 0.136374 0.415651 0.133473 0.408851 0.124405 0.402866 0.116063 0.397698 0.094664 0.394977 0.082695
1 0.428436 0.085597 0.439589 0.077617 0.448294 0.077617 0.451286 0.084508 0.452102 0.104457 0.456183 0.116426 0.458359 0.121504 0.455094 0.128758 0.451014 0.131296 0.437141 0.117151 0.430068 0.105545 0.428436 0.098291
1 0.418371 0.162851 0.429524 0.165027 0.435237 0.161038 0.442581 0.152333 0.447750 0.146530 0.449110 0.137825 0.439045 0.125131 0.431156 0.113162 0.428164 0.110260 0.426260 0.124042 0.425444 0.134923 0.420548 0.153421
1 0.354446 0.193318 0.362607 0.197670 0.371583 0.189328 0.385457 0.167566 0.371855 0.176271 0.360702 0.181711 0.357710 0.184250
1 0.227955 0.216530 0.253525 0.214354 0.269575 0.209639 0.281272 0.207100 0.283720 0.223784 0.281272 0.230313 0.267943 0.230675 0.254069 0.229587 0.240196 0.230675 0.232036 0.226323
1 0.237748 0.235753 0.249989 0.233940 0.259510 0.234665 0.265222 0.236841 0.264678 0.250261 0.261958 0.259329 0.251893 0.260054 0.246997 0.260054 0.240468 0.247360
1 0.283448 0.200209 0.292425 0.199121 0.305210 0.195494 0.300585 0.208914 0.298681 0.219432 0.297593 0.227411 0.290793 0.227411 0.286984 0.214354
1 0.245365 0.125856 0.245637 0.110985 0.257062 0.103731 0.271479 0.103006 0.285624 0.109535 0.291065 0.114612 0.286168 0.133473 0.284536 0.143265 0.272839 0.143265 0.263862 0.141089 0.258150 0.133110 0.249717 0.127669
1 0.285080 0.147255 0.297321 0.148706 0.299225 0.130571 0.303850 0.111711 0.308474 0.102281 0.299769 0.112073 0.294601 0.117151 0.289432 0.133110 0.287528 0.143265
1 0.152877 0.321713 0.153965 0.292334 0.165934 0.286531 0.177087 0.280002 0.186608 0.270209 0.190144 0.256427 0.203201 0.265494 0.208914 0.273474 0.210274 0.283267 0.211634 0.289432 0.209730 0.297412 0.205105 0.305754 0.202385 0.311557 0.198849 0.322075 0.196129 0.327516 0.194768 0.332956 0.184976 0.343474 0.179807 0.349640 0.169198 0.335495 0.160494 0.326790
1 0.179263 0.361972 0.187152 0.349278 0.198033 0.333319 0.203745 0.346739 0.214898 0.344562 0.225507 0.332593 0.235844 0.329692 0.228499 0.348552 0.225779 0.361247 0.228227 0.369589 0.222515 0.383734 0.214626 0.393527 0.209186 0.403319 0.203473 0.390262 0.195312 0.372127 0.189056 0.368138
1 0.006257 0.412387 0.006257 0.398967 0.012241 0.392076 0.021490 0.394252 0.032371 0.400055 0.041347 0.405133 0.044068 0.425807 0.042708 0.435962 0.035635 0.437413 0.031011 0.435237 0.019314 0.423268 0.013329 0.416739
1 0.002448 0.294873 0.009793 0.289070 0.023938 0.287982 0.030195 0.295961 0.038355 0.309381 0.040803 0.326428 0.035635 0.331143 0.030195 0.326428 0.018498 0.307930 0.010337 0.299225
1 0.049236 0.267308 0.060661 0.272748 0.067734 0.273474 0.074806 0.265857 0.074534 0.260417 0.064741 0.254976 0.059573 0.257515 0.051684 0.265494
1 0.042436 0.303215 0.061477 0.303215 0.075622 0.301764 0.081063 0.303215 0.079975 0.316997 0.077799 0.333682 0.064469 0.327153 0.054949 0.322801 0.046516 0.316635
1 0.044884 0.401143 0.060389 0.387361 0.073446 0.373578 0.079159 0.369589 0.082151 0.377568 0.079975 0.385547 0.081607 0.400055 0.087591 0.412024 0.090584 0.416739 0.089224 0.427620 0.087863 0.434874 0.073718 0.446480 0.066646 0.447931 0.059029 0.443579 0.051140 0.433423 0.048964 0.421454
1 0.001904 0.464978 0.004080 0.452646 0.022578 0.446843 0.034819 0.443579 0.045428 0.442853 0.051684 0.446118 0.054677 0.451921 0.049236 0.466066 0.049508 0.474771 0.043796 0.485289 0.037267 0.494356 0.026114 0.500522 0.021490 0.504875 0.014961 0.498346 0.003264 0.487465 0.001632 0.475496
1 0.052772 0.472232 0.053317 0.464253 0.056853 0.456636 0.064197 0.452284 0.071270 0.454822 0.076710 0.462076 0.076438 0.469693 0.072358 0.475859 0.061477 0.475133
1 0.081879 0.464978 0.075894 0.452646 0.087863 0.439952 0.094392 0.438864 0.100104 0.448294 0.103369 0.454097 0.102825 0.461714 0.092488 0.463164
1 0.093576 0.432335 0.093576 0.418190 0.095208 0.409485 0.100649 0.402594 0.108809 0.400055 0.114250 0.399330 0.122682 0.399692 0.126219 0.401869 0.127579 0.414563 0.126219 0.421454 0.118602 0.426532 0.112890 0.431247 0.107721 0.439589 0.105001 0.447206 0.099016 0.439589
1 0.106905 0.459537 0.118330 0.468968 0.122682 0.472232 0.127307 0.474408 0.133563 0.478398 0.140092 0.468242 0.149069 0.454460 0.150429 0.445755 0.145532 0.443216 0.132475 0.441040 0.127307 0.433786 0.125403 0.427983 0.118330 0.434149 0.113434 0.440315 0.109897 0.447931 0.107993 0.453372
1 0.238836 0.268033 0.246181 0.276013 0.244005 0.286894 0.237748 0.290158 0.236660 0.282179 0.237204 0.272023
1 0.247541 0.263681 0.262502 0.263681 0.263862 0.272748 0.255702 0.275287 0.248357 0.269847
1 0.270935 0.236116 0.283448 0.231764 0.291609 0.231401 0.292969 0.235391 0.286440 0.251349 0.284808 0.269121 0.282904 0.279277 0.270935 0.277101 0.266583 0.267671 0.268215 0.252075
1 0.307114 0.238292 0.321531 0.221608 0.330780 0.209639 0.340301 0.204924 0.349822 0.198395 0.359614 0.201660 0.369679 0.208551 0.368047 0.217256 0.355806 0.235753 0.346285 0.247360 0.337853 0.253163 0.334316 0.260054 0.323163 0.257152 0.311738 0.253525
1 0.000977 0.947728 0.010609 0.944101 0.015233 0.950992 0.023938 0.964049 0.033731 0.970578 0.038355 0.974568 0.041620 0.987262 0.039987 0.995604 0.029106 0.997055 0.010881 0.998143 0.002448 0.997780 0.001088 0.980371 0.001360 0.966226
1 0.019586 0.903479 0.025026 0.886432 0.031011 0.879904 0.038355 0.873012 0.051140 0.878816 0.053589 0.889696 0.054949 0.900577 0.057669 0.907831 0.055493 0.915448 0.051684 0.920163 0.041075 0.919438 0.028562 0.913635 0.023938 0.910733
1 0.002448 0.825499 0.015233 0.822597 0.018770 0.831665 0.013601 0.841458 0.007617 0.846898 0.001632 0.847624 0.000977 0.835655
1 0.000977 0.850888 0.008977 0.850888 0.012785 0.865033 0.016049 0.872650 0.020130 0.883893 0.020130 0.887520 0.016593 0.898401 0.013873 0.905292 0.002720 0.903479 0.000977 0.884981 0.000977 0.868660
1 0.002448 0.753322 0.015233 0.762390 0.024754 0.768918 0.039987 0.776172 0.042708 0.782701 0.039715 0.790317 0.034819 0.797209 0.028834 0.803375 0.025298 0.808452 0.020402 0.816069 0.015505 0.819333 0.002720 0.820059 0.001088 0.793944 0.001632 0.776898
1 0.020402 0.821509 0.030467 0.808815 0.036995 0.799385 0.040803 0.796483 0.053589 0.800836 0.055493 0.812442 0.057941 0.824048 0.059573 0.833478 0.061205 0.837831 0.050324 0.843271 0.040531 0.844722 0.035907 0.843997 0.030195 0.838556 0.024754 0.833841 0.022578 0.830940
1 0.086775 0.841820 0.098200 0.864308 0.102825 0.879541 0.113706 0.880266 0.124587 0.879178 0.130027 0.879904 0.131931 0.869385 0.133019 0.854152 0.132747 0.845085 0.131387 0.836743 0.126491 0.826587 0.120778 0.817882 0.118602 0.808452 0.117514 0.802286 0.119690 0.795032 0.113162 0.786690 0.109081 0.785240 0.105001 0.786328 0.097384 0.791768 0.092760 0.797209 0.093032 0.808452 0.093304 0.814255 0.093304 0.818608 0.093032 0.829126 0.089224 0.835292
1 0.140092 0.808452 0.139004 0.800473 0.147164 0.798659 0.153965 0.799385 0.158317 0.808452 0.158317 0.809903 0.162126 0.817882 0.165662 0.831665 0.166750 0.842183 0.165934 0.849074 0.154509 0.857054 0.150701 0.861769 0.150429 0.853789 0.150701 0.841820 0.147436 0.826950 0.143356 0.818608
1 0.118330 0.784152 0.120234 0.789229 0.124859 0.789229 0.135467 0.793944 0.141724 0.795758 0.151245 0.795758 0.156957 0.796483 0.159133 0.787779 0.159405 0.775810 0.153149 0.751509 0.147981 0.744980 0.144716 0.731560 0.138732 0.737001 0.135467 0.743529 0.131659 0.756949 0.128667 0.765291 0.123226 0.773271 0.119418 0.779074
1 0.148525 0.737726 0.154509 0.724669 0.165118 0.717415 0.176815 0.717053 0.182527 0.725395 0.188512 0.735187 0.192592 0.739540 0.203201 0.740265 0.208914 0.740991 0.207282 0.752960 0.202385 0.758400 0.188240 0.758037 0.181439 0.763115 0.173279 0.771094 0.165662 0.773271 0.161038 0.771820 0.159950 0.758037 0.152605 0.744255
1 0.000977 0.681508 0.010881 0.685861 0.015505 0.694565 0.011697 0.707985 0.003808 0.720317 0.000977 0.723944 0.002448 0.700731
1 0.000977 0.728659 0.010337 0.715602 0.016321 0.701819 0.019858 0.692389 0.030467 0.683684 0.035091 0.681871 0.047060 0.688762 0.059845 0.696742 0.075622 0.710887 0.075894 0.722493 0.069638 0.733374 0.061205 0.746068 0.053589 0.760576 0.049508 0.775084 0.045972 0.775447 0.034003 0.768193 0.016865 0.758763 0.006529 0.752597 0.000977 0.749333
1 0.052228 0.774721 0.059301 0.777623 0.067462 0.779074 0.072358 0.776535 0.081607 0.767105 0.088679 0.772183 0.098472 0.777260 0.109081 0.780525 0.109353 0.776172 0.105817 0.767105 0.103369 0.750421 0.099832 0.740991 0.097656 0.733374 0.093576 0.724307 0.082151 0.723218 0.079159 0.723581 0.075350 0.728296 0.071270 0.735550 0.064197 0.748607 0.060117 0.754773 0.057397 0.762752 0.053861 0.770732
1 0.079431 0.717053 0.078887 0.709799 0.086503 0.703633 0.095208 0.698555 0.106361 0.684773 0.111529 0.670627 0.112073 0.662285 0.119690 0.654306 0.135195 0.645239 0.141452 0.642700 0.143084 0.647415 0.141724 0.655394 0.142268 0.668088 0.144444 0.683684 0.144988 0.696742 0.144716 0.706897 0.145260 0.714514 0.144716 0.718141 0.139004 0.728659 0.133563 0.734099 0.132747 0.719954 0.127579 0.711975 0.122138 0.711975 0.113978 0.712700 0.100376 0.718141 0.095752 0.718503 0.091400 0.719954 0.084327 0.719954
1 0.000977 0.551552 0.014310 0.543048 0.021484 0.535077 0.040617 0.534545 0.049785 0.532951 0.055365 0.542517 0.060148 0.555272 0.062141 0.557929 0.057358 0.564838 0.052575 0.573873 0.049785 0.588754 0.048589 0.597789 0.043806 0.603635 0.025470 0.597258 0.011121 0.596726 0.001156 0.599384 0.001156 0.575468 0.000977 0.554918
1 0.060945 0.568027 0.067323 0.555804 0.083267 0.553678 0.092036 0.551552 0.096819 0.558461 0.095225 0.565901 0.087651 0.574405 0.077687 0.574405 0.065729 0.571216
1 0.082868 0.518601 0.082868 0.507440 0.086854 0.504783 0.092435 0.515944 0.097218 0.523384 0.093630 0.526573 0.085658 0.522853
1 0.096819 0.535608 0.097616 0.555804 0.102001 0.564307 0.112364 0.566964 0.122728 0.574936 0.129106 0.576531 0.135085 0.568559 0.147042 0.560587 0.156609 0.552615 0.160196 0.543580 0.155812 0.531356 0.144252 0.518070 0.144651 0.515412 0.127910 0.515412 0.116350 0.515412 0.111169 0.518070 0.103595 0.526573
1 0.099609 0.490965 0.101204 0.472895 0.105190 0.466518 0.115952 0.473427 0.126315 0.481399 0.133092 0.484056 0.130700 0.490434 0.127511 0.493622 0.110371 0.493622 0.104791 0.494154
1 0.137077 0.493091 0.138273 0.480867 0.145448 0.469707 0.153819 0.456952 0.156609 0.454826 0.166574 0.452700 0.179727 0.456952 0.188895 0.463861 0.198461 0.474490 0.201650 0.480336 0.203245 0.487776 0.207629 0.500531 0.208825 0.510098 0.204042 0.519664 0.202049 0.531356 0.170560 0.531888 0.162588 0.536671 0.156609 0.526042 0.149434 0.517007 0.152224 0.505315 0.147840 0.495748 0.143854 0.493622
1 0.134686 0.579719 0.135483 0.591943 0.147042 0.603104 0.158203 0.607887 0.163783 0.611607 0.172553 0.605761 0.196070 0.602041 0.205238 0.602572 0.206832 0.599384 0.199657 0.588223 0.196070 0.570685 0.203245 0.547832 0.206832 0.539860 0.192881 0.538797 0.186504 0.536671 0.174944 0.536671 0.169762 0.537734 0.164979 0.543048 0.162588 0.548895 0.159000 0.557398 0.153420 0.563776 0.148238 0.568559 0.145847 0.570153 0.142259 0.572279
1 0.077288 0.639243 0.082071 0.654656 0.095623 0.661565 0.106386 0.658907 0.114357 0.655719 0.105588 0.637117 0.100407 0.628082 0.090840 0.625425 0.082071 0.628614
1 0.105987 0.623299 0.113560 0.609481 0.122329 0.603635 0.128707 0.599915 0.138672 0.602572 0.143854 0.608950 0.151427 0.617985 0.149035 0.633929 0.146245 0.641901 0.139868 0.636586 0.123924 0.645089 0.116350 0.648810 0.110371 0.637117
1 0.146644 0.648810 0.154217 0.652530 0.160595 0.661033 0.161790 0.675383 0.159798 0.691858 0.154616 0.701424 0.148238 0.708333 0.148637 0.684418 0.146644 0.667942
1 0.152623 0.642432 0.155812 0.620111 0.163385 0.617985 0.178532 0.633929 0.191685 0.652530 0.202049 0.659970 0.212412 0.654656 0.214804 0.659439 0.213608 0.671131 0.203245 0.676446 0.191685 0.679634 0.180126 0.661565 0.164182 0.656250 0.158203 0.648278
0 0.206832 0.623299 0.206433 0.609481 0.212014 0.604698 0.219188 0.613733 0.217993 0.627020
1 0.209622 0.638180 0.218391 0.633397 0.223573 0.616922 0.231944 0.606293 0.237524 0.598852 0.239517 0.585034 0.249880 0.584503 0.258251 0.602572 0.270209 0.632334 0.261041 0.639243 0.249083 0.649872 0.246692 0.670068 0.246293 0.684949 0.233937 0.687606 0.223174 0.679103 0.216797 0.671131 0.218790 0.661033 0.216797 0.649872
1 0.206832 0.478210 0.213210 0.464923 0.218391 0.460140 0.231944 0.460140 0.238720 0.470770 0.242307 0.500531 0.243104 0.509566 0.229552 0.509566 0.216398 0.502657 0.209622 0.495217
1 0.210818 0.541454 0.206433 0.527105 0.214007 0.512755 0.231146 0.513287 0.246293 0.517538 0.251873 0.532419 0.255062 0.549426 0.253468 0.568027 0.252671 0.575468 0.239517 0.578125 0.225167 0.561650 0.216000 0.551020
1 0.241908 0.459077 0.253468 0.455889 0.270607 0.458546 0.279377 0.459077 0.292132 0.471832 0.299306 0.481930 0.289740 0.488308 0.257055 0.497343 0.247887 0.501594 0.244699 0.481399 0.240713 0.465455
1 0.246692 0.509035 0.279377 0.500000 0.290936 0.492560 0.302894 0.489902 0.313257 0.500000 0.313257 0.514349 0.310866 0.532419 0.307278 0.544111 0.298111 0.554209 0.286551 0.563776 0.274992 0.571747 0.267020 0.576531 0.257454 0.575468 0.260244 0.558461 0.258251 0.544111 0.254265 0.530825 0.251475 0.521259
1 0.306083 0.485119 0.310069 0.473427 0.312062 0.466518 0.323621 0.470770 0.331991 0.480336 0.333984 0.486713 0.326411 0.488308 0.320831 0.491497 0.316845 0.495217 0.308873 0.493091
1 0.288544 0.624894 0.314852 0.637649 0.327208 0.637649 0.329998 0.629677 0.329998 0.605761 0.331194 0.589286 0.325215 0.587160 0.314453 0.589286 0.306880 0.597789 0.296915 0.608950 0.291335 0.617453
1 0.480805 0.001302 0.487204 0.010327 0.489898 0.018858 0.494612 0.018409 0.497643 0.005388 0.497980 0.001302 0.489898 0.001302
1 0.502020 0.004041 0.498990 0.016164 0.499663 0.020654 0.511113 0.026042 0.517174 0.031430 0.521552 0.024246 0.531317 0.019756 0.539736 0.015266 0.543777 0.011225 0.545797 0.003143 0.531991 0.001796 0.513807 0.001347
1 0.485857 0.029185 0.497980 0.022899 0.509429 0.029185 0.520541 0.037267 0.529297 0.052532 0.539736 0.064655 0.550512 0.068247 0.549165 0.093840 0.542767 0.099228 0.526940 0.101473 0.508419 0.110004 0.494612 0.119432 0.488551 0.114943 0.486530 0.105514 0.489224 0.082615 0.493602 0.066900 0.498316 0.051634 0.493602 0.038614
1 0.368669 0.200700 0.381466 0.179149 0.388537 0.171067 0.399313 0.169720 0.413793 0.170169 0.422212 0.184986 0.419855 0.197557 0.413793 0.213272 0.410762 0.228089 0.400323 0.233926 0.392578 0.240661 0.387527 0.244702 0.381802 0.242457 0.383149 0.227640 0.381466 0.219558 0.375404 0.215966 0.372037 0.212823
1 0.366312 0.278376 0.382812 0.284662 0.386853 0.283764 0.385170 0.274335 0.386180 0.255029 0.389211 0.248743 0.382139 0.248743 0.376751 0.257274 0.370690 0.265805
1 0.355199 0.294989 0.371026 0.296785 0.376414 0.302622 0.378098 0.316990 0.364628 0.331807 0.351495 0.334950 0.358904 0.339440 0.372037 0.340338 0.375067 0.339440 0.383486 0.322378 0.385843 0.314296 0.384159 0.295438 0.384496 0.289152 0.374057 0.285111 0.365302 0.281968 0.359240 0.285560
1 0.293575 0.294540 0.302667 0.288254 0.316137 0.288703 0.334658 0.290499 0.341730 0.293193 0.347117 0.300826 0.345770 0.314296 0.330280 0.318337 0.325229 0.324174 0.327249 0.332705 0.327249 0.337644 0.323882 0.354705 0.324219 0.364134 0.321525 0.364134 0.313780 0.349318 0.308392 0.344379 0.302667 0.320133 0.296606 0.308010
1 0.319504 0.370869 0.325902 0.369073 0.340719 0.377604 0.357220 0.383441 0.364628 0.388380 0.370353 0.413075 0.373720 0.426096 0.374057 0.433279 0.360924 0.440014 0.351158 0.445851 0.339372 0.459321 0.331964 0.465607 0.318157 0.462913 0.313443 0.462015 0.311422 0.447647 0.313780 0.420259 0.318157 0.402748 0.319168 0.387482
1 0.412783 0.439565 0.420528 0.427892 0.429620 0.425647 0.449151 0.424749 0.468346 0.424300 0.473397 0.428341 0.481479 0.440463 0.483836 0.448096 0.474071 0.463811 0.467336 0.478179 0.462621 0.487608 0.455213 0.497037 0.448478 0.499731 0.436355 0.494343 0.427263 0.488057 0.417497 0.480424 0.411773 0.459321
1 0.422212 0.386584 0.426926 0.383890 0.441070 0.385686 0.454876 0.387033 0.464642 0.391972 0.471040 0.404095 0.471713 0.411279 0.469693 0.419810 0.457233 0.421606 0.443090 0.420708 0.427263 0.420708 0.428273 0.407238 0.425579 0.394217
1 0.372710 0.473689 0.375067 0.458872 0.376078 0.448994 0.374731 0.441361 0.383486 0.439565 0.389884 0.445851 0.394935 0.456627 0.396956 0.466954 0.397966 0.476832 0.399987 0.480424 0.401334 0.486710 0.396282 0.495690 0.391568 0.502874 0.383823 0.501976 0.384159 0.495241 0.379108 0.484016
1 0.371026 0.544181 0.380455 0.548671 0.388537 0.547773 0.398303 0.533854 0.399650 0.527119 0.394935 0.510057 0.386853 0.507812 0.382812 0.508710 0.377425 0.514098 0.372373 0.520384 0.368332 0.528466 0.367659 0.532058
1 0.363618 0.571121 0.378435 0.571570 0.384496 0.562590 0.380792 0.552712 0.369343 0.548222 0.364291 0.548671 0.362271 0.557651
1 0.178071 0.786638 0.178745 0.772719 0.185816 0.766433 0.196929 0.765086 0.207031 0.762392 0.213093 0.748473 0.218817 0.737249 0.229256 0.725126 0.237002 0.717493 0.247104 0.705819 0.244073 0.721983 0.241716 0.736351 0.244410 0.749820 0.245757 0.761943 0.240706 0.772270 0.233634 0.782597 0.227573 0.791577 0.225552 0.800108 0.225552 0.807741 0.228583 0.815823 0.225552 0.821210 0.218817 0.823904 0.210062 0.823006 0.207031 0.821659 0.198276 0.810435 0.190867 0.799659 0.182112 0.789332
1 0.183122 0.865661 0.202317 0.865661 0.217470 0.862518 0.221511 0.857579 0.215450 0.835578 0.214440 0.827047 0.205684 0.826598 0.195582 0.833333 0.190531 0.845456 0.185143 0.853538 0.185143 0.861171
1 0.219828 0.830639 0.229593 0.823455 0.230603 0.833333 0.225889 0.839170
1 0.226226 0.857130 0.236665 0.859375 0.243063 0.853987 0.239696 0.841415 0.234308 0.837374 0.226226 0.846354
1 0.233297 0.805945 0.243400 0.803700 0.247777 0.804598 0.250808 0.792924 0.259227 0.783495 0.262931 0.780352 0.251482 0.772719 0.242726 0.779903 0.236328 0.788883 0.233971 0.796516 0.232961 0.801455
1 0.254849 0.700880 0.279095 0.697737 0.289871 0.693696 0.300983 0.688757 0.311759 0.693247 0.317147 0.699533 0.314116 0.704921 0.304688 0.715248 0.299636 0.721983 0.295259 0.730963 0.292901 0.743534 0.290544 0.749820 0.279768 0.761943 0.278421 0.771372 0.281452 0.779903 0.270676 0.780352 0.264615 0.777209 0.252155 0.767331 0.248788 0.755657 0.246094 0.733657 0.251145 0.717942
0 0.287177 0.630388 0.304351 0.647899 0.313106 0.658226 0.318831 0.647001 0.320851 0.642062 0.308392 0.638470 0.298289 0.634429 0.291218 0.630388
1 0.307381 0.686512 0.315800 0.693247 0.326913 0.692798 0.336005 0.686063 0.338699 0.675287 0.341056 0.669001 0.340046 0.662716 0.332637 0.655083 0.330954 0.642960 0.326239 0.643409 0.322535 0.654634 0.319841 0.665858 0.314453 0.677083 0.309402 0.682471
1 0.319841 0.702227 0.337015 0.695043 0.346444 0.695043 0.350822 0.700880 0.353852 0.713901 0.358230 0.724228 0.361261 0.730065 0.359577 0.741739 0.349475 0.744432 0.334321 0.745330 0.324555 0.744432 0.319168 0.744432 0.316810 0.729167 0.319504 0.714350
1 0.315800 0.762392 0.315800 0.751167 0.324219 0.748473 0.341056 0.748024 0.357893 0.747126 0.355873 0.759249 0.347791 0.763739 0.339709 0.767780 0.330954 0.763290 0.323545 0.761494
1 0.367322 0.736800 0.381129 0.734555 0.388537 0.731412 0.384159 0.724228 0.376751 0.723330 0.368669 0.724228 0.367996 0.731412
1 0.444774 0.753412 0.452182 0.762841 0.459591 0.763739 0.463295 0.761494 0.458917 0.753412 0.453529 0.743983 0.446794 0.746228
1 0.420865 0.167475 0.430967 0.167924 0.432314 0.181843 0.431641 0.188578 0.428947 0.187231 0.424906 0.178700 0.420865 0.171965
1 0.435345 0.168373 0.445784 0.156250 0.447131 0.156250 0.450835 0.156699 0.458580 0.165679 0.463295 0.175108 0.458244 0.184537 0.452182 0.191272 0.440733 0.190374 0.436692 0.185884 0.436018 0.173312
1 0.456223 0.154903 0.470030 0.149964 0.489224 0.149515 0.506398 0.146821 0.505725 0.156699 0.501684 0.163883 0.483836 0.167924 0.466325 0.172863 0.461274 0.162087
1 0.514817 0.157148 0.518184 0.145923 0.524582 0.141433 0.537379 0.150413 0.536369 0.167026 0.524582 0.169720 0.514817 0.165230
1 0.524582 0.135147 0.531654 0.124371 0.540746 0.120779 0.555226 0.119432 0.560614 0.118534 0.553206 0.134698 0.541083 0.148617 0.529297 0.140984
1 0.543103 0.171516 0.544114 0.152209 0.558930 0.134698 0.568696 0.121677 0.598330 0.094289 0.603381 0.091146 0.622239 0.102371 0.627290 0.122126 0.624596 0.137392 0.616514 0.160291 0.603381 0.176006 0.594626 0.181843 0.574084 0.189027 0.552196 0.188129 0.545461 0.184986 0.542430 0.176006
1 0.451845 0.201598 0.457907 0.187231 0.468009 0.177802 0.480132 0.175557 0.479122 0.187680 0.481479 0.197557 0.469693 0.204741 0.464305 0.211925 0.457233 0.211925 0.453529 0.205639
1 0.415477 0.229885 0.419855 0.212823 0.426589 0.196210 0.439386 0.193068 0.449151 0.203843 0.450498 0.217762 0.449825 0.230334 0.445110 0.238416 0.435682 0.240212 0.425916 0.234824
0 0.405374 0.276580 0.413456 0.256825 0.420865 0.248743 0.421875 0.238416 0.432651 0.243355 0.436355 0.248743 0.429957 0.271193 0.426926 0.281519 0.416150 0.281968
1 0.432651 0.278376 0.442753 0.248294 0.452856 0.237069 0.464642 0.248294 0.470366 0.261764 0.468346 0.277029 0.468009 0.288703 0.465315 0.304867 0.454876 0.308459 0.441743 0.305316 0.435008 0.290499 0.433324 0.284662
1 0.468346 0.310255 0.473060 0.294540 0.484173 0.297683 0.496296 0.305316 0.499663 0.317888 0.497643 0.325521 0.487540 0.325521 0.476091 0.321031
1 0.438039 0.346175 0.444437 0.333154 0.448141 0.321031 0.465652 0.323276 0.473060 0.324623 0.479459 0.328215 0.482489 0.340338 0.484173 0.352460 0.473397 0.361440 0.460601 0.360542 0.447804 0.352460
1 0.389547 0.317439 0.388537 0.297683 0.390558 0.287805 0.402007 0.279723 0.409752 0.284213 0.418508 0.286458 0.426589 0.286009 0.430967 0.292744 0.438712 0.302622 0.441070 0.315194 0.437365 0.333603 0.430630 0.336297 0.411773 0.325521 0.397293 0.321929
1 0.249461 0.852191 0.277748 0.859824 0.293912 0.860722 0.303004 0.858926 0.300983 0.830190 0.297953 0.808639 0.291891 0.788883 0.275391 0.786638 0.264278 0.789781 0.253839 0.799210 0.257543 0.810435 0.256196 0.826149 0.256533 0.835578 0.252492 0.848150
1 0.179418 0.888560 0.182449 0.875090 0.193561 0.870600 0.210399 0.872396 0.220838 0.872396 0.223869 0.880927 0.215787 0.902029 0.206021 0.916846 0.200970 0.926275 0.192551 0.915499 0.185816 0.902927
1 0.165275 0.982399 0.175714 0.979705 0.183796 0.987787 0.184469 0.995869 0.179014 0.998698 0.168305 0.998698 0.165275 0.997216 0.164601 0.990032
1 0.182786 0.979705 0.186490 0.957705 0.189520 0.957705 0.194235 0.974318 0.200970 0.978358 0.209388 0.967134 0.229256 0.944684 0.233297 0.951419 0.231277 0.976562 0.227909 0.991828 0.231614 0.995420 0.229256 0.998114 0.211746 0.996767 0.197602 0.998114 0.191204 0.998563 0.187163 0.986889
1 0.237675 0.997665 0.237338 0.990481 0.246094 0.981950 0.254176 0.977909 0.264615 0.981052 0.276401 0.977460 0.295932 0.959501 0.299300 0.965787 0.292228 0.975665 0.283136 0.983746 0.280442 0.991828 0.279768 0.998114 0.271597 0.998698 0.247441 0.998698
1 0.229930 0.880927 0.235655 0.863865 0.247777 0.858926 0.266972 0.864763 0.284146 0.872845 0.286166 0.893050 0.285493 0.924928 0.280779 0.927622 0.260574 0.919091 0.253165 0.912356 0.242053 0.900682 0.235318 0.893499
1 0.293238 0.924030 0.290207 0.894397 0.291554 0.874641 0.304688 0.870600 0.320515 0.884070 0.325229 0.887213 0.308055 0.910111 0.298289 0.928071 0.294248 0.931214
1 0.307381 0.863416 0.302330 0.814925 0.302330 0.804149 0.324219 0.824802 0.336342 0.833782 0.336678 0.852640 0.337689 0.869253 0.336005 0.879131 0.328933 0.881825 0.317147 0.879131 0.312096 0.870151
1 0.337015 0.886315 0.347117 0.883172 0.361934 0.882274 0.368332 0.890805 0.368669 0.901580 0.361261 0.907866 0.349475 0.911009 0.341393 0.901131
1 0.340383 0.856681 0.355873 0.849946 0.360924 0.842313 0.375741 0.845007 0.385506 0.849946 0.371700 0.865212 0.360251 0.876437 0.348464 0.878233 0.340719 0.868355
1 0.388537 0.867457 0.387864 0.851742 0.397629 0.846803 0.405038 0.850844 0.410089 0.862518 0.408742 0.871049 0.395609 0.871947
1 0.415477 0.891703 0.415477 0.867906 0.423222 0.858926 0.436355 0.862518 0.441070 0.882274 0.438712 0.893948
1 0.374394 0.900682 0.386853 0.908764 0.392915 0.906968 0.394262 0.896642 0.390894 0.882723 0.376414 0.884519
1 0.357220 0.762392 0.360924 0.748922 0.365638 0.742636 0.371700 0.740392 0.380119 0.739045 0.395946 0.735902 0.405038 0.741739 0.419518 0.752514 0.421875 0.760596 0.424232 0.772719 0.416150 0.800557 0.405374 0.806394 0.390558 0.808639 0.372710 0.807741 0.364628 0.805047 0.369343 0.798761 0.368332 0.786189 0.362271 0.771821
1 0.411773 0.814925 0.421875 0.824802 0.432651 0.839170 0.438039 0.844558 0.443763 0.842313 0.449151 0.830190 0.454203 0.819415 0.453529 0.804149 0.449151 0.798761 0.430630 0.803251 0.418171 0.803700 0.413120 0.807292
1 0.421202 0.798761 0.437029 0.795618 0.445447 0.792026 0.450498 0.787536 0.454539 0.774515 0.454539 0.769576 0.445110 0.762392 0.438376 0.753861 0.431304 0.751167 0.426589 0.754310 0.428273 0.767780 0.427600 0.779454 0.422885 0.792475
0 0.412446 0.721983 0.420191 0.724228 0.425579 0.723779 0.432314 0.715697 0.436018 0.709411 0.436355 0.704023 0.426589 0.698635 0.418171 0.694594 0.414467 0.701329 0.413456 0.711656
1 0.451172 0.702227 0.457907 0.695492 0.473734 0.686512 0.485183 0.687859 0.491581 0.697288 0.489561 0.713901 0.483836 0.726024 0.480805 0.735902 0.471040 0.727371 0.460601 0.719289 0.453529 0.709411
1 0.338603 0.650400 0.333311 0.631799 0.348224 0.627309 0.364580 0.609349 0.363137 0.584975 0.369872 0.579844 0.384304 0.579844 0.394887 0.597804 0.398736 0.617046 0.392963 0.632440 0.375164 0.647835 0.362656 0.658739 0.357364 0.666436 0.347262 0.663870 0.342451 0.657456
1 0.388633 0.574713 0.389596 0.556111 0.399217 0.541359 0.406914 0.538152 0.419422 0.540076 0.431448 0.540076 0.442513 0.556111 0.445880 0.575995 0.432410 0.586258 0.415573 0.592672 0.401141 0.593955 0.392482 0.583693
1 0.398112 0.637587 0.403320 0.629774 0.418620 0.635417 0.416341 0.652344 0.417643 0.665365 0.407227 0.653212 0.404297 0.648003
1 0.407552 0.622396 0.407227 0.599392 0.431966 0.598090 0.449219 0.582465 0.462891 0.598090 0.472331 0.608507 0.463542 0.622396 0.454102 0.628906 0.441732 0.635417 0.426432 0.635851 0.416341 0.628038
1 0.423828 0.530382 0.425130 0.509549 0.432617 0.500000 0.440104 0.498698 0.446289 0.503038 0.447917 0.522569 0.450521 0.548177 0.453451 0.562066 0.448568 0.564670 0.443359 0.552951 0.436198 0.536024 0.426107 0.534288
1 0.450521 0.570747 0.455078 0.569010 0.464844 0.577257 0.471680 0.583767 0.474609 0.585503 0.472656 0.595920 0.468099 0.596354 0.454753 0.585938
1 0.470703 0.506076 0.474284 0.502170 0.482422 0.501736 0.491211 0.495226 0.501302 0.489149 0.509115 0.491753 0.508789 0.506944 0.506185 0.523872 0.504232 0.534288 0.501953 0.537760 0.488932 0.540799 0.483724 0.552083 0.475911 0.558160 0.472982 0.550347 0.471354 0.530816 0.472656 0.517795
1 0.516276 0.565538 0.526367 0.576389 0.534180 0.576389 0.541992 0.570747 0.541341 0.562066 0.533529 0.555990 0.523112 0.555556 0.520182 0.562066
1 0.470378 0.621094 0.481445 0.624566 0.486979 0.622396 0.478190 0.605035 0.477214 0.602431 0.476888 0.611979
1 0.430339 0.646267 0.457031 0.637587 0.450195 0.653646 0.444336 0.659722 0.436849 0.653646
1 0.360352 0.668837 0.366862 0.658420 0.375651 0.651476 0.385091 0.648438 0.387044 0.655382 0.388021 0.661458 0.377930 0.674913 0.369466 0.679253 0.365885 0.680556
1 0.341146 0.687500 0.341471 0.680122 0.345378 0.671441 0.352865 0.671007 0.359701 0.678385 0.360026 0.687066 0.355143 0.694878 0.346354 0.690538
1 0.482561 0.362723 0.487317 0.361455 0.497781 0.379633 0.504122 0.392316 0.501585 0.398235 0.491122 0.393584 0.490805 0.383015 0.488903 0.373715
1 0.500951 0.407535 0.509195 0.391048 0.517439 0.379633 0.532658 0.363569 0.537097 0.358496 0.541853 0.360609 0.545023 0.367796 0.545975 0.383861 0.548194 0.393584 0.555169 0.395275 0.562462 0.396966 0.570706 0.399926 0.575779 0.406690 0.577681 0.413876 0.574828 0.424445 0.563730 0.420218 0.557389 0.418950 0.554535 0.425714 0.549779 0.433746 0.543121 0.438819 0.537097 0.445583 0.530755 0.451924 0.513951 0.451924 0.509195 0.448120 0.506658 0.434591 0.501902 0.421486
1 0.574510 0.396966 0.576096 0.386397 0.584022 0.381324 0.587827 0.385129 0.591315 0.394430 0.579266 0.405844 0.576730 0.402039
1 0.488269 0.207150 0.483513 0.202077 0.483196 0.191085 0.483830 0.178402 0.488586 0.174175 0.499683 0.170793 0.506341 0.170793 0.510463 0.177557 0.512366 0.181362 0.508878 0.201231 0.506658 0.205459 0.498732 0.206304
1 0.517122 0.183475 0.524731 0.176711 0.529804 0.172061 0.534877 0.173752 0.538682 0.181362 0.540267 0.187280 0.534877 0.201654 0.534560 0.214336 0.533926 0.220255 0.528219 0.225751 0.523146 0.227442 0.519024 0.216027 0.513000 0.205459 0.512048 0.193621
1 0.538999 0.200808 0.543755 0.190662 0.556438 0.191508 0.576413 0.194890 0.583388 0.203768 0.590998 0.213914 0.581803 0.227865 0.573242 0.234206 0.565633 0.236742 0.554218 0.235897 0.543755 0.232092 0.537414 0.225751 0.537414 0.211377
1 0.579584 0.193621 0.585925 0.188548 0.593851 0.187703 0.598925 0.194044 0.606217 0.205881 0.597656 0.210532 0.592583 0.209686 0.585925 0.202077
1 0.614144 0.213068 0.618266 0.207572 0.629363 0.206727 0.638558 0.206727 0.644582 0.215605 0.646167 0.231669 0.647753 0.241815 0.645216 0.249848 0.637924 0.250271 0.628412 0.238433 0.618900 0.220678
1 0.500317 0.259994 0.511414 0.255344 0.517756 0.268026 0.521243 0.287050 0.511097 0.270986 0.506341 0.264644
1 0.472098 0.249002 0.482561 0.254921 0.497146 0.257457 0.487634 0.262530 0.480976 0.259994 0.473366 0.255766
1 0.512683 0.250693 0.519975 0.236320 0.525682 0.231247 0.538048 0.234629 0.543121 0.240970 0.550731 0.262108 0.554218 0.276904 0.559925 0.285359 0.565950 0.295928 0.571657 0.303960 0.574510 0.312838 0.571340 0.327635 0.566267 0.336512 0.550096 0.333553 0.536145 0.328480 0.527585 0.310724 0.523146 0.298042 0.524414 0.286205 0.521560 0.268449 0.516804 0.259148
1 0.507610 0.315797 0.520292 0.303115 0.525682 0.316220 0.531072 0.324675 0.520609 0.320871
1 0.478122 0.594815 0.480025 0.582555 0.489537 0.577060 0.500951 0.576214 0.507610 0.573678 0.513634 0.571141 0.519658 0.577060 0.527268 0.583824 0.531390 0.590165 0.529170 0.601579 0.525048 0.607498 0.510463 0.617221 0.501585 0.623985 0.495244 0.623563 0.489220 0.615953 0.483830 0.605384
1 0.512683 0.522947 0.514585 0.510264 0.522829 0.507728 0.529804 0.508996 0.538365 0.509842 0.544706 0.508573 0.548194 0.502232 0.558974 0.509419 0.559608 0.515760 0.556121 0.537744 0.550413 0.549581 0.546926 0.556767 0.536145 0.553385 0.525682 0.552963 0.519975 0.551272 0.517122 0.534361
1 0.551048 0.560149 0.563730 0.541126 0.568169 0.536898 0.582120 0.534784 0.594803 0.533093 0.600193 0.536475 0.601778 0.541548 0.597339 0.547044 0.590998 0.546621 0.583388 0.547467 0.580535 0.550426 0.580535 0.555076 0.573876 0.557613 0.571974 0.563532 0.568169 0.568605 0.564998 0.569873 0.556121 0.566491
1 0.536780 0.474753 0.539316 0.469257 0.541536 0.464184 0.540584 0.451924 0.540584 0.446429 0.547877 0.439665 0.553584 0.434169 0.563096 0.435014 0.573242 0.435437 0.577681 0.437551 0.582754 0.449388 0.583705 0.462916 0.582754 0.473908 0.578632 0.489127 0.574828 0.498427 0.565633 0.501809 0.556121 0.500964 0.548194 0.492509 0.542804 0.479826
1 0.581486 0.432478 0.578315 0.426136 0.581169 0.415145 0.583388 0.407535 0.593851 0.399503 0.607802 0.402885 0.619851 0.411763 0.625875 0.430364 0.625875 0.437973 0.620802 0.444738 0.601144 0.446006 0.588461 0.445160 0.583071 0.440510
1 0.603998 0.520411 0.602095 0.500964 0.603998 0.484054 0.610973 0.476021 0.616680 0.472217 0.623656 0.479403 0.632216 0.488704 0.641094 0.499696 0.636655 0.508996 0.618900 0.516606 0.610656 0.521679
1 0.622387 0.468412 0.623656 0.454884 0.626509 0.443892 0.631582 0.438819 0.641411 0.435437 0.649972 0.432055 0.654728 0.437973 0.660435 0.448120 0.665825 0.455729 0.673752 0.468412 0.678508 0.478135 0.680410 0.489127 0.676923 0.495468 0.664557 0.506882 0.654094 0.503500 0.645850 0.496736 0.633168 0.486167 0.625241 0.478135
1 0.590681 0.344122 0.586242 0.331439 0.598925 0.315375 0.607485 0.305651 0.622387 0.301847 0.629363 0.298887 0.636021 0.295928 0.644899 0.299310 0.656313 0.311147 0.659801 0.314529 0.654728 0.326366 0.651557 0.338626 0.651240 0.348350 0.651557 0.357227 0.650606 0.361455 0.641411 0.361455 0.626509 0.356805 0.618583 0.353423 0.610973 0.355114 0.598925 0.357650
1 0.637289 0.383861 0.640143 0.373715 0.644582 0.369487 0.653143 0.372869 0.652509 0.380056 0.648387 0.385129 0.643314 0.389357
1 0.590364 0.382593 0.603363 0.376251 0.610973 0.385129 0.622704 0.391048 0.631265 0.391471 0.639509 0.392739 0.644265 0.396121 0.648387 0.405844 0.648387 0.415568 0.649021 0.422332 0.649021 0.426559 0.638875 0.430787 0.630314 0.433746 0.626826 0.422332 0.623339 0.410494 0.616997 0.404153 0.610339 0.399926 0.598290 0.396544 0.594486 0.394007 0.591949 0.388934
1 0.369089 0.917360 0.367232 0.909438 0.372802 0.906468 0.380228 0.909438 0.386169 0.911914 0.384684 0.919835 0.381713 0.923301 0.374287 0.923796
1 0.293340 0.952016 0.293340 0.939639 0.306336 0.926766 0.314876 0.909933 0.323417 0.897061 0.327873 0.895081 0.335670 0.898546 0.342725 0.908943 0.343839 0.918845 0.340497 0.938154 0.334928 0.953996 0.330472 0.964393 0.323045 0.967364 0.310792 0.965878 0.304480 0.964888 0.298910 0.957957
1 0.304108 0.976275 0.315619 0.996574 0.317477 0.998698 0.338269 0.998059 0.343096 0.989148 0.343096 0.984692 0.337898 0.979246 0.333814 0.971324 0.324902 0.969839 0.313762 0.969839 0.308935 0.970334
1 0.345696 0.997069 0.349038 0.986672 0.359806 0.986177 0.370574 0.987167 0.377629 0.991623 0.377629 0.997069 0.362776 0.998554 0.352008 0.998554
1 0.383199 0.997069 0.388397 0.981226 0.389882 0.974790 0.399537 0.976770 0.402136 0.980236 0.405478 0.989643 0.409191 0.995584 0.393596 0.995089
1 0.394338 0.915379 0.405106 0.905478 0.423672 0.904487 0.441495 0.904487 0.448922 0.903497 0.459319 0.929242 0.463032 0.938154 0.457091 0.950036 0.451892 0.965878 0.450407 0.976770 0.437040 0.984197 0.429242 0.986672 0.415503 0.968849 0.409562 0.948055 0.406220 0.933698 0.401393 0.922311
1 0.451150 0.899537 0.458205 0.895081 0.469715 0.899042 0.480484 0.899537 0.488653 0.901517 0.492737 0.908943 0.493851 0.914884 0.483083 0.929737 0.477884 0.935678 0.470829 0.938154 0.467859 0.936173 0.462289 0.925281 0.456348 0.914389
1 0.448550 0.996574 0.445951 0.987662 0.453749 0.981721 0.458947 0.986177 0.461918 0.990633 0.460804 0.997069 0.454491 0.996574
1 0.455234 0.970829 0.461918 0.950531 0.469715 0.940629 0.481226 0.945580 0.485682 0.951521 0.483825 0.969344 0.486796 0.977266 0.489395 0.983702 0.473429 0.988157 0.465260 0.987662 0.458205 0.977266
1 0.444466 0.666350 0.451150 0.657933 0.457833 0.644071 0.462660 0.637140 0.478998 0.645556 0.491252 0.657438 0.487910 0.678727 0.480112 0.681698 0.466374 0.687144 0.451892 0.692590 0.447436 0.679222
1 0.492366 0.678727 0.494594 0.658428 0.512788 0.652982 0.524670 0.655953 0.537666 0.658923 0.543607 0.667835 0.543607 0.680707 0.541380 0.693580 0.535810 0.696550 0.521700 0.697540 0.510932 0.694570 0.498307 0.687639
1 0.483083 0.759426 0.487167 0.741108 0.494594 0.731702 0.507961 0.721800 0.520957 0.721305 0.533582 0.718334 0.537295 0.720810 0.542865 0.747049 0.534696 0.764872 0.524670 0.773784 0.515387 0.783686 0.507590 0.781705 0.497193 0.779230 0.488281 0.769823
1 0.517987 0.787151 0.536181 0.769328 0.536181 0.785171 0.539152 0.795073 0.534325 0.799529 0.527641 0.796063
1 0.539894 0.765863 0.545835 0.745069 0.553262 0.746554 0.562545 0.746059 0.571456 0.758931 0.569600 0.774774 0.562916 0.793093 0.558831 0.796558 0.543979 0.790122 0.540637 0.782201
1 0.563287 0.735662 0.568857 0.712393 0.576655 0.699521 0.582967 0.693085 0.595963 0.688134 0.607474 0.691104 0.619727 0.696055 0.625297 0.702491 0.629010 0.713383 0.628639 0.725265 0.622327 0.741603 0.611558 0.751010 0.596706 0.755466 0.580368 0.759922 0.575541 0.759426 0.567743 0.748039
1 0.626782 0.278695 0.631981 0.268298 0.639407 0.257407 0.640521 0.269784 0.640892 0.279190 0.640892 0.289092 0.636808 0.291073 0.632352 0.287607
1 0.644234 0.271764 0.644977 0.253941 0.651289 0.247505 0.669855 0.246019 0.683222 0.246019 0.690277 0.254436 0.690277 0.264338 0.686193 0.279190 0.684708 0.298004 0.676539 0.301965 0.665399 0.307906 0.662429 0.308896 0.647576 0.298004 0.644977 0.294043 0.643863 0.285131
1 0.665028 0.315827 0.672454 0.308896 0.679509 0.315827 0.684708 0.325729 0.685822 0.335631 0.685450 0.343057 0.679509 0.332660 0.672454 0.325234 0.669484 0.320283
1 0.687307 0.243544 0.693248 0.231662 0.705501 0.223740 0.720354 0.217799 0.726666 0.203937 0.729266 0.184628 0.731494 0.178687 0.738177 0.174727 0.742262 0.162845 0.750431 0.146507 0.760828 0.146012 0.769368 0.148487 0.777166 0.155418 0.782364 0.157399 0.784963 0.169281 0.783107 0.182648 0.769368 0.197501 0.760456 0.205917 0.755629 0.210373 0.754515 0.217304 0.746718 0.220275 0.740405 0.223740 0.730751 0.234632 0.723325 0.244039 0.717384 0.248990 0.704759 0.249980 0.695847 0.251961 0.692505 0.249980
1 0.476028 0.814381 0.480855 0.804480 0.489395 0.796063 0.499049 0.788637 0.506104 0.788142 0.516873 0.795073 0.528383 0.802994 0.534696 0.809430 0.535067 0.816857 0.533211 0.829729 0.534325 0.844087 0.539894 0.853988 0.532097 0.861910 0.522814 0.868841 0.511674 0.868841 0.506104 0.859434 0.499421 0.849038 0.491252 0.831709 0.482712 0.819827
1 0.491623 0.896566 0.494965 0.886664 0.500906 0.875772 0.502391 0.870821 0.508704 0.877258 0.510932 0.883694 0.504990 0.896071 0.503134 0.903002 0.498678 0.904487 0.494222 0.900527
1 0.507590 0.903992 0.510560 0.892605 0.516501 0.881218 0.523928 0.876763 0.538038 0.872307 0.549920 0.870326 0.557346 0.878743 0.559945 0.890130 0.559203 0.897061 0.543979 0.908943 0.536924 0.912409 0.533953 0.905973 0.532839 0.893596 0.522442 0.898546
1 0.539523 0.918845 0.546578 0.911914 0.556232 0.904487 0.563287 0.899537 0.568486 0.896566 0.577026 0.901022 0.582224 0.906963 0.580739 0.923796 0.577397 0.948550 0.577769 0.955977 0.568114 0.957957 0.563287 0.957462 0.552890 0.942609 0.548435 0.935678 0.543607 0.931222 0.541008 0.923796
1 0.483083 0.941124 0.490509 0.933203 0.506104 0.950036 0.516873 0.955977 0.526898 0.958947 0.533582 0.961423 0.545464 0.965383 0.550291 0.971324 0.547692 0.982216 0.539894 0.983207 0.524670 0.982712 0.515387 0.980731 0.509446 0.977266 0.506476 0.966869 0.499792 0.956472 0.490509 0.949541
1 0.548435 0.998554 0.551405 0.984197 0.556975 0.974295 0.568486 0.962908 0.575912 0.965878 0.580368 0.971324 0.587794 0.981721 0.595592 0.990633 0.598562 0.995584 0.598191 0.998554 0.577397 0.998554 0.558089 0.998554 0.552148 0.998059
1 0.584452 0.949045 0.587423 0.920825 0.589279 0.912409 0.598562 0.903992 0.608588 0.901022 0.613786 0.905478 0.620470 0.916865 0.620841 0.924291 0.616014 0.941124 0.613044 0.959442 0.607103 0.960928 0.591879 0.955977
1 0.584452 0.898546 0.589279 0.889635 0.596334 0.878743 0.605246 0.881218 0.608216 0.886169 0.607474 0.893596 0.599676 0.899537 0.589279 0.906963
1 0.616385 0.900527 0.621955 0.897061 0.629010 0.896566 0.638664 0.899537 0.643120 0.902507 0.643863 0.910429 0.641264 0.916370 0.632352 0.918350 0.626782 0.916370 0.620841 0.910429
1 0.536924 0.803489 0.542493 0.798538 0.552890 0.800024 0.559203 0.801509 0.556603 0.811906 0.554376 0.819827 0.546207 0.819332 0.541751 0.816857 0.538038 0.811906
1 0.582596 0.852998 0.588165 0.839136 0.591136 0.832700 0.602647 0.827749 0.607845 0.828244 0.608216 0.835670 0.606731 0.847057 0.604875 0.857949 0.604875 0.867356 0.604503 0.872307 0.596706 0.874782 0.590393 0.864385
1 0.565515 0.798538 0.570714 0.781705 0.573313 0.767348 0.583710 0.765863 0.596706 0.762397 0.605989 0.764377 0.611558 0.774774 0.612672 0.794083 0.608216 0.814381 0.603389 0.821808 0.597448 0.825768 0.587794 0.826759 0.571827 0.809926
1 0.614529 0.824778 0.612301 0.815372 0.614158 0.798538 0.614529 0.782201 0.614529 0.768338 0.616757 0.759426 0.622327 0.755466 0.633466 0.758436 0.650547 0.772299 0.658344 0.790122 0.663171 0.797548 0.661686 0.808440 0.649433 0.817352 0.636808 0.821808 0.623069 0.824283
1 0.659087 0.820322 0.665399 0.812896 0.668370 0.802499 0.668741 0.794578 0.678024 0.795568 0.681737 0.809926 0.683965 0.819332 0.679509 0.825768 0.673568 0.837155 0.662800 0.837651 0.660943 0.832205
1 0.683594 0.794578 0.690277 0.797053 0.691391 0.811906 0.691020 0.816362 0.687307 0.815372 0.683222 0.804480
1 0.546578 0.570798 0.545835 0.565352 0.549920 0.565352 0.563287 0.574263 0.561802 0.582185 0.558831 0.583670 0.553633 0.580204
1 0.563287 0.588126 0.567743 0.576244 0.578511 0.580699 0.586680 0.577729 0.598191 0.574263 0.605989 0.573768 0.612672 0.582185 0.618242 0.594067 0.625297 0.607929 0.630867 0.620307 0.629010 0.632684 0.624926 0.637140 0.618613 0.637140 0.618985 0.654468 0.606360 0.649022 0.597077 0.626743 0.591136 0.615851 0.582596 0.616841 0.572199 0.623277 0.569600 0.609910 0.563659 0.594067
1 0.626040 0.577729 0.633466 0.565352 0.640892 0.552479 0.648690 0.551489 0.660572 0.549509 0.667627 0.560401 0.668741 0.568322 0.665771 0.577729 0.661315 0.584660 0.647205 0.591096 0.640521 0.591096 0.633466 0.585155
1 0.662429 0.513862 0.675425 0.502971 0.681737 0.495544 0.694362 0.498020 0.702902 0.503961 0.699932 0.510892 0.695105 0.518318 0.690649 0.527725 0.689535 0.546538 0.686193 0.561886 0.680252 0.566342 0.673197 0.560401 0.666513 0.546043 0.664285 0.537627 0.666142 0.528220 0.663543 0.518813
1 0.680252 0.305925 0.693619 0.327709 0.698818 0.337116 0.715898 0.335631 0.737063 0.328204 0.751173 0.325729 0.755629 0.323748 0.757857 0.304440 0.752287 0.294043 0.740034 0.274735 0.723325 0.260872 0.718126 0.251961 0.706615 0.253941 0.699189 0.256911 0.694733 0.284636 0.691020 0.295033 0.688421 0.303945 0.683965 0.304935
1 0.726666 0.253941 0.729637 0.243049 0.738177 0.233147 0.743747 0.227701 0.749688 0.224731 0.755258 0.229682 0.763055 0.240574 0.767140 0.253446 0.766769 0.264338 0.764169 0.272754 0.758971 0.289092 0.755629 0.291073 0.751173 0.285627 0.740405 0.269784 0.732979 0.263843
1 0.558460 0.050459 0.565515 0.041548 0.567000 0.030656 0.567372 0.026200 0.575912 0.026695 0.587051 0.038082 0.594849 0.045013 0.602647 0.054420 0.603761 0.061351 0.596334 0.074719 0.587051 0.075214 0.572941 0.067788 0.565515 0.060361
1 0.602275 0.084125 0.607103 0.070263 0.609702 0.057886 0.614900 0.055410 0.617871 0.063827 0.618242 0.081650 0.611187 0.086601 0.605989 0.084621
1 0.627154 0.097493 0.644234 0.093532 0.652774 0.094027 0.658344 0.099473 0.659829 0.110860 0.658344 0.117296 0.646833 0.122742 0.632723 0.127198 0.629010 0.111850
1 0.639036 0.178687 0.637922 0.166805 0.643120 0.161359 0.650547 0.154923 0.656488 0.154428 0.663171 0.157399 0.666513 0.160369 0.665771 0.172746 0.662057 0.193045 0.659458 0.201462 0.647947 0.203442 0.652032 0.192550 0.647576 0.183143
1 0.574427 0.020754 0.576283 0.015308 0.584452 0.010357 0.596334 0.003921 0.600419 0.003921 0.607103 0.012338 0.614900 0.022239 0.616385 0.027190 0.609702 0.053430 0.600048 0.043528 0.593735 0.036102 0.586309 0.028180 0.581853 0.024715
1 0.613786 0.047489 0.619727 0.030161 0.625668 0.029666 0.625668 0.037587 0.620841 0.045509
1 0.604132 0.002436 0.615272 0.016298 0.621213 0.021744 0.630495 0.023725 0.634580 0.022239 0.640150 0.002436 0.625668 0.001446 0.613415 0.002436
1 0.645348 0.031151 0.645348 0.022239 0.657602 0.007882 0.661315 0.004911 0.669112 0.009367 0.672083 0.021249 0.672083 0.030656 0.665399 0.039072 0.659087 0.042043
1 0.678767 0.004416 0.684336 0.001302 0.698818 0.001302 0.716641 0.001302 0.722953 0.001302 0.720725 0.014813 0.718498 0.022734 0.709586 0.026695 0.699560 0.031646 0.693248 0.036102 0.684708 0.029666 0.678767 0.026695
1 0.620470 0.071253 0.619356 0.052935 0.630124 0.041548 0.639778 0.035607 0.650918 0.042538 0.656859 0.046994 0.660572 0.054915 0.661315 0.067292 0.657602 0.080165 0.655745 0.087096 0.640892 0.090562 0.626411 0.092047 0.620841 0.084621
1 0.662057 0.046499 0.669484 0.038082 0.675425 0.033626 0.681366 0.035112 0.684708 0.040558 0.681737 0.049964 0.675053 0.072243 0.671340 0.076699 0.663543 0.080165 0.665399 0.069273 0.663914 0.056896
1 0.659458 0.091057 0.661315 0.086106 0.669855 0.082640 0.675425 0.082145 0.679509 0.089076 0.687307 0.095017 0.689535 0.107890 0.687307 0.111850 0.672826 0.111850 0.665399 0.113336 0.663171 0.104919
1 0.691391 0.094522 0.700674 0.082640 0.706615 0.071253 0.709215 0.066797 0.720725 0.073234 0.729266 0.083630 0.740405 0.105909 0.744490 0.114821 0.744118 0.130664 0.741519 0.149972 0.736321 0.167795 0.727038 0.168291 0.715156 0.162845 0.701046 0.148487 0.699560 0.132644 0.700674 0.116306 0.692877 0.106404
1 0.758600 0.013328 0.763798 0.006397 0.768625 0.007882 0.771967 0.014813 0.771596 0.021249 0.764169 0.021744
1 0.740405 0.028676 0.744490 0.026695 0.752659 0.019269 0.755258 0.023725 0.750431 0.032636 0.747832 0.036102
1 0.749317 0.043528 0.754515 0.036597 0.759342 0.028180 0.774195 0.032636 0.781993 0.039072 0.787934 0.051450 0.789419 0.064322 0.784221 0.074719 0.777537 0.082145 0.763798 0.075709 0.753773 0.061846
1 0.773081 0.002931 0.776052 0.006892 0.785334 0.007882 0.793875 0.007387 0.800187 0.002436 0.785334 0.001302
1 0.775680 0.026695 0.777166 0.013328 0.789048 0.011843 0.800930 0.008872 0.807242 0.001302 0.818010 0.003426 0.823951 0.013823 0.826179 0.027685 0.832492 0.058876 0.834720 0.071253 0.829150 0.073729 0.823209 0.068778 0.809841 0.062837 0.796845 0.063332 0.793503 0.055905 0.790162 0.046004 0.785334 0.035112 0.781250 0.029666
1 0.826922 0.004416 0.832120 0.021744 0.834348 0.025210 0.842889 0.017288 0.848458 0.010357 0.859969 0.007387 0.867395 0.012338 0.875193 0.013328 0.881505 0.002436 0.858113 0.001302 0.836591 0.001302
0 0.833234 0.032636 0.842517 0.025705 0.849201 0.019269 0.854028 0.014813 0.862568 0.014813 0.866653 0.018279 0.866653 0.031151 0.877050 0.054915 0.885219 0.068283 0.885590 0.081650 0.876307 0.080660 0.864054 0.070263 0.855513 0.047984 0.846230 0.046499 0.840289 0.052935 0.836947 0.058876 0.833606 0.047984 0.833234 0.041053
1 0.841403 0.073729 0.838804 0.065312 0.844002 0.054915 0.850315 0.052935 0.857370 0.059866 0.864796 0.076699 0.870366 0.083630 0.863311 0.087591 0.856627 0.081650 0.845859 0.075709
0 0.824694 0.106404 0.825808 0.091552 0.830635 0.082145 0.836947 0.078679 0.848458 0.082145 0.858855 0.087591 0.845859 0.096503 0.837690 0.104919 0.832492 0.111355
1 0.780136 0.088581 0.785706 0.077194 0.790533 0.070758 0.795360 0.069768 0.804272 0.069768 0.813183 0.070263 0.818753 0.072243 0.823580 0.078679 0.821724 0.092047 0.821724 0.107890 0.825808 0.117296 0.829150 0.125218 0.829521 0.141556 0.827293 0.146012 0.805386 0.137100 0.792389 0.122247 0.781621 0.102444
1 0.835834 0.139080 0.834348 0.118782 0.845488 0.103434 0.856999 0.096008 0.867395 0.092047 0.877050 0.091057 0.886704 0.097493 0.895987 0.107395 0.893016 0.115811 0.884105 0.132644 0.875564 0.142051 0.864425 0.144031 0.850315 0.146507 0.841775 0.144526
1 0.804643 0.185124 0.816525 0.181163 0.830635 0.175717 0.838433 0.186114 0.845859 0.199481 0.851429 0.214829 0.855885 0.226711 0.853285 0.234137 0.833606 0.236118 0.820981 0.226216 0.814668 0.210373 0.811327 0.195520
1 0.682783 0.370646 0.692341 0.373402 0.695183 0.374435 0.694925 0.367546 0.693892 0.355145 0.696475 0.347222 0.693117 0.342744 0.690275 0.341366 0.688208 0.348256 0.683816 0.355834 0.683558 0.365823
1 0.679166 0.384080 0.684333 0.376502 0.688983 0.377535 0.695183 0.381669 0.702417 0.387869 0.705517 0.393381 0.705259 0.400615 0.706292 0.411637 0.707842 0.419216 0.703709 0.422660 0.698542 0.420938 0.694408 0.409226 0.686399 0.394759 0.682007 0.389592
1 0.678649 0.467441 0.687950 0.447462 0.693117 0.436439 0.696992 0.426794 0.706292 0.426450 0.710168 0.430583 0.722052 0.446773 0.730319 0.463307 0.724377 0.479497 0.716626 0.491898 0.708876 0.494654 0.700092 0.495343 0.686658 0.489831 0.682266 0.479153
1 0.712751 0.429205 0.725410 0.446429 0.731611 0.459518 0.735486 0.458485 0.744786 0.447806 0.752279 0.436095 0.744786 0.432305 0.740136 0.436784 0.734453 0.438850 0.723860 0.434372 0.716885 0.430239
1 0.728252 0.399237 0.743495 0.367546 0.753829 0.350322 0.754862 0.332410 0.757962 0.329310 0.764938 0.337577 0.772688 0.347911 0.777339 0.361001 0.779664 0.373402 0.783539 0.386147 0.784056 0.394414 0.774238 0.420938 0.765971 0.430928 0.754087 0.429550 0.746595 0.429550 0.740653 0.425761 0.734711 0.408193
1 0.757187 0.223559 0.757962 0.213914 0.766746 0.205302 0.780180 0.192901 0.786639 0.186701 0.791806 0.185323 0.792065 0.201513 0.792323 0.209436 0.789998 0.224937 0.784831 0.236304 0.781731 0.248016 0.775788 0.252149 0.772172 0.252838 0.768555 0.245260 0.761321 0.229759
1 0.784056 0.249049 0.790514 0.233548 0.793615 0.236304 0.796198 0.245949 0.799557 0.254905 0.795165 0.260417 0.787931 0.254216
1 0.759254 0.322765 0.761838 0.305886 0.773722 0.292797 0.781731 0.283840 0.788448 0.288318 0.799557 0.297964 0.806532 0.305197 0.796198 0.321732 0.787931 0.340677 0.785347 0.350667 0.779664 0.354112 0.771397 0.337922 0.765454 0.330688
1 0.834951 0.171889 0.838568 0.157077 0.841668 0.149843 0.850193 0.150187 0.856910 0.153977 0.856652 0.163966 0.850710 0.174300 0.845285 0.183601 0.837017 0.177745
1 0.846318 0.186012 0.853293 0.177056 0.858460 0.164999 0.859752 0.157077 0.871636 0.167411 0.878870 0.171544 0.888171 0.179467 0.892821 0.184979 0.890754 0.194279 0.881712 0.203580 0.876028 0.210813 0.868536 0.212880 0.856910 0.214258 0.851485 0.201857
0 0.860269 0.150532 0.866469 0.148810 0.873445 0.150532 0.880937 0.154321 0.888171 0.161555 0.897471 0.162933 0.903413 0.168100 0.903155 0.174989 0.900571 0.181189 0.894629 0.181189 0.884037 0.169822 0.870086 0.159488
0 0.889462 0.133309 0.892304 0.122975 0.905222 0.137098 0.918139 0.144331 0.930282 0.154321 0.926406 0.163622 0.923565 0.173611 0.921498 0.178434 0.916072 0.174645 0.909097 0.173956 0.904963 0.161555 0.903413 0.151221 0.897730 0.142954
1 0.878612 0.147432 0.883004 0.144331 0.885587 0.137098 0.891529 0.141576 0.898246 0.148810 0.901088 0.153632 0.898246 0.158455 0.890496 0.157421 0.885329 0.153977
0 0.862852 0.218392 0.873445 0.216669 0.880162 0.211847 0.885846 0.206335 0.889979 0.203924 0.895146 0.218736 0.900055 0.227348 0.901605 0.231137 0.897471 0.236993 0.891529 0.240438 0.886621 0.241815 0.881970 0.246982 0.877062 0.249049 0.868019 0.237682 0.861044 0.229759
1 0.893596 0.200824 0.895921 0.189112 0.900830 0.186012 0.906255 0.178089 0.909355 0.188768 0.912714 0.195657 0.917623 0.199102 0.918398 0.208402 0.916072 0.215292 0.910647 0.219425 0.907805 0.227003 0.902897 0.227348 0.895146 0.212191
0 0.910647 0.184290 0.910647 0.177745 0.914781 0.177745 0.918139 0.181189 0.919948 0.184979 0.918139 0.193590 0.913231 0.191179
1 0.807824 0.314153 0.814541 0.319320 0.811441 0.333099 0.807566 0.338955 0.798007 0.343778 0.793098 0.346533 0.799815 0.331032 0.803690 0.320698
1 0.783797 0.367201 0.791289 0.353423 0.800848 0.347567 0.810407 0.341366 0.819450 0.347911 0.827975 0.348945 0.832884 0.355834 0.838309 0.363068 0.846576 0.369957 0.845026 0.378913 0.837276 0.392003 0.835467 0.398548 0.838826 0.405093 0.840634 0.417838 0.842701 0.425072 0.833659 0.429550 0.825650 0.440228 0.818675 0.425761 0.810666 0.419560 0.807566 0.411293 0.800073 0.393381 0.795423 0.387869 0.789998 0.386836 0.787414 0.382013 0.785606 0.375813
1 0.814283 0.333444 0.817900 0.321387 0.823325 0.320009 0.829267 0.324143 0.832625 0.328965 0.831592 0.342400 0.829784 0.345155 0.820483 0.344466 0.814541 0.339988
1 0.832884 0.292108 0.839084 0.281085 0.848126 0.280740 0.852002 0.287630 0.849677 0.294174 0.846318 0.302097 0.841926 0.310020 0.838826 0.319320 0.836501 0.323799 0.830817 0.320009 0.826942 0.316909 0.831850 0.306231 0.833917 0.296586
1 0.860527 0.290041 0.865436 0.285907 0.875512 0.284874 0.880679 0.288318 0.879645 0.294519 0.871378 0.297275 0.864144 0.294519
1 0.863369 0.240093 0.866728 0.239749 0.872928 0.249394 0.876545 0.258350 0.876287 0.272129 0.873961 0.277984 0.865436 0.280740 0.858719 0.285907 0.853035 0.277984 0.860786 0.270406 0.866469 0.258005 0.866986 0.252149
1 0.879128 0.277640 0.887912 0.286941 0.899021 0.285218 0.912972 0.283151 0.916589 0.276262 0.911422 0.256283 0.905480 0.246294 0.900313 0.241815 0.889979 0.246294 0.881454 0.250427 0.880679 0.254216 0.879645 0.266617
1 0.832884 0.349633 0.835984 0.328965 0.846576 0.336888 0.861561 0.340677 0.871378 0.341366 0.881712 0.339644 0.888946 0.341711 0.899021 0.342055 0.897988 0.356178 0.895146 0.364446 0.891271 0.365134 0.884554 0.359967 0.875512 0.361345 0.864919 0.364446 0.856135 0.370301 0.850968 0.372024 0.842443 0.362723 0.835984 0.354456
1 0.726960 0.508088 0.739620 0.494998 0.746337 0.488109 0.756154 0.483975 0.779922 0.481220 0.787673 0.480531 0.796715 0.488798 0.804982 0.504643 0.808599 0.514977 0.803174 0.525656 0.791031 0.537368 0.782764 0.540812 0.765196 0.543913 0.751762 0.544946 0.739103 0.540468 0.732644 0.534268 0.729544 0.525311 0.727994 0.515322
1 0.747628 0.478464 0.757187 0.467441 0.765454 0.460896 0.768555 0.459518 0.771397 0.464341 0.777855 0.465374 0.788448 0.468474 0.789481 0.476397 0.776047 0.478464 0.761321 0.479153 0.755896 0.479842 0.750470 0.481220
1 0.770621 0.454696 0.774497 0.440228 0.781472 0.442639 0.788964 0.450907 0.794131 0.456418 0.788189 0.463996 0.775272 0.460207
1 0.793356 0.474675 0.792065 0.464685 0.797232 0.456763 0.806790 0.458829 0.813766 0.462618 0.820483 0.467785 0.823325 0.478464 0.821000 0.491554 0.817383 0.502921 0.812216 0.506366 0.806274 0.496376 0.800073 0.487076 0.795940 0.482942 0.792065 0.478808
1 0.645839 0.846010 0.651264 0.841876 0.662373 0.841532 0.671157 0.842910 0.676582 0.844287 0.680716 0.853588 0.678391 0.862200 0.675290 0.876667 0.675549 0.887346 0.671157 0.900091 0.665473 0.908014 0.660823 0.912836 0.652814 0.910080 0.648939 0.907325 0.646097 0.898024 0.650489 0.873567 0.653589 0.858410 0.652814 0.854621 0.647647 0.849454
1 0.667282 0.912147 0.676582 0.914214 0.680457 0.915936 0.690016 0.905602 0.700350 0.894924 0.703192 0.891135 0.702159 0.881145 0.697250 0.870811 0.690016 0.863233 0.684333 0.859788 0.681749 0.863577 0.678907 0.874256 0.677874 0.884934 0.676582 0.891479 0.672190 0.903191 0.669348 0.908014
1 0.701384 0.869778 0.710684 0.867367 0.721535 0.866678 0.725410 0.866678 0.728510 0.877012 0.726702 0.899402 0.721793 0.905947 0.718435 0.915592 0.716110 0.923170 0.713009 0.926615 0.707584 0.929026 0.701384 0.930060 0.702417 0.913181 0.701384 0.903536 0.704484 0.895613 0.705776 0.886312 0.702675 0.873911
1 0.680716 0.843254 0.680974 0.833609 0.683816 0.826031 0.687691 0.820519 0.692858 0.819141 0.696217 0.824308 0.697508 0.828442 0.696217 0.848076 0.694667 0.858755 0.692341 0.859099 0.686399 0.855310
1 0.615870 0.961750 0.624137 0.928337 0.634213 0.924204 0.639121 0.919726 0.647905 0.914559 0.655397 0.921103 0.662115 0.929371 0.665731 0.933849 0.669607 0.946594 0.675290 0.951416 0.664956 0.975529 0.659273 0.975874 0.647389 0.972773 0.636280 0.976562 0.627754 0.972084 0.621037 0.967606
1 0.700867 0.997230 0.715335 0.987930 0.721793 0.984141 0.732386 0.981729 0.748145 0.977940 0.754345 0.971051 0.758221 0.969673 0.760029 0.980352 0.762096 0.997575 0.714818 0.997919
1 0.695442 0.815008 0.693633 0.802607 0.693633 0.796751 0.702675 0.793995 0.712493 0.789862 0.719727 0.788139 0.726960 0.795718 0.733419 0.802262 0.734194 0.810874 0.733936 0.821897 0.731094 0.826031 0.718435 0.827409 0.705776 0.821208 0.699317 0.819486
1 0.690533 0.785728 0.694408 0.789862 0.702675 0.789173 0.713009 0.786073 0.721018 0.782972 0.724119 0.779872 0.716110 0.762649 0.712234 0.748181 0.705001 0.749215 0.696475 0.754382 0.692858 0.768505 0.693117 0.776083 0.692858 0.781594
1 0.715076 0.744048 0.721018 0.732336 0.727735 0.718902 0.731611 0.708912 0.739620 0.714079 0.751504 0.725446 0.761321 0.733369 0.763904 0.736469 0.758996 0.744048 0.752537 0.757137 0.750212 0.771260 0.749695 0.775739 0.736003 0.777805 0.726960 0.776427 0.719727 0.762993 0.715593 0.750592
1 0.725669 0.787106 0.729544 0.780906 0.739103 0.782283 0.746595 0.780906 0.752020 0.785728 0.754345 0.791584 0.753054 0.798473 0.745045 0.798129 0.737553 0.799851 0.729286 0.792962
1 0.755379 0.799851 0.761063 0.804329 0.764163 0.803985 0.763904 0.796062 0.760287 0.792273 0.757704 0.791240
1 0.763904 0.814319 0.764679 0.810530 0.770105 0.809496 0.776047 0.814663 0.774497 0.818452 0.773463 0.823964 0.766746 0.821553
1 0.752795 0.777805 0.760804 0.787106 0.765713 0.790551 0.773722 0.777116 0.781989 0.765749 0.786381 0.754382 0.788964 0.748526 0.787414 0.740947 0.778114 0.738192 0.770880 0.738536 0.766488 0.739570 0.760546 0.746803 0.756412 0.757482 0.753054 0.768505
1 0.770621 0.788484 0.783022 0.770227 0.792065 0.756104 0.798782 0.751281 0.808857 0.749215 0.815833 0.748870 0.823067 0.761615 0.829525 0.773327 0.832367 0.781939 0.830817 0.787450 0.823325 0.796751 0.819191 0.799507 0.810924 0.799162 0.805757 0.803296 0.804982 0.810530 0.804724 0.818452 0.801882 0.820864 0.794131 0.818108 0.783797 0.815352 0.779922 0.814663 0.773980 0.809841 0.771397 0.805018 0.770105 0.796407
1 0.807824 0.822586 0.813508 0.814319 0.822291 0.802607 0.832884 0.790551 0.836501 0.785728 0.852777 0.785728 0.860269 0.790206 0.863111 0.795373 0.861561 0.805018 0.858460 0.819486 0.858719 0.829820 0.857944 0.844287 0.861044 0.853243 0.863627 0.860477 0.861302 0.864955 0.850193 0.861855 0.837276 0.861511 0.831075 0.860133 0.819708 0.848076 0.809374 0.831542
1 0.861819 0.868744 0.866211 0.863233 0.874478 0.863922 0.878870 0.866678 0.880937 0.872534 0.878612 0.877701 0.870603 0.881834 0.866728 0.878045
1 0.668832 0.578015 0.672449 0.569748 0.682007 0.571814 0.684074 0.574570 0.678907 0.582493 0.674257 0.580082 0.672190 0.579737
1 0.687174 0.571470 0.693633 0.561136 0.705776 0.558036 0.715851 0.549080 0.725669 0.532201 0.734453 0.551835 0.740911 0.558036 0.749178 0.560791 0.755637 0.567336 0.759512 0.575259 0.762096 0.579393 0.761579 0.590071 0.765971 0.601783 0.761579 0.611772 0.746853 0.611772 0.724377 0.607294 0.716368 0.601783 0.706551 0.589727 0.695700 0.576292
1 0.765713 0.612461 0.776305 0.612806 0.788706 0.613495 0.794390 0.612806 0.800332 0.608672 0.802399 0.602472 0.802140 0.593860 0.799815 0.585593 0.796456 0.583182 0.792581 0.584560 0.786122 0.590071 0.775272 0.592482 0.768038 0.594549 0.768813 0.600750
1 0.736519 0.543568 0.749178 0.546668 0.760287 0.547702 0.771655 0.546324 0.777855 0.545979 0.779405 0.553558 0.775788 0.563547 0.769588 0.572159 0.763388 0.575604 0.759512 0.566992 0.753570 0.560447 0.742978 0.555280 0.737036 0.549080
1 0.631371 0.636230 0.634471 0.619695 0.649714 0.620384 0.662115 0.624518 0.667282 0.625896 0.666248 0.635885 0.657206 0.639330 0.651781 0.642086 0.649714 0.650008 0.646614 0.653797 0.639121 0.648630 0.634988 0.643119
1 0.669348 0.640708 0.673224 0.626929 0.686658 0.620040 0.703451 0.614528 0.714818 0.609706 0.740136 0.614528 0.749695 0.616251 0.756412 0.614528 0.763388 0.615906 0.765971 0.631063 0.769071 0.641052 0.754862 0.654142 0.744270 0.672399 0.733677 0.689966 0.730319 0.697889 0.721793 0.698578 0.715851 0.689622 0.708101 0.688589 0.700609 0.686522 0.697250 0.688589 0.692083 0.684799 0.687950 0.672743 0.679682 0.667921 0.675807 0.654831 0.672190 0.646908
1 0.733677 0.701334 0.748662 0.673432 0.762096 0.651042 0.770880 0.646219 0.783281 0.648975 0.797232 0.650353 0.803949 0.668609 0.810149 0.684799 0.808599 0.695133 0.801107 0.713046 0.799040 0.723380 0.790514 0.732336 0.786639 0.735091 0.768813 0.734403 0.759254 0.727513 0.745045 0.713390 0.736261 0.704090
1 0.800848 0.650008 0.811441 0.642774 0.823067 0.638641 0.830300 0.634852 0.836501 0.647253 0.840893 0.662065 0.844768 0.676188 0.838568 0.687211 0.831850 0.695478 0.823842 0.699956 0.812474 0.695133 0.812991 0.681355 0.804982 0.659653
1 0.788964 0.544946 0.798007 0.536334 0.807824 0.521867 0.814283 0.509466 0.824875 0.523589 0.835467 0.543913 0.839859 0.556313 0.837534 0.569403 0.830559 0.573192 0.823325 0.569403 0.817641 0.562514 0.811182 0.566303 0.795165 0.556313
1 0.805757 0.717179 0.812216 0.700989 0.818675 0.708912 0.819966 0.717179 0.817641 0.726824 0.810407 0.722346
1 0.819966 0.702367 0.825650 0.701678 0.832109 0.699267 0.835209 0.697200 0.842701 0.703401 0.849160 0.709257 0.837276 0.711323 0.826942 0.712357 0.822808 0.712701 0.822550 0.707190
1 0.837534 0.693756 0.844768 0.683077 0.851485 0.689277 0.855877 0.694789 0.852518 0.705812 0.845285 0.700989
1 0.855360 0.709945 0.860527 0.694444 0.867761 0.689277 0.871378 0.686177 0.870603 0.679288 0.882745 0.675843 0.886621 0.676877 0.887137 0.685144 0.894371 0.693067 0.898505 0.704778 0.896180 0.721657 0.894113 0.733025 0.884295 0.733714 0.871636 0.733369 0.858719 0.719935
1 0.851485 0.624862 0.870086 0.620040 0.876803 0.621418 0.881454 0.627618 0.883779 0.637263 0.887396 0.641052 0.891013 0.644152 0.891788 0.655864 0.887396 0.666198 0.886104 0.671021 0.876803 0.673432 0.869311 0.675154 0.868278 0.664476 0.862077 0.652075 0.855360 0.641741 0.853810 0.633474
1 0.888946 0.679288 0.888687 0.673088 0.893596 0.659998 0.896180 0.652764 0.904705 0.653108 0.909355 0.656898 0.909355 0.668954 0.908580 0.681355 0.907805 0.690655 0.900830 0.694789 0.897988 0.694444 0.894371 0.688933 0.891788 0.685144
1 0.903413 0.699956 0.911681 0.696856 0.919689 0.706501 0.924598 0.716146 0.928473 0.721313 0.928215 0.728202 0.920206 0.729924 0.909097 0.731302 0.900055 0.730958 0.900313 0.721657 0.901347 0.711668
1 0.888429 0.738536 0.895404 0.736469 0.902897 0.736814 0.901605 0.741981 0.895404 0.747148 0.892563 0.749559 0.889462 0.745425
1 0.817383 0.743359 0.819708 0.733714 0.823583 0.719590 0.834692 0.715457 0.846060 0.713046 0.850968 0.713390 0.854327 0.719246 0.862077 0.725446 0.869569 0.737503 0.871378 0.753004 0.869311 0.760238 0.864919 0.768505 0.863627 0.777461 0.858202 0.780906 0.840376 0.781594 0.834692 0.780906 0.828492 0.764716 0.823842 0.756104
1 0.892046 0.754726 0.897730 0.749904 0.904188 0.743359 0.910389 0.736125 0.919173 0.734403 0.925890 0.733714 0.925115 0.748870 0.923048 0.767816 0.917364 0.780217 0.912197 0.784695 0.901605 0.784350 0.897988 0.780561 0.894113 0.771260
1 0.895404 0.641397 0.894113 0.619006 0.895921 0.599027 0.900055 0.592138 0.908064 0.589038 0.920464 0.588693 0.928990 0.589727 0.936740 0.598683 0.941132 0.608672 0.941649 0.624173 0.939324 0.634507 0.934674 0.642774 0.925115 0.648286 0.912456 0.651042 0.905738 0.647941 0.898246 0.640363
1 0.829267 0.446773 0.836759 0.435406 0.845026 0.433339 0.851227 0.438161 0.864144 0.447462 0.877062 0.456418 0.886104 0.460896 0.880937 0.477431 0.875253 0.491209 0.863886 0.492932 0.853293 0.493620 0.848385 0.490176 0.843218 0.468130 0.835467 0.461930 0.831334 0.459174 0.829784 0.450562
1 0.845026 0.415082 0.852777 0.404059 0.857944 0.400615 0.873961 0.393036 0.888429 0.391658 0.899796 0.395103 0.917106 0.407504 0.922531 0.410604 0.922790 0.423694 0.918139 0.431272 0.907289 0.444706 0.902638 0.450562 0.894371 0.453662 0.886879 0.456763 0.868019 0.443673 0.853552 0.433339 0.848643 0.424038
1 0.884812 0.476397 0.891788 0.463652 0.900571 0.456418 0.911164 0.457451 0.920464 0.461930 0.928215 0.468130 0.931832 0.471230 0.931057 0.482253 0.929765 0.487420 0.914264 0.489487 0.903672 0.486042 0.894629 0.484320 0.888429 0.481564 0.887137 0.478808
1 0.845026 0.529101 0.847351 0.506710 0.853552 0.498787 0.867761 0.499821 0.873703 0.501543 0.871895 0.518078 0.870603 0.528412 0.854068 0.530134 0.848126 0.531512
1 0.877062 0.497065 0.884554 0.484664 0.897471 0.488453 0.910130 0.490176 0.923048 0.492587 0.934932 0.493276 0.941907 0.510499 0.940616 0.527378 0.937774 0.542190 0.939324 0.551835 0.935707 0.560447 0.931315 0.574570 0.926923 0.584560 0.904963 0.585593 0.890496 0.577326 0.874220 0.562514 0.876803 0.536679 0.878095 0.516700 0.878612 0.509121
1 0.933899 0.485353 0.935449 0.472952 0.943716 0.470541 0.953533 0.470541 0.958700 0.475364 0.956633 0.485353 0.954050 0.491554 0.948625 0.493276 0.943974 0.495687 0.937257 0.491209
1 0.942682 0.504643 0.948883 0.496376 0.958183 0.499476 0.963867 0.507055 0.968776 0.514633 0.967742 0.533579 0.968259 0.543913 0.964901 0.555280 0.963350 0.559758 0.953016 0.557347 0.946041 0.554247 0.942424 0.547702 0.941649 0.533923 0.943199 0.522211 0.943716 0.514633
1 0.932090 0.585937 0.936224 0.573537 0.940357 0.561136 0.946041 0.558725 0.953275 0.561136 0.961284 0.563547 0.966451 0.564236 0.958700 0.579048 0.955083 0.592482 0.951208 0.597649 0.945008 0.598683 0.939324 0.594894 0.934415 0.590416
1 0.781472 0.851521 0.791548 0.856688 0.800590 0.864266 0.796715 0.874600 0.789223 0.870811 0.783022 0.860822
1 0.727994 0.904225 0.731611 0.878734 0.734711 0.861855 0.744011 0.853932 0.753312 0.848421 0.761838 0.846699 0.770105 0.846354 0.780697 0.867367 0.784831 0.875978 0.780697 0.893546 0.776305 0.909047 0.773205 0.919726 0.765454 0.927648 0.757704 0.933849 0.745562 0.933160 0.736519 0.918692 0.731611 0.909392
1 0.744270 0.956239 0.741945 0.940738 0.748145 0.937293 0.756929 0.940394 0.760287 0.954861 0.756154 0.965884 0.749178 0.967262 0.746337 0.961750
1 0.761321 0.937293 0.773980 0.924204 0.781731 0.936260 0.787931 0.944183 0.793098 0.948316 0.802399 0.945561 0.807049 0.936260 0.816091 0.941771 0.823583 0.949350 0.824617 0.965195 0.823842 0.969673 0.812474 0.973807 0.792323 0.971396 0.778372 0.970707 0.767780 0.966573 0.764421 0.951416
1 0.820483 0.997230 0.825650 0.983452 0.826942 0.974840 0.833401 0.983107 0.837534 0.997230 0.828492 0.998264
1 0.827975 0.968295 0.829525 0.950383 0.843218 0.941771 0.848643 0.943149 0.850968 0.954517 0.856910 0.982074 0.862594 0.996542 0.855360 0.998264 0.843734 0.996886 0.839343 0.991719 0.837017 0.982763 0.831592 0.975874
1 0.798523 0.889412 0.800848 0.873911 0.804724 0.867711 0.816091 0.867022 0.827458 0.865644 0.844510 0.866678 0.856652 0.869089 0.864144 0.876667 0.865953 0.884245 0.863111 0.900780 0.857685 0.920070 0.848385 0.934882 0.833917 0.942805 0.825908 0.945561 0.817383 0.937638 0.809116 0.930060 0.803949 0.912147 0.801365 0.901813
1 0.876287 0.937293 0.880162 0.922481 0.887396 0.915247 0.893079 0.921448 0.893596 0.929026 0.899280 0.947972 0.914264 0.969673 0.911164 0.982418 0.901088 0.984141 0.887396 0.979663 0.884037 0.975185 0.882745 0.967606 0.879903 0.957272 0.876545 0.949005
1 0.891013 0.911803 0.903155 0.900091 0.923306 0.892857 0.927957 0.890790 0.935190 0.898369 0.944749 0.915592 0.949916 0.924548 0.953792 0.936260 0.959992 0.947283 0.962834 0.952794 0.959734 0.956239 0.950175 0.960028 0.936482 0.960373 0.927440 0.961062 0.916848 0.968295 0.903672 0.948316 0.899538 0.929371 0.896955 0.922481
1 0.885846 0.879767 0.893338 0.874945 0.897730 0.860477 0.908064 0.850488 0.914522 0.857377 0.919173 0.867367 0.918914 0.875978 0.916072 0.881490 0.904447 0.886657 0.894629 0.890101 0.888946 0.881145
1 0.920206 0.882523 0.920464 0.888035 0.926148 0.887346 0.928473 0.879423 0.932607 0.871845 0.939324 0.866678 0.939582 0.860133 0.933640 0.862200 0.924856 0.865644 0.923048 0.871500
1 0.908580 0.843943 0.912456 0.829131 0.920464 0.818108 0.926923 0.810530 0.934415 0.816730 0.938807 0.824308 0.934674 0.839809 0.931573 0.845321 0.923306 0.849110 0.916848 0.851177 0.911681 0.848421
1 0.918656 0.853932 0.927957 0.849454 0.934157 0.848765 0.936224 0.857722 0.928732 0.860477 0.922531 0.861855
1 0.936999 0.844632 0.942682 0.822586 0.949916 0.818797 0.961284 0.812252 0.966967 0.810874 0.977818 0.823619 0.986085 0.832576 0.980660 0.859099 0.970843 0.870467 0.958700 0.872878 0.952500 0.872878 0.947074 0.866333 0.943716 0.863922 0.940357 0.854966 0.937774 0.848421
1 0.872411 0.998608 0.882745 0.987930 0.886621 0.986208 0.903672 0.990341 0.908839 0.993786 0.909097 0.998264 0.893338 0.998264 0.881712 0.998608 0.875253 0.997919
1 0.913747 0.997230 0.913231 0.986208 0.916331 0.975874 0.919948 0.970362 0.925890 0.965195 0.939582 0.963817 0.960767 0.964162 0.967742 0.966573 0.974460 0.976907 0.974718 0.991030 0.973426 0.996197 0.959828 0.998698 0.936740 0.998698 0.921498 0.998698 0.916331 0.997919
1 0.979885 0.995508 0.979885 0.984830 0.982985 0.977251 0.990994 0.973118 0.992027 0.982763 0.997453 0.988274 0.997453 0.997919 0.986860 0.997919
1 0.989961 0.910425 0.986860 0.891824 0.991769 0.884934 0.994869 0.880456 0.998228 0.885279 0.998744 0.904569 0.999003 0.913525 0.991252 0.915592
1 0.923565 0.778494 0.932090 0.759893 0.935190 0.733369 0.936740 0.727513 0.946816 0.722002 0.964901 0.715801 0.968776 0.714424 0.980660 0.719935 0.989185 0.722002 0.991769 0.733025 0.992286 0.748526 0.988410 0.759549 0.987635 0.771260 0.990477 0.791584 0.989185 0.807429 0.983502 0.815697 0.976010 0.812941 0.968001 0.803985 0.964642 0.791240 0.959217 0.786073 0.961025 0.794340 0.962575 0.804329 0.953792 0.813630 0.943458 0.817419 0.935707 0.813974 0.926665 0.803985 0.925373 0.791584
1 0.985052 0.819830 0.990477 0.810185 0.997453 0.809152 0.999023 0.818460 0.999003 0.831542 0.990477 0.837054 0.988410 0.827753
1 0.996161 0.622795 0.990994 0.632785 0.989444 0.644152 0.990994 0.656209 0.994094 0.664476 0.997453 0.665165 0.999023 0.651290 0.998744 0.635541 0.998228 0.626929
1 0.945524 0.637263 0.946558 0.605572 0.957150 0.595583 0.962575 0.589038 0.973943 0.598338 0.981693 0.602816 0.985310 0.614873 0.990219 0.620040 0.988152 0.632096 0.986602 0.652075 0.986602 0.662065 0.983502 0.673088 0.978851 0.680321 0.974460 0.672743 0.967742 0.675843 0.961542 0.680321 0.951983 0.672054 0.944749 0.659653
1 0.963609 0.582837 0.966451 0.569748 0.970326 0.564925 0.977818 0.568025 0.986602 0.572159 0.991769 0.579048 0.990736 0.585937 0.985569 0.597649 0.982985 0.600750 0.976010 0.596271 0.966192 0.589038
1 0.902025 0.239583 0.907724 0.231477 0.915324 0.224384 0.924064 0.227424 0.927484 0.237050 0.933943 0.258836 0.938123 0.269982 0.931283 0.278089 0.923684 0.276569 0.919884 0.274542 0.916084 0.261369 0.911904 0.248196
1 0.926344 0.418936 0.931663 0.422483 0.935843 0.422483 0.938503 0.413363 0.943063 0.403230 0.949903 0.397657 0.955603 0.393604 0.955603 0.388538 0.951803 0.387018 0.945343 0.386004 0.936223 0.387524 0.931283 0.394617 0.928244 0.402724 0.925964 0.411337
0 0.942683 0.426536 0.953323 0.429069 0.959022 0.429576 0.957502 0.418430 0.953703 0.401204 0.947623 0.404244 0.944203 0.409310
0 0.908104 0.340406 0.906964 0.331286 0.913424 0.315074 0.919504 0.301901 0.926344 0.297341 0.930523 0.291261 0.931283 0.286195 0.937743 0.290755 0.937363 0.303928 0.947243 0.314060 0.955223 0.319127 0.963962 0.321154 0.971182 0.323180 0.979162 0.319634 0.983341 0.325207 0.977262 0.343446 0.974602 0.358139 0.975362 0.366245 0.971562 0.370805 0.964722 0.379925 0.955603 0.381951 0.953703 0.365232 0.948383 0.357125 0.924064 0.349526 0.914184 0.346486
1 0.959658 0.399538 0.969339 0.381017 0.982388 0.372037 0.994595 0.382139 0.998805 0.460152 0.995016 0.467448 0.988702 0.467448 0.975653 0.460152 0.965972 0.443314 0.964709 0.418620
1 0.960079 0.494388 0.963025 0.480357 0.973128 0.470815 0.982809 0.471377 0.987018 0.475305 0.987018 0.491581 0.982388 0.504490 0.978600 0.507296 0.970602 0.507296
1 0.991228 0.479234 0.997963 0.473622 0.998805 0.500000 0.989544 0.508980 0.991228 0.496633
1 0.943662 0.280554 0.947451 0.271013 0.958395 0.259227 0.971444 0.246318 0.979442 0.242951 0.987860 0.253053 0.993753 0.268207 0.992070 0.283922 0.984493 0.310861 0.980284 0.309177 0.979442 0.293463 0.973970 0.278870 0.966393 0.274942 0.957553 0.276064 0.948714 0.280554
1 0.926825 0.219940 0.930193 0.214327 0.940716 0.211521 0.955449 0.210399 0.969339 0.214889 0.973970 0.231726 0.975653 0.236777 0.964288 0.247441 0.945346 0.265401 0.936507 0.251931 0.931034 0.233410
1 0.985756 0.319280 0.992070 0.294024 0.997963 0.271574 0.999023 0.320604 0.992491 0.327137
1 0.979863 0.363057 0.982388 0.344536 0.987439 0.333872 0.997121 0.333872 0.997542 0.356322 0.992491 0.366424 0.985756 0.366424
1 0.923458 0.194123 0.927246 0.175602 0.935244 0.157081 0.943662 0.165499 0.957974 0.171112 0.972707 0.172234 0.976916 0.181214 0.970181 0.203103 0.955028 0.205909 0.940716 0.205909 0.932297 0.204786
0 0.988702 0.248563 0.997963 0.237338 0.999023 0.255253 0.999023 0.263156 0.993753 0.255859
1 0.972286 0.213766 0.977758 0.190755 0.981967 0.179530 0.986177 0.176163 0.993332 0.180092 0.997963 0.176724 0.998805 0.226675 0.994595 0.235093 0.986177 0.240145 0.980284 0.232287
0 0.939453 0.147540 0.937769 0.134631 0.940716 0.125651 0.950818 0.126774 0.967235 0.134070 0.979863 0.150907 0.981125 0.162132 0.968077 0.168305 0.950818 0.164377 0.943242 0.157642
1 0.897360 0.119477 0.904516 0.108814 0.921774 0.104324 0.930193 0.113304 0.934402 0.118916 0.931455 0.144733 0.931455 0.148101 0.916302 0.136315 0.904095 0.126212
1 0.929772 0.097589 0.947030 0.087487 0.954186 0.085242 0.965130 0.099273 0.974390 0.108253 0.979863 0.122284 0.974811 0.130702 0.958395 0.123967 0.941979 0.118355 0.935244 0.111059
1 0.888099 0.086925 0.894413 0.076262 0.906620 0.070649 0.912513 0.074578 0.921774 0.090854 0.920932 0.098150 0.900727 0.104324 0.891467 0.097589
1 0.871683 0.033046 0.872525 0.020137 0.886837 0.011719 0.895676 0.019015 0.910409 0.021821 0.914618 0.024627 0.908304 0.054373 0.904095 0.068404 0.892730 0.070088 0.883469 0.058302 0.876734 0.043710
0 0.896518 0.012280 0.897360 0.001616 0.910830 0.002178 0.912934 0.016770 0.903674 0.016770
1 0.915460 0.001302 0.937348 0.002739 0.942400 0.016770 0.922616 0.021260 0.917565 0.018454
1 0.909988 0.065037 0.917565 0.033046 0.921353 0.026311 0.938611 0.020699 0.943242 0.022382 0.955869 0.033607 0.961342 0.043148 0.960921 0.071772 0.949135 0.079068 0.939453 0.084119 0.931455 0.088609 0.923458 0.080190 0.918407 0.071210
1 0.945767 0.014525 0.944504 0.008351 0.949555 0.001302 0.963025 0.001302 0.971023 0.004984 0.981125 0.029679 0.981125 0.042026 0.977758 0.045393 0.969339 0.039220 0.965972 0.038658 0.957553 0.029117 0.949976 0.022382
0 0.976495 0.008351 0.984072 0.007229 0.992491 0.008351 0.999023 0.014500 0.999023 0.026872 0.991649 0.026311 0.984914 0.026311 0.979863 0.017331
1 0.965130 0.068404 0.964709 0.047638 0.968918 0.045955 0.974811 0.048761 0.976916 0.066721 0.971023 0.071772
1 0.960079 0.082997 0.968077 0.077384 0.979021 0.087487 0.972707 0.095905 0.966393 0.090293
0 0.976074 0.138560 0.987439 0.122284 0.998805 0.124529 0.998384 0.170550 0.988281 0.169428 0.987860 0.154274 0.981546 0.143611
1 0.981546 0.067843 0.979442 0.053251 0.985335 0.043148 0.985756 0.033607 0.999023 0.031999 0.998805 0.074017 0.989965 0.071772
1 0.983651 0.092538 0.985335 0.082435 0.997542 0.080752 0.998384 0.118355 0.992491 0.116110
